<?xml version="1.0" encoding="UTF-8"?>
<gpx creator="StravaGPX" version="1.1" xmlns="http://www.topografix.com/GPX/1/1" xmlns:xsi="http://www.w3.org/2001/XMLSchema-instance" xsi:schemaLocation="http://www.topografix.com/GPX/1/1 http://www.topografix.com/GPX/1/1/gpx.xsd">
 <metadata>
  <time>2020-08-08T07:55:19Z</time>
 </metadata>
 <trk>
  <name>Strong 4/10 for effort</name>
  <type>cycling</type>
  <trkseg>
   <trkpt lat="51.6213820" lon="-0.1031700">
    <ele>36.8</ele>
    <time>2020-08-08T07:55:19Z</time>
   </trkpt>
   <trkpt lat="51.6214510" lon="-0.1031670">
    <ele>36.9</ele>
    <time>2020-08-08T07:55:20Z</time>
   </trkpt>
   <trkpt lat="51.6215150" lon="-0.1031640">
    <ele>37.0</ele>
    <time>2020-08-08T07:55:21Z</time>
   </trkpt>
   <trkpt lat="51.6214970" lon="-0.1031600">
    <ele>37.1</ele>
    <time>2020-08-08T07:55:22Z</time>
   </trkpt>
   <trkpt lat="51.6214830" lon="-0.1031550">
    <ele>37.1</ele>
    <time>2020-08-08T07:55:24Z</time>
   </trkpt>
   <trkpt lat="51.6214690" lon="-0.1031510">
    <ele>37.2</ele>
    <time>2020-08-08T07:55:25Z</time>
   </trkpt>
   <trkpt lat="51.6214520" lon="-0.1031470">
    <ele>37.3</ele>
    <time>2020-08-08T07:55:26Z</time>
   </trkpt>
   <trkpt lat="51.6214450" lon="-0.1031420">
    <ele>37.3</ele>
    <time>2020-08-08T07:55:28Z</time>
   </trkpt>
   <trkpt lat="51.6214350" lon="-0.1031360">
    <ele>37.3</ele>
    <time>2020-08-08T07:55:29Z</time>
   </trkpt>
   <trkpt lat="51.6213730" lon="-0.1030920">
    <ele>37.6</ele>
    <time>2020-08-08T07:55:40Z</time>
   </trkpt>
   <trkpt lat="51.6213650" lon="-0.1030960">
    <ele>37.6</ele>
    <time>2020-08-08T07:55:41Z</time>
   </trkpt>
   <trkpt lat="51.6213570" lon="-0.1031300">
    <ele>37.7</ele>
    <time>2020-08-08T07:55:42Z</time>
   </trkpt>
   <trkpt lat="51.6213370" lon="-0.1031600">
    <ele>37.8</ele>
    <time>2020-08-08T07:55:43Z</time>
   </trkpt>
   <trkpt lat="51.6213450" lon="-0.1032550">
    <ele>38.0</ele>
    <time>2020-08-08T07:55:44Z</time>
   </trkpt>
   <trkpt lat="51.6214190" lon="-0.1035630">
    <ele>38.4</ele>
    <time>2020-08-08T07:55:46Z</time>
   </trkpt>
   <trkpt lat="51.6214950" lon="-0.1038760">
    <ele>38.6</ele>
    <time>2020-08-08T07:55:48Z</time>
   </trkpt>
   <trkpt lat="51.6215360" lon="-0.1040620">
    <ele>38.7</ele>
    <time>2020-08-08T07:55:50Z</time>
   </trkpt>
   <trkpt lat="51.6215710" lon="-0.1042220">
    <ele>39.0</ele>
    <time>2020-08-08T07:55:52Z</time>
   </trkpt>
   <trkpt lat="51.6215900" lon="-0.1043100">
    <ele>39.2</ele>
    <time>2020-08-08T07:55:53Z</time>
   </trkpt>
   <trkpt lat="51.6216110" lon="-0.1044080">
    <ele>39.5</ele>
    <time>2020-08-08T07:55:54Z</time>
   </trkpt>
   <trkpt lat="51.6216470" lon="-0.1045800">
    <ele>39.9</ele>
    <time>2020-08-08T07:55:56Z</time>
   </trkpt>
   <trkpt lat="51.6216860" lon="-0.1047560">
    <ele>40.2</ele>
    <time>2020-08-08T07:55:58Z</time>
   </trkpt>
   <trkpt lat="51.6217220" lon="-0.1049200">
    <ele>40.3</ele>
    <time>2020-08-08T07:56:00Z</time>
   </trkpt>
   <trkpt lat="51.6217520" lon="-0.1050820">
    <ele>41.0</ele>
    <time>2020-08-08T07:56:02Z</time>
   </trkpt>
   <trkpt lat="51.6217830" lon="-0.1052370">
    <ele>41.3</ele>
    <time>2020-08-08T07:56:04Z</time>
   </trkpt>
   <trkpt lat="51.6217950" lon="-0.1053130">
    <ele>41.4</ele>
    <time>2020-08-08T07:56:05Z</time>
   </trkpt>
   <trkpt lat="51.6218070" lon="-0.1053770">
    <ele>41.5</ele>
    <time>2020-08-08T07:56:06Z</time>
   </trkpt>
   <trkpt lat="51.6218350" lon="-0.1054670">
    <ele>41.5</ele>
    <time>2020-08-08T07:56:08Z</time>
   </trkpt>
   <trkpt lat="51.6218200" lon="-0.1055550">
    <ele>41.6</ele>
    <time>2020-08-08T07:56:10Z</time>
   </trkpt>
   <trkpt lat="51.6217990" lon="-0.1055890">
    <ele>41.5</ele>
    <time>2020-08-08T07:56:11Z</time>
   </trkpt>
   <trkpt lat="51.6216840" lon="-0.1056520">
    <ele>41.4</ele>
    <time>2020-08-08T07:56:13Z</time>
   </trkpt>
   <trkpt lat="51.6216130" lon="-0.1056840">
    <ele>41.3</ele>
    <time>2020-08-08T07:56:14Z</time>
   </trkpt>
   <trkpt lat="51.6215410" lon="-0.1057250">
    <ele>41.2</ele>
    <time>2020-08-08T07:56:15Z</time>
   </trkpt>
   <trkpt lat="51.6214660" lon="-0.1057710">
    <ele>41.1</ele>
    <time>2020-08-08T07:56:16Z</time>
   </trkpt>
   <trkpt lat="51.6213300" lon="-0.1058630">
    <ele>40.9</ele>
    <time>2020-08-08T07:56:18Z</time>
   </trkpt>
   <trkpt lat="51.6211870" lon="-0.1059480">
    <ele>40.7</ele>
    <time>2020-08-08T07:56:20Z</time>
   </trkpt>
   <trkpt lat="51.6210530" lon="-0.1060280">
    <ele>40.5</ele>
    <time>2020-08-08T07:56:22Z</time>
   </trkpt>
   <trkpt lat="51.6209090" lon="-0.1060940">
    <ele>40.3</ele>
    <time>2020-08-08T07:56:24Z</time>
   </trkpt>
   <trkpt lat="51.6207500" lon="-0.1061530">
    <ele>40.1</ele>
    <time>2020-08-08T07:56:26Z</time>
   </trkpt>
   <trkpt lat="51.6205980" lon="-0.1062340">
    <ele>39.8</ele>
    <time>2020-08-08T07:56:28Z</time>
   </trkpt>
   <trkpt lat="51.6205280" lon="-0.1062760">
    <ele>39.7</ele>
    <time>2020-08-08T07:56:29Z</time>
   </trkpt>
   <trkpt lat="51.6203790" lon="-0.1063680">
    <ele>39.5</ele>
    <time>2020-08-08T07:56:31Z</time>
   </trkpt>
   <trkpt lat="51.6202590" lon="-0.1064860">
    <ele>39.4</ele>
    <time>2020-08-08T07:56:33Z</time>
   </trkpt>
   <trkpt lat="51.6201280" lon="-0.1066030">
    <ele>39.1</ele>
    <time>2020-08-08T07:56:35Z</time>
   </trkpt>
   <trkpt lat="51.6200490" lon="-0.1066520">
    <ele>38.9</ele>
    <time>2020-08-08T07:56:36Z</time>
   </trkpt>
   <trkpt lat="51.6199650" lon="-0.1067030">
    <ele>38.6</ele>
    <time>2020-08-08T07:56:37Z</time>
   </trkpt>
   <trkpt lat="51.6198800" lon="-0.1067550">
    <ele>38.3</ele>
    <time>2020-08-08T07:56:38Z</time>
   </trkpt>
   <trkpt lat="51.6197950" lon="-0.1068090">
    <ele>38.0</ele>
    <time>2020-08-08T07:56:39Z</time>
   </trkpt>
   <trkpt lat="51.6197010" lon="-0.1068610">
    <ele>37.7</ele>
    <time>2020-08-08T07:56:40Z</time>
   </trkpt>
   <trkpt lat="51.6195140" lon="-0.1069780">
    <ele>37.1</ele>
    <time>2020-08-08T07:56:42Z</time>
   </trkpt>
   <trkpt lat="51.6193370" lon="-0.1070950">
    <ele>36.6</ele>
    <time>2020-08-08T07:56:44Z</time>
   </trkpt>
   <trkpt lat="51.6192430" lon="-0.1071560">
    <ele>36.4</ele>
    <time>2020-08-08T07:56:45Z</time>
   </trkpt>
   <trkpt lat="51.6190710" lon="-0.1073020">
    <ele>36.3</ele>
    <time>2020-08-08T07:56:47Z</time>
   </trkpt>
   <trkpt lat="51.6189900" lon="-0.1073810">
    <ele>36.2</ele>
    <time>2020-08-08T07:56:48Z</time>
   </trkpt>
   <trkpt lat="51.6189100" lon="-0.1074540">
    <ele>36.1</ele>
    <time>2020-08-08T07:56:49Z</time>
   </trkpt>
   <trkpt lat="51.6188300" lon="-0.1075200">
    <ele>36.0</ele>
    <time>2020-08-08T07:56:50Z</time>
   </trkpt>
   <trkpt lat="51.6186780" lon="-0.1076220">
    <ele>36.0</ele>
    <time>2020-08-08T07:56:52Z</time>
   </trkpt>
   <trkpt lat="51.6186250" lon="-0.1076590">
    <ele>36.0</ele>
    <time>2020-08-08T07:56:53Z</time>
   </trkpt>
   <trkpt lat="51.6185540" lon="-0.1077060">
    <ele>36.1</ele>
    <time>2020-08-08T07:56:55Z</time>
   </trkpt>
   <trkpt lat="51.6185080" lon="-0.1077330">
    <ele>36.1</ele>
    <time>2020-08-08T07:56:57Z</time>
   </trkpt>
   <trkpt lat="51.6184850" lon="-0.1077330">
    <ele>36.1</ele>
    <time>2020-08-08T07:56:58Z</time>
   </trkpt>
   <trkpt lat="51.6184750" lon="-0.1077320">
    <ele>36.1</ele>
    <time>2020-08-08T07:57:00Z</time>
   </trkpt>
   <trkpt lat="51.6184660" lon="-0.1077310">
    <ele>36.2</ele>
    <time>2020-08-08T07:57:01Z</time>
   </trkpt>
   <trkpt lat="51.6184560" lon="-0.1077310">
    <ele>36.2</ele>
    <time>2020-08-08T07:57:03Z</time>
   </trkpt>
   <trkpt lat="51.6184460" lon="-0.1077300">
    <ele>36.2</ele>
    <time>2020-08-08T07:57:05Z</time>
   </trkpt>
   <trkpt lat="51.6184360" lon="-0.1077290">
    <ele>36.2</ele>
    <time>2020-08-08T07:57:06Z</time>
   </trkpt>
   <trkpt lat="51.6183730" lon="-0.1077730">
    <ele>36.3</ele>
    <time>2020-08-08T07:57:08Z</time>
   </trkpt>
   <trkpt lat="51.6183310" lon="-0.1078160">
    <ele>36.3</ele>
    <time>2020-08-08T07:57:09Z</time>
   </trkpt>
   <trkpt lat="51.6182900" lon="-0.1078780">
    <ele>36.4</ele>
    <time>2020-08-08T07:57:10Z</time>
   </trkpt>
   <trkpt lat="51.6181770" lon="-0.1080180">
    <ele>36.5</ele>
    <time>2020-08-08T07:57:12Z</time>
   </trkpt>
   <trkpt lat="51.6180750" lon="-0.1081910">
    <ele>36.6</ele>
    <time>2020-08-08T07:57:14Z</time>
   </trkpt>
   <trkpt lat="51.6179660" lon="-0.1083760">
    <ele>36.8</ele>
    <time>2020-08-08T07:57:16Z</time>
   </trkpt>
   <trkpt lat="51.6179060" lon="-0.1084750">
    <ele>37.1</ele>
    <time>2020-08-08T07:57:17Z</time>
   </trkpt>
   <trkpt lat="51.6177860" lon="-0.1086710">
    <ele>37.7</ele>
    <time>2020-08-08T07:57:19Z</time>
   </trkpt>
   <trkpt lat="51.6176650" lon="-0.1088660">
    <ele>38.5</ele>
    <time>2020-08-08T07:57:21Z</time>
   </trkpt>
   <trkpt lat="51.6175330" lon="-0.1090290">
    <ele>38.6</ele>
    <time>2020-08-08T07:57:23Z</time>
   </trkpt>
   <trkpt lat="51.6173730" lon="-0.1091140">
    <ele>38.2</ele>
    <time>2020-08-08T07:57:25Z</time>
   </trkpt>
   <trkpt lat="51.6171990" lon="-0.1091160">
    <ele>38.0</ele>
    <time>2020-08-08T07:57:27Z</time>
   </trkpt>
   <trkpt lat="51.6171060" lon="-0.1091250">
    <ele>37.9</ele>
    <time>2020-08-08T07:57:28Z</time>
   </trkpt>
   <trkpt lat="51.6170150" lon="-0.1091450">
    <ele>37.8</ele>
    <time>2020-08-08T07:57:29Z</time>
   </trkpt>
   <trkpt lat="51.6168420" lon="-0.1091960">
    <ele>37.5</ele>
    <time>2020-08-08T07:57:31Z</time>
   </trkpt>
   <trkpt lat="51.6166710" lon="-0.1092570">
    <ele>37.1</ele>
    <time>2020-08-08T07:57:33Z</time>
   </trkpt>
   <trkpt lat="51.6165150" lon="-0.1093130">
    <ele>36.8</ele>
    <time>2020-08-08T07:57:35Z</time>
   </trkpt>
   <trkpt lat="51.6164390" lon="-0.1093330">
    <ele>36.7</ele>
    <time>2020-08-08T07:57:36Z</time>
   </trkpt>
   <trkpt lat="51.6163100" lon="-0.1093590">
    <ele>36.4</ele>
    <time>2020-08-08T07:57:38Z</time>
   </trkpt>
   <trkpt lat="51.6162620" lon="-0.1093700">
    <ele>36.4</ele>
    <time>2020-08-08T07:57:39Z</time>
   </trkpt>
   <trkpt lat="51.6162180" lon="-0.1093870">
    <ele>36.3</ele>
    <time>2020-08-08T07:57:40Z</time>
   </trkpt>
   <trkpt lat="51.6161320" lon="-0.1094210">
    <ele>36.1</ele>
    <time>2020-08-08T07:57:42Z</time>
   </trkpt>
   <trkpt lat="51.6160820" lon="-0.1094310">
    <ele>36.0</ele>
    <time>2020-08-08T07:57:43Z</time>
   </trkpt>
   <trkpt lat="51.6160290" lon="-0.1094450">
    <ele>35.9</ele>
    <time>2020-08-08T07:57:44Z</time>
   </trkpt>
   <trkpt lat="51.6159020" lon="-0.1094740">
    <ele>35.6</ele>
    <time>2020-08-08T07:57:46Z</time>
   </trkpt>
   <trkpt lat="51.6158290" lon="-0.1094810">
    <ele>35.5</ele>
    <time>2020-08-08T07:57:47Z</time>
   </trkpt>
   <trkpt lat="51.6156660" lon="-0.1094950">
    <ele>35.1</ele>
    <time>2020-08-08T07:57:49Z</time>
   </trkpt>
   <trkpt lat="51.6154840" lon="-0.1095050">
    <ele>34.1</ele>
    <time>2020-08-08T07:57:51Z</time>
   </trkpt>
   <trkpt lat="51.6153920" lon="-0.1095100">
    <ele>33.5</ele>
    <time>2020-08-08T07:57:52Z</time>
   </trkpt>
   <trkpt lat="51.6153010" lon="-0.1095210">
    <ele>32.9</ele>
    <time>2020-08-08T07:57:53Z</time>
   </trkpt>
   <trkpt lat="51.6152120" lon="-0.1095410">
    <ele>32.5</ele>
    <time>2020-08-08T07:57:54Z</time>
   </trkpt>
   <trkpt lat="51.6150350" lon="-0.1095860">
    <ele>31.7</ele>
    <time>2020-08-08T07:57:56Z</time>
   </trkpt>
   <trkpt lat="51.6148580" lon="-0.1096210">
    <ele>30.5</ele>
    <time>2020-08-08T07:57:58Z</time>
   </trkpt>
   <trkpt lat="51.6147720" lon="-0.1096280">
    <ele>30.0</ele>
    <time>2020-08-08T07:57:59Z</time>
   </trkpt>
   <trkpt lat="51.6146250" lon="-0.1096430">
    <ele>29.4</ele>
    <time>2020-08-08T07:58:01Z</time>
   </trkpt>
   <trkpt lat="51.6145650" lon="-0.1096400">
    <ele>29.3</ele>
    <time>2020-08-08T07:58:03Z</time>
   </trkpt>
   <trkpt lat="51.6145310" lon="-0.1096800">
    <ele>29.3</ele>
    <time>2020-08-08T07:58:05Z</time>
   </trkpt>
   <trkpt lat="51.6145340" lon="-0.1098200">
    <ele>29.2</ele>
    <time>2020-08-08T07:58:07Z</time>
   </trkpt>
   <trkpt lat="51.6145590" lon="-0.1100180">
    <ele>28.9</ele>
    <time>2020-08-08T07:58:09Z</time>
   </trkpt>
   <trkpt lat="51.6145730" lon="-0.1101280">
    <ele>28.7</ele>
    <time>2020-08-08T07:58:10Z</time>
   </trkpt>
   <trkpt lat="51.6145830" lon="-0.1102450">
    <ele>28.5</ele>
    <time>2020-08-08T07:58:11Z</time>
   </trkpt>
   <trkpt lat="51.6145830" lon="-0.1103680">
    <ele>28.2</ele>
    <time>2020-08-08T07:58:12Z</time>
   </trkpt>
   <trkpt lat="51.6145740" lon="-0.1106340">
    <ele>27.8</ele>
    <time>2020-08-08T07:58:14Z</time>
   </trkpt>
   <trkpt lat="51.6145710" lon="-0.1108890">
    <ele>27.6</ele>
    <time>2020-08-08T07:58:16Z</time>
   </trkpt>
   <trkpt lat="51.6145630" lon="-0.1110280">
    <ele>27.4</ele>
    <time>2020-08-08T07:58:17Z</time>
   </trkpt>
   <trkpt lat="51.6145440" lon="-0.1111670">
    <ele>27.3</ele>
    <time>2020-08-08T07:58:18Z</time>
   </trkpt>
   <trkpt lat="51.6145050" lon="-0.1112970">
    <ele>27.2</ele>
    <time>2020-08-08T07:58:19Z</time>
   </trkpt>
   <trkpt lat="51.6144260" lon="-0.1115180">
    <ele>27.0</ele>
    <time>2020-08-08T07:58:21Z</time>
   </trkpt>
   <trkpt lat="51.6142960" lon="-0.1116970">
    <ele>26.8</ele>
    <time>2020-08-08T07:58:23Z</time>
   </trkpt>
   <trkpt lat="51.6142320" lon="-0.1117810">
    <ele>26.7</ele>
    <time>2020-08-08T07:58:24Z</time>
   </trkpt>
   <trkpt lat="51.6141100" lon="-0.1119540">
    <ele>26.6</ele>
    <time>2020-08-08T07:58:26Z</time>
   </trkpt>
   <trkpt lat="51.6140470" lon="-0.1120420">
    <ele>26.6</ele>
    <time>2020-08-08T07:58:27Z</time>
   </trkpt>
   <trkpt lat="51.6139210" lon="-0.1122000">
    <ele>26.7</ele>
    <time>2020-08-08T07:58:29Z</time>
   </trkpt>
   <trkpt lat="51.6138620" lon="-0.1122690">
    <ele>26.7</ele>
    <time>2020-08-08T07:58:30Z</time>
   </trkpt>
   <trkpt lat="51.6138030" lon="-0.1123340">
    <ele>26.8</ele>
    <time>2020-08-08T07:58:31Z</time>
   </trkpt>
   <trkpt lat="51.6137440" lon="-0.1124020">
    <ele>26.8</ele>
    <time>2020-08-08T07:58:32Z</time>
   </trkpt>
   <trkpt lat="51.6136770" lon="-0.1124720">
    <ele>26.8</ele>
    <time>2020-08-08T07:58:33Z</time>
   </trkpt>
   <trkpt lat="51.6135480" lon="-0.1126170">
    <ele>27.0</ele>
    <time>2020-08-08T07:58:35Z</time>
   </trkpt>
   <trkpt lat="51.6134050" lon="-0.1127410">
    <ele>27.2</ele>
    <time>2020-08-08T07:58:37Z</time>
   </trkpt>
   <trkpt lat="51.6132610" lon="-0.1128730">
    <ele>27.6</ele>
    <time>2020-08-08T07:58:39Z</time>
   </trkpt>
   <trkpt lat="51.6131400" lon="-0.1130100">
    <ele>28.2</ele>
    <time>2020-08-08T07:58:41Z</time>
   </trkpt>
   <trkpt lat="51.6130830" lon="-0.1130830">
    <ele>28.6</ele>
    <time>2020-08-08T07:58:42Z</time>
   </trkpt>
   <trkpt lat="51.6130270" lon="-0.1131540">
    <ele>28.9</ele>
    <time>2020-08-08T07:58:43Z</time>
   </trkpt>
   <trkpt lat="51.6129120" lon="-0.1132780">
    <ele>29.6</ele>
    <time>2020-08-08T07:58:45Z</time>
   </trkpt>
   <trkpt lat="51.6128040" lon="-0.1133580">
    <ele>29.9</ele>
    <time>2020-08-08T07:58:47Z</time>
   </trkpt>
   <trkpt lat="51.6127550" lon="-0.1133780">
    <ele>29.9</ele>
    <time>2020-08-08T07:58:48Z</time>
   </trkpt>
   <trkpt lat="51.6126800" lon="-0.1134560">
    <ele>29.9</ele>
    <time>2020-08-08T07:58:50Z</time>
   </trkpt>
   <trkpt lat="51.6126490" lon="-0.1135120">
    <ele>30.0</ele>
    <time>2020-08-08T07:58:51Z</time>
   </trkpt>
   <trkpt lat="51.6126410" lon="-0.1136660">
    <ele>30.1</ele>
    <time>2020-08-08T07:58:53Z</time>
   </trkpt>
   <trkpt lat="51.6126590" lon="-0.1137510">
    <ele>30.2</ele>
    <time>2020-08-08T07:58:54Z</time>
   </trkpt>
   <trkpt lat="51.6126680" lon="-0.1138640">
    <ele>30.9</ele>
    <time>2020-08-08T07:58:56Z</time>
   </trkpt>
   <trkpt lat="51.6126500" lon="-0.1138640">
    <ele>31.2</ele>
    <time>2020-08-08T07:58:57Z</time>
   </trkpt>
   <trkpt lat="51.6126310" lon="-0.1138010">
    <ele>31.1</ele>
    <time>2020-08-08T07:58:59Z</time>
   </trkpt>
   <trkpt lat="51.6126260" lon="-0.1137170">
    <ele>30.9</ele>
    <time>2020-08-08T07:59:00Z</time>
   </trkpt>
   <trkpt lat="51.6125990" lon="-0.1137390">
    <ele>30.7</ele>
    <time>2020-08-08T07:59:02Z</time>
   </trkpt>
   <trkpt lat="51.6125860" lon="-0.1137390">
    <ele>30.6</ele>
    <time>2020-08-08T07:59:04Z</time>
   </trkpt>
   <trkpt lat="51.6125740" lon="-0.1137400">
    <ele>30.6</ele>
    <time>2020-08-08T07:59:06Z</time>
   </trkpt>
   <trkpt lat="51.6125610" lon="-0.1137400">
    <ele>30.7</ele>
    <time>2020-08-08T07:59:07Z</time>
   </trkpt>
   <trkpt lat="51.6125490" lon="-0.1137410">
    <ele>30.7</ele>
    <time>2020-08-08T07:59:09Z</time>
   </trkpt>
   <trkpt lat="51.6125360" lon="-0.1137410">
    <ele>30.7</ele>
    <time>2020-08-08T07:59:10Z</time>
   </trkpt>
   <trkpt lat="51.6125240" lon="-0.1137420">
    <ele>30.6</ele>
    <time>2020-08-08T07:59:11Z</time>
   </trkpt>
   <trkpt lat="51.6125110" lon="-0.1137420">
    <ele>30.6</ele>
    <time>2020-08-08T07:59:13Z</time>
   </trkpt>
   <trkpt lat="51.6124990" lon="-0.1137430">
    <ele>30.6</ele>
    <time>2020-08-08T07:59:15Z</time>
   </trkpt>
   <trkpt lat="51.6124860" lon="-0.1137430">
    <ele>30.5</ele>
    <time>2020-08-08T07:59:40Z</time>
   </trkpt>
   <trkpt lat="51.6124740" lon="-0.1137440">
    <ele>30.5</ele>
    <time>2020-08-08T07:59:41Z</time>
   </trkpt>
   <trkpt lat="51.6123600" lon="-0.1137960">
    <ele>30.3</ele>
    <time>2020-08-08T07:59:43Z</time>
   </trkpt>
   <trkpt lat="51.6123020" lon="-0.1138220">
    <ele>30.2</ele>
    <time>2020-08-08T07:59:44Z</time>
   </trkpt>
   <trkpt lat="51.6121830" lon="-0.1138520">
    <ele>30.2</ele>
    <time>2020-08-08T07:59:46Z</time>
   </trkpt>
   <trkpt lat="51.6120260" lon="-0.1138650">
    <ele>30.2</ele>
    <time>2020-08-08T07:59:48Z</time>
   </trkpt>
   <trkpt lat="51.6118610" lon="-0.1138730">
    <ele>30.2</ele>
    <time>2020-08-08T07:59:50Z</time>
   </trkpt>
   <trkpt lat="51.6117840" lon="-0.1138720">
    <ele>30.2</ele>
    <time>2020-08-08T07:59:51Z</time>
   </trkpt>
   <trkpt lat="51.6116180" lon="-0.1138670">
    <ele>30.2</ele>
    <time>2020-08-08T07:59:53Z</time>
   </trkpt>
   <trkpt lat="51.6115400" lon="-0.1138850">
    <ele>30.2</ele>
    <time>2020-08-08T07:59:54Z</time>
   </trkpt>
   <trkpt lat="51.6114610" lon="-0.1138950">
    <ele>30.2</ele>
    <time>2020-08-08T07:59:55Z</time>
   </trkpt>
   <trkpt lat="51.6112910" lon="-0.1139090">
    <ele>30.3</ele>
    <time>2020-08-08T07:59:57Z</time>
   </trkpt>
   <trkpt lat="51.6112060" lon="-0.1139200">
    <ele>30.3</ele>
    <time>2020-08-08T07:59:58Z</time>
   </trkpt>
   <trkpt lat="51.6110460" lon="-0.1139460">
    <ele>30.3</ele>
    <time>2020-08-08T08:00:00Z</time>
   </trkpt>
   <trkpt lat="51.6108890" lon="-0.1139820">
    <ele>30.3</ele>
    <time>2020-08-08T08:00:02Z</time>
   </trkpt>
   <trkpt lat="51.6107380" lon="-0.1139970">
    <ele>30.4</ele>
    <time>2020-08-08T08:00:04Z</time>
   </trkpt>
   <trkpt lat="51.6105790" lon="-0.1140260">
    <ele>30.5</ele>
    <time>2020-08-08T08:00:06Z</time>
   </trkpt>
   <trkpt lat="51.6105040" lon="-0.1140380">
    <ele>30.6</ele>
    <time>2020-08-08T08:00:07Z</time>
   </trkpt>
   <trkpt lat="51.6104280" lon="-0.1140460">
    <ele>30.6</ele>
    <time>2020-08-08T08:00:08Z</time>
   </trkpt>
   <trkpt lat="51.6102720" lon="-0.1140810">
    <ele>30.7</ele>
    <time>2020-08-08T08:00:10Z</time>
   </trkpt>
   <trkpt lat="51.6101060" lon="-0.1141050">
    <ele>30.7</ele>
    <time>2020-08-08T08:00:12Z</time>
   </trkpt>
   <trkpt lat="51.6100160" lon="-0.1141060">
    <ele>30.8</ele>
    <time>2020-08-08T08:00:13Z</time>
   </trkpt>
   <trkpt lat="51.6098510" lon="-0.1141200">
    <ele>31.0</ele>
    <time>2020-08-08T08:00:15Z</time>
   </trkpt>
   <trkpt lat="51.6097710" lon="-0.1141350">
    <ele>31.0</ele>
    <time>2020-08-08T08:00:16Z</time>
   </trkpt>
   <trkpt lat="51.6096000" lon="-0.1141690">
    <ele>31.1</ele>
    <time>2020-08-08T08:00:18Z</time>
   </trkpt>
   <trkpt lat="51.6095060" lon="-0.1141800">
    <ele>31.2</ele>
    <time>2020-08-08T08:00:19Z</time>
   </trkpt>
   <trkpt lat="51.6093150" lon="-0.1142270">
    <ele>31.3</ele>
    <time>2020-08-08T08:00:21Z</time>
   </trkpt>
   <trkpt lat="51.6092270" lon="-0.1142530">
    <ele>31.4</ele>
    <time>2020-08-08T08:00:22Z</time>
   </trkpt>
   <trkpt lat="51.6090600" lon="-0.1142820">
    <ele>31.6</ele>
    <time>2020-08-08T08:00:24Z</time>
   </trkpt>
   <trkpt lat="51.6088740" lon="-0.1142970">
    <ele>31.7</ele>
    <time>2020-08-08T08:00:26Z</time>
   </trkpt>
   <trkpt lat="51.6086930" lon="-0.1143040">
    <ele>31.8</ele>
    <time>2020-08-08T08:00:28Z</time>
   </trkpt>
   <trkpt lat="51.6086120" lon="-0.1143060">
    <ele>31.8</ele>
    <time>2020-08-08T08:00:29Z</time>
   </trkpt>
   <trkpt lat="51.6085310" lon="-0.1143090">
    <ele>31.8</ele>
    <time>2020-08-08T08:00:30Z</time>
   </trkpt>
   <trkpt lat="51.6083700" lon="-0.1143240">
    <ele>31.9</ele>
    <time>2020-08-08T08:00:32Z</time>
   </trkpt>
   <trkpt lat="51.6082920" lon="-0.1143400">
    <ele>32.0</ele>
    <time>2020-08-08T08:00:33Z</time>
   </trkpt>
   <trkpt lat="51.6082070" lon="-0.1143540">
    <ele>32.1</ele>
    <time>2020-08-08T08:00:34Z</time>
   </trkpt>
   <trkpt lat="51.6081250" lon="-0.1143700">
    <ele>32.2</ele>
    <time>2020-08-08T08:00:35Z</time>
   </trkpt>
   <trkpt lat="51.6080450" lon="-0.1143760">
    <ele>32.3</ele>
    <time>2020-08-08T08:00:36Z</time>
   </trkpt>
   <trkpt lat="51.6078910" lon="-0.1144010">
    <ele>32.4</ele>
    <time>2020-08-08T08:00:38Z</time>
   </trkpt>
   <trkpt lat="51.6077610" lon="-0.1144270">
    <ele>32.6</ele>
    <time>2020-08-08T08:00:40Z</time>
   </trkpt>
   <trkpt lat="51.6077030" lon="-0.1144420">
    <ele>32.6</ele>
    <time>2020-08-08T08:00:41Z</time>
   </trkpt>
   <trkpt lat="51.6075910" lon="-0.1144750">
    <ele>32.8</ele>
    <time>2020-08-08T08:00:43Z</time>
   </trkpt>
   <trkpt lat="51.6075340" lon="-0.1144880">
    <ele>32.8</ele>
    <time>2020-08-08T08:00:44Z</time>
   </trkpt>
   <trkpt lat="51.6074290" lon="-0.1145080">
    <ele>32.8</ele>
    <time>2020-08-08T08:00:46Z</time>
   </trkpt>
   <trkpt lat="51.6073830" lon="-0.1145180">
    <ele>32.8</ele>
    <time>2020-08-08T08:00:47Z</time>
   </trkpt>
   <trkpt lat="51.6072790" lon="-0.1145400">
    <ele>32.9</ele>
    <time>2020-08-08T08:00:49Z</time>
   </trkpt>
   <trkpt lat="51.6072190" lon="-0.1145500">
    <ele>32.9</ele>
    <time>2020-08-08T08:00:50Z</time>
   </trkpt>
   <trkpt lat="51.6071260" lon="-0.1145660">
    <ele>33.1</ele>
    <time>2020-08-08T08:00:52Z</time>
   </trkpt>
   <trkpt lat="51.6070710" lon="-0.1145690">
    <ele>33.2</ele>
    <time>2020-08-08T08:00:53Z</time>
   </trkpt>
   <trkpt lat="51.6069590" lon="-0.1145800">
    <ele>33.3</ele>
    <time>2020-08-08T08:00:55Z</time>
   </trkpt>
   <trkpt lat="51.6069040" lon="-0.1145760">
    <ele>33.3</ele>
    <time>2020-08-08T08:00:56Z</time>
   </trkpt>
   <trkpt lat="51.6068230" lon="-0.1145780">
    <ele>33.4</ele>
    <time>2020-08-08T08:00:58Z</time>
   </trkpt>
   <trkpt lat="51.6067790" lon="-0.1145930">
    <ele>33.4</ele>
    <time>2020-08-08T08:00:59Z</time>
   </trkpt>
   <trkpt lat="51.6067370" lon="-0.1146060">
    <ele>33.5</ele>
    <time>2020-08-08T08:01:00Z</time>
   </trkpt>
   <trkpt lat="51.6066930" lon="-0.1146190">
    <ele>33.5</ele>
    <time>2020-08-08T08:01:01Z</time>
   </trkpt>
   <trkpt lat="51.6066160" lon="-0.1146500">
    <ele>33.6</ele>
    <time>2020-08-08T08:01:03Z</time>
   </trkpt>
   <trkpt lat="51.6065750" lon="-0.1146620">
    <ele>33.7</ele>
    <time>2020-08-08T08:01:04Z</time>
   </trkpt>
   <trkpt lat="51.6064990" lon="-0.1146460">
    <ele>33.7</ele>
    <time>2020-08-08T08:01:06Z</time>
   </trkpt>
   <trkpt lat="51.6064800" lon="-0.1145990">
    <ele>33.8</ele>
    <time>2020-08-08T08:01:07Z</time>
   </trkpt>
   <trkpt lat="51.6064600" lon="-0.1145950">
    <ele>33.8</ele>
    <time>2020-08-08T08:01:08Z</time>
   </trkpt>
   <trkpt lat="51.6064320" lon="-0.1145940">
    <ele>33.8</ele>
    <time>2020-08-08T08:01:10Z</time>
   </trkpt>
   <trkpt lat="51.6064030" lon="-0.1145990">
    <ele>33.8</ele>
    <time>2020-08-08T08:01:11Z</time>
   </trkpt>
   <trkpt lat="51.6063130" lon="-0.1146430">
    <ele>33.9</ele>
    <time>2020-08-08T08:01:13Z</time>
   </trkpt>
   <trkpt lat="51.6062360" lon="-0.1146620">
    <ele>33.8</ele>
    <time>2020-08-08T08:01:14Z</time>
   </trkpt>
   <trkpt lat="51.6061490" lon="-0.1146800">
    <ele>33.8</ele>
    <time>2020-08-08T08:01:15Z</time>
   </trkpt>
   <trkpt lat="51.6059870" lon="-0.1147450">
    <ele>33.7</ele>
    <time>2020-08-08T08:01:17Z</time>
   </trkpt>
   <trkpt lat="51.6059180" lon="-0.1147880">
    <ele>33.6</ele>
    <time>2020-08-08T08:01:18Z</time>
   </trkpt>
   <trkpt lat="51.6058430" lon="-0.1148370">
    <ele>33.6</ele>
    <time>2020-08-08T08:01:19Z</time>
   </trkpt>
   <trkpt lat="51.6056960" lon="-0.1149250">
    <ele>33.5</ele>
    <time>2020-08-08T08:01:21Z</time>
   </trkpt>
   <trkpt lat="51.6056240" lon="-0.1149610">
    <ele>33.5</ele>
    <time>2020-08-08T08:01:22Z</time>
   </trkpt>
   <trkpt lat="51.6055020" lon="-0.1150470">
    <ele>33.4</ele>
    <time>2020-08-08T08:01:24Z</time>
   </trkpt>
   <trkpt lat="51.6054460" lon="-0.1150940">
    <ele>33.5</ele>
    <time>2020-08-08T08:01:25Z</time>
   </trkpt>
   <trkpt lat="51.6053870" lon="-0.1151370">
    <ele>33.5</ele>
    <time>2020-08-08T08:01:26Z</time>
   </trkpt>
   <trkpt lat="51.6053240" lon="-0.1151770">
    <ele>33.4</ele>
    <time>2020-08-08T08:01:27Z</time>
   </trkpt>
   <trkpt lat="51.6052590" lon="-0.1152180">
    <ele>33.4</ele>
    <time>2020-08-08T08:01:28Z</time>
   </trkpt>
   <trkpt lat="51.6051800" lon="-0.1152530">
    <ele>33.3</ele>
    <time>2020-08-08T08:01:29Z</time>
   </trkpt>
   <trkpt lat="51.6050220" lon="-0.1153300">
    <ele>33.2</ele>
    <time>2020-08-08T08:01:31Z</time>
   </trkpt>
   <trkpt lat="51.6049410" lon="-0.1153700">
    <ele>33.1</ele>
    <time>2020-08-08T08:01:32Z</time>
   </trkpt>
   <trkpt lat="51.6047850" lon="-0.1154390">
    <ele>33.0</ele>
    <time>2020-08-08T08:01:34Z</time>
   </trkpt>
   <trkpt lat="51.6047130" lon="-0.1154620">
    <ele>33.0</ele>
    <time>2020-08-08T08:01:35Z</time>
   </trkpt>
   <trkpt lat="51.6045780" lon="-0.1154800">
    <ele>32.9</ele>
    <time>2020-08-08T08:01:37Z</time>
   </trkpt>
   <trkpt lat="51.6044560" lon="-0.1154840">
    <ele>32.9</ele>
    <time>2020-08-08T08:01:39Z</time>
   </trkpt>
   <trkpt lat="51.6043980" lon="-0.1155020">
    <ele>33.0</ele>
    <time>2020-08-08T08:01:40Z</time>
   </trkpt>
   <trkpt lat="51.6042700" lon="-0.1155450">
    <ele>33.1</ele>
    <time>2020-08-08T08:01:42Z</time>
   </trkpt>
   <trkpt lat="51.6042080" lon="-0.1155710">
    <ele>33.2</ele>
    <time>2020-08-08T08:01:43Z</time>
   </trkpt>
   <trkpt lat="51.6041310" lon="-0.1156230">
    <ele>33.2</ele>
    <time>2020-08-08T08:01:45Z</time>
   </trkpt>
   <trkpt lat="51.6040610" lon="-0.1157290">
    <ele>33.2</ele>
    <time>2020-08-08T08:01:47Z</time>
   </trkpt>
   <trkpt lat="51.6040410" lon="-0.1158080">
    <ele>33.2</ele>
    <time>2020-08-08T08:01:48Z</time>
   </trkpt>
   <trkpt lat="51.6039970" lon="-0.1159610">
    <ele>33.3</ele>
    <time>2020-08-08T08:01:50Z</time>
   </trkpt>
   <trkpt lat="51.6039600" lon="-0.1160340">
    <ele>33.4</ele>
    <time>2020-08-08T08:01:51Z</time>
   </trkpt>
   <trkpt lat="51.6039150" lon="-0.1160930">
    <ele>33.5</ele>
    <time>2020-08-08T08:01:52Z</time>
   </trkpt>
   <trkpt lat="51.6037870" lon="-0.1161460">
    <ele>33.6</ele>
    <time>2020-08-08T08:01:54Z</time>
   </trkpt>
   <trkpt lat="51.6036640" lon="-0.1161380">
    <ele>33.8</ele>
    <time>2020-08-08T08:01:56Z</time>
   </trkpt>
   <trkpt lat="51.6036000" lon="-0.1161370">
    <ele>33.9</ele>
    <time>2020-08-08T08:01:57Z</time>
   </trkpt>
   <trkpt lat="51.6034750" lon="-0.1161600">
    <ele>34.2</ele>
    <time>2020-08-08T08:01:59Z</time>
   </trkpt>
   <trkpt lat="51.6033510" lon="-0.1161650">
    <ele>34.5</ele>
    <time>2020-08-08T08:02:01Z</time>
   </trkpt>
   <trkpt lat="51.6032890" lon="-0.1161620">
    <ele>34.6</ele>
    <time>2020-08-08T08:02:02Z</time>
   </trkpt>
   <trkpt lat="51.6031810" lon="-0.1161800">
    <ele>34.9</ele>
    <time>2020-08-08T08:02:04Z</time>
   </trkpt>
   <trkpt lat="51.6031340" lon="-0.1161980">
    <ele>35.0</ele>
    <time>2020-08-08T08:02:05Z</time>
   </trkpt>
   <trkpt lat="51.6030630" lon="-0.1163170">
    <ele>35.2</ele>
    <time>2020-08-08T08:02:07Z</time>
   </trkpt>
   <trkpt lat="51.6030240" lon="-0.1164050">
    <ele>35.3</ele>
    <time>2020-08-08T08:02:08Z</time>
   </trkpt>
   <trkpt lat="51.6029910" lon="-0.1165620">
    <ele>35.5</ele>
    <time>2020-08-08T08:02:10Z</time>
   </trkpt>
   <trkpt lat="51.6029380" lon="-0.1166380">
    <ele>35.6</ele>
    <time>2020-08-08T08:02:12Z</time>
   </trkpt>
   <trkpt lat="51.6029000" lon="-0.1166520">
    <ele>35.6</ele>
    <time>2020-08-08T08:02:13Z</time>
   </trkpt>
   <trkpt lat="51.6028660" lon="-0.1166620">
    <ele>35.6</ele>
    <time>2020-08-08T08:02:14Z</time>
   </trkpt>
   <trkpt lat="51.6027630" lon="-0.1166840">
    <ele>35.7</ele>
    <time>2020-08-08T08:02:16Z</time>
   </trkpt>
   <trkpt lat="51.6026530" lon="-0.1166750">
    <ele>35.8</ele>
    <time>2020-08-08T08:02:18Z</time>
   </trkpt>
   <trkpt lat="51.6025850" lon="-0.1166650">
    <ele>35.8</ele>
    <time>2020-08-08T08:02:19Z</time>
   </trkpt>
   <trkpt lat="51.6024510" lon="-0.1166620">
    <ele>35.8</ele>
    <time>2020-08-08T08:02:21Z</time>
   </trkpt>
   <trkpt lat="51.6023840" lon="-0.1166750">
    <ele>35.8</ele>
    <time>2020-08-08T08:02:22Z</time>
   </trkpt>
   <trkpt lat="51.6023180" lon="-0.1166910">
    <ele>35.9</ele>
    <time>2020-08-08T08:02:23Z</time>
   </trkpt>
   <trkpt lat="51.6021790" lon="-0.1167170">
    <ele>35.9</ele>
    <time>2020-08-08T08:02:25Z</time>
   </trkpt>
   <trkpt lat="51.6021080" lon="-0.1167270">
    <ele>35.9</ele>
    <time>2020-08-08T08:02:26Z</time>
   </trkpt>
   <trkpt lat="51.6020440" lon="-0.1167340">
    <ele>35.9</ele>
    <time>2020-08-08T08:02:27Z</time>
   </trkpt>
   <trkpt lat="51.6019410" lon="-0.1167750">
    <ele>35.9</ele>
    <time>2020-08-08T08:02:29Z</time>
   </trkpt>
   <trkpt lat="51.6018180" lon="-0.1167320">
    <ele>35.9</ele>
    <time>2020-08-08T08:02:31Z</time>
   </trkpt>
   <trkpt lat="51.6016920" lon="-0.1166980">
    <ele>35.9</ele>
    <time>2020-08-08T08:02:33Z</time>
   </trkpt>
   <trkpt lat="51.6016260" lon="-0.1167090">
    <ele>35.9</ele>
    <time>2020-08-08T08:02:34Z</time>
   </trkpt>
   <trkpt lat="51.6015100" lon="-0.1167800">
    <ele>36.0</ele>
    <time>2020-08-08T08:02:36Z</time>
   </trkpt>
   <trkpt lat="51.6013950" lon="-0.1168390">
    <ele>36.2</ele>
    <time>2020-08-08T08:02:38Z</time>
   </trkpt>
   <trkpt lat="51.6012830" lon="-0.1168360">
    <ele>36.4</ele>
    <time>2020-08-08T08:02:40Z</time>
   </trkpt>
   <trkpt lat="51.6012310" lon="-0.1168220">
    <ele>36.5</ele>
    <time>2020-08-08T08:02:41Z</time>
   </trkpt>
   <trkpt lat="51.6011660" lon="-0.1167900">
    <ele>36.5</ele>
    <time>2020-08-08T08:02:43Z</time>
   </trkpt>
   <trkpt lat="51.6010930" lon="-0.1168060">
    <ele>36.6</ele>
    <time>2020-08-08T08:02:45Z</time>
   </trkpt>
   <trkpt lat="51.6010550" lon="-0.1168370">
    <ele>36.7</ele>
    <time>2020-08-08T08:02:46Z</time>
   </trkpt>
   <trkpt lat="51.6010170" lon="-0.1169070">
    <ele>36.6</ele>
    <time>2020-08-08T08:02:48Z</time>
   </trkpt>
   <trkpt lat="51.6009870" lon="-0.1169310">
    <ele>36.5</ele>
    <time>2020-08-08T08:02:49Z</time>
   </trkpt>
   <trkpt lat="51.6009170" lon="-0.1170260">
    <ele>36.6</ele>
    <time>2020-08-08T08:02:51Z</time>
   </trkpt>
   <trkpt lat="51.6008660" lon="-0.1170780">
    <ele>36.5</ele>
    <time>2020-08-08T08:02:52Z</time>
   </trkpt>
   <trkpt lat="51.6007440" lon="-0.1171250">
    <ele>36.5</ele>
    <time>2020-08-08T08:02:54Z</time>
   </trkpt>
   <trkpt lat="51.6006200" lon="-0.1171700">
    <ele>36.5</ele>
    <time>2020-08-08T08:02:56Z</time>
   </trkpt>
   <trkpt lat="51.6005020" lon="-0.1172210">
    <ele>36.5</ele>
    <time>2020-08-08T08:02:58Z</time>
   </trkpt>
   <trkpt lat="51.6003990" lon="-0.1172580">
    <ele>36.5</ele>
    <time>2020-08-08T08:03:00Z</time>
   </trkpt>
   <trkpt lat="51.6003120" lon="-0.1173150">
    <ele>36.5</ele>
    <time>2020-08-08T08:03:02Z</time>
   </trkpt>
   <trkpt lat="51.6002440" lon="-0.1173330">
    <ele>36.5</ele>
    <time>2020-08-08T08:03:03Z</time>
   </trkpt>
   <trkpt lat="51.6001040" lon="-0.1173660">
    <ele>36.5</ele>
    <time>2020-08-08T08:03:05Z</time>
   </trkpt>
   <trkpt lat="51.6000360" lon="-0.1173800">
    <ele>36.6</ele>
    <time>2020-08-08T08:03:06Z</time>
   </trkpt>
   <trkpt lat="51.5999730" lon="-0.1173990">
    <ele>36.6</ele>
    <time>2020-08-08T08:03:07Z</time>
   </trkpt>
   <trkpt lat="51.5998390" lon="-0.1174410">
    <ele>36.7</ele>
    <time>2020-08-08T08:03:09Z</time>
   </trkpt>
   <trkpt lat="51.5997090" lon="-0.1174740">
    <ele>36.9</ele>
    <time>2020-08-08T08:03:11Z</time>
   </trkpt>
   <trkpt lat="51.5996500" lon="-0.1174880">
    <ele>36.9</ele>
    <time>2020-08-08T08:03:12Z</time>
   </trkpt>
   <trkpt lat="51.5995110" lon="-0.1175180">
    <ele>37.1</ele>
    <time>2020-08-08T08:03:14Z</time>
   </trkpt>
   <trkpt lat="51.5993550" lon="-0.1175450">
    <ele>37.1</ele>
    <time>2020-08-08T08:03:16Z</time>
   </trkpt>
   <trkpt lat="51.5992100" lon="-0.1175750">
    <ele>37.2</ele>
    <time>2020-08-08T08:03:18Z</time>
   </trkpt>
   <trkpt lat="51.5991420" lon="-0.1175800">
    <ele>37.2</ele>
    <time>2020-08-08T08:03:19Z</time>
   </trkpt>
   <trkpt lat="51.5990190" lon="-0.1175540">
    <ele>37.3</ele>
    <time>2020-08-08T08:03:21Z</time>
   </trkpt>
   <trkpt lat="51.5989220" lon="-0.1174760">
    <ele>37.3</ele>
    <time>2020-08-08T08:03:23Z</time>
   </trkpt>
   <trkpt lat="51.5988830" lon="-0.1174530">
    <ele>37.3</ele>
    <time>2020-08-08T08:03:24Z</time>
   </trkpt>
   <trkpt lat="51.5988600" lon="-0.1174390">
    <ele>37.4</ele>
    <time>2020-08-08T08:03:25Z</time>
   </trkpt>
   <trkpt lat="51.5988030" lon="-0.1174550">
    <ele>37.4</ele>
    <time>2020-08-08T08:03:27Z</time>
   </trkpt>
   <trkpt lat="51.5987650" lon="-0.1175150">
    <ele>37.5</ele>
    <time>2020-08-08T08:03:28Z</time>
   </trkpt>
   <trkpt lat="51.5987030" lon="-0.1176440">
    <ele>37.6</ele>
    <time>2020-08-08T08:03:30Z</time>
   </trkpt>
   <trkpt lat="51.5986670" lon="-0.1178140">
    <ele>37.7</ele>
    <time>2020-08-08T08:03:32Z</time>
   </trkpt>
   <trkpt lat="51.5986540" lon="-0.1179780">
    <ele>37.9</ele>
    <time>2020-08-08T08:03:34Z</time>
   </trkpt>
   <trkpt lat="51.5986460" lon="-0.1180360">
    <ele>37.9</ele>
    <time>2020-08-08T08:03:35Z</time>
   </trkpt>
   <trkpt lat="51.5986470" lon="-0.1179330">
    <ele>38.0</ele>
    <time>2020-08-08T08:03:37Z</time>
   </trkpt>
   <trkpt lat="51.5986520" lon="-0.1178970">
    <ele>38.0</ele>
    <time>2020-08-08T08:03:38Z</time>
   </trkpt>
   <trkpt lat="51.5986700" lon="-0.1178990">
    <ele>38.0</ele>
    <time>2020-08-08T08:03:39Z</time>
   </trkpt>
   <trkpt lat="51.5986870" lon="-0.1179460">
    <ele>38.0</ele>
    <time>2020-08-08T08:03:40Z</time>
   </trkpt>
   <trkpt lat="51.5987000" lon="-0.1179900">
    <ele>38.0</ele>
    <time>2020-08-08T08:03:41Z</time>
   </trkpt>
   <trkpt lat="51.5987120" lon="-0.1180240">
    <ele>38.0</ele>
    <time>2020-08-08T08:03:42Z</time>
   </trkpt>
   <trkpt lat="51.5987270" lon="-0.1180700">
    <ele>38.2</ele>
    <time>2020-08-08T08:03:44Z</time>
   </trkpt>
   <trkpt lat="51.5986120" lon="-0.1183350">
    <ele>38.6</ele>
    <time>2020-08-08T08:03:45Z</time>
   </trkpt>
   <trkpt lat="51.5985160" lon="-0.1185850">
    <ele>38.7</ele>
    <time>2020-08-08T08:03:47Z</time>
   </trkpt>
   <trkpt lat="51.5984750" lon="-0.1187000">
    <ele>38.9</ele>
    <time>2020-08-08T08:03:48Z</time>
   </trkpt>
   <trkpt lat="51.5984120" lon="-0.1188920">
    <ele>39.1</ele>
    <time>2020-08-08T08:03:50Z</time>
   </trkpt>
   <trkpt lat="51.5983790" lon="-0.1189910">
    <ele>39.3</ele>
    <time>2020-08-08T08:03:51Z</time>
   </trkpt>
   <trkpt lat="51.5983480" lon="-0.1190810">
    <ele>39.5</ele>
    <time>2020-08-08T08:03:52Z</time>
   </trkpt>
   <trkpt lat="51.5983180" lon="-0.1191650">
    <ele>39.8</ele>
    <time>2020-08-08T08:03:53Z</time>
   </trkpt>
   <trkpt lat="51.5982690" lon="-0.1193120">
    <ele>40.2</ele>
    <time>2020-08-08T08:03:55Z</time>
   </trkpt>
   <trkpt lat="51.5982400" lon="-0.1193860">
    <ele>40.5</ele>
    <time>2020-08-08T08:03:56Z</time>
   </trkpt>
   <trkpt lat="51.5981880" lon="-0.1195110">
    <ele>41.1</ele>
    <time>2020-08-08T08:03:58Z</time>
   </trkpt>
   <trkpt lat="51.5981680" lon="-0.1195600">
    <ele>41.2</ele>
    <time>2020-08-08T08:03:59Z</time>
   </trkpt>
   <trkpt lat="51.5981520" lon="-0.1195970">
    <ele>41.3</ele>
    <time>2020-08-08T08:04:00Z</time>
   </trkpt>
   <trkpt lat="51.5981340" lon="-0.1196350">
    <ele>41.3</ele>
    <time>2020-08-08T08:04:01Z</time>
   </trkpt>
   <trkpt lat="51.5981230" lon="-0.1196470">
    <ele>41.3</ele>
    <time>2020-08-08T08:04:03Z</time>
   </trkpt>
   <trkpt lat="51.5981280" lon="-0.1196420">
    <ele>41.3</ele>
    <time>2020-08-08T08:04:04Z</time>
   </trkpt>
   <trkpt lat="51.5981340" lon="-0.1196380">
    <ele>41.3</ele>
    <time>2020-08-08T08:04:06Z</time>
   </trkpt>
   <trkpt lat="51.5981390" lon="-0.1196330">
    <ele>41.3</ele>
    <time>2020-08-08T08:04:07Z</time>
   </trkpt>
   <trkpt lat="51.5981440" lon="-0.1196280">
    <ele>41.3</ele>
    <time>2020-08-08T08:04:08Z</time>
   </trkpt>
   <trkpt lat="51.5981490" lon="-0.1196230">
    <ele>41.3</ele>
    <time>2020-08-08T08:04:09Z</time>
   </trkpt>
   <trkpt lat="51.5981540" lon="-0.1196180">
    <ele>41.3</ele>
    <time>2020-08-08T08:04:11Z</time>
   </trkpt>
   <trkpt lat="51.5981600" lon="-0.1196140">
    <ele>41.3</ele>
    <time>2020-08-08T08:04:13Z</time>
   </trkpt>
   <trkpt lat="51.5981650" lon="-0.1196090">
    <ele>41.3</ele>
    <time>2020-08-08T08:04:14Z</time>
   </trkpt>
   <trkpt lat="51.5981700" lon="-0.1196040">
    <ele>41.3</ele>
    <time>2020-08-08T08:04:15Z</time>
   </trkpt>
   <trkpt lat="51.5981820" lon="-0.1195840">
    <ele>41.3</ele>
    <time>2020-08-08T08:04:17Z</time>
   </trkpt>
   <trkpt lat="51.5981980" lon="-0.1195730">
    <ele>41.3</ele>
    <time>2020-08-08T08:04:18Z</time>
   </trkpt>
   <trkpt lat="51.5983140" lon="-0.1197570">
    <ele>41.4</ele>
    <time>2020-08-08T08:04:19Z</time>
   </trkpt>
   <trkpt lat="51.5984410" lon="-0.1199300">
    <ele>41.5</ele>
    <time>2020-08-08T08:04:21Z</time>
   </trkpt>
   <trkpt lat="51.5985490" lon="-0.1201120">
    <ele>41.8</ele>
    <time>2020-08-08T08:04:23Z</time>
   </trkpt>
   <trkpt lat="51.5986020" lon="-0.1201940">
    <ele>41.9</ele>
    <time>2020-08-08T08:04:24Z</time>
   </trkpt>
   <trkpt lat="51.5986530" lon="-0.1202820">
    <ele>42.1</ele>
    <time>2020-08-08T08:04:25Z</time>
   </trkpt>
   <trkpt lat="51.5987560" lon="-0.1204530">
    <ele>42.4</ele>
    <time>2020-08-08T08:04:27Z</time>
   </trkpt>
   <trkpt lat="51.5988050" lon="-0.1205320">
    <ele>42.5</ele>
    <time>2020-08-08T08:04:28Z</time>
   </trkpt>
   <trkpt lat="51.5988590" lon="-0.1206060">
    <ele>42.7</ele>
    <time>2020-08-08T08:04:29Z</time>
   </trkpt>
   <trkpt lat="51.5989610" lon="-0.1207470">
    <ele>42.9</ele>
    <time>2020-08-08T08:04:31Z</time>
   </trkpt>
   <trkpt lat="51.5990070" lon="-0.1208260">
    <ele>43.1</ele>
    <time>2020-08-08T08:04:32Z</time>
   </trkpt>
   <trkpt lat="51.5990470" lon="-0.1208970">
    <ele>43.2</ele>
    <time>2020-08-08T08:04:33Z</time>
   </trkpt>
   <trkpt lat="51.5990760" lon="-0.1209640">
    <ele>43.3</ele>
    <time>2020-08-08T08:04:34Z</time>
   </trkpt>
   <trkpt lat="51.5990910" lon="-0.1210400">
    <ele>43.4</ele>
    <time>2020-08-08T08:04:35Z</time>
   </trkpt>
   <trkpt lat="51.5990780" lon="-0.1211270">
    <ele>43.5</ele>
    <time>2020-08-08T08:04:36Z</time>
   </trkpt>
   <trkpt lat="51.5989950" lon="-0.1212730">
    <ele>44.2</ele>
    <time>2020-08-08T08:04:38Z</time>
   </trkpt>
   <trkpt lat="51.5989500" lon="-0.1213420">
    <ele>44.5</ele>
    <time>2020-08-08T08:04:39Z</time>
   </trkpt>
   <trkpt lat="51.5989070" lon="-0.1214220">
    <ele>44.8</ele>
    <time>2020-08-08T08:04:40Z</time>
   </trkpt>
   <trkpt lat="51.5988700" lon="-0.1214990">
    <ele>45.1</ele>
    <time>2020-08-08T08:04:41Z</time>
   </trkpt>
   <trkpt lat="51.5987980" lon="-0.1216540">
    <ele>45.7</ele>
    <time>2020-08-08T08:04:43Z</time>
   </trkpt>
   <trkpt lat="51.5987680" lon="-0.1217240">
    <ele>46.1</ele>
    <time>2020-08-08T08:04:44Z</time>
   </trkpt>
   <trkpt lat="51.5987320" lon="-0.1217850">
    <ele>46.4</ele>
    <time>2020-08-08T08:04:45Z</time>
   </trkpt>
   <trkpt lat="51.5986400" lon="-0.1218460">
    <ele>46.9</ele>
    <time>2020-08-08T08:04:47Z</time>
   </trkpt>
   <trkpt lat="51.5985360" lon="-0.1217890">
    <ele>47.2</ele>
    <time>2020-08-08T08:04:49Z</time>
   </trkpt>
   <trkpt lat="51.5984330" lon="-0.1216910">
    <ele>47.5</ele>
    <time>2020-08-08T08:04:51Z</time>
   </trkpt>
   <trkpt lat="51.5983750" lon="-0.1216510">
    <ele>47.6</ele>
    <time>2020-08-08T08:04:52Z</time>
   </trkpt>
   <trkpt lat="51.5983170" lon="-0.1216120">
    <ele>47.8</ele>
    <time>2020-08-08T08:04:53Z</time>
   </trkpt>
   <trkpt lat="51.5982110" lon="-0.1215160">
    <ele>48.0</ele>
    <time>2020-08-08T08:04:55Z</time>
   </trkpt>
   <trkpt lat="51.5981560" lon="-0.1214590">
    <ele>48.1</ele>
    <time>2020-08-08T08:04:56Z</time>
   </trkpt>
   <trkpt lat="51.5981000" lon="-0.1214000">
    <ele>48.1</ele>
    <time>2020-08-08T08:04:57Z</time>
   </trkpt>
   <trkpt lat="51.5979870" lon="-0.1212830">
    <ele>48.3</ele>
    <time>2020-08-08T08:04:59Z</time>
   </trkpt>
   <trkpt lat="51.5979310" lon="-0.1212290">
    <ele>48.2</ele>
    <time>2020-08-08T08:05:00Z</time>
   </trkpt>
   <trkpt lat="51.5978150" lon="-0.1211230">
    <ele>47.9</ele>
    <time>2020-08-08T08:05:02Z</time>
   </trkpt>
   <trkpt lat="51.5977510" lon="-0.1210790">
    <ele>47.6</ele>
    <time>2020-08-08T08:05:03Z</time>
   </trkpt>
   <trkpt lat="51.5976080" lon="-0.1210040">
    <ele>46.9</ele>
    <time>2020-08-08T08:05:05Z</time>
   </trkpt>
   <trkpt lat="51.5974530" lon="-0.1209480">
    <ele>46.3</ele>
    <time>2020-08-08T08:05:07Z</time>
   </trkpt>
   <trkpt lat="51.5972670" lon="-0.1209900">
    <ele>46.0</ele>
    <time>2020-08-08T08:05:09Z</time>
   </trkpt>
   <trkpt lat="51.5971770" lon="-0.1210600">
    <ele>46.3</ele>
    <time>2020-08-08T08:05:10Z</time>
   </trkpt>
   <trkpt lat="51.5970930" lon="-0.1211390">
    <ele>46.1</ele>
    <time>2020-08-08T08:05:11Z</time>
   </trkpt>
   <trkpt lat="51.5970130" lon="-0.1212400">
    <ele>45.8</ele>
    <time>2020-08-08T08:05:12Z</time>
   </trkpt>
   <trkpt lat="51.5969400" lon="-0.1213420">
    <ele>45.7</ele>
    <time>2020-08-08T08:05:13Z</time>
   </trkpt>
   <trkpt lat="51.5968010" lon="-0.1215410">
    <ele>46.3</ele>
    <time>2020-08-08T08:05:15Z</time>
   </trkpt>
   <trkpt lat="51.5966740" lon="-0.1217470">
    <ele>47.3</ele>
    <time>2020-08-08T08:05:17Z</time>
   </trkpt>
   <trkpt lat="51.5966250" lon="-0.1218430">
    <ele>47.8</ele>
    <time>2020-08-08T08:05:18Z</time>
   </trkpt>
   <trkpt lat="51.5965500" lon="-0.1220190">
    <ele>48.8</ele>
    <time>2020-08-08T08:05:20Z</time>
   </trkpt>
   <trkpt lat="51.5964840" lon="-0.1222090">
    <ele>49.9</ele>
    <time>2020-08-08T08:05:22Z</time>
   </trkpt>
   <trkpt lat="51.5964430" lon="-0.1222980">
    <ele>50.5</ele>
    <time>2020-08-08T08:05:23Z</time>
   </trkpt>
   <trkpt lat="51.5963620" lon="-0.1224930">
    <ele>51.5</ele>
    <time>2020-08-08T08:05:25Z</time>
   </trkpt>
   <trkpt lat="51.5963210" lon="-0.1225920">
    <ele>51.9</ele>
    <time>2020-08-08T08:05:26Z</time>
   </trkpt>
   <trkpt lat="51.5962780" lon="-0.1226850">
    <ele>52.4</ele>
    <time>2020-08-08T08:05:27Z</time>
   </trkpt>
   <trkpt lat="51.5962410" lon="-0.1227780">
    <ele>52.8</ele>
    <time>2020-08-08T08:05:28Z</time>
   </trkpt>
   <trkpt lat="51.5962090" lon="-0.1228830">
    <ele>53.2</ele>
    <time>2020-08-08T08:05:29Z</time>
   </trkpt>
   <trkpt lat="51.5961580" lon="-0.1230910">
    <ele>54.4</ele>
    <time>2020-08-08T08:05:31Z</time>
   </trkpt>
   <trkpt lat="51.5961070" lon="-0.1232850">
    <ele>55.6</ele>
    <time>2020-08-08T08:05:33Z</time>
   </trkpt>
   <trkpt lat="51.5960860" lon="-0.1233810">
    <ele>56.2</ele>
    <time>2020-08-08T08:05:34Z</time>
   </trkpt>
   <trkpt lat="51.5960660" lon="-0.1234790">
    <ele>56.8</ele>
    <time>2020-08-08T08:05:35Z</time>
   </trkpt>
   <trkpt lat="51.5960460" lon="-0.1236620">
    <ele>58.1</ele>
    <time>2020-08-08T08:05:37Z</time>
   </trkpt>
   <trkpt lat="51.5960370" lon="-0.1237490">
    <ele>58.7</ele>
    <time>2020-08-08T08:05:38Z</time>
   </trkpt>
   <trkpt lat="51.5960290" lon="-0.1238360">
    <ele>59.3</ele>
    <time>2020-08-08T08:05:39Z</time>
   </trkpt>
   <trkpt lat="51.5960130" lon="-0.1239960">
    <ele>60.5</ele>
    <time>2020-08-08T08:05:41Z</time>
   </trkpt>
   <trkpt lat="51.5960020" lon="-0.1240700">
    <ele>61.1</ele>
    <time>2020-08-08T08:05:42Z</time>
   </trkpt>
   <trkpt lat="51.5959890" lon="-0.1242100">
    <ele>62.1</ele>
    <time>2020-08-08T08:05:44Z</time>
   </trkpt>
   <trkpt lat="51.5959810" lon="-0.1242740">
    <ele>62.6</ele>
    <time>2020-08-08T08:05:45Z</time>
   </trkpt>
   <trkpt lat="51.5959590" lon="-0.1244060">
    <ele>63.6</ele>
    <time>2020-08-08T08:05:47Z</time>
   </trkpt>
   <trkpt lat="51.5959500" lon="-0.1244630">
    <ele>64.0</ele>
    <time>2020-08-08T08:05:48Z</time>
   </trkpt>
   <trkpt lat="51.5959500" lon="-0.1245250">
    <ele>64.5</ele>
    <time>2020-08-08T08:05:49Z</time>
   </trkpt>
   <trkpt lat="51.5959440" lon="-0.1245830">
    <ele>64.8</ele>
    <time>2020-08-08T08:05:50Z</time>
   </trkpt>
   <trkpt lat="51.5959490" lon="-0.1246370">
    <ele>65.2</ele>
    <time>2020-08-08T08:05:51Z</time>
   </trkpt>
   <trkpt lat="51.5959640" lon="-0.1246910">
    <ele>65.6</ele>
    <time>2020-08-08T08:05:52Z</time>
   </trkpt>
   <trkpt lat="51.5959650" lon="-0.1247370">
    <ele>65.9</ele>
    <time>2020-08-08T08:05:53Z</time>
   </trkpt>
   <trkpt lat="51.5959500" lon="-0.1247810">
    <ele>66.2</ele>
    <time>2020-08-08T08:05:55Z</time>
   </trkpt>
   <trkpt lat="51.5959280" lon="-0.1248120">
    <ele>66.4</ele>
    <time>2020-08-08T08:05:56Z</time>
   </trkpt>
   <trkpt lat="51.5959070" lon="-0.1248550">
    <ele>66.8</ele>
    <time>2020-08-08T08:05:58Z</time>
   </trkpt>
   <trkpt lat="51.5959040" lon="-0.1248780">
    <ele>66.9</ele>
    <time>2020-08-08T08:05:59Z</time>
   </trkpt>
   <trkpt lat="51.5958970" lon="-0.1249510">
    <ele>67.4</ele>
    <time>2020-08-08T08:06:01Z</time>
   </trkpt>
   <trkpt lat="51.5958960" lon="-0.1249820">
    <ele>67.6</ele>
    <time>2020-08-08T08:06:02Z</time>
   </trkpt>
   <trkpt lat="51.5958890" lon="-0.1250290">
    <ele>67.9</ele>
    <time>2020-08-08T08:06:04Z</time>
   </trkpt>
   <trkpt lat="51.5958790" lon="-0.1250850">
    <ele>68.2</ele>
    <time>2020-08-08T08:06:05Z</time>
   </trkpt>
   <trkpt lat="51.5958680" lon="-0.1251540">
    <ele>68.7</ele>
    <time>2020-08-08T08:06:06Z</time>
   </trkpt>
   <trkpt lat="51.5958520" lon="-0.1252510">
    <ele>69.3</ele>
    <time>2020-08-08T08:06:08Z</time>
   </trkpt>
   <trkpt lat="51.5958380" lon="-0.1253230">
    <ele>69.8</ele>
    <time>2020-08-08T08:06:09Z</time>
   </trkpt>
   <trkpt lat="51.5958220" lon="-0.1253970">
    <ele>70.3</ele>
    <time>2020-08-08T08:06:11Z</time>
   </trkpt>
   <trkpt lat="51.5958080" lon="-0.1254700">
    <ele>70.7</ele>
    <time>2020-08-08T08:06:12Z</time>
   </trkpt>
   <trkpt lat="51.5957940" lon="-0.1255380">
    <ele>71.2</ele>
    <time>2020-08-08T08:06:13Z</time>
   </trkpt>
   <trkpt lat="51.5957800" lon="-0.1256040">
    <ele>71.6</ele>
    <time>2020-08-08T08:06:14Z</time>
   </trkpt>
   <trkpt lat="51.5957610" lon="-0.1256780">
    <ele>72.0</ele>
    <time>2020-08-08T08:06:16Z</time>
   </trkpt>
   <trkpt lat="51.5957370" lon="-0.1257590">
    <ele>72.6</ele>
    <time>2020-08-08T08:06:17Z</time>
   </trkpt>
   <trkpt lat="51.5957130" lon="-0.1259100">
    <ele>73.5</ele>
    <time>2020-08-08T08:06:18Z</time>
   </trkpt>
   <trkpt lat="51.5957020" lon="-0.1259590">
    <ele>73.7</ele>
    <time>2020-08-08T08:06:19Z</time>
   </trkpt>
   <trkpt lat="51.5956900" lon="-0.1258950">
    <ele>74.1</ele>
    <time>2020-08-08T08:06:20Z</time>
   </trkpt>
   <trkpt lat="51.5956510" lon="-0.1259790">
    <ele>74.7</ele>
    <time>2020-08-08T08:06:22Z</time>
   </trkpt>
   <trkpt lat="51.5956740" lon="-0.1259330">
    <ele>75.0</ele>
    <time>2020-08-08T08:06:23Z</time>
   </trkpt>
   <trkpt lat="51.5956530" lon="-0.1261050">
    <ele>76.0</ele>
    <time>2020-08-08T08:06:24Z</time>
   </trkpt>
   <trkpt lat="51.5956320" lon="-0.1262710">
    <ele>76.9</ele>
    <time>2020-08-08T08:06:26Z</time>
   </trkpt>
   <trkpt lat="51.5956330" lon="-0.1264040">
    <ele>77.5</ele>
    <time>2020-08-08T08:06:27Z</time>
   </trkpt>
   <trkpt lat="51.5956060" lon="-0.1264550">
    <ele>77.9</ele>
    <time>2020-08-08T08:06:28Z</time>
   </trkpt>
   <trkpt lat="51.5955740" lon="-0.1265100">
    <ele>78.2</ele>
    <time>2020-08-08T08:06:29Z</time>
   </trkpt>
   <trkpt lat="51.5955300" lon="-0.1266330">
    <ele>79.0</ele>
    <time>2020-08-08T08:06:31Z</time>
   </trkpt>
   <trkpt lat="51.5955050" lon="-0.1267520">
    <ele>79.6</ele>
    <time>2020-08-08T08:06:32Z</time>
   </trkpt>
   <trkpt lat="51.5954790" lon="-0.1268410">
    <ele>80.2</ele>
    <time>2020-08-08T08:06:34Z</time>
   </trkpt>
   <trkpt lat="51.5954580" lon="-0.1269120">
    <ele>80.6</ele>
    <time>2020-08-08T08:06:35Z</time>
   </trkpt>
   <trkpt lat="51.5954430" lon="-0.1269850">
    <ele>81.1</ele>
    <time>2020-08-08T08:06:36Z</time>
   </trkpt>
   <trkpt lat="51.5954260" lon="-0.1270430">
    <ele>81.5</ele>
    <time>2020-08-08T08:06:37Z</time>
   </trkpt>
   <trkpt lat="51.5954010" lon="-0.1271100">
    <ele>81.9</ele>
    <time>2020-08-08T08:06:38Z</time>
   </trkpt>
   <trkpt lat="51.5953760" lon="-0.1271880">
    <ele>82.4</ele>
    <time>2020-08-08T08:06:40Z</time>
   </trkpt>
   <trkpt lat="51.5953560" lon="-0.1272780">
    <ele>83.0</ele>
    <time>2020-08-08T08:06:41Z</time>
   </trkpt>
   <trkpt lat="51.5953310" lon="-0.1273740">
    <ele>83.6</ele>
    <time>2020-08-08T08:06:43Z</time>
   </trkpt>
   <trkpt lat="51.5953040" lon="-0.1274790">
    <ele>84.3</ele>
    <time>2020-08-08T08:06:45Z</time>
   </trkpt>
   <trkpt lat="51.5952870" lon="-0.1275440">
    <ele>84.8</ele>
    <time>2020-08-08T08:06:46Z</time>
   </trkpt>
   <trkpt lat="51.5952720" lon="-0.1275980">
    <ele>85.2</ele>
    <time>2020-08-08T08:06:47Z</time>
   </trkpt>
   <trkpt lat="51.5952410" lon="-0.1276720">
    <ele>85.8</ele>
    <time>2020-08-08T08:06:49Z</time>
   </trkpt>
   <trkpt lat="51.5952120" lon="-0.1277260">
    <ele>86.2</ele>
    <time>2020-08-08T08:06:50Z</time>
   </trkpt>
   <trkpt lat="51.5951900" lon="-0.1277600">
    <ele>86.6</ele>
    <time>2020-08-08T08:06:51Z</time>
   </trkpt>
   <trkpt lat="51.5951710" lon="-0.1277890">
    <ele>86.8</ele>
    <time>2020-08-08T08:06:52Z</time>
   </trkpt>
   <trkpt lat="51.5950830" lon="-0.1278460">
    <ele>87.7</ele>
    <time>2020-08-08T08:06:54Z</time>
   </trkpt>
   <trkpt lat="51.5950610" lon="-0.1279060">
    <ele>88.0</ele>
    <time>2020-08-08T08:06:56Z</time>
   </trkpt>
   <trkpt lat="51.5950490" lon="-0.1279670">
    <ele>88.2</ele>
    <time>2020-08-08T08:06:58Z</time>
   </trkpt>
   <trkpt lat="51.5950450" lon="-0.1279820">
    <ele>88.3</ele>
    <time>2020-08-08T08:06:59Z</time>
   </trkpt>
   <trkpt lat="51.5950150" lon="-0.1280370">
    <ele>88.5</ele>
    <time>2020-08-08T08:07:01Z</time>
   </trkpt>
   <trkpt lat="51.5949030" lon="-0.1281460">
    <ele>89.0</ele>
    <time>2020-08-08T08:07:02Z</time>
   </trkpt>
   <trkpt lat="51.5948090" lon="-0.1282280">
    <ele>89.2</ele>
    <time>2020-08-08T08:07:04Z</time>
   </trkpt>
   <trkpt lat="51.5946880" lon="-0.1283320">
    <ele>89.1</ele>
    <time>2020-08-08T08:07:05Z</time>
   </trkpt>
   <trkpt lat="51.5946010" lon="-0.1284130">
    <ele>89.0</ele>
    <time>2020-08-08T08:07:06Z</time>
   </trkpt>
   <trkpt lat="51.5944650" lon="-0.1285960">
    <ele>88.8</ele>
    <time>2020-08-08T08:07:08Z</time>
   </trkpt>
   <trkpt lat="51.5944190" lon="-0.1286770">
    <ele>88.7</ele>
    <time>2020-08-08T08:07:09Z</time>
   </trkpt>
   <trkpt lat="51.5943310" lon="-0.1288360">
    <ele>88.7</ele>
    <time>2020-08-08T08:07:11Z</time>
   </trkpt>
   <trkpt lat="51.5942940" lon="-0.1289060">
    <ele>88.7</ele>
    <time>2020-08-08T08:07:12Z</time>
   </trkpt>
   <trkpt lat="51.5942580" lon="-0.1289690">
    <ele>88.8</ele>
    <time>2020-08-08T08:07:13Z</time>
   </trkpt>
   <trkpt lat="51.5942150" lon="-0.1290290">
    <ele>88.8</ele>
    <time>2020-08-08T08:07:14Z</time>
   </trkpt>
   <trkpt lat="51.5941260" lon="-0.1291650">
    <ele>88.8</ele>
    <time>2020-08-08T08:07:16Z</time>
   </trkpt>
   <trkpt lat="51.5940890" lon="-0.1292290">
    <ele>88.9</ele>
    <time>2020-08-08T08:07:17Z</time>
   </trkpt>
   <trkpt lat="51.5940220" lon="-0.1293620">
    <ele>89.0</ele>
    <time>2020-08-08T08:07:19Z</time>
   </trkpt>
   <trkpt lat="51.5939310" lon="-0.1294960">
    <ele>88.9</ele>
    <time>2020-08-08T08:07:21Z</time>
   </trkpt>
   <trkpt lat="51.5938420" lon="-0.1296360">
    <ele>88.9</ele>
    <time>2020-08-08T08:07:23Z</time>
   </trkpt>
   <trkpt lat="51.5937610" lon="-0.1297720">
    <ele>88.9</ele>
    <time>2020-08-08T08:07:25Z</time>
   </trkpt>
   <trkpt lat="51.5936670" lon="-0.1299190">
    <ele>88.8</ele>
    <time>2020-08-08T08:07:27Z</time>
   </trkpt>
   <trkpt lat="51.5936200" lon="-0.1300050">
    <ele>88.8</ele>
    <time>2020-08-08T08:07:28Z</time>
   </trkpt>
   <trkpt lat="51.5935240" lon="-0.1301800">
    <ele>88.7</ele>
    <time>2020-08-08T08:07:30Z</time>
   </trkpt>
   <trkpt lat="51.5934390" lon="-0.1303370">
    <ele>88.7</ele>
    <time>2020-08-08T08:07:32Z</time>
   </trkpt>
   <trkpt lat="51.5933950" lon="-0.1304160">
    <ele>88.7</ele>
    <time>2020-08-08T08:07:33Z</time>
   </trkpt>
   <trkpt lat="51.5933580" lon="-0.1304970">
    <ele>88.9</ele>
    <time>2020-08-08T08:07:34Z</time>
   </trkpt>
   <trkpt lat="51.5932730" lon="-0.1306440">
    <ele>89.0</ele>
    <time>2020-08-08T08:07:36Z</time>
   </trkpt>
   <trkpt lat="51.5932240" lon="-0.1307170">
    <ele>88.9</ele>
    <time>2020-08-08T08:07:37Z</time>
   </trkpt>
   <trkpt lat="51.5931290" lon="-0.1308680">
    <ele>88.9</ele>
    <time>2020-08-08T08:07:39Z</time>
   </trkpt>
   <trkpt lat="51.5930850" lon="-0.1309470">
    <ele>88.8</ele>
    <time>2020-08-08T08:07:40Z</time>
   </trkpt>
   <trkpt lat="51.5929960" lon="-0.1311020">
    <ele>88.7</ele>
    <time>2020-08-08T08:07:42Z</time>
   </trkpt>
   <trkpt lat="51.5929500" lon="-0.1311700">
    <ele>88.7</ele>
    <time>2020-08-08T08:07:43Z</time>
   </trkpt>
   <trkpt lat="51.5928510" lon="-0.1313090">
    <ele>88.5</ele>
    <time>2020-08-08T08:07:45Z</time>
   </trkpt>
   <trkpt lat="51.5928040" lon="-0.1313810">
    <ele>88.5</ele>
    <time>2020-08-08T08:07:46Z</time>
   </trkpt>
   <trkpt lat="51.5927350" lon="-0.1315570">
    <ele>88.4</ele>
    <time>2020-08-08T08:07:48Z</time>
   </trkpt>
   <trkpt lat="51.5927230" lon="-0.1316650">
    <ele>88.3</ele>
    <time>2020-08-08T08:07:49Z</time>
   </trkpt>
   <trkpt lat="51.5927230" lon="-0.1317780">
    <ele>88.2</ele>
    <time>2020-08-08T08:07:50Z</time>
   </trkpt>
   <trkpt lat="51.5927280" lon="-0.1318850">
    <ele>88.2</ele>
    <time>2020-08-08T08:07:51Z</time>
   </trkpt>
   <trkpt lat="51.5927520" lon="-0.1319870">
    <ele>88.1</ele>
    <time>2020-08-08T08:07:52Z</time>
   </trkpt>
   <trkpt lat="51.5928340" lon="-0.1321780">
    <ele>87.9</ele>
    <time>2020-08-08T08:07:54Z</time>
   </trkpt>
   <trkpt lat="51.5929340" lon="-0.1323610">
    <ele>87.8</ele>
    <time>2020-08-08T08:07:56Z</time>
   </trkpt>
   <trkpt lat="51.5930230" lon="-0.1325390">
    <ele>87.4</ele>
    <time>2020-08-08T08:07:58Z</time>
   </trkpt>
   <trkpt lat="51.5930630" lon="-0.1326350">
    <ele>87.2</ele>
    <time>2020-08-08T08:07:59Z</time>
   </trkpt>
   <trkpt lat="51.5931200" lon="-0.1328330">
    <ele>86.7</ele>
    <time>2020-08-08T08:08:01Z</time>
   </trkpt>
   <trkpt lat="51.5931370" lon="-0.1329200">
    <ele>86.5</ele>
    <time>2020-08-08T08:08:02Z</time>
   </trkpt>
   <trkpt lat="51.5931550" lon="-0.1331170">
    <ele>85.9</ele>
    <time>2020-08-08T08:08:04Z</time>
   </trkpt>
   <trkpt lat="51.5931520" lon="-0.1332310">
    <ele>85.4</ele>
    <time>2020-08-08T08:08:05Z</time>
   </trkpt>
   <trkpt lat="51.5931040" lon="-0.1335090">
    <ele>84.4</ele>
    <time>2020-08-08T08:08:07Z</time>
   </trkpt>
   <trkpt lat="51.5930190" lon="-0.1337710">
    <ele>83.2</ele>
    <time>2020-08-08T08:08:09Z</time>
   </trkpt>
   <trkpt lat="51.5928960" lon="-0.1340170">
    <ele>82.0</ele>
    <time>2020-08-08T08:08:11Z</time>
   </trkpt>
   <trkpt lat="51.5928280" lon="-0.1341140">
    <ele>81.5</ele>
    <time>2020-08-08T08:08:12Z</time>
   </trkpt>
   <trkpt lat="51.5927530" lon="-0.1342000">
    <ele>81.0</ele>
    <time>2020-08-08T08:08:13Z</time>
   </trkpt>
   <trkpt lat="51.5925740" lon="-0.1342560">
    <ele>80.5</ele>
    <time>2020-08-08T08:08:15Z</time>
   </trkpt>
   <trkpt lat="51.5924800" lon="-0.1342130">
    <ele>80.1</ele>
    <time>2020-08-08T08:08:16Z</time>
   </trkpt>
   <trkpt lat="51.5923170" lon="-0.1340050">
    <ele>78.1</ele>
    <time>2020-08-08T08:08:18Z</time>
   </trkpt>
   <trkpt lat="51.5922090" lon="-0.1337290">
    <ele>76.8</ele>
    <time>2020-08-08T08:08:20Z</time>
   </trkpt>
   <trkpt lat="51.5921620" lon="-0.1335830">
    <ele>76.6</ele>
    <time>2020-08-08T08:08:21Z</time>
   </trkpt>
   <trkpt lat="51.5920690" lon="-0.1332920">
    <ele>74.2</ele>
    <time>2020-08-08T08:08:23Z</time>
   </trkpt>
   <trkpt lat="51.5919520" lon="-0.1330320">
    <ele>71.8</ele>
    <time>2020-08-08T08:08:25Z</time>
   </trkpt>
   <trkpt lat="51.5918810" lon="-0.1329180">
    <ele>71.7</ele>
    <time>2020-08-08T08:08:26Z</time>
   </trkpt>
   <trkpt lat="51.5918010" lon="-0.1328130">
    <ele>70.7</ele>
    <time>2020-08-08T08:08:27Z</time>
   </trkpt>
   <trkpt lat="51.5916140" lon="-0.1326730">
    <ele>68.5</ele>
    <time>2020-08-08T08:08:29Z</time>
   </trkpt>
   <trkpt lat="51.5914970" lon="-0.1326490">
    <ele>67.2</ele>
    <time>2020-08-08T08:08:30Z</time>
   </trkpt>
   <trkpt lat="51.5912610" lon="-0.1326790">
    <ele>65.1</ele>
    <time>2020-08-08T08:08:32Z</time>
   </trkpt>
   <trkpt lat="51.5911360" lon="-0.1327360">
    <ele>64.4</ele>
    <time>2020-08-08T08:08:33Z</time>
   </trkpt>
   <trkpt lat="51.5908910" lon="-0.1329300">
    <ele>63.3</ele>
    <time>2020-08-08T08:08:35Z</time>
   </trkpt>
   <trkpt lat="51.5906700" lon="-0.1331580">
    <ele>62.8</ele>
    <time>2020-08-08T08:08:37Z</time>
   </trkpt>
   <trkpt lat="51.5905630" lon="-0.1332710">
    <ele>62.4</ele>
    <time>2020-08-08T08:08:38Z</time>
   </trkpt>
   <trkpt lat="51.5904550" lon="-0.1333820">
    <ele>62.0</ele>
    <time>2020-08-08T08:08:39Z</time>
   </trkpt>
   <trkpt lat="51.5902460" lon="-0.1335430">
    <ele>61.0</ele>
    <time>2020-08-08T08:08:41Z</time>
   </trkpt>
   <trkpt lat="51.5899980" lon="-0.1335920">
    <ele>60.0</ele>
    <time>2020-08-08T08:08:43Z</time>
   </trkpt>
   <trkpt lat="51.5898680" lon="-0.1336050">
    <ele>59.4</ele>
    <time>2020-08-08T08:08:44Z</time>
   </trkpt>
   <trkpt lat="51.5897500" lon="-0.1336020">
    <ele>58.8</ele>
    <time>2020-08-08T08:08:45Z</time>
   </trkpt>
   <trkpt lat="51.5895250" lon="-0.1335680">
    <ele>57.2</ele>
    <time>2020-08-08T08:08:47Z</time>
   </trkpt>
   <trkpt lat="51.5894070" lon="-0.1335490">
    <ele>56.3</ele>
    <time>2020-08-08T08:08:48Z</time>
   </trkpt>
   <trkpt lat="51.5891610" lon="-0.1335080">
    <ele>54.0</ele>
    <time>2020-08-08T08:08:50Z</time>
   </trkpt>
   <trkpt lat="51.5890360" lon="-0.1335050">
    <ele>52.8</ele>
    <time>2020-08-08T08:08:51Z</time>
   </trkpt>
   <trkpt lat="51.5887820" lon="-0.1335050">
    <ele>50.4</ele>
    <time>2020-08-08T08:08:53Z</time>
   </trkpt>
   <trkpt lat="51.5886530" lon="-0.1335110">
    <ele>49.1</ele>
    <time>2020-08-08T08:08:54Z</time>
   </trkpt>
   <trkpt lat="51.5885250" lon="-0.1335210">
    <ele>48.0</ele>
    <time>2020-08-08T08:08:55Z</time>
   </trkpt>
   <trkpt lat="51.5882880" lon="-0.1335460">
    <ele>46.7</ele>
    <time>2020-08-08T08:08:57Z</time>
   </trkpt>
   <trkpt lat="51.5880970" lon="-0.1335670">
    <ele>45.8</ele>
    <time>2020-08-08T08:08:59Z</time>
   </trkpt>
   <trkpt lat="51.5880280" lon="-0.1335850">
    <ele>45.6</ele>
    <time>2020-08-08T08:09:00Z</time>
   </trkpt>
   <trkpt lat="51.5879060" lon="-0.1336220">
    <ele>45.3</ele>
    <time>2020-08-08T08:09:02Z</time>
   </trkpt>
   <trkpt lat="51.5878480" lon="-0.1336480">
    <ele>45.3</ele>
    <time>2020-08-08T08:09:03Z</time>
   </trkpt>
   <trkpt lat="51.5877910" lon="-0.1336770">
    <ele>44.9</ele>
    <time>2020-08-08T08:09:04Z</time>
   </trkpt>
   <trkpt lat="51.5877230" lon="-0.1337230">
    <ele>44.5</ele>
    <time>2020-08-08T08:09:06Z</time>
   </trkpt>
   <trkpt lat="51.5877290" lon="-0.1337390">
    <ele>44.5</ele>
    <time>2020-08-08T08:09:08Z</time>
   </trkpt>
   <trkpt lat="51.5877230" lon="-0.1337430">
    <ele>44.4</ele>
    <time>2020-08-08T08:09:09Z</time>
   </trkpt>
   <trkpt lat="51.5877140" lon="-0.1337500">
    <ele>44.4</ele>
    <time>2020-08-08T08:09:10Z</time>
   </trkpt>
   <trkpt lat="51.5877100" lon="-0.1337550">
    <ele>44.4</ele>
    <time>2020-08-08T08:09:11Z</time>
   </trkpt>
   <trkpt lat="51.5876730" lon="-0.1337700">
    <ele>44.1</ele>
    <time>2020-08-08T08:09:13Z</time>
   </trkpt>
   <trkpt lat="51.5876530" lon="-0.1337420">
    <ele>44.0</ele>
    <time>2020-08-08T08:09:14Z</time>
   </trkpt>
   <trkpt lat="51.5876230" lon="-0.1336790">
    <ele>43.9</ele>
    <time>2020-08-08T08:09:16Z</time>
   </trkpt>
   <trkpt lat="51.5875770" lon="-0.1336790">
    <ele>43.7</ele>
    <time>2020-08-08T08:09:17Z</time>
   </trkpt>
   <trkpt lat="51.5875400" lon="-0.1339510">
    <ele>42.9</ele>
    <time>2020-08-08T08:09:19Z</time>
   </trkpt>
   <trkpt lat="51.5875470" lon="-0.1340780">
    <ele>42.9</ele>
    <time>2020-08-08T08:09:20Z</time>
   </trkpt>
   <trkpt lat="51.5876240" lon="-0.1342870">
    <ele>43.5</ele>
    <time>2020-08-08T08:09:22Z</time>
   </trkpt>
   <trkpt lat="51.5876790" lon="-0.1343790">
    <ele>44.1</ele>
    <time>2020-08-08T08:09:23Z</time>
   </trkpt>
   <trkpt lat="51.5877730" lon="-0.1345660">
    <ele>45.5</ele>
    <time>2020-08-08T08:09:25Z</time>
   </trkpt>
   <trkpt lat="51.5878530" lon="-0.1347490">
    <ele>46.7</ele>
    <time>2020-08-08T08:09:27Z</time>
   </trkpt>
   <trkpt lat="51.5879190" lon="-0.1348950">
    <ele>47.2</ele>
    <time>2020-08-08T08:09:29Z</time>
   </trkpt>
   <trkpt lat="51.5879810" lon="-0.1350320">
    <ele>47.8</ele>
    <time>2020-08-08T08:09:31Z</time>
   </trkpt>
   <trkpt lat="51.5880140" lon="-0.1350900">
    <ele>48.2</ele>
    <time>2020-08-08T08:09:32Z</time>
   </trkpt>
   <trkpt lat="51.5880530" lon="-0.1351460">
    <ele>48.6</ele>
    <time>2020-08-08T08:09:33Z</time>
   </trkpt>
   <trkpt lat="51.5881350" lon="-0.1352670">
    <ele>49.6</ele>
    <time>2020-08-08T08:09:35Z</time>
   </trkpt>
   <trkpt lat="51.5881780" lon="-0.1353340">
    <ele>50.1</ele>
    <time>2020-08-08T08:09:36Z</time>
   </trkpt>
   <trkpt lat="51.5882200" lon="-0.1353970">
    <ele>50.6</ele>
    <time>2020-08-08T08:09:37Z</time>
   </trkpt>
   <trkpt lat="51.5882580" lon="-0.1354600">
    <ele>51.1</ele>
    <time>2020-08-08T08:09:38Z</time>
   </trkpt>
   <trkpt lat="51.5883320" lon="-0.1355780">
    <ele>52.1</ele>
    <time>2020-08-08T08:09:40Z</time>
   </trkpt>
   <trkpt lat="51.5883640" lon="-0.1356390">
    <ele>52.6</ele>
    <time>2020-08-08T08:09:41Z</time>
   </trkpt>
   <trkpt lat="51.5884410" lon="-0.1357500">
    <ele>53.5</ele>
    <time>2020-08-08T08:09:43Z</time>
   </trkpt>
   <trkpt lat="51.5884720" lon="-0.1358040">
    <ele>54.0</ele>
    <time>2020-08-08T08:09:44Z</time>
   </trkpt>
   <trkpt lat="51.5885030" lon="-0.1358530">
    <ele>54.4</ele>
    <time>2020-08-08T08:09:45Z</time>
   </trkpt>
   <trkpt lat="51.5885340" lon="-0.1359020">
    <ele>54.8</ele>
    <time>2020-08-08T08:09:46Z</time>
   </trkpt>
   <trkpt lat="51.5885940" lon="-0.1360050">
    <ele>55.7</ele>
    <time>2020-08-08T08:09:48Z</time>
   </trkpt>
   <trkpt lat="51.5886230" lon="-0.1360610">
    <ele>56.1</ele>
    <time>2020-08-08T08:09:49Z</time>
   </trkpt>
   <trkpt lat="51.5886770" lon="-0.1361490">
    <ele>56.9</ele>
    <time>2020-08-08T08:09:51Z</time>
   </trkpt>
   <trkpt lat="51.5887340" lon="-0.1362460">
    <ele>57.8</ele>
    <time>2020-08-08T08:09:53Z</time>
   </trkpt>
   <trkpt lat="51.5887730" lon="-0.1362860">
    <ele>58.2</ele>
    <time>2020-08-08T08:09:54Z</time>
   </trkpt>
   <trkpt lat="51.5888320" lon="-0.1363570">
    <ele>58.9</ele>
    <time>2020-08-08T08:09:56Z</time>
   </trkpt>
   <trkpt lat="51.5888690" lon="-0.1364170">
    <ele>59.3</ele>
    <time>2020-08-08T08:09:57Z</time>
   </trkpt>
   <trkpt lat="51.5889020" lon="-0.1364110">
    <ele>59.6</ele>
    <time>2020-08-08T08:09:58Z</time>
   </trkpt>
   <trkpt lat="51.5889370" lon="-0.1364060">
    <ele>59.9</ele>
    <time>2020-08-08T08:09:59Z</time>
   </trkpt>
   <trkpt lat="51.5889690" lon="-0.1364380">
    <ele>60.2</ele>
    <time>2020-08-08T08:10:01Z</time>
   </trkpt>
   <trkpt lat="51.5889870" lon="-0.1364910">
    <ele>60.6</ele>
    <time>2020-08-08T08:10:02Z</time>
   </trkpt>
   <trkpt lat="51.5889890" lon="-0.1365100">
    <ele>60.7</ele>
    <time>2020-08-08T08:10:03Z</time>
   </trkpt>
   <trkpt lat="51.5889980" lon="-0.1365590">
    <ele>61.1</ele>
    <time>2020-08-08T08:10:04Z</time>
   </trkpt>
   <trkpt lat="51.5889960" lon="-0.1366330">
    <ele>61.7</ele>
    <time>2020-08-08T08:10:06Z</time>
   </trkpt>
   <trkpt lat="51.5890000" lon="-0.1366530">
    <ele>61.9</ele>
    <time>2020-08-08T08:10:07Z</time>
   </trkpt>
   <trkpt lat="51.5890040" lon="-0.1366740">
    <ele>62.0</ele>
    <time>2020-08-08T08:10:08Z</time>
   </trkpt>
   <trkpt lat="51.5890160" lon="-0.1367220">
    <ele>62.5</ele>
    <time>2020-08-08T08:10:09Z</time>
   </trkpt>
   <trkpt lat="51.5890310" lon="-0.1367670">
    <ele>62.9</ele>
    <time>2020-08-08T08:10:11Z</time>
   </trkpt>
   <trkpt lat="51.5890360" lon="-0.1367810">
    <ele>63.0</ele>
    <time>2020-08-08T08:10:12Z</time>
   </trkpt>
   <trkpt lat="51.5890530" lon="-0.1368260">
    <ele>63.4</ele>
    <time>2020-08-08T08:10:13Z</time>
   </trkpt>
   <trkpt lat="51.5890740" lon="-0.1368740">
    <ele>63.9</ele>
    <time>2020-08-08T08:10:15Z</time>
   </trkpt>
   <trkpt lat="51.5890820" lon="-0.1368900">
    <ele>64.0</ele>
    <time>2020-08-08T08:10:16Z</time>
   </trkpt>
   <trkpt lat="51.5891050" lon="-0.1369320">
    <ele>64.5</ele>
    <time>2020-08-08T08:10:17Z</time>
   </trkpt>
   <trkpt lat="51.5891330" lon="-0.1369810">
    <ele>65.0</ele>
    <time>2020-08-08T08:10:19Z</time>
   </trkpt>
   <trkpt lat="51.5891640" lon="-0.1370300">
    <ele>65.5</ele>
    <time>2020-08-08T08:10:20Z</time>
   </trkpt>
   <trkpt lat="51.5891920" lon="-0.1370860">
    <ele>66.0</ele>
    <time>2020-08-08T08:10:22Z</time>
   </trkpt>
   <trkpt lat="51.5892160" lon="-0.1371400">
    <ele>66.4</ele>
    <time>2020-08-08T08:10:23Z</time>
   </trkpt>
   <trkpt lat="51.5892400" lon="-0.1371950">
    <ele>66.5</ele>
    <time>2020-08-08T08:10:24Z</time>
   </trkpt>
   <trkpt lat="51.5892600" lon="-0.1372420">
    <ele>66.6</ele>
    <time>2020-08-08T08:10:26Z</time>
   </trkpt>
   <trkpt lat="51.5892770" lon="-0.1372850">
    <ele>66.8</ele>
    <time>2020-08-08T08:10:27Z</time>
   </trkpt>
   <trkpt lat="51.5893040" lon="-0.1373480">
    <ele>67.4</ele>
    <time>2020-08-08T08:10:29Z</time>
   </trkpt>
   <trkpt lat="51.5893230" lon="-0.1373960">
    <ele>67.8</ele>
    <time>2020-08-08T08:10:30Z</time>
   </trkpt>
   <trkpt lat="51.5893470" lon="-0.1374610">
    <ele>68.4</ele>
    <time>2020-08-08T08:10:32Z</time>
   </trkpt>
   <trkpt lat="51.5893650" lon="-0.1375090">
    <ele>68.9</ele>
    <time>2020-08-08T08:10:33Z</time>
   </trkpt>
   <trkpt lat="51.5893840" lon="-0.1375650">
    <ele>69.4</ele>
    <time>2020-08-08T08:10:34Z</time>
   </trkpt>
   <trkpt lat="51.5894000" lon="-0.1376130">
    <ele>69.8</ele>
    <time>2020-08-08T08:10:36Z</time>
   </trkpt>
   <trkpt lat="51.5894110" lon="-0.1376490">
    <ele>70.0</ele>
    <time>2020-08-08T08:10:37Z</time>
   </trkpt>
   <trkpt lat="51.5894320" lon="-0.1377190">
    <ele>70.4</ele>
    <time>2020-08-08T08:10:39Z</time>
   </trkpt>
   <trkpt lat="51.5894520" lon="-0.1377900">
    <ele>70.8</ele>
    <time>2020-08-08T08:10:40Z</time>
   </trkpt>
   <trkpt lat="51.5894610" lon="-0.1378240">
    <ele>70.8</ele>
    <time>2020-08-08T08:10:41Z</time>
   </trkpt>
   <trkpt lat="51.5894760" lon="-0.1378780">
    <ele>70.9</ele>
    <time>2020-08-08T08:10:42Z</time>
   </trkpt>
   <trkpt lat="51.5894960" lon="-0.1379400">
    <ele>71.3</ele>
    <time>2020-08-08T08:10:44Z</time>
   </trkpt>
   <trkpt lat="51.5895110" lon="-0.1379840">
    <ele>71.6</ele>
    <time>2020-08-08T08:10:45Z</time>
   </trkpt>
   <trkpt lat="51.5895260" lon="-0.1380210">
    <ele>71.8</ele>
    <time>2020-08-08T08:10:46Z</time>
   </trkpt>
   <trkpt lat="51.5895480" lon="-0.1380800">
    <ele>72.2</ele>
    <time>2020-08-08T08:10:48Z</time>
   </trkpt>
   <trkpt lat="51.5895660" lon="-0.1381280">
    <ele>72.6</ele>
    <time>2020-08-08T08:10:49Z</time>
   </trkpt>
   <trkpt lat="51.5895830" lon="-0.1381730">
    <ele>72.9</ele>
    <time>2020-08-08T08:10:50Z</time>
   </trkpt>
   <trkpt lat="51.5896020" lon="-0.1382130">
    <ele>73.2</ele>
    <time>2020-08-08T08:10:51Z</time>
   </trkpt>
   <trkpt lat="51.5896380" lon="-0.1382920">
    <ele>73.8</ele>
    <time>2020-08-08T08:10:53Z</time>
   </trkpt>
   <trkpt lat="51.5896650" lon="-0.1383590">
    <ele>74.5</ele>
    <time>2020-08-08T08:10:55Z</time>
   </trkpt>
   <trkpt lat="51.5896880" lon="-0.1384090">
    <ele>75.0</ele>
    <time>2020-08-08T08:10:56Z</time>
   </trkpt>
   <trkpt lat="51.5896950" lon="-0.1384260">
    <ele>75.1</ele>
    <time>2020-08-08T08:10:57Z</time>
   </trkpt>
   <trkpt lat="51.5897180" lon="-0.1384790">
    <ele>75.6</ele>
    <time>2020-08-08T08:10:58Z</time>
   </trkpt>
   <trkpt lat="51.5897270" lon="-0.1384990">
    <ele>75.8</ele>
    <time>2020-08-08T08:10:59Z</time>
   </trkpt>
   <trkpt lat="51.5897610" lon="-0.1385750">
    <ele>76.5</ele>
    <time>2020-08-08T08:11:01Z</time>
   </trkpt>
   <trkpt lat="51.5897860" lon="-0.1386400">
    <ele>77.0</ele>
    <time>2020-08-08T08:11:03Z</time>
   </trkpt>
   <trkpt lat="51.5898000" lon="-0.1386870">
    <ele>77.4</ele>
    <time>2020-08-08T08:11:04Z</time>
   </trkpt>
   <trkpt lat="51.5898130" lon="-0.1387260">
    <ele>77.7</ele>
    <time>2020-08-08T08:11:05Z</time>
   </trkpt>
   <trkpt lat="51.5898340" lon="-0.1387870">
    <ele>78.2</ele>
    <time>2020-08-08T08:11:06Z</time>
   </trkpt>
   <trkpt lat="51.5898440" lon="-0.1388140">
    <ele>78.4</ele>
    <time>2020-08-08T08:11:07Z</time>
   </trkpt>
   <trkpt lat="51.5898620" lon="-0.1388610">
    <ele>78.8</ele>
    <time>2020-08-08T08:11:09Z</time>
   </trkpt>
   <trkpt lat="51.5898770" lon="-0.1388990">
    <ele>79.1</ele>
    <time>2020-08-08T08:11:10Z</time>
   </trkpt>
   <trkpt lat="51.5898930" lon="-0.1389370">
    <ele>79.4</ele>
    <time>2020-08-08T08:11:11Z</time>
   </trkpt>
   <trkpt lat="51.5899090" lon="-0.1389720">
    <ele>79.8</ele>
    <time>2020-08-08T08:11:12Z</time>
   </trkpt>
   <trkpt lat="51.5899300" lon="-0.1390200">
    <ele>80.2</ele>
    <time>2020-08-08T08:11:14Z</time>
   </trkpt>
   <trkpt lat="51.5899500" lon="-0.1390660">
    <ele>80.6</ele>
    <time>2020-08-08T08:11:15Z</time>
   </trkpt>
   <trkpt lat="51.5899650" lon="-0.1391010">
    <ele>81.0</ele>
    <time>2020-08-08T08:11:16Z</time>
   </trkpt>
   <trkpt lat="51.5899830" lon="-0.1391440">
    <ele>81.4</ele>
    <time>2020-08-08T08:11:17Z</time>
   </trkpt>
   <trkpt lat="51.5900110" lon="-0.1392100">
    <ele>82.0</ele>
    <time>2020-08-08T08:11:18Z</time>
   </trkpt>
   <trkpt lat="51.5900330" lon="-0.1392560">
    <ele>82.5</ele>
    <time>2020-08-08T08:11:19Z</time>
   </trkpt>
   <trkpt lat="51.5900610" lon="-0.1393200">
    <ele>83.2</ele>
    <time>2020-08-08T08:11:21Z</time>
   </trkpt>
   <trkpt lat="51.5900920" lon="-0.1394090">
    <ele>84.0</ele>
    <time>2020-08-08T08:11:23Z</time>
   </trkpt>
   <trkpt lat="51.5901260" lon="-0.1394940">
    <ele>84.8</ele>
    <time>2020-08-08T08:11:25Z</time>
   </trkpt>
   <trkpt lat="51.5901520" lon="-0.1395580">
    <ele>85.3</ele>
    <time>2020-08-08T08:11:26Z</time>
   </trkpt>
   <trkpt lat="51.5901780" lon="-0.1396290">
    <ele>85.7</ele>
    <time>2020-08-08T08:11:28Z</time>
   </trkpt>
   <trkpt lat="51.5902030" lon="-0.1396940">
    <ele>86.1</ele>
    <time>2020-08-08T08:11:29Z</time>
   </trkpt>
   <trkpt lat="51.5902340" lon="-0.1397690">
    <ele>86.5</ele>
    <time>2020-08-08T08:11:30Z</time>
   </trkpt>
   <trkpt lat="51.5902690" lon="-0.1398570">
    <ele>87.3</ele>
    <time>2020-08-08T08:11:32Z</time>
   </trkpt>
   <trkpt lat="51.5902940" lon="-0.1399250">
    <ele>88.0</ele>
    <time>2020-08-08T08:11:33Z</time>
   </trkpt>
   <trkpt lat="51.5903250" lon="-0.1400090">
    <ele>88.8</ele>
    <time>2020-08-08T08:11:35Z</time>
   </trkpt>
   <trkpt lat="51.5903510" lon="-0.1400760">
    <ele>89.5</ele>
    <time>2020-08-08T08:11:36Z</time>
   </trkpt>
   <trkpt lat="51.5903730" lon="-0.1401310">
    <ele>90.1</ele>
    <time>2020-08-08T08:11:38Z</time>
   </trkpt>
   <trkpt lat="51.5903970" lon="-0.1401880">
    <ele>90.8</ele>
    <time>2020-08-08T08:11:39Z</time>
   </trkpt>
   <trkpt lat="51.5904390" lon="-0.1402870">
    <ele>91.1</ele>
    <time>2020-08-08T08:11:41Z</time>
   </trkpt>
   <trkpt lat="51.5905100" lon="-0.1403950">
    <ele>92.1</ele>
    <time>2020-08-08T08:11:42Z</time>
   </trkpt>
   <trkpt lat="51.5904600" lon="-0.1403910">
    <ele>92.6</ele>
    <time>2020-08-08T08:11:44Z</time>
   </trkpt>
   <trkpt lat="51.5904330" lon="-0.1404180">
    <ele>92.9</ele>
    <time>2020-08-08T08:11:45Z</time>
   </trkpt>
   <trkpt lat="51.5904480" lon="-0.1404510">
    <ele>93.2</ele>
    <time>2020-08-08T08:11:46Z</time>
   </trkpt>
   <trkpt lat="51.5904690" lon="-0.1404680">
    <ele>93.4</ele>
    <time>2020-08-08T08:11:48Z</time>
   </trkpt>
   <trkpt lat="51.5904970" lon="-0.1405150">
    <ele>93.8</ele>
    <time>2020-08-08T08:11:49Z</time>
   </trkpt>
   <trkpt lat="51.5905080" lon="-0.1405410">
    <ele>94.0</ele>
    <time>2020-08-08T08:11:50Z</time>
   </trkpt>
   <trkpt lat="51.5905330" lon="-0.1406010">
    <ele>94.5</ele>
    <time>2020-08-08T08:11:52Z</time>
   </trkpt>
   <trkpt lat="51.5905720" lon="-0.1406820">
    <ele>95.1</ele>
    <time>2020-08-08T08:11:54Z</time>
   </trkpt>
   <trkpt lat="51.5906000" lon="-0.1407420">
    <ele>95.6</ele>
    <time>2020-08-08T08:11:55Z</time>
   </trkpt>
   <trkpt lat="51.5906390" lon="-0.1408250">
    <ele>96.2</ele>
    <time>2020-08-08T08:11:56Z</time>
   </trkpt>
   <trkpt lat="51.5906710" lon="-0.1408990">
    <ele>96.8</ele>
    <time>2020-08-08T08:11:58Z</time>
   </trkpt>
   <trkpt lat="51.5907010" lon="-0.1409770">
    <ele>97.5</ele>
    <time>2020-08-08T08:11:59Z</time>
   </trkpt>
   <trkpt lat="51.5907210" lon="-0.1410300">
    <ele>97.8</ele>
    <time>2020-08-08T08:12:00Z</time>
   </trkpt>
   <trkpt lat="51.5907550" lon="-0.1411370">
    <ele>98.7</ele>
    <time>2020-08-08T08:12:02Z</time>
   </trkpt>
   <trkpt lat="51.5907690" lon="-0.1412000">
    <ele>99.1</ele>
    <time>2020-08-08T08:12:03Z</time>
   </trkpt>
   <trkpt lat="51.5907830" lon="-0.1412880">
    <ele>99.7</ele>
    <time>2020-08-08T08:12:05Z</time>
   </trkpt>
   <trkpt lat="51.5907880" lon="-0.1413230">
    <ele>99.9</ele>
    <time>2020-08-08T08:12:06Z</time>
   </trkpt>
   <trkpt lat="51.5907960" lon="-0.1413820">
    <ele>100.2</ele>
    <time>2020-08-08T08:12:08Z</time>
   </trkpt>
   <trkpt lat="51.5908000" lon="-0.1413950">
    <ele>100.3</ele>
    <time>2020-08-08T08:12:09Z</time>
   </trkpt>
   <trkpt lat="51.5908020" lon="-0.1414370">
    <ele>100.5</ele>
    <time>2020-08-08T08:12:11Z</time>
   </trkpt>
   <trkpt lat="51.5908090" lon="-0.1414710">
    <ele>100.7</ele>
    <time>2020-08-08T08:12:13Z</time>
   </trkpt>
   <trkpt lat="51.5908160" lon="-0.1414780">
    <ele>100.7</ele>
    <time>2020-08-08T08:12:14Z</time>
   </trkpt>
   <trkpt lat="51.5908240" lon="-0.1415380">
    <ele>101.3</ele>
    <time>2020-08-08T08:12:15Z</time>
   </trkpt>
   <trkpt lat="51.5908250" lon="-0.1415680">
    <ele>101.4</ele>
    <time>2020-08-08T08:12:16Z</time>
   </trkpt>
   <trkpt lat="51.5908230" lon="-0.1416330">
    <ele>101.7</ele>
    <time>2020-08-08T08:12:18Z</time>
   </trkpt>
   <trkpt lat="51.5908120" lon="-0.1416890">
    <ele>101.8</ele>
    <time>2020-08-08T08:12:19Z</time>
   </trkpt>
   <trkpt lat="51.5908070" lon="-0.1417110">
    <ele>101.9</ele>
    <time>2020-08-08T08:12:20Z</time>
   </trkpt>
   <trkpt lat="51.5907920" lon="-0.1417920">
    <ele>102.1</ele>
    <time>2020-08-08T08:12:22Z</time>
   </trkpt>
   <trkpt lat="51.5907870" lon="-0.1418600">
    <ele>102.4</ele>
    <time>2020-08-08T08:12:24Z</time>
   </trkpt>
   <trkpt lat="51.5907790" lon="-0.1419490">
    <ele>102.6</ele>
    <time>2020-08-08T08:12:25Z</time>
   </trkpt>
   <trkpt lat="51.5907780" lon="-0.1422280">
    <ele>103.0</ele>
    <time>2020-08-08T08:12:27Z</time>
   </trkpt>
   <trkpt lat="51.5907830" lon="-0.1424880">
    <ele>103.4</ele>
    <time>2020-08-08T08:12:28Z</time>
   </trkpt>
   <trkpt lat="51.5907750" lon="-0.1426000">
    <ele>103.7</ele>
    <time>2020-08-08T08:12:30Z</time>
   </trkpt>
   <trkpt lat="51.5907560" lon="-0.1426930">
    <ele>103.8</ele>
    <time>2020-08-08T08:12:31Z</time>
   </trkpt>
   <trkpt lat="51.5907420" lon="-0.1427460">
    <ele>103.9</ele>
    <time>2020-08-08T08:12:32Z</time>
   </trkpt>
   <trkpt lat="51.5907240" lon="-0.1427960">
    <ele>103.9</ele>
    <time>2020-08-08T08:12:33Z</time>
   </trkpt>
   <trkpt lat="51.5906940" lon="-0.1428890">
    <ele>104.0</ele>
    <time>2020-08-08T08:12:35Z</time>
   </trkpt>
   <trkpt lat="51.5906780" lon="-0.1429280">
    <ele>104.0</ele>
    <time>2020-08-08T08:12:36Z</time>
   </trkpt>
   <trkpt lat="51.5906560" lon="-0.1430010">
    <ele>104.0</ele>
    <time>2020-08-08T08:12:38Z</time>
   </trkpt>
   <trkpt lat="51.5906540" lon="-0.1430310">
    <ele>104.1</ele>
    <time>2020-08-08T08:12:39Z</time>
   </trkpt>
   <trkpt lat="51.5906350" lon="-0.1430900">
    <ele>104.1</ele>
    <time>2020-08-08T08:12:41Z</time>
   </trkpt>
   <trkpt lat="51.5906290" lon="-0.1431150">
    <ele>104.1</ele>
    <time>2020-08-08T08:12:42Z</time>
   </trkpt>
   <trkpt lat="51.5906240" lon="-0.1431420">
    <ele>104.2</ele>
    <time>2020-08-08T08:12:43Z</time>
   </trkpt>
   <trkpt lat="51.5906250" lon="-0.1431690">
    <ele>104.2</ele>
    <time>2020-08-08T08:12:44Z</time>
   </trkpt>
   <trkpt lat="51.5906260" lon="-0.1431880">
    <ele>104.2</ele>
    <time>2020-08-08T08:12:45Z</time>
   </trkpt>
   <trkpt lat="51.5906290" lon="-0.1432180">
    <ele>104.2</ele>
    <time>2020-08-08T08:12:47Z</time>
   </trkpt>
   <trkpt lat="51.5906290" lon="-0.1432330">
    <ele>104.2</ele>
    <time>2020-08-08T08:12:48Z</time>
   </trkpt>
   <trkpt lat="51.5906310" lon="-0.1432290">
    <ele>104.2</ele>
    <time>2020-08-08T08:12:50Z</time>
   </trkpt>
   <trkpt lat="51.5906290" lon="-0.1432330">
    <ele>104.2</ele>
    <time>2020-08-08T08:12:52Z</time>
   </trkpt>
   <trkpt lat="51.5906260" lon="-0.1432400">
    <ele>104.2</ele>
    <time>2020-08-08T08:12:53Z</time>
   </trkpt>
   <trkpt lat="51.5905440" lon="-0.1433480">
    <ele>104.3</ele>
    <time>2020-08-08T08:12:55Z</time>
   </trkpt>
   <trkpt lat="51.5904540" lon="-0.1434810">
    <ele>104.4</ele>
    <time>2020-08-08T08:12:57Z</time>
   </trkpt>
   <trkpt lat="51.5904650" lon="-0.1435090">
    <ele>104.4</ele>
    <time>2020-08-08T08:12:58Z</time>
   </trkpt>
   <trkpt lat="51.5904730" lon="-0.1435310">
    <ele>104.4</ele>
    <time>2020-08-08T08:12:59Z</time>
   </trkpt>
   <trkpt lat="51.5903160" lon="-0.1437060">
    <ele>104.4</ele>
    <time>2020-08-08T08:13:00Z</time>
   </trkpt>
   <trkpt lat="51.5902820" lon="-0.1437480">
    <ele>104.4</ele>
    <time>2020-08-08T08:13:01Z</time>
   </trkpt>
   <trkpt lat="51.5902230" lon="-0.1438310">
    <ele>104.4</ele>
    <time>2020-08-08T08:13:02Z</time>
   </trkpt>
   <trkpt lat="51.5901120" lon="-0.1439780">
    <ele>104.3</ele>
    <time>2020-08-08T08:13:04Z</time>
   </trkpt>
   <trkpt lat="51.5900640" lon="-0.1440500">
    <ele>104.2</ele>
    <time>2020-08-08T08:13:05Z</time>
   </trkpt>
   <trkpt lat="51.5900190" lon="-0.1441220">
    <ele>104.1</ele>
    <time>2020-08-08T08:13:06Z</time>
   </trkpt>
   <trkpt lat="51.5899770" lon="-0.1441900">
    <ele>104.1</ele>
    <time>2020-08-08T08:13:07Z</time>
   </trkpt>
   <trkpt lat="51.5899420" lon="-0.1442450">
    <ele>104.0</ele>
    <time>2020-08-08T08:13:08Z</time>
   </trkpt>
   <trkpt lat="51.5899060" lon="-0.1442960">
    <ele>103.9</ele>
    <time>2020-08-08T08:13:09Z</time>
   </trkpt>
   <trkpt lat="51.5898690" lon="-0.1443510">
    <ele>103.8</ele>
    <time>2020-08-08T08:13:10Z</time>
   </trkpt>
   <trkpt lat="51.5897910" lon="-0.1444750">
    <ele>103.6</ele>
    <time>2020-08-08T08:13:12Z</time>
   </trkpt>
   <trkpt lat="51.5897510" lon="-0.1445430">
    <ele>103.5</ele>
    <time>2020-08-08T08:13:13Z</time>
   </trkpt>
   <trkpt lat="51.5897120" lon="-0.1446060">
    <ele>103.5</ele>
    <time>2020-08-08T08:13:14Z</time>
   </trkpt>
   <trkpt lat="51.5896400" lon="-0.1447520">
    <ele>103.3</ele>
    <time>2020-08-08T08:13:16Z</time>
   </trkpt>
   <trkpt lat="51.5896110" lon="-0.1448420">
    <ele>103.3</ele>
    <time>2020-08-08T08:13:17Z</time>
   </trkpt>
   <trkpt lat="51.5895910" lon="-0.1449380">
    <ele>103.4</ele>
    <time>2020-08-08T08:13:18Z</time>
   </trkpt>
   <trkpt lat="51.5895420" lon="-0.1451320">
    <ele>103.6</ele>
    <time>2020-08-08T08:13:20Z</time>
   </trkpt>
   <trkpt lat="51.5895150" lon="-0.1452260">
    <ele>103.6</ele>
    <time>2020-08-08T08:13:21Z</time>
   </trkpt>
   <trkpt lat="51.5894470" lon="-0.1453870">
    <ele>103.4</ele>
    <time>2020-08-08T08:13:23Z</time>
   </trkpt>
   <trkpt lat="51.5893350" lon="-0.1455280">
    <ele>102.9</ele>
    <time>2020-08-08T08:13:25Z</time>
   </trkpt>
   <trkpt lat="51.5892010" lon="-0.1456640">
    <ele>102.3</ele>
    <time>2020-08-08T08:13:27Z</time>
   </trkpt>
   <trkpt lat="51.5891300" lon="-0.1457300">
    <ele>102.0</ele>
    <time>2020-08-08T08:13:28Z</time>
   </trkpt>
   <trkpt lat="51.5889860" lon="-0.1458420">
    <ele>101.7</ele>
    <time>2020-08-08T08:13:30Z</time>
   </trkpt>
   <trkpt lat="51.5888550" lon="-0.1459700">
    <ele>101.5</ele>
    <time>2020-08-08T08:13:32Z</time>
   </trkpt>
   <trkpt lat="51.5887910" lon="-0.1460400">
    <ele>101.4</ele>
    <time>2020-08-08T08:13:33Z</time>
   </trkpt>
   <trkpt lat="51.5886680" lon="-0.1461980">
    <ele>101.3</ele>
    <time>2020-08-08T08:13:35Z</time>
   </trkpt>
   <trkpt lat="51.5885460" lon="-0.1463460">
    <ele>101.1</ele>
    <time>2020-08-08T08:13:37Z</time>
   </trkpt>
   <trkpt lat="51.5884150" lon="-0.1464760">
    <ele>101.0</ele>
    <time>2020-08-08T08:13:39Z</time>
   </trkpt>
   <trkpt lat="51.5882830" lon="-0.1466050">
    <ele>100.9</ele>
    <time>2020-08-08T08:13:41Z</time>
   </trkpt>
   <trkpt lat="51.5882220" lon="-0.1466670">
    <ele>100.8</ele>
    <time>2020-08-08T08:13:42Z</time>
   </trkpt>
   <trkpt lat="51.5881620" lon="-0.1467200">
    <ele>100.8</ele>
    <time>2020-08-08T08:13:43Z</time>
   </trkpt>
   <trkpt lat="51.5880400" lon="-0.1468100">
    <ele>100.7</ele>
    <time>2020-08-08T08:13:45Z</time>
   </trkpt>
   <trkpt lat="51.5879650" lon="-0.1468320">
    <ele>100.6</ele>
    <time>2020-08-08T08:13:46Z</time>
   </trkpt>
   <trkpt lat="51.5878010" lon="-0.1468470">
    <ele>100.4</ele>
    <time>2020-08-08T08:13:48Z</time>
   </trkpt>
   <trkpt lat="51.5876710" lon="-0.1468400">
    <ele>100.1</ele>
    <time>2020-08-08T08:13:50Z</time>
   </trkpt>
   <trkpt lat="51.5876270" lon="-0.1468290">
    <ele>100.0</ele>
    <time>2020-08-08T08:13:51Z</time>
   </trkpt>
   <trkpt lat="51.5875890" lon="-0.1468160">
    <ele>99.9</ele>
    <time>2020-08-08T08:13:52Z</time>
   </trkpt>
   <trkpt lat="51.5875350" lon="-0.1467940">
    <ele>99.7</ele>
    <time>2020-08-08T08:13:54Z</time>
   </trkpt>
   <trkpt lat="51.5875050" lon="-0.1467770">
    <ele>99.6</ele>
    <time>2020-08-08T08:13:55Z</time>
   </trkpt>
   <trkpt lat="51.5874970" lon="-0.1467730">
    <ele>99.5</ele>
    <time>2020-08-08T08:13:56Z</time>
   </trkpt>
   <trkpt lat="51.5874820" lon="-0.1467710">
    <ele>99.5</ele>
    <time>2020-08-08T08:13:57Z</time>
   </trkpt>
   <trkpt lat="51.5874540" lon="-0.1467710">
    <ele>99.4</ele>
    <time>2020-08-08T08:13:59Z</time>
   </trkpt>
   <trkpt lat="51.5874380" lon="-0.1467720">
    <ele>99.3</ele>
    <time>2020-08-08T08:14:00Z</time>
   </trkpt>
   <trkpt lat="51.5874230" lon="-0.1467810">
    <ele>99.3</ele>
    <time>2020-08-08T08:14:01Z</time>
   </trkpt>
   <trkpt lat="51.5874060" lon="-0.1467950">
    <ele>99.2</ele>
    <time>2020-08-08T08:14:02Z</time>
   </trkpt>
   <trkpt lat="51.5873770" lon="-0.1468080">
    <ele>99.1</ele>
    <time>2020-08-08T08:14:04Z</time>
   </trkpt>
   <trkpt lat="51.5873560" lon="-0.1468220">
    <ele>99.0</ele>
    <time>2020-08-08T08:14:06Z</time>
   </trkpt>
   <trkpt lat="51.5873460" lon="-0.1468310">
    <ele>98.9</ele>
    <time>2020-08-08T08:14:07Z</time>
   </trkpt>
   <trkpt lat="51.5873280" lon="-0.1468680">
    <ele>98.8</ele>
    <time>2020-08-08T08:14:09Z</time>
   </trkpt>
   <trkpt lat="51.5873250" lon="-0.1468910">
    <ele>98.8</ele>
    <time>2020-08-08T08:14:11Z</time>
   </trkpt>
   <trkpt lat="51.5873210" lon="-0.1469130">
    <ele>98.7</ele>
    <time>2020-08-08T08:14:12Z</time>
   </trkpt>
   <trkpt lat="51.5873170" lon="-0.1469350">
    <ele>98.6</ele>
    <time>2020-08-08T08:14:13Z</time>
   </trkpt>
   <trkpt lat="51.5873150" lon="-0.1469660">
    <ele>98.5</ele>
    <time>2020-08-08T08:14:14Z</time>
   </trkpt>
   <trkpt lat="51.5873150" lon="-0.1470080">
    <ele>98.4</ele>
    <time>2020-08-08T08:14:16Z</time>
   </trkpt>
   <trkpt lat="51.5873160" lon="-0.1470160">
    <ele>98.4</ele>
    <time>2020-08-08T08:14:17Z</time>
   </trkpt>
   <trkpt lat="51.5873190" lon="-0.1470200">
    <ele>98.4</ele>
    <time>2020-08-08T08:14:18Z</time>
   </trkpt>
   <trkpt lat="51.5873240" lon="-0.1470200">
    <ele>98.4</ele>
    <time>2020-08-08T08:14:19Z</time>
   </trkpt>
   <trkpt lat="51.5873350" lon="-0.1470080">
    <ele>98.3</ele>
    <time>2020-08-08T08:14:21Z</time>
   </trkpt>
   <trkpt lat="51.5873410" lon="-0.1469980">
    <ele>98.3</ele>
    <time>2020-08-08T08:14:22Z</time>
   </trkpt>
   <trkpt lat="51.5873440" lon="-0.1469880">
    <ele>98.2</ele>
    <time>2020-08-08T08:14:23Z</time>
   </trkpt>
   <trkpt lat="51.5873430" lon="-0.1469550">
    <ele>98.2</ele>
    <time>2020-08-08T08:14:24Z</time>
   </trkpt>
   <trkpt lat="51.5873410" lon="-0.1469330">
    <ele>98.1</ele>
    <time>2020-08-08T08:14:26Z</time>
   </trkpt>
   <trkpt lat="51.5873390" lon="-0.1469100">
    <ele>98.0</ele>
    <time>2020-08-08T08:14:27Z</time>
   </trkpt>
   <trkpt lat="51.5873290" lon="-0.1468810">
    <ele>97.9</ele>
    <time>2020-08-08T08:14:28Z</time>
   </trkpt>
   <trkpt lat="51.5873230" lon="-0.1468680">
    <ele>97.9</ele>
    <time>2020-08-08T08:14:29Z</time>
   </trkpt>
   <trkpt lat="51.5873040" lon="-0.1468150">
    <ele>97.7</ele>
    <time>2020-08-08T08:14:31Z</time>
   </trkpt>
   <trkpt lat="51.5872970" lon="-0.1467650">
    <ele>97.6</ele>
    <time>2020-08-08T08:14:32Z</time>
   </trkpt>
   <trkpt lat="51.5872810" lon="-0.1466850">
    <ele>97.3</ele>
    <time>2020-08-08T08:14:34Z</time>
   </trkpt>
   <trkpt lat="51.5872770" lon="-0.1466720">
    <ele>97.3</ele>
    <time>2020-08-08T08:14:35Z</time>
   </trkpt>
   <trkpt lat="51.5872740" lon="-0.1466650">
    <ele>97.3</ele>
    <time>2020-08-08T08:14:36Z</time>
   </trkpt>
   <trkpt lat="51.5872730" lon="-0.1466580">
    <ele>97.2</ele>
    <time>2020-08-08T08:14:38Z</time>
   </trkpt>
   <trkpt lat="51.5872710" lon="-0.1466810">
    <ele>97.2</ele>
    <time>2020-08-08T08:14:39Z</time>
   </trkpt>
   <trkpt lat="51.5872710" lon="-0.1467020">
    <ele>97.1</ele>
    <time>2020-08-08T08:14:41Z</time>
   </trkpt>
   <trkpt lat="51.5872770" lon="-0.1466950">
    <ele>97.1</ele>
    <time>2020-08-08T08:14:42Z</time>
   </trkpt>
   <trkpt lat="51.5872920" lon="-0.1466800">
    <ele>97.0</ele>
    <time>2020-08-08T08:14:44Z</time>
   </trkpt>
   <trkpt lat="51.5872970" lon="-0.1466660">
    <ele>97.0</ele>
    <time>2020-08-08T08:14:45Z</time>
   </trkpt>
   <trkpt lat="51.5872970" lon="-0.1466260">
    <ele>96.8</ele>
    <time>2020-08-08T08:14:47Z</time>
   </trkpt>
   <trkpt lat="51.5872990" lon="-0.1466080">
    <ele>96.8</ele>
    <time>2020-08-08T08:14:48Z</time>
   </trkpt>
   <trkpt lat="51.5873050" lon="-0.1466010">
    <ele>96.8</ele>
    <time>2020-08-08T08:14:49Z</time>
   </trkpt>
   <trkpt lat="51.5873360" lon="-0.1466140">
    <ele>96.6</ele>
    <time>2020-08-08T08:14:51Z</time>
   </trkpt>
   <trkpt lat="51.5873670" lon="-0.1466430">
    <ele>96.4</ele>
    <time>2020-08-08T08:14:52Z</time>
   </trkpt>
   <trkpt lat="51.5873760" lon="-0.1466560">
    <ele>96.4</ele>
    <time>2020-08-08T08:14:53Z</time>
   </trkpt>
   <trkpt lat="51.5874090" lon="-0.1467430">
    <ele>96.1</ele>
    <time>2020-08-08T08:14:55Z</time>
   </trkpt>
   <trkpt lat="51.5874170" lon="-0.1468250">
    <ele>95.9</ele>
    <time>2020-08-08T08:14:57Z</time>
   </trkpt>
   <trkpt lat="51.5874220" lon="-0.1468760">
    <ele>95.7</ele>
    <time>2020-08-08T08:14:58Z</time>
   </trkpt>
   <trkpt lat="51.5874220" lon="-0.1469250">
    <ele>95.6</ele>
    <time>2020-08-08T08:14:59Z</time>
   </trkpt>
   <trkpt lat="51.5874190" lon="-0.1470200">
    <ele>95.3</ele>
    <time>2020-08-08T08:15:01Z</time>
   </trkpt>
   <trkpt lat="51.5873780" lon="-0.1471130">
    <ele>95.0</ele>
    <time>2020-08-08T08:15:03Z</time>
   </trkpt>
   <trkpt lat="51.5873440" lon="-0.1471550">
    <ele>94.8</ele>
    <time>2020-08-08T08:15:04Z</time>
   </trkpt>
   <trkpt lat="51.5873060" lon="-0.1472300">
    <ele>94.6</ele>
    <time>2020-08-08T08:15:06Z</time>
   </trkpt>
   <trkpt lat="51.5872930" lon="-0.1472830">
    <ele>94.5</ele>
    <time>2020-08-08T08:15:07Z</time>
   </trkpt>
   <trkpt lat="51.5872790" lon="-0.1473390">
    <ele>94.3</ele>
    <time>2020-08-08T08:15:08Z</time>
   </trkpt>
   <trkpt lat="51.5872680" lon="-0.1473780">
    <ele>94.3</ele>
    <time>2020-08-08T08:15:09Z</time>
   </trkpt>
   <trkpt lat="51.5872600" lon="-0.1474060">
    <ele>94.2</ele>
    <time>2020-08-08T08:15:11Z</time>
   </trkpt>
   <trkpt lat="51.5872550" lon="-0.1473580">
    <ele>94.1</ele>
    <time>2020-08-08T08:15:12Z</time>
   </trkpt>
   <trkpt lat="51.5872540" lon="-0.1473100">
    <ele>94.0</ele>
    <time>2020-08-08T08:15:13Z</time>
   </trkpt>
   <trkpt lat="51.5872470" lon="-0.1471960">
    <ele>93.8</ele>
    <time>2020-08-08T08:15:14Z</time>
   </trkpt>
   <trkpt lat="51.5872330" lon="-0.1470900">
    <ele>93.7</ele>
    <time>2020-08-08T08:15:16Z</time>
   </trkpt>
   <trkpt lat="51.5871870" lon="-0.1470270">
    <ele>93.6</ele>
    <time>2020-08-08T08:15:18Z</time>
   </trkpt>
   <trkpt lat="51.5871510" lon="-0.1469960">
    <ele>93.5</ele>
    <time>2020-08-08T08:15:19Z</time>
   </trkpt>
   <trkpt lat="51.5871100" lon="-0.1469780">
    <ele>93.4</ele>
    <time>2020-08-08T08:15:20Z</time>
   </trkpt>
   <trkpt lat="51.5870550" lon="-0.1469850">
    <ele>93.3</ele>
    <time>2020-08-08T08:15:21Z</time>
   </trkpt>
   <trkpt lat="51.5869110" lon="-0.1469880">
    <ele>93.0</ele>
    <time>2020-08-08T08:15:23Z</time>
   </trkpt>
   <trkpt lat="51.5867780" lon="-0.1469810">
    <ele>92.7</ele>
    <time>2020-08-08T08:15:25Z</time>
   </trkpt>
   <trkpt lat="51.5866590" lon="-0.1469860">
    <ele>92.5</ele>
    <time>2020-08-08T08:15:27Z</time>
   </trkpt>
   <trkpt lat="51.5866010" lon="-0.1469890">
    <ele>92.4</ele>
    <time>2020-08-08T08:15:28Z</time>
   </trkpt>
   <trkpt lat="51.5864950" lon="-0.1469820">
    <ele>92.2</ele>
    <time>2020-08-08T08:15:30Z</time>
   </trkpt>
   <trkpt lat="51.5864390" lon="-0.1469630">
    <ele>92.1</ele>
    <time>2020-08-08T08:15:31Z</time>
   </trkpt>
   <trkpt lat="51.5863150" lon="-0.1469540">
    <ele>91.9</ele>
    <time>2020-08-08T08:15:33Z</time>
   </trkpt>
   <trkpt lat="51.5861610" lon="-0.1469660">
    <ele>91.7</ele>
    <time>2020-08-08T08:15:35Z</time>
   </trkpt>
   <trkpt lat="51.5860740" lon="-0.1469750">
    <ele>91.7</ele>
    <time>2020-08-08T08:15:36Z</time>
   </trkpt>
   <trkpt lat="51.5859050" lon="-0.1469890">
    <ele>91.7</ele>
    <time>2020-08-08T08:15:38Z</time>
   </trkpt>
   <trkpt lat="51.5858180" lon="-0.1469990">
    <ele>91.8</ele>
    <time>2020-08-08T08:15:39Z</time>
   </trkpt>
   <trkpt lat="51.5856340" lon="-0.1469910">
    <ele>92.3</ele>
    <time>2020-08-08T08:15:41Z</time>
   </trkpt>
   <trkpt lat="51.5855380" lon="-0.1469710">
    <ele>92.6</ele>
    <time>2020-08-08T08:15:42Z</time>
   </trkpt>
   <trkpt lat="51.5854400" lon="-0.1469640">
    <ele>92.9</ele>
    <time>2020-08-08T08:15:43Z</time>
   </trkpt>
   <trkpt lat="51.5853400" lon="-0.1469450">
    <ele>93.3</ele>
    <time>2020-08-08T08:15:44Z</time>
   </trkpt>
   <trkpt lat="51.5851570" lon="-0.1468810">
    <ele>94.0</ele>
    <time>2020-08-08T08:15:46Z</time>
   </trkpt>
   <trkpt lat="51.5850710" lon="-0.1468610">
    <ele>94.3</ele>
    <time>2020-08-08T08:15:47Z</time>
   </trkpt>
   <trkpt lat="51.5849880" lon="-0.1468440">
    <ele>94.5</ele>
    <time>2020-08-08T08:15:48Z</time>
   </trkpt>
   <trkpt lat="51.5848200" lon="-0.1468290">
    <ele>95.0</ele>
    <time>2020-08-08T08:15:50Z</time>
   </trkpt>
   <trkpt lat="51.5847300" lon="-0.1468340">
    <ele>95.3</ele>
    <time>2020-08-08T08:15:51Z</time>
   </trkpt>
   <trkpt lat="51.5845340" lon="-0.1468740">
    <ele>95.9</ele>
    <time>2020-08-08T08:15:53Z</time>
   </trkpt>
   <trkpt lat="51.5844370" lon="-0.1468850">
    <ele>96.3</ele>
    <time>2020-08-08T08:15:54Z</time>
   </trkpt>
   <trkpt lat="51.5843480" lon="-0.1468850">
    <ele>96.7</ele>
    <time>2020-08-08T08:15:55Z</time>
   </trkpt>
   <trkpt lat="51.5841880" lon="-0.1468650">
    <ele>97.4</ele>
    <time>2020-08-08T08:15:57Z</time>
   </trkpt>
   <trkpt lat="51.5840600" lon="-0.1468180">
    <ele>97.9</ele>
    <time>2020-08-08T08:15:59Z</time>
   </trkpt>
   <trkpt lat="51.5840050" lon="-0.1468020">
    <ele>98.1</ele>
    <time>2020-08-08T08:16:00Z</time>
   </trkpt>
   <trkpt lat="51.5839460" lon="-0.1467820">
    <ele>98.1</ele>
    <time>2020-08-08T08:16:02Z</time>
   </trkpt>
   <trkpt lat="51.5839330" lon="-0.1467790">
    <ele>98.1</ele>
    <time>2020-08-08T08:16:03Z</time>
   </trkpt>
   <trkpt lat="51.5839370" lon="-0.1467820">
    <ele>98.1</ele>
    <time>2020-08-08T08:16:05Z</time>
   </trkpt>
   <trkpt lat="51.5839180" lon="-0.1467750">
    <ele>98.1</ele>
    <time>2020-08-08T08:16:06Z</time>
   </trkpt>
   <trkpt lat="51.5838590" lon="-0.1467450">
    <ele>98.1</ele>
    <time>2020-08-08T08:16:08Z</time>
   </trkpt>
   <trkpt lat="51.5838100" lon="-0.1467170">
    <ele>98.0</ele>
    <time>2020-08-08T08:16:09Z</time>
   </trkpt>
   <trkpt lat="51.5836660" lon="-0.1466330">
    <ele>97.6</ele>
    <time>2020-08-08T08:16:11Z</time>
   </trkpt>
   <trkpt lat="51.5834920" lon="-0.1465410">
    <ele>96.9</ele>
    <time>2020-08-08T08:16:13Z</time>
   </trkpt>
   <trkpt lat="51.5833990" lon="-0.1464850">
    <ele>96.6</ele>
    <time>2020-08-08T08:16:14Z</time>
   </trkpt>
   <trkpt lat="51.5833030" lon="-0.1464300">
    <ele>96.2</ele>
    <time>2020-08-08T08:16:15Z</time>
   </trkpt>
   <trkpt lat="51.5831040" lon="-0.1463420">
    <ele>95.6</ele>
    <time>2020-08-08T08:16:17Z</time>
   </trkpt>
   <trkpt lat="51.5829080" lon="-0.1462480">
    <ele>95.2</ele>
    <time>2020-08-08T08:16:19Z</time>
   </trkpt>
   <trkpt lat="51.5828060" lon="-0.1461980">
    <ele>95.2</ele>
    <time>2020-08-08T08:16:20Z</time>
   </trkpt>
   <trkpt lat="51.5827020" lon="-0.1461560">
    <ele>95.1</ele>
    <time>2020-08-08T08:16:21Z</time>
   </trkpt>
   <trkpt lat="51.5824870" lon="-0.1460890">
    <ele>95.1</ele>
    <time>2020-08-08T08:16:23Z</time>
   </trkpt>
   <trkpt lat="51.5822870" lon="-0.1460890">
    <ele>95.1</ele>
    <time>2020-08-08T08:16:25Z</time>
   </trkpt>
   <trkpt lat="51.5820890" lon="-0.1461670">
    <ele>94.7</ele>
    <time>2020-08-08T08:16:27Z</time>
   </trkpt>
   <trkpt lat="51.5818920" lon="-0.1463070">
    <ele>94.3</ele>
    <time>2020-08-08T08:16:29Z</time>
   </trkpt>
   <trkpt lat="51.5817930" lon="-0.1463760">
    <ele>94.0</ele>
    <time>2020-08-08T08:16:30Z</time>
   </trkpt>
   <trkpt lat="51.5816930" lon="-0.1464430">
    <ele>93.5</ele>
    <time>2020-08-08T08:16:31Z</time>
   </trkpt>
   <trkpt lat="51.5815860" lon="-0.1465120">
    <ele>93.0</ele>
    <time>2020-08-08T08:16:32Z</time>
   </trkpt>
   <trkpt lat="51.5814800" lon="-0.1465750">
    <ele>92.5</ele>
    <time>2020-08-08T08:16:33Z</time>
   </trkpt>
   <trkpt lat="51.5812550" lon="-0.1466810">
    <ele>91.5</ele>
    <time>2020-08-08T08:16:35Z</time>
   </trkpt>
   <trkpt lat="51.5810400" lon="-0.1467560">
    <ele>90.7</ele>
    <time>2020-08-08T08:16:37Z</time>
   </trkpt>
   <trkpt lat="51.5809400" lon="-0.1467940">
    <ele>90.4</ele>
    <time>2020-08-08T08:16:38Z</time>
   </trkpt>
   <trkpt lat="51.5808390" lon="-0.1468300">
    <ele>90.1</ele>
    <time>2020-08-08T08:16:39Z</time>
   </trkpt>
   <trkpt lat="51.5806290" lon="-0.1468590">
    <ele>89.8</ele>
    <time>2020-08-08T08:16:41Z</time>
   </trkpt>
   <trkpt lat="51.5805180" lon="-0.1468600">
    <ele>90.0</ele>
    <time>2020-08-08T08:16:42Z</time>
   </trkpt>
   <trkpt lat="51.5804060" lon="-0.1468620">
    <ele>90.3</ele>
    <time>2020-08-08T08:16:43Z</time>
   </trkpt>
   <trkpt lat="51.5802000" lon="-0.1468580">
    <ele>91.4</ele>
    <time>2020-08-08T08:16:45Z</time>
   </trkpt>
   <trkpt lat="51.5801100" lon="-0.1468540">
    <ele>91.9</ele>
    <time>2020-08-08T08:16:46Z</time>
   </trkpt>
   <trkpt lat="51.5800330" lon="-0.1468540">
    <ele>92.5</ele>
    <time>2020-08-08T08:16:47Z</time>
   </trkpt>
   <trkpt lat="51.5798840" lon="-0.1468820">
    <ele>93.7</ele>
    <time>2020-08-08T08:16:49Z</time>
   </trkpt>
   <trkpt lat="51.5797380" lon="-0.1469370">
    <ele>94.1</ele>
    <time>2020-08-08T08:16:51Z</time>
   </trkpt>
   <trkpt lat="51.5796070" lon="-0.1470180">
    <ele>95.1</ele>
    <time>2020-08-08T08:16:53Z</time>
   </trkpt>
   <trkpt lat="51.5795430" lon="-0.1470720">
    <ele>95.6</ele>
    <time>2020-08-08T08:16:54Z</time>
   </trkpt>
   <trkpt lat="51.5794200" lon="-0.1471590">
    <ele>96.8</ele>
    <time>2020-08-08T08:16:56Z</time>
   </trkpt>
   <trkpt lat="51.5793660" lon="-0.1472020">
    <ele>97.4</ele>
    <time>2020-08-08T08:16:57Z</time>
   </trkpt>
   <trkpt lat="51.5793180" lon="-0.1472440">
    <ele>97.9</ele>
    <time>2020-08-08T08:16:58Z</time>
   </trkpt>
   <trkpt lat="51.5792740" lon="-0.1472700">
    <ele>98.4</ele>
    <time>2020-08-08T08:16:59Z</time>
   </trkpt>
   <trkpt lat="51.5791800" lon="-0.1472970">
    <ele>99.3</ele>
    <time>2020-08-08T08:17:01Z</time>
   </trkpt>
   <trkpt lat="51.5791340" lon="-0.1473100">
    <ele>99.7</ele>
    <time>2020-08-08T08:17:02Z</time>
   </trkpt>
   <trkpt lat="51.5790920" lon="-0.1473230">
    <ele>100.2</ele>
    <time>2020-08-08T08:17:03Z</time>
   </trkpt>
   <trkpt lat="51.5790530" lon="-0.1473390">
    <ele>100.5</ele>
    <time>2020-08-08T08:17:04Z</time>
   </trkpt>
   <trkpt lat="51.5790130" lon="-0.1473550">
    <ele>100.9</ele>
    <time>2020-08-08T08:17:05Z</time>
   </trkpt>
   <trkpt lat="51.5789330" lon="-0.1473720">
    <ele>101.7</ele>
    <time>2020-08-08T08:17:07Z</time>
   </trkpt>
   <trkpt lat="51.5789070" lon="-0.1473830">
    <ele>102.0</ele>
    <time>2020-08-08T08:17:08Z</time>
   </trkpt>
   <trkpt lat="51.5788230" lon="-0.1474030">
    <ele>102.3</ele>
    <time>2020-08-08T08:17:10Z</time>
   </trkpt>
   <trkpt lat="51.5787780" lon="-0.1473980">
    <ele>102.5</ele>
    <time>2020-08-08T08:17:11Z</time>
   </trkpt>
   <trkpt lat="51.5787330" lon="-0.1474050">
    <ele>102.6</ele>
    <time>2020-08-08T08:17:12Z</time>
   </trkpt>
   <trkpt lat="51.5786860" lon="-0.1474180">
    <ele>102.9</ele>
    <time>2020-08-08T08:17:13Z</time>
   </trkpt>
   <trkpt lat="51.5786280" lon="-0.1474190">
    <ele>103.3</ele>
    <time>2020-08-08T08:17:15Z</time>
   </trkpt>
   <trkpt lat="51.5786420" lon="-0.1474390">
    <ele>103.4</ele>
    <time>2020-08-08T08:17:16Z</time>
   </trkpt>
   <trkpt lat="51.5786580" lon="-0.1474040">
    <ele>103.6</ele>
    <time>2020-08-08T08:17:17Z</time>
   </trkpt>
   <trkpt lat="51.5786400" lon="-0.1473300">
    <ele>103.8</ele>
    <time>2020-08-08T08:17:19Z</time>
   </trkpt>
   <trkpt lat="51.5786190" lon="-0.1473170">
    <ele>104.0</ele>
    <time>2020-08-08T08:17:20Z</time>
   </trkpt>
   <trkpt lat="51.5785830" lon="-0.1473160">
    <ele>104.2</ele>
    <time>2020-08-08T08:17:22Z</time>
   </trkpt>
   <trkpt lat="51.5785700" lon="-0.1473180">
    <ele>104.2</ele>
    <time>2020-08-08T08:17:23Z</time>
   </trkpt>
   <trkpt lat="51.5785620" lon="-0.1473330">
    <ele>104.3</ele>
    <time>2020-08-08T08:17:24Z</time>
   </trkpt>
   <trkpt lat="51.5785580" lon="-0.1473540">
    <ele>104.3</ele>
    <time>2020-08-08T08:17:25Z</time>
   </trkpt>
   <trkpt lat="51.5785520" lon="-0.1473730">
    <ele>104.4</ele>
    <time>2020-08-08T08:17:27Z</time>
   </trkpt>
   <trkpt lat="51.5785470" lon="-0.1473860">
    <ele>104.5</ele>
    <time>2020-08-08T08:17:29Z</time>
   </trkpt>
   <trkpt lat="51.5785480" lon="-0.1473950">
    <ele>104.5</ele>
    <time>2020-08-08T08:17:30Z</time>
   </trkpt>
   <trkpt lat="51.5785460" lon="-0.1473970">
    <ele>104.5</ele>
    <time>2020-08-08T08:17:31Z</time>
   </trkpt>
   <trkpt lat="51.5785480" lon="-0.1474020">
    <ele>104.5</ele>
    <time>2020-08-08T08:17:33Z</time>
   </trkpt>
   <trkpt lat="51.5785500" lon="-0.1474050">
    <ele>104.5</ele>
    <time>2020-08-08T08:17:34Z</time>
   </trkpt>
   <trkpt lat="51.5785250" lon="-0.1474020">
    <ele>104.6</ele>
    <time>2020-08-08T08:17:35Z</time>
   </trkpt>
   <trkpt lat="51.5784550" lon="-0.1473880">
    <ele>105.0</ele>
    <time>2020-08-08T08:17:37Z</time>
   </trkpt>
   <trkpt lat="51.5783740" lon="-0.1473650">
    <ele>105.3</ele>
    <time>2020-08-08T08:17:39Z</time>
   </trkpt>
   <trkpt lat="51.5783310" lon="-0.1473460">
    <ele>105.5</ele>
    <time>2020-08-08T08:17:40Z</time>
   </trkpt>
   <trkpt lat="51.5782540" lon="-0.1473160">
    <ele>105.7</ele>
    <time>2020-08-08T08:17:42Z</time>
   </trkpt>
   <trkpt lat="51.5782500" lon="-0.1473190">
    <ele>105.7</ele>
    <time>2020-08-08T08:17:43Z</time>
   </trkpt>
   <trkpt lat="51.5781530" lon="-0.1472850">
    <ele>106.0</ele>
    <time>2020-08-08T08:17:45Z</time>
   </trkpt>
   <trkpt lat="51.5780660" lon="-0.1472630">
    <ele>106.2</ele>
    <time>2020-08-08T08:17:46Z</time>
   </trkpt>
   <trkpt lat="51.5779840" lon="-0.1472540">
    <ele>106.2</ele>
    <time>2020-08-08T08:17:47Z</time>
   </trkpt>
   <trkpt lat="51.5778240" lon="-0.1472810">
    <ele>106.4</ele>
    <time>2020-08-08T08:17:49Z</time>
   </trkpt>
   <trkpt lat="51.5776710" lon="-0.1473460">
    <ele>106.7</ele>
    <time>2020-08-08T08:17:51Z</time>
   </trkpt>
   <trkpt lat="51.5775340" lon="-0.1473890">
    <ele>107.1</ele>
    <time>2020-08-08T08:17:53Z</time>
   </trkpt>
   <trkpt lat="51.5774040" lon="-0.1474290">
    <ele>107.4</ele>
    <time>2020-08-08T08:17:55Z</time>
   </trkpt>
   <trkpt lat="51.5773420" lon="-0.1474420">
    <ele>107.6</ele>
    <time>2020-08-08T08:17:56Z</time>
   </trkpt>
   <trkpt lat="51.5772790" lon="-0.1474530">
    <ele>107.9</ele>
    <time>2020-08-08T08:17:57Z</time>
   </trkpt>
   <trkpt lat="51.5772140" lon="-0.1474780">
    <ele>108.1</ele>
    <time>2020-08-08T08:17:58Z</time>
   </trkpt>
   <trkpt lat="51.5770860" lon="-0.1475240">
    <ele>108.7</ele>
    <time>2020-08-08T08:18:00Z</time>
   </trkpt>
   <trkpt lat="51.5770240" lon="-0.1475440">
    <ele>108.9</ele>
    <time>2020-08-08T08:18:01Z</time>
   </trkpt>
   <trkpt lat="51.5769600" lon="-0.1475660">
    <ele>109.2</ele>
    <time>2020-08-08T08:18:02Z</time>
   </trkpt>
   <trkpt lat="51.5768990" lon="-0.1475860">
    <ele>109.6</ele>
    <time>2020-08-08T08:18:03Z</time>
   </trkpt>
   <trkpt lat="51.5767940" lon="-0.1476250">
    <ele>110.4</ele>
    <time>2020-08-08T08:18:05Z</time>
   </trkpt>
   <trkpt lat="51.5766810" lon="-0.1476690">
    <ele>111.3</ele>
    <time>2020-08-08T08:18:07Z</time>
   </trkpt>
   <trkpt lat="51.5765700" lon="-0.1477150">
    <ele>112.3</ele>
    <time>2020-08-08T08:18:09Z</time>
   </trkpt>
   <trkpt lat="51.5765160" lon="-0.1477260">
    <ele>112.8</ele>
    <time>2020-08-08T08:18:10Z</time>
   </trkpt>
   <trkpt lat="51.5764250" lon="-0.1477680">
    <ele>113.8</ele>
    <time>2020-08-08T08:18:12Z</time>
   </trkpt>
   <trkpt lat="51.5763580" lon="-0.1477840">
    <ele>114.6</ele>
    <time>2020-08-08T08:18:14Z</time>
   </trkpt>
   <trkpt lat="51.5762700" lon="-0.1478050">
    <ele>115.4</ele>
    <time>2020-08-08T08:18:16Z</time>
   </trkpt>
   <trkpt lat="51.5761780" lon="-0.1477730">
    <ele>116.3</ele>
    <time>2020-08-08T08:18:18Z</time>
   </trkpt>
   <trkpt lat="51.5761320" lon="-0.1477570">
    <ele>116.7</ele>
    <time>2020-08-08T08:18:19Z</time>
   </trkpt>
   <trkpt lat="51.5761100" lon="-0.1477740">
    <ele>116.9</ele>
    <time>2020-08-08T08:18:20Z</time>
   </trkpt>
   <trkpt lat="51.5761420" lon="-0.1478430">
    <ele>117.4</ele>
    <time>2020-08-08T08:18:22Z</time>
   </trkpt>
   <trkpt lat="51.5761560" lon="-0.1478900">
    <ele>117.6</ele>
    <time>2020-08-08T08:18:23Z</time>
   </trkpt>
   <trkpt lat="51.5761200" lon="-0.1479180">
    <ele>118.0</ele>
    <time>2020-08-08T08:18:25Z</time>
   </trkpt>
   <trkpt lat="51.5761050" lon="-0.1479210">
    <ele>118.1</ele>
    <time>2020-08-08T08:18:26Z</time>
   </trkpt>
   <trkpt lat="51.5760510" lon="-0.1479350">
    <ele>118.5</ele>
    <time>2020-08-08T08:18:28Z</time>
   </trkpt>
   <trkpt lat="51.5760060" lon="-0.1479420">
    <ele>118.9</ele>
    <time>2020-08-08T08:18:29Z</time>
   </trkpt>
   <trkpt lat="51.5759580" lon="-0.1479380">
    <ele>119.3</ele>
    <time>2020-08-08T08:18:30Z</time>
   </trkpt>
   <trkpt lat="51.5759150" lon="-0.1479500">
    <ele>119.7</ele>
    <time>2020-08-08T08:18:32Z</time>
   </trkpt>
   <trkpt lat="51.5758780" lon="-0.1479590">
    <ele>120.0</ele>
    <time>2020-08-08T08:18:33Z</time>
   </trkpt>
   <trkpt lat="51.5758370" lon="-0.1479690">
    <ele>120.4</ele>
    <time>2020-08-08T08:18:35Z</time>
   </trkpt>
   <trkpt lat="51.5757730" lon="-0.1480010">
    <ele>120.8</ele>
    <time>2020-08-08T08:18:36Z</time>
   </trkpt>
   <trkpt lat="51.5757290" lon="-0.1480300">
    <ele>121.1</ele>
    <time>2020-08-08T08:18:37Z</time>
   </trkpt>
   <trkpt lat="51.5756840" lon="-0.1480620">
    <ele>121.5</ele>
    <time>2020-08-08T08:18:39Z</time>
   </trkpt>
   <trkpt lat="51.5756450" lon="-0.1480820">
    <ele>121.7</ele>
    <time>2020-08-08T08:18:40Z</time>
   </trkpt>
   <trkpt lat="51.5756060" lon="-0.1480970">
    <ele>122.0</ele>
    <time>2020-08-08T08:18:41Z</time>
   </trkpt>
   <trkpt lat="51.5755680" lon="-0.1481110">
    <ele>122.2</ele>
    <time>2020-08-08T08:18:42Z</time>
   </trkpt>
   <trkpt lat="51.5755080" lon="-0.1481250">
    <ele>122.5</ele>
    <time>2020-08-08T08:18:44Z</time>
   </trkpt>
   <trkpt lat="51.5754530" lon="-0.1481330">
    <ele>122.8</ele>
    <time>2020-08-08T08:18:45Z</time>
   </trkpt>
   <trkpt lat="51.5753980" lon="-0.1481440">
    <ele>123.1</ele>
    <time>2020-08-08T08:18:46Z</time>
   </trkpt>
   <trkpt lat="51.5753510" lon="-0.1481520">
    <ele>123.3</ele>
    <time>2020-08-08T08:18:48Z</time>
   </trkpt>
   <trkpt lat="51.5753150" lon="-0.1481530">
    <ele>123.5</ele>
    <time>2020-08-08T08:18:49Z</time>
   </trkpt>
   <trkpt lat="51.5752700" lon="-0.1481400">
    <ele>123.7</ele>
    <time>2020-08-08T08:18:51Z</time>
   </trkpt>
   <trkpt lat="51.5752330" lon="-0.1481280">
    <ele>123.8</ele>
    <time>2020-08-08T08:18:52Z</time>
   </trkpt>
   <trkpt lat="51.5751890" lon="-0.1481170">
    <ele>124.0</ele>
    <time>2020-08-08T08:18:53Z</time>
   </trkpt>
   <trkpt lat="51.5751440" lon="-0.1481080">
    <ele>124.1</ele>
    <time>2020-08-08T08:18:55Z</time>
   </trkpt>
   <trkpt lat="51.5751140" lon="-0.1481080">
    <ele>124.0</ele>
    <time>2020-08-08T08:18:56Z</time>
   </trkpt>
   <trkpt lat="51.5750010" lon="-0.1481670">
    <ele>124.4</ele>
    <time>2020-08-08T08:18:57Z</time>
   </trkpt>
   <trkpt lat="51.5749070" lon="-0.1482260">
    <ele>125.0</ele>
    <time>2020-08-08T08:18:59Z</time>
   </trkpt>
   <trkpt lat="51.5747230" lon="-0.1483290">
    <ele>126.1</ele>
    <time>2020-08-08T08:19:00Z</time>
   </trkpt>
   <trkpt lat="51.5744850" lon="-0.1484090">
    <ele>126.9</ele>
    <time>2020-08-08T08:19:02Z</time>
   </trkpt>
   <trkpt lat="51.5743030" lon="-0.1484600">
    <ele>126.8</ele>
    <time>2020-08-08T08:19:04Z</time>
   </trkpt>
   <trkpt lat="51.5742170" lon="-0.1484740">
    <ele>126.6</ele>
    <time>2020-08-08T08:19:05Z</time>
   </trkpt>
   <trkpt lat="51.5741350" lon="-0.1484890">
    <ele>126.4</ele>
    <time>2020-08-08T08:19:06Z</time>
   </trkpt>
   <trkpt lat="51.5739590" lon="-0.1485340">
    <ele>126.3</ele>
    <time>2020-08-08T08:19:08Z</time>
   </trkpt>
   <trkpt lat="51.5738800" lon="-0.1485650">
    <ele>126.2</ele>
    <time>2020-08-08T08:19:09Z</time>
   </trkpt>
   <trkpt lat="51.5737510" lon="-0.1485740">
    <ele>126.0</ele>
    <time>2020-08-08T08:19:11Z</time>
   </trkpt>
   <trkpt lat="51.5736870" lon="-0.1485610">
    <ele>125.9</ele>
    <time>2020-08-08T08:19:12Z</time>
   </trkpt>
   <trkpt lat="51.5735610" lon="-0.1485400">
    <ele>125.8</ele>
    <time>2020-08-08T08:19:14Z</time>
   </trkpt>
   <trkpt lat="51.5734360" lon="-0.1485440">
    <ele>125.7</ele>
    <time>2020-08-08T08:19:16Z</time>
   </trkpt>
   <trkpt lat="51.5733100" lon="-0.1485430">
    <ele>125.3</ele>
    <time>2020-08-08T08:19:18Z</time>
   </trkpt>
   <trkpt lat="51.5732490" lon="-0.1485490">
    <ele>125.2</ele>
    <time>2020-08-08T08:19:19Z</time>
   </trkpt>
   <trkpt lat="51.5731090" lon="-0.1485610">
    <ele>124.9</ele>
    <time>2020-08-08T08:19:21Z</time>
   </trkpt>
   <trkpt lat="51.5730360" lon="-0.1485810">
    <ele>124.8</ele>
    <time>2020-08-08T08:19:22Z</time>
   </trkpt>
   <trkpt lat="51.5728890" lon="-0.1486150">
    <ele>124.6</ele>
    <time>2020-08-08T08:19:24Z</time>
   </trkpt>
   <trkpt lat="51.5728210" lon="-0.1486340">
    <ele>124.6</ele>
    <time>2020-08-08T08:19:25Z</time>
   </trkpt>
   <trkpt lat="51.5727550" lon="-0.1486450">
    <ele>124.6</ele>
    <time>2020-08-08T08:19:26Z</time>
   </trkpt>
   <trkpt lat="51.5726890" lon="-0.1486550">
    <ele>124.6</ele>
    <time>2020-08-08T08:19:27Z</time>
   </trkpt>
   <trkpt lat="51.5726240" lon="-0.1486650">
    <ele>124.7</ele>
    <time>2020-08-08T08:19:28Z</time>
   </trkpt>
   <trkpt lat="51.5724880" lon="-0.1486900">
    <ele>124.8</ele>
    <time>2020-08-08T08:19:30Z</time>
   </trkpt>
   <trkpt lat="51.5724250" lon="-0.1486900">
    <ele>124.9</ele>
    <time>2020-08-08T08:19:31Z</time>
   </trkpt>
   <trkpt lat="51.5723680" lon="-0.1487000">
    <ele>125.0</ele>
    <time>2020-08-08T08:19:32Z</time>
   </trkpt>
   <trkpt lat="51.5722500" lon="-0.1487490">
    <ele>125.4</ele>
    <time>2020-08-08T08:19:34Z</time>
   </trkpt>
   <trkpt lat="51.5721210" lon="-0.1487720">
    <ele>125.8</ele>
    <time>2020-08-08T08:19:36Z</time>
   </trkpt>
   <trkpt lat="51.5720010" lon="-0.1488180">
    <ele>126.1</ele>
    <time>2020-08-08T08:19:38Z</time>
   </trkpt>
   <trkpt lat="51.5719450" lon="-0.1488560">
    <ele>126.3</ele>
    <time>2020-08-08T08:19:39Z</time>
   </trkpt>
   <trkpt lat="51.5718260" lon="-0.1489090">
    <ele>126.7</ele>
    <time>2020-08-08T08:19:41Z</time>
   </trkpt>
   <trkpt lat="51.5717610" lon="-0.1489370">
    <ele>126.9</ele>
    <time>2020-08-08T08:19:42Z</time>
   </trkpt>
   <trkpt lat="51.5716400" lon="-0.1489720">
    <ele>127.3</ele>
    <time>2020-08-08T08:19:44Z</time>
   </trkpt>
   <trkpt lat="51.5715370" lon="-0.1489740">
    <ele>127.5</ele>
    <time>2020-08-08T08:19:46Z</time>
   </trkpt>
   <trkpt lat="51.5714880" lon="-0.1489700">
    <ele>127.7</ele>
    <time>2020-08-08T08:19:47Z</time>
   </trkpt>
   <trkpt lat="51.5714360" lon="-0.1489600">
    <ele>127.8</ele>
    <time>2020-08-08T08:19:48Z</time>
   </trkpt>
   <trkpt lat="51.5713580" lon="-0.1489350">
    <ele>128.0</ele>
    <time>2020-08-08T08:19:50Z</time>
   </trkpt>
   <trkpt lat="51.5712810" lon="-0.1489430">
    <ele>128.3</ele>
    <time>2020-08-08T08:19:52Z</time>
   </trkpt>
   <trkpt lat="51.5712510" lon="-0.1489510">
    <ele>128.3</ele>
    <time>2020-08-08T08:19:53Z</time>
   </trkpt>
   <trkpt lat="51.5711960" lon="-0.1489800">
    <ele>128.5</ele>
    <time>2020-08-08T08:19:55Z</time>
   </trkpt>
   <trkpt lat="51.5711770" lon="-0.1490050">
    <ele>128.8</ele>
    <time>2020-08-08T08:19:56Z</time>
   </trkpt>
   <trkpt lat="51.5711800" lon="-0.1489990">
    <ele>128.8</ele>
    <time>2020-08-08T08:19:57Z</time>
   </trkpt>
   <trkpt lat="51.5711930" lon="-0.1489580">
    <ele>128.8</ele>
    <time>2020-08-08T08:19:58Z</time>
   </trkpt>
   <trkpt lat="51.5711860" lon="-0.1489000">
    <ele>128.8</ele>
    <time>2020-08-08T08:20:00Z</time>
   </trkpt>
   <trkpt lat="51.5711740" lon="-0.1488810">
    <ele>128.8</ele>
    <time>2020-08-08T08:20:01Z</time>
   </trkpt>
   <trkpt lat="51.5711670" lon="-0.1488970">
    <ele>128.8</ele>
    <time>2020-08-08T08:20:02Z</time>
   </trkpt>
   <trkpt lat="51.5711760" lon="-0.1489180">
    <ele>128.8</ele>
    <time>2020-08-08T08:20:03Z</time>
   </trkpt>
   <trkpt lat="51.5712180" lon="-0.1489780">
    <ele>128.9</ele>
    <time>2020-08-08T08:20:05Z</time>
   </trkpt>
   <trkpt lat="51.5712510" lon="-0.1490890">
    <ele>128.9</ele>
    <time>2020-08-08T08:20:07Z</time>
   </trkpt>
   <trkpt lat="51.5712520" lon="-0.1491680">
    <ele>128.9</ele>
    <time>2020-08-08T08:20:08Z</time>
   </trkpt>
   <trkpt lat="51.5712430" lon="-0.1492600">
    <ele>128.9</ele>
    <time>2020-08-08T08:20:09Z</time>
   </trkpt>
   <trkpt lat="51.5712340" lon="-0.1493300">
    <ele>129.1</ele>
    <time>2020-08-08T08:20:11Z</time>
   </trkpt>
   <trkpt lat="51.5712160" lon="-0.1493980">
    <ele>129.1</ele>
    <time>2020-08-08T08:20:12Z</time>
   </trkpt>
   <trkpt lat="51.5712030" lon="-0.1494500">
    <ele>129.1</ele>
    <time>2020-08-08T08:20:13Z</time>
   </trkpt>
   <trkpt lat="51.5711890" lon="-0.1495010">
    <ele>129.2</ele>
    <time>2020-08-08T08:20:14Z</time>
   </trkpt>
   <trkpt lat="51.5711700" lon="-0.1495800">
    <ele>129.3</ele>
    <time>2020-08-08T08:20:16Z</time>
   </trkpt>
   <trkpt lat="51.5710610" lon="-0.1498110">
    <ele>129.0</ele>
    <time>2020-08-08T08:20:17Z</time>
   </trkpt>
   <trkpt lat="51.5709270" lon="-0.1499810">
    <ele>128.5</ele>
    <time>2020-08-08T08:20:19Z</time>
   </trkpt>
   <trkpt lat="51.5708610" lon="-0.1500490">
    <ele>128.3</ele>
    <time>2020-08-08T08:20:20Z</time>
   </trkpt>
   <trkpt lat="51.5708020" lon="-0.1501120">
    <ele>128.2</ele>
    <time>2020-08-08T08:20:21Z</time>
   </trkpt>
   <trkpt lat="51.5707420" lon="-0.1501790">
    <ele>128.0</ele>
    <time>2020-08-08T08:20:22Z</time>
   </trkpt>
   <trkpt lat="51.5706900" lon="-0.1502270">
    <ele>127.9</ele>
    <time>2020-08-08T08:20:23Z</time>
   </trkpt>
   <trkpt lat="51.5706040" lon="-0.1503160">
    <ele>127.8</ele>
    <time>2020-08-08T08:20:25Z</time>
   </trkpt>
   <trkpt lat="51.5705640" lon="-0.1503550">
    <ele>127.7</ele>
    <time>2020-08-08T08:20:26Z</time>
   </trkpt>
   <trkpt lat="51.5704770" lon="-0.1504620">
    <ele>127.6</ele>
    <time>2020-08-08T08:20:28Z</time>
   </trkpt>
   <trkpt lat="51.5703990" lon="-0.1505730">
    <ele>127.6</ele>
    <time>2020-08-08T08:20:30Z</time>
   </trkpt>
   <trkpt lat="51.5703180" lon="-0.1506510">
    <ele>127.6</ele>
    <time>2020-08-08T08:20:32Z</time>
   </trkpt>
   <trkpt lat="51.5702550" lon="-0.1507230">
    <ele>127.7</ele>
    <time>2020-08-08T08:20:34Z</time>
   </trkpt>
   <trkpt lat="51.5701880" lon="-0.1507960">
    <ele>127.8</ele>
    <time>2020-08-08T08:20:36Z</time>
   </trkpt>
   <trkpt lat="51.5701450" lon="-0.1508390">
    <ele>127.8</ele>
    <time>2020-08-08T08:20:37Z</time>
   </trkpt>
   <trkpt lat="51.5700480" lon="-0.1509230">
    <ele>128.0</ele>
    <time>2020-08-08T08:20:39Z</time>
   </trkpt>
   <trkpt lat="51.5699510" lon="-0.1510000">
    <ele>128.3</ele>
    <time>2020-08-08T08:20:41Z</time>
   </trkpt>
   <trkpt lat="51.5699010" lon="-0.1510380">
    <ele>128.3</ele>
    <time>2020-08-08T08:20:42Z</time>
   </trkpt>
   <trkpt lat="51.5698480" lon="-0.1510700">
    <ele>128.3</ele>
    <time>2020-08-08T08:20:43Z</time>
   </trkpt>
   <trkpt lat="51.5697400" lon="-0.1511190">
    <ele>128.3</ele>
    <time>2020-08-08T08:20:45Z</time>
   </trkpt>
   <trkpt lat="51.5696590" lon="-0.1511670">
    <ele>128.3</ele>
    <time>2020-08-08T08:20:47Z</time>
   </trkpt>
   <trkpt lat="51.5695600" lon="-0.1512080">
    <ele>128.3</ele>
    <time>2020-08-08T08:20:49Z</time>
   </trkpt>
   <trkpt lat="51.5695290" lon="-0.1512190">
    <ele>128.3</ele>
    <time>2020-08-08T08:20:50Z</time>
   </trkpt>
   <trkpt lat="51.5695490" lon="-0.1512520">
    <ele>128.2</ele>
    <time>2020-08-08T08:20:51Z</time>
   </trkpt>
   <trkpt lat="51.5694830" lon="-0.1512840">
    <ele>128.2</ele>
    <time>2020-08-08T08:20:53Z</time>
   </trkpt>
   <trkpt lat="51.5695360" lon="-0.1511970">
    <ele>128.2</ele>
    <time>2020-08-08T08:20:54Z</time>
   </trkpt>
   <trkpt lat="51.5695470" lon="-0.1511120">
    <ele>128.2</ele>
    <time>2020-08-08T08:20:56Z</time>
   </trkpt>
   <trkpt lat="51.5694540" lon="-0.1511470">
    <ele>128.2</ele>
    <time>2020-08-08T08:20:57Z</time>
   </trkpt>
   <trkpt lat="51.5693820" lon="-0.1512030">
    <ele>128.2</ele>
    <time>2020-08-08T08:20:59Z</time>
   </trkpt>
   <trkpt lat="51.5692140" lon="-0.1513600">
    <ele>127.8</ele>
    <time>2020-08-08T08:21:01Z</time>
   </trkpt>
   <trkpt lat="51.5691490" lon="-0.1514400">
    <ele>127.7</ele>
    <time>2020-08-08T08:21:02Z</time>
   </trkpt>
   <trkpt lat="51.5690500" lon="-0.1516100">
    <ele>127.6</ele>
    <time>2020-08-08T08:21:04Z</time>
   </trkpt>
   <trkpt lat="51.5689780" lon="-0.1517610">
    <ele>127.0</ele>
    <time>2020-08-08T08:21:06Z</time>
   </trkpt>
   <trkpt lat="51.5689450" lon="-0.1518360">
    <ele>126.6</ele>
    <time>2020-08-08T08:21:07Z</time>
   </trkpt>
   <trkpt lat="51.5689130" lon="-0.1519110">
    <ele>126.3</ele>
    <time>2020-08-08T08:21:08Z</time>
   </trkpt>
   <trkpt lat="51.5688560" lon="-0.1520540">
    <ele>125.7</ele>
    <time>2020-08-08T08:21:10Z</time>
   </trkpt>
   <trkpt lat="51.5688320" lon="-0.1521210">
    <ele>125.3</ele>
    <time>2020-08-08T08:21:11Z</time>
   </trkpt>
   <trkpt lat="51.5687680" lon="-0.1522510">
    <ele>124.6</ele>
    <time>2020-08-08T08:21:13Z</time>
   </trkpt>
   <trkpt lat="51.5686970" lon="-0.1523700">
    <ele>123.8</ele>
    <time>2020-08-08T08:21:15Z</time>
   </trkpt>
   <trkpt lat="51.5686620" lon="-0.1524210">
    <ele>123.4</ele>
    <time>2020-08-08T08:21:16Z</time>
   </trkpt>
   <trkpt lat="51.5686010" lon="-0.1524830">
    <ele>122.7</ele>
    <time>2020-08-08T08:21:18Z</time>
   </trkpt>
   <trkpt lat="51.5685720" lon="-0.1525090">
    <ele>122.4</ele>
    <time>2020-08-08T08:21:19Z</time>
   </trkpt>
   <trkpt lat="51.5685230" lon="-0.1525450">
    <ele>121.9</ele>
    <time>2020-08-08T08:21:21Z</time>
   </trkpt>
   <trkpt lat="51.5684950" lon="-0.1525680">
    <ele>121.5</ele>
    <time>2020-08-08T08:21:22Z</time>
   </trkpt>
   <trkpt lat="51.5684840" lon="-0.1525690">
    <ele>121.4</ele>
    <time>2020-08-08T08:21:23Z</time>
   </trkpt>
   <trkpt lat="51.5684640" lon="-0.1525460">
    <ele>121.2</ele>
    <time>2020-08-08T08:21:24Z</time>
   </trkpt>
   <trkpt lat="51.5684080" lon="-0.1525700">
    <ele>120.5</ele>
    <time>2020-08-08T08:21:26Z</time>
   </trkpt>
   <trkpt lat="51.5683630" lon="-0.1526560">
    <ele>119.7</ele>
    <time>2020-08-08T08:21:27Z</time>
   </trkpt>
   <trkpt lat="51.5682750" lon="-0.1528290">
    <ele>117.9</ele>
    <time>2020-08-08T08:21:29Z</time>
   </trkpt>
   <trkpt lat="51.5681980" lon="-0.1529770">
    <ele>116.4</ele>
    <time>2020-08-08T08:21:31Z</time>
   </trkpt>
   <trkpt lat="51.5681560" lon="-0.1530440">
    <ele>115.7</ele>
    <time>2020-08-08T08:21:32Z</time>
   </trkpt>
   <trkpt lat="51.5680900" lon="-0.1531950">
    <ele>114.5</ele>
    <time>2020-08-08T08:21:34Z</time>
   </trkpt>
   <trkpt lat="51.5680690" lon="-0.1532800">
    <ele>113.8</ele>
    <time>2020-08-08T08:21:35Z</time>
   </trkpt>
   <trkpt lat="51.5680270" lon="-0.1534390">
    <ele>112.7</ele>
    <time>2020-08-08T08:21:37Z</time>
   </trkpt>
   <trkpt lat="51.5679840" lon="-0.1535940">
    <ele>111.6</ele>
    <time>2020-08-08T08:21:39Z</time>
   </trkpt>
   <trkpt lat="51.5679170" lon="-0.1537320">
    <ele>110.2</ele>
    <time>2020-08-08T08:21:41Z</time>
   </trkpt>
   <trkpt lat="51.5678780" lon="-0.1537850">
    <ele>109.4</ele>
    <time>2020-08-08T08:21:42Z</time>
   </trkpt>
   <trkpt lat="51.5678290" lon="-0.1538250">
    <ele>108.6</ele>
    <time>2020-08-08T08:21:43Z</time>
   </trkpt>
   <trkpt lat="51.5677760" lon="-0.1538480">
    <ele>107.9</ele>
    <time>2020-08-08T08:21:44Z</time>
   </trkpt>
   <trkpt lat="51.5676530" lon="-0.1538720">
    <ele>106.3</ele>
    <time>2020-08-08T08:21:46Z</time>
   </trkpt>
   <trkpt lat="51.5675360" lon="-0.1538580">
    <ele>104.9</ele>
    <time>2020-08-08T08:21:48Z</time>
   </trkpt>
   <trkpt lat="51.5674790" lon="-0.1538470">
    <ele>104.3</ele>
    <time>2020-08-08T08:21:49Z</time>
   </trkpt>
   <trkpt lat="51.5674200" lon="-0.1538430">
    <ele>103.8</ele>
    <time>2020-08-08T08:21:50Z</time>
   </trkpt>
   <trkpt lat="51.5673150" lon="-0.1538040">
    <ele>102.8</ele>
    <time>2020-08-08T08:21:52Z</time>
   </trkpt>
   <trkpt lat="51.5672070" lon="-0.1537600">
    <ele>101.8</ele>
    <time>2020-08-08T08:21:54Z</time>
   </trkpt>
   <trkpt lat="51.5671550" lon="-0.1537420">
    <ele>101.4</ele>
    <time>2020-08-08T08:21:55Z</time>
   </trkpt>
   <trkpt lat="51.5671040" lon="-0.1537220">
    <ele>101.0</ele>
    <time>2020-08-08T08:21:56Z</time>
   </trkpt>
   <trkpt lat="51.5670560" lon="-0.1537050">
    <ele>100.6</ele>
    <time>2020-08-08T08:21:57Z</time>
   </trkpt>
   <trkpt lat="51.5669520" lon="-0.1536600">
    <ele>99.3</ele>
    <time>2020-08-08T08:21:59Z</time>
   </trkpt>
   <trkpt lat="51.5668940" lon="-0.1536320">
    <ele>98.6</ele>
    <time>2020-08-08T08:22:00Z</time>
   </trkpt>
   <trkpt lat="51.5668340" lon="-0.1536110">
    <ele>97.9</ele>
    <time>2020-08-08T08:22:01Z</time>
   </trkpt>
   <trkpt lat="51.5667110" lon="-0.1536100">
    <ele>96.6</ele>
    <time>2020-08-08T08:22:03Z</time>
   </trkpt>
   <trkpt lat="51.5666500" lon="-0.1536010">
    <ele>96.0</ele>
    <time>2020-08-08T08:22:04Z</time>
   </trkpt>
   <trkpt lat="51.5665900" lon="-0.1535960">
    <ele>95.5</ele>
    <time>2020-08-08T08:22:05Z</time>
   </trkpt>
   <trkpt lat="51.5664670" lon="-0.1536200">
    <ele>94.2</ele>
    <time>2020-08-08T08:22:07Z</time>
   </trkpt>
   <trkpt lat="51.5663510" lon="-0.1536250">
    <ele>93.0</ele>
    <time>2020-08-08T08:22:09Z</time>
   </trkpt>
   <trkpt lat="51.5662870" lon="-0.1536130">
    <ele>92.4</ele>
    <time>2020-08-08T08:22:10Z</time>
   </trkpt>
   <trkpt lat="51.5662210" lon="-0.1536050">
    <ele>91.8</ele>
    <time>2020-08-08T08:22:11Z</time>
   </trkpt>
   <trkpt lat="51.5660960" lon="-0.1535890">
    <ele>90.6</ele>
    <time>2020-08-08T08:22:13Z</time>
   </trkpt>
   <trkpt lat="51.5659680" lon="-0.1535410">
    <ele>89.4</ele>
    <time>2020-08-08T08:22:15Z</time>
   </trkpt>
   <trkpt lat="51.5658840" lon="-0.1534870">
    <ele>88.6</ele>
    <time>2020-08-08T08:22:17Z</time>
   </trkpt>
   <trkpt lat="51.5658400" lon="-0.1534720">
    <ele>88.2</ele>
    <time>2020-08-08T08:22:19Z</time>
   </trkpt>
   <trkpt lat="51.5658110" lon="-0.1534530">
    <ele>87.9</ele>
    <time>2020-08-08T08:22:20Z</time>
   </trkpt>
   <trkpt lat="51.5658000" lon="-0.1534490">
    <ele>87.8</ele>
    <time>2020-08-08T08:22:21Z</time>
   </trkpt>
   <trkpt lat="51.5657860" lon="-0.1534560">
    <ele>87.7</ele>
    <time>2020-08-08T08:22:22Z</time>
   </trkpt>
   <trkpt lat="51.5657520" lon="-0.1534530">
    <ele>87.4</ele>
    <time>2020-08-08T08:22:24Z</time>
   </trkpt>
   <trkpt lat="51.5656920" lon="-0.1533630">
    <ele>86.7</ele>
    <time>2020-08-08T08:22:26Z</time>
   </trkpt>
   <trkpt lat="51.5656470" lon="-0.1533160">
    <ele>86.3</ele>
    <time>2020-08-08T08:22:27Z</time>
   </trkpt>
   <trkpt lat="51.5655910" lon="-0.1532700">
    <ele>85.8</ele>
    <time>2020-08-08T08:22:28Z</time>
   </trkpt>
   <trkpt lat="51.5655210" lon="-0.1532190">
    <ele>85.1</ele>
    <time>2020-08-08T08:22:29Z</time>
   </trkpt>
   <trkpt lat="51.5653920" lon="-0.1531070">
    <ele>84.0</ele>
    <time>2020-08-08T08:22:31Z</time>
   </trkpt>
   <trkpt lat="51.5653280" lon="-0.1530470">
    <ele>83.4</ele>
    <time>2020-08-08T08:22:32Z</time>
   </trkpt>
   <trkpt lat="51.5652110" lon="-0.1529820">
    <ele>82.7</ele>
    <time>2020-08-08T08:22:34Z</time>
   </trkpt>
   <trkpt lat="51.5651500" lon="-0.1529720">
    <ele>82.6</ele>
    <time>2020-08-08T08:22:35Z</time>
   </trkpt>
   <trkpt lat="51.5650290" lon="-0.1529560">
    <ele>82.9</ele>
    <time>2020-08-08T08:22:37Z</time>
   </trkpt>
   <trkpt lat="51.5649170" lon="-0.1529260">
    <ele>82.4</ele>
    <time>2020-08-08T08:22:39Z</time>
   </trkpt>
   <trkpt lat="51.5648570" lon="-0.1529200">
    <ele>81.6</ele>
    <time>2020-08-08T08:22:40Z</time>
   </trkpt>
   <trkpt lat="51.5647970" lon="-0.1529190">
    <ele>80.8</ele>
    <time>2020-08-08T08:22:41Z</time>
   </trkpt>
   <trkpt lat="51.5647400" lon="-0.1529110">
    <ele>80.1</ele>
    <time>2020-08-08T08:22:42Z</time>
   </trkpt>
   <trkpt lat="51.5646350" lon="-0.1528730">
    <ele>79.0</ele>
    <time>2020-08-08T08:22:44Z</time>
   </trkpt>
   <trkpt lat="51.5645830" lon="-0.1528510">
    <ele>78.4</ele>
    <time>2020-08-08T08:22:45Z</time>
   </trkpt>
   <trkpt lat="51.5645260" lon="-0.1528360">
    <ele>77.9</ele>
    <time>2020-08-08T08:22:46Z</time>
   </trkpt>
   <trkpt lat="51.5644650" lon="-0.1528360">
    <ele>77.3</ele>
    <time>2020-08-08T08:22:47Z</time>
   </trkpt>
   <trkpt lat="51.5643470" lon="-0.1528290">
    <ele>76.2</ele>
    <time>2020-08-08T08:22:49Z</time>
   </trkpt>
   <trkpt lat="51.5642910" lon="-0.1528260">
    <ele>75.7</ele>
    <time>2020-08-08T08:22:50Z</time>
   </trkpt>
   <trkpt lat="51.5642320" lon="-0.1528200">
    <ele>75.1</ele>
    <time>2020-08-08T08:22:51Z</time>
   </trkpt>
   <trkpt lat="51.5641240" lon="-0.1527930">
    <ele>75.1</ele>
    <time>2020-08-08T08:22:53Z</time>
   </trkpt>
   <trkpt lat="51.5640710" lon="-0.1527790">
    <ele>75.2</ele>
    <time>2020-08-08T08:22:54Z</time>
   </trkpt>
   <trkpt lat="51.5639680" lon="-0.1527490">
    <ele>74.4</ele>
    <time>2020-08-08T08:22:56Z</time>
   </trkpt>
   <trkpt lat="51.5639100" lon="-0.1527210">
    <ele>73.6</ele>
    <time>2020-08-08T08:22:57Z</time>
   </trkpt>
   <trkpt lat="51.5637870" lon="-0.1526540">
    <ele>72.1</ele>
    <time>2020-08-08T08:22:59Z</time>
   </trkpt>
   <trkpt lat="51.5636690" lon="-0.1525970">
    <ele>70.7</ele>
    <time>2020-08-08T08:23:01Z</time>
   </trkpt>
   <trkpt lat="51.5635540" lon="-0.1525620">
    <ele>69.4</ele>
    <time>2020-08-08T08:23:03Z</time>
   </trkpt>
   <trkpt lat="51.5635070" lon="-0.1525420">
    <ele>68.9</ele>
    <time>2020-08-08T08:23:04Z</time>
   </trkpt>
   <trkpt lat="51.5634360" lon="-0.1524770">
    <ele>67.9</ele>
    <time>2020-08-08T08:23:06Z</time>
   </trkpt>
   <trkpt lat="51.5633440" lon="-0.1523990">
    <ele>67.5</ele>
    <time>2020-08-08T08:23:08Z</time>
   </trkpt>
   <trkpt lat="51.5632920" lon="-0.1523560">
    <ele>67.4</ele>
    <time>2020-08-08T08:23:09Z</time>
   </trkpt>
   <trkpt lat="51.5632320" lon="-0.1523110">
    <ele>66.8</ele>
    <time>2020-08-08T08:23:10Z</time>
   </trkpt>
   <trkpt lat="51.5630910" lon="-0.1522180">
    <ele>65.2</ele>
    <time>2020-08-08T08:23:12Z</time>
   </trkpt>
   <trkpt lat="51.5630190" lon="-0.1521660">
    <ele>64.4</ele>
    <time>2020-08-08T08:23:13Z</time>
   </trkpt>
   <trkpt lat="51.5628860" lon="-0.1520430">
    <ele>62.9</ele>
    <time>2020-08-08T08:23:15Z</time>
   </trkpt>
   <trkpt lat="51.5627640" lon="-0.1519020">
    <ele>61.7</ele>
    <time>2020-08-08T08:23:17Z</time>
   </trkpt>
   <trkpt lat="51.5627020" lon="-0.1518250">
    <ele>61.2</ele>
    <time>2020-08-08T08:23:18Z</time>
   </trkpt>
   <trkpt lat="51.5625710" lon="-0.1516690">
    <ele>60.1</ele>
    <time>2020-08-08T08:23:20Z</time>
   </trkpt>
   <trkpt lat="51.5625140" lon="-0.1515910">
    <ele>59.7</ele>
    <time>2020-08-08T08:23:21Z</time>
   </trkpt>
   <trkpt lat="51.5624210" lon="-0.1514440">
    <ele>59.1</ele>
    <time>2020-08-08T08:23:23Z</time>
   </trkpt>
   <trkpt lat="51.5623830" lon="-0.1513770">
    <ele>58.8</ele>
    <time>2020-08-08T08:23:24Z</time>
   </trkpt>
   <trkpt lat="51.5623490" lon="-0.1513200">
    <ele>58.6</ele>
    <time>2020-08-08T08:23:25Z</time>
   </trkpt>
   <trkpt lat="51.5623170" lon="-0.1512740">
    <ele>58.5</ele>
    <time>2020-08-08T08:23:26Z</time>
   </trkpt>
   <trkpt lat="51.5622430" lon="-0.1511850">
    <ele>59.3</ele>
    <time>2020-08-08T08:23:28Z</time>
   </trkpt>
   <trkpt lat="51.5622020" lon="-0.1511430">
    <ele>58.9</ele>
    <time>2020-08-08T08:23:29Z</time>
   </trkpt>
   <trkpt lat="51.5621150" lon="-0.1510490">
    <ele>58.1</ele>
    <time>2020-08-08T08:23:31Z</time>
   </trkpt>
   <trkpt lat="51.5620720" lon="-0.1510020">
    <ele>57.8</ele>
    <time>2020-08-08T08:23:32Z</time>
   </trkpt>
   <trkpt lat="51.5619550" lon="-0.1509500">
    <ele>57.1</ele>
    <time>2020-08-08T08:23:34Z</time>
   </trkpt>
   <trkpt lat="51.5618430" lon="-0.1509010">
    <ele>56.6</ele>
    <time>2020-08-08T08:23:36Z</time>
   </trkpt>
   <trkpt lat="51.5617910" lon="-0.1508780">
    <ele>56.4</ele>
    <time>2020-08-08T08:23:37Z</time>
   </trkpt>
   <trkpt lat="51.5617410" lon="-0.1508600">
    <ele>56.2</ele>
    <time>2020-08-08T08:23:38Z</time>
   </trkpt>
   <trkpt lat="51.5616970" lon="-0.1508410">
    <ele>56.0</ele>
    <time>2020-08-08T08:23:39Z</time>
   </trkpt>
   <trkpt lat="51.5616230" lon="-0.1507980">
    <ele>55.9</ele>
    <time>2020-08-08T08:23:41Z</time>
   </trkpt>
   <trkpt lat="51.5615900" lon="-0.1507660">
    <ele>56.0</ele>
    <time>2020-08-08T08:23:42Z</time>
   </trkpt>
   <trkpt lat="51.5615660" lon="-0.1507130">
    <ele>56.0</ele>
    <time>2020-08-08T08:23:43Z</time>
   </trkpt>
   <trkpt lat="51.5615330" lon="-0.1506040">
    <ele>56.1</ele>
    <time>2020-08-08T08:23:45Z</time>
   </trkpt>
   <trkpt lat="51.5615530" lon="-0.1505080">
    <ele>55.8</ele>
    <time>2020-08-08T08:23:47Z</time>
   </trkpt>
   <trkpt lat="51.5616360" lon="-0.1503950">
    <ele>55.5</ele>
    <time>2020-08-08T08:23:49Z</time>
   </trkpt>
   <trkpt lat="51.5616820" lon="-0.1503310">
    <ele>55.4</ele>
    <time>2020-08-08T08:23:50Z</time>
   </trkpt>
   <trkpt lat="51.5617300" lon="-0.1502660">
    <ele>55.3</ele>
    <time>2020-08-08T08:23:51Z</time>
   </trkpt>
   <trkpt lat="51.5618250" lon="-0.1501550">
    <ele>55.1</ele>
    <time>2020-08-08T08:23:53Z</time>
   </trkpt>
   <trkpt lat="51.5618640" lon="-0.1501010">
    <ele>55.1</ele>
    <time>2020-08-08T08:23:54Z</time>
   </trkpt>
   <trkpt lat="51.5618850" lon="-0.1500330">
    <ele>55.0</ele>
    <time>2020-08-08T08:23:55Z</time>
   </trkpt>
   <trkpt lat="51.5618960" lon="-0.1499490">
    <ele>55.0</ele>
    <time>2020-08-08T08:23:56Z</time>
   </trkpt>
   <trkpt lat="51.5619170" lon="-0.1497490">
    <ele>54.9</ele>
    <time>2020-08-08T08:23:58Z</time>
   </trkpt>
   <trkpt lat="51.5619210" lon="-0.1495440">
    <ele>54.8</ele>
    <time>2020-08-08T08:24:00Z</time>
   </trkpt>
   <trkpt lat="51.5619260" lon="-0.1494400">
    <ele>54.8</ele>
    <time>2020-08-08T08:24:01Z</time>
   </trkpt>
   <trkpt lat="51.5619410" lon="-0.1492200">
    <ele>54.8</ele>
    <time>2020-08-08T08:24:03Z</time>
   </trkpt>
   <trkpt lat="51.5619550" lon="-0.1491120">
    <ele>55.1</ele>
    <time>2020-08-08T08:24:04Z</time>
   </trkpt>
   <trkpt lat="51.5619710" lon="-0.1490030">
    <ele>54.9</ele>
    <time>2020-08-08T08:24:05Z</time>
   </trkpt>
   <trkpt lat="51.5619970" lon="-0.1487990">
    <ele>54.6</ele>
    <time>2020-08-08T08:24:07Z</time>
   </trkpt>
   <trkpt lat="51.5620120" lon="-0.1487010">
    <ele>54.6</ele>
    <time>2020-08-08T08:24:08Z</time>
   </trkpt>
   <trkpt lat="51.5620250" lon="-0.1486090">
    <ele>54.5</ele>
    <time>2020-08-08T08:24:09Z</time>
   </trkpt>
   <trkpt lat="51.5620640" lon="-0.1484300">
    <ele>54.4</ele>
    <time>2020-08-08T08:24:11Z</time>
   </trkpt>
   <trkpt lat="51.5621020" lon="-0.1482650">
    <ele>54.3</ele>
    <time>2020-08-08T08:24:13Z</time>
   </trkpt>
   <trkpt lat="51.5621250" lon="-0.1481850">
    <ele>54.3</ele>
    <time>2020-08-08T08:24:14Z</time>
   </trkpt>
   <trkpt lat="51.5621730" lon="-0.1480260">
    <ele>54.2</ele>
    <time>2020-08-08T08:24:16Z</time>
   </trkpt>
   <trkpt lat="51.5622240" lon="-0.1478510">
    <ele>54.2</ele>
    <time>2020-08-08T08:24:18Z</time>
   </trkpt>
   <trkpt lat="51.5622550" lon="-0.1477680">
    <ele>54.3</ele>
    <time>2020-08-08T08:24:19Z</time>
   </trkpt>
   <trkpt lat="51.5623030" lon="-0.1476130">
    <ele>54.3</ele>
    <time>2020-08-08T08:24:21Z</time>
   </trkpt>
   <trkpt lat="51.5623220" lon="-0.1475350">
    <ele>54.4</ele>
    <time>2020-08-08T08:24:22Z</time>
   </trkpt>
   <trkpt lat="51.5623550" lon="-0.1473980">
    <ele>54.5</ele>
    <time>2020-08-08T08:24:24Z</time>
   </trkpt>
   <trkpt lat="51.5624030" lon="-0.1472880">
    <ele>54.5</ele>
    <time>2020-08-08T08:24:26Z</time>
   </trkpt>
   <trkpt lat="51.5624950" lon="-0.1471860">
    <ele>54.6</ele>
    <time>2020-08-08T08:24:28Z</time>
   </trkpt>
   <trkpt lat="51.5625490" lon="-0.1471550">
    <ele>54.7</ele>
    <time>2020-08-08T08:24:29Z</time>
   </trkpt>
   <trkpt lat="51.5626020" lon="-0.1471290">
    <ele>54.8</ele>
    <time>2020-08-08T08:24:30Z</time>
   </trkpt>
   <trkpt lat="51.5626910" lon="-0.1470820">
    <ele>54.9</ele>
    <time>2020-08-08T08:24:32Z</time>
   </trkpt>
   <trkpt lat="51.5627220" lon="-0.1470710">
    <ele>55.0</ele>
    <time>2020-08-08T08:24:33Z</time>
   </trkpt>
   <trkpt lat="51.5627310" lon="-0.1470760">
    <ele>55.0</ele>
    <time>2020-08-08T08:24:35Z</time>
   </trkpt>
   <trkpt lat="51.5627190" lon="-0.1470850">
    <ele>55.0</ele>
    <time>2020-08-08T08:24:36Z</time>
   </trkpt>
   <trkpt lat="51.5627100" lon="-0.1470960">
    <ele>55.0</ele>
    <time>2020-08-08T08:24:37Z</time>
   </trkpt>
   <trkpt lat="51.5627080" lon="-0.1471040">
    <ele>55.0</ele>
    <time>2020-08-08T08:24:38Z</time>
   </trkpt>
   <trkpt lat="51.5627210" lon="-0.1471030">
    <ele>55.1</ele>
    <time>2020-08-08T08:24:39Z</time>
   </trkpt>
   <trkpt lat="51.5627390" lon="-0.1470980">
    <ele>55.1</ele>
    <time>2020-08-08T08:24:41Z</time>
   </trkpt>
   <trkpt lat="51.5627440" lon="-0.1471000">
    <ele>55.1</ele>
    <time>2020-08-08T08:24:42Z</time>
   </trkpt>
   <trkpt lat="51.5627510" lon="-0.1470960">
    <ele>55.1</ele>
    <time>2020-08-08T08:24:43Z</time>
   </trkpt>
   <trkpt lat="51.5627580" lon="-0.1470960">
    <ele>55.1</ele>
    <time>2020-08-08T08:24:45Z</time>
   </trkpt>
   <trkpt lat="51.5627600" lon="-0.1470930">
    <ele>55.1</ele>
    <time>2020-08-08T08:24:46Z</time>
   </trkpt>
   <trkpt lat="51.5627680" lon="-0.1470910">
    <ele>55.2</ele>
    <time>2020-08-08T08:24:47Z</time>
   </trkpt>
   <trkpt lat="51.5627800" lon="-0.1470800">
    <ele>55.2</ele>
    <time>2020-08-08T08:24:49Z</time>
   </trkpt>
   <trkpt lat="51.5627750" lon="-0.1470840">
    <ele>55.2</ele>
    <time>2020-08-08T08:24:51Z</time>
   </trkpt>
   <trkpt lat="51.5627650" lon="-0.1470880">
    <ele>55.2</ele>
    <time>2020-08-08T08:24:52Z</time>
   </trkpt>
   <trkpt lat="51.5627540" lon="-0.1470910">
    <ele>55.2</ele>
    <time>2020-08-08T08:24:54Z</time>
   </trkpt>
   <trkpt lat="51.5627430" lon="-0.1470940">
    <ele>55.3</ele>
    <time>2020-08-08T08:24:55Z</time>
   </trkpt>
   <trkpt lat="51.5627220" lon="-0.1471120">
    <ele>55.3</ele>
    <time>2020-08-08T08:24:57Z</time>
   </trkpt>
   <trkpt lat="51.5627070" lon="-0.1471270">
    <ele>55.3</ele>
    <time>2020-08-08T08:24:58Z</time>
   </trkpt>
   <trkpt lat="51.5627030" lon="-0.1471670">
    <ele>55.4</ele>
    <time>2020-08-08T08:24:59Z</time>
   </trkpt>
   <trkpt lat="51.5628130" lon="-0.1471110">
    <ele>55.6</ele>
    <time>2020-08-08T08:25:01Z</time>
   </trkpt>
   <trkpt lat="51.5628990" lon="-0.1470570">
    <ele>55.9</ele>
    <time>2020-08-08T08:25:02Z</time>
   </trkpt>
   <trkpt lat="51.5628650" lon="-0.1470230">
    <ele>56.0</ele>
    <time>2020-08-08T08:25:03Z</time>
   </trkpt>
   <trkpt lat="51.5628670" lon="-0.1469720">
    <ele>56.0</ele>
    <time>2020-08-08T08:25:05Z</time>
   </trkpt>
   <trkpt lat="51.5628930" lon="-0.1469490">
    <ele>56.1</ele>
    <time>2020-08-08T08:25:06Z</time>
   </trkpt>
   <trkpt lat="51.5629110" lon="-0.1469470">
    <ele>56.2</ele>
    <time>2020-08-08T08:25:07Z</time>
   </trkpt>
   <trkpt lat="51.5629230" lon="-0.1469450">
    <ele>56.2</ele>
    <time>2020-08-08T08:25:08Z</time>
   </trkpt>
   <trkpt lat="51.5629580" lon="-0.1469440">
    <ele>56.3</ele>
    <time>2020-08-08T08:25:10Z</time>
   </trkpt>
   <trkpt lat="51.5629690" lon="-0.1469420">
    <ele>56.3</ele>
    <time>2020-08-08T08:25:11Z</time>
   </trkpt>
   <trkpt lat="51.5629940" lon="-0.1469280">
    <ele>56.4</ele>
    <time>2020-08-08T08:25:12Z</time>
   </trkpt>
   <trkpt lat="51.5631810" lon="-0.1468550">
    <ele>57.3</ele>
    <time>2020-08-08T08:25:14Z</time>
   </trkpt>
   <trkpt lat="51.5632990" lon="-0.1468210">
    <ele>57.9</ele>
    <time>2020-08-08T08:25:15Z</time>
   </trkpt>
   <trkpt lat="51.5634020" lon="-0.1467890">
    <ele>58.4</ele>
    <time>2020-08-08T08:25:16Z</time>
   </trkpt>
   <trkpt lat="51.5635660" lon="-0.1467360">
    <ele>59.3</ele>
    <time>2020-08-08T08:25:18Z</time>
   </trkpt>
   <trkpt lat="51.5637010" lon="-0.1466930">
    <ele>60.0</ele>
    <time>2020-08-08T08:25:20Z</time>
   </trkpt>
   <trkpt lat="51.5637630" lon="-0.1466760">
    <ele>60.4</ele>
    <time>2020-08-08T08:25:21Z</time>
   </trkpt>
   <trkpt lat="51.5638750" lon="-0.1466370">
    <ele>61.2</ele>
    <time>2020-08-08T08:25:23Z</time>
   </trkpt>
   <trkpt lat="51.5639680" lon="-0.1466070">
    <ele>61.7</ele>
    <time>2020-08-08T08:25:25Z</time>
   </trkpt>
   <trkpt lat="51.5640160" lon="-0.1465940">
    <ele>62.0</ele>
    <time>2020-08-08T08:25:26Z</time>
   </trkpt>
   <trkpt lat="51.5640040" lon="-0.1465690">
    <ele>62.1</ele>
    <time>2020-08-08T08:25:27Z</time>
   </trkpt>
   <trkpt lat="51.5639730" lon="-0.1465520">
    <ele>62.3</ele>
    <time>2020-08-08T08:25:28Z</time>
   </trkpt>
   <trkpt lat="51.5640010" lon="-0.1465200">
    <ele>62.5</ele>
    <time>2020-08-08T08:25:30Z</time>
   </trkpt>
   <trkpt lat="51.5640440" lon="-0.1465130">
    <ele>62.8</ele>
    <time>2020-08-08T08:25:31Z</time>
   </trkpt>
   <trkpt lat="51.5641410" lon="-0.1465180">
    <ele>63.4</ele>
    <time>2020-08-08T08:25:32Z</time>
   </trkpt>
   <trkpt lat="51.5642260" lon="-0.1465180">
    <ele>64.1</ele>
    <time>2020-08-08T08:25:33Z</time>
   </trkpt>
   <trkpt lat="51.5642240" lon="-0.1465130">
    <ele>64.2</ele>
    <time>2020-08-08T08:25:35Z</time>
   </trkpt>
   <trkpt lat="51.5642130" lon="-0.1465380">
    <ele>64.3</ele>
    <time>2020-08-08T08:25:36Z</time>
   </trkpt>
   <trkpt lat="51.5642070" lon="-0.1465630">
    <ele>64.5</ele>
    <time>2020-08-08T08:25:37Z</time>
   </trkpt>
   <trkpt lat="51.5642250" lon="-0.1465630">
    <ele>64.7</ele>
    <time>2020-08-08T08:25:38Z</time>
   </trkpt>
   <trkpt lat="51.5642450" lon="-0.1465500">
    <ele>64.9</ele>
    <time>2020-08-08T08:25:40Z</time>
   </trkpt>
   <trkpt lat="51.5642750" lon="-0.1465350">
    <ele>65.2</ele>
    <time>2020-08-08T08:25:41Z</time>
   </trkpt>
   <trkpt lat="51.5643110" lon="-0.1465160">
    <ele>65.5</ele>
    <time>2020-08-08T08:25:42Z</time>
   </trkpt>
   <trkpt lat="51.5643650" lon="-0.1464910">
    <ele>66.1</ele>
    <time>2020-08-08T08:25:44Z</time>
   </trkpt>
   <trkpt lat="51.5644160" lon="-0.1464810">
    <ele>66.5</ele>
    <time>2020-08-08T08:25:45Z</time>
   </trkpt>
   <trkpt lat="51.5644790" lon="-0.1464710">
    <ele>67.1</ele>
    <time>2020-08-08T08:25:47Z</time>
   </trkpt>
   <trkpt lat="51.5645320" lon="-0.1464640">
    <ele>67.6</ele>
    <time>2020-08-08T08:25:48Z</time>
   </trkpt>
   <trkpt lat="51.5645780" lon="-0.1464530">
    <ele>68.1</ele>
    <time>2020-08-08T08:25:49Z</time>
   </trkpt>
   <trkpt lat="51.5646350" lon="-0.1464480">
    <ele>68.7</ele>
    <time>2020-08-08T08:25:51Z</time>
   </trkpt>
   <trkpt lat="51.5646800" lon="-0.1464390">
    <ele>69.1</ele>
    <time>2020-08-08T08:25:52Z</time>
   </trkpt>
   <trkpt lat="51.5647150" lon="-0.1464270">
    <ele>69.5</ele>
    <time>2020-08-08T08:25:53Z</time>
   </trkpt>
   <trkpt lat="51.5647720" lon="-0.1463960">
    <ele>70.1</ele>
    <time>2020-08-08T08:25:54Z</time>
   </trkpt>
   <trkpt lat="51.5648190" lon="-0.1463790">
    <ele>70.6</ele>
    <time>2020-08-08T08:25:56Z</time>
   </trkpt>
   <trkpt lat="51.5648620" lon="-0.1463620">
    <ele>71.0</ele>
    <time>2020-08-08T08:25:57Z</time>
   </trkpt>
   <trkpt lat="51.5649200" lon="-0.1463460">
    <ele>71.5</ele>
    <time>2020-08-08T08:25:59Z</time>
   </trkpt>
   <trkpt lat="51.5649490" lon="-0.1463470">
    <ele>71.8</ele>
    <time>2020-08-08T08:26:00Z</time>
   </trkpt>
   <trkpt lat="51.5649830" lon="-0.1463480">
    <ele>72.1</ele>
    <time>2020-08-08T08:26:01Z</time>
   </trkpt>
   <trkpt lat="51.5650200" lon="-0.1463570">
    <ele>72.4</ele>
    <time>2020-08-08T08:26:03Z</time>
   </trkpt>
   <trkpt lat="51.5650380" lon="-0.1463660">
    <ele>72.5</ele>
    <time>2020-08-08T08:26:04Z</time>
   </trkpt>
   <trkpt lat="51.5650760" lon="-0.1463860">
    <ele>72.8</ele>
    <time>2020-08-08T08:26:06Z</time>
   </trkpt>
   <trkpt lat="51.5652220" lon="-0.1464260">
    <ele>74.2</ele>
    <time>2020-08-08T08:26:07Z</time>
   </trkpt>
   <trkpt lat="51.5653310" lon="-0.1465320">
    <ele>75.2</ele>
    <time>2020-08-08T08:26:09Z</time>
   </trkpt>
   <trkpt lat="51.5654370" lon="-0.1465940">
    <ele>76.1</ele>
    <time>2020-08-08T08:26:10Z</time>
   </trkpt>
   <trkpt lat="51.5656010" lon="-0.1466190">
    <ele>77.2</ele>
    <time>2020-08-08T08:26:12Z</time>
   </trkpt>
   <trkpt lat="51.5656710" lon="-0.1465830">
    <ele>77.7</ele>
    <time>2020-08-08T08:26:13Z</time>
   </trkpt>
   <trkpt lat="51.5657170" lon="-0.1465820">
    <ele>78.1</ele>
    <time>2020-08-08T08:26:15Z</time>
   </trkpt>
   <trkpt lat="51.5657490" lon="-0.1465890">
    <ele>78.3</ele>
    <time>2020-08-08T08:26:16Z</time>
   </trkpt>
   <trkpt lat="51.5657910" lon="-0.1465940">
    <ele>78.6</ele>
    <time>2020-08-08T08:26:17Z</time>
   </trkpt>
   <trkpt lat="51.5658080" lon="-0.1465990">
    <ele>78.7</ele>
    <time>2020-08-08T08:26:18Z</time>
   </trkpt>
   <trkpt lat="51.5658530" lon="-0.1466170">
    <ele>79.1</ele>
    <time>2020-08-08T08:26:20Z</time>
   </trkpt>
   <trkpt lat="51.5658840" lon="-0.1466270">
    <ele>79.3</ele>
    <time>2020-08-08T08:26:21Z</time>
   </trkpt>
   <trkpt lat="51.5659180" lon="-0.1466390">
    <ele>79.6</ele>
    <time>2020-08-08T08:26:22Z</time>
   </trkpt>
   <trkpt lat="51.5659810" lon="-0.1466520">
    <ele>80.1</ele>
    <time>2020-08-08T08:26:24Z</time>
   </trkpt>
   <trkpt lat="51.5660200" lon="-0.1466520">
    <ele>80.2</ele>
    <time>2020-08-08T08:26:25Z</time>
   </trkpt>
   <trkpt lat="51.5660560" lon="-0.1466530">
    <ele>80.4</ele>
    <time>2020-08-08T08:26:26Z</time>
   </trkpt>
   <trkpt lat="51.5660920" lon="-0.1466520">
    <ele>80.5</ele>
    <time>2020-08-08T08:26:27Z</time>
   </trkpt>
   <trkpt lat="51.5661820" lon="-0.1466470">
    <ele>81.2</ele>
    <time>2020-08-08T08:26:29Z</time>
   </trkpt>
   <trkpt lat="51.5662260" lon="-0.1466380">
    <ele>81.7</ele>
    <time>2020-08-08T08:26:31Z</time>
   </trkpt>
   <trkpt lat="51.5662560" lon="-0.1466270">
    <ele>82.0</ele>
    <time>2020-08-08T08:26:32Z</time>
   </trkpt>
   <trkpt lat="51.5662960" lon="-0.1466190">
    <ele>82.4</ele>
    <time>2020-08-08T08:26:34Z</time>
   </trkpt>
   <trkpt lat="51.5663380" lon="-0.1466150">
    <ele>82.8</ele>
    <time>2020-08-08T08:26:35Z</time>
   </trkpt>
   <trkpt lat="51.5663550" lon="-0.1466130">
    <ele>83.0</ele>
    <time>2020-08-08T08:26:36Z</time>
   </trkpt>
   <trkpt lat="51.5663950" lon="-0.1466140">
    <ele>83.4</ele>
    <time>2020-08-08T08:26:38Z</time>
   </trkpt>
   <trkpt lat="51.5664230" lon="-0.1466030">
    <ele>83.6</ele>
    <time>2020-08-08T08:26:39Z</time>
   </trkpt>
   <trkpt lat="51.5664680" lon="-0.1465840">
    <ele>84.1</ele>
    <time>2020-08-08T08:26:40Z</time>
   </trkpt>
   <trkpt lat="51.5665090" lon="-0.1465600">
    <ele>84.5</ele>
    <time>2020-08-08T08:26:42Z</time>
   </trkpt>
   <trkpt lat="51.5665470" lon="-0.1465390">
    <ele>84.8</ele>
    <time>2020-08-08T08:26:43Z</time>
   </trkpt>
   <trkpt lat="51.5665790" lon="-0.1465190">
    <ele>85.1</ele>
    <time>2020-08-08T08:26:44Z</time>
   </trkpt>
   <trkpt lat="51.5666110" lon="-0.1465020">
    <ele>85.4</ele>
    <time>2020-08-08T08:26:45Z</time>
   </trkpt>
   <trkpt lat="51.5666650" lon="-0.1464530">
    <ele>85.9</ele>
    <time>2020-08-08T08:26:47Z</time>
   </trkpt>
   <trkpt lat="51.5667140" lon="-0.1464300">
    <ele>86.3</ele>
    <time>2020-08-08T08:26:48Z</time>
   </trkpt>
   <trkpt lat="51.5667710" lon="-0.1464160">
    <ele>86.8</ele>
    <time>2020-08-08T08:26:50Z</time>
   </trkpt>
   <trkpt lat="51.5668100" lon="-0.1464100">
    <ele>87.1</ele>
    <time>2020-08-08T08:26:51Z</time>
   </trkpt>
   <trkpt lat="51.5668500" lon="-0.1464070">
    <ele>87.4</ele>
    <time>2020-08-08T08:26:52Z</time>
   </trkpt>
   <trkpt lat="51.5668910" lon="-0.1464100">
    <ele>87.6</ele>
    <time>2020-08-08T08:26:53Z</time>
   </trkpt>
   <trkpt lat="51.5669280" lon="-0.1464190">
    <ele>87.8</ele>
    <time>2020-08-08T08:26:54Z</time>
   </trkpt>
   <trkpt lat="51.5669610" lon="-0.1464260">
    <ele>87.9</ele>
    <time>2020-08-08T08:26:56Z</time>
   </trkpt>
   <trkpt lat="51.5669880" lon="-0.1464300">
    <ele>88.0</ele>
    <time>2020-08-08T08:26:57Z</time>
   </trkpt>
   <trkpt lat="51.5670170" lon="-0.1464390">
    <ele>88.1</ele>
    <time>2020-08-08T08:26:58Z</time>
   </trkpt>
   <trkpt lat="51.5670260" lon="-0.1464420">
    <ele>88.1</ele>
    <time>2020-08-08T08:26:59Z</time>
   </trkpt>
   <trkpt lat="51.5670420" lon="-0.1464480">
    <ele>88.1</ele>
    <time>2020-08-08T08:27:00Z</time>
   </trkpt>
   <trkpt lat="51.5670690" lon="-0.1464570">
    <ele>88.2</ele>
    <time>2020-08-08T08:27:02Z</time>
   </trkpt>
   <trkpt lat="51.5671020" lon="-0.1464690">
    <ele>88.3</ele>
    <time>2020-08-08T08:27:03Z</time>
   </trkpt>
   <trkpt lat="51.5671270" lon="-0.1464770">
    <ele>88.6</ele>
    <time>2020-08-08T08:27:04Z</time>
   </trkpt>
   <trkpt lat="51.5671730" lon="-0.1464930">
    <ele>89.0</ele>
    <time>2020-08-08T08:27:06Z</time>
   </trkpt>
   <trkpt lat="51.5671920" lon="-0.1464970">
    <ele>89.2</ele>
    <time>2020-08-08T08:27:07Z</time>
   </trkpt>
   <trkpt lat="51.5672210" lon="-0.1465020">
    <ele>89.5</ele>
    <time>2020-08-08T08:27:09Z</time>
   </trkpt>
   <trkpt lat="51.5672560" lon="-0.1465120">
    <ele>89.9</ele>
    <time>2020-08-08T08:27:10Z</time>
   </trkpt>
   <trkpt lat="51.5672690" lon="-0.1465180">
    <ele>90.1</ele>
    <time>2020-08-08T08:27:11Z</time>
   </trkpt>
   <trkpt lat="51.5673050" lon="-0.1465350">
    <ele>90.6</ele>
    <time>2020-08-08T08:27:13Z</time>
   </trkpt>
   <trkpt lat="51.5673170" lon="-0.1465420">
    <ele>90.7</ele>
    <time>2020-08-08T08:27:14Z</time>
   </trkpt>
   <trkpt lat="51.5673460" lon="-0.1465560">
    <ele>91.2</ele>
    <time>2020-08-08T08:27:15Z</time>
   </trkpt>
   <trkpt lat="51.5673780" lon="-0.1465730">
    <ele>91.7</ele>
    <time>2020-08-08T08:27:17Z</time>
   </trkpt>
   <trkpt lat="51.5674080" lon="-0.1465890">
    <ele>92.2</ele>
    <time>2020-08-08T08:27:18Z</time>
   </trkpt>
   <trkpt lat="51.5674640" lon="-0.1466110">
    <ele>93.2</ele>
    <time>2020-08-08T08:27:20Z</time>
   </trkpt>
   <trkpt lat="51.5674900" lon="-0.1466200">
    <ele>93.7</ele>
    <time>2020-08-08T08:27:21Z</time>
   </trkpt>
   <trkpt lat="51.5675410" lon="-0.1466400">
    <ele>94.6</ele>
    <time>2020-08-08T08:27:23Z</time>
   </trkpt>
   <trkpt lat="51.5675810" lon="-0.1466660">
    <ele>95.3</ele>
    <time>2020-08-08T08:27:25Z</time>
   </trkpt>
   <trkpt lat="51.5676100" lon="-0.1466840">
    <ele>95.8</ele>
    <time>2020-08-08T08:27:26Z</time>
   </trkpt>
   <trkpt lat="51.5676530" lon="-0.1467100">
    <ele>96.6</ele>
    <time>2020-08-08T08:27:27Z</time>
   </trkpt>
   <trkpt lat="51.5676730" lon="-0.1467230">
    <ele>97.0</ele>
    <time>2020-08-08T08:27:28Z</time>
   </trkpt>
   <trkpt lat="51.5677020" lon="-0.1467430">
    <ele>97.5</ele>
    <time>2020-08-08T08:27:30Z</time>
   </trkpt>
   <trkpt lat="51.5677300" lon="-0.1467610">
    <ele>97.9</ele>
    <time>2020-08-08T08:27:31Z</time>
   </trkpt>
   <trkpt lat="51.5677720" lon="-0.1467890">
    <ele>98.7</ele>
    <time>2020-08-08T08:27:33Z</time>
   </trkpt>
   <trkpt lat="51.5677990" lon="-0.1468020">
    <ele>99.1</ele>
    <time>2020-08-08T08:27:34Z</time>
   </trkpt>
   <trkpt lat="51.5678420" lon="-0.1468240">
    <ele>99.8</ele>
    <time>2020-08-08T08:27:35Z</time>
   </trkpt>
   <trkpt lat="51.5678750" lon="-0.1468510">
    <ele>100.4</ele>
    <time>2020-08-08T08:27:37Z</time>
   </trkpt>
   <trkpt lat="51.5679190" lon="-0.1468790">
    <ele>101.2</ele>
    <time>2020-08-08T08:27:38Z</time>
   </trkpt>
   <trkpt lat="51.5679560" lon="-0.1469090">
    <ele>101.9</ele>
    <time>2020-08-08T08:27:40Z</time>
   </trkpt>
   <trkpt lat="51.5679980" lon="-0.1469410">
    <ele>102.7</ele>
    <time>2020-08-08T08:27:41Z</time>
   </trkpt>
   <trkpt lat="51.5680280" lon="-0.1469590">
    <ele>103.2</ele>
    <time>2020-08-08T08:27:43Z</time>
   </trkpt>
   <trkpt lat="51.5680530" lon="-0.1469790">
    <ele>103.7</ele>
    <time>2020-08-08T08:27:44Z</time>
   </trkpt>
   <trkpt lat="51.5680900" lon="-0.1470050">
    <ele>104.4</ele>
    <time>2020-08-08T08:27:46Z</time>
   </trkpt>
   <trkpt lat="51.5681230" lon="-0.1470330">
    <ele>105.0</ele>
    <time>2020-08-08T08:27:47Z</time>
   </trkpt>
   <trkpt lat="51.5681620" lon="-0.1470760">
    <ele>105.8</ele>
    <time>2020-08-08T08:27:49Z</time>
   </trkpt>
   <trkpt lat="51.5681750" lon="-0.1470900">
    <ele>106.0</ele>
    <time>2020-08-08T08:27:50Z</time>
   </trkpt>
   <trkpt lat="51.5681870" lon="-0.1471050">
    <ele>106.2</ele>
    <time>2020-08-08T08:27:51Z</time>
   </trkpt>
   <trkpt lat="51.5682210" lon="-0.1471430">
    <ele>106.9</ele>
    <time>2020-08-08T08:27:52Z</time>
   </trkpt>
   <trkpt lat="51.5682380" lon="-0.1471600">
    <ele>107.2</ele>
    <time>2020-08-08T08:27:53Z</time>
   </trkpt>
   <trkpt lat="51.5682680" lon="-0.1471790">
    <ele>107.6</ele>
    <time>2020-08-08T08:27:55Z</time>
   </trkpt>
   <trkpt lat="51.5682950" lon="-0.1472000">
    <ele>108.0</ele>
    <time>2020-08-08T08:27:56Z</time>
   </trkpt>
   <trkpt lat="51.5683340" lon="-0.1472400">
    <ele>108.6</ele>
    <time>2020-08-08T08:27:57Z</time>
   </trkpt>
   <trkpt lat="51.5683610" lon="-0.1472720">
    <ele>109.0</ele>
    <time>2020-08-08T08:27:58Z</time>
   </trkpt>
   <trkpt lat="51.5683940" lon="-0.1473050">
    <ele>109.5</ele>
    <time>2020-08-08T08:28:00Z</time>
   </trkpt>
   <trkpt lat="51.5684550" lon="-0.1473590">
    <ele>110.4</ele>
    <time>2020-08-08T08:28:02Z</time>
   </trkpt>
   <trkpt lat="51.5684830" lon="-0.1473870">
    <ele>110.8</ele>
    <time>2020-08-08T08:28:03Z</time>
   </trkpt>
   <trkpt lat="51.5685170" lon="-0.1474230">
    <ele>111.3</ele>
    <time>2020-08-08T08:28:04Z</time>
   </trkpt>
   <trkpt lat="51.5685570" lon="-0.1474640">
    <ele>111.9</ele>
    <time>2020-08-08T08:28:05Z</time>
   </trkpt>
   <trkpt lat="51.5685820" lon="-0.1474910">
    <ele>112.3</ele>
    <time>2020-08-08T08:28:06Z</time>
   </trkpt>
   <trkpt lat="51.5686170" lon="-0.1475250">
    <ele>112.8</ele>
    <time>2020-08-08T08:28:08Z</time>
   </trkpt>
   <trkpt lat="51.5686540" lon="-0.1475540">
    <ele>113.3</ele>
    <time>2020-08-08T08:28:09Z</time>
   </trkpt>
   <trkpt lat="51.5686840" lon="-0.1475770">
    <ele>113.6</ele>
    <time>2020-08-08T08:28:10Z</time>
   </trkpt>
   <trkpt lat="51.5687160" lon="-0.1476040">
    <ele>114.0</ele>
    <time>2020-08-08T08:28:12Z</time>
   </trkpt>
   <trkpt lat="51.5687520" lon="-0.1476280">
    <ele>114.4</ele>
    <time>2020-08-08T08:28:13Z</time>
   </trkpt>
   <trkpt lat="51.5687820" lon="-0.1476470">
    <ele>114.7</ele>
    <time>2020-08-08T08:28:15Z</time>
   </trkpt>
   <trkpt lat="51.5688000" lon="-0.1476590">
    <ele>114.8</ele>
    <time>2020-08-08T08:28:16Z</time>
   </trkpt>
   <trkpt lat="51.5688410" lon="-0.1476830">
    <ele>115.2</ele>
    <time>2020-08-08T08:28:18Z</time>
   </trkpt>
   <trkpt lat="51.5688810" lon="-0.1477120">
    <ele>115.7</ele>
    <time>2020-08-08T08:28:19Z</time>
   </trkpt>
   <trkpt lat="51.5689120" lon="-0.1477330">
    <ele>116.0</ele>
    <time>2020-08-08T08:28:21Z</time>
   </trkpt>
   <trkpt lat="51.5689520" lon="-0.1477580">
    <ele>116.4</ele>
    <time>2020-08-08T08:28:23Z</time>
   </trkpt>
   <trkpt lat="51.5689930" lon="-0.1477830">
    <ele>116.8</ele>
    <time>2020-08-08T08:28:24Z</time>
   </trkpt>
   <trkpt lat="51.5690110" lon="-0.1477930">
    <ele>116.9</ele>
    <time>2020-08-08T08:28:25Z</time>
   </trkpt>
   <trkpt lat="51.5690460" lon="-0.1478080">
    <ele>117.3</ele>
    <time>2020-08-08T08:28:27Z</time>
   </trkpt>
   <trkpt lat="51.5690830" lon="-0.1478310">
    <ele>117.7</ele>
    <time>2020-08-08T08:28:28Z</time>
   </trkpt>
   <trkpt lat="51.5690970" lon="-0.1478410">
    <ele>117.8</ele>
    <time>2020-08-08T08:28:29Z</time>
   </trkpt>
   <trkpt lat="51.5691350" lon="-0.1478690">
    <ele>118.2</ele>
    <time>2020-08-08T08:28:31Z</time>
   </trkpt>
   <trkpt lat="51.5691640" lon="-0.1478940">
    <ele>118.5</ele>
    <time>2020-08-08T08:28:32Z</time>
   </trkpt>
   <trkpt lat="51.5691910" lon="-0.1479150">
    <ele>118.8</ele>
    <time>2020-08-08T08:28:33Z</time>
   </trkpt>
   <trkpt lat="51.5692280" lon="-0.1479440">
    <ele>119.2</ele>
    <time>2020-08-08T08:28:35Z</time>
   </trkpt>
   <trkpt lat="51.5692720" lon="-0.1479800">
    <ele>119.6</ele>
    <time>2020-08-08T08:28:36Z</time>
   </trkpt>
   <trkpt lat="51.5692920" lon="-0.1479960">
    <ele>119.8</ele>
    <time>2020-08-08T08:28:37Z</time>
   </trkpt>
   <trkpt lat="51.5693210" lon="-0.1480250">
    <ele>120.1</ele>
    <time>2020-08-08T08:28:39Z</time>
   </trkpt>
   <trkpt lat="51.5693520" lon="-0.1480610">
    <ele>120.5</ele>
    <time>2020-08-08T08:28:40Z</time>
   </trkpt>
   <trkpt lat="51.5693790" lon="-0.1480980">
    <ele>120.7</ele>
    <time>2020-08-08T08:28:41Z</time>
   </trkpt>
   <trkpt lat="51.5694150" lon="-0.1481490">
    <ele>121.1</ele>
    <time>2020-08-08T08:28:43Z</time>
   </trkpt>
   <trkpt lat="51.5694400" lon="-0.1481810">
    <ele>121.2</ele>
    <time>2020-08-08T08:28:44Z</time>
   </trkpt>
   <trkpt lat="51.5694790" lon="-0.1482330">
    <ele>121.4</ele>
    <time>2020-08-08T08:28:45Z</time>
   </trkpt>
   <trkpt lat="51.5695120" lon="-0.1482770">
    <ele>121.7</ele>
    <time>2020-08-08T08:28:47Z</time>
   </trkpt>
   <trkpt lat="51.5695520" lon="-0.1483300">
    <ele>122.1</ele>
    <time>2020-08-08T08:28:48Z</time>
   </trkpt>
   <trkpt lat="51.5695830" lon="-0.1483600">
    <ele>122.3</ele>
    <time>2020-08-08T08:28:50Z</time>
   </trkpt>
   <trkpt lat="51.5696110" lon="-0.1483840">
    <ele>122.5</ele>
    <time>2020-08-08T08:28:51Z</time>
   </trkpt>
   <trkpt lat="51.5696380" lon="-0.1484010">
    <ele>122.7</ele>
    <time>2020-08-08T08:28:52Z</time>
   </trkpt>
   <trkpt lat="51.5696760" lon="-0.1484240">
    <ele>123.0</ele>
    <time>2020-08-08T08:28:53Z</time>
   </trkpt>
   <trkpt lat="51.5697290" lon="-0.1484520">
    <ele>123.4</ele>
    <time>2020-08-08T08:28:55Z</time>
   </trkpt>
   <trkpt lat="51.5697500" lon="-0.1484600">
    <ele>123.5</ele>
    <time>2020-08-08T08:28:56Z</time>
   </trkpt>
   <trkpt lat="51.5697700" lon="-0.1484690">
    <ele>123.6</ele>
    <time>2020-08-08T08:28:57Z</time>
   </trkpt>
   <trkpt lat="51.5698040" lon="-0.1484860">
    <ele>123.8</ele>
    <time>2020-08-08T08:28:59Z</time>
   </trkpt>
   <trkpt lat="51.5698390" lon="-0.1485110">
    <ele>124.1</ele>
    <time>2020-08-08T08:29:01Z</time>
   </trkpt>
   <trkpt lat="51.5698650" lon="-0.1485290">
    <ele>124.2</ele>
    <time>2020-08-08T08:29:02Z</time>
   </trkpt>
   <trkpt lat="51.5698730" lon="-0.1485360">
    <ele>124.3</ele>
    <time>2020-08-08T08:29:03Z</time>
   </trkpt>
   <trkpt lat="51.5698950" lon="-0.1485540">
    <ele>124.4</ele>
    <time>2020-08-08T08:29:04Z</time>
   </trkpt>
   <trkpt lat="51.5699480" lon="-0.1485850">
    <ele>124.8</ele>
    <time>2020-08-08T08:29:06Z</time>
   </trkpt>
   <trkpt lat="51.5700460" lon="-0.1486700">
    <ele>125.4</ele>
    <time>2020-08-08T08:29:08Z</time>
   </trkpt>
   <trkpt lat="51.5701210" lon="-0.1487190">
    <ele>125.9</ele>
    <time>2020-08-08T08:29:09Z</time>
   </trkpt>
   <trkpt lat="51.5702200" lon="-0.1487430">
    <ele>126.3</ele>
    <time>2020-08-08T08:29:11Z</time>
   </trkpt>
   <trkpt lat="51.5703030" lon="-0.1487270">
    <ele>126.7</ele>
    <time>2020-08-08T08:29:12Z</time>
   </trkpt>
   <trkpt lat="51.5703410" lon="-0.1486950">
    <ele>126.9</ele>
    <time>2020-08-08T08:29:14Z</time>
   </trkpt>
   <trkpt lat="51.5703650" lon="-0.1486670">
    <ele>127.0</ele>
    <time>2020-08-08T08:29:15Z</time>
   </trkpt>
   <trkpt lat="51.5704060" lon="-0.1486470">
    <ele>127.5</ele>
    <time>2020-08-08T08:29:16Z</time>
   </trkpt>
   <trkpt lat="51.5704340" lon="-0.1486090">
    <ele>127.5</ele>
    <time>2020-08-08T08:29:18Z</time>
   </trkpt>
   <trkpt lat="51.5704610" lon="-0.1485940">
    <ele>127.5</ele>
    <time>2020-08-08T08:29:19Z</time>
   </trkpt>
   <trkpt lat="51.5704730" lon="-0.1485920">
    <ele>127.5</ele>
    <time>2020-08-08T08:29:20Z</time>
   </trkpt>
   <trkpt lat="51.5704950" lon="-0.1485680">
    <ele>127.5</ele>
    <time>2020-08-08T08:29:21Z</time>
   </trkpt>
   <trkpt lat="51.5705260" lon="-0.1485310">
    <ele>127.7</ele>
    <time>2020-08-08T08:29:23Z</time>
   </trkpt>
   <trkpt lat="51.5705630" lon="-0.1485030">
    <ele>127.7</ele>
    <time>2020-08-08T08:29:24Z</time>
   </trkpt>
   <trkpt lat="51.5705740" lon="-0.1484920">
    <ele>127.7</ele>
    <time>2020-08-08T08:29:25Z</time>
   </trkpt>
   <trkpt lat="51.5706170" lon="-0.1485140">
    <ele>127.8</ele>
    <time>2020-08-08T08:29:26Z</time>
   </trkpt>
   <trkpt lat="51.5706390" lon="-0.1485450">
    <ele>127.8</ele>
    <time>2020-08-08T08:29:28Z</time>
   </trkpt>
   <trkpt lat="51.5706590" lon="-0.1485950">
    <ele>127.8</ele>
    <time>2020-08-08T08:29:30Z</time>
   </trkpt>
   <trkpt lat="51.5706820" lon="-0.1486110">
    <ele>127.8</ele>
    <time>2020-08-08T08:29:31Z</time>
   </trkpt>
   <trkpt lat="51.5707150" lon="-0.1486600">
    <ele>128.1</ele>
    <time>2020-08-08T08:29:33Z</time>
   </trkpt>
   <trkpt lat="51.5707520" lon="-0.1487020">
    <ele>128.1</ele>
    <time>2020-08-08T08:29:35Z</time>
   </trkpt>
   <trkpt lat="51.5707730" lon="-0.1487210">
    <ele>128.2</ele>
    <time>2020-08-08T08:29:36Z</time>
   </trkpt>
   <trkpt lat="51.5707950" lon="-0.1487580">
    <ele>128.2</ele>
    <time>2020-08-08T08:29:38Z</time>
   </trkpt>
   <trkpt lat="51.5708190" lon="-0.1487790">
    <ele>128.3</ele>
    <time>2020-08-08T08:29:39Z</time>
   </trkpt>
   <trkpt lat="51.5708500" lon="-0.1488080">
    <ele>128.3</ele>
    <time>2020-08-08T08:29:40Z</time>
   </trkpt>
   <trkpt lat="51.5708590" lon="-0.1488130">
    <ele>128.3</ele>
    <time>2020-08-08T08:29:41Z</time>
   </trkpt>
   <trkpt lat="51.5708890" lon="-0.1488590">
    <ele>128.4</ele>
    <time>2020-08-08T08:29:42Z</time>
   </trkpt>
   <trkpt lat="51.5709130" lon="-0.1489020">
    <ele>128.5</ele>
    <time>2020-08-08T08:29:44Z</time>
   </trkpt>
   <trkpt lat="51.5709370" lon="-0.1489400">
    <ele>128.5</ele>
    <time>2020-08-08T08:29:45Z</time>
   </trkpt>
   <trkpt lat="51.5710130" lon="-0.1491960">
    <ele>128.8</ele>
    <time>2020-08-08T08:29:47Z</time>
   </trkpt>
   <trkpt lat="51.5711110" lon="-0.1494490">
    <ele>129.0</ele>
    <time>2020-08-08T08:29:49Z</time>
   </trkpt>
   <trkpt lat="51.5711800" lon="-0.1495820">
    <ele>129.3</ele>
    <time>2020-08-08T08:29:50Z</time>
   </trkpt>
   <trkpt lat="51.5712470" lon="-0.1497560">
    <ele>129.7</ele>
    <time>2020-08-08T08:29:52Z</time>
   </trkpt>
   <trkpt lat="51.5713360" lon="-0.1499070">
    <ele>129.9</ele>
    <time>2020-08-08T08:29:54Z</time>
   </trkpt>
   <trkpt lat="51.5713830" lon="-0.1499590">
    <ele>130.0</ele>
    <time>2020-08-08T08:29:55Z</time>
   </trkpt>
   <trkpt lat="51.5714270" lon="-0.1499850">
    <ele>130.1</ele>
    <time>2020-08-08T08:29:56Z</time>
   </trkpt>
   <trkpt lat="51.5714530" lon="-0.1500580">
    <ele>130.2</ele>
    <time>2020-08-08T08:29:57Z</time>
   </trkpt>
   <trkpt lat="51.5714850" lon="-0.1501010">
    <ele>130.3</ele>
    <time>2020-08-08T08:29:58Z</time>
   </trkpt>
   <trkpt lat="51.5715250" lon="-0.1500980">
    <ele>130.3</ele>
    <time>2020-08-08T08:30:00Z</time>
   </trkpt>
   <trkpt lat="51.5715390" lon="-0.1500830">
    <ele>130.4</ele>
    <time>2020-08-08T08:30:01Z</time>
   </trkpt>
   <trkpt lat="51.5715670" lon="-0.1500810">
    <ele>130.4</ele>
    <time>2020-08-08T08:30:02Z</time>
   </trkpt>
   <trkpt lat="51.5716130" lon="-0.1500580">
    <ele>130.5</ele>
    <time>2020-08-08T08:30:03Z</time>
   </trkpt>
   <trkpt lat="51.5717690" lon="-0.1500910">
    <ele>130.3</ele>
    <time>2020-08-08T08:30:05Z</time>
   </trkpt>
   <trkpt lat="51.5718450" lon="-0.1500820">
    <ele>130.1</ele>
    <time>2020-08-08T08:30:06Z</time>
   </trkpt>
   <trkpt lat="51.5719120" lon="-0.1500590">
    <ele>130.0</ele>
    <time>2020-08-08T08:30:07Z</time>
   </trkpt>
   <trkpt lat="51.5720390" lon="-0.1500260">
    <ele>129.8</ele>
    <time>2020-08-08T08:30:09Z</time>
   </trkpt>
   <trkpt lat="51.5721620" lon="-0.1499920">
    <ele>129.8</ele>
    <time>2020-08-08T08:30:11Z</time>
   </trkpt>
   <trkpt lat="51.5722220" lon="-0.1499790">
    <ele>129.7</ele>
    <time>2020-08-08T08:30:12Z</time>
   </trkpt>
   <trkpt lat="51.5722820" lon="-0.1499690">
    <ele>129.6</ele>
    <time>2020-08-08T08:30:13Z</time>
   </trkpt>
   <trkpt lat="51.5723990" lon="-0.1499390">
    <ele>129.5</ele>
    <time>2020-08-08T08:30:15Z</time>
   </trkpt>
   <trkpt lat="51.5724590" lon="-0.1499230">
    <ele>129.5</ele>
    <time>2020-08-08T08:30:16Z</time>
   </trkpt>
   <trkpt lat="51.5725170" lon="-0.1498990">
    <ele>129.4</ele>
    <time>2020-08-08T08:30:17Z</time>
   </trkpt>
   <trkpt lat="51.5725750" lon="-0.1498740">
    <ele>129.3</ele>
    <time>2020-08-08T08:30:18Z</time>
   </trkpt>
   <trkpt lat="51.5727000" lon="-0.1498350">
    <ele>129.1</ele>
    <time>2020-08-08T08:30:20Z</time>
   </trkpt>
   <trkpt lat="51.5728290" lon="-0.1498220">
    <ele>128.9</ele>
    <time>2020-08-08T08:30:22Z</time>
   </trkpt>
   <trkpt lat="51.5728940" lon="-0.1498140">
    <ele>128.8</ele>
    <time>2020-08-08T08:30:23Z</time>
   </trkpt>
   <trkpt lat="51.5729580" lon="-0.1498170">
    <ele>128.8</ele>
    <time>2020-08-08T08:30:24Z</time>
   </trkpt>
   <trkpt lat="51.5730240" lon="-0.1498220">
    <ele>128.7</ele>
    <time>2020-08-08T08:30:25Z</time>
   </trkpt>
   <trkpt lat="51.5730910" lon="-0.1498160">
    <ele>128.7</ele>
    <time>2020-08-08T08:30:26Z</time>
   </trkpt>
   <trkpt lat="51.5732200" lon="-0.1497800">
    <ele>128.6</ele>
    <time>2020-08-08T08:30:28Z</time>
   </trkpt>
   <trkpt lat="51.5732840" lon="-0.1497580">
    <ele>128.5</ele>
    <time>2020-08-08T08:30:29Z</time>
   </trkpt>
   <trkpt lat="51.5734150" lon="-0.1497280">
    <ele>128.5</ele>
    <time>2020-08-08T08:30:31Z</time>
   </trkpt>
   <trkpt lat="51.5734720" lon="-0.1497040">
    <ele>128.4</ele>
    <time>2020-08-08T08:30:32Z</time>
   </trkpt>
   <trkpt lat="51.5735190" lon="-0.1496750">
    <ele>128.4</ele>
    <time>2020-08-08T08:30:33Z</time>
   </trkpt>
   <trkpt lat="51.5736570" lon="-0.1496580">
    <ele>128.2</ele>
    <time>2020-08-08T08:30:35Z</time>
   </trkpt>
   <trkpt lat="51.5738080" lon="-0.1496630">
    <ele>127.9</ele>
    <time>2020-08-08T08:30:37Z</time>
   </trkpt>
   <trkpt lat="51.5739530" lon="-0.1496650">
    <ele>127.6</ele>
    <time>2020-08-08T08:30:39Z</time>
   </trkpt>
   <trkpt lat="51.5740310" lon="-0.1496700">
    <ele>127.5</ele>
    <time>2020-08-08T08:30:40Z</time>
   </trkpt>
   <trkpt lat="51.5741100" lon="-0.1496920">
    <ele>127.4</ele>
    <time>2020-08-08T08:30:41Z</time>
   </trkpt>
   <trkpt lat="51.5742570" lon="-0.1497320">
    <ele>127.3</ele>
    <time>2020-08-08T08:30:43Z</time>
   </trkpt>
   <trkpt lat="51.5744040" lon="-0.1498230">
    <ele>127.3</ele>
    <time>2020-08-08T08:30:45Z</time>
   </trkpt>
   <trkpt lat="51.5745300" lon="-0.1499000">
    <ele>127.3</ele>
    <time>2020-08-08T08:30:47Z</time>
   </trkpt>
   <trkpt lat="51.5745890" lon="-0.1499340">
    <ele>127.3</ele>
    <time>2020-08-08T08:30:48Z</time>
   </trkpt>
   <trkpt lat="51.5747110" lon="-0.1500310">
    <ele>127.2</ele>
    <time>2020-08-08T08:30:50Z</time>
   </trkpt>
   <trkpt lat="51.5748330" lon="-0.1501300">
    <ele>127.0</ele>
    <time>2020-08-08T08:30:52Z</time>
   </trkpt>
   <trkpt lat="51.5749500" lon="-0.1502230">
    <ele>126.8</ele>
    <time>2020-08-08T08:30:54Z</time>
   </trkpt>
   <trkpt lat="51.5750690" lon="-0.1503130">
    <ele>126.2</ele>
    <time>2020-08-08T08:30:56Z</time>
   </trkpt>
   <trkpt lat="51.5751310" lon="-0.1503650">
    <ele>125.9</ele>
    <time>2020-08-08T08:30:57Z</time>
   </trkpt>
   <trkpt lat="51.5752690" lon="-0.1504580">
    <ele>125.2</ele>
    <time>2020-08-08T08:30:59Z</time>
   </trkpt>
   <trkpt lat="51.5753380" lon="-0.1504980">
    <ele>124.8</ele>
    <time>2020-08-08T08:31:00Z</time>
   </trkpt>
   <trkpt lat="51.5754820" lon="-0.1505870">
    <ele>123.9</ele>
    <time>2020-08-08T08:31:02Z</time>
   </trkpt>
   <trkpt lat="51.5755630" lon="-0.1506560">
    <ele>123.3</ele>
    <time>2020-08-08T08:31:03Z</time>
   </trkpt>
   <trkpt lat="51.5757200" lon="-0.1507740">
    <ele>122.4</ele>
    <time>2020-08-08T08:31:05Z</time>
   </trkpt>
   <trkpt lat="51.5757960" lon="-0.1508210">
    <ele>121.9</ele>
    <time>2020-08-08T08:31:06Z</time>
   </trkpt>
   <trkpt lat="51.5759270" lon="-0.1509560">
    <ele>121.1</ele>
    <time>2020-08-08T08:31:08Z</time>
   </trkpt>
   <trkpt lat="51.5759890" lon="-0.1510240">
    <ele>121.3</ele>
    <time>2020-08-08T08:31:09Z</time>
   </trkpt>
   <trkpt lat="51.5760550" lon="-0.1510910">
    <ele>120.8</ele>
    <time>2020-08-08T08:31:10Z</time>
   </trkpt>
   <trkpt lat="51.5761280" lon="-0.1511580">
    <ele>120.2</ele>
    <time>2020-08-08T08:31:11Z</time>
   </trkpt>
   <trkpt lat="51.5762780" lon="-0.1513050">
    <ele>118.9</ele>
    <time>2020-08-08T08:31:13Z</time>
   </trkpt>
   <trkpt lat="51.5764380" lon="-0.1514430">
    <ele>117.6</ele>
    <time>2020-08-08T08:31:15Z</time>
   </trkpt>
   <trkpt lat="51.5765130" lon="-0.1515100">
    <ele>117.0</ele>
    <time>2020-08-08T08:31:16Z</time>
   </trkpt>
   <trkpt lat="51.5766520" lon="-0.1516600">
    <ele>115.8</ele>
    <time>2020-08-08T08:31:18Z</time>
   </trkpt>
   <trkpt lat="51.5767140" lon="-0.1517240">
    <ele>115.2</ele>
    <time>2020-08-08T08:31:19Z</time>
   </trkpt>
   <trkpt lat="51.5767700" lon="-0.1517860">
    <ele>114.7</ele>
    <time>2020-08-08T08:31:20Z</time>
   </trkpt>
   <trkpt lat="51.5768850" lon="-0.1519140">
    <ele>113.7</ele>
    <time>2020-08-08T08:31:22Z</time>
   </trkpt>
   <trkpt lat="51.5770180" lon="-0.1520400">
    <ele>112.6</ele>
    <time>2020-08-08T08:31:24Z</time>
   </trkpt>
   <trkpt lat="51.5770930" lon="-0.1521150">
    <ele>112.0</ele>
    <time>2020-08-08T08:31:25Z</time>
   </trkpt>
   <trkpt lat="51.5772600" lon="-0.1522980">
    <ele>111.3</ele>
    <time>2020-08-08T08:31:27Z</time>
   </trkpt>
   <trkpt lat="51.5774070" lon="-0.1524540">
    <ele>110.9</ele>
    <time>2020-08-08T08:31:29Z</time>
   </trkpt>
   <trkpt lat="51.5775330" lon="-0.1526050">
    <ele>110.5</ele>
    <time>2020-08-08T08:31:31Z</time>
   </trkpt>
   <trkpt lat="51.5775840" lon="-0.1526700">
    <ele>110.4</ele>
    <time>2020-08-08T08:31:32Z</time>
   </trkpt>
   <trkpt lat="51.5776650" lon="-0.1527900">
    <ele>110.1</ele>
    <time>2020-08-08T08:31:34Z</time>
   </trkpt>
   <trkpt lat="51.5777100" lon="-0.1528350">
    <ele>110.0</ele>
    <time>2020-08-08T08:31:36Z</time>
   </trkpt>
   <trkpt lat="51.5777640" lon="-0.1529040">
    <ele>109.8</ele>
    <time>2020-08-08T08:31:38Z</time>
   </trkpt>
   <trkpt lat="51.5777870" lon="-0.1529540">
    <ele>109.7</ele>
    <time>2020-08-08T08:31:39Z</time>
   </trkpt>
   <trkpt lat="51.5778320" lon="-0.1530240">
    <ele>109.5</ele>
    <time>2020-08-08T08:31:41Z</time>
   </trkpt>
   <trkpt lat="51.5778600" lon="-0.1530420">
    <ele>109.5</ele>
    <time>2020-08-08T08:31:42Z</time>
   </trkpt>
   <trkpt lat="51.5778830" lon="-0.1530400">
    <ele>109.4</ele>
    <time>2020-08-08T08:31:44Z</time>
   </trkpt>
   <trkpt lat="51.5778790" lon="-0.1530290">
    <ele>109.4</ele>
    <time>2020-08-08T08:31:45Z</time>
   </trkpt>
   <trkpt lat="51.5778760" lon="-0.1530170">
    <ele>109.4</ele>
    <time>2020-08-08T08:31:46Z</time>
   </trkpt>
   <trkpt lat="51.5778730" lon="-0.1530060">
    <ele>109.4</ele>
    <time>2020-08-08T08:31:48Z</time>
   </trkpt>
   <trkpt lat="51.5778690" lon="-0.1529940">
    <ele>109.4</ele>
    <time>2020-08-08T08:31:49Z</time>
   </trkpt>
   <trkpt lat="51.5778660" lon="-0.1529830">
    <ele>109.3</ele>
    <time>2020-08-08T08:31:50Z</time>
   </trkpt>
   <trkpt lat="51.5779990" lon="-0.1530550">
    <ele>109.2</ele>
    <time>2020-08-08T08:31:52Z</time>
   </trkpt>
   <trkpt lat="51.5780760" lon="-0.1531170">
    <ele>108.9</ele>
    <time>2020-08-08T08:31:53Z</time>
   </trkpt>
   <trkpt lat="51.5781500" lon="-0.1531780">
    <ele>108.4</ele>
    <time>2020-08-08T08:31:54Z</time>
   </trkpt>
   <trkpt lat="51.5782930" lon="-0.1533210">
    <ele>107.3</ele>
    <time>2020-08-08T08:31:56Z</time>
   </trkpt>
   <trkpt lat="51.5784260" lon="-0.1534670">
    <ele>106.2</ele>
    <time>2020-08-08T08:31:58Z</time>
   </trkpt>
   <trkpt lat="51.5785670" lon="-0.1536170">
    <ele>105.1</ele>
    <time>2020-08-08T08:32:00Z</time>
   </trkpt>
   <trkpt lat="51.5786420" lon="-0.1536800">
    <ele>104.5</ele>
    <time>2020-08-08T08:32:01Z</time>
   </trkpt>
   <trkpt lat="51.5787230" lon="-0.1537370">
    <ele>103.9</ele>
    <time>2020-08-08T08:32:02Z</time>
   </trkpt>
   <trkpt lat="51.5788980" lon="-0.1538770">
    <ele>102.6</ele>
    <time>2020-08-08T08:32:04Z</time>
   </trkpt>
   <trkpt lat="51.5790720" lon="-0.1540200">
    <ele>101.3</ele>
    <time>2020-08-08T08:32:06Z</time>
   </trkpt>
   <trkpt lat="51.5792440" lon="-0.1541610">
    <ele>99.8</ele>
    <time>2020-08-08T08:32:08Z</time>
   </trkpt>
   <trkpt lat="51.5793330" lon="-0.1542340">
    <ele>99.3</ele>
    <time>2020-08-08T08:32:09Z</time>
   </trkpt>
   <trkpt lat="51.5795000" lon="-0.1543940">
    <ele>98.4</ele>
    <time>2020-08-08T08:32:11Z</time>
   </trkpt>
   <trkpt lat="51.5795730" lon="-0.1544790">
    <ele>97.8</ele>
    <time>2020-08-08T08:32:12Z</time>
   </trkpt>
   <trkpt lat="51.5796480" lon="-0.1545610">
    <ele>97.2</ele>
    <time>2020-08-08T08:32:13Z</time>
   </trkpt>
   <trkpt lat="51.5797290" lon="-0.1546310">
    <ele>96.6</ele>
    <time>2020-08-08T08:32:14Z</time>
   </trkpt>
   <trkpt lat="51.5798980" lon="-0.1547550">
    <ele>95.4</ele>
    <time>2020-08-08T08:32:16Z</time>
   </trkpt>
   <trkpt lat="51.5799940" lon="-0.1548330">
    <ele>94.8</ele>
    <time>2020-08-08T08:32:17Z</time>
   </trkpt>
   <trkpt lat="51.5800860" lon="-0.1549070">
    <ele>94.3</ele>
    <time>2020-08-08T08:32:18Z</time>
   </trkpt>
   <trkpt lat="51.5802520" lon="-0.1550580">
    <ele>93.5</ele>
    <time>2020-08-08T08:32:20Z</time>
   </trkpt>
   <trkpt lat="51.5803360" lon="-0.1551390">
    <ele>93.2</ele>
    <time>2020-08-08T08:32:21Z</time>
   </trkpt>
   <trkpt lat="51.5804990" lon="-0.1553270">
    <ele>92.9</ele>
    <time>2020-08-08T08:32:23Z</time>
   </trkpt>
   <trkpt lat="51.5805700" lon="-0.1554290">
    <ele>92.7</ele>
    <time>2020-08-08T08:32:24Z</time>
   </trkpt>
   <trkpt lat="51.5806590" lon="-0.1555360">
    <ele>92.7</ele>
    <time>2020-08-08T08:32:25Z</time>
   </trkpt>
   <trkpt lat="51.5808300" lon="-0.1556960">
    <ele>92.5</ele>
    <time>2020-08-08T08:32:27Z</time>
   </trkpt>
   <trkpt lat="51.5809140" lon="-0.1557890">
    <ele>92.5</ele>
    <time>2020-08-08T08:32:28Z</time>
   </trkpt>
   <trkpt lat="51.5810640" lon="-0.1559530">
    <ele>92.4</ele>
    <time>2020-08-08T08:32:30Z</time>
   </trkpt>
   <trkpt lat="51.5811370" lon="-0.1560370">
    <ele>92.3</ele>
    <time>2020-08-08T08:32:31Z</time>
   </trkpt>
   <trkpt lat="51.5812780" lon="-0.1562240">
    <ele>92.4</ele>
    <time>2020-08-08T08:32:33Z</time>
   </trkpt>
   <trkpt lat="51.5813420" lon="-0.1563230">
    <ele>92.5</ele>
    <time>2020-08-08T08:32:34Z</time>
   </trkpt>
   <trkpt lat="51.5814670" lon="-0.1565160">
    <ele>92.7</ele>
    <time>2020-08-08T08:32:36Z</time>
   </trkpt>
   <trkpt lat="51.5815330" lon="-0.1566160">
    <ele>92.9</ele>
    <time>2020-08-08T08:32:37Z</time>
   </trkpt>
   <trkpt lat="51.5815940" lon="-0.1567080">
    <ele>93.0</ele>
    <time>2020-08-08T08:32:38Z</time>
   </trkpt>
   <trkpt lat="51.5817150" lon="-0.1569070">
    <ele>92.9</ele>
    <time>2020-08-08T08:32:40Z</time>
   </trkpt>
   <trkpt lat="51.5817750" lon="-0.1570140">
    <ele>92.9</ele>
    <time>2020-08-08T08:32:41Z</time>
   </trkpt>
   <trkpt lat="51.5818990" lon="-0.1572320">
    <ele>93.1</ele>
    <time>2020-08-08T08:32:43Z</time>
   </trkpt>
   <trkpt lat="51.5820230" lon="-0.1574180">
    <ele>93.0</ele>
    <time>2020-08-08T08:32:45Z</time>
   </trkpt>
   <trkpt lat="51.5821420" lon="-0.1575960">
    <ele>93.1</ele>
    <time>2020-08-08T08:32:47Z</time>
   </trkpt>
   <trkpt lat="51.5821990" lon="-0.1576780">
    <ele>93.0</ele>
    <time>2020-08-08T08:32:48Z</time>
   </trkpt>
   <trkpt lat="51.5822550" lon="-0.1577520">
    <ele>93.0</ele>
    <time>2020-08-08T08:32:49Z</time>
   </trkpt>
   <trkpt lat="51.5823080" lon="-0.1578330">
    <ele>92.9</ele>
    <time>2020-08-08T08:32:50Z</time>
   </trkpt>
   <trkpt lat="51.5824050" lon="-0.1579920">
    <ele>92.9</ele>
    <time>2020-08-08T08:32:52Z</time>
   </trkpt>
   <trkpt lat="51.5824510" lon="-0.1580720">
    <ele>92.9</ele>
    <time>2020-08-08T08:32:53Z</time>
   </trkpt>
   <trkpt lat="51.5825010" lon="-0.1581460">
    <ele>93.0</ele>
    <time>2020-08-08T08:32:54Z</time>
   </trkpt>
   <trkpt lat="51.5825510" lon="-0.1582220">
    <ele>93.0</ele>
    <time>2020-08-08T08:32:55Z</time>
   </trkpt>
   <trkpt lat="51.5826460" lon="-0.1584120">
    <ele>93.0</ele>
    <time>2020-08-08T08:32:57Z</time>
   </trkpt>
   <trkpt lat="51.5827260" lon="-0.1586330">
    <ele>93.1</ele>
    <time>2020-08-08T08:32:59Z</time>
   </trkpt>
   <trkpt lat="51.5827650" lon="-0.1587250">
    <ele>93.1</ele>
    <time>2020-08-08T08:33:00Z</time>
   </trkpt>
   <trkpt lat="51.5828090" lon="-0.1588000">
    <ele>93.1</ele>
    <time>2020-08-08T08:33:01Z</time>
   </trkpt>
   <trkpt lat="51.5828840" lon="-0.1589750">
    <ele>93.1</ele>
    <time>2020-08-08T08:33:03Z</time>
   </trkpt>
   <trkpt lat="51.5829200" lon="-0.1590510">
    <ele>93.1</ele>
    <time>2020-08-08T08:33:04Z</time>
   </trkpt>
   <trkpt lat="51.5829620" lon="-0.1591200">
    <ele>93.0</ele>
    <time>2020-08-08T08:33:05Z</time>
   </trkpt>
   <trkpt lat="51.5830660" lon="-0.1592420">
    <ele>93.0</ele>
    <time>2020-08-08T08:33:07Z</time>
   </trkpt>
   <trkpt lat="51.5831210" lon="-0.1593160">
    <ele>92.9</ele>
    <time>2020-08-08T08:33:08Z</time>
   </trkpt>
   <trkpt lat="51.5831680" lon="-0.1593920">
    <ele>92.8</ele>
    <time>2020-08-08T08:33:09Z</time>
   </trkpt>
   <trkpt lat="51.5832640" lon="-0.1595330">
    <ele>92.5</ele>
    <time>2020-08-08T08:33:11Z</time>
   </trkpt>
   <trkpt lat="51.5833120" lon="-0.1595970">
    <ele>92.2</ele>
    <time>2020-08-08T08:33:12Z</time>
   </trkpt>
   <trkpt lat="51.5833520" lon="-0.1596680">
    <ele>92.0</ele>
    <time>2020-08-08T08:33:13Z</time>
   </trkpt>
   <trkpt lat="51.5834230" lon="-0.1598160">
    <ele>91.6</ele>
    <time>2020-08-08T08:33:15Z</time>
   </trkpt>
   <trkpt lat="51.5835050" lon="-0.1599660">
    <ele>91.3</ele>
    <time>2020-08-08T08:33:17Z</time>
   </trkpt>
   <trkpt lat="51.5835850" lon="-0.1601230">
    <ele>90.8</ele>
    <time>2020-08-08T08:33:19Z</time>
   </trkpt>
   <trkpt lat="51.5836270" lon="-0.1602030">
    <ele>90.6</ele>
    <time>2020-08-08T08:33:20Z</time>
   </trkpt>
   <trkpt lat="51.5837210" lon="-0.1603570">
    <ele>90.2</ele>
    <time>2020-08-08T08:33:22Z</time>
   </trkpt>
   <trkpt lat="51.5837990" lon="-0.1605230">
    <ele>89.5</ele>
    <time>2020-08-08T08:33:24Z</time>
   </trkpt>
   <trkpt lat="51.5838410" lon="-0.1606010">
    <ele>89.2</ele>
    <time>2020-08-08T08:33:25Z</time>
   </trkpt>
   <trkpt lat="51.5838870" lon="-0.1606830">
    <ele>88.9</ele>
    <time>2020-08-08T08:33:26Z</time>
   </trkpt>
   <trkpt lat="51.5839720" lon="-0.1608510">
    <ele>88.2</ele>
    <time>2020-08-08T08:33:28Z</time>
   </trkpt>
   <trkpt lat="51.5840310" lon="-0.1609800">
    <ele>87.7</ele>
    <time>2020-08-08T08:33:30Z</time>
   </trkpt>
   <trkpt lat="51.5840680" lon="-0.1610440">
    <ele>87.4</ele>
    <time>2020-08-08T08:33:31Z</time>
   </trkpt>
   <trkpt lat="51.5841540" lon="-0.1611800">
    <ele>86.7</ele>
    <time>2020-08-08T08:33:33Z</time>
   </trkpt>
   <trkpt lat="51.5842540" lon="-0.1613480">
    <ele>86.2</ele>
    <time>2020-08-08T08:33:35Z</time>
   </trkpt>
   <trkpt lat="51.5843000" lon="-0.1614320">
    <ele>85.9</ele>
    <time>2020-08-08T08:33:36Z</time>
   </trkpt>
   <trkpt lat="51.5843500" lon="-0.1615230">
    <ele>85.3</ele>
    <time>2020-08-08T08:33:37Z</time>
   </trkpt>
   <trkpt lat="51.5844660" lon="-0.1617280">
    <ele>83.8</ele>
    <time>2020-08-08T08:33:39Z</time>
   </trkpt>
   <trkpt lat="51.5845240" lon="-0.1618270">
    <ele>83.1</ele>
    <time>2020-08-08T08:33:40Z</time>
   </trkpt>
   <trkpt lat="51.5845800" lon="-0.1619260">
    <ele>82.5</ele>
    <time>2020-08-08T08:33:41Z</time>
   </trkpt>
   <trkpt lat="51.5846390" lon="-0.1620170">
    <ele>81.9</ele>
    <time>2020-08-08T08:33:42Z</time>
   </trkpt>
   <trkpt lat="51.5846960" lon="-0.1621080">
    <ele>81.4</ele>
    <time>2020-08-08T08:33:43Z</time>
   </trkpt>
   <trkpt lat="51.5847490" lon="-0.1622140">
    <ele>80.9</ele>
    <time>2020-08-08T08:33:44Z</time>
   </trkpt>
   <trkpt lat="51.5848700" lon="-0.1623970">
    <ele>80.1</ele>
    <time>2020-08-08T08:33:46Z</time>
   </trkpt>
   <trkpt lat="51.5850150" lon="-0.1625950">
    <ele>79.0</ele>
    <time>2020-08-08T08:33:48Z</time>
   </trkpt>
   <trkpt lat="51.5850850" lon="-0.1626910">
    <ele>78.6</ele>
    <time>2020-08-08T08:33:49Z</time>
   </trkpt>
   <trkpt lat="51.5851560" lon="-0.1627900">
    <ele>78.2</ele>
    <time>2020-08-08T08:33:50Z</time>
   </trkpt>
   <trkpt lat="51.5852960" lon="-0.1629440">
    <ele>77.7</ele>
    <time>2020-08-08T08:33:52Z</time>
   </trkpt>
   <trkpt lat="51.5854530" lon="-0.1631340">
    <ele>77.4</ele>
    <time>2020-08-08T08:33:54Z</time>
   </trkpt>
   <trkpt lat="51.5855020" lon="-0.1632340">
    <ele>77.3</ele>
    <time>2020-08-08T08:33:55Z</time>
   </trkpt>
   <trkpt lat="51.5856140" lon="-0.1633980">
    <ele>77.1</ele>
    <time>2020-08-08T08:33:57Z</time>
   </trkpt>
   <trkpt lat="51.5857020" lon="-0.1635040">
    <ele>77.2</ele>
    <time>2020-08-08T08:33:59Z</time>
   </trkpt>
   <trkpt lat="51.5857460" lon="-0.1635510">
    <ele>77.2</ele>
    <time>2020-08-08T08:34:00Z</time>
   </trkpt>
   <trkpt lat="51.5858390" lon="-0.1636530">
    <ele>77.4</ele>
    <time>2020-08-08T08:34:02Z</time>
   </trkpt>
   <trkpt lat="51.5858900" lon="-0.1637030">
    <ele>77.5</ele>
    <time>2020-08-08T08:34:03Z</time>
   </trkpt>
   <trkpt lat="51.5859430" lon="-0.1637540">
    <ele>77.7</ele>
    <time>2020-08-08T08:34:04Z</time>
   </trkpt>
   <trkpt lat="51.5859980" lon="-0.1638110">
    <ele>77.8</ele>
    <time>2020-08-08T08:34:05Z</time>
   </trkpt>
   <trkpt lat="51.5860550" lon="-0.1638700">
    <ele>78.1</ele>
    <time>2020-08-08T08:34:06Z</time>
   </trkpt>
   <trkpt lat="51.5861750" lon="-0.1640930">
    <ele>78.9</ele>
    <time>2020-08-08T08:34:08Z</time>
   </trkpt>
   <trkpt lat="51.5862430" lon="-0.1642020">
    <ele>79.3</ele>
    <time>2020-08-08T08:34:09Z</time>
   </trkpt>
   <trkpt lat="51.5863880" lon="-0.1642800">
    <ele>79.5</ele>
    <time>2020-08-08T08:34:11Z</time>
   </trkpt>
   <trkpt lat="51.5864620" lon="-0.1643040">
    <ele>79.4</ele>
    <time>2020-08-08T08:34:12Z</time>
   </trkpt>
   <trkpt lat="51.5866100" lon="-0.1643200">
    <ele>79.8</ele>
    <time>2020-08-08T08:34:14Z</time>
   </trkpt>
   <trkpt lat="51.5867510" lon="-0.1643250">
    <ele>80.6</ele>
    <time>2020-08-08T08:34:16Z</time>
   </trkpt>
   <trkpt lat="51.5868070" lon="-0.1643270">
    <ele>80.9</ele>
    <time>2020-08-08T08:34:17Z</time>
   </trkpt>
   <trkpt lat="51.5869140" lon="-0.1643480">
    <ele>81.5</ele>
    <time>2020-08-08T08:34:19Z</time>
   </trkpt>
   <trkpt lat="51.5869630" lon="-0.1643610">
    <ele>81.7</ele>
    <time>2020-08-08T08:34:20Z</time>
   </trkpt>
   <trkpt lat="51.5870500" lon="-0.1644060">
    <ele>82.2</ele>
    <time>2020-08-08T08:34:22Z</time>
   </trkpt>
   <trkpt lat="51.5870940" lon="-0.1644330">
    <ele>82.4</ele>
    <time>2020-08-08T08:34:23Z</time>
   </trkpt>
   <trkpt lat="51.5871410" lon="-0.1644610">
    <ele>82.7</ele>
    <time>2020-08-08T08:34:24Z</time>
   </trkpt>
   <trkpt lat="51.5872000" lon="-0.1644830">
    <ele>83.0</ele>
    <time>2020-08-08T08:34:25Z</time>
   </trkpt>
   <trkpt lat="51.5872670" lon="-0.1644670">
    <ele>83.3</ele>
    <time>2020-08-08T08:34:26Z</time>
   </trkpt>
   <trkpt lat="51.5873310" lon="-0.1644400">
    <ele>83.6</ele>
    <time>2020-08-08T08:34:27Z</time>
   </trkpt>
   <trkpt lat="51.5874630" lon="-0.1644140">
    <ele>84.2</ele>
    <time>2020-08-08T08:34:29Z</time>
   </trkpt>
   <trkpt lat="51.5875900" lon="-0.1643990">
    <ele>84.8</ele>
    <time>2020-08-08T08:34:31Z</time>
   </trkpt>
   <trkpt lat="51.5877210" lon="-0.1643930">
    <ele>85.5</ele>
    <time>2020-08-08T08:34:33Z</time>
   </trkpt>
   <trkpt lat="51.5877880" lon="-0.1643920">
    <ele>86.1</ele>
    <time>2020-08-08T08:34:34Z</time>
   </trkpt>
   <trkpt lat="51.5879210" lon="-0.1643990">
    <ele>86.5</ele>
    <time>2020-08-08T08:34:36Z</time>
   </trkpt>
   <trkpt lat="51.5880540" lon="-0.1643900">
    <ele>87.0</ele>
    <time>2020-08-08T08:34:38Z</time>
   </trkpt>
   <trkpt lat="51.5881210" lon="-0.1643820">
    <ele>87.2</ele>
    <time>2020-08-08T08:34:39Z</time>
   </trkpt>
   <trkpt lat="51.5881860" lon="-0.1643770">
    <ele>87.4</ele>
    <time>2020-08-08T08:34:40Z</time>
   </trkpt>
   <trkpt lat="51.5883130" lon="-0.1643690">
    <ele>87.9</ele>
    <time>2020-08-08T08:34:42Z</time>
   </trkpt>
   <trkpt lat="51.5883730" lon="-0.1643540">
    <ele>88.0</ele>
    <time>2020-08-08T08:34:43Z</time>
   </trkpt>
   <trkpt lat="51.5884890" lon="-0.1642940">
    <ele>88.5</ele>
    <time>2020-08-08T08:34:45Z</time>
   </trkpt>
   <trkpt lat="51.5885900" lon="-0.1642570">
    <ele>88.9</ele>
    <time>2020-08-08T08:34:47Z</time>
   </trkpt>
   <trkpt lat="51.5886360" lon="-0.1642310">
    <ele>89.2</ele>
    <time>2020-08-08T08:34:48Z</time>
   </trkpt>
   <trkpt lat="51.5887210" lon="-0.1641880">
    <ele>89.7</ele>
    <time>2020-08-08T08:34:50Z</time>
   </trkpt>
   <trkpt lat="51.5887820" lon="-0.1641470">
    <ele>90.1</ele>
    <time>2020-08-08T08:34:52Z</time>
   </trkpt>
   <trkpt lat="51.5888110" lon="-0.1641380">
    <ele>90.3</ele>
    <time>2020-08-08T08:34:53Z</time>
   </trkpt>
   <trkpt lat="51.5888550" lon="-0.1641420">
    <ele>90.5</ele>
    <time>2020-08-08T08:34:55Z</time>
   </trkpt>
   <trkpt lat="51.5888710" lon="-0.1641440">
    <ele>90.6</ele>
    <time>2020-08-08T08:34:56Z</time>
   </trkpt>
   <trkpt lat="51.5888970" lon="-0.1641490">
    <ele>90.8</ele>
    <time>2020-08-08T08:34:58Z</time>
   </trkpt>
   <trkpt lat="51.5888990" lon="-0.1641500">
    <ele>90.8</ele>
    <time>2020-08-08T08:34:59Z</time>
   </trkpt>
   <trkpt lat="51.5888910" lon="-0.1641540">
    <ele>90.8</ele>
    <time>2020-08-08T08:35:00Z</time>
   </trkpt>
   <trkpt lat="51.5888890" lon="-0.1641560">
    <ele>90.8</ele>
    <time>2020-08-08T08:35:01Z</time>
   </trkpt>
   <trkpt lat="51.5888870" lon="-0.1641570">
    <ele>90.8</ele>
    <time>2020-08-08T08:35:03Z</time>
   </trkpt>
   <trkpt lat="51.5888850" lon="-0.1641580">
    <ele>90.9</ele>
    <time>2020-08-08T08:35:05Z</time>
   </trkpt>
   <trkpt lat="51.5888830" lon="-0.1641590">
    <ele>90.9</ele>
    <time>2020-08-08T08:35:06Z</time>
   </trkpt>
   <trkpt lat="51.5888820" lon="-0.1641590">
    <ele>90.9</ele>
    <time>2020-08-08T08:35:07Z</time>
   </trkpt>
   <trkpt lat="51.5888790" lon="-0.1641580">
    <ele>90.9</ele>
    <time>2020-08-08T08:35:09Z</time>
   </trkpt>
   <trkpt lat="51.5888450" lon="-0.1641040">
    <ele>91.2</ele>
    <time>2020-08-08T08:35:35Z</time>
   </trkpt>
   <trkpt lat="51.5888290" lon="-0.1641080">
    <ele>91.3</ele>
    <time>2020-08-08T08:35:36Z</time>
   </trkpt>
   <trkpt lat="51.5888200" lon="-0.1641130">
    <ele>91.3</ele>
    <time>2020-08-08T08:35:37Z</time>
   </trkpt>
   <trkpt lat="51.5888930" lon="-0.1641280">
    <ele>91.8</ele>
    <time>2020-08-08T08:35:39Z</time>
   </trkpt>
   <trkpt lat="51.5889530" lon="-0.1641000">
    <ele>92.2</ele>
    <time>2020-08-08T08:35:41Z</time>
   </trkpt>
   <trkpt lat="51.5889830" lon="-0.1640840">
    <ele>92.3</ele>
    <time>2020-08-08T08:35:42Z</time>
   </trkpt>
   <trkpt lat="51.5890240" lon="-0.1640660">
    <ele>92.6</ele>
    <time>2020-08-08T08:35:43Z</time>
   </trkpt>
   <trkpt lat="51.5892110" lon="-0.1640280">
    <ele>93.6</ele>
    <time>2020-08-08T08:35:45Z</time>
   </trkpt>
   <trkpt lat="51.5892970" lon="-0.1640140">
    <ele>94.0</ele>
    <time>2020-08-08T08:35:46Z</time>
   </trkpt>
   <trkpt lat="51.5893730" lon="-0.1640120">
    <ele>94.4</ele>
    <time>2020-08-08T08:35:47Z</time>
   </trkpt>
   <trkpt lat="51.5895080" lon="-0.1640350">
    <ele>94.8</ele>
    <time>2020-08-08T08:35:49Z</time>
   </trkpt>
   <trkpt lat="51.5895660" lon="-0.1640450">
    <ele>94.9</ele>
    <time>2020-08-08T08:35:50Z</time>
   </trkpt>
   <trkpt lat="51.5896240" lon="-0.1640500">
    <ele>95.0</ele>
    <time>2020-08-08T08:35:51Z</time>
   </trkpt>
   <trkpt lat="51.5897440" lon="-0.1640570">
    <ele>95.2</ele>
    <time>2020-08-08T08:35:53Z</time>
   </trkpt>
   <trkpt lat="51.5898530" lon="-0.1640660">
    <ele>95.3</ele>
    <time>2020-08-08T08:35:55Z</time>
   </trkpt>
   <trkpt lat="51.5899040" lon="-0.1640880">
    <ele>95.3</ele>
    <time>2020-08-08T08:35:56Z</time>
   </trkpt>
   <trkpt lat="51.5899570" lon="-0.1641110">
    <ele>95.4</ele>
    <time>2020-08-08T08:35:57Z</time>
   </trkpt>
   <trkpt lat="51.5900080" lon="-0.1641330">
    <ele>95.4</ele>
    <time>2020-08-08T08:35:58Z</time>
   </trkpt>
   <trkpt lat="51.5900600" lon="-0.1641540">
    <ele>95.5</ele>
    <time>2020-08-08T08:35:59Z</time>
   </trkpt>
   <trkpt lat="51.5901620" lon="-0.1641970">
    <ele>95.6</ele>
    <time>2020-08-08T08:36:01Z</time>
   </trkpt>
   <trkpt lat="51.5902700" lon="-0.1642540">
    <ele>95.7</ele>
    <time>2020-08-08T08:36:03Z</time>
   </trkpt>
   <trkpt lat="51.5903190" lon="-0.1642830">
    <ele>95.8</ele>
    <time>2020-08-08T08:36:04Z</time>
   </trkpt>
   <trkpt lat="51.5903630" lon="-0.1643090">
    <ele>95.8</ele>
    <time>2020-08-08T08:36:05Z</time>
   </trkpt>
   <trkpt lat="51.5904040" lon="-0.1643350">
    <ele>95.9</ele>
    <time>2020-08-08T08:36:06Z</time>
   </trkpt>
   <trkpt lat="51.5904930" lon="-0.1644050">
    <ele>95.9</ele>
    <time>2020-08-08T08:36:08Z</time>
   </trkpt>
   <trkpt lat="51.5905380" lon="-0.1644540">
    <ele>95.9</ele>
    <time>2020-08-08T08:36:09Z</time>
   </trkpt>
   <trkpt lat="51.5905910" lon="-0.1645040">
    <ele>95.9</ele>
    <time>2020-08-08T08:36:10Z</time>
   </trkpt>
   <trkpt lat="51.5906430" lon="-0.1645460">
    <ele>95.9</ele>
    <time>2020-08-08T08:36:11Z</time>
   </trkpt>
   <trkpt lat="51.5906970" lon="-0.1645850">
    <ele>95.9</ele>
    <time>2020-08-08T08:36:12Z</time>
   </trkpt>
   <trkpt lat="51.5908010" lon="-0.1646880">
    <ele>95.9</ele>
    <time>2020-08-08T08:36:14Z</time>
   </trkpt>
   <trkpt lat="51.5909110" lon="-0.1647940">
    <ele>95.8</ele>
    <time>2020-08-08T08:36:16Z</time>
   </trkpt>
   <trkpt lat="51.5910160" lon="-0.1649060">
    <ele>95.6</ele>
    <time>2020-08-08T08:36:18Z</time>
   </trkpt>
   <trkpt lat="51.5910660" lon="-0.1649550">
    <ele>95.6</ele>
    <time>2020-08-08T08:36:19Z</time>
   </trkpt>
   <trkpt lat="51.5911140" lon="-0.1649940">
    <ele>95.5</ele>
    <time>2020-08-08T08:36:20Z</time>
   </trkpt>
   <trkpt lat="51.5912070" lon="-0.1650710">
    <ele>95.3</ele>
    <time>2020-08-08T08:36:22Z</time>
   </trkpt>
   <trkpt lat="51.5912560" lon="-0.1651390">
    <ele>95.2</ele>
    <time>2020-08-08T08:36:23Z</time>
   </trkpt>
   <trkpt lat="51.5913050" lon="-0.1652050">
    <ele>95.1</ele>
    <time>2020-08-08T08:36:24Z</time>
   </trkpt>
   <trkpt lat="51.5914030" lon="-0.1653290">
    <ele>94.9</ele>
    <time>2020-08-08T08:36:26Z</time>
   </trkpt>
   <trkpt lat="51.5915020" lon="-0.1654530">
    <ele>94.7</ele>
    <time>2020-08-08T08:36:28Z</time>
   </trkpt>
   <trkpt lat="51.5916000" lon="-0.1655940">
    <ele>94.4</ele>
    <time>2020-08-08T08:36:30Z</time>
   </trkpt>
   <trkpt lat="51.5916600" lon="-0.1656600">
    <ele>94.3</ele>
    <time>2020-08-08T08:36:31Z</time>
   </trkpt>
   <trkpt lat="51.5917730" lon="-0.1657640">
    <ele>94.0</ele>
    <time>2020-08-08T08:36:33Z</time>
   </trkpt>
   <trkpt lat="51.5918240" lon="-0.1658230">
    <ele>93.8</ele>
    <time>2020-08-08T08:36:34Z</time>
   </trkpt>
   <trkpt lat="51.5918720" lon="-0.1658790">
    <ele>93.7</ele>
    <time>2020-08-08T08:36:35Z</time>
   </trkpt>
   <trkpt lat="51.5919180" lon="-0.1659380">
    <ele>93.6</ele>
    <time>2020-08-08T08:36:36Z</time>
   </trkpt>
   <trkpt lat="51.5920220" lon="-0.1660610">
    <ele>93.3</ele>
    <time>2020-08-08T08:36:38Z</time>
   </trkpt>
   <trkpt lat="51.5921420" lon="-0.1661890">
    <ele>93.0</ele>
    <time>2020-08-08T08:36:40Z</time>
   </trkpt>
   <trkpt lat="51.5922540" lon="-0.1662870">
    <ele>92.8</ele>
    <time>2020-08-08T08:36:42Z</time>
   </trkpt>
   <trkpt lat="51.5923130" lon="-0.1663450">
    <ele>92.7</ele>
    <time>2020-08-08T08:36:43Z</time>
   </trkpt>
   <trkpt lat="51.5924210" lon="-0.1664730">
    <ele>92.5</ele>
    <time>2020-08-08T08:36:45Z</time>
   </trkpt>
   <trkpt lat="51.5925140" lon="-0.1666020">
    <ele>92.4</ele>
    <time>2020-08-08T08:36:47Z</time>
   </trkpt>
   <trkpt lat="51.5925690" lon="-0.1666730">
    <ele>92.3</ele>
    <time>2020-08-08T08:36:48Z</time>
   </trkpt>
   <trkpt lat="51.5926250" lon="-0.1667410">
    <ele>92.2</ele>
    <time>2020-08-08T08:36:49Z</time>
   </trkpt>
   <trkpt lat="51.5927540" lon="-0.1668800">
    <ele>92.1</ele>
    <time>2020-08-08T08:36:51Z</time>
   </trkpt>
   <trkpt lat="51.5928730" lon="-0.1670250">
    <ele>91.8</ele>
    <time>2020-08-08T08:36:53Z</time>
   </trkpt>
   <trkpt lat="51.5929770" lon="-0.1671290">
    <ele>91.6</ele>
    <time>2020-08-08T08:36:55Z</time>
   </trkpt>
   <trkpt lat="51.5930810" lon="-0.1672300">
    <ele>91.4</ele>
    <time>2020-08-08T08:36:57Z</time>
   </trkpt>
   <trkpt lat="51.5931900" lon="-0.1673310">
    <ele>91.2</ele>
    <time>2020-08-08T08:36:59Z</time>
   </trkpt>
   <trkpt lat="51.5932470" lon="-0.1673700">
    <ele>91.1</ele>
    <time>2020-08-08T08:37:00Z</time>
   </trkpt>
   <trkpt lat="51.5933500" lon="-0.1674750">
    <ele>90.9</ele>
    <time>2020-08-08T08:37:02Z</time>
   </trkpt>
   <trkpt lat="51.5934060" lon="-0.1675500">
    <ele>90.8</ele>
    <time>2020-08-08T08:37:03Z</time>
   </trkpt>
   <trkpt lat="51.5935200" lon="-0.1676900">
    <ele>90.5</ele>
    <time>2020-08-08T08:37:05Z</time>
   </trkpt>
   <trkpt lat="51.5936460" lon="-0.1678190">
    <ele>90.3</ele>
    <time>2020-08-08T08:37:07Z</time>
   </trkpt>
   <trkpt lat="51.5937510" lon="-0.1679400">
    <ele>90.1</ele>
    <time>2020-08-08T08:37:09Z</time>
   </trkpt>
   <trkpt lat="51.5937860" lon="-0.1680010">
    <ele>90.4</ele>
    <time>2020-08-08T08:37:10Z</time>
   </trkpt>
   <trkpt lat="51.5937930" lon="-0.1680520">
    <ele>90.6</ele>
    <time>2020-08-08T08:37:11Z</time>
   </trkpt>
   <trkpt lat="51.5937840" lon="-0.1681070">
    <ele>90.8</ele>
    <time>2020-08-08T08:37:12Z</time>
   </trkpt>
   <trkpt lat="51.5937590" lon="-0.1681500">
    <ele>90.8</ele>
    <time>2020-08-08T08:37:13Z</time>
   </trkpt>
   <trkpt lat="51.5936960" lon="-0.1682670">
    <ele>90.8</ele>
    <time>2020-08-08T08:37:15Z</time>
   </trkpt>
   <trkpt lat="51.5936660" lon="-0.1683310">
    <ele>90.8</ele>
    <time>2020-08-08T08:37:16Z</time>
   </trkpt>
   <trkpt lat="51.5935930" lon="-0.1684760">
    <ele>90.8</ele>
    <time>2020-08-08T08:37:18Z</time>
   </trkpt>
   <trkpt lat="51.5935540" lon="-0.1685520">
    <ele>90.8</ele>
    <time>2020-08-08T08:37:19Z</time>
   </trkpt>
   <trkpt lat="51.5935030" lon="-0.1687070">
    <ele>90.7</ele>
    <time>2020-08-08T08:37:21Z</time>
   </trkpt>
   <trkpt lat="51.5934730" lon="-0.1687850">
    <ele>90.7</ele>
    <time>2020-08-08T08:37:22Z</time>
   </trkpt>
   <trkpt lat="51.5934070" lon="-0.1689480">
    <ele>90.7</ele>
    <time>2020-08-08T08:37:24Z</time>
   </trkpt>
   <trkpt lat="51.5933550" lon="-0.1691200">
    <ele>90.6</ele>
    <time>2020-08-08T08:37:26Z</time>
   </trkpt>
   <trkpt lat="51.5932910" lon="-0.1692600">
    <ele>90.6</ele>
    <time>2020-08-08T08:37:28Z</time>
   </trkpt>
   <trkpt lat="51.5931970" lon="-0.1693880">
    <ele>90.7</ele>
    <time>2020-08-08T08:37:30Z</time>
   </trkpt>
   <trkpt lat="51.5931700" lon="-0.1694870">
    <ele>90.7</ele>
    <time>2020-08-08T08:37:31Z</time>
   </trkpt>
   <trkpt lat="51.5931260" lon="-0.1696780">
    <ele>90.9</ele>
    <time>2020-08-08T08:37:33Z</time>
   </trkpt>
   <trkpt lat="51.5930690" lon="-0.1698420">
    <ele>90.9</ele>
    <time>2020-08-08T08:37:35Z</time>
   </trkpt>
   <trkpt lat="51.5930380" lon="-0.1699200">
    <ele>90.9</ele>
    <time>2020-08-08T08:37:36Z</time>
   </trkpt>
   <trkpt lat="51.5930060" lon="-0.1699880">
    <ele>91.0</ele>
    <time>2020-08-08T08:37:37Z</time>
   </trkpt>
   <trkpt lat="51.5929710" lon="-0.1700510">
    <ele>91.0</ele>
    <time>2020-08-08T08:37:38Z</time>
   </trkpt>
   <trkpt lat="51.5928930" lon="-0.1701740">
    <ele>91.2</ele>
    <time>2020-08-08T08:37:40Z</time>
   </trkpt>
   <trkpt lat="51.5928510" lon="-0.1702370">
    <ele>91.2</ele>
    <time>2020-08-08T08:37:41Z</time>
   </trkpt>
   <trkpt lat="51.5928070" lon="-0.1703030">
    <ele>91.3</ele>
    <time>2020-08-08T08:37:42Z</time>
   </trkpt>
   <trkpt lat="51.5927210" lon="-0.1704270">
    <ele>91.5</ele>
    <time>2020-08-08T08:37:44Z</time>
   </trkpt>
   <trkpt lat="51.5926860" lon="-0.1704860">
    <ele>91.6</ele>
    <time>2020-08-08T08:37:45Z</time>
   </trkpt>
   <trkpt lat="51.5926050" lon="-0.1706110">
    <ele>91.9</ele>
    <time>2020-08-08T08:37:47Z</time>
   </trkpt>
   <trkpt lat="51.5925190" lon="-0.1707410">
    <ele>92.2</ele>
    <time>2020-08-08T08:37:49Z</time>
   </trkpt>
   <trkpt lat="51.5924800" lon="-0.1708070">
    <ele>92.4</ele>
    <time>2020-08-08T08:37:50Z</time>
   </trkpt>
   <trkpt lat="51.5923930" lon="-0.1709480">
    <ele>92.6</ele>
    <time>2020-08-08T08:37:52Z</time>
   </trkpt>
   <trkpt lat="51.5923110" lon="-0.1710830">
    <ele>92.9</ele>
    <time>2020-08-08T08:37:54Z</time>
   </trkpt>
   <trkpt lat="51.5922700" lon="-0.1711400">
    <ele>93.1</ele>
    <time>2020-08-08T08:37:55Z</time>
   </trkpt>
   <trkpt lat="51.5922010" lon="-0.1712410">
    <ele>93.3</ele>
    <time>2020-08-08T08:37:57Z</time>
   </trkpt>
   <trkpt lat="51.5921780" lon="-0.1712960">
    <ele>93.4</ele>
    <time>2020-08-08T08:37:58Z</time>
   </trkpt>
   <trkpt lat="51.5921560" lon="-0.1713500">
    <ele>93.4</ele>
    <time>2020-08-08T08:37:59Z</time>
   </trkpt>
   <trkpt lat="51.5921440" lon="-0.1714180">
    <ele>93.3</ele>
    <time>2020-08-08T08:38:00Z</time>
   </trkpt>
   <trkpt lat="51.5922130" lon="-0.1715750">
    <ele>93.1</ele>
    <time>2020-08-08T08:38:02Z</time>
   </trkpt>
   <trkpt lat="51.5922840" lon="-0.1716580">
    <ele>92.9</ele>
    <time>2020-08-08T08:38:03Z</time>
   </trkpt>
   <trkpt lat="51.5924080" lon="-0.1718110">
    <ele>92.5</ele>
    <time>2020-08-08T08:38:05Z</time>
   </trkpt>
   <trkpt lat="51.5924630" lon="-0.1718770">
    <ele>92.4</ele>
    <time>2020-08-08T08:38:06Z</time>
   </trkpt>
   <trkpt lat="51.5925620" lon="-0.1720000">
    <ele>92.2</ele>
    <time>2020-08-08T08:38:08Z</time>
   </trkpt>
   <trkpt lat="51.5926080" lon="-0.1720580">
    <ele>92.1</ele>
    <time>2020-08-08T08:38:09Z</time>
   </trkpt>
   <trkpt lat="51.5926940" lon="-0.1722240">
    <ele>92.0</ele>
    <time>2020-08-08T08:38:11Z</time>
   </trkpt>
   <trkpt lat="51.5927360" lon="-0.1723010">
    <ele>92.0</ele>
    <time>2020-08-08T08:38:12Z</time>
   </trkpt>
   <trkpt lat="51.5927730" lon="-0.1723770">
    <ele>92.0</ele>
    <time>2020-08-08T08:38:13Z</time>
   </trkpt>
   <trkpt lat="51.5928130" lon="-0.1724530">
    <ele>92.0</ele>
    <time>2020-08-08T08:38:14Z</time>
   </trkpt>
   <trkpt lat="51.5928970" lon="-0.1725640">
    <ele>92.0</ele>
    <time>2020-08-08T08:38:16Z</time>
   </trkpt>
   <trkpt lat="51.5929460" lon="-0.1726130">
    <ele>92.0</ele>
    <time>2020-08-08T08:38:17Z</time>
   </trkpt>
   <trkpt lat="51.5929860" lon="-0.1726640">
    <ele>92.0</ele>
    <time>2020-08-08T08:38:18Z</time>
   </trkpt>
   <trkpt lat="51.5930220" lon="-0.1727130">
    <ele>91.8</ele>
    <time>2020-08-08T08:38:19Z</time>
   </trkpt>
   <trkpt lat="51.5930570" lon="-0.1727260">
    <ele>91.8</ele>
    <time>2020-08-08T08:38:21Z</time>
   </trkpt>
   <trkpt lat="51.5930810" lon="-0.1726990">
    <ele>91.7</ele>
    <time>2020-08-08T08:38:22Z</time>
   </trkpt>
   <trkpt lat="51.5930900" lon="-0.1726860">
    <ele>91.7</ele>
    <time>2020-08-08T08:38:23Z</time>
   </trkpt>
   <trkpt lat="51.5931100" lon="-0.1726290">
    <ele>91.6</ele>
    <time>2020-08-08T08:38:24Z</time>
   </trkpt>
   <trkpt lat="51.5931380" lon="-0.1725470">
    <ele>91.4</ele>
    <time>2020-08-08T08:38:25Z</time>
   </trkpt>
   <trkpt lat="51.5931830" lon="-0.1724250">
    <ele>91.2</ele>
    <time>2020-08-08T08:38:27Z</time>
   </trkpt>
   <trkpt lat="51.5931320" lon="-0.1724560">
    <ele>91.1</ele>
    <time>2020-08-08T08:38:29Z</time>
   </trkpt>
   <trkpt lat="51.5931540" lon="-0.1724430">
    <ele>91.0</ele>
    <time>2020-08-08T08:38:30Z</time>
   </trkpt>
   <trkpt lat="51.5931990" lon="-0.1724650">
    <ele>89.2</ele>
    <time>2020-08-08T08:38:32Z</time>
   </trkpt>
   <trkpt lat="51.5932710" lon="-0.1725140">
    <ele>88.8</ele>
    <time>2020-08-08T08:38:33Z</time>
   </trkpt>
   <trkpt lat="51.5933410" lon="-0.1725700">
    <ele>88.5</ele>
    <time>2020-08-08T08:38:34Z</time>
   </trkpt>
   <trkpt lat="51.5934620" lon="-0.1726910">
    <ele>88.0</ele>
    <time>2020-08-08T08:38:36Z</time>
   </trkpt>
   <trkpt lat="51.5935090" lon="-0.1727660">
    <ele>87.8</ele>
    <time>2020-08-08T08:38:37Z</time>
   </trkpt>
   <trkpt lat="51.5936070" lon="-0.1729390">
    <ele>87.2</ele>
    <time>2020-08-08T08:38:39Z</time>
   </trkpt>
   <trkpt lat="51.5936800" lon="-0.1730910">
    <ele>86.7</ele>
    <time>2020-08-08T08:38:41Z</time>
   </trkpt>
   <trkpt lat="51.5937600" lon="-0.1732520">
    <ele>86.0</ele>
    <time>2020-08-08T08:38:43Z</time>
   </trkpt>
   <trkpt lat="51.5938160" lon="-0.1734240">
    <ele>85.4</ele>
    <time>2020-08-08T08:38:45Z</time>
   </trkpt>
   <trkpt lat="51.5938360" lon="-0.1735160">
    <ele>85.1</ele>
    <time>2020-08-08T08:38:46Z</time>
   </trkpt>
   <trkpt lat="51.5938890" lon="-0.1736800">
    <ele>84.7</ele>
    <time>2020-08-08T08:38:48Z</time>
   </trkpt>
   <trkpt lat="51.5939760" lon="-0.1738390">
    <ele>84.2</ele>
    <time>2020-08-08T08:38:50Z</time>
   </trkpt>
   <trkpt lat="51.5940200" lon="-0.1739210">
    <ele>83.9</ele>
    <time>2020-08-08T08:38:51Z</time>
   </trkpt>
   <trkpt lat="51.5940630" lon="-0.1740050">
    <ele>83.7</ele>
    <time>2020-08-08T08:38:52Z</time>
   </trkpt>
   <trkpt lat="51.5941100" lon="-0.1740970">
    <ele>83.5</ele>
    <time>2020-08-08T08:38:53Z</time>
   </trkpt>
   <trkpt lat="51.5941570" lon="-0.1742050">
    <ele>83.4</ele>
    <time>2020-08-08T08:38:54Z</time>
   </trkpt>
   <trkpt lat="51.5942470" lon="-0.1744360">
    <ele>83.4</ele>
    <time>2020-08-08T08:38:56Z</time>
   </trkpt>
   <trkpt lat="51.5942880" lon="-0.1745460">
    <ele>83.6</ele>
    <time>2020-08-08T08:38:57Z</time>
   </trkpt>
   <trkpt lat="51.5943270" lon="-0.1746470">
    <ele>83.7</ele>
    <time>2020-08-08T08:38:58Z</time>
   </trkpt>
   <trkpt lat="51.5943650" lon="-0.1747670">
    <ele>83.9</ele>
    <time>2020-08-08T08:38:59Z</time>
   </trkpt>
   <trkpt lat="51.5943990" lon="-0.1748870">
    <ele>84.2</ele>
    <time>2020-08-08T08:39:00Z</time>
   </trkpt>
   <trkpt lat="51.5944300" lon="-0.1750090">
    <ele>84.4</ele>
    <time>2020-08-08T08:39:01Z</time>
   </trkpt>
   <trkpt lat="51.5944910" lon="-0.1752440">
    <ele>85.1</ele>
    <time>2020-08-08T08:39:03Z</time>
   </trkpt>
   <trkpt lat="51.5945210" lon="-0.1753400">
    <ele>85.4</ele>
    <time>2020-08-08T08:39:04Z</time>
   </trkpt>
   <trkpt lat="51.5945830" lon="-0.1755380">
    <ele>86.1</ele>
    <time>2020-08-08T08:39:06Z</time>
   </trkpt>
   <trkpt lat="51.5946430" lon="-0.1757170">
    <ele>86.6</ele>
    <time>2020-08-08T08:39:08Z</time>
   </trkpt>
   <trkpt lat="51.5946690" lon="-0.1758130">
    <ele>86.9</ele>
    <time>2020-08-08T08:39:09Z</time>
   </trkpt>
   <trkpt lat="51.5946990" lon="-0.1758970">
    <ele>87.1</ele>
    <time>2020-08-08T08:39:10Z</time>
   </trkpt>
   <trkpt lat="51.5947260" lon="-0.1759720">
    <ele>87.2</ele>
    <time>2020-08-08T08:39:11Z</time>
   </trkpt>
   <trkpt lat="51.5947510" lon="-0.1760610">
    <ele>87.4</ele>
    <time>2020-08-08T08:39:12Z</time>
   </trkpt>
   <trkpt lat="51.5948190" lon="-0.1762400">
    <ele>87.8</ele>
    <time>2020-08-08T08:39:14Z</time>
   </trkpt>
   <trkpt lat="51.5948680" lon="-0.1763260">
    <ele>88.0</ele>
    <time>2020-08-08T08:39:15Z</time>
   </trkpt>
   <trkpt lat="51.5949360" lon="-0.1765020">
    <ele>88.3</ele>
    <time>2020-08-08T08:39:17Z</time>
   </trkpt>
   <trkpt lat="51.5950010" lon="-0.1766780">
    <ele>88.5</ele>
    <time>2020-08-08T08:39:19Z</time>
   </trkpt>
   <trkpt lat="51.5950410" lon="-0.1767660">
    <ele>88.6</ele>
    <time>2020-08-08T08:39:20Z</time>
   </trkpt>
   <trkpt lat="51.5951190" lon="-0.1769290">
    <ele>88.7</ele>
    <time>2020-08-08T08:39:22Z</time>
   </trkpt>
   <trkpt lat="51.5951990" lon="-0.1770850">
    <ele>88.7</ele>
    <time>2020-08-08T08:39:24Z</time>
   </trkpt>
   <trkpt lat="51.5952440" lon="-0.1771530">
    <ele>88.7</ele>
    <time>2020-08-08T08:39:25Z</time>
   </trkpt>
   <trkpt lat="51.5953290" lon="-0.1772730">
    <ele>88.6</ele>
    <time>2020-08-08T08:39:27Z</time>
   </trkpt>
   <trkpt lat="51.5953730" lon="-0.1773370">
    <ele>88.5</ele>
    <time>2020-08-08T08:39:28Z</time>
   </trkpt>
   <trkpt lat="51.5954590" lon="-0.1774740">
    <ele>88.3</ele>
    <time>2020-08-08T08:39:30Z</time>
   </trkpt>
   <trkpt lat="51.5955500" lon="-0.1775890">
    <ele>88.1</ele>
    <time>2020-08-08T08:39:32Z</time>
   </trkpt>
   <trkpt lat="51.5956550" lon="-0.1776780">
    <ele>87.8</ele>
    <time>2020-08-08T08:39:34Z</time>
   </trkpt>
   <trkpt lat="51.5957630" lon="-0.1777910">
    <ele>87.4</ele>
    <time>2020-08-08T08:39:36Z</time>
   </trkpt>
   <trkpt lat="51.5958650" lon="-0.1779000">
    <ele>86.9</ele>
    <time>2020-08-08T08:39:38Z</time>
   </trkpt>
   <trkpt lat="51.5959160" lon="-0.1779560">
    <ele>86.7</ele>
    <time>2020-08-08T08:39:39Z</time>
   </trkpt>
   <trkpt lat="51.5959690" lon="-0.1780180">
    <ele>86.5</ele>
    <time>2020-08-08T08:39:40Z</time>
   </trkpt>
   <trkpt lat="51.5960250" lon="-0.1780780">
    <ele>86.3</ele>
    <time>2020-08-08T08:39:41Z</time>
   </trkpt>
   <trkpt lat="51.5961300" lon="-0.1781840">
    <ele>86.0</ele>
    <time>2020-08-08T08:39:43Z</time>
   </trkpt>
   <trkpt lat="51.5961830" lon="-0.1782370">
    <ele>85.8</ele>
    <time>2020-08-08T08:39:44Z</time>
   </trkpt>
   <trkpt lat="51.5962900" lon="-0.1783570">
    <ele>85.5</ele>
    <time>2020-08-08T08:39:46Z</time>
   </trkpt>
   <trkpt lat="51.5964020" lon="-0.1784910">
    <ele>85.0</ele>
    <time>2020-08-08T08:39:48Z</time>
   </trkpt>
   <trkpt lat="51.5964600" lon="-0.1785580">
    <ele>85.0</ele>
    <time>2020-08-08T08:39:49Z</time>
   </trkpt>
   <trkpt lat="51.5965180" lon="-0.1786300">
    <ele>84.9</ele>
    <time>2020-08-08T08:39:50Z</time>
   </trkpt>
   <trkpt lat="51.5966340" lon="-0.1787750">
    <ele>84.0</ele>
    <time>2020-08-08T08:39:52Z</time>
   </trkpt>
   <trkpt lat="51.5967640" lon="-0.1788960">
    <ele>82.9</ele>
    <time>2020-08-08T08:39:54Z</time>
   </trkpt>
   <trkpt lat="51.5968300" lon="-0.1789560">
    <ele>82.3</ele>
    <time>2020-08-08T08:39:55Z</time>
   </trkpt>
   <trkpt lat="51.5968970" lon="-0.1790070">
    <ele>81.8</ele>
    <time>2020-08-08T08:39:56Z</time>
   </trkpt>
   <trkpt lat="51.5970400" lon="-0.1791080">
    <ele>80.8</ele>
    <time>2020-08-08T08:39:58Z</time>
   </trkpt>
   <trkpt lat="51.5972050" lon="-0.1792300">
    <ele>80.3</ele>
    <time>2020-08-08T08:40:00Z</time>
   </trkpt>
   <trkpt lat="51.5973790" lon="-0.1793650">
    <ele>80.5</ele>
    <time>2020-08-08T08:40:02Z</time>
   </trkpt>
   <trkpt lat="51.5974670" lon="-0.1794400">
    <ele>80.7</ele>
    <time>2020-08-08T08:40:03Z</time>
   </trkpt>
   <trkpt lat="51.5976270" lon="-0.1796220">
    <ele>80.3</ele>
    <time>2020-08-08T08:40:05Z</time>
   </trkpt>
   <trkpt lat="51.5977750" lon="-0.1798180">
    <ele>80.4</ele>
    <time>2020-08-08T08:40:07Z</time>
   </trkpt>
   <trkpt lat="51.5978400" lon="-0.1798850">
    <ele>80.4</ele>
    <time>2020-08-08T08:40:08Z</time>
   </trkpt>
   <trkpt lat="51.5979710" lon="-0.1800450">
    <ele>80.4</ele>
    <time>2020-08-08T08:40:10Z</time>
   </trkpt>
   <trkpt lat="51.5981080" lon="-0.1801860">
    <ele>80.2</ele>
    <time>2020-08-08T08:40:12Z</time>
   </trkpt>
   <trkpt lat="51.5981670" lon="-0.1802350">
    <ele>80.1</ele>
    <time>2020-08-08T08:40:13Z</time>
   </trkpt>
   <trkpt lat="51.5982780" lon="-0.1803070">
    <ele>79.8</ele>
    <time>2020-08-08T08:40:15Z</time>
   </trkpt>
   <trkpt lat="51.5983930" lon="-0.1803900">
    <ele>79.4</ele>
    <time>2020-08-08T08:40:17Z</time>
   </trkpt>
   <trkpt lat="51.5984550" lon="-0.1804480">
    <ele>79.2</ele>
    <time>2020-08-08T08:40:18Z</time>
   </trkpt>
   <trkpt lat="51.5985820" lon="-0.1805580">
    <ele>78.2</ele>
    <time>2020-08-08T08:40:20Z</time>
   </trkpt>
   <trkpt lat="51.5986480" lon="-0.1806200">
    <ele>77.6</ele>
    <time>2020-08-08T08:40:21Z</time>
   </trkpt>
   <trkpt lat="51.5987870" lon="-0.1807370">
    <ele>76.7</ele>
    <time>2020-08-08T08:40:23Z</time>
   </trkpt>
   <trkpt lat="51.5988590" lon="-0.1808100">
    <ele>76.3</ele>
    <time>2020-08-08T08:40:24Z</time>
   </trkpt>
   <trkpt lat="51.5990050" lon="-0.1809400">
    <ele>75.8</ele>
    <time>2020-08-08T08:40:26Z</time>
   </trkpt>
   <trkpt lat="51.5990790" lon="-0.1810030">
    <ele>75.6</ele>
    <time>2020-08-08T08:40:27Z</time>
   </trkpt>
   <trkpt lat="51.5991580" lon="-0.1810650">
    <ele>75.6</ele>
    <time>2020-08-08T08:40:28Z</time>
   </trkpt>
   <trkpt lat="51.5993070" lon="-0.1811710">
    <ele>75.7</ele>
    <time>2020-08-08T08:40:30Z</time>
   </trkpt>
   <trkpt lat="51.5993800" lon="-0.1812230">
    <ele>75.9</ele>
    <time>2020-08-08T08:40:31Z</time>
   </trkpt>
   <trkpt lat="51.5995160" lon="-0.1813470">
    <ele>76.7</ele>
    <time>2020-08-08T08:40:33Z</time>
   </trkpt>
   <trkpt lat="51.5996330" lon="-0.1814640">
    <ele>77.4</ele>
    <time>2020-08-08T08:40:35Z</time>
   </trkpt>
   <trkpt lat="51.5997400" lon="-0.1815710">
    <ele>78.3</ele>
    <time>2020-08-08T08:40:37Z</time>
   </trkpt>
   <trkpt lat="51.5997850" lon="-0.1816220">
    <ele>78.7</ele>
    <time>2020-08-08T08:40:38Z</time>
   </trkpt>
   <trkpt lat="51.5998620" lon="-0.1816990">
    <ele>79.4</ele>
    <time>2020-08-08T08:40:40Z</time>
   </trkpt>
   <trkpt lat="51.5999230" lon="-0.1817480">
    <ele>79.8</ele>
    <time>2020-08-08T08:40:42Z</time>
   </trkpt>
   <trkpt lat="51.5999720" lon="-0.1817890">
    <ele>80.2</ele>
    <time>2020-08-08T08:40:44Z</time>
   </trkpt>
   <trkpt lat="51.6000070" lon="-0.1818120">
    <ele>80.4</ele>
    <time>2020-08-08T08:40:45Z</time>
   </trkpt>
   <trkpt lat="51.6000190" lon="-0.1818150">
    <ele>80.4</ele>
    <time>2020-08-08T08:40:46Z</time>
   </trkpt>
   <trkpt lat="51.6000760" lon="-0.1818280">
    <ele>80.6</ele>
    <time>2020-08-08T08:40:48Z</time>
   </trkpt>
   <trkpt lat="51.6001110" lon="-0.1818600">
    <ele>80.8</ele>
    <time>2020-08-08T08:40:49Z</time>
   </trkpt>
   <trkpt lat="51.6001230" lon="-0.1818750">
    <ele>80.8</ele>
    <time>2020-08-08T08:40:50Z</time>
   </trkpt>
   <trkpt lat="51.6001600" lon="-0.1819130">
    <ele>80.9</ele>
    <time>2020-08-08T08:40:51Z</time>
   </trkpt>
   <trkpt lat="51.6002600" lon="-0.1820190">
    <ele>81.1</ele>
    <time>2020-08-08T08:40:53Z</time>
   </trkpt>
   <trkpt lat="51.6003030" lon="-0.1820760">
    <ele>81.2</ele>
    <time>2020-08-08T08:40:54Z</time>
   </trkpt>
   <trkpt lat="51.6003350" lon="-0.1821230">
    <ele>81.3</ele>
    <time>2020-08-08T08:40:55Z</time>
   </trkpt>
   <trkpt lat="51.6003680" lon="-0.1822300">
    <ele>81.5</ele>
    <time>2020-08-08T08:40:57Z</time>
   </trkpt>
   <trkpt lat="51.6004070" lon="-0.1823150">
    <ele>81.6</ele>
    <time>2020-08-08T08:40:58Z</time>
   </trkpt>
   <trkpt lat="51.6004460" lon="-0.1823940">
    <ele>81.7</ele>
    <time>2020-08-08T08:40:59Z</time>
   </trkpt>
   <trkpt lat="51.6005210" lon="-0.1825380">
    <ele>82.0</ele>
    <time>2020-08-08T08:41:01Z</time>
   </trkpt>
   <trkpt lat="51.6005980" lon="-0.1826640">
    <ele>82.3</ele>
    <time>2020-08-08T08:41:03Z</time>
   </trkpt>
   <trkpt lat="51.6006610" lon="-0.1827990">
    <ele>82.7</ele>
    <time>2020-08-08T08:41:05Z</time>
   </trkpt>
   <trkpt lat="51.6006930" lon="-0.1828640">
    <ele>82.9</ele>
    <time>2020-08-08T08:41:06Z</time>
   </trkpt>
   <trkpt lat="51.6007280" lon="-0.1829190">
    <ele>83.0</ele>
    <time>2020-08-08T08:41:07Z</time>
   </trkpt>
   <trkpt lat="51.6008070" lon="-0.1830290">
    <ele>83.4</ele>
    <time>2020-08-08T08:41:09Z</time>
   </trkpt>
   <trkpt lat="51.6008500" lon="-0.1830950">
    <ele>83.6</ele>
    <time>2020-08-08T08:41:10Z</time>
   </trkpt>
   <trkpt lat="51.6009330" lon="-0.1832190">
    <ele>84.0</ele>
    <time>2020-08-08T08:41:12Z</time>
   </trkpt>
   <trkpt lat="51.6009940" lon="-0.1833830">
    <ele>84.2</ele>
    <time>2020-08-08T08:41:14Z</time>
   </trkpt>
   <trkpt lat="51.6010220" lon="-0.1834510">
    <ele>84.3</ele>
    <time>2020-08-08T08:41:15Z</time>
   </trkpt>
   <trkpt lat="51.6011030" lon="-0.1835660">
    <ele>84.6</ele>
    <time>2020-08-08T08:41:17Z</time>
   </trkpt>
   <trkpt lat="51.6011900" lon="-0.1836670">
    <ele>84.8</ele>
    <time>2020-08-08T08:41:19Z</time>
   </trkpt>
   <trkpt lat="51.6012690" lon="-0.1837860">
    <ele>85.0</ele>
    <time>2020-08-08T08:41:21Z</time>
   </trkpt>
   <trkpt lat="51.6013070" lon="-0.1838480">
    <ele>85.1</ele>
    <time>2020-08-08T08:41:22Z</time>
   </trkpt>
   <trkpt lat="51.6013950" lon="-0.1839600">
    <ele>85.3</ele>
    <time>2020-08-08T08:41:24Z</time>
   </trkpt>
   <trkpt lat="51.6014370" lon="-0.1840190">
    <ele>85.4</ele>
    <time>2020-08-08T08:41:25Z</time>
   </trkpt>
   <trkpt lat="51.6014830" lon="-0.1840840">
    <ele>85.5</ele>
    <time>2020-08-08T08:41:26Z</time>
   </trkpt>
   <trkpt lat="51.6015310" lon="-0.1841560">
    <ele>85.6</ele>
    <time>2020-08-08T08:41:27Z</time>
   </trkpt>
   <trkpt lat="51.6016290" lon="-0.1842670">
    <ele>85.8</ele>
    <time>2020-08-08T08:41:29Z</time>
   </trkpt>
   <trkpt lat="51.6016780" lon="-0.1843170">
    <ele>85.9</ele>
    <time>2020-08-08T08:41:30Z</time>
   </trkpt>
   <trkpt lat="51.6017220" lon="-0.1843690">
    <ele>86.0</ele>
    <time>2020-08-08T08:41:31Z</time>
   </trkpt>
   <trkpt lat="51.6018060" lon="-0.1844890">
    <ele>86.2</ele>
    <time>2020-08-08T08:41:33Z</time>
   </trkpt>
   <trkpt lat="51.6019020" lon="-0.1845930">
    <ele>86.2</ele>
    <time>2020-08-08T08:41:35Z</time>
   </trkpt>
   <trkpt lat="51.6019510" lon="-0.1846430">
    <ele>86.3</ele>
    <time>2020-08-08T08:41:36Z</time>
   </trkpt>
   <trkpt lat="51.6020450" lon="-0.1847410">
    <ele>86.4</ele>
    <time>2020-08-08T08:41:38Z</time>
   </trkpt>
   <trkpt lat="51.6021420" lon="-0.1848410">
    <ele>86.6</ele>
    <time>2020-08-08T08:41:40Z</time>
   </trkpt>
   <trkpt lat="51.6022410" lon="-0.1849590">
    <ele>86.8</ele>
    <time>2020-08-08T08:41:42Z</time>
   </trkpt>
   <trkpt lat="51.6023360" lon="-0.1850780">
    <ele>86.9</ele>
    <time>2020-08-08T08:41:44Z</time>
   </trkpt>
   <trkpt lat="51.6024230" lon="-0.1851830">
    <ele>87.1</ele>
    <time>2020-08-08T08:41:46Z</time>
   </trkpt>
   <trkpt lat="51.6025020" lon="-0.1853080">
    <ele>87.2</ele>
    <time>2020-08-08T08:41:48Z</time>
   </trkpt>
   <trkpt lat="51.6025440" lon="-0.1853670">
    <ele>87.2</ele>
    <time>2020-08-08T08:41:49Z</time>
   </trkpt>
   <trkpt lat="51.6026290" lon="-0.1854810">
    <ele>87.4</ele>
    <time>2020-08-08T08:41:51Z</time>
   </trkpt>
   <trkpt lat="51.6027180" lon="-0.1855810">
    <ele>87.6</ele>
    <time>2020-08-08T08:41:53Z</time>
   </trkpt>
   <trkpt lat="51.6027580" lon="-0.1856290">
    <ele>87.7</ele>
    <time>2020-08-08T08:41:54Z</time>
   </trkpt>
   <trkpt lat="51.6027960" lon="-0.1856840">
    <ele>87.7</ele>
    <time>2020-08-08T08:41:55Z</time>
   </trkpt>
   <trkpt lat="51.6028810" lon="-0.1857970">
    <ele>87.9</ele>
    <time>2020-08-08T08:41:57Z</time>
   </trkpt>
   <trkpt lat="51.6029630" lon="-0.1859180">
    <ele>88.1</ele>
    <time>2020-08-08T08:41:59Z</time>
   </trkpt>
   <trkpt lat="51.6030070" lon="-0.1859860">
    <ele>88.1</ele>
    <time>2020-08-08T08:42:00Z</time>
   </trkpt>
   <trkpt lat="51.6030960" lon="-0.1861150">
    <ele>88.2</ele>
    <time>2020-08-08T08:42:02Z</time>
   </trkpt>
   <trkpt lat="51.6031710" lon="-0.1862490">
    <ele>88.4</ele>
    <time>2020-08-08T08:42:04Z</time>
   </trkpt>
   <trkpt lat="51.6032110" lon="-0.1863180">
    <ele>88.4</ele>
    <time>2020-08-08T08:42:05Z</time>
   </trkpt>
   <trkpt lat="51.6032960" lon="-0.1864580">
    <ele>88.6</ele>
    <time>2020-08-08T08:42:07Z</time>
   </trkpt>
   <trkpt lat="51.6034010" lon="-0.1865700">
    <ele>88.7</ele>
    <time>2020-08-08T08:42:09Z</time>
   </trkpt>
   <trkpt lat="51.6034450" lon="-0.1866270">
    <ele>88.8</ele>
    <time>2020-08-08T08:42:10Z</time>
   </trkpt>
   <trkpt lat="51.6035270" lon="-0.1867570">
    <ele>88.9</ele>
    <time>2020-08-08T08:42:12Z</time>
   </trkpt>
   <trkpt lat="51.6036040" lon="-0.1868970">
    <ele>89.1</ele>
    <time>2020-08-08T08:42:14Z</time>
   </trkpt>
   <trkpt lat="51.6036840" lon="-0.1870400">
    <ele>89.3</ele>
    <time>2020-08-08T08:42:16Z</time>
   </trkpt>
   <trkpt lat="51.6037620" lon="-0.1871850">
    <ele>89.4</ele>
    <time>2020-08-08T08:42:18Z</time>
   </trkpt>
   <trkpt lat="51.6038900" lon="-0.1874260">
    <ele>89.6</ele>
    <time>2020-08-08T08:42:23Z</time>
   </trkpt>
   <trkpt lat="51.6039670" lon="-0.1875380">
    <ele>89.7</ele>
    <time>2020-08-08T08:42:24Z</time>
   </trkpt>
   <trkpt lat="51.6040110" lon="-0.1876190">
    <ele>89.8</ele>
    <time>2020-08-08T08:42:25Z</time>
   </trkpt>
   <trkpt lat="51.6040550" lon="-0.1876980">
    <ele>89.9</ele>
    <time>2020-08-08T08:42:26Z</time>
   </trkpt>
   <trkpt lat="51.6040990" lon="-0.1877770">
    <ele>90.0</ele>
    <time>2020-08-08T08:42:27Z</time>
   </trkpt>
   <trkpt lat="51.6041390" lon="-0.1878460">
    <ele>90.0</ele>
    <time>2020-08-08T08:42:28Z</time>
   </trkpt>
   <trkpt lat="51.6042300" lon="-0.1879500">
    <ele>90.2</ele>
    <time>2020-08-08T08:42:30Z</time>
   </trkpt>
   <trkpt lat="51.6042820" lon="-0.1880160">
    <ele>90.3</ele>
    <time>2020-08-08T08:42:31Z</time>
   </trkpt>
   <trkpt lat="51.6043200" lon="-0.1880870">
    <ele>90.3</ele>
    <time>2020-08-08T08:42:32Z</time>
   </trkpt>
   <trkpt lat="51.6043760" lon="-0.1882310">
    <ele>90.3</ele>
    <time>2020-08-08T08:42:34Z</time>
   </trkpt>
   <trkpt lat="51.6044390" lon="-0.1884320">
    <ele>90.5</ele>
    <time>2020-08-08T08:42:36Z</time>
   </trkpt>
   <trkpt lat="51.6045230" lon="-0.1885690">
    <ele>90.7</ele>
    <time>2020-08-08T08:42:38Z</time>
   </trkpt>
   <trkpt lat="51.6045980" lon="-0.1886640">
    <ele>90.9</ele>
    <time>2020-08-08T08:42:40Z</time>
   </trkpt>
   <trkpt lat="51.6046150" lon="-0.1887170">
    <ele>91.0</ele>
    <time>2020-08-08T08:42:41Z</time>
   </trkpt>
   <trkpt lat="51.6046220" lon="-0.1887370">
    <ele>91.0</ele>
    <time>2020-08-08T08:42:42Z</time>
   </trkpt>
   <trkpt lat="51.6046290" lon="-0.1887660">
    <ele>91.0</ele>
    <time>2020-08-08T08:42:43Z</time>
   </trkpt>
   <trkpt lat="51.6046510" lon="-0.1888400">
    <ele>91.1</ele>
    <time>2020-08-08T08:42:45Z</time>
   </trkpt>
   <trkpt lat="51.6046640" lon="-0.1888780">
    <ele>91.1</ele>
    <time>2020-08-08T08:42:46Z</time>
   </trkpt>
   <trkpt lat="51.6046970" lon="-0.1889210">
    <ele>91.0</ele>
    <time>2020-08-08T08:42:48Z</time>
   </trkpt>
   <trkpt lat="51.6046860" lon="-0.1888760">
    <ele>91.0</ele>
    <time>2020-08-08T08:42:50Z</time>
   </trkpt>
   <trkpt lat="51.6046730" lon="-0.1888440">
    <ele>91.0</ele>
    <time>2020-08-08T08:42:51Z</time>
   </trkpt>
   <trkpt lat="51.6046640" lon="-0.1888330">
    <ele>91.0</ele>
    <time>2020-08-08T08:42:52Z</time>
   </trkpt>
   <trkpt lat="51.6046650" lon="-0.1888170">
    <ele>90.9</ele>
    <time>2020-08-08T08:42:54Z</time>
   </trkpt>
   <trkpt lat="51.6046760" lon="-0.1888030">
    <ele>90.9</ele>
    <time>2020-08-08T08:42:55Z</time>
   </trkpt>
   <trkpt lat="51.6046870" lon="-0.1887890">
    <ele>90.9</ele>
    <time>2020-08-08T08:42:56Z</time>
   </trkpt>
   <trkpt lat="51.6046980" lon="-0.1887750">
    <ele>90.9</ele>
    <time>2020-08-08T08:42:57Z</time>
   </trkpt>
   <trkpt lat="51.6047090" lon="-0.1887610">
    <ele>90.9</ele>
    <time>2020-08-08T08:42:58Z</time>
   </trkpt>
   <trkpt lat="51.6047200" lon="-0.1887470">
    <ele>90.9</ele>
    <time>2020-08-08T08:43:00Z</time>
   </trkpt>
   <trkpt lat="51.6047320" lon="-0.1887330">
    <ele>90.9</ele>
    <time>2020-08-08T08:43:02Z</time>
   </trkpt>
   <trkpt lat="51.6047430" lon="-0.1887180">
    <ele>90.9</ele>
    <time>2020-08-08T08:43:04Z</time>
   </trkpt>
   <trkpt lat="51.6047540" lon="-0.1887040">
    <ele>90.9</ele>
    <time>2020-08-08T08:43:06Z</time>
   </trkpt>
   <trkpt lat="51.6047650" lon="-0.1886900">
    <ele>90.9</ele>
    <time>2020-08-08T08:43:07Z</time>
   </trkpt>
   <trkpt lat="51.6047760" lon="-0.1886760">
    <ele>90.9</ele>
    <time>2020-08-08T08:43:08Z</time>
   </trkpt>
   <trkpt lat="51.6047870" lon="-0.1886620">
    <ele>90.9</ele>
    <time>2020-08-08T08:43:11Z</time>
   </trkpt>
   <trkpt lat="51.6047980" lon="-0.1886480">
    <ele>90.9</ele>
    <time>2020-08-08T08:43:12Z</time>
   </trkpt>
   <trkpt lat="51.6048090" lon="-0.1886340">
    <ele>90.9</ele>
    <time>2020-08-08T08:43:14Z</time>
   </trkpt>
   <trkpt lat="51.6048780" lon="-0.1885750">
    <ele>90.9</ele>
    <time>2020-08-08T08:43:15Z</time>
   </trkpt>
   <trkpt lat="51.6050190" lon="-0.1884440">
    <ele>91.0</ele>
    <time>2020-08-08T08:43:17Z</time>
   </trkpt>
   <trkpt lat="51.6050840" lon="-0.1883800">
    <ele>91.0</ele>
    <time>2020-08-08T08:43:18Z</time>
   </trkpt>
   <trkpt lat="51.6051470" lon="-0.1883140">
    <ele>91.0</ele>
    <time>2020-08-08T08:43:19Z</time>
   </trkpt>
   <trkpt lat="51.6052090" lon="-0.1882450">
    <ele>91.1</ele>
    <time>2020-08-08T08:43:20Z</time>
   </trkpt>
   <trkpt lat="51.6053180" lon="-0.1881210">
    <ele>91.1</ele>
    <time>2020-08-08T08:43:22Z</time>
   </trkpt>
   <trkpt lat="51.6054370" lon="-0.1879620">
    <ele>91.2</ele>
    <time>2020-08-08T08:43:24Z</time>
   </trkpt>
   <trkpt lat="51.6055030" lon="-0.1878820">
    <ele>91.3</ele>
    <time>2020-08-08T08:43:25Z</time>
   </trkpt>
   <trkpt lat="51.6056250" lon="-0.1877050">
    <ele>91.2</ele>
    <time>2020-08-08T08:43:27Z</time>
   </trkpt>
   <trkpt lat="51.6057380" lon="-0.1875260">
    <ele>91.2</ele>
    <time>2020-08-08T08:43:29Z</time>
   </trkpt>
   <trkpt lat="51.6057930" lon="-0.1874400">
    <ele>91.2</ele>
    <time>2020-08-08T08:43:30Z</time>
   </trkpt>
   <trkpt lat="51.6058520" lon="-0.1873520">
    <ele>91.1</ele>
    <time>2020-08-08T08:43:31Z</time>
   </trkpt>
   <trkpt lat="51.6059740" lon="-0.1871790">
    <ele>91.0</ele>
    <time>2020-08-08T08:43:33Z</time>
   </trkpt>
   <trkpt lat="51.6060990" lon="-0.1870090">
    <ele>91.0</ele>
    <time>2020-08-08T08:43:35Z</time>
   </trkpt>
   <trkpt lat="51.6062180" lon="-0.1868330">
    <ele>90.9</ele>
    <time>2020-08-08T08:43:37Z</time>
   </trkpt>
   <trkpt lat="51.6062750" lon="-0.1867470">
    <ele>90.8</ele>
    <time>2020-08-08T08:43:38Z</time>
   </trkpt>
   <trkpt lat="51.6063870" lon="-0.1865540">
    <ele>90.7</ele>
    <time>2020-08-08T08:43:40Z</time>
   </trkpt>
   <trkpt lat="51.6065190" lon="-0.1863600">
    <ele>90.6</ele>
    <time>2020-08-08T08:43:42Z</time>
   </trkpt>
   <trkpt lat="51.6065890" lon="-0.1862610">
    <ele>90.5</ele>
    <time>2020-08-08T08:43:43Z</time>
   </trkpt>
   <trkpt lat="51.6067250" lon="-0.1860600">
    <ele>90.3</ele>
    <time>2020-08-08T08:43:45Z</time>
   </trkpt>
   <trkpt lat="51.6067880" lon="-0.1859560">
    <ele>90.2</ele>
    <time>2020-08-08T08:43:46Z</time>
   </trkpt>
   <trkpt lat="51.6069220" lon="-0.1857500">
    <ele>90.1</ele>
    <time>2020-08-08T08:43:48Z</time>
   </trkpt>
   <trkpt lat="51.6069900" lon="-0.1856510">
    <ele>90.1</ele>
    <time>2020-08-08T08:43:49Z</time>
   </trkpt>
   <trkpt lat="51.6071220" lon="-0.1854530">
    <ele>90.1</ele>
    <time>2020-08-08T08:43:51Z</time>
   </trkpt>
   <trkpt lat="51.6072470" lon="-0.1852470">
    <ele>90.1</ele>
    <time>2020-08-08T08:43:53Z</time>
   </trkpt>
   <trkpt lat="51.6073060" lon="-0.1851420">
    <ele>90.2</ele>
    <time>2020-08-08T08:43:54Z</time>
   </trkpt>
   <trkpt lat="51.6073700" lon="-0.1850340">
    <ele>90.2</ele>
    <time>2020-08-08T08:43:55Z</time>
   </trkpt>
   <trkpt lat="51.6074330" lon="-0.1849360">
    <ele>90.3</ele>
    <time>2020-08-08T08:43:56Z</time>
   </trkpt>
   <trkpt lat="51.6074950" lon="-0.1848380">
    <ele>90.4</ele>
    <time>2020-08-08T08:43:57Z</time>
   </trkpt>
   <trkpt lat="51.6076140" lon="-0.1846230">
    <ele>90.7</ele>
    <time>2020-08-08T08:43:59Z</time>
   </trkpt>
   <trkpt lat="51.6077400" lon="-0.1844230">
    <ele>91.0</ele>
    <time>2020-08-08T08:44:01Z</time>
   </trkpt>
   <trkpt lat="51.6078680" lon="-0.1842230">
    <ele>91.2</ele>
    <time>2020-08-08T08:44:03Z</time>
   </trkpt>
   <trkpt lat="51.6079310" lon="-0.1841190">
    <ele>91.1</ele>
    <time>2020-08-08T08:44:04Z</time>
   </trkpt>
   <trkpt lat="51.6079910" lon="-0.1840120">
    <ele>91.0</ele>
    <time>2020-08-08T08:44:05Z</time>
   </trkpt>
   <trkpt lat="51.6081090" lon="-0.1838080">
    <ele>90.9</ele>
    <time>2020-08-08T08:44:07Z</time>
   </trkpt>
   <trkpt lat="51.6082290" lon="-0.1836300">
    <ele>90.9</ele>
    <time>2020-08-08T08:44:09Z</time>
   </trkpt>
   <trkpt lat="51.6083030" lon="-0.1835400">
    <ele>90.9</ele>
    <time>2020-08-08T08:44:10Z</time>
   </trkpt>
   <trkpt lat="51.6084350" lon="-0.1833550">
    <ele>91.1</ele>
    <time>2020-08-08T08:44:12Z</time>
   </trkpt>
   <trkpt lat="51.6084990" lon="-0.1832580">
    <ele>91.2</ele>
    <time>2020-08-08T08:44:13Z</time>
   </trkpt>
   <trkpt lat="51.6086350" lon="-0.1830620">
    <ele>91.5</ele>
    <time>2020-08-08T08:44:15Z</time>
   </trkpt>
   <trkpt lat="51.6086970" lon="-0.1829640">
    <ele>91.6</ele>
    <time>2020-08-08T08:44:16Z</time>
   </trkpt>
   <trkpt lat="51.6088140" lon="-0.1827710">
    <ele>91.4</ele>
    <time>2020-08-08T08:44:18Z</time>
   </trkpt>
   <trkpt lat="51.6089340" lon="-0.1825930">
    <ele>91.2</ele>
    <time>2020-08-08T08:44:20Z</time>
   </trkpt>
   <trkpt lat="51.6089970" lon="-0.1825000">
    <ele>91.0</ele>
    <time>2020-08-08T08:44:21Z</time>
   </trkpt>
   <trkpt lat="51.6090620" lon="-0.1824120">
    <ele>90.9</ele>
    <time>2020-08-08T08:44:22Z</time>
   </trkpt>
   <trkpt lat="51.6091250" lon="-0.1823250">
    <ele>90.8</ele>
    <time>2020-08-08T08:44:23Z</time>
   </trkpt>
   <trkpt lat="51.6092530" lon="-0.1821530">
    <ele>90.6</ele>
    <time>2020-08-08T08:44:25Z</time>
   </trkpt>
   <trkpt lat="51.6093200" lon="-0.1820710">
    <ele>90.6</ele>
    <time>2020-08-08T08:44:26Z</time>
   </trkpt>
   <trkpt lat="51.6093840" lon="-0.1819820">
    <ele>90.5</ele>
    <time>2020-08-08T08:44:27Z</time>
   </trkpt>
   <trkpt lat="51.6095130" lon="-0.1818110">
    <ele>90.4</ele>
    <time>2020-08-08T08:44:29Z</time>
   </trkpt>
   <trkpt lat="51.6095770" lon="-0.1817190">
    <ele>90.3</ele>
    <time>2020-08-08T08:44:30Z</time>
   </trkpt>
   <trkpt lat="51.6097030" lon="-0.1815380">
    <ele>90.1</ele>
    <time>2020-08-08T08:44:32Z</time>
   </trkpt>
   <trkpt lat="51.6097650" lon="-0.1814490">
    <ele>90.1</ele>
    <time>2020-08-08T08:44:33Z</time>
   </trkpt>
   <trkpt lat="51.6098290" lon="-0.1813600">
    <ele>90.0</ele>
    <time>2020-08-08T08:44:34Z</time>
   </trkpt>
   <trkpt lat="51.6098960" lon="-0.1812770">
    <ele>89.9</ele>
    <time>2020-08-08T08:44:35Z</time>
   </trkpt>
   <trkpt lat="51.6100230" lon="-0.1811060">
    <ele>89.7</ele>
    <time>2020-08-08T08:44:37Z</time>
   </trkpt>
   <trkpt lat="51.6101500" lon="-0.1809410">
    <ele>89.6</ele>
    <time>2020-08-08T08:44:39Z</time>
   </trkpt>
   <trkpt lat="51.6102150" lon="-0.1808540">
    <ele>89.5</ele>
    <time>2020-08-08T08:44:40Z</time>
   </trkpt>
   <trkpt lat="51.6103370" lon="-0.1807040">
    <ele>89.4</ele>
    <time>2020-08-08T08:44:42Z</time>
   </trkpt>
   <trkpt lat="51.6104010" lon="-0.1806360">
    <ele>89.3</ele>
    <time>2020-08-08T08:44:43Z</time>
   </trkpt>
   <trkpt lat="51.6104600" lon="-0.1805650">
    <ele>89.3</ele>
    <time>2020-08-08T08:44:44Z</time>
   </trkpt>
   <trkpt lat="51.6105520" lon="-0.1804520">
    <ele>89.2</ele>
    <time>2020-08-08T08:44:46Z</time>
   </trkpt>
   <trkpt lat="51.6106220" lon="-0.1804500">
    <ele>89.8</ele>
    <time>2020-08-08T08:44:48Z</time>
   </trkpt>
   <trkpt lat="51.6106590" lon="-0.1804700">
    <ele>89.8</ele>
    <time>2020-08-08T08:44:49Z</time>
   </trkpt>
   <trkpt lat="51.6107150" lon="-0.1806040">
    <ele>89.5</ele>
    <time>2020-08-08T08:44:51Z</time>
   </trkpt>
   <trkpt lat="51.6107460" lon="-0.1806780">
    <ele>89.4</ele>
    <time>2020-08-08T08:44:52Z</time>
   </trkpt>
   <trkpt lat="51.6108100" lon="-0.1808400">
    <ele>89.2</ele>
    <time>2020-08-08T08:44:54Z</time>
   </trkpt>
   <trkpt lat="51.6108760" lon="-0.1809990">
    <ele>89.0</ele>
    <time>2020-08-08T08:44:56Z</time>
   </trkpt>
   <trkpt lat="51.6109090" lon="-0.1810800">
    <ele>89.0</ele>
    <time>2020-08-08T08:44:57Z</time>
   </trkpt>
   <trkpt lat="51.6109450" lon="-0.1811640">
    <ele>88.9</ele>
    <time>2020-08-08T08:44:58Z</time>
   </trkpt>
   <trkpt lat="51.6110190" lon="-0.1813390">
    <ele>88.8</ele>
    <time>2020-08-08T08:45:00Z</time>
   </trkpt>
   <trkpt lat="51.6111000" lon="-0.1814990">
    <ele>88.8</ele>
    <time>2020-08-08T08:45:02Z</time>
   </trkpt>
   <trkpt lat="51.6111410" lon="-0.1815760">
    <ele>88.8</ele>
    <time>2020-08-08T08:45:03Z</time>
   </trkpt>
   <trkpt lat="51.6112130" lon="-0.1817190">
    <ele>88.7</ele>
    <time>2020-08-08T08:45:05Z</time>
   </trkpt>
   <trkpt lat="51.6112850" lon="-0.1818440">
    <ele>88.7</ele>
    <time>2020-08-08T08:45:07Z</time>
   </trkpt>
   <trkpt lat="51.6113210" lon="-0.1818950">
    <ele>88.6</ele>
    <time>2020-08-08T08:45:08Z</time>
   </trkpt>
   <trkpt lat="51.6113970" lon="-0.1819960">
    <ele>88.5</ele>
    <time>2020-08-08T08:45:10Z</time>
   </trkpt>
   <trkpt lat="51.6114340" lon="-0.1820500">
    <ele>88.4</ele>
    <time>2020-08-08T08:45:11Z</time>
   </trkpt>
   <trkpt lat="51.6114840" lon="-0.1820970">
    <ele>88.3</ele>
    <time>2020-08-08T08:45:12Z</time>
   </trkpt>
   <trkpt lat="51.6115390" lon="-0.1821420">
    <ele>88.1</ele>
    <time>2020-08-08T08:45:13Z</time>
   </trkpt>
   <trkpt lat="51.6116570" lon="-0.1821930">
    <ele>87.7</ele>
    <time>2020-08-08T08:45:15Z</time>
   </trkpt>
   <trkpt lat="51.6117220" lon="-0.1822190">
    <ele>87.4</ele>
    <time>2020-08-08T08:45:16Z</time>
   </trkpt>
   <trkpt lat="51.6118520" lon="-0.1822670">
    <ele>86.7</ele>
    <time>2020-08-08T08:45:18Z</time>
   </trkpt>
   <trkpt lat="51.6119180" lon="-0.1823000">
    <ele>86.3</ele>
    <time>2020-08-08T08:45:19Z</time>
   </trkpt>
   <trkpt lat="51.6119850" lon="-0.1823550">
    <ele>85.9</ele>
    <time>2020-08-08T08:45:20Z</time>
   </trkpt>
   <trkpt lat="51.6121020" lon="-0.1825080">
    <ele>85.0</ele>
    <time>2020-08-08T08:45:22Z</time>
   </trkpt>
   <trkpt lat="51.6121500" lon="-0.1826050">
    <ele>84.5</ele>
    <time>2020-08-08T08:45:23Z</time>
   </trkpt>
   <trkpt lat="51.6122400" lon="-0.1828170">
    <ele>83.6</ele>
    <time>2020-08-08T08:45:25Z</time>
   </trkpt>
   <trkpt lat="51.6122860" lon="-0.1829230">
    <ele>83.1</ele>
    <time>2020-08-08T08:45:26Z</time>
   </trkpt>
   <trkpt lat="51.6123300" lon="-0.1830240">
    <ele>82.6</ele>
    <time>2020-08-08T08:45:27Z</time>
   </trkpt>
   <trkpt lat="51.6124380" lon="-0.1832150">
    <ele>81.6</ele>
    <time>2020-08-08T08:45:29Z</time>
   </trkpt>
   <trkpt lat="51.6125950" lon="-0.1833780">
    <ele>80.6</ele>
    <time>2020-08-08T08:45:31Z</time>
   </trkpt>
   <trkpt lat="51.6126790" lon="-0.1834520">
    <ele>79.9</ele>
    <time>2020-08-08T08:45:32Z</time>
   </trkpt>
   <trkpt lat="51.6128020" lon="-0.1836090">
    <ele>79.1</ele>
    <time>2020-08-08T08:45:34Z</time>
   </trkpt>
   <trkpt lat="51.6128450" lon="-0.1837250">
    <ele>78.6</ele>
    <time>2020-08-08T08:45:35Z</time>
   </trkpt>
   <trkpt lat="51.6129270" lon="-0.1840040">
    <ele>77.6</ele>
    <time>2020-08-08T08:45:37Z</time>
   </trkpt>
   <trkpt lat="51.6129590" lon="-0.1841490">
    <ele>77.1</ele>
    <time>2020-08-08T08:45:38Z</time>
   </trkpt>
   <trkpt lat="51.6129900" lon="-0.1843010">
    <ele>76.7</ele>
    <time>2020-08-08T08:45:39Z</time>
   </trkpt>
   <trkpt lat="51.6130550" lon="-0.1846000">
    <ele>75.8</ele>
    <time>2020-08-08T08:45:41Z</time>
   </trkpt>
   <trkpt lat="51.6130900" lon="-0.1847470">
    <ele>75.5</ele>
    <time>2020-08-08T08:45:42Z</time>
   </trkpt>
   <trkpt lat="51.6131300" lon="-0.1848840">
    <ele>75.3</ele>
    <time>2020-08-08T08:45:43Z</time>
   </trkpt>
   <trkpt lat="51.6131700" lon="-0.1850100">
    <ele>75.0</ele>
    <time>2020-08-08T08:45:44Z</time>
   </trkpt>
   <trkpt lat="51.6132360" lon="-0.1852440">
    <ele>74.6</ele>
    <time>2020-08-08T08:45:46Z</time>
   </trkpt>
   <trkpt lat="51.6132850" lon="-0.1854180">
    <ele>74.2</ele>
    <time>2020-08-08T08:45:48Z</time>
   </trkpt>
   <trkpt lat="51.6133030" lon="-0.1854650">
    <ele>73.8</ele>
    <time>2020-08-08T08:45:50Z</time>
   </trkpt>
   <trkpt lat="51.6133110" lon="-0.1855320">
    <ele>73.4</ele>
    <time>2020-08-08T08:45:52Z</time>
   </trkpt>
   <trkpt lat="51.6133140" lon="-0.1855810">
    <ele>73.2</ele>
    <time>2020-08-08T08:45:53Z</time>
   </trkpt>
   <trkpt lat="51.6133230" lon="-0.1856530">
    <ele>72.7</ele>
    <time>2020-08-08T08:45:54Z</time>
   </trkpt>
   <trkpt lat="51.6133690" lon="-0.1858690">
    <ele>71.5</ele>
    <time>2020-08-08T08:45:56Z</time>
   </trkpt>
   <trkpt lat="51.6134270" lon="-0.1861430">
    <ele>70.4</ele>
    <time>2020-08-08T08:45:58Z</time>
   </trkpt>
   <trkpt lat="51.6134600" lon="-0.1862890">
    <ele>69.7</ele>
    <time>2020-08-08T08:45:59Z</time>
   </trkpt>
   <trkpt lat="51.6135010" lon="-0.1864290">
    <ele>69.1</ele>
    <time>2020-08-08T08:46:00Z</time>
   </trkpt>
   <trkpt lat="51.6135880" lon="-0.1866960">
    <ele>68.0</ele>
    <time>2020-08-08T08:46:02Z</time>
   </trkpt>
   <trkpt lat="51.6136340" lon="-0.1868310">
    <ele>67.3</ele>
    <time>2020-08-08T08:46:03Z</time>
   </trkpt>
   <trkpt lat="51.6137150" lon="-0.1871160">
    <ele>66.5</ele>
    <time>2020-08-08T08:46:05Z</time>
   </trkpt>
   <trkpt lat="51.6137570" lon="-0.1872530">
    <ele>66.1</ele>
    <time>2020-08-08T08:46:06Z</time>
   </trkpt>
   <trkpt lat="51.6138590" lon="-0.1875080">
    <ele>65.7</ele>
    <time>2020-08-08T08:46:08Z</time>
   </trkpt>
   <trkpt lat="51.6139180" lon="-0.1876320">
    <ele>65.4</ele>
    <time>2020-08-08T08:46:09Z</time>
   </trkpt>
   <trkpt lat="51.6139750" lon="-0.1877550">
    <ele>65.1</ele>
    <time>2020-08-08T08:46:10Z</time>
   </trkpt>
   <trkpt lat="51.6140890" lon="-0.1879910">
    <ele>64.4</ele>
    <time>2020-08-08T08:46:12Z</time>
   </trkpt>
   <trkpt lat="51.6141510" lon="-0.1881080">
    <ele>64.0</ele>
    <time>2020-08-08T08:46:13Z</time>
   </trkpt>
   <trkpt lat="51.6142660" lon="-0.1883440">
    <ele>63.4</ele>
    <time>2020-08-08T08:46:15Z</time>
   </trkpt>
   <trkpt lat="51.6143270" lon="-0.1884620">
    <ele>63.1</ele>
    <time>2020-08-08T08:46:16Z</time>
   </trkpt>
   <trkpt lat="51.6143810" lon="-0.1885760">
    <ele>62.8</ele>
    <time>2020-08-08T08:46:17Z</time>
   </trkpt>
   <trkpt lat="51.6144310" lon="-0.1887020">
    <ele>62.3</ele>
    <time>2020-08-08T08:46:18Z</time>
   </trkpt>
   <trkpt lat="51.6145400" lon="-0.1889450">
    <ele>61.2</ele>
    <time>2020-08-08T08:46:20Z</time>
   </trkpt>
   <trkpt lat="51.6146460" lon="-0.1891680">
    <ele>60.3</ele>
    <time>2020-08-08T08:46:22Z</time>
   </trkpt>
   <trkpt lat="51.6147040" lon="-0.1892780">
    <ele>60.0</ele>
    <time>2020-08-08T08:46:23Z</time>
   </trkpt>
   <trkpt lat="51.6148190" lon="-0.1895320">
    <ele>60.2</ele>
    <time>2020-08-08T08:46:25Z</time>
   </trkpt>
   <trkpt lat="51.6148530" lon="-0.1896770">
    <ele>60.4</ele>
    <time>2020-08-08T08:46:26Z</time>
   </trkpt>
   <trkpt lat="51.6149110" lon="-0.1899560">
    <ele>60.9</ele>
    <time>2020-08-08T08:46:28Z</time>
   </trkpt>
   <trkpt lat="51.6149720" lon="-0.1901970">
    <ele>61.5</ele>
    <time>2020-08-08T08:46:30Z</time>
   </trkpt>
   <trkpt lat="51.6149980" lon="-0.1903010">
    <ele>61.8</ele>
    <time>2020-08-08T08:46:31Z</time>
   </trkpt>
   <trkpt lat="51.6150370" lon="-0.1904600">
    <ele>62.2</ele>
    <time>2020-08-08T08:46:33Z</time>
   </trkpt>
   <trkpt lat="51.6150660" lon="-0.1905920">
    <ele>62.6</ele>
    <time>2020-08-08T08:46:35Z</time>
   </trkpt>
   <trkpt lat="51.6150860" lon="-0.1906530">
    <ele>62.7</ele>
    <time>2020-08-08T08:46:36Z</time>
   </trkpt>
   <trkpt lat="51.6151500" lon="-0.1907170">
    <ele>62.7</ele>
    <time>2020-08-08T08:46:38Z</time>
   </trkpt>
   <trkpt lat="51.6152030" lon="-0.1907050">
    <ele>62.7</ele>
    <time>2020-08-08T08:46:39Z</time>
   </trkpt>
   <trkpt lat="51.6153160" lon="-0.1905970">
    <ele>62.7</ele>
    <time>2020-08-08T08:46:41Z</time>
   </trkpt>
   <trkpt lat="51.6153710" lon="-0.1905300">
    <ele>62.7</ele>
    <time>2020-08-08T08:46:42Z</time>
   </trkpt>
   <trkpt lat="51.6154270" lon="-0.1904840">
    <ele>62.8</ele>
    <time>2020-08-08T08:46:43Z</time>
   </trkpt>
   <trkpt lat="51.6155350" lon="-0.1904250">
    <ele>62.8</ele>
    <time>2020-08-08T08:46:45Z</time>
   </trkpt>
   <trkpt lat="51.6155900" lon="-0.1904040">
    <ele>62.8</ele>
    <time>2020-08-08T08:46:46Z</time>
   </trkpt>
   <trkpt lat="51.6156470" lon="-0.1903840">
    <ele>62.8</ele>
    <time>2020-08-08T08:46:47Z</time>
   </trkpt>
   <trkpt lat="51.6157530" lon="-0.1903500">
    <ele>62.8</ele>
    <time>2020-08-08T08:46:49Z</time>
   </trkpt>
   <trkpt lat="51.6158730" lon="-0.1903080">
    <ele>62.8</ele>
    <time>2020-08-08T08:46:51Z</time>
   </trkpt>
   <trkpt lat="51.6159400" lon="-0.1902910">
    <ele>62.7</ele>
    <time>2020-08-08T08:46:52Z</time>
   </trkpt>
   <trkpt lat="51.6160680" lon="-0.1902600">
    <ele>62.7</ele>
    <time>2020-08-08T08:46:54Z</time>
   </trkpt>
   <trkpt lat="51.6161260" lon="-0.1902470">
    <ele>62.7</ele>
    <time>2020-08-08T08:46:55Z</time>
   </trkpt>
   <trkpt lat="51.6162540" lon="-0.1902690">
    <ele>62.6</ele>
    <time>2020-08-08T08:46:57Z</time>
   </trkpt>
   <trkpt lat="51.6163200" lon="-0.1902870">
    <ele>62.6</ele>
    <time>2020-08-08T08:46:58Z</time>
   </trkpt>
   <trkpt lat="51.6164470" lon="-0.1903270">
    <ele>62.6</ele>
    <time>2020-08-08T08:47:00Z</time>
   </trkpt>
   <trkpt lat="51.6165600" lon="-0.1903540">
    <ele>62.6</ele>
    <time>2020-08-08T08:47:02Z</time>
   </trkpt>
   <trkpt lat="51.6166160" lon="-0.1903710">
    <ele>62.6</ele>
    <time>2020-08-08T08:47:03Z</time>
   </trkpt>
   <trkpt lat="51.6166720" lon="-0.1903980">
    <ele>62.6</ele>
    <time>2020-08-08T08:47:04Z</time>
   </trkpt>
   <trkpt lat="51.6167870" lon="-0.1904470">
    <ele>62.6</ele>
    <time>2020-08-08T08:47:06Z</time>
   </trkpt>
   <trkpt lat="51.6169070" lon="-0.1904830">
    <ele>62.6</ele>
    <time>2020-08-08T08:47:08Z</time>
   </trkpt>
   <trkpt lat="51.6169680" lon="-0.1904990">
    <ele>62.5</ele>
    <time>2020-08-08T08:47:09Z</time>
   </trkpt>
   <trkpt lat="51.6170930" lon="-0.1905250">
    <ele>62.2</ele>
    <time>2020-08-08T08:47:11Z</time>
   </trkpt>
   <trkpt lat="51.6171570" lon="-0.1905330">
    <ele>61.9</ele>
    <time>2020-08-08T08:47:12Z</time>
   </trkpt>
   <trkpt lat="51.6172220" lon="-0.1905460">
    <ele>61.7</ele>
    <time>2020-08-08T08:47:13Z</time>
   </trkpt>
   <trkpt lat="51.6172850" lon="-0.1905560">
    <ele>61.4</ele>
    <time>2020-08-08T08:47:14Z</time>
   </trkpt>
   <trkpt lat="51.6173520" lon="-0.1905660">
    <ele>61.1</ele>
    <time>2020-08-08T08:47:15Z</time>
   </trkpt>
   <trkpt lat="51.6174220" lon="-0.1905650">
    <ele>60.8</ele>
    <time>2020-08-08T08:47:16Z</time>
   </trkpt>
   <trkpt lat="51.6175730" lon="-0.1905580">
    <ele>60.3</ele>
    <time>2020-08-08T08:47:18Z</time>
   </trkpt>
   <trkpt lat="51.6176520" lon="-0.1905630">
    <ele>60.1</ele>
    <time>2020-08-08T08:47:19Z</time>
   </trkpt>
   <trkpt lat="51.6177310" lon="-0.1905690">
    <ele>60.0</ele>
    <time>2020-08-08T08:47:20Z</time>
   </trkpt>
   <trkpt lat="51.6178860" lon="-0.1905740">
    <ele>60.0</ele>
    <time>2020-08-08T08:47:22Z</time>
   </trkpt>
   <trkpt lat="51.6179640" lon="-0.1905730">
    <ele>59.9</ele>
    <time>2020-08-08T08:47:23Z</time>
   </trkpt>
   <trkpt lat="51.6181150" lon="-0.1905940">
    <ele>59.8</ele>
    <time>2020-08-08T08:47:25Z</time>
   </trkpt>
   <trkpt lat="51.6181870" lon="-0.1906140">
    <ele>59.8</ele>
    <time>2020-08-08T08:47:26Z</time>
   </trkpt>
   <trkpt lat="51.6182540" lon="-0.1906400">
    <ele>59.9</ele>
    <time>2020-08-08T08:47:27Z</time>
   </trkpt>
   <trkpt lat="51.6183830" lon="-0.1907180">
    <ele>60.0</ele>
    <time>2020-08-08T08:47:29Z</time>
   </trkpt>
   <trkpt lat="51.6184530" lon="-0.1907590">
    <ele>60.1</ele>
    <time>2020-08-08T08:47:30Z</time>
   </trkpt>
   <trkpt lat="51.6185210" lon="-0.1908060">
    <ele>60.2</ele>
    <time>2020-08-08T08:47:31Z</time>
   </trkpt>
   <trkpt lat="51.6185870" lon="-0.1908450">
    <ele>60.3</ele>
    <time>2020-08-08T08:47:32Z</time>
   </trkpt>
   <trkpt lat="51.6187100" lon="-0.1908930">
    <ele>60.7</ele>
    <time>2020-08-08T08:47:34Z</time>
   </trkpt>
   <trkpt lat="51.6187700" lon="-0.1909160">
    <ele>60.9</ele>
    <time>2020-08-08T08:47:35Z</time>
   </trkpt>
   <trkpt lat="51.6188300" lon="-0.1909400">
    <ele>61.1</ele>
    <time>2020-08-08T08:47:36Z</time>
   </trkpt>
   <trkpt lat="51.6189440" lon="-0.1909710">
    <ele>61.5</ele>
    <time>2020-08-08T08:47:38Z</time>
   </trkpt>
   <trkpt lat="51.6190030" lon="-0.1909710">
    <ele>61.7</ele>
    <time>2020-08-08T08:47:39Z</time>
   </trkpt>
   <trkpt lat="51.6190630" lon="-0.1909670">
    <ele>62.0</ele>
    <time>2020-08-08T08:47:40Z</time>
   </trkpt>
   <trkpt lat="51.6191230" lon="-0.1909600">
    <ele>62.2</ele>
    <time>2020-08-08T08:47:41Z</time>
   </trkpt>
   <trkpt lat="51.6192430" lon="-0.1909470">
    <ele>62.7</ele>
    <time>2020-08-08T08:47:43Z</time>
   </trkpt>
   <trkpt lat="51.6193030" lon="-0.1909320">
    <ele>62.9</ele>
    <time>2020-08-08T08:47:44Z</time>
   </trkpt>
   <trkpt lat="51.6194230" lon="-0.1908940">
    <ele>63.3</ele>
    <time>2020-08-08T08:47:46Z</time>
   </trkpt>
   <trkpt lat="51.6195380" lon="-0.1908570">
    <ele>63.7</ele>
    <time>2020-08-08T08:47:48Z</time>
   </trkpt>
   <trkpt lat="51.6196460" lon="-0.1908330">
    <ele>64.1</ele>
    <time>2020-08-08T08:47:50Z</time>
   </trkpt>
   <trkpt lat="51.6197000" lon="-0.1908190">
    <ele>64.3</ele>
    <time>2020-08-08T08:47:51Z</time>
   </trkpt>
   <trkpt lat="51.6197540" lon="-0.1908050">
    <ele>64.4</ele>
    <time>2020-08-08T08:47:52Z</time>
   </trkpt>
   <trkpt lat="51.6198060" lon="-0.1907940">
    <ele>64.6</ele>
    <time>2020-08-08T08:47:53Z</time>
   </trkpt>
   <trkpt lat="51.6198590" lon="-0.1907900">
    <ele>64.7</ele>
    <time>2020-08-08T08:47:54Z</time>
   </trkpt>
   <trkpt lat="51.6199690" lon="-0.1907690">
    <ele>65.1</ele>
    <time>2020-08-08T08:47:56Z</time>
   </trkpt>
   <trkpt lat="51.6200710" lon="-0.1907550">
    <ele>65.4</ele>
    <time>2020-08-08T08:47:58Z</time>
   </trkpt>
   <trkpt lat="51.6201770" lon="-0.1907330">
    <ele>65.8</ele>
    <time>2020-08-08T08:48:00Z</time>
   </trkpt>
   <trkpt lat="51.6202820" lon="-0.1907100">
    <ele>66.1</ele>
    <time>2020-08-08T08:48:02Z</time>
   </trkpt>
   <trkpt lat="51.6203810" lon="-0.1907010">
    <ele>66.4</ele>
    <time>2020-08-08T08:48:04Z</time>
   </trkpt>
   <trkpt lat="51.6204810" lon="-0.1906790">
    <ele>66.6</ele>
    <time>2020-08-08T08:48:06Z</time>
   </trkpt>
   <trkpt lat="51.6205310" lon="-0.1906760">
    <ele>66.8</ele>
    <time>2020-08-08T08:48:07Z</time>
   </trkpt>
   <trkpt lat="51.6206270" lon="-0.1906510">
    <ele>67.1</ele>
    <time>2020-08-08T08:48:09Z</time>
   </trkpt>
   <trkpt lat="51.6206770" lon="-0.1906400">
    <ele>67.3</ele>
    <time>2020-08-08T08:48:10Z</time>
   </trkpt>
   <trkpt lat="51.6207250" lon="-0.1906280">
    <ele>67.4</ele>
    <time>2020-08-08T08:48:11Z</time>
   </trkpt>
   <trkpt lat="51.6208020" lon="-0.1906250">
    <ele>67.7</ele>
    <time>2020-08-08T08:48:13Z</time>
   </trkpt>
   <trkpt lat="51.6208510" lon="-0.1906190">
    <ele>67.9</ele>
    <time>2020-08-08T08:48:14Z</time>
   </trkpt>
   <trkpt lat="51.6208990" lon="-0.1906160">
    <ele>68.0</ele>
    <time>2020-08-08T08:48:15Z</time>
   </trkpt>
   <trkpt lat="51.6209450" lon="-0.1906270">
    <ele>68.2</ele>
    <time>2020-08-08T08:48:16Z</time>
   </trkpt>
   <trkpt lat="51.6210360" lon="-0.1906470">
    <ele>68.5</ele>
    <time>2020-08-08T08:48:18Z</time>
   </trkpt>
   <trkpt lat="51.6210840" lon="-0.1906600">
    <ele>68.6</ele>
    <time>2020-08-08T08:48:19Z</time>
   </trkpt>
   <trkpt lat="51.6211800" lon="-0.1906890">
    <ele>68.9</ele>
    <time>2020-08-08T08:48:21Z</time>
   </trkpt>
   <trkpt lat="51.6212270" lon="-0.1906990">
    <ele>69.0</ele>
    <time>2020-08-08T08:48:22Z</time>
   </trkpt>
   <trkpt lat="51.6212720" lon="-0.1907150">
    <ele>69.1</ele>
    <time>2020-08-08T08:48:23Z</time>
   </trkpt>
   <trkpt lat="51.6213440" lon="-0.1907470">
    <ele>69.4</ele>
    <time>2020-08-08T08:48:25Z</time>
   </trkpt>
   <trkpt lat="51.6213830" lon="-0.1907580">
    <ele>69.5</ele>
    <time>2020-08-08T08:48:26Z</time>
   </trkpt>
   <trkpt lat="51.6214230" lon="-0.1907710">
    <ele>69.6</ele>
    <time>2020-08-08T08:48:27Z</time>
   </trkpt>
   <trkpt lat="51.6214620" lon="-0.1907970">
    <ele>69.7</ele>
    <time>2020-08-08T08:48:28Z</time>
   </trkpt>
   <trkpt lat="51.6215340" lon="-0.1908170">
    <ele>69.9</ele>
    <time>2020-08-08T08:48:30Z</time>
   </trkpt>
   <trkpt lat="51.6215670" lon="-0.1908060">
    <ele>71.2</ele>
    <time>2020-08-08T08:48:31Z</time>
   </trkpt>
   <trkpt lat="51.6215950" lon="-0.1908100">
    <ele>71.4</ele>
    <time>2020-08-08T08:48:33Z</time>
   </trkpt>
   <trkpt lat="51.6216090" lon="-0.1908250">
    <ele>71.5</ele>
    <time>2020-08-08T08:48:34Z</time>
   </trkpt>
   <trkpt lat="51.6216260" lon="-0.1908630">
    <ele>71.7</ele>
    <time>2020-08-08T08:48:36Z</time>
   </trkpt>
   <trkpt lat="51.6216400" lon="-0.1909040">
    <ele>71.9</ele>
    <time>2020-08-08T08:48:37Z</time>
   </trkpt>
   <trkpt lat="51.6216410" lon="-0.1909200">
    <ele>72.0</ele>
    <time>2020-08-08T08:48:38Z</time>
   </trkpt>
   <trkpt lat="51.6216520" lon="-0.1909430">
    <ele>72.1</ele>
    <time>2020-08-08T08:48:39Z</time>
   </trkpt>
   <trkpt lat="51.6216810" lon="-0.1909650">
    <ele>72.4</ele>
    <time>2020-08-08T08:48:41Z</time>
   </trkpt>
   <trkpt lat="51.6217180" lon="-0.1909730">
    <ele>74.3</ele>
    <time>2020-08-08T08:48:42Z</time>
   </trkpt>
   <trkpt lat="51.6217290" lon="-0.1909750">
    <ele>74.3</ele>
    <time>2020-08-08T08:48:43Z</time>
   </trkpt>
   <trkpt lat="51.6217610" lon="-0.1909840">
    <ele>74.4</ele>
    <time>2020-08-08T08:48:44Z</time>
   </trkpt>
   <trkpt lat="51.6217790" lon="-0.1909850">
    <ele>74.5</ele>
    <time>2020-08-08T08:48:45Z</time>
   </trkpt>
   <trkpt lat="51.6218210" lon="-0.1910010">
    <ele>74.7</ele>
    <time>2020-08-08T08:48:47Z</time>
   </trkpt>
   <trkpt lat="51.6218600" lon="-0.1910370">
    <ele>74.8</ele>
    <time>2020-08-08T08:48:48Z</time>
   </trkpt>
   <trkpt lat="51.6219010" lon="-0.1910750">
    <ele>75.0</ele>
    <time>2020-08-08T08:48:50Z</time>
   </trkpt>
   <trkpt lat="51.6219280" lon="-0.1911030">
    <ele>75.1</ele>
    <time>2020-08-08T08:48:51Z</time>
   </trkpt>
   <trkpt lat="51.6219780" lon="-0.1911550">
    <ele>75.2</ele>
    <time>2020-08-08T08:48:53Z</time>
   </trkpt>
   <trkpt lat="51.6220220" lon="-0.1912040">
    <ele>75.3</ele>
    <time>2020-08-08T08:48:54Z</time>
   </trkpt>
   <trkpt lat="51.6220640" lon="-0.1912460">
    <ele>76.2</ele>
    <time>2020-08-08T08:48:55Z</time>
   </trkpt>
   <trkpt lat="51.6220960" lon="-0.1912820">
    <ele>76.6</ele>
    <time>2020-08-08T08:48:57Z</time>
   </trkpt>
   <trkpt lat="51.6221190" lon="-0.1913090">
    <ele>76.8</ele>
    <time>2020-08-08T08:48:58Z</time>
   </trkpt>
   <trkpt lat="51.6221540" lon="-0.1913460">
    <ele>77.2</ele>
    <time>2020-08-08T08:49:00Z</time>
   </trkpt>
   <trkpt lat="51.6221840" lon="-0.1913790">
    <ele>77.5</ele>
    <time>2020-08-08T08:49:01Z</time>
   </trkpt>
   <trkpt lat="51.6222130" lon="-0.1914060">
    <ele>77.9</ele>
    <time>2020-08-08T08:49:02Z</time>
   </trkpt>
   <trkpt lat="51.6222390" lon="-0.1914340">
    <ele>78.2</ele>
    <time>2020-08-08T08:49:04Z</time>
   </trkpt>
   <trkpt lat="51.6222680" lon="-0.1914620">
    <ele>78.5</ele>
    <time>2020-08-08T08:49:05Z</time>
   </trkpt>
   <trkpt lat="51.6223030" lon="-0.1914940">
    <ele>78.9</ele>
    <time>2020-08-08T08:49:06Z</time>
   </trkpt>
   <trkpt lat="51.6223380" lon="-0.1915210">
    <ele>79.3</ele>
    <time>2020-08-08T08:49:08Z</time>
   </trkpt>
   <trkpt lat="51.6223670" lon="-0.1915400">
    <ele>79.7</ele>
    <time>2020-08-08T08:49:09Z</time>
   </trkpt>
   <trkpt lat="51.6224000" lon="-0.1915650">
    <ele>80.0</ele>
    <time>2020-08-08T08:49:11Z</time>
   </trkpt>
   <trkpt lat="51.6224310" lon="-0.1915910">
    <ele>80.4</ele>
    <time>2020-08-08T08:49:12Z</time>
   </trkpt>
   <trkpt lat="51.6224730" lon="-0.1916280">
    <ele>80.8</ele>
    <time>2020-08-08T08:49:14Z</time>
   </trkpt>
   <trkpt lat="51.6225090" lon="-0.1916450">
    <ele>81.2</ele>
    <time>2020-08-08T08:49:15Z</time>
   </trkpt>
   <trkpt lat="51.6225480" lon="-0.1916650">
    <ele>81.5</ele>
    <time>2020-08-08T08:49:17Z</time>
   </trkpt>
   <trkpt lat="51.6225830" lon="-0.1916850">
    <ele>81.7</ele>
    <time>2020-08-08T08:49:18Z</time>
   </trkpt>
   <trkpt lat="51.6226120" lon="-0.1917000">
    <ele>81.8</ele>
    <time>2020-08-08T08:49:19Z</time>
   </trkpt>
   <trkpt lat="51.6226510" lon="-0.1917240">
    <ele>82.0</ele>
    <time>2020-08-08T08:49:21Z</time>
   </trkpt>
   <trkpt lat="51.6226850" lon="-0.1917450">
    <ele>82.2</ele>
    <time>2020-08-08T08:49:22Z</time>
   </trkpt>
   <trkpt lat="51.6227200" lon="-0.1917670">
    <ele>82.3</ele>
    <time>2020-08-08T08:49:24Z</time>
   </trkpt>
   <trkpt lat="51.6227470" lon="-0.1917790">
    <ele>82.5</ele>
    <time>2020-08-08T08:49:25Z</time>
   </trkpt>
   <trkpt lat="51.6227780" lon="-0.1917880">
    <ele>82.6</ele>
    <time>2020-08-08T08:49:26Z</time>
   </trkpt>
   <trkpt lat="51.6228360" lon="-0.1918150">
    <ele>82.9</ele>
    <time>2020-08-08T08:49:28Z</time>
   </trkpt>
   <trkpt lat="51.6229420" lon="-0.1919480">
    <ele>83.7</ele>
    <time>2020-08-08T08:49:29Z</time>
   </trkpt>
   <trkpt lat="51.6230370" lon="-0.1920560">
    <ele>84.3</ele>
    <time>2020-08-08T08:49:31Z</time>
   </trkpt>
   <trkpt lat="51.6231130" lon="-0.1921640">
    <ele>84.8</ele>
    <time>2020-08-08T08:49:32Z</time>
   </trkpt>
   <trkpt lat="51.6231840" lon="-0.1922830">
    <ele>85.3</ele>
    <time>2020-08-08T08:49:34Z</time>
   </trkpt>
   <trkpt lat="51.6232270" lon="-0.1923640">
    <ele>85.6</ele>
    <time>2020-08-08T08:49:35Z</time>
   </trkpt>
   <trkpt lat="51.6232510" lon="-0.1924020">
    <ele>85.7</ele>
    <time>2020-08-08T08:49:36Z</time>
   </trkpt>
   <trkpt lat="51.6232890" lon="-0.1924690">
    <ele>86.0</ele>
    <time>2020-08-08T08:49:38Z</time>
   </trkpt>
   <trkpt lat="51.6233110" lon="-0.1925000">
    <ele>86.1</ele>
    <time>2020-08-08T08:49:39Z</time>
   </trkpt>
   <trkpt lat="51.6233490" lon="-0.1925500">
    <ele>86.4</ele>
    <time>2020-08-08T08:49:41Z</time>
   </trkpt>
   <trkpt lat="51.6233810" lon="-0.1925890">
    <ele>86.6</ele>
    <time>2020-08-08T08:49:42Z</time>
   </trkpt>
   <trkpt lat="51.6234290" lon="-0.1926550">
    <ele>86.8</ele>
    <time>2020-08-08T08:49:44Z</time>
   </trkpt>
   <trkpt lat="51.6234570" lon="-0.1926870">
    <ele>86.9</ele>
    <time>2020-08-08T08:49:45Z</time>
   </trkpt>
   <trkpt lat="51.6234870" lon="-0.1927260">
    <ele>87.0</ele>
    <time>2020-08-08T08:49:47Z</time>
   </trkpt>
   <trkpt lat="51.6235240" lon="-0.1927680">
    <ele>87.2</ele>
    <time>2020-08-08T08:49:49Z</time>
   </trkpt>
   <trkpt lat="51.6235540" lon="-0.1928020">
    <ele>87.3</ele>
    <time>2020-08-08T08:49:50Z</time>
   </trkpt>
   <trkpt lat="51.6235640" lon="-0.1928130">
    <ele>87.3</ele>
    <time>2020-08-08T08:49:51Z</time>
   </trkpt>
   <trkpt lat="51.6236000" lon="-0.1928430">
    <ele>87.4</ele>
    <time>2020-08-08T08:49:52Z</time>
   </trkpt>
   <trkpt lat="51.6236300" lon="-0.1928780">
    <ele>87.5</ele>
    <time>2020-08-08T08:49:54Z</time>
   </trkpt>
   <trkpt lat="51.6236650" lon="-0.1929100">
    <ele>87.7</ele>
    <time>2020-08-08T08:49:55Z</time>
   </trkpt>
   <trkpt lat="51.6236920" lon="-0.1929380">
    <ele>87.9</ele>
    <time>2020-08-08T08:49:56Z</time>
   </trkpt>
   <trkpt lat="51.6237180" lon="-0.1929680">
    <ele>88.1</ele>
    <time>2020-08-08T08:49:57Z</time>
   </trkpt>
   <trkpt lat="51.6237670" lon="-0.1930230">
    <ele>88.5</ele>
    <time>2020-08-08T08:49:59Z</time>
   </trkpt>
   <trkpt lat="51.6238010" lon="-0.1930630">
    <ele>88.8</ele>
    <time>2020-08-08T08:50:00Z</time>
   </trkpt>
   <trkpt lat="51.6238530" lon="-0.1931310">
    <ele>89.2</ele>
    <time>2020-08-08T08:50:02Z</time>
   </trkpt>
   <trkpt lat="51.6238740" lon="-0.1931640">
    <ele>89.3</ele>
    <time>2020-08-08T08:50:03Z</time>
   </trkpt>
   <trkpt lat="51.6238960" lon="-0.1931980">
    <ele>89.5</ele>
    <time>2020-08-08T08:50:04Z</time>
   </trkpt>
   <trkpt lat="51.6239350" lon="-0.1932540">
    <ele>89.8</ele>
    <time>2020-08-08T08:50:06Z</time>
   </trkpt>
   <trkpt lat="51.6239590" lon="-0.1932960">
    <ele>90.0</ele>
    <time>2020-08-08T08:50:07Z</time>
   </trkpt>
   <trkpt lat="51.6239890" lon="-0.1933460">
    <ele>90.3</ele>
    <time>2020-08-08T08:50:08Z</time>
   </trkpt>
   <trkpt lat="51.6240170" lon="-0.1933880">
    <ele>90.5</ele>
    <time>2020-08-08T08:50:10Z</time>
   </trkpt>
   <trkpt lat="51.6240430" lon="-0.1934220">
    <ele>90.7</ele>
    <time>2020-08-08T08:50:11Z</time>
   </trkpt>
   <trkpt lat="51.6240770" lon="-0.1934610">
    <ele>91.0</ele>
    <time>2020-08-08T08:50:13Z</time>
   </trkpt>
   <trkpt lat="51.6241070" lon="-0.1934950">
    <ele>91.2</ele>
    <time>2020-08-08T08:50:14Z</time>
   </trkpt>
   <trkpt lat="51.6241390" lon="-0.1935120">
    <ele>91.4</ele>
    <time>2020-08-08T08:50:15Z</time>
   </trkpt>
   <trkpt lat="51.6241680" lon="-0.1935280">
    <ele>91.6</ele>
    <time>2020-08-08T08:50:16Z</time>
   </trkpt>
   <trkpt lat="51.6242050" lon="-0.1935470">
    <ele>91.9</ele>
    <time>2020-08-08T08:50:18Z</time>
   </trkpt>
   <trkpt lat="51.6242420" lon="-0.1935720">
    <ele>92.1</ele>
    <time>2020-08-08T08:50:19Z</time>
   </trkpt>
   <trkpt lat="51.6242530" lon="-0.1935830">
    <ele>92.2</ele>
    <time>2020-08-08T08:50:20Z</time>
   </trkpt>
   <trkpt lat="51.6242760" lon="-0.1936110">
    <ele>92.4</ele>
    <time>2020-08-08T08:50:21Z</time>
   </trkpt>
   <trkpt lat="51.6243170" lon="-0.1936440">
    <ele>92.7</ele>
    <time>2020-08-08T08:50:23Z</time>
   </trkpt>
   <trkpt lat="51.6243490" lon="-0.1936670">
    <ele>92.9</ele>
    <time>2020-08-08T08:50:24Z</time>
   </trkpt>
   <trkpt lat="51.6243840" lon="-0.1936900">
    <ele>93.2</ele>
    <time>2020-08-08T08:50:25Z</time>
   </trkpt>
   <trkpt lat="51.6244200" lon="-0.1937140">
    <ele>93.4</ele>
    <time>2020-08-08T08:50:27Z</time>
   </trkpt>
   <trkpt lat="51.6244520" lon="-0.1937400">
    <ele>93.6</ele>
    <time>2020-08-08T08:50:28Z</time>
   </trkpt>
   <trkpt lat="51.6244890" lon="-0.1937730">
    <ele>93.7</ele>
    <time>2020-08-08T08:50:30Z</time>
   </trkpt>
   <trkpt lat="51.6245290" lon="-0.1938060">
    <ele>93.9</ele>
    <time>2020-08-08T08:50:32Z</time>
   </trkpt>
   <trkpt lat="51.6245640" lon="-0.1938290">
    <ele>94.1</ele>
    <time>2020-08-08T08:50:33Z</time>
   </trkpt>
   <trkpt lat="51.6245910" lon="-0.1938480">
    <ele>94.3</ele>
    <time>2020-08-08T08:50:34Z</time>
   </trkpt>
   <trkpt lat="51.6246160" lon="-0.1938630">
    <ele>94.4</ele>
    <time>2020-08-08T08:50:35Z</time>
   </trkpt>
   <trkpt lat="51.6246430" lon="-0.1938740">
    <ele>94.6</ele>
    <time>2020-08-08T08:50:36Z</time>
   </trkpt>
   <trkpt lat="51.6246700" lon="-0.1938890">
    <ele>94.7</ele>
    <time>2020-08-08T08:50:37Z</time>
   </trkpt>
   <trkpt lat="51.6247080" lon="-0.1939130">
    <ele>94.9</ele>
    <time>2020-08-08T08:50:38Z</time>
   </trkpt>
   <trkpt lat="51.6247330" lon="-0.1939330">
    <ele>95.0</ele>
    <time>2020-08-08T08:50:40Z</time>
   </trkpt>
   <trkpt lat="51.6247590" lon="-0.1939500">
    <ele>95.2</ele>
    <time>2020-08-08T08:50:41Z</time>
   </trkpt>
   <trkpt lat="51.6247860" lon="-0.1939650">
    <ele>95.3</ele>
    <time>2020-08-08T08:50:42Z</time>
   </trkpt>
   <trkpt lat="51.6247950" lon="-0.1939710">
    <ele>95.4</ele>
    <time>2020-08-08T08:50:43Z</time>
   </trkpt>
   <trkpt lat="51.6248420" lon="-0.1940110">
    <ele>95.6</ele>
    <time>2020-08-08T08:50:45Z</time>
   </trkpt>
   <trkpt lat="51.6248670" lon="-0.1940310">
    <ele>95.7</ele>
    <time>2020-08-08T08:50:46Z</time>
   </trkpt>
   <trkpt lat="51.6248850" lon="-0.1940470">
    <ele>95.8</ele>
    <time>2020-08-08T08:50:47Z</time>
   </trkpt>
   <trkpt lat="51.6249200" lon="-0.1940820">
    <ele>96.0</ele>
    <time>2020-08-08T08:50:49Z</time>
   </trkpt>
   <trkpt lat="51.6249340" lon="-0.1941000">
    <ele>96.1</ele>
    <time>2020-08-08T08:50:50Z</time>
   </trkpt>
   <trkpt lat="51.6249580" lon="-0.1941200">
    <ele>96.2</ele>
    <time>2020-08-08T08:50:52Z</time>
   </trkpt>
   <trkpt lat="51.6249770" lon="-0.1941590">
    <ele>96.4</ele>
    <time>2020-08-08T08:50:53Z</time>
   </trkpt>
   <trkpt lat="51.6249800" lon="-0.1941720">
    <ele>96.4</ele>
    <time>2020-08-08T08:50:54Z</time>
   </trkpt>
   <trkpt lat="51.6249910" lon="-0.1942150">
    <ele>96.7</ele>
    <time>2020-08-08T08:50:56Z</time>
   </trkpt>
   <trkpt lat="51.6249970" lon="-0.1942340">
    <ele>96.7</ele>
    <time>2020-08-08T08:50:57Z</time>
   </trkpt>
   <trkpt lat="51.6250000" lon="-0.1942510">
    <ele>96.7</ele>
    <time>2020-08-08T08:50:58Z</time>
   </trkpt>
   <trkpt lat="51.6250030" lon="-0.1942620">
    <ele>96.7</ele>
    <time>2020-08-08T08:50:59Z</time>
   </trkpt>
   <trkpt lat="51.6250140" lon="-0.1942830">
    <ele>96.8</ele>
    <time>2020-08-08T08:51:00Z</time>
   </trkpt>
   <trkpt lat="51.6250200" lon="-0.1943020">
    <ele>96.8</ele>
    <time>2020-08-08T08:51:02Z</time>
   </trkpt>
   <trkpt lat="51.6250200" lon="-0.1943050">
    <ele>96.8</ele>
    <time>2020-08-08T08:51:03Z</time>
   </trkpt>
   <trkpt lat="51.6250320" lon="-0.1943060">
    <ele>96.8</ele>
    <time>2020-08-08T08:51:04Z</time>
   </trkpt>
   <trkpt lat="51.6250510" lon="-0.1943190">
    <ele>96.8</ele>
    <time>2020-08-08T08:51:06Z</time>
   </trkpt>
   <trkpt lat="51.6250760" lon="-0.1943290">
    <ele>96.9</ele>
    <time>2020-08-08T08:51:07Z</time>
   </trkpt>
   <trkpt lat="51.6250910" lon="-0.1943330">
    <ele>96.9</ele>
    <time>2020-08-08T08:51:09Z</time>
   </trkpt>
   <trkpt lat="51.6251240" lon="-0.1943400">
    <ele>97.0</ele>
    <time>2020-08-08T08:51:10Z</time>
   </trkpt>
   <trkpt lat="51.6251570" lon="-0.1943490">
    <ele>97.0</ele>
    <time>2020-08-08T08:51:11Z</time>
   </trkpt>
   <trkpt lat="51.6252020" lon="-0.1943590">
    <ele>97.0</ele>
    <time>2020-08-08T08:51:13Z</time>
   </trkpt>
   <trkpt lat="51.6252260" lon="-0.1943640">
    <ele>97.0</ele>
    <time>2020-08-08T08:51:14Z</time>
   </trkpt>
   <trkpt lat="51.6252530" lon="-0.1943680">
    <ele>97.1</ele>
    <time>2020-08-08T08:51:16Z</time>
   </trkpt>
   <trkpt lat="51.6252690" lon="-0.1943700">
    <ele>97.1</ele>
    <time>2020-08-08T08:51:17Z</time>
   </trkpt>
   <trkpt lat="51.6252820" lon="-0.1943720">
    <ele>97.1</ele>
    <time>2020-08-08T08:51:19Z</time>
   </trkpt>
   <trkpt lat="51.6253410" lon="-0.1943650">
    <ele>97.1</ele>
    <time>2020-08-08T08:54:08Z</time>
   </trkpt>
   <trkpt lat="51.6253550" lon="-0.1943690">
    <ele>97.2</ele>
    <time>2020-08-08T08:54:09Z</time>
   </trkpt>
   <trkpt lat="51.6253820" lon="-0.1943970">
    <ele>97.2</ele>
    <time>2020-08-08T08:54:11Z</time>
   </trkpt>
   <trkpt lat="51.6254110" lon="-0.1944350">
    <ele>97.3</ele>
    <time>2020-08-08T08:54:13Z</time>
   </trkpt>
   <trkpt lat="51.6254980" lon="-0.1944440">
    <ele>97.5</ele>
    <time>2020-08-08T08:54:15Z</time>
   </trkpt>
   <trkpt lat="51.6255950" lon="-0.1944670">
    <ele>97.8</ele>
    <time>2020-08-08T08:54:16Z</time>
   </trkpt>
   <trkpt lat="51.6256760" lon="-0.1944900">
    <ele>98.0</ele>
    <time>2020-08-08T08:54:17Z</time>
   </trkpt>
   <trkpt lat="51.6258260" lon="-0.1945420">
    <ele>98.5</ele>
    <time>2020-08-08T08:54:19Z</time>
   </trkpt>
   <trkpt lat="51.6258970" lon="-0.1945720">
    <ele>98.7</ele>
    <time>2020-08-08T08:54:20Z</time>
   </trkpt>
   <trkpt lat="51.6259670" lon="-0.1946040">
    <ele>98.9</ele>
    <time>2020-08-08T08:54:21Z</time>
   </trkpt>
   <trkpt lat="51.6260970" lon="-0.1946560">
    <ele>99.3</ele>
    <time>2020-08-08T08:54:23Z</time>
   </trkpt>
   <trkpt lat="51.6261660" lon="-0.1946780">
    <ele>99.5</ele>
    <time>2020-08-08T08:54:24Z</time>
   </trkpt>
   <trkpt lat="51.6262350" lon="-0.1946970">
    <ele>99.7</ele>
    <time>2020-08-08T08:54:25Z</time>
   </trkpt>
   <trkpt lat="51.6263640" lon="-0.1947210">
    <ele>100.2</ele>
    <time>2020-08-08T08:54:27Z</time>
   </trkpt>
   <trkpt lat="51.6264280" lon="-0.1947270">
    <ele>100.4</ele>
    <time>2020-08-08T08:54:28Z</time>
   </trkpt>
   <trkpt lat="51.6264910" lon="-0.1947310">
    <ele>100.6</ele>
    <time>2020-08-08T08:54:29Z</time>
   </trkpt>
   <trkpt lat="51.6266090" lon="-0.1947300">
    <ele>101.1</ele>
    <time>2020-08-08T08:54:31Z</time>
   </trkpt>
   <trkpt lat="51.6266650" lon="-0.1947420">
    <ele>101.4</ele>
    <time>2020-08-08T08:54:32Z</time>
   </trkpt>
   <trkpt lat="51.6267200" lon="-0.1947520">
    <ele>101.6</ele>
    <time>2020-08-08T08:54:33Z</time>
   </trkpt>
   <trkpt lat="51.6268370" lon="-0.1947890">
    <ele>102.1</ele>
    <time>2020-08-08T08:54:35Z</time>
   </trkpt>
   <trkpt lat="51.6269450" lon="-0.1948380">
    <ele>102.6</ele>
    <time>2020-08-08T08:54:37Z</time>
   </trkpt>
   <trkpt lat="51.6269980" lon="-0.1948510">
    <ele>102.8</ele>
    <time>2020-08-08T08:54:38Z</time>
   </trkpt>
   <trkpt lat="51.6270950" lon="-0.1949060">
    <ele>103.2</ele>
    <time>2020-08-08T08:54:40Z</time>
   </trkpt>
   <trkpt lat="51.6271950" lon="-0.1949510">
    <ele>103.7</ele>
    <time>2020-08-08T08:54:42Z</time>
   </trkpt>
   <trkpt lat="51.6272480" lon="-0.1949730">
    <ele>103.9</ele>
    <time>2020-08-08T08:54:43Z</time>
   </trkpt>
   <trkpt lat="51.6273720" lon="-0.1950170">
    <ele>104.4</ele>
    <time>2020-08-08T08:54:45Z</time>
   </trkpt>
   <trkpt lat="51.6274870" lon="-0.1950410">
    <ele>104.7</ele>
    <time>2020-08-08T08:54:47Z</time>
   </trkpt>
   <trkpt lat="51.6276070" lon="-0.1950440">
    <ele>105.0</ele>
    <time>2020-08-08T08:54:49Z</time>
   </trkpt>
   <trkpt lat="51.6276630" lon="-0.1950480">
    <ele>105.1</ele>
    <time>2020-08-08T08:54:50Z</time>
   </trkpt>
   <trkpt lat="51.6277220" lon="-0.1950590">
    <ele>105.2</ele>
    <time>2020-08-08T08:54:51Z</time>
   </trkpt>
   <trkpt lat="51.6277780" lon="-0.1950590">
    <ele>105.3</ele>
    <time>2020-08-08T08:54:52Z</time>
   </trkpt>
   <trkpt lat="51.6278900" lon="-0.1950560">
    <ele>105.5</ele>
    <time>2020-08-08T08:54:54Z</time>
   </trkpt>
   <trkpt lat="51.6279450" lon="-0.1950350">
    <ele>105.6</ele>
    <time>2020-08-08T08:54:55Z</time>
   </trkpt>
   <trkpt lat="51.6280000" lon="-0.1950160">
    <ele>105.7</ele>
    <time>2020-08-08T08:54:56Z</time>
   </trkpt>
   <trkpt lat="51.6280550" lon="-0.1949940">
    <ele>105.9</ele>
    <time>2020-08-08T08:54:57Z</time>
   </trkpt>
   <trkpt lat="51.6281620" lon="-0.1949630">
    <ele>106.2</ele>
    <time>2020-08-08T08:54:59Z</time>
   </trkpt>
   <trkpt lat="51.6282570" lon="-0.1949160">
    <ele>106.5</ele>
    <time>2020-08-08T08:55:01Z</time>
   </trkpt>
   <trkpt lat="51.6283100" lon="-0.1948890">
    <ele>106.6</ele>
    <time>2020-08-08T08:55:02Z</time>
   </trkpt>
   <trkpt lat="51.6284270" lon="-0.1948250">
    <ele>106.9</ele>
    <time>2020-08-08T08:55:04Z</time>
   </trkpt>
   <trkpt lat="51.6284910" lon="-0.1948060">
    <ele>107.2</ele>
    <time>2020-08-08T08:55:05Z</time>
   </trkpt>
   <trkpt lat="51.6285610" lon="-0.1947840">
    <ele>107.4</ele>
    <time>2020-08-08T08:55:06Z</time>
   </trkpt>
   <trkpt lat="51.6286930" lon="-0.1947240">
    <ele>107.9</ele>
    <time>2020-08-08T08:55:08Z</time>
   </trkpt>
   <trkpt lat="51.6287520" lon="-0.1947030">
    <ele>108.0</ele>
    <time>2020-08-08T08:55:09Z</time>
   </trkpt>
   <trkpt lat="51.6288110" lon="-0.1946840">
    <ele>108.2</ele>
    <time>2020-08-08T08:55:10Z</time>
   </trkpt>
   <trkpt lat="51.6288720" lon="-0.1946710">
    <ele>108.4</ele>
    <time>2020-08-08T08:55:11Z</time>
   </trkpt>
   <trkpt lat="51.6289910" lon="-0.1946280">
    <ele>108.7</ele>
    <time>2020-08-08T08:55:13Z</time>
   </trkpt>
   <trkpt lat="51.6290410" lon="-0.1946110">
    <ele>108.8</ele>
    <time>2020-08-08T08:55:14Z</time>
   </trkpt>
   <trkpt lat="51.6290930" lon="-0.1945880">
    <ele>108.9</ele>
    <time>2020-08-08T08:55:15Z</time>
   </trkpt>
   <trkpt lat="51.6291930" lon="-0.1945350">
    <ele>109.1</ele>
    <time>2020-08-08T08:55:17Z</time>
   </trkpt>
   <trkpt lat="51.6292400" lon="-0.1945120">
    <ele>109.2</ele>
    <time>2020-08-08T08:55:18Z</time>
   </trkpt>
   <trkpt lat="51.6292820" lon="-0.1944930">
    <ele>109.3</ele>
    <time>2020-08-08T08:55:19Z</time>
   </trkpt>
   <trkpt lat="51.6293310" lon="-0.1944680">
    <ele>109.2</ele>
    <time>2020-08-08T08:55:20Z</time>
   </trkpt>
   <trkpt lat="51.6294450" lon="-0.1944500">
    <ele>109.2</ele>
    <time>2020-08-08T08:55:22Z</time>
   </trkpt>
   <trkpt lat="51.6295600" lon="-0.1944680">
    <ele>109.3</ele>
    <time>2020-08-08T08:55:24Z</time>
   </trkpt>
   <trkpt lat="51.6296150" lon="-0.1944790">
    <ele>109.4</ele>
    <time>2020-08-08T08:55:25Z</time>
   </trkpt>
   <trkpt lat="51.6296710" lon="-0.1944930">
    <ele>109.5</ele>
    <time>2020-08-08T08:55:26Z</time>
   </trkpt>
   <trkpt lat="51.6297740" lon="-0.1945200">
    <ele>109.5</ele>
    <time>2020-08-08T08:55:28Z</time>
   </trkpt>
   <trkpt lat="51.6298610" lon="-0.1945450">
    <ele>109.6</ele>
    <time>2020-08-08T08:55:30Z</time>
   </trkpt>
   <trkpt lat="51.6299060" lon="-0.1945500">
    <ele>109.6</ele>
    <time>2020-08-08T08:55:31Z</time>
   </trkpt>
   <trkpt lat="51.6299540" lon="-0.1945540">
    <ele>109.6</ele>
    <time>2020-08-08T08:55:32Z</time>
   </trkpt>
   <trkpt lat="51.6300490" lon="-0.1945600">
    <ele>109.6</ele>
    <time>2020-08-08T08:55:34Z</time>
   </trkpt>
   <trkpt lat="51.6300950" lon="-0.1945670">
    <ele>109.6</ele>
    <time>2020-08-08T08:55:35Z</time>
   </trkpt>
   <trkpt lat="51.6301340" lon="-0.1945660">
    <ele>109.6</ele>
    <time>2020-08-08T08:55:36Z</time>
   </trkpt>
   <trkpt lat="51.6301680" lon="-0.1945600">
    <ele>109.7</ele>
    <time>2020-08-08T08:55:37Z</time>
   </trkpt>
   <trkpt lat="51.6302200" lon="-0.1945060">
    <ele>109.7</ele>
    <time>2020-08-08T08:55:39Z</time>
   </trkpt>
   <trkpt lat="51.6302430" lon="-0.1944540">
    <ele>109.6</ele>
    <time>2020-08-08T08:55:40Z</time>
   </trkpt>
   <trkpt lat="51.6302810" lon="-0.1943190">
    <ele>109.4</ele>
    <time>2020-08-08T08:55:42Z</time>
   </trkpt>
   <trkpt lat="51.6302880" lon="-0.1941510">
    <ele>109.1</ele>
    <time>2020-08-08T08:55:44Z</time>
   </trkpt>
   <trkpt lat="51.6302850" lon="-0.1940590">
    <ele>108.9</ele>
    <time>2020-08-08T08:55:45Z</time>
   </trkpt>
   <trkpt lat="51.6302850" lon="-0.1938540">
    <ele>108.6</ele>
    <time>2020-08-08T08:55:47Z</time>
   </trkpt>
   <trkpt lat="51.6302860" lon="-0.1937440">
    <ele>108.5</ele>
    <time>2020-08-08T08:55:48Z</time>
   </trkpt>
   <trkpt lat="51.6302940" lon="-0.1935180">
    <ele>108.0</ele>
    <time>2020-08-08T08:55:50Z</time>
   </trkpt>
   <trkpt lat="51.6303080" lon="-0.1932890">
    <ele>107.6</ele>
    <time>2020-08-08T08:55:52Z</time>
   </trkpt>
   <trkpt lat="51.6303170" lon="-0.1931840">
    <ele>107.4</ele>
    <time>2020-08-08T08:55:53Z</time>
   </trkpt>
   <trkpt lat="51.6303330" lon="-0.1930780">
    <ele>107.2</ele>
    <time>2020-08-08T08:55:54Z</time>
   </trkpt>
   <trkpt lat="51.6303530" lon="-0.1929800">
    <ele>106.9</ele>
    <time>2020-08-08T08:55:55Z</time>
   </trkpt>
   <trkpt lat="51.6303780" lon="-0.1929070">
    <ele>106.7</ele>
    <time>2020-08-08T08:55:56Z</time>
   </trkpt>
   <trkpt lat="51.6304330" lon="-0.1928060">
    <ele>106.4</ele>
    <time>2020-08-08T08:55:58Z</time>
   </trkpt>
   <trkpt lat="51.6304720" lon="-0.1927730">
    <ele>106.2</ele>
    <time>2020-08-08T08:56:00Z</time>
   </trkpt>
   <trkpt lat="51.6304760" lon="-0.1927700">
    <ele>106.2</ele>
    <time>2020-08-08T08:56:01Z</time>
   </trkpt>
   <trkpt lat="51.6304780" lon="-0.1927650">
    <ele>106.2</ele>
    <time>2020-08-08T08:56:02Z</time>
   </trkpt>
   <trkpt lat="51.6304870" lon="-0.1926600">
    <ele>105.9</ele>
    <time>2020-08-08T08:56:04Z</time>
   </trkpt>
   <trkpt lat="51.6304930" lon="-0.1925920">
    <ele>105.7</ele>
    <time>2020-08-08T08:56:05Z</time>
   </trkpt>
   <trkpt lat="51.6305240" lon="-0.1924230">
    <ele>105.2</ele>
    <time>2020-08-08T08:56:07Z</time>
   </trkpt>
   <trkpt lat="51.6305800" lon="-0.1922100">
    <ele>104.7</ele>
    <time>2020-08-08T08:56:09Z</time>
   </trkpt>
   <trkpt lat="51.6306410" lon="-0.1919660">
    <ele>104.2</ele>
    <time>2020-08-08T08:56:11Z</time>
   </trkpt>
   <trkpt lat="51.6306910" lon="-0.1917380">
    <ele>103.5</ele>
    <time>2020-08-08T08:56:13Z</time>
   </trkpt>
   <trkpt lat="51.6307120" lon="-0.1916130">
    <ele>103.2</ele>
    <time>2020-08-08T08:56:14Z</time>
   </trkpt>
   <trkpt lat="51.6307580" lon="-0.1913640">
    <ele>102.6</ele>
    <time>2020-08-08T08:56:16Z</time>
   </trkpt>
   <trkpt lat="51.6307790" lon="-0.1912280">
    <ele>102.2</ele>
    <time>2020-08-08T08:56:17Z</time>
   </trkpt>
   <trkpt lat="51.6307990" lon="-0.1910910">
    <ele>101.9</ele>
    <time>2020-08-08T08:56:18Z</time>
   </trkpt>
   <trkpt lat="51.6308380" lon="-0.1908270">
    <ele>101.2</ele>
    <time>2020-08-08T08:56:20Z</time>
   </trkpt>
   <trkpt lat="51.6308580" lon="-0.1905350">
    <ele>100.3</ele>
    <time>2020-08-08T08:56:22Z</time>
   </trkpt>
   <trkpt lat="51.6308610" lon="-0.1903840">
    <ele>99.8</ele>
    <time>2020-08-08T08:56:23Z</time>
   </trkpt>
   <trkpt lat="51.6308720" lon="-0.1902260">
    <ele>99.3</ele>
    <time>2020-08-08T08:56:24Z</time>
   </trkpt>
   <trkpt lat="51.6309000" lon="-0.1899020">
    <ele>98.3</ele>
    <time>2020-08-08T08:56:26Z</time>
   </trkpt>
   <trkpt lat="51.6309510" lon="-0.1895570">
    <ele>97.3</ele>
    <time>2020-08-08T08:56:28Z</time>
   </trkpt>
   <trkpt lat="51.6310030" lon="-0.1892060">
    <ele>95.3</ele>
    <time>2020-08-08T08:56:30Z</time>
   </trkpt>
   <trkpt lat="51.6310210" lon="-0.1890310">
    <ele>94.2</ele>
    <time>2020-08-08T08:56:31Z</time>
   </trkpt>
   <trkpt lat="51.6310320" lon="-0.1888480">
    <ele>92.9</ele>
    <time>2020-08-08T08:56:32Z</time>
   </trkpt>
   <trkpt lat="51.6310470" lon="-0.1884680">
    <ele>91.4</ele>
    <time>2020-08-08T08:56:34Z</time>
   </trkpt>
   <trkpt lat="51.6310520" lon="-0.1880670">
    <ele>89.0</ele>
    <time>2020-08-08T08:56:36Z</time>
   </trkpt>
   <trkpt lat="51.6310670" lon="-0.1876580">
    <ele>86.6</ele>
    <time>2020-08-08T08:56:38Z</time>
   </trkpt>
   <trkpt lat="51.6310660" lon="-0.1874470">
    <ele>85.4</ele>
    <time>2020-08-08T08:56:39Z</time>
   </trkpt>
   <trkpt lat="51.6310510" lon="-0.1870110">
    <ele>83.1</ele>
    <time>2020-08-08T08:56:41Z</time>
   </trkpt>
   <trkpt lat="51.6310440" lon="-0.1867950">
    <ele>82.1</ele>
    <time>2020-08-08T08:56:42Z</time>
   </trkpt>
   <trkpt lat="51.6310350" lon="-0.1865840">
    <ele>81.3</ele>
    <time>2020-08-08T08:56:43Z</time>
   </trkpt>
   <trkpt lat="51.6310300" lon="-0.1863650">
    <ele>80.2</ele>
    <time>2020-08-08T08:56:44Z</time>
   </trkpt>
   <trkpt lat="51.6310270" lon="-0.1859440">
    <ele>78.4</ele>
    <time>2020-08-08T08:56:46Z</time>
   </trkpt>
   <trkpt lat="51.6310460" lon="-0.1855280">
    <ele>76.6</ele>
    <time>2020-08-08T08:56:48Z</time>
   </trkpt>
   <trkpt lat="51.6310740" lon="-0.1851220">
    <ele>74.9</ele>
    <time>2020-08-08T08:56:50Z</time>
   </trkpt>
   <trkpt lat="51.6310850" lon="-0.1849190">
    <ele>74.1</ele>
    <time>2020-08-08T08:56:51Z</time>
   </trkpt>
   <trkpt lat="51.6310930" lon="-0.1847170">
    <ele>73.3</ele>
    <time>2020-08-08T08:56:52Z</time>
   </trkpt>
   <trkpt lat="51.6310930" lon="-0.1845160">
    <ele>72.6</ele>
    <time>2020-08-08T08:56:53Z</time>
   </trkpt>
   <trkpt lat="51.6310750" lon="-0.1841270">
    <ele>71.9</ele>
    <time>2020-08-08T08:56:55Z</time>
   </trkpt>
   <trkpt lat="51.6310450" lon="-0.1837540">
    <ele>71.1</ele>
    <time>2020-08-08T08:56:57Z</time>
   </trkpt>
   <trkpt lat="51.6309860" lon="-0.1834040">
    <ele>70.5</ele>
    <time>2020-08-08T08:56:59Z</time>
   </trkpt>
   <trkpt lat="51.6309500" lon="-0.1832320">
    <ele>70.2</ele>
    <time>2020-08-08T08:57:00Z</time>
   </trkpt>
   <trkpt lat="51.6308630" lon="-0.1829150">
    <ele>69.6</ele>
    <time>2020-08-08T08:57:02Z</time>
   </trkpt>
   <trkpt lat="51.6308250" lon="-0.1827580">
    <ele>69.4</ele>
    <time>2020-08-08T08:57:03Z</time>
   </trkpt>
   <trkpt lat="51.6307540" lon="-0.1824610">
    <ele>69.1</ele>
    <time>2020-08-08T08:57:05Z</time>
   </trkpt>
   <trkpt lat="51.6307190" lon="-0.1823180">
    <ele>69.0</ele>
    <time>2020-08-08T08:57:06Z</time>
   </trkpt>
   <trkpt lat="51.6306820" lon="-0.1821810">
    <ele>68.8</ele>
    <time>2020-08-08T08:57:07Z</time>
   </trkpt>
   <trkpt lat="51.6306100" lon="-0.1818950">
    <ele>68.6</ele>
    <time>2020-08-08T08:57:09Z</time>
   </trkpt>
   <trkpt lat="51.6305740" lon="-0.1817480">
    <ele>68.6</ele>
    <time>2020-08-08T08:57:10Z</time>
   </trkpt>
   <trkpt lat="51.6305390" lon="-0.1816020">
    <ele>68.7</ele>
    <time>2020-08-08T08:57:11Z</time>
   </trkpt>
   <trkpt lat="51.6305060" lon="-0.1814540">
    <ele>68.7</ele>
    <time>2020-08-08T08:57:12Z</time>
   </trkpt>
   <trkpt lat="51.6304380" lon="-0.1811760">
    <ele>69.3</ele>
    <time>2020-08-08T08:57:14Z</time>
   </trkpt>
   <trkpt lat="51.6303820" lon="-0.1809070">
    <ele>70.3</ele>
    <time>2020-08-08T08:57:16Z</time>
   </trkpt>
   <trkpt lat="51.6303370" lon="-0.1806660">
    <ele>71.4</ele>
    <time>2020-08-08T08:57:18Z</time>
   </trkpt>
   <trkpt lat="51.6303180" lon="-0.1805550">
    <ele>72.1</ele>
    <time>2020-08-08T08:57:19Z</time>
   </trkpt>
   <trkpt lat="51.6302810" lon="-0.1803530">
    <ele>73.4</ele>
    <time>2020-08-08T08:57:21Z</time>
   </trkpt>
   <trkpt lat="51.6302460" lon="-0.1801920">
    <ele>74.5</ele>
    <time>2020-08-08T08:57:23Z</time>
   </trkpt>
   <trkpt lat="51.6302190" lon="-0.1800310">
    <ele>75.3</ele>
    <time>2020-08-08T08:57:25Z</time>
   </trkpt>
   <trkpt lat="51.6302140" lon="-0.1799490">
    <ele>75.0</ele>
    <time>2020-08-08T08:57:26Z</time>
   </trkpt>
   <trkpt lat="51.6302110" lon="-0.1797760">
    <ele>75.6</ele>
    <time>2020-08-08T08:57:28Z</time>
   </trkpt>
   <trkpt lat="51.6302170" lon="-0.1795970">
    <ele>76.5</ele>
    <time>2020-08-08T08:57:30Z</time>
   </trkpt>
   <trkpt lat="51.6302180" lon="-0.1795100">
    <ele>76.9</ele>
    <time>2020-08-08T08:57:31Z</time>
   </trkpt>
   <trkpt lat="51.6302160" lon="-0.1794250">
    <ele>77.4</ele>
    <time>2020-08-08T08:57:32Z</time>
   </trkpt>
   <trkpt lat="51.6302120" lon="-0.1792690">
    <ele>78.9</ele>
    <time>2020-08-08T08:57:34Z</time>
   </trkpt>
   <trkpt lat="51.6302080" lon="-0.1791270">
    <ele>80.2</ele>
    <time>2020-08-08T08:57:36Z</time>
   </trkpt>
   <trkpt lat="51.6302020" lon="-0.1790570">
    <ele>80.9</ele>
    <time>2020-08-08T08:57:37Z</time>
   </trkpt>
   <trkpt lat="51.6301830" lon="-0.1789230">
    <ele>81.6</ele>
    <time>2020-08-08T08:57:39Z</time>
   </trkpt>
   <trkpt lat="51.6301740" lon="-0.1787850">
    <ele>81.2</ele>
    <time>2020-08-08T08:57:41Z</time>
   </trkpt>
   <trkpt lat="51.6301440" lon="-0.1786880">
    <ele>81.6</ele>
    <time>2020-08-08T08:57:43Z</time>
   </trkpt>
   <trkpt lat="51.6301310" lon="-0.1785490">
    <ele>82.0</ele>
    <time>2020-08-08T08:57:45Z</time>
   </trkpt>
   <trkpt lat="51.6301340" lon="-0.1784760">
    <ele>82.2</ele>
    <time>2020-08-08T08:57:46Z</time>
   </trkpt>
   <trkpt lat="51.6301320" lon="-0.1784140">
    <ele>82.4</ele>
    <time>2020-08-08T08:57:47Z</time>
   </trkpt>
   <trkpt lat="51.6301260" lon="-0.1783610">
    <ele>82.6</ele>
    <time>2020-08-08T08:57:48Z</time>
   </trkpt>
   <trkpt lat="51.6301360" lon="-0.1783810">
    <ele>82.7</ele>
    <time>2020-08-08T08:57:49Z</time>
   </trkpt>
   <trkpt lat="51.6301670" lon="-0.1784270">
    <ele>82.9</ele>
    <time>2020-08-08T08:57:51Z</time>
   </trkpt>
   <trkpt lat="51.6301970" lon="-0.1783940">
    <ele>83.0</ele>
    <time>2020-08-08T08:57:53Z</time>
   </trkpt>
   <trkpt lat="51.6301990" lon="-0.1782810">
    <ele>83.3</ele>
    <time>2020-08-08T08:57:54Z</time>
   </trkpt>
   <trkpt lat="51.6301570" lon="-0.1780530">
    <ele>83.9</ele>
    <time>2020-08-08T08:57:56Z</time>
   </trkpt>
   <trkpt lat="51.6301380" lon="-0.1780190">
    <ele>84.0</ele>
    <time>2020-08-08T08:57:57Z</time>
   </trkpt>
   <trkpt lat="51.6301260" lon="-0.1777500">
    <ele>84.4</ele>
    <time>2020-08-08T08:57:59Z</time>
   </trkpt>
   <trkpt lat="51.6301220" lon="-0.1776590">
    <ele>84.5</ele>
    <time>2020-08-08T08:58:00Z</time>
   </trkpt>
   <trkpt lat="51.6301200" lon="-0.1776050">
    <ele>84.7</ele>
    <time>2020-08-08T08:58:01Z</time>
   </trkpt>
   <trkpt lat="51.6301380" lon="-0.1773450">
    <ele>85.6</ele>
    <time>2020-08-08T08:58:03Z</time>
   </trkpt>
   <trkpt lat="51.6301490" lon="-0.1772320">
    <ele>86.0</ele>
    <time>2020-08-08T08:58:04Z</time>
   </trkpt>
   <trkpt lat="51.6301640" lon="-0.1770400">
    <ele>86.9</ele>
    <time>2020-08-08T08:58:06Z</time>
   </trkpt>
   <trkpt lat="51.6301790" lon="-0.1768670">
    <ele>87.2</ele>
    <time>2020-08-08T08:58:08Z</time>
   </trkpt>
   <trkpt lat="51.6301960" lon="-0.1767260">
    <ele>87.5</ele>
    <time>2020-08-08T08:58:10Z</time>
   </trkpt>
   <trkpt lat="51.6301810" lon="-0.1767430">
    <ele>87.6</ele>
    <time>2020-08-08T08:58:11Z</time>
   </trkpt>
   <trkpt lat="51.6301250" lon="-0.1767730">
    <ele>87.8</ele>
    <time>2020-08-08T08:58:13Z</time>
   </trkpt>
   <trkpt lat="51.6300940" lon="-0.1767820">
    <ele>87.9</ele>
    <time>2020-08-08T08:58:14Z</time>
   </trkpt>
   <trkpt lat="51.6300770" lon="-0.1767460">
    <ele>88.0</ele>
    <time>2020-08-08T08:58:16Z</time>
   </trkpt>
   <trkpt lat="51.6300670" lon="-0.1766870">
    <ele>88.1</ele>
    <time>2020-08-08T08:58:18Z</time>
   </trkpt>
   <trkpt lat="51.6300640" lon="-0.1766350">
    <ele>88.2</ele>
    <time>2020-08-08T08:58:19Z</time>
   </trkpt>
   <trkpt lat="51.6300820" lon="-0.1765740">
    <ele>88.4</ele>
    <time>2020-08-08T08:58:20Z</time>
   </trkpt>
   <trkpt lat="51.6300800" lon="-0.1764980">
    <ele>88.6</ele>
    <time>2020-08-08T08:58:22Z</time>
   </trkpt>
   <trkpt lat="51.6300930" lon="-0.1764230">
    <ele>88.7</ele>
    <time>2020-08-08T08:58:23Z</time>
   </trkpt>
   <trkpt lat="51.6301050" lon="-0.1763380">
    <ele>88.9</ele>
    <time>2020-08-08T08:58:25Z</time>
   </trkpt>
   <trkpt lat="51.6301480" lon="-0.1759960">
    <ele>89.7</ele>
    <time>2020-08-08T08:58:26Z</time>
   </trkpt>
   <trkpt lat="51.6301480" lon="-0.1759780">
    <ele>89.7</ele>
    <time>2020-08-08T08:58:27Z</time>
   </trkpt>
   <trkpt lat="51.6301510" lon="-0.1758850">
    <ele>90.0</ele>
    <time>2020-08-08T08:58:29Z</time>
   </trkpt>
   <trkpt lat="51.6301150" lon="-0.1759040">
    <ele>90.1</ele>
    <time>2020-08-08T08:58:31Z</time>
   </trkpt>
   <trkpt lat="51.6300980" lon="-0.1759350">
    <ele>90.3</ele>
    <time>2020-08-08T08:58:32Z</time>
   </trkpt>
   <trkpt lat="51.6300860" lon="-0.1760060">
    <ele>90.5</ele>
    <time>2020-08-08T08:58:34Z</time>
   </trkpt>
   <trkpt lat="51.6300890" lon="-0.1760260">
    <ele>90.5</ele>
    <time>2020-08-08T08:58:36Z</time>
   </trkpt>
   <trkpt lat="51.6300950" lon="-0.1760290">
    <ele>90.5</ele>
    <time>2020-08-08T08:58:37Z</time>
   </trkpt>
   <trkpt lat="51.6301030" lon="-0.1760320">
    <ele>90.6</ele>
    <time>2020-08-08T08:58:38Z</time>
   </trkpt>
   <trkpt lat="51.6301080" lon="-0.1760290">
    <ele>90.6</ele>
    <time>2020-08-08T08:58:40Z</time>
   </trkpt>
   <trkpt lat="51.6301080" lon="-0.1760190">
    <ele>90.6</ele>
    <time>2020-08-08T08:58:41Z</time>
   </trkpt>
   <trkpt lat="51.6301110" lon="-0.1760050">
    <ele>90.7</ele>
    <time>2020-08-08T08:58:42Z</time>
   </trkpt>
   <trkpt lat="51.6301120" lon="-0.1759950">
    <ele>90.7</ele>
    <time>2020-08-08T08:58:44Z</time>
   </trkpt>
   <trkpt lat="51.6301410" lon="-0.1756650">
    <ele>91.6</ele>
    <time>2020-08-08T08:58:47Z</time>
   </trkpt>
   <trkpt lat="51.6301570" lon="-0.1755000">
    <ele>92.1</ele>
    <time>2020-08-08T08:58:48Z</time>
   </trkpt>
   <trkpt lat="51.6301650" lon="-0.1754320">
    <ele>92.3</ele>
    <time>2020-08-08T08:58:50Z</time>
   </trkpt>
   <trkpt lat="51.6301610" lon="-0.1754520">
    <ele>92.3</ele>
    <time>2020-08-08T08:58:52Z</time>
   </trkpt>
   <trkpt lat="51.6301590" lon="-0.1754710">
    <ele>92.4</ele>
    <time>2020-08-08T08:58:54Z</time>
   </trkpt>
   <trkpt lat="51.6301590" lon="-0.1754740">
    <ele>92.4</ele>
    <time>2020-08-08T08:58:56Z</time>
   </trkpt>
   <trkpt lat="51.6301600" lon="-0.1754740">
    <ele>92.4</ele>
    <time>2020-08-08T08:58:57Z</time>
   </trkpt>
   <trkpt lat="51.6301610" lon="-0.1754600">
    <ele>92.4</ele>
    <time>2020-08-08T08:58:59Z</time>
   </trkpt>
   <trkpt lat="51.6301630" lon="-0.1754430">
    <ele>92.5</ele>
    <time>2020-08-08T08:59:00Z</time>
   </trkpt>
   <trkpt lat="51.6301700" lon="-0.1753550">
    <ele>92.7</ele>
    <time>2020-08-08T08:59:02Z</time>
   </trkpt>
   <trkpt lat="51.6301940" lon="-0.1754180">
    <ele>92.9</ele>
    <time>2020-08-08T08:59:04Z</time>
   </trkpt>
   <trkpt lat="51.6302050" lon="-0.1754290">
    <ele>93.0</ele>
    <time>2020-08-08T08:59:06Z</time>
   </trkpt>
   <trkpt lat="51.6302160" lon="-0.1754410">
    <ele>93.0</ele>
    <time>2020-08-08T08:59:07Z</time>
   </trkpt>
   <trkpt lat="51.6302580" lon="-0.1754300">
    <ele>94.6</ele>
    <time>2020-08-08T08:59:08Z</time>
   </trkpt>
   <trkpt lat="51.6302820" lon="-0.1753940">
    <ele>94.5</ele>
    <time>2020-08-08T08:59:09Z</time>
   </trkpt>
   <trkpt lat="51.6304220" lon="-0.1752910">
    <ele>94.4</ele>
    <time>2020-08-08T08:59:11Z</time>
   </trkpt>
   <trkpt lat="51.6304920" lon="-0.1752670">
    <ele>94.3</ele>
    <time>2020-08-08T08:59:12Z</time>
   </trkpt>
   <trkpt lat="51.6305570" lon="-0.1752550">
    <ele>94.2</ele>
    <time>2020-08-08T08:59:13Z</time>
   </trkpt>
   <trkpt lat="51.6306830" lon="-0.1752470">
    <ele>94.0</ele>
    <time>2020-08-08T08:59:15Z</time>
   </trkpt>
   <trkpt lat="51.6307460" lon="-0.1752500">
    <ele>94.0</ele>
    <time>2020-08-08T08:59:16Z</time>
   </trkpt>
   <trkpt lat="51.6308090" lon="-0.1752570">
    <ele>93.8</ele>
    <time>2020-08-08T08:59:17Z</time>
   </trkpt>
   <trkpt lat="51.6308720" lon="-0.1752670">
    <ele>93.7</ele>
    <time>2020-08-08T08:59:18Z</time>
   </trkpt>
   <trkpt lat="51.6310000" lon="-0.1752880">
    <ele>93.6</ele>
    <time>2020-08-08T08:59:20Z</time>
   </trkpt>
   <trkpt lat="51.6310680" lon="-0.1753100">
    <ele>93.5</ele>
    <time>2020-08-08T08:59:21Z</time>
   </trkpt>
   <trkpt lat="51.6311350" lon="-0.1753370">
    <ele>93.5</ele>
    <time>2020-08-08T08:59:22Z</time>
   </trkpt>
   <trkpt lat="51.6312690" lon="-0.1753790">
    <ele>93.6</ele>
    <time>2020-08-08T08:59:24Z</time>
   </trkpt>
   <trkpt lat="51.6313920" lon="-0.1754090">
    <ele>93.6</ele>
    <time>2020-08-08T08:59:26Z</time>
   </trkpt>
   <trkpt lat="51.6314520" lon="-0.1754280">
    <ele>93.6</ele>
    <time>2020-08-08T08:59:27Z</time>
   </trkpt>
   <trkpt lat="51.6315090" lon="-0.1754450">
    <ele>93.6</ele>
    <time>2020-08-08T08:59:28Z</time>
   </trkpt>
   <trkpt lat="51.6315690" lon="-0.1754600">
    <ele>93.5</ele>
    <time>2020-08-08T08:59:29Z</time>
   </trkpt>
   <trkpt lat="51.6316990" lon="-0.1755110">
    <ele>93.6</ele>
    <time>2020-08-08T08:59:31Z</time>
   </trkpt>
   <trkpt lat="51.6317680" lon="-0.1755480">
    <ele>93.7</ele>
    <time>2020-08-08T08:59:32Z</time>
   </trkpt>
   <trkpt lat="51.6319150" lon="-0.1756150">
    <ele>93.7</ele>
    <time>2020-08-08T08:59:34Z</time>
   </trkpt>
   <trkpt lat="51.6320380" lon="-0.1756510">
    <ele>93.6</ele>
    <time>2020-08-08T08:59:36Z</time>
   </trkpt>
   <trkpt lat="51.6320960" lon="-0.1756600">
    <ele>93.5</ele>
    <time>2020-08-08T08:59:37Z</time>
   </trkpt>
   <trkpt lat="51.6321600" lon="-0.1756710">
    <ele>93.4</ele>
    <time>2020-08-08T08:59:38Z</time>
   </trkpt>
   <trkpt lat="51.6322840" lon="-0.1756970">
    <ele>93.2</ele>
    <time>2020-08-08T08:59:40Z</time>
   </trkpt>
   <trkpt lat="51.6323460" lon="-0.1757070">
    <ele>93.1</ele>
    <time>2020-08-08T08:59:41Z</time>
   </trkpt>
   <trkpt lat="51.6324110" lon="-0.1757200">
    <ele>92.9</ele>
    <time>2020-08-08T08:59:42Z</time>
   </trkpt>
   <trkpt lat="51.6325500" lon="-0.1757500">
    <ele>92.8</ele>
    <time>2020-08-08T08:59:44Z</time>
   </trkpt>
   <trkpt lat="51.6326200" lon="-0.1757620">
    <ele>92.7</ele>
    <time>2020-08-08T08:59:45Z</time>
   </trkpt>
   <trkpt lat="51.6327520" lon="-0.1757610">
    <ele>92.6</ele>
    <time>2020-08-08T08:59:47Z</time>
   </trkpt>
   <trkpt lat="51.6328790" lon="-0.1757620">
    <ele>92.5</ele>
    <time>2020-08-08T08:59:49Z</time>
   </trkpt>
   <trkpt lat="51.6329350" lon="-0.1757670">
    <ele>92.5</ele>
    <time>2020-08-08T08:59:50Z</time>
   </trkpt>
   <trkpt lat="51.6330050" lon="-0.1757390">
    <ele>92.6</ele>
    <time>2020-08-08T08:59:52Z</time>
   </trkpt>
   <trkpt lat="51.6330080" lon="-0.1756710">
    <ele>92.7</ele>
    <time>2020-08-08T08:59:53Z</time>
   </trkpt>
   <trkpt lat="51.6330070" lon="-0.1755920">
    <ele>92.9</ele>
    <time>2020-08-08T08:59:54Z</time>
   </trkpt>
   <trkpt lat="51.6330310" lon="-0.1754240">
    <ele>93.3</ele>
    <time>2020-08-08T08:59:56Z</time>
   </trkpt>
   <trkpt lat="51.6330620" lon="-0.1753440">
    <ele>93.5</ele>
    <time>2020-08-08T08:59:57Z</time>
   </trkpt>
   <trkpt lat="51.6331500" lon="-0.1752210">
    <ele>93.7</ele>
    <time>2020-08-08T08:59:59Z</time>
   </trkpt>
   <trkpt lat="51.6332060" lon="-0.1751660">
    <ele>93.9</ele>
    <time>2020-08-08T09:00:00Z</time>
   </trkpt>
   <trkpt lat="51.6332620" lon="-0.1751100">
    <ele>94.2</ele>
    <time>2020-08-08T09:00:01Z</time>
   </trkpt>
   <trkpt lat="51.6333100" lon="-0.1750550">
    <ele>94.5</ele>
    <time>2020-08-08T09:00:02Z</time>
   </trkpt>
   <trkpt lat="51.6334090" lon="-0.1749480">
    <ele>94.9</ele>
    <time>2020-08-08T09:00:04Z</time>
   </trkpt>
   <trkpt lat="51.6335060" lon="-0.1748240">
    <ele>95.4</ele>
    <time>2020-08-08T09:00:06Z</time>
   </trkpt>
   <trkpt lat="51.6335860" lon="-0.1747120">
    <ele>95.7</ele>
    <time>2020-08-08T09:00:08Z</time>
   </trkpt>
   <trkpt lat="51.6336520" lon="-0.1745980">
    <ele>95.9</ele>
    <time>2020-08-08T09:00:10Z</time>
   </trkpt>
   <trkpt lat="51.6337180" lon="-0.1744780">
    <ele>96.2</ele>
    <time>2020-08-08T09:00:12Z</time>
   </trkpt>
   <trkpt lat="51.6337750" lon="-0.1743260">
    <ele>96.4</ele>
    <time>2020-08-08T09:00:14Z</time>
   </trkpt>
   <trkpt lat="51.6338270" lon="-0.1741660">
    <ele>96.6</ele>
    <time>2020-08-08T09:00:16Z</time>
   </trkpt>
   <trkpt lat="51.6338700" lon="-0.1740070">
    <ele>96.8</ele>
    <time>2020-08-08T09:00:18Z</time>
   </trkpt>
   <trkpt lat="51.6339080" lon="-0.1738390">
    <ele>96.8</ele>
    <time>2020-08-08T09:00:20Z</time>
   </trkpt>
   <trkpt lat="51.6339510" lon="-0.1736830">
    <ele>96.8</ele>
    <time>2020-08-08T09:00:22Z</time>
   </trkpt>
   <trkpt lat="51.6339750" lon="-0.1736070">
    <ele>96.8</ele>
    <time>2020-08-08T09:00:23Z</time>
   </trkpt>
   <trkpt lat="51.6340110" lon="-0.1734570">
    <ele>96.7</ele>
    <time>2020-08-08T09:00:25Z</time>
   </trkpt>
   <trkpt lat="51.6340270" lon="-0.1733840">
    <ele>96.7</ele>
    <time>2020-08-08T09:00:26Z</time>
   </trkpt>
   <trkpt lat="51.6340410" lon="-0.1733110">
    <ele>96.6</ele>
    <time>2020-08-08T09:00:27Z</time>
   </trkpt>
   <trkpt lat="51.6340840" lon="-0.1731520">
    <ele>96.6</ele>
    <time>2020-08-08T09:00:29Z</time>
   </trkpt>
   <trkpt lat="51.6341030" lon="-0.1730650">
    <ele>96.5</ele>
    <time>2020-08-08T09:00:30Z</time>
   </trkpt>
   <trkpt lat="51.6341460" lon="-0.1728880">
    <ele>96.3</ele>
    <time>2020-08-08T09:00:32Z</time>
   </trkpt>
   <trkpt lat="51.6341720" lon="-0.1728000">
    <ele>96.2</ele>
    <time>2020-08-08T09:00:33Z</time>
   </trkpt>
   <trkpt lat="51.6341980" lon="-0.1727080">
    <ele>96.1</ele>
    <time>2020-08-08T09:00:34Z</time>
   </trkpt>
   <trkpt lat="51.6342630" lon="-0.1725180">
    <ele>95.7</ele>
    <time>2020-08-08T09:00:36Z</time>
   </trkpt>
   <trkpt lat="51.6342940" lon="-0.1724290">
    <ele>95.6</ele>
    <time>2020-08-08T09:00:37Z</time>
   </trkpt>
   <trkpt lat="51.6343210" lon="-0.1723480">
    <ele>95.5</ele>
    <time>2020-08-08T09:00:38Z</time>
   </trkpt>
   <trkpt lat="51.6343600" lon="-0.1721860">
    <ele>95.3</ele>
    <time>2020-08-08T09:00:40Z</time>
   </trkpt>
   <trkpt lat="51.6344050" lon="-0.1720280">
    <ele>95.0</ele>
    <time>2020-08-08T09:00:42Z</time>
   </trkpt>
   <trkpt lat="51.6344280" lon="-0.1719470">
    <ele>94.9</ele>
    <time>2020-08-08T09:00:43Z</time>
   </trkpt>
   <trkpt lat="51.6344660" lon="-0.1717970">
    <ele>94.6</ele>
    <time>2020-08-08T09:00:45Z</time>
   </trkpt>
   <trkpt lat="51.6345100" lon="-0.1716240">
    <ele>94.3</ele>
    <time>2020-08-08T09:00:47Z</time>
   </trkpt>
   <trkpt lat="51.6345610" lon="-0.1714200">
    <ele>94.0</ele>
    <time>2020-08-08T09:00:49Z</time>
   </trkpt>
   <trkpt lat="51.6346200" lon="-0.1711970">
    <ele>93.5</ele>
    <time>2020-08-08T09:00:51Z</time>
   </trkpt>
   <trkpt lat="51.6346510" lon="-0.1710910">
    <ele>93.3</ele>
    <time>2020-08-08T09:00:52Z</time>
   </trkpt>
   <trkpt lat="51.6347070" lon="-0.1708910">
    <ele>92.8</ele>
    <time>2020-08-08T09:00:54Z</time>
   </trkpt>
   <trkpt lat="51.6347400" lon="-0.1707870">
    <ele>92.6</ele>
    <time>2020-08-08T09:00:55Z</time>
   </trkpt>
   <trkpt lat="51.6347770" lon="-0.1706920">
    <ele>92.4</ele>
    <time>2020-08-08T09:00:56Z</time>
   </trkpt>
   <trkpt lat="51.6348480" lon="-0.1705090">
    <ele>91.9</ele>
    <time>2020-08-08T09:00:58Z</time>
   </trkpt>
   <trkpt lat="51.6348870" lon="-0.1704070">
    <ele>91.6</ele>
    <time>2020-08-08T09:00:59Z</time>
   </trkpt>
   <trkpt lat="51.6349670" lon="-0.1702130">
    <ele>91.0</ele>
    <time>2020-08-08T09:01:01Z</time>
   </trkpt>
   <trkpt lat="51.6350600" lon="-0.1700310">
    <ele>90.3</ele>
    <time>2020-08-08T09:01:03Z</time>
   </trkpt>
   <trkpt lat="51.6351130" lon="-0.1699400">
    <ele>89.9</ele>
    <time>2020-08-08T09:01:04Z</time>
   </trkpt>
   <trkpt lat="51.6351640" lon="-0.1698580">
    <ele>89.5</ele>
    <time>2020-08-08T09:01:05Z</time>
   </trkpt>
   <trkpt lat="51.6352200" lon="-0.1697890">
    <ele>89.1</ele>
    <time>2020-08-08T09:01:06Z</time>
   </trkpt>
   <trkpt lat="51.6352840" lon="-0.1697300">
    <ele>88.6</ele>
    <time>2020-08-08T09:01:07Z</time>
   </trkpt>
   <trkpt lat="51.6354080" lon="-0.1696020">
    <ele>87.7</ele>
    <time>2020-08-08T09:01:09Z</time>
   </trkpt>
   <trkpt lat="51.6354700" lon="-0.1695410">
    <ele>87.2</ele>
    <time>2020-08-08T09:01:10Z</time>
   </trkpt>
   <trkpt lat="51.6355360" lon="-0.1694740">
    <ele>86.7</ele>
    <time>2020-08-08T09:01:11Z</time>
   </trkpt>
   <trkpt lat="51.6356030" lon="-0.1694080">
    <ele>86.2</ele>
    <time>2020-08-08T09:01:12Z</time>
   </trkpt>
   <trkpt lat="51.6357390" lon="-0.1692480">
    <ele>85.1</ele>
    <time>2020-08-08T09:01:14Z</time>
   </trkpt>
   <trkpt lat="51.6358110" lon="-0.1691720">
    <ele>84.5</ele>
    <time>2020-08-08T09:01:15Z</time>
   </trkpt>
   <trkpt lat="51.6359490" lon="-0.1690270">
    <ele>83.5</ele>
    <time>2020-08-08T09:01:17Z</time>
   </trkpt>
   <trkpt lat="51.6361070" lon="-0.1688660">
    <ele>82.4</ele>
    <time>2020-08-08T09:01:19Z</time>
   </trkpt>
   <trkpt lat="51.6361920" lon="-0.1687850">
    <ele>81.7</ele>
    <time>2020-08-08T09:01:20Z</time>
   </trkpt>
   <trkpt lat="51.6363470" lon="-0.1686030">
    <ele>80.9</ele>
    <time>2020-08-08T09:01:22Z</time>
   </trkpt>
   <trkpt lat="51.6364270" lon="-0.1685140">
    <ele>80.7</ele>
    <time>2020-08-08T09:01:23Z</time>
   </trkpt>
   <trkpt lat="51.6365870" lon="-0.1683500">
    <ele>79.6</ele>
    <time>2020-08-08T09:01:25Z</time>
   </trkpt>
   <trkpt lat="51.6366710" lon="-0.1682650">
    <ele>78.9</ele>
    <time>2020-08-08T09:01:26Z</time>
   </trkpt>
   <trkpt lat="51.6368320" lon="-0.1681100">
    <ele>77.8</ele>
    <time>2020-08-08T09:01:28Z</time>
   </trkpt>
   <trkpt lat="51.6369920" lon="-0.1679810">
    <ele>76.8</ele>
    <time>2020-08-08T09:01:30Z</time>
   </trkpt>
   <trkpt lat="51.6370640" lon="-0.1678970">
    <ele>76.2</ele>
    <time>2020-08-08T09:01:31Z</time>
   </trkpt>
   <trkpt lat="51.6371260" lon="-0.1677910">
    <ele>75.6</ele>
    <time>2020-08-08T09:01:32Z</time>
   </trkpt>
   <trkpt lat="51.6372140" lon="-0.1675210">
    <ele>74.3</ele>
    <time>2020-08-08T09:01:34Z</time>
   </trkpt>
   <trkpt lat="51.6372520" lon="-0.1673840">
    <ele>73.7</ele>
    <time>2020-08-08T09:01:35Z</time>
   </trkpt>
   <trkpt lat="51.6372880" lon="-0.1672500">
    <ele>73.1</ele>
    <time>2020-08-08T09:01:36Z</time>
   </trkpt>
   <trkpt lat="51.6373650" lon="-0.1669770">
    <ele>71.7</ele>
    <time>2020-08-08T09:01:38Z</time>
   </trkpt>
   <trkpt lat="51.6374220" lon="-0.1667430">
    <ele>71.3</ele>
    <time>2020-08-08T09:01:40Z</time>
   </trkpt>
   <trkpt lat="51.6374440" lon="-0.1665940">
    <ele>71.0</ele>
    <time>2020-08-08T09:01:42Z</time>
   </trkpt>
   <trkpt lat="51.6374640" lon="-0.1665520">
    <ele>71.0</ele>
    <time>2020-08-08T09:01:43Z</time>
   </trkpt>
   <trkpt lat="51.6374980" lon="-0.1665250">
    <ele>70.9</ele>
    <time>2020-08-08T09:01:45Z</time>
   </trkpt>
   <trkpt lat="51.6375370" lon="-0.1665490">
    <ele>70.8</ele>
    <time>2020-08-08T09:01:47Z</time>
   </trkpt>
   <trkpt lat="51.6375470" lon="-0.1665520">
    <ele>70.8</ele>
    <time>2020-08-08T09:01:48Z</time>
   </trkpt>
   <trkpt lat="51.6375560" lon="-0.1665560">
    <ele>70.8</ele>
    <time>2020-08-08T09:01:49Z</time>
   </trkpt>
   <trkpt lat="51.6375660" lon="-0.1665600">
    <ele>70.8</ele>
    <time>2020-08-08T09:01:50Z</time>
   </trkpt>
   <trkpt lat="51.6375700" lon="-0.1665250">
    <ele>70.8</ele>
    <time>2020-08-08T09:01:52Z</time>
   </trkpt>
   <trkpt lat="51.6375530" lon="-0.1665010">
    <ele>70.8</ele>
    <time>2020-08-08T09:01:54Z</time>
   </trkpt>
   <trkpt lat="51.6375340" lon="-0.1665020">
    <ele>70.8</ele>
    <time>2020-08-08T09:01:55Z</time>
   </trkpt>
   <trkpt lat="51.6375170" lon="-0.1665060">
    <ele>70.8</ele>
    <time>2020-08-08T09:01:57Z</time>
   </trkpt>
   <trkpt lat="51.6375040" lon="-0.1665040">
    <ele>70.8</ele>
    <time>2020-08-08T09:01:58Z</time>
   </trkpt>
   <trkpt lat="51.6374880" lon="-0.1664920">
    <ele>70.8</ele>
    <time>2020-08-08T09:01:59Z</time>
   </trkpt>
   <trkpt lat="51.6374680" lon="-0.1664770">
    <ele>70.8</ele>
    <time>2020-08-08T09:02:01Z</time>
   </trkpt>
   <trkpt lat="51.6374710" lon="-0.1664560">
    <ele>70.8</ele>
    <time>2020-08-08T09:02:02Z</time>
   </trkpt>
   <trkpt lat="51.6374850" lon="-0.1664100">
    <ele>70.6</ele>
    <time>2020-08-08T09:02:04Z</time>
   </trkpt>
   <trkpt lat="51.6375000" lon="-0.1663460">
    <ele>70.5</ele>
    <time>2020-08-08T09:02:06Z</time>
   </trkpt>
   <trkpt lat="51.6375040" lon="-0.1663150">
    <ele>70.5</ele>
    <time>2020-08-08T09:02:07Z</time>
   </trkpt>
   <trkpt lat="51.6375040" lon="-0.1663040">
    <ele>70.4</ele>
    <time>2020-08-08T09:02:08Z</time>
   </trkpt>
   <trkpt lat="51.6375120" lon="-0.1662590">
    <ele>70.4</ele>
    <time>2020-08-08T09:02:10Z</time>
   </trkpt>
   <trkpt lat="51.6375230" lon="-0.1662270">
    <ele>70.4</ele>
    <time>2020-08-08T09:02:11Z</time>
   </trkpt>
   <trkpt lat="51.6375320" lon="-0.1661990">
    <ele>70.3</ele>
    <time>2020-08-08T09:02:13Z</time>
   </trkpt>
   <trkpt lat="51.6375450" lon="-0.1661730">
    <ele>70.3</ele>
    <time>2020-08-08T09:02:14Z</time>
   </trkpt>
   <trkpt lat="51.6375490" lon="-0.1661500">
    <ele>70.3</ele>
    <time>2020-08-08T09:02:15Z</time>
   </trkpt>
   <trkpt lat="51.6375700" lon="-0.1661050">
    <ele>70.3</ele>
    <time>2020-08-08T09:02:16Z</time>
   </trkpt>
   <trkpt lat="51.6375770" lon="-0.1660880">
    <ele>70.3</ele>
    <time>2020-08-08T09:02:17Z</time>
   </trkpt>
   <trkpt lat="51.6375930" lon="-0.1660280">
    <ele>70.2</ele>
    <time>2020-08-08T09:02:19Z</time>
   </trkpt>
   <trkpt lat="51.6376080" lon="-0.1659910">
    <ele>70.2</ele>
    <time>2020-08-08T09:02:20Z</time>
   </trkpt>
   <trkpt lat="51.6376240" lon="-0.1659460">
    <ele>70.2</ele>
    <time>2020-08-08T09:02:21Z</time>
   </trkpt>
   <trkpt lat="51.6376340" lon="-0.1659020">
    <ele>70.1</ele>
    <time>2020-08-08T09:02:22Z</time>
   </trkpt>
   <trkpt lat="51.6376510" lon="-0.1658420">
    <ele>70.1</ele>
    <time>2020-08-08T09:02:23Z</time>
   </trkpt>
   <trkpt lat="51.6376720" lon="-0.1657900">
    <ele>70.0</ele>
    <time>2020-08-08T09:02:24Z</time>
   </trkpt>
   <trkpt lat="51.6376860" lon="-0.1657300">
    <ele>70.0</ele>
    <time>2020-08-08T09:02:26Z</time>
   </trkpt>
   <trkpt lat="51.6377060" lon="-0.1656560">
    <ele>69.9</ele>
    <time>2020-08-08T09:02:27Z</time>
   </trkpt>
   <trkpt lat="51.6377240" lon="-0.1655970">
    <ele>69.7</ele>
    <time>2020-08-08T09:02:29Z</time>
   </trkpt>
   <trkpt lat="51.6377420" lon="-0.1655420">
    <ele>69.6</ele>
    <time>2020-08-08T09:02:30Z</time>
   </trkpt>
   <trkpt lat="51.6377510" lon="-0.1654830">
    <ele>69.4</ele>
    <time>2020-08-08T09:02:31Z</time>
   </trkpt>
   <trkpt lat="51.6377570" lon="-0.1649310">
    <ele>67.2</ele>
    <time>2020-08-08T09:02:32Z</time>
   </trkpt>
   <trkpt lat="51.6377490" lon="-0.1647600">
    <ele>66.7</ele>
    <time>2020-08-08T09:02:34Z</time>
   </trkpt>
   <trkpt lat="51.6377150" lon="-0.1644990">
    <ele>66.2</ele>
    <time>2020-08-08T09:02:36Z</time>
   </trkpt>
   <trkpt lat="51.6376880" lon="-0.1643960">
    <ele>66.0</ele>
    <time>2020-08-08T09:02:37Z</time>
   </trkpt>
   <trkpt lat="51.6376210" lon="-0.1642090">
    <ele>65.8</ele>
    <time>2020-08-08T09:02:39Z</time>
   </trkpt>
   <trkpt lat="51.6375520" lon="-0.1640490">
    <ele>65.6</ele>
    <time>2020-08-08T09:02:41Z</time>
   </trkpt>
   <trkpt lat="51.6374810" lon="-0.1639060">
    <ele>65.6</ele>
    <time>2020-08-08T09:02:43Z</time>
   </trkpt>
   <trkpt lat="51.6374690" lon="-0.1637480">
    <ele>64.5</ele>
    <time>2020-08-08T09:02:45Z</time>
   </trkpt>
   <trkpt lat="51.6375010" lon="-0.1636710">
    <ele>64.2</ele>
    <time>2020-08-08T09:02:46Z</time>
   </trkpt>
   <trkpt lat="51.6376220" lon="-0.1635890">
    <ele>63.4</ele>
    <time>2020-08-08T09:02:48Z</time>
   </trkpt>
   <trkpt lat="51.6376910" lon="-0.1635760">
    <ele>63.0</ele>
    <time>2020-08-08T09:02:49Z</time>
   </trkpt>
   <trkpt lat="51.6377620" lon="-0.1635640">
    <ele>62.6</ele>
    <time>2020-08-08T09:02:50Z</time>
   </trkpt>
   <trkpt lat="51.6379030" lon="-0.1635230">
    <ele>61.4</ele>
    <time>2020-08-08T09:02:52Z</time>
   </trkpt>
   <trkpt lat="51.6379770" lon="-0.1635120">
    <ele>60.8</ele>
    <time>2020-08-08T09:02:53Z</time>
   </trkpt>
   <trkpt lat="51.6381330" lon="-0.1634890">
    <ele>59.2</ele>
    <time>2020-08-08T09:02:55Z</time>
   </trkpt>
   <trkpt lat="51.6382100" lon="-0.1634610">
    <ele>58.5</ele>
    <time>2020-08-08T09:02:56Z</time>
   </trkpt>
   <trkpt lat="51.6383660" lon="-0.1633600">
    <ele>56.8</ele>
    <time>2020-08-08T09:02:58Z</time>
   </trkpt>
   <trkpt lat="51.6384470" lon="-0.1632910">
    <ele>55.9</ele>
    <time>2020-08-08T09:02:59Z</time>
   </trkpt>
   <trkpt lat="51.6385920" lon="-0.1631130">
    <ele>54.0</ele>
    <time>2020-08-08T09:03:01Z</time>
   </trkpt>
   <trkpt lat="51.6387150" lon="-0.1629000">
    <ele>52.2</ele>
    <time>2020-08-08T09:03:03Z</time>
   </trkpt>
   <trkpt lat="51.6387730" lon="-0.1627850">
    <ele>51.4</ele>
    <time>2020-08-08T09:03:04Z</time>
   </trkpt>
   <trkpt lat="51.6388260" lon="-0.1626740">
    <ele>50.8</ele>
    <time>2020-08-08T09:03:05Z</time>
   </trkpt>
   <trkpt lat="51.6389370" lon="-0.1624900">
    <ele>49.8</ele>
    <time>2020-08-08T09:03:07Z</time>
   </trkpt>
   <trkpt lat="51.6390390" lon="-0.1623380">
    <ele>49.0</ele>
    <time>2020-08-08T09:03:09Z</time>
   </trkpt>
   <trkpt lat="51.6390780" lon="-0.1622600">
    <ele>48.7</ele>
    <time>2020-08-08T09:03:10Z</time>
   </trkpt>
   <trkpt lat="51.6390980" lon="-0.1621730">
    <ele>48.5</ele>
    <time>2020-08-08T09:03:11Z</time>
   </trkpt>
   <trkpt lat="51.6390770" lon="-0.1619790">
    <ele>48.0</ele>
    <time>2020-08-08T09:03:13Z</time>
   </trkpt>
   <trkpt lat="51.6390580" lon="-0.1618830">
    <ele>47.7</ele>
    <time>2020-08-08T09:03:14Z</time>
   </trkpt>
   <trkpt lat="51.6390300" lon="-0.1617820">
    <ele>47.5</ele>
    <time>2020-08-08T09:03:15Z</time>
   </trkpt>
   <trkpt lat="51.6389350" lon="-0.1616320">
    <ele>47.1</ele>
    <time>2020-08-08T09:03:17Z</time>
   </trkpt>
   <trkpt lat="51.6388780" lon="-0.1615680">
    <ele>46.9</ele>
    <time>2020-08-08T09:03:18Z</time>
   </trkpt>
   <trkpt lat="51.6387680" lon="-0.1614400">
    <ele>46.6</ele>
    <time>2020-08-08T09:03:20Z</time>
   </trkpt>
   <trkpt lat="51.6387170" lon="-0.1613770">
    <ele>46.5</ele>
    <time>2020-08-08T09:03:21Z</time>
   </trkpt>
   <trkpt lat="51.6386810" lon="-0.1613010">
    <ele>46.4</ele>
    <time>2020-08-08T09:03:22Z</time>
   </trkpt>
   <trkpt lat="51.6386850" lon="-0.1611020">
    <ele>45.5</ele>
    <time>2020-08-08T09:03:24Z</time>
   </trkpt>
   <trkpt lat="51.6387620" lon="-0.1609180">
    <ele>44.8</ele>
    <time>2020-08-08T09:03:26Z</time>
   </trkpt>
   <trkpt lat="51.6388160" lon="-0.1608270">
    <ele>44.4</ele>
    <time>2020-08-08T09:03:27Z</time>
   </trkpt>
   <trkpt lat="51.6388620" lon="-0.1607320">
    <ele>43.6</ele>
    <time>2020-08-08T09:03:28Z</time>
   </trkpt>
   <trkpt lat="51.6389010" lon="-0.1606480">
    <ele>42.9</ele>
    <time>2020-08-08T09:03:29Z</time>
   </trkpt>
   <trkpt lat="51.6389740" lon="-0.1605150">
    <ele>41.8</ele>
    <time>2020-08-08T09:03:31Z</time>
   </trkpt>
   <trkpt lat="51.6390210" lon="-0.1604630">
    <ele>41.5</ele>
    <time>2020-08-08T09:03:33Z</time>
   </trkpt>
   <trkpt lat="51.6390580" lon="-0.1604440">
    <ele>41.5</ele>
    <time>2020-08-08T09:03:35Z</time>
   </trkpt>
   <trkpt lat="51.6391030" lon="-0.1604700">
    <ele>41.5</ele>
    <time>2020-08-08T09:03:36Z</time>
   </trkpt>
   <trkpt lat="51.6391610" lon="-0.1605250">
    <ele>41.6</ele>
    <time>2020-08-08T09:03:38Z</time>
   </trkpt>
   <trkpt lat="51.6392360" lon="-0.1605990">
    <ele>41.7</ele>
    <time>2020-08-08T09:03:40Z</time>
   </trkpt>
   <trkpt lat="51.6392800" lon="-0.1606490">
    <ele>41.8</ele>
    <time>2020-08-08T09:03:41Z</time>
   </trkpt>
   <trkpt lat="51.6393240" lon="-0.1607060">
    <ele>41.9</ele>
    <time>2020-08-08T09:03:42Z</time>
   </trkpt>
   <trkpt lat="51.6393750" lon="-0.1607700">
    <ele>42.0</ele>
    <time>2020-08-08T09:03:43Z</time>
   </trkpt>
   <trkpt lat="51.6394280" lon="-0.1608410">
    <ele>42.1</ele>
    <time>2020-08-08T09:03:44Z</time>
   </trkpt>
   <trkpt lat="51.6395240" lon="-0.1609730">
    <ele>42.4</ele>
    <time>2020-08-08T09:03:46Z</time>
   </trkpt>
   <trkpt lat="51.6395740" lon="-0.1610310">
    <ele>42.5</ele>
    <time>2020-08-08T09:03:47Z</time>
   </trkpt>
   <trkpt lat="51.6396650" lon="-0.1611350">
    <ele>42.8</ele>
    <time>2020-08-08T09:03:49Z</time>
   </trkpt>
   <trkpt lat="51.6397530" lon="-0.1612410">
    <ele>43.2</ele>
    <time>2020-08-08T09:03:51Z</time>
   </trkpt>
   <trkpt lat="51.6398450" lon="-0.1613530">
    <ele>43.4</ele>
    <time>2020-08-08T09:03:53Z</time>
   </trkpt>
   <trkpt lat="51.6399290" lon="-0.1614450">
    <ele>43.6</ele>
    <time>2020-08-08T09:03:55Z</time>
   </trkpt>
   <trkpt lat="51.6399700" lon="-0.1614820">
    <ele>43.7</ele>
    <time>2020-08-08T09:03:56Z</time>
   </trkpt>
   <trkpt lat="51.6400150" lon="-0.1615110">
    <ele>43.9</ele>
    <time>2020-08-08T09:03:57Z</time>
   </trkpt>
   <trkpt lat="51.6401040" lon="-0.1615850">
    <ele>44.2</ele>
    <time>2020-08-08T09:03:59Z</time>
   </trkpt>
   <trkpt lat="51.6401940" lon="-0.1616940">
    <ele>44.5</ele>
    <time>2020-08-08T09:04:01Z</time>
   </trkpt>
   <trkpt lat="51.6402440" lon="-0.1617510">
    <ele>44.7</ele>
    <time>2020-08-08T09:04:02Z</time>
   </trkpt>
   <trkpt lat="51.6402940" lon="-0.1617990">
    <ele>44.8</ele>
    <time>2020-08-08T09:04:03Z</time>
   </trkpt>
   <trkpt lat="51.6403450" lon="-0.1618410">
    <ele>45.0</ele>
    <time>2020-08-08T09:04:04Z</time>
   </trkpt>
   <trkpt lat="51.6404510" lon="-0.1619220">
    <ele>45.4</ele>
    <time>2020-08-08T09:04:06Z</time>
   </trkpt>
   <trkpt lat="51.6404950" lon="-0.1619560">
    <ele>45.5</ele>
    <time>2020-08-08T09:04:07Z</time>
   </trkpt>
   <trkpt lat="51.6405280" lon="-0.1619740">
    <ele>45.6</ele>
    <time>2020-08-08T09:04:08Z</time>
   </trkpt>
   <trkpt lat="51.6405530" lon="-0.1619910">
    <ele>45.6</ele>
    <time>2020-08-08T09:04:09Z</time>
   </trkpt>
   <trkpt lat="51.6405730" lon="-0.1620160">
    <ele>45.6</ele>
    <time>2020-08-08T09:04:11Z</time>
   </trkpt>
   <trkpt lat="51.6405740" lon="-0.1620090">
    <ele>45.6</ele>
    <time>2020-08-08T09:04:12Z</time>
   </trkpt>
   <trkpt lat="51.6405940" lon="-0.1619930">
    <ele>45.6</ele>
    <time>2020-08-08T09:04:14Z</time>
   </trkpt>
   <trkpt lat="51.6406470" lon="-0.1618970">
    <ele>45.7</ele>
    <time>2020-08-08T09:04:16Z</time>
   </trkpt>
   <trkpt lat="51.6406760" lon="-0.1618050">
    <ele>45.7</ele>
    <time>2020-08-08T09:04:17Z</time>
   </trkpt>
   <trkpt lat="51.6407480" lon="-0.1615930">
    <ele>45.8</ele>
    <time>2020-08-08T09:04:19Z</time>
   </trkpt>
   <trkpt lat="51.6408320" lon="-0.1613680">
    <ele>45.9</ele>
    <time>2020-08-08T09:04:21Z</time>
   </trkpt>
   <trkpt lat="51.6409200" lon="-0.1611480">
    <ele>45.9</ele>
    <time>2020-08-08T09:04:23Z</time>
   </trkpt>
   <trkpt lat="51.6410120" lon="-0.1609620">
    <ele>46.0</ele>
    <time>2020-08-08T09:04:25Z</time>
   </trkpt>
   <trkpt lat="51.6410950" lon="-0.1607690">
    <ele>46.3</ele>
    <time>2020-08-08T09:04:27Z</time>
   </trkpt>
   <trkpt lat="51.6411720" lon="-0.1605820">
    <ele>46.5</ele>
    <time>2020-08-08T09:04:29Z</time>
   </trkpt>
   <trkpt lat="51.6412140" lon="-0.1604990">
    <ele>46.7</ele>
    <time>2020-08-08T09:04:30Z</time>
   </trkpt>
   <trkpt lat="51.6412570" lon="-0.1604240">
    <ele>46.9</ele>
    <time>2020-08-08T09:04:31Z</time>
   </trkpt>
   <trkpt lat="51.6412970" lon="-0.1603660">
    <ele>47.1</ele>
    <time>2020-08-08T09:04:32Z</time>
   </trkpt>
   <trkpt lat="51.6413810" lon="-0.1602250">
    <ele>47.7</ele>
    <time>2020-08-08T09:04:34Z</time>
   </trkpt>
   <trkpt lat="51.6414550" lon="-0.1600360">
    <ele>48.8</ele>
    <time>2020-08-08T09:04:36Z</time>
   </trkpt>
   <trkpt lat="51.6415300" lon="-0.1598850">
    <ele>50.2</ele>
    <time>2020-08-08T09:04:38Z</time>
   </trkpt>
   <trkpt lat="51.6415630" lon="-0.1598230">
    <ele>50.9</ele>
    <time>2020-08-08T09:04:39Z</time>
   </trkpt>
   <trkpt lat="51.6415830" lon="-0.1597780">
    <ele>51.5</ele>
    <time>2020-08-08T09:04:40Z</time>
   </trkpt>
   <trkpt lat="51.6416080" lon="-0.1597190">
    <ele>52.1</ele>
    <time>2020-08-08T09:04:41Z</time>
   </trkpt>
   <trkpt lat="51.6416560" lon="-0.1596230">
    <ele>52.9</ele>
    <time>2020-08-08T09:04:43Z</time>
   </trkpt>
   <trkpt lat="51.6416830" lon="-0.1595790">
    <ele>53.3</ele>
    <time>2020-08-08T09:04:44Z</time>
   </trkpt>
   <trkpt lat="51.6417160" lon="-0.1594990">
    <ele>53.9</ele>
    <time>2020-08-08T09:04:46Z</time>
   </trkpt>
   <trkpt lat="51.6416920" lon="-0.1595060">
    <ele>54.1</ele>
    <time>2020-08-08T09:04:47Z</time>
   </trkpt>
   <trkpt lat="51.6416800" lon="-0.1595120">
    <ele>54.3</ele>
    <time>2020-08-08T09:04:48Z</time>
   </trkpt>
   <trkpt lat="51.6416780" lon="-0.1594960">
    <ele>54.4</ele>
    <time>2020-08-08T09:04:50Z</time>
   </trkpt>
   <trkpt lat="51.6416940" lon="-0.1594810">
    <ele>54.6</ele>
    <time>2020-08-08T09:04:51Z</time>
   </trkpt>
   <trkpt lat="51.6417090" lon="-0.1594670">
    <ele>54.7</ele>
    <time>2020-08-08T09:04:52Z</time>
   </trkpt>
   <trkpt lat="51.6417500" lon="-0.1594530">
    <ele>55.2</ele>
    <time>2020-08-08T09:04:53Z</time>
   </trkpt>
   <trkpt lat="51.6417830" lon="-0.1594540">
    <ele>58.0</ele>
    <time>2020-08-08T09:04:54Z</time>
   </trkpt>
   <trkpt lat="51.6418130" lon="-0.1594740">
    <ele>58.1</ele>
    <time>2020-08-08T09:04:55Z</time>
   </trkpt>
   <trkpt lat="51.6418870" lon="-0.1595100">
    <ele>58.3</ele>
    <time>2020-08-08T09:04:57Z</time>
   </trkpt>
   <trkpt lat="51.6419520" lon="-0.1595530">
    <ele>58.4</ele>
    <time>2020-08-08T09:04:58Z</time>
   </trkpt>
   <trkpt lat="51.6420720" lon="-0.1596310">
    <ele>58.6</ele>
    <time>2020-08-08T09:05:00Z</time>
   </trkpt>
   <trkpt lat="51.6421240" lon="-0.1596750">
    <ele>58.6</ele>
    <time>2020-08-08T09:05:01Z</time>
   </trkpt>
   <trkpt lat="51.6421740" lon="-0.1597260">
    <ele>58.6</ele>
    <time>2020-08-08T09:05:02Z</time>
   </trkpt>
   <trkpt lat="51.6422580" lon="-0.1598260">
    <ele>58.8</ele>
    <time>2020-08-08T09:05:04Z</time>
   </trkpt>
   <trkpt lat="51.6423340" lon="-0.1599260">
    <ele>59.0</ele>
    <time>2020-08-08T09:05:06Z</time>
   </trkpt>
   <trkpt lat="51.6424130" lon="-0.1600120">
    <ele>59.5</ele>
    <time>2020-08-08T09:05:08Z</time>
   </trkpt>
   <trkpt lat="51.6424470" lon="-0.1600460">
    <ele>59.6</ele>
    <time>2020-08-08T09:05:09Z</time>
   </trkpt>
   <trkpt lat="51.6424510" lon="-0.1599790">
    <ele>59.8</ele>
    <time>2020-08-08T09:05:10Z</time>
   </trkpt>
   <trkpt lat="51.6424690" lon="-0.1599380">
    <ele>59.9</ele>
    <time>2020-08-08T09:05:11Z</time>
   </trkpt>
   <trkpt lat="51.6424890" lon="-0.1599100">
    <ele>60.0</ele>
    <time>2020-08-08T09:05:13Z</time>
   </trkpt>
   <trkpt lat="51.6424880" lon="-0.1599160">
    <ele>60.0</ele>
    <time>2020-08-08T09:05:14Z</time>
   </trkpt>
   <trkpt lat="51.6424800" lon="-0.1599180">
    <ele>60.1</ele>
    <time>2020-08-08T09:05:16Z</time>
   </trkpt>
   <trkpt lat="51.6424700" lon="-0.1599350">
    <ele>60.1</ele>
    <time>2020-08-08T09:05:17Z</time>
   </trkpt>
   <trkpt lat="51.6424620" lon="-0.1599350">
    <ele>60.2</ele>
    <time>2020-08-08T09:05:19Z</time>
   </trkpt>
   <trkpt lat="51.6424580" lon="-0.1599130">
    <ele>60.2</ele>
    <time>2020-08-08T09:05:20Z</time>
   </trkpt>
   <trkpt lat="51.6424610" lon="-0.1599010">
    <ele>60.2</ele>
    <time>2020-08-08T09:05:21Z</time>
   </trkpt>
   <trkpt lat="51.6424650" lon="-0.1598820">
    <ele>60.3</ele>
    <time>2020-08-08T09:05:22Z</time>
   </trkpt>
   <trkpt lat="51.6424690" lon="-0.1598600">
    <ele>60.4</ele>
    <time>2020-08-08T09:05:23Z</time>
   </trkpt>
   <trkpt lat="51.6424960" lon="-0.1598050">
    <ele>60.6</ele>
    <time>2020-08-08T09:05:25Z</time>
   </trkpt>
   <trkpt lat="51.6425190" lon="-0.1597610">
    <ele>60.7</ele>
    <time>2020-08-08T09:05:26Z</time>
   </trkpt>
   <trkpt lat="51.6425250" lon="-0.1597410">
    <ele>60.8</ele>
    <time>2020-08-08T09:05:27Z</time>
   </trkpt>
   <trkpt lat="51.6425360" lon="-0.1597060">
    <ele>60.9</ele>
    <time>2020-08-08T09:05:28Z</time>
   </trkpt>
   <trkpt lat="51.6425510" lon="-0.1596350">
    <ele>61.1</ele>
    <time>2020-08-08T09:05:30Z</time>
   </trkpt>
   <trkpt lat="51.6425700" lon="-0.1595640">
    <ele>61.4</ele>
    <time>2020-08-08T09:05:32Z</time>
   </trkpt>
   <trkpt lat="51.6425840" lon="-0.1595140">
    <ele>61.6</ele>
    <time>2020-08-08T09:05:33Z</time>
   </trkpt>
   <trkpt lat="51.6425930" lon="-0.1594620">
    <ele>61.9</ele>
    <time>2020-08-08T09:05:34Z</time>
   </trkpt>
   <trkpt lat="51.6426060" lon="-0.1593910">
    <ele>62.3</ele>
    <time>2020-08-08T09:05:36Z</time>
   </trkpt>
   <trkpt lat="51.6426180" lon="-0.1593340">
    <ele>62.6</ele>
    <time>2020-08-08T09:05:37Z</time>
   </trkpt>
   <trkpt lat="51.6426280" lon="-0.1592630">
    <ele>62.9</ele>
    <time>2020-08-08T09:05:39Z</time>
   </trkpt>
   <trkpt lat="51.6426320" lon="-0.1591860">
    <ele>63.2</ele>
    <time>2020-08-08T09:05:40Z</time>
   </trkpt>
   <trkpt lat="51.6426330" lon="-0.1591460">
    <ele>63.4</ele>
    <time>2020-08-08T09:05:41Z</time>
   </trkpt>
   <trkpt lat="51.6426400" lon="-0.1590760">
    <ele>63.7</ele>
    <time>2020-08-08T09:05:43Z</time>
   </trkpt>
   <trkpt lat="51.6427160" lon="-0.1589020">
    <ele>64.5</ele>
    <time>2020-08-08T09:05:44Z</time>
   </trkpt>
   <trkpt lat="51.6427870" lon="-0.1587490">
    <ele>65.3</ele>
    <time>2020-08-08T09:05:45Z</time>
   </trkpt>
   <trkpt lat="51.6428490" lon="-0.1585770">
    <ele>66.2</ele>
    <time>2020-08-08T09:05:47Z</time>
   </trkpt>
   <trkpt lat="51.6428850" lon="-0.1584480">
    <ele>66.9</ele>
    <time>2020-08-08T09:05:48Z</time>
   </trkpt>
   <trkpt lat="51.6429030" lon="-0.1583440">
    <ele>67.3</ele>
    <time>2020-08-08T09:05:50Z</time>
   </trkpt>
   <trkpt lat="51.6429150" lon="-0.1582730">
    <ele>67.6</ele>
    <time>2020-08-08T09:05:51Z</time>
   </trkpt>
   <trkpt lat="51.6429220" lon="-0.1582090">
    <ele>67.9</ele>
    <time>2020-08-08T09:05:53Z</time>
   </trkpt>
   <trkpt lat="51.6429250" lon="-0.1581450">
    <ele>68.1</ele>
    <time>2020-08-08T09:05:55Z</time>
   </trkpt>
   <trkpt lat="51.6429300" lon="-0.1580910">
    <ele>68.3</ele>
    <time>2020-08-08T09:05:56Z</time>
   </trkpt>
   <trkpt lat="51.6429400" lon="-0.1580260">
    <ele>68.6</ele>
    <time>2020-08-08T09:05:58Z</time>
   </trkpt>
   <trkpt lat="51.6429510" lon="-0.1579770">
    <ele>68.9</ele>
    <time>2020-08-08T09:05:59Z</time>
   </trkpt>
   <trkpt lat="51.6429650" lon="-0.1579350">
    <ele>69.1</ele>
    <time>2020-08-08T09:06:00Z</time>
   </trkpt>
   <trkpt lat="51.6429840" lon="-0.1578650">
    <ele>69.4</ele>
    <time>2020-08-08T09:06:01Z</time>
   </trkpt>
   <trkpt lat="51.6429920" lon="-0.1578340">
    <ele>69.5</ele>
    <time>2020-08-08T09:06:02Z</time>
   </trkpt>
   <trkpt lat="51.6430090" lon="-0.1577770">
    <ele>69.7</ele>
    <time>2020-08-08T09:06:04Z</time>
   </trkpt>
   <trkpt lat="51.6430230" lon="-0.1577380">
    <ele>69.8</ele>
    <time>2020-08-08T09:06:05Z</time>
   </trkpt>
   <trkpt lat="51.6430340" lon="-0.1576960">
    <ele>70.0</ele>
    <time>2020-08-08T09:06:06Z</time>
   </trkpt>
   <trkpt lat="51.6430480" lon="-0.1576290">
    <ele>70.2</ele>
    <time>2020-08-08T09:06:07Z</time>
   </trkpt>
   <trkpt lat="51.6430630" lon="-0.1575510">
    <ele>70.6</ele>
    <time>2020-08-08T09:06:09Z</time>
   </trkpt>
   <trkpt lat="51.6430740" lon="-0.1575000">
    <ele>70.8</ele>
    <time>2020-08-08T09:06:10Z</time>
   </trkpt>
   <trkpt lat="51.6430830" lon="-0.1574550">
    <ele>71.0</ele>
    <time>2020-08-08T09:06:11Z</time>
   </trkpt>
   <trkpt lat="51.6430940" lon="-0.1573730">
    <ele>71.4</ele>
    <time>2020-08-08T09:06:12Z</time>
   </trkpt>
   <trkpt lat="51.6431000" lon="-0.1573180">
    <ele>71.6</ele>
    <time>2020-08-08T09:06:14Z</time>
   </trkpt>
   <trkpt lat="51.6431050" lon="-0.1572670">
    <ele>71.8</ele>
    <time>2020-08-08T09:06:15Z</time>
   </trkpt>
   <trkpt lat="51.6431140" lon="-0.1572030">
    <ele>72.1</ele>
    <time>2020-08-08T09:06:16Z</time>
   </trkpt>
   <trkpt lat="51.6431390" lon="-0.1571200">
    <ele>72.5</ele>
    <time>2020-08-08T09:06:18Z</time>
   </trkpt>
   <trkpt lat="51.6431600" lon="-0.1570910">
    <ele>72.7</ele>
    <time>2020-08-08T09:06:19Z</time>
   </trkpt>
   <trkpt lat="51.6432110" lon="-0.1570560">
    <ele>73.1</ele>
    <time>2020-08-08T09:06:21Z</time>
   </trkpt>
   <trkpt lat="51.6432410" lon="-0.1570220">
    <ele>73.3</ele>
    <time>2020-08-08T09:06:22Z</time>
   </trkpt>
   <trkpt lat="51.6432530" lon="-0.1570070">
    <ele>73.4</ele>
    <time>2020-08-08T09:06:23Z</time>
   </trkpt>
   <trkpt lat="51.6432880" lon="-0.1569760">
    <ele>73.7</ele>
    <time>2020-08-08T09:06:25Z</time>
   </trkpt>
   <trkpt lat="51.6433140" lon="-0.1569580">
    <ele>73.9</ele>
    <time>2020-08-08T09:06:26Z</time>
   </trkpt>
   <trkpt lat="51.6433560" lon="-0.1569290">
    <ele>74.2</ele>
    <time>2020-08-08T09:06:28Z</time>
   </trkpt>
   <trkpt lat="51.6433840" lon="-0.1569050">
    <ele>74.4</ele>
    <time>2020-08-08T09:06:29Z</time>
   </trkpt>
   <trkpt lat="51.6434350" lon="-0.1568840">
    <ele>75.8</ele>
    <time>2020-08-08T09:06:31Z</time>
   </trkpt>
   <trkpt lat="51.6436980" lon="-0.1567040">
    <ele>75.7</ele>
    <time>2020-08-08T09:06:33Z</time>
   </trkpt>
   <trkpt lat="51.6437750" lon="-0.1566660">
    <ele>75.6</ele>
    <time>2020-08-08T09:06:34Z</time>
   </trkpt>
   <trkpt lat="51.6438120" lon="-0.1566980">
    <ele>75.6</ele>
    <time>2020-08-08T09:06:36Z</time>
   </trkpt>
   <trkpt lat="51.6438380" lon="-0.1567120">
    <ele>75.6</ele>
    <time>2020-08-08T09:06:37Z</time>
   </trkpt>
   <trkpt lat="51.6438710" lon="-0.1567040">
    <ele>75.6</ele>
    <time>2020-08-08T09:06:38Z</time>
   </trkpt>
   <trkpt lat="51.6439100" lon="-0.1565360">
    <ele>75.6</ele>
    <time>2020-08-08T09:06:39Z</time>
   </trkpt>
   <trkpt lat="51.6439050" lon="-0.1564710">
    <ele>76.2</ele>
    <time>2020-08-08T09:06:40Z</time>
   </trkpt>
   <trkpt lat="51.6439150" lon="-0.1563320">
    <ele>76.8</ele>
    <time>2020-08-08T09:06:41Z</time>
   </trkpt>
   <trkpt lat="51.6439280" lon="-0.1562930">
    <ele>77.0</ele>
    <time>2020-08-08T09:06:42Z</time>
   </trkpt>
   <trkpt lat="51.6439630" lon="-0.1562580">
    <ele>77.3</ele>
    <time>2020-08-08T09:06:44Z</time>
   </trkpt>
   <trkpt lat="51.6439650" lon="-0.1562410">
    <ele>77.3</ele>
    <time>2020-08-08T09:06:45Z</time>
   </trkpt>
   <trkpt lat="51.6439710" lon="-0.1562010">
    <ele>77.5</ele>
    <time>2020-08-08T09:06:46Z</time>
   </trkpt>
   <trkpt lat="51.6439880" lon="-0.1561510">
    <ele>77.8</ele>
    <time>2020-08-08T09:06:48Z</time>
   </trkpt>
   <trkpt lat="51.6439920" lon="-0.1561020">
    <ele>78.1</ele>
    <time>2020-08-08T09:06:49Z</time>
   </trkpt>
   <trkpt lat="51.6440020" lon="-0.1560570">
    <ele>78.3</ele>
    <time>2020-08-08T09:06:50Z</time>
   </trkpt>
   <trkpt lat="51.6440050" lon="-0.1560090">
    <ele>78.6</ele>
    <time>2020-08-08T09:06:51Z</time>
   </trkpt>
   <trkpt lat="51.6440090" lon="-0.1559670">
    <ele>78.8</ele>
    <time>2020-08-08T09:06:52Z</time>
   </trkpt>
   <trkpt lat="51.6440090" lon="-0.1558930">
    <ele>79.2</ele>
    <time>2020-08-08T09:06:54Z</time>
   </trkpt>
   <trkpt lat="51.6440050" lon="-0.1558490">
    <ele>79.5</ele>
    <time>2020-08-08T09:06:55Z</time>
   </trkpt>
   <trkpt lat="51.6439980" lon="-0.1557970">
    <ele>79.5</ele>
    <time>2020-08-08T09:06:57Z</time>
   </trkpt>
   <trkpt lat="51.6439990" lon="-0.1557400">
    <ele>79.5</ele>
    <time>2020-08-08T09:06:58Z</time>
   </trkpt>
   <trkpt lat="51.6440380" lon="-0.1555850">
    <ele>80.1</ele>
    <time>2020-08-08T09:06:59Z</time>
   </trkpt>
   <trkpt lat="51.6440700" lon="-0.1554660">
    <ele>80.3</ele>
    <time>2020-08-08T09:07:01Z</time>
   </trkpt>
   <trkpt lat="51.6441050" lon="-0.1553280">
    <ele>81.0</ele>
    <time>2020-08-08T09:07:02Z</time>
   </trkpt>
   <trkpt lat="51.6441750" lon="-0.1551310">
    <ele>81.6</ele>
    <time>2020-08-08T09:07:03Z</time>
   </trkpt>
   <trkpt lat="51.6442280" lon="-0.1549780">
    <ele>82.0</ele>
    <time>2020-08-08T09:07:04Z</time>
   </trkpt>
   <trkpt lat="51.6442500" lon="-0.1549080">
    <ele>82.2</ele>
    <time>2020-08-08T09:07:06Z</time>
   </trkpt>
   <trkpt lat="51.6442640" lon="-0.1548650">
    <ele>82.2</ele>
    <time>2020-08-08T09:07:08Z</time>
   </trkpt>
   <trkpt lat="51.6442680" lon="-0.1548470">
    <ele>82.3</ele>
    <time>2020-08-08T09:07:09Z</time>
   </trkpt>
   <trkpt lat="51.6442850" lon="-0.1548010">
    <ele>82.3</ele>
    <time>2020-08-08T09:07:10Z</time>
   </trkpt>
   <trkpt lat="51.6443190" lon="-0.1546570">
    <ele>82.5</ele>
    <time>2020-08-08T09:07:11Z</time>
   </trkpt>
   <trkpt lat="51.6443420" lon="-0.1545010">
    <ele>82.8</ele>
    <time>2020-08-08T09:07:12Z</time>
   </trkpt>
   <trkpt lat="51.6443720" lon="-0.1543320">
    <ele>83.2</ele>
    <time>2020-08-08T09:07:14Z</time>
   </trkpt>
   <trkpt lat="51.6443460" lon="-0.1544010">
    <ele>83.2</ele>
    <time>2020-08-08T09:07:16Z</time>
   </trkpt>
   <trkpt lat="51.6444590" lon="-0.1540010">
    <ele>83.0</ele>
    <time>2020-08-08T09:07:17Z</time>
   </trkpt>
   <trkpt lat="51.6444940" lon="-0.1538840">
    <ele>82.9</ele>
    <time>2020-08-08T09:07:19Z</time>
   </trkpt>
   <trkpt lat="51.6445580" lon="-0.1537120">
    <ele>83.2</ele>
    <time>2020-08-08T09:07:21Z</time>
   </trkpt>
   <trkpt lat="51.6446280" lon="-0.1535950">
    <ele>83.4</ele>
    <time>2020-08-08T09:07:23Z</time>
   </trkpt>
   <trkpt lat="51.6447080" lon="-0.1535240">
    <ele>83.5</ele>
    <time>2020-08-08T09:07:25Z</time>
   </trkpt>
   <trkpt lat="51.6447600" lon="-0.1535020">
    <ele>84.0</ele>
    <time>2020-08-08T09:07:26Z</time>
   </trkpt>
   <trkpt lat="51.6448730" lon="-0.1534980">
    <ele>84.8</ele>
    <time>2020-08-08T09:07:28Z</time>
   </trkpt>
   <trkpt lat="51.6449280" lon="-0.1535050">
    <ele>85.2</ele>
    <time>2020-08-08T09:07:29Z</time>
   </trkpt>
   <trkpt lat="51.6450320" lon="-0.1535220">
    <ele>85.9</ele>
    <time>2020-08-08T09:07:31Z</time>
   </trkpt>
   <trkpt lat="51.6450870" lon="-0.1535180">
    <ele>86.2</ele>
    <time>2020-08-08T09:07:32Z</time>
   </trkpt>
   <trkpt lat="51.6452000" lon="-0.1534850">
    <ele>86.2</ele>
    <time>2020-08-08T09:07:34Z</time>
   </trkpt>
   <trkpt lat="51.6452510" lon="-0.1534630">
    <ele>86.2</ele>
    <time>2020-08-08T09:07:35Z</time>
   </trkpt>
   <trkpt lat="51.6452990" lon="-0.1534400">
    <ele>86.2</ele>
    <time>2020-08-08T09:07:36Z</time>
   </trkpt>
   <trkpt lat="51.6453710" lon="-0.1533600">
    <ele>86.3</ele>
    <time>2020-08-08T09:07:38Z</time>
   </trkpt>
   <trkpt lat="51.6453960" lon="-0.1533190">
    <ele>86.4</ele>
    <time>2020-08-08T09:07:39Z</time>
   </trkpt>
   <trkpt lat="51.6454050" lon="-0.1533110">
    <ele>86.4</ele>
    <time>2020-08-08T09:07:40Z</time>
   </trkpt>
   <trkpt lat="51.6454180" lon="-0.1533020">
    <ele>86.4</ele>
    <time>2020-08-08T09:07:41Z</time>
   </trkpt>
   <trkpt lat="51.6454460" lon="-0.1532810">
    <ele>86.5</ele>
    <time>2020-08-08T09:07:43Z</time>
   </trkpt>
   <trkpt lat="51.6454670" lon="-0.1532570">
    <ele>86.6</ele>
    <time>2020-08-08T09:07:44Z</time>
   </trkpt>
   <trkpt lat="51.6454840" lon="-0.1531290">
    <ele>86.8</ele>
    <time>2020-08-08T09:07:46Z</time>
   </trkpt>
   <trkpt lat="51.6454830" lon="-0.1530190">
    <ele>86.9</ele>
    <time>2020-08-08T09:07:47Z</time>
   </trkpt>
   <trkpt lat="51.6454570" lon="-0.1528160">
    <ele>87.2</ele>
    <time>2020-08-08T09:07:49Z</time>
   </trkpt>
   <trkpt lat="51.6454470" lon="-0.1527270">
    <ele>87.3</ele>
    <time>2020-08-08T09:07:50Z</time>
   </trkpt>
   <trkpt lat="51.6454270" lon="-0.1525530">
    <ele>87.6</ele>
    <time>2020-08-08T09:07:52Z</time>
   </trkpt>
   <trkpt lat="51.6453960" lon="-0.1523930">
    <ele>87.9</ele>
    <time>2020-08-08T09:07:54Z</time>
   </trkpt>
   <trkpt lat="51.6453810" lon="-0.1523060">
    <ele>88.0</ele>
    <time>2020-08-08T09:07:55Z</time>
   </trkpt>
   <trkpt lat="51.6453530" lon="-0.1521340">
    <ele>88.2</ele>
    <time>2020-08-08T09:07:57Z</time>
   </trkpt>
   <trkpt lat="51.6453200" lon="-0.1519670">
    <ele>88.5</ele>
    <time>2020-08-08T09:07:59Z</time>
   </trkpt>
   <trkpt lat="51.6453160" lon="-0.1518770">
    <ele>88.5</ele>
    <time>2020-08-08T09:08:00Z</time>
   </trkpt>
   <trkpt lat="51.6453180" lon="-0.1516960">
    <ele>88.7</ele>
    <time>2020-08-08T09:08:02Z</time>
   </trkpt>
   <trkpt lat="51.6453130" lon="-0.1515180">
    <ele>88.8</ele>
    <time>2020-08-08T09:08:04Z</time>
   </trkpt>
   <trkpt lat="51.6453060" lon="-0.1513420">
    <ele>88.8</ele>
    <time>2020-08-08T09:08:06Z</time>
   </trkpt>
   <trkpt lat="51.6452990" lon="-0.1511480">
    <ele>88.9</ele>
    <time>2020-08-08T09:08:08Z</time>
   </trkpt>
   <trkpt lat="51.6452940" lon="-0.1510480">
    <ele>88.9</ele>
    <time>2020-08-08T09:08:09Z</time>
   </trkpt>
   <trkpt lat="51.6452760" lon="-0.1508770">
    <ele>89.0</ele>
    <time>2020-08-08T09:08:11Z</time>
   </trkpt>
   <trkpt lat="51.6452710" lon="-0.1507930">
    <ele>89.0</ele>
    <time>2020-08-08T09:08:12Z</time>
   </trkpt>
   <trkpt lat="51.6452660" lon="-0.1507020">
    <ele>89.0</ele>
    <time>2020-08-08T09:08:13Z</time>
   </trkpt>
   <trkpt lat="51.6452680" lon="-0.1505110">
    <ele>89.1</ele>
    <time>2020-08-08T09:08:15Z</time>
   </trkpt>
   <trkpt lat="51.6452740" lon="-0.1503150">
    <ele>89.1</ele>
    <time>2020-08-08T09:08:17Z</time>
   </trkpt>
   <trkpt lat="51.6452760" lon="-0.1502080">
    <ele>89.2</ele>
    <time>2020-08-08T09:08:18Z</time>
   </trkpt>
   <trkpt lat="51.6452790" lon="-0.1500970">
    <ele>89.2</ele>
    <time>2020-08-08T09:08:19Z</time>
   </trkpt>
   <trkpt lat="51.6452770" lon="-0.1499960">
    <ele>89.2</ele>
    <time>2020-08-08T09:08:20Z</time>
   </trkpt>
   <trkpt lat="51.6452890" lon="-0.1497930">
    <ele>89.2</ele>
    <time>2020-08-08T09:08:22Z</time>
   </trkpt>
   <trkpt lat="51.6453010" lon="-0.1496900">
    <ele>89.3</ele>
    <time>2020-08-08T09:08:23Z</time>
   </trkpt>
   <trkpt lat="51.6453130" lon="-0.1494770">
    <ele>89.4</ele>
    <time>2020-08-08T09:08:25Z</time>
   </trkpt>
   <trkpt lat="51.6453040" lon="-0.1493680">
    <ele>89.5</ele>
    <time>2020-08-08T09:08:26Z</time>
   </trkpt>
   <trkpt lat="51.6452930" lon="-0.1491610">
    <ele>89.6</ele>
    <time>2020-08-08T09:08:28Z</time>
   </trkpt>
   <trkpt lat="51.6453000" lon="-0.1490500">
    <ele>89.6</ele>
    <time>2020-08-08T09:08:29Z</time>
   </trkpt>
   <trkpt lat="51.6453240" lon="-0.1488190">
    <ele>89.6</ele>
    <time>2020-08-08T09:08:31Z</time>
   </trkpt>
   <trkpt lat="51.6453270" lon="-0.1485950">
    <ele>89.5</ele>
    <time>2020-08-08T09:08:33Z</time>
   </trkpt>
   <trkpt lat="51.6453340" lon="-0.1483640">
    <ele>89.3</ele>
    <time>2020-08-08T09:08:35Z</time>
   </trkpt>
   <trkpt lat="51.6453440" lon="-0.1481390">
    <ele>89.3</ele>
    <time>2020-08-08T09:08:37Z</time>
   </trkpt>
   <trkpt lat="51.6453440" lon="-0.1479040">
    <ele>89.2</ele>
    <time>2020-08-08T09:08:39Z</time>
   </trkpt>
   <trkpt lat="51.6453490" lon="-0.1477820">
    <ele>89.3</ele>
    <time>2020-08-08T09:08:40Z</time>
   </trkpt>
   <trkpt lat="51.6453530" lon="-0.1476610">
    <ele>89.4</ele>
    <time>2020-08-08T09:08:41Z</time>
   </trkpt>
   <trkpt lat="51.6453760" lon="-0.1474420">
    <ele>89.6</ele>
    <time>2020-08-08T09:08:43Z</time>
   </trkpt>
   <trkpt lat="51.6453910" lon="-0.1472570">
    <ele>89.9</ele>
    <time>2020-08-08T09:08:45Z</time>
   </trkpt>
   <trkpt lat="51.6453920" lon="-0.1470930">
    <ele>90.2</ele>
    <time>2020-08-08T09:08:47Z</time>
   </trkpt>
   <trkpt lat="51.6454030" lon="-0.1469570">
    <ele>90.4</ele>
    <time>2020-08-08T09:08:49Z</time>
   </trkpt>
   <trkpt lat="51.6454180" lon="-0.1468860">
    <ele>90.5</ele>
    <time>2020-08-08T09:08:50Z</time>
   </trkpt>
   <trkpt lat="51.6454760" lon="-0.1467560">
    <ele>90.8</ele>
    <time>2020-08-08T09:08:52Z</time>
   </trkpt>
   <trkpt lat="51.6455570" lon="-0.1466240">
    <ele>90.9</ele>
    <time>2020-08-08T09:08:54Z</time>
   </trkpt>
   <trkpt lat="51.6455870" lon="-0.1465540">
    <ele>90.9</ele>
    <time>2020-08-08T09:08:55Z</time>
   </trkpt>
   <trkpt lat="51.6456050" lon="-0.1464800">
    <ele>91.0</ele>
    <time>2020-08-08T09:08:56Z</time>
   </trkpt>
   <trkpt lat="51.6456040" lon="-0.1463090">
    <ele>91.2</ele>
    <time>2020-08-08T09:08:58Z</time>
   </trkpt>
   <trkpt lat="51.6455530" lon="-0.1461440">
    <ele>91.2</ele>
    <time>2020-08-08T09:09:00Z</time>
   </trkpt>
   <trkpt lat="51.6455150" lon="-0.1460800">
    <ele>91.2</ele>
    <time>2020-08-08T09:09:01Z</time>
   </trkpt>
   <trkpt lat="51.6454300" lon="-0.1459690">
    <ele>90.8</ele>
    <time>2020-08-08T09:09:03Z</time>
   </trkpt>
   <trkpt lat="51.6453360" lon="-0.1458790">
    <ele>90.6</ele>
    <time>2020-08-08T09:09:05Z</time>
   </trkpt>
   <trkpt lat="51.6451970" lon="-0.1459250">
    <ele>90.2</ele>
    <time>2020-08-08T09:09:07Z</time>
   </trkpt>
   <trkpt lat="51.6450630" lon="-0.1460450">
    <ele>90.0</ele>
    <time>2020-08-08T09:09:09Z</time>
   </trkpt>
   <trkpt lat="51.6449360" lon="-0.1461640">
    <ele>89.4</ele>
    <time>2020-08-08T09:09:11Z</time>
   </trkpt>
   <trkpt lat="51.6448630" lon="-0.1461870">
    <ele>89.2</ele>
    <time>2020-08-08T09:09:12Z</time>
   </trkpt>
   <trkpt lat="51.6447850" lon="-0.1461870">
    <ele>89.0</ele>
    <time>2020-08-08T09:09:13Z</time>
   </trkpt>
   <trkpt lat="51.6447070" lon="-0.1461800">
    <ele>88.9</ele>
    <time>2020-08-08T09:09:14Z</time>
   </trkpt>
   <trkpt lat="51.6445620" lon="-0.1461300">
    <ele>88.6</ele>
    <time>2020-08-08T09:09:16Z</time>
   </trkpt>
   <trkpt lat="51.6444830" lon="-0.1461090">
    <ele>88.5</ele>
    <time>2020-08-08T09:09:17Z</time>
   </trkpt>
   <trkpt lat="51.6443360" lon="-0.1460260">
    <ele>88.4</ele>
    <time>2020-08-08T09:09:19Z</time>
   </trkpt>
   <trkpt lat="51.6442660" lon="-0.1459790">
    <ele>88.3</ele>
    <time>2020-08-08T09:09:20Z</time>
   </trkpt>
   <trkpt lat="51.6441240" lon="-0.1458950">
    <ele>88.1</ele>
    <time>2020-08-08T09:09:22Z</time>
   </trkpt>
   <trkpt lat="51.6440550" lon="-0.1458440">
    <ele>87.9</ele>
    <time>2020-08-08T09:09:23Z</time>
   </trkpt>
   <trkpt lat="51.6439190" lon="-0.1457450">
    <ele>87.6</ele>
    <time>2020-08-08T09:09:25Z</time>
   </trkpt>
   <trkpt lat="51.6437710" lon="-0.1456360">
    <ele>87.4</ele>
    <time>2020-08-08T09:09:27Z</time>
   </trkpt>
   <trkpt lat="51.6436920" lon="-0.1455720">
    <ele>87.3</ele>
    <time>2020-08-08T09:09:28Z</time>
   </trkpt>
   <trkpt lat="51.6436120" lon="-0.1455150">
    <ele>87.2</ele>
    <time>2020-08-08T09:09:29Z</time>
   </trkpt>
   <trkpt lat="51.6435350" lon="-0.1454580">
    <ele>87.1</ele>
    <time>2020-08-08T09:09:30Z</time>
   </trkpt>
   <trkpt lat="51.6433800" lon="-0.1453450">
    <ele>86.8</ele>
    <time>2020-08-08T09:09:32Z</time>
   </trkpt>
   <trkpt lat="51.6432990" lon="-0.1452990">
    <ele>86.7</ele>
    <time>2020-08-08T09:09:33Z</time>
   </trkpt>
   <trkpt lat="51.6431480" lon="-0.1452140">
    <ele>86.5</ele>
    <time>2020-08-08T09:09:35Z</time>
   </trkpt>
   <trkpt lat="51.6429980" lon="-0.1451120">
    <ele>86.3</ele>
    <time>2020-08-08T09:09:37Z</time>
   </trkpt>
   <trkpt lat="51.6429210" lon="-0.1450610">
    <ele>86.3</ele>
    <time>2020-08-08T09:09:38Z</time>
   </trkpt>
   <trkpt lat="51.6427700" lon="-0.1449710">
    <ele>86.2</ele>
    <time>2020-08-08T09:09:40Z</time>
   </trkpt>
   <trkpt lat="51.6426230" lon="-0.1448960">
    <ele>86.2</ele>
    <time>2020-08-08T09:09:42Z</time>
   </trkpt>
   <trkpt lat="51.6424710" lon="-0.1448020">
    <ele>86.1</ele>
    <time>2020-08-08T09:09:44Z</time>
   </trkpt>
   <trkpt lat="51.6423980" lon="-0.1447520">
    <ele>86.1</ele>
    <time>2020-08-08T09:09:45Z</time>
   </trkpt>
   <trkpt lat="51.6423220" lon="-0.1447110">
    <ele>86.1</ele>
    <time>2020-08-08T09:09:46Z</time>
   </trkpt>
   <trkpt lat="51.6422490" lon="-0.1446680">
    <ele>86.1</ele>
    <time>2020-08-08T09:09:47Z</time>
   </trkpt>
   <trkpt lat="51.6421000" lon="-0.1445870">
    <ele>86.0</ele>
    <time>2020-08-08T09:09:49Z</time>
   </trkpt>
   <trkpt lat="51.6419500" lon="-0.1445060">
    <ele>85.9</ele>
    <time>2020-08-08T09:09:51Z</time>
   </trkpt>
   <trkpt lat="51.6418780" lon="-0.1444640">
    <ele>85.9</ele>
    <time>2020-08-08T09:09:52Z</time>
   </trkpt>
   <trkpt lat="51.6417330" lon="-0.1443730">
    <ele>85.8</ele>
    <time>2020-08-08T09:09:54Z</time>
   </trkpt>
   <trkpt lat="51.6416630" lon="-0.1443200">
    <ele>85.8</ele>
    <time>2020-08-08T09:09:55Z</time>
   </trkpt>
   <trkpt lat="51.6415950" lon="-0.1442640">
    <ele>85.7</ele>
    <time>2020-08-08T09:09:56Z</time>
   </trkpt>
   <trkpt lat="51.6414490" lon="-0.1441710">
    <ele>85.6</ele>
    <time>2020-08-08T09:09:58Z</time>
   </trkpt>
   <trkpt lat="51.6413810" lon="-0.1441170">
    <ele>85.5</ele>
    <time>2020-08-08T09:09:59Z</time>
   </trkpt>
   <trkpt lat="51.6412440" lon="-0.1439940">
    <ele>85.3</ele>
    <time>2020-08-08T09:10:01Z</time>
   </trkpt>
   <trkpt lat="51.6411150" lon="-0.1438740">
    <ele>85.2</ele>
    <time>2020-08-08T09:10:03Z</time>
   </trkpt>
   <trkpt lat="51.6410450" lon="-0.1438220">
    <ele>85.2</ele>
    <time>2020-08-08T09:10:04Z</time>
   </trkpt>
   <trkpt lat="51.6409720" lon="-0.1437660">
    <ele>85.1</ele>
    <time>2020-08-08T09:10:05Z</time>
   </trkpt>
   <trkpt lat="51.6408320" lon="-0.1436330">
    <ele>84.9</ele>
    <time>2020-08-08T09:10:07Z</time>
   </trkpt>
   <trkpt lat="51.6406900" lon="-0.1434690">
    <ele>84.8</ele>
    <time>2020-08-08T09:10:09Z</time>
   </trkpt>
   <trkpt lat="51.6406180" lon="-0.1433890">
    <ele>84.8</ele>
    <time>2020-08-08T09:10:10Z</time>
   </trkpt>
   <trkpt lat="51.6404730" lon="-0.1432260">
    <ele>84.7</ele>
    <time>2020-08-08T09:10:12Z</time>
   </trkpt>
   <trkpt lat="51.6403300" lon="-0.1430520">
    <ele>84.6</ele>
    <time>2020-08-08T09:10:14Z</time>
   </trkpt>
   <trkpt lat="51.6401900" lon="-0.1428940">
    <ele>84.4</ele>
    <time>2020-08-08T09:10:16Z</time>
   </trkpt>
   <trkpt lat="51.6400460" lon="-0.1427460">
    <ele>84.3</ele>
    <time>2020-08-08T09:10:18Z</time>
   </trkpt>
   <trkpt lat="51.6399740" lon="-0.1426650">
    <ele>84.2</ele>
    <time>2020-08-08T09:10:19Z</time>
   </trkpt>
   <trkpt lat="51.6399000" lon="-0.1425930">
    <ele>84.1</ele>
    <time>2020-08-08T09:10:20Z</time>
   </trkpt>
   <trkpt lat="51.6398280" lon="-0.1425240">
    <ele>84.1</ele>
    <time>2020-08-08T09:10:21Z</time>
   </trkpt>
   <trkpt lat="51.6396960" lon="-0.1423690">
    <ele>84.0</ele>
    <time>2020-08-08T09:10:23Z</time>
   </trkpt>
   <trkpt lat="51.6396300" lon="-0.1422750">
    <ele>83.9</ele>
    <time>2020-08-08T09:10:24Z</time>
   </trkpt>
   <trkpt lat="51.6395120" lon="-0.1420660">
    <ele>83.9</ele>
    <time>2020-08-08T09:10:26Z</time>
   </trkpt>
   <trkpt lat="51.6394500" lon="-0.1419600">
    <ele>83.8</ele>
    <time>2020-08-08T09:10:27Z</time>
   </trkpt>
   <trkpt lat="51.6393860" lon="-0.1418680">
    <ele>83.8</ele>
    <time>2020-08-08T09:10:28Z</time>
   </trkpt>
   <trkpt lat="51.6393170" lon="-0.1418030">
    <ele>83.8</ele>
    <time>2020-08-08T09:10:29Z</time>
   </trkpt>
   <trkpt lat="51.6391730" lon="-0.1416770">
    <ele>83.9</ele>
    <time>2020-08-08T09:10:31Z</time>
   </trkpt>
   <trkpt lat="51.6391000" lon="-0.1416050">
    <ele>83.9</ele>
    <time>2020-08-08T09:10:32Z</time>
   </trkpt>
   <trkpt lat="51.6389550" lon="-0.1414490">
    <ele>83.9</ele>
    <time>2020-08-08T09:10:34Z</time>
   </trkpt>
   <trkpt lat="51.6388870" lon="-0.1413730">
    <ele>83.9</ele>
    <time>2020-08-08T09:10:35Z</time>
   </trkpt>
   <trkpt lat="51.6388130" lon="-0.1413100">
    <ele>83.8</ele>
    <time>2020-08-08T09:10:36Z</time>
   </trkpt>
   <trkpt lat="51.6387390" lon="-0.1412450">
    <ele>83.9</ele>
    <time>2020-08-08T09:10:37Z</time>
   </trkpt>
   <trkpt lat="51.6386000" lon="-0.1410810">
    <ele>84.1</ele>
    <time>2020-08-08T09:10:39Z</time>
   </trkpt>
   <trkpt lat="51.6385350" lon="-0.1409940">
    <ele>84.2</ele>
    <time>2020-08-08T09:10:40Z</time>
   </trkpt>
   <trkpt lat="51.6383930" lon="-0.1408390">
    <ele>84.2</ele>
    <time>2020-08-08T09:10:42Z</time>
   </trkpt>
   <trkpt lat="51.6383250" lon="-0.1407580">
    <ele>84.1</ele>
    <time>2020-08-08T09:10:43Z</time>
   </trkpt>
   <trkpt lat="51.6382540" lon="-0.1406820">
    <ele>84.0</ele>
    <time>2020-08-08T09:10:44Z</time>
   </trkpt>
   <trkpt lat="51.6381110" lon="-0.1405510">
    <ele>84.0</ele>
    <time>2020-08-08T09:10:46Z</time>
   </trkpt>
   <trkpt lat="51.6380370" lon="-0.1405080">
    <ele>84.1</ele>
    <time>2020-08-08T09:10:47Z</time>
   </trkpt>
   <trkpt lat="51.6379640" lon="-0.1404530">
    <ele>84.1</ele>
    <time>2020-08-08T09:10:48Z</time>
   </trkpt>
   <trkpt lat="51.6378440" lon="-0.1402830">
    <ele>84.1</ele>
    <time>2020-08-08T09:10:50Z</time>
   </trkpt>
   <trkpt lat="51.6377890" lon="-0.1402030">
    <ele>84.1</ele>
    <time>2020-08-08T09:10:51Z</time>
   </trkpt>
   <trkpt lat="51.6376790" lon="-0.1400390">
    <ele>84.0</ele>
    <time>2020-08-08T09:10:53Z</time>
   </trkpt>
   <trkpt lat="51.6375590" lon="-0.1398880">
    <ele>84.0</ele>
    <time>2020-08-08T09:10:55Z</time>
   </trkpt>
   <trkpt lat="51.6374960" lon="-0.1398220">
    <ele>84.0</ele>
    <time>2020-08-08T09:10:56Z</time>
   </trkpt>
   <trkpt lat="51.6374350" lon="-0.1397510">
    <ele>84.0</ele>
    <time>2020-08-08T09:10:57Z</time>
   </trkpt>
   <trkpt lat="51.6373760" lon="-0.1396820">
    <ele>84.0</ele>
    <time>2020-08-08T09:10:58Z</time>
   </trkpt>
   <trkpt lat="51.6373120" lon="-0.1396280">
    <ele>84.0</ele>
    <time>2020-08-08T09:10:59Z</time>
   </trkpt>
   <trkpt lat="51.6372060" lon="-0.1394600">
    <ele>84.1</ele>
    <time>2020-08-08T09:11:01Z</time>
   </trkpt>
   <trkpt lat="51.6371090" lon="-0.1392920">
    <ele>84.1</ele>
    <time>2020-08-08T09:11:03Z</time>
   </trkpt>
   <trkpt lat="51.6370590" lon="-0.1392170">
    <ele>84.2</ele>
    <time>2020-08-08T09:11:04Z</time>
   </trkpt>
   <trkpt lat="51.6369670" lon="-0.1390650">
    <ele>84.3</ele>
    <time>2020-08-08T09:11:06Z</time>
   </trkpt>
   <trkpt lat="51.6369260" lon="-0.1389830">
    <ele>84.3</ele>
    <time>2020-08-08T09:11:07Z</time>
   </trkpt>
   <trkpt lat="51.6368570" lon="-0.1388080">
    <ele>84.4</ele>
    <time>2020-08-08T09:11:09Z</time>
   </trkpt>
   <trkpt lat="51.6367890" lon="-0.1386500">
    <ele>84.5</ele>
    <time>2020-08-08T09:11:11Z</time>
   </trkpt>
   <trkpt lat="51.6367560" lon="-0.1385640">
    <ele>84.6</ele>
    <time>2020-08-08T09:11:12Z</time>
   </trkpt>
   <trkpt lat="51.6367170" lon="-0.1384770">
    <ele>84.6</ele>
    <time>2020-08-08T09:11:13Z</time>
   </trkpt>
   <trkpt lat="51.6366330" lon="-0.1382950">
    <ele>84.7</ele>
    <time>2020-08-08T09:11:15Z</time>
   </trkpt>
   <trkpt lat="51.6365380" lon="-0.1381070">
    <ele>84.6</ele>
    <time>2020-08-08T09:11:17Z</time>
   </trkpt>
   <trkpt lat="51.6364880" lon="-0.1380060">
    <ele>84.4</ele>
    <time>2020-08-08T09:11:18Z</time>
   </trkpt>
   <trkpt lat="51.6363820" lon="-0.1377900">
    <ele>83.9</ele>
    <time>2020-08-08T09:11:20Z</time>
   </trkpt>
   <trkpt lat="51.6363220" lon="-0.1376960">
    <ele>83.7</ele>
    <time>2020-08-08T09:11:21Z</time>
   </trkpt>
   <trkpt lat="51.6362160" lon="-0.1374730">
    <ele>83.2</ele>
    <time>2020-08-08T09:11:23Z</time>
   </trkpt>
   <trkpt lat="51.6361620" lon="-0.1373560">
    <ele>83.1</ele>
    <time>2020-08-08T09:11:24Z</time>
   </trkpt>
   <trkpt lat="51.6360570" lon="-0.1371260">
    <ele>82.8</ele>
    <time>2020-08-08T09:11:26Z</time>
   </trkpt>
   <trkpt lat="51.6359580" lon="-0.1368690">
    <ele>82.6</ele>
    <time>2020-08-08T09:11:28Z</time>
   </trkpt>
   <trkpt lat="51.6359070" lon="-0.1367450">
    <ele>82.4</ele>
    <time>2020-08-08T09:11:29Z</time>
   </trkpt>
   <trkpt lat="51.6358540" lon="-0.1366290">
    <ele>82.2</ele>
    <time>2020-08-08T09:11:30Z</time>
   </trkpt>
   <trkpt lat="51.6357570" lon="-0.1363960">
    <ele>81.9</ele>
    <time>2020-08-08T09:11:32Z</time>
   </trkpt>
   <trkpt lat="51.6356590" lon="-0.1361550">
    <ele>81.5</ele>
    <time>2020-08-08T09:11:34Z</time>
   </trkpt>
   <trkpt lat="51.6356100" lon="-0.1360380">
    <ele>81.3</ele>
    <time>2020-08-08T09:11:35Z</time>
   </trkpt>
   <trkpt lat="51.6355160" lon="-0.1357910">
    <ele>81.0</ele>
    <time>2020-08-08T09:11:37Z</time>
   </trkpt>
   <trkpt lat="51.6354100" lon="-0.1355450">
    <ele>80.6</ele>
    <time>2020-08-08T09:11:39Z</time>
   </trkpt>
   <trkpt lat="51.6353540" lon="-0.1354380">
    <ele>80.4</ele>
    <time>2020-08-08T09:11:40Z</time>
   </trkpt>
   <trkpt lat="51.6352920" lon="-0.1353340">
    <ele>80.3</ele>
    <time>2020-08-08T09:11:41Z</time>
   </trkpt>
   <trkpt lat="51.6351690" lon="-0.1351300">
    <ele>79.9</ele>
    <time>2020-08-08T09:11:43Z</time>
   </trkpt>
   <trkpt lat="51.6351040" lon="-0.1350280">
    <ele>79.8</ele>
    <time>2020-08-08T09:11:44Z</time>
   </trkpt>
   <trkpt lat="51.6350430" lon="-0.1349270">
    <ele>79.6</ele>
    <time>2020-08-08T09:11:45Z</time>
   </trkpt>
   <trkpt lat="51.6349270" lon="-0.1347230">
    <ele>79.3</ele>
    <time>2020-08-08T09:11:47Z</time>
   </trkpt>
   <trkpt lat="51.6347980" lon="-0.1345360">
    <ele>79.0</ele>
    <time>2020-08-08T09:11:49Z</time>
   </trkpt>
   <trkpt lat="51.6347330" lon="-0.1344370">
    <ele>78.9</ele>
    <time>2020-08-08T09:11:50Z</time>
   </trkpt>
   <trkpt lat="51.6346710" lon="-0.1343350">
    <ele>78.8</ele>
    <time>2020-08-08T09:11:51Z</time>
   </trkpt>
   <trkpt lat="51.6345480" lon="-0.1341540">
    <ele>78.6</ele>
    <time>2020-08-08T09:11:53Z</time>
   </trkpt>
   <trkpt lat="51.6344370" lon="-0.1339470">
    <ele>78.5</ele>
    <time>2020-08-08T09:11:55Z</time>
   </trkpt>
   <trkpt lat="51.6342810" lon="-0.1336460">
    <ele>78.3</ele>
    <time>2020-08-08T09:11:58Z</time>
   </trkpt>
   <trkpt lat="51.6342200" lon="-0.1335170">
    <ele>78.2</ele>
    <time>2020-08-08T09:12:00Z</time>
   </trkpt>
   <trkpt lat="51.6341860" lon="-0.1334400">
    <ele>78.2</ele>
    <time>2020-08-08T09:12:01Z</time>
   </trkpt>
   <trkpt lat="51.6341580" lon="-0.1333690">
    <ele>78.2</ele>
    <time>2020-08-08T09:12:02Z</time>
   </trkpt>
   <trkpt lat="51.6341180" lon="-0.1332030">
    <ele>78.1</ele>
    <time>2020-08-08T09:12:04Z</time>
   </trkpt>
   <trkpt lat="51.6340550" lon="-0.1330230">
    <ele>78.3</ele>
    <time>2020-08-08T09:12:06Z</time>
   </trkpt>
   <trkpt lat="51.6339380" lon="-0.1328590">
    <ele>77.8</ele>
    <time>2020-08-08T09:12:08Z</time>
   </trkpt>
   <trkpt lat="51.6338010" lon="-0.1327330">
    <ele>77.0</ele>
    <time>2020-08-08T09:12:10Z</time>
   </trkpt>
   <trkpt lat="51.6337380" lon="-0.1326500">
    <ele>76.8</ele>
    <time>2020-08-08T09:12:11Z</time>
   </trkpt>
   <trkpt lat="51.6336450" lon="-0.1324360">
    <ele>76.8</ele>
    <time>2020-08-08T09:12:13Z</time>
   </trkpt>
   <trkpt lat="51.6336060" lon="-0.1323190">
    <ele>76.7</ele>
    <time>2020-08-08T09:12:14Z</time>
   </trkpt>
   <trkpt lat="51.6335690" lon="-0.1322010">
    <ele>76.6</ele>
    <time>2020-08-08T09:12:15Z</time>
   </trkpt>
   <trkpt lat="51.6335050" lon="-0.1319770">
    <ele>76.4</ele>
    <time>2020-08-08T09:12:17Z</time>
   </trkpt>
   <trkpt lat="51.6334410" lon="-0.1317640">
    <ele>76.2</ele>
    <time>2020-08-08T09:12:19Z</time>
   </trkpt>
   <trkpt lat="51.6334110" lon="-0.1316550">
    <ele>76.0</ele>
    <time>2020-08-08T09:12:20Z</time>
   </trkpt>
   <trkpt lat="51.6333900" lon="-0.1315400">
    <ele>75.8</ele>
    <time>2020-08-08T09:12:21Z</time>
   </trkpt>
   <trkpt lat="51.6333740" lon="-0.1314210">
    <ele>75.5</ele>
    <time>2020-08-08T09:12:22Z</time>
   </trkpt>
   <trkpt lat="51.6333610" lon="-0.1313010">
    <ele>75.3</ele>
    <time>2020-08-08T09:12:23Z</time>
   </trkpt>
   <trkpt lat="51.6333340" lon="-0.1310620">
    <ele>74.9</ele>
    <time>2020-08-08T09:12:25Z</time>
   </trkpt>
   <trkpt lat="51.6333230" lon="-0.1309400">
    <ele>74.7</ele>
    <time>2020-08-08T09:12:26Z</time>
   </trkpt>
   <trkpt lat="51.6333070" lon="-0.1308170">
    <ele>74.4</ele>
    <time>2020-08-08T09:12:27Z</time>
   </trkpt>
   <trkpt lat="51.6332550" lon="-0.1305920">
    <ele>74.0</ele>
    <time>2020-08-08T09:12:29Z</time>
   </trkpt>
   <trkpt lat="51.6332000" lon="-0.1303680">
    <ele>73.6</ele>
    <time>2020-08-08T09:12:31Z</time>
   </trkpt>
   <trkpt lat="51.6331700" lon="-0.1302600">
    <ele>73.6</ele>
    <time>2020-08-08T09:12:32Z</time>
   </trkpt>
   <trkpt lat="51.6331350" lon="-0.1301550">
    <ele>73.5</ele>
    <time>2020-08-08T09:12:33Z</time>
   </trkpt>
   <trkpt lat="51.6330610" lon="-0.1299560">
    <ele>73.4</ele>
    <time>2020-08-08T09:12:35Z</time>
   </trkpt>
   <trkpt lat="51.6329980" lon="-0.1297430">
    <ele>73.1</ele>
    <time>2020-08-08T09:12:37Z</time>
   </trkpt>
   <trkpt lat="51.6329640" lon="-0.1296500">
    <ele>73.0</ele>
    <time>2020-08-08T09:12:38Z</time>
   </trkpt>
   <trkpt lat="51.6329240" lon="-0.1294730">
    <ele>72.8</ele>
    <time>2020-08-08T09:12:40Z</time>
   </trkpt>
   <trkpt lat="51.6328840" lon="-0.1293090">
    <ele>72.7</ele>
    <time>2020-08-08T09:12:42Z</time>
   </trkpt>
   <trkpt lat="51.6328670" lon="-0.1292300">
    <ele>72.6</ele>
    <time>2020-08-08T09:12:43Z</time>
   </trkpt>
   <trkpt lat="51.6328470" lon="-0.1290600">
    <ele>72.6</ele>
    <time>2020-08-08T09:12:45Z</time>
   </trkpt>
   <trkpt lat="51.6328330" lon="-0.1289790">
    <ele>72.5</ele>
    <time>2020-08-08T09:12:46Z</time>
   </trkpt>
   <trkpt lat="51.6328170" lon="-0.1288980">
    <ele>72.5</ele>
    <time>2020-08-08T09:12:47Z</time>
   </trkpt>
   <trkpt lat="51.6327900" lon="-0.1287390">
    <ele>72.4</ele>
    <time>2020-08-08T09:12:49Z</time>
   </trkpt>
   <trkpt lat="51.6327800" lon="-0.1286520">
    <ele>72.4</ele>
    <time>2020-08-08T09:12:50Z</time>
   </trkpt>
   <trkpt lat="51.6327670" lon="-0.1285650">
    <ele>72.3</ele>
    <time>2020-08-08T09:12:51Z</time>
   </trkpt>
   <trkpt lat="51.6327330" lon="-0.1284030">
    <ele>72.2</ele>
    <time>2020-08-08T09:12:53Z</time>
   </trkpt>
   <trkpt lat="51.6327180" lon="-0.1283240">
    <ele>72.2</ele>
    <time>2020-08-08T09:12:54Z</time>
   </trkpt>
   <trkpt lat="51.6326980" lon="-0.1281680">
    <ele>72.0</ele>
    <time>2020-08-08T09:12:56Z</time>
   </trkpt>
   <trkpt lat="51.6326750" lon="-0.1280240">
    <ele>71.9</ele>
    <time>2020-08-08T09:12:58Z</time>
   </trkpt>
   <trkpt lat="51.6326510" lon="-0.1279030">
    <ele>71.9</ele>
    <time>2020-08-08T09:13:00Z</time>
   </trkpt>
   <trkpt lat="51.6326410" lon="-0.1277790">
    <ele>71.9</ele>
    <time>2020-08-08T09:13:02Z</time>
   </trkpt>
   <trkpt lat="51.6326430" lon="-0.1277350">
    <ele>71.9</ele>
    <time>2020-08-08T09:13:04Z</time>
   </trkpt>
   <trkpt lat="51.6326520" lon="-0.1277090">
    <ele>71.9</ele>
    <time>2020-08-08T09:13:06Z</time>
   </trkpt>
   <trkpt lat="51.6326600" lon="-0.1276890">
    <ele>71.9</ele>
    <time>2020-08-08T09:13:07Z</time>
   </trkpt>
   <trkpt lat="51.6326670" lon="-0.1276520">
    <ele>71.9</ele>
    <time>2020-08-08T09:13:08Z</time>
   </trkpt>
   <trkpt lat="51.6326720" lon="-0.1275550">
    <ele>71.9</ele>
    <time>2020-08-08T09:13:10Z</time>
   </trkpt>
   <trkpt lat="51.6326740" lon="-0.1275220">
    <ele>71.9</ele>
    <time>2020-08-08T09:13:11Z</time>
   </trkpt>
   <trkpt lat="51.6326540" lon="-0.1273570">
    <ele>71.8</ele>
    <time>2020-08-08T09:13:13Z</time>
   </trkpt>
   <trkpt lat="51.6326220" lon="-0.1272770">
    <ele>71.6</ele>
    <time>2020-08-08T09:13:14Z</time>
   </trkpt>
   <trkpt lat="51.6325200" lon="-0.1271760">
    <ele>71.1</ele>
    <time>2020-08-08T09:13:16Z</time>
   </trkpt>
   <trkpt lat="51.6324010" lon="-0.1271270">
    <ele>71.2</ele>
    <time>2020-08-08T09:13:18Z</time>
   </trkpt>
   <trkpt lat="51.6323400" lon="-0.1270950">
    <ele>71.3</ele>
    <time>2020-08-08T09:13:19Z</time>
   </trkpt>
   <trkpt lat="51.6322420" lon="-0.1269720">
    <ele>71.4</ele>
    <time>2020-08-08T09:13:21Z</time>
   </trkpt>
   <trkpt lat="51.6322100" lon="-0.1268900">
    <ele>71.5</ele>
    <time>2020-08-08T09:13:22Z</time>
   </trkpt>
   <trkpt lat="51.6321910" lon="-0.1268130">
    <ele>71.5</ele>
    <time>2020-08-08T09:13:23Z</time>
   </trkpt>
   <trkpt lat="51.6321820" lon="-0.1266840">
    <ele>71.4</ele>
    <time>2020-08-08T09:13:25Z</time>
   </trkpt>
   <trkpt lat="51.6321730" lon="-0.1266170">
    <ele>71.4</ele>
    <time>2020-08-08T09:13:26Z</time>
   </trkpt>
   <trkpt lat="51.6321610" lon="-0.1265330">
    <ele>71.4</ele>
    <time>2020-08-08T09:13:27Z</time>
   </trkpt>
   <trkpt lat="51.6321390" lon="-0.1263190">
    <ele>71.3</ele>
    <time>2020-08-08T09:13:29Z</time>
   </trkpt>
   <trkpt lat="51.6321270" lon="-0.1262080">
    <ele>71.3</ele>
    <time>2020-08-08T09:13:30Z</time>
   </trkpt>
   <trkpt lat="51.6321080" lon="-0.1259800">
    <ele>71.3</ele>
    <time>2020-08-08T09:13:32Z</time>
   </trkpt>
   <trkpt lat="51.6320970" lon="-0.1257560">
    <ele>71.3</ele>
    <time>2020-08-08T09:13:34Z</time>
   </trkpt>
   <trkpt lat="51.6320890" lon="-0.1256420">
    <ele>71.3</ele>
    <time>2020-08-08T09:13:35Z</time>
   </trkpt>
   <trkpt lat="51.6320690" lon="-0.1255460">
    <ele>71.3</ele>
    <time>2020-08-08T09:13:36Z</time>
   </trkpt>
   <trkpt lat="51.6320230" lon="-0.1253560">
    <ele>71.1</ele>
    <time>2020-08-08T09:13:38Z</time>
   </trkpt>
   <trkpt lat="51.6319890" lon="-0.1251450">
    <ele>71.0</ele>
    <time>2020-08-08T09:13:40Z</time>
   </trkpt>
   <trkpt lat="51.6319720" lon="-0.1250320">
    <ele>71.0</ele>
    <time>2020-08-08T09:13:41Z</time>
   </trkpt>
   <trkpt lat="51.6319270" lon="-0.1248330">
    <ele>70.8</ele>
    <time>2020-08-08T09:13:43Z</time>
   </trkpt>
   <trkpt lat="51.6318620" lon="-0.1246340">
    <ele>70.7</ele>
    <time>2020-08-08T09:13:45Z</time>
   </trkpt>
   <trkpt lat="51.6318300" lon="-0.1245330">
    <ele>70.6</ele>
    <time>2020-08-08T09:13:46Z</time>
   </trkpt>
   <trkpt lat="51.6318000" lon="-0.1244320">
    <ele>70.5</ele>
    <time>2020-08-08T09:13:47Z</time>
   </trkpt>
   <trkpt lat="51.6317420" lon="-0.1242140">
    <ele>70.4</ele>
    <time>2020-08-08T09:13:49Z</time>
   </trkpt>
   <trkpt lat="51.6317140" lon="-0.1241080">
    <ele>70.3</ele>
    <time>2020-08-08T09:13:50Z</time>
   </trkpt>
   <trkpt lat="51.6316810" lon="-0.1240070">
    <ele>70.2</ele>
    <time>2020-08-08T09:13:51Z</time>
   </trkpt>
   <trkpt lat="51.6316460" lon="-0.1239100">
    <ele>70.1</ele>
    <time>2020-08-08T09:13:52Z</time>
   </trkpt>
   <trkpt lat="51.6316110" lon="-0.1238090">
    <ele>70.0</ele>
    <time>2020-08-08T09:13:53Z</time>
   </trkpt>
   <trkpt lat="51.6315760" lon="-0.1237090">
    <ele>69.8</ele>
    <time>2020-08-08T09:13:54Z</time>
   </trkpt>
   <trkpt lat="51.6315030" lon="-0.1235160">
    <ele>69.6</ele>
    <time>2020-08-08T09:13:56Z</time>
   </trkpt>
   <trkpt lat="51.6314620" lon="-0.1234260">
    <ele>69.5</ele>
    <time>2020-08-08T09:13:57Z</time>
   </trkpt>
   <trkpt lat="51.6313720" lon="-0.1232500">
    <ele>69.2</ele>
    <time>2020-08-08T09:13:59Z</time>
   </trkpt>
   <trkpt lat="51.6313250" lon="-0.1231560">
    <ele>69.0</ele>
    <time>2020-08-08T09:14:00Z</time>
   </trkpt>
   <trkpt lat="51.6312180" lon="-0.1229940">
    <ele>68.6</ele>
    <time>2020-08-08T09:14:02Z</time>
   </trkpt>
   <trkpt lat="51.6310950" lon="-0.1228540">
    <ele>68.4</ele>
    <time>2020-08-08T09:14:04Z</time>
   </trkpt>
   <trkpt lat="51.6309710" lon="-0.1227130">
    <ele>68.0</ele>
    <time>2020-08-08T09:14:06Z</time>
   </trkpt>
   <trkpt lat="51.6309060" lon="-0.1226500">
    <ele>67.7</ele>
    <time>2020-08-08T09:14:07Z</time>
   </trkpt>
   <trkpt lat="51.6307740" lon="-0.1225110">
    <ele>67.2</ele>
    <time>2020-08-08T09:14:09Z</time>
   </trkpt>
   <trkpt lat="51.6307090" lon="-0.1224330">
    <ele>67.0</ele>
    <time>2020-08-08T09:14:10Z</time>
   </trkpt>
   <trkpt lat="51.6305970" lon="-0.1222680">
    <ele>66.5</ele>
    <time>2020-08-08T09:14:12Z</time>
   </trkpt>
   <trkpt lat="51.6305400" lon="-0.1221850">
    <ele>66.3</ele>
    <time>2020-08-08T09:14:13Z</time>
   </trkpt>
   <trkpt lat="51.6304340" lon="-0.1220130">
    <ele>65.8</ele>
    <time>2020-08-08T09:14:15Z</time>
   </trkpt>
   <trkpt lat="51.6303290" lon="-0.1218350">
    <ele>65.3</ele>
    <time>2020-08-08T09:14:17Z</time>
   </trkpt>
   <trkpt lat="51.6302730" lon="-0.1217400">
    <ele>65.0</ele>
    <time>2020-08-08T09:14:18Z</time>
   </trkpt>
   <trkpt lat="51.6302260" lon="-0.1216350">
    <ele>64.7</ele>
    <time>2020-08-08T09:14:19Z</time>
   </trkpt>
   <trkpt lat="51.6301420" lon="-0.1214100">
    <ele>64.0</ele>
    <time>2020-08-08T09:14:21Z</time>
   </trkpt>
   <trkpt lat="51.6300990" lon="-0.1212940">
    <ele>63.6</ele>
    <time>2020-08-08T09:14:22Z</time>
   </trkpt>
   <trkpt lat="51.6300070" lon="-0.1210530">
    <ele>62.7</ele>
    <time>2020-08-08T09:14:24Z</time>
   </trkpt>
   <trkpt lat="51.6299660" lon="-0.1209240">
    <ele>62.2</ele>
    <time>2020-08-08T09:14:25Z</time>
   </trkpt>
   <trkpt lat="51.6299210" lon="-0.1207890">
    <ele>61.7</ele>
    <time>2020-08-08T09:14:26Z</time>
   </trkpt>
   <trkpt lat="51.6298360" lon="-0.1205230">
    <ele>60.5</ele>
    <time>2020-08-08T09:14:28Z</time>
   </trkpt>
   <trkpt lat="51.6297930" lon="-0.1203820">
    <ele>59.8</ele>
    <time>2020-08-08T09:14:29Z</time>
   </trkpt>
   <trkpt lat="51.6296970" lon="-0.1201130">
    <ele>58.5</ele>
    <time>2020-08-08T09:14:31Z</time>
   </trkpt>
   <trkpt lat="51.6295930" lon="-0.1198300">
    <ele>57.4</ele>
    <time>2020-08-08T09:14:33Z</time>
   </trkpt>
   <trkpt lat="51.6294900" lon="-0.1195550">
    <ele>57.0</ele>
    <time>2020-08-08T09:14:35Z</time>
   </trkpt>
   <trkpt lat="51.6293970" lon="-0.1192730">
    <ele>56.9</ele>
    <time>2020-08-08T09:14:37Z</time>
   </trkpt>
   <trkpt lat="51.6293170" lon="-0.1189890">
    <ele>56.9</ele>
    <time>2020-08-08T09:14:39Z</time>
   </trkpt>
   <trkpt lat="51.6292280" lon="-0.1187180">
    <ele>57.5</ele>
    <time>2020-08-08T09:14:41Z</time>
   </trkpt>
   <trkpt lat="51.6291350" lon="-0.1184490">
    <ele>58.6</ele>
    <time>2020-08-08T09:14:43Z</time>
   </trkpt>
   <trkpt lat="51.6290950" lon="-0.1183170">
    <ele>59.2</ele>
    <time>2020-08-08T09:14:44Z</time>
   </trkpt>
   <trkpt lat="51.6290490" lon="-0.1181960">
    <ele>59.7</ele>
    <time>2020-08-08T09:14:45Z</time>
   </trkpt>
   <trkpt lat="51.6290040" lon="-0.1180820">
    <ele>60.1</ele>
    <time>2020-08-08T09:14:46Z</time>
   </trkpt>
   <trkpt lat="51.6289610" lon="-0.1179740">
    <ele>60.5</ele>
    <time>2020-08-08T09:14:47Z</time>
   </trkpt>
   <trkpt lat="51.6288650" lon="-0.1177760">
    <ele>61.4</ele>
    <time>2020-08-08T09:14:49Z</time>
   </trkpt>
   <trkpt lat="51.6288090" lon="-0.1176860">
    <ele>61.9</ele>
    <time>2020-08-08T09:14:50Z</time>
   </trkpt>
   <trkpt lat="51.6287530" lon="-0.1176010">
    <ele>62.3</ele>
    <time>2020-08-08T09:14:51Z</time>
   </trkpt>
   <trkpt lat="51.6286460" lon="-0.1174290">
    <ele>63.2</ele>
    <time>2020-08-08T09:14:53Z</time>
   </trkpt>
   <trkpt lat="51.6285990" lon="-0.1173400">
    <ele>63.5</ele>
    <time>2020-08-08T09:14:54Z</time>
   </trkpt>
   <trkpt lat="51.6285520" lon="-0.1172490">
    <ele>63.9</ele>
    <time>2020-08-08T09:14:55Z</time>
   </trkpt>
   <trkpt lat="51.6284580" lon="-0.1170700">
    <ele>64.6</ele>
    <time>2020-08-08T09:14:57Z</time>
   </trkpt>
   <trkpt lat="51.6284200" lon="-0.1169800">
    <ele>64.9</ele>
    <time>2020-08-08T09:14:58Z</time>
   </trkpt>
   <trkpt lat="51.6283930" lon="-0.1168980">
    <ele>65.1</ele>
    <time>2020-08-08T09:14:59Z</time>
   </trkpt>
   <trkpt lat="51.6283690" lon="-0.1168070">
    <ele>65.3</ele>
    <time>2020-08-08T09:15:01Z</time>
   </trkpt>
   <trkpt lat="51.6283510" lon="-0.1167560">
    <ele>65.5</ele>
    <time>2020-08-08T09:15:02Z</time>
   </trkpt>
   <trkpt lat="51.6283440" lon="-0.1167430">
    <ele>65.7</ele>
    <time>2020-08-08T09:15:03Z</time>
   </trkpt>
   <trkpt lat="51.6282720" lon="-0.1167070">
    <ele>66.0</ele>
    <time>2020-08-08T09:15:05Z</time>
   </trkpt>
   <trkpt lat="51.6282220" lon="-0.1166740">
    <ele>66.2</ele>
    <time>2020-08-08T09:15:06Z</time>
   </trkpt>
   <trkpt lat="51.6281110" lon="-0.1165680">
    <ele>66.6</ele>
    <time>2020-08-08T09:15:08Z</time>
   </trkpt>
   <trkpt lat="51.6280540" lon="-0.1165040">
    <ele>66.7</ele>
    <time>2020-08-08T09:15:09Z</time>
   </trkpt>
   <trkpt lat="51.6279480" lon="-0.1163600">
    <ele>67.1</ele>
    <time>2020-08-08T09:15:11Z</time>
   </trkpt>
   <trkpt lat="51.6278980" lon="-0.1162880">
    <ele>67.3</ele>
    <time>2020-08-08T09:15:12Z</time>
   </trkpt>
   <trkpt lat="51.6277950" lon="-0.1161920">
    <ele>67.4</ele>
    <time>2020-08-08T09:15:14Z</time>
   </trkpt>
   <trkpt lat="51.6276750" lon="-0.1161160">
    <ele>67.7</ele>
    <time>2020-08-08T09:15:16Z</time>
   </trkpt>
   <trkpt lat="51.6276110" lon="-0.1160830">
    <ele>67.8</ele>
    <time>2020-08-08T09:15:17Z</time>
   </trkpt>
   <trkpt lat="51.6274840" lon="-0.1160600">
    <ele>68.0</ele>
    <time>2020-08-08T09:15:19Z</time>
   </trkpt>
   <trkpt lat="51.6274190" lon="-0.1160610">
    <ele>68.0</ele>
    <time>2020-08-08T09:15:20Z</time>
   </trkpt>
   <trkpt lat="51.6273560" lon="-0.1160640">
    <ele>68.1</ele>
    <time>2020-08-08T09:15:21Z</time>
   </trkpt>
   <trkpt lat="51.6272280" lon="-0.1160910">
    <ele>68.3</ele>
    <time>2020-08-08T09:15:23Z</time>
   </trkpt>
   <trkpt lat="51.6271050" lon="-0.1161140">
    <ele>68.3</ele>
    <time>2020-08-08T09:15:25Z</time>
   </trkpt>
   <trkpt lat="51.6270450" lon="-0.1161210">
    <ele>68.3</ele>
    <time>2020-08-08T09:15:26Z</time>
   </trkpt>
   <trkpt lat="51.6269860" lon="-0.1161300">
    <ele>68.3</ele>
    <time>2020-08-08T09:15:27Z</time>
   </trkpt>
   <trkpt lat="51.6268670" lon="-0.1161120">
    <ele>68.4</ele>
    <time>2020-08-08T09:15:29Z</time>
   </trkpt>
   <trkpt lat="51.6268090" lon="-0.1160900">
    <ele>68.4</ele>
    <time>2020-08-08T09:15:30Z</time>
   </trkpt>
   <trkpt lat="51.6267480" lon="-0.1160640">
    <ele>68.4</ele>
    <time>2020-08-08T09:15:31Z</time>
   </trkpt>
   <trkpt lat="51.6266930" lon="-0.1160290">
    <ele>68.5</ele>
    <time>2020-08-08T09:15:32Z</time>
   </trkpt>
   <trkpt lat="51.6266400" lon="-0.1159790">
    <ele>68.5</ele>
    <time>2020-08-08T09:15:33Z</time>
   </trkpt>
   <trkpt lat="51.6265900" lon="-0.1159040">
    <ele>68.5</ele>
    <time>2020-08-08T09:15:34Z</time>
   </trkpt>
   <trkpt lat="51.6264840" lon="-0.1157580">
    <ele>68.6</ele>
    <time>2020-08-08T09:15:36Z</time>
   </trkpt>
   <trkpt lat="51.6263770" lon="-0.1156150">
    <ele>68.6</ele>
    <time>2020-08-08T09:15:38Z</time>
   </trkpt>
   <trkpt lat="51.6262680" lon="-0.1154900">
    <ele>68.6</ele>
    <time>2020-08-08T09:15:40Z</time>
   </trkpt>
   <trkpt lat="51.6261580" lon="-0.1153890">
    <ele>68.6</ele>
    <time>2020-08-08T09:15:42Z</time>
   </trkpt>
   <trkpt lat="51.6260410" lon="-0.1153200">
    <ele>68.7</ele>
    <time>2020-08-08T09:15:44Z</time>
   </trkpt>
   <trkpt lat="51.6259790" lon="-0.1152770">
    <ele>68.7</ele>
    <time>2020-08-08T09:15:45Z</time>
   </trkpt>
   <trkpt lat="51.6258600" lon="-0.1152020">
    <ele>68.7</ele>
    <time>2020-08-08T09:15:47Z</time>
   </trkpt>
   <trkpt lat="51.6257970" lon="-0.1151760">
    <ele>68.6</ele>
    <time>2020-08-08T09:15:48Z</time>
   </trkpt>
   <trkpt lat="51.6257370" lon="-0.1151500">
    <ele>68.6</ele>
    <time>2020-08-08T09:15:49Z</time>
   </trkpt>
   <trkpt lat="51.6256060" lon="-0.1151110">
    <ele>68.2</ele>
    <time>2020-08-08T09:15:51Z</time>
   </trkpt>
   <trkpt lat="51.6254810" lon="-0.1150710">
    <ele>67.7</ele>
    <time>2020-08-08T09:15:53Z</time>
   </trkpt>
   <trkpt lat="51.6254180" lon="-0.1150570">
    <ele>67.4</ele>
    <time>2020-08-08T09:15:54Z</time>
   </trkpt>
   <trkpt lat="51.6252870" lon="-0.1150140">
    <ele>67.0</ele>
    <time>2020-08-08T09:15:56Z</time>
   </trkpt>
   <trkpt lat="51.6252210" lon="-0.1149820">
    <ele>66.7</ele>
    <time>2020-08-08T09:15:57Z</time>
   </trkpt>
   <trkpt lat="51.6251550" lon="-0.1149410">
    <ele>66.5</ele>
    <time>2020-08-08T09:15:58Z</time>
   </trkpt>
   <trkpt lat="51.6250320" lon="-0.1148200">
    <ele>65.9</ele>
    <time>2020-08-08T09:16:00Z</time>
   </trkpt>
   <trkpt lat="51.6249740" lon="-0.1147450">
    <ele>65.6</ele>
    <time>2020-08-08T09:16:01Z</time>
   </trkpt>
   <trkpt lat="51.6249240" lon="-0.1146550">
    <ele>65.4</ele>
    <time>2020-08-08T09:16:02Z</time>
   </trkpt>
   <trkpt lat="51.6248430" lon="-0.1144510">
    <ele>65.0</ele>
    <time>2020-08-08T09:16:04Z</time>
   </trkpt>
   <trkpt lat="51.6248100" lon="-0.1143440">
    <ele>64.7</ele>
    <time>2020-08-08T09:16:05Z</time>
   </trkpt>
   <trkpt lat="51.6247800" lon="-0.1142290">
    <ele>64.4</ele>
    <time>2020-08-08T09:16:06Z</time>
   </trkpt>
   <trkpt lat="51.6247550" lon="-0.1141090">
    <ele>64.1</ele>
    <time>2020-08-08T09:16:07Z</time>
   </trkpt>
   <trkpt lat="51.6247130" lon="-0.1138690">
    <ele>63.5</ele>
    <time>2020-08-08T09:16:09Z</time>
   </trkpt>
   <trkpt lat="51.6246950" lon="-0.1137530">
    <ele>63.2</ele>
    <time>2020-08-08T09:16:10Z</time>
   </trkpt>
   <trkpt lat="51.6246800" lon="-0.1136350">
    <ele>62.9</ele>
    <time>2020-08-08T09:16:11Z</time>
   </trkpt>
   <trkpt lat="51.6246630" lon="-0.1135160">
    <ele>62.7</ele>
    <time>2020-08-08T09:16:12Z</time>
   </trkpt>
   <trkpt lat="51.6246090" lon="-0.1132830">
    <ele>62.2</ele>
    <time>2020-08-08T09:16:14Z</time>
   </trkpt>
   <trkpt lat="51.6245330" lon="-0.1130650">
    <ele>61.8</ele>
    <time>2020-08-08T09:16:16Z</time>
   </trkpt>
   <trkpt lat="51.6244330" lon="-0.1128580">
    <ele>61.0</ele>
    <time>2020-08-08T09:16:18Z</time>
   </trkpt>
   <trkpt lat="51.6243050" lon="-0.1127080">
    <ele>60.1</ele>
    <time>2020-08-08T09:16:20Z</time>
   </trkpt>
   <trkpt lat="51.6241620" lon="-0.1125770">
    <ele>59.3</ele>
    <time>2020-08-08T09:16:22Z</time>
   </trkpt>
   <trkpt lat="51.6240260" lon="-0.1124380">
    <ele>58.7</ele>
    <time>2020-08-08T09:16:24Z</time>
   </trkpt>
   <trkpt lat="51.6239240" lon="-0.1123080">
    <ele>58.2</ele>
    <time>2020-08-08T09:16:26Z</time>
   </trkpt>
   <trkpt lat="51.6238820" lon="-0.1122540">
    <ele>58.0</ele>
    <time>2020-08-08T09:16:27Z</time>
   </trkpt>
   <trkpt lat="51.6237800" lon="-0.1121730">
    <ele>57.7</ele>
    <time>2020-08-08T09:16:29Z</time>
   </trkpt>
   <trkpt lat="51.6236700" lon="-0.1120850">
    <ele>57.3</ele>
    <time>2020-08-08T09:16:31Z</time>
   </trkpt>
   <trkpt lat="51.6236120" lon="-0.1120280">
    <ele>57.0</ele>
    <time>2020-08-08T09:16:32Z</time>
   </trkpt>
   <trkpt lat="51.6235010" lon="-0.1118900">
    <ele>56.2</ele>
    <time>2020-08-08T09:16:34Z</time>
   </trkpt>
   <trkpt lat="51.6233870" lon="-0.1117570">
    <ele>55.4</ele>
    <time>2020-08-08T09:16:36Z</time>
   </trkpt>
   <trkpt lat="51.6233240" lon="-0.1116980">
    <ele>55.1</ele>
    <time>2020-08-08T09:16:37Z</time>
   </trkpt>
   <trkpt lat="51.6231950" lon="-0.1115810">
    <ele>54.6</ele>
    <time>2020-08-08T09:16:39Z</time>
   </trkpt>
   <trkpt lat="51.6231270" lon="-0.1115190">
    <ele>54.2</ele>
    <time>2020-08-08T09:16:40Z</time>
   </trkpt>
   <trkpt lat="51.6229890" lon="-0.1114040">
    <ele>53.6</ele>
    <time>2020-08-08T09:16:42Z</time>
   </trkpt>
   <trkpt lat="51.6228450" lon="-0.1112860">
    <ele>53.0</ele>
    <time>2020-08-08T09:16:44Z</time>
   </trkpt>
   <trkpt lat="51.6227750" lon="-0.1112200">
    <ele>52.7</ele>
    <time>2020-08-08T09:16:45Z</time>
   </trkpt>
   <trkpt lat="51.6226410" lon="-0.1110770">
    <ele>52.2</ele>
    <time>2020-08-08T09:16:47Z</time>
   </trkpt>
   <trkpt lat="51.6225120" lon="-0.1109110">
    <ele>51.6</ele>
    <time>2020-08-08T09:16:49Z</time>
   </trkpt>
   <trkpt lat="51.6224530" lon="-0.1108150">
    <ele>51.2</ele>
    <time>2020-08-08T09:16:50Z</time>
   </trkpt>
   <trkpt lat="51.6223950" lon="-0.1107120">
    <ele>50.8</ele>
    <time>2020-08-08T09:16:51Z</time>
   </trkpt>
   <trkpt lat="51.6223080" lon="-0.1105300">
    <ele>50.2</ele>
    <time>2020-08-08T09:16:53Z</time>
   </trkpt>
   <trkpt lat="51.6222720" lon="-0.1104500">
    <ele>49.9</ele>
    <time>2020-08-08T09:16:54Z</time>
   </trkpt>
   <trkpt lat="51.6222360" lon="-0.1103650">
    <ele>49.7</ele>
    <time>2020-08-08T09:16:55Z</time>
   </trkpt>
   <trkpt lat="51.6221580" lon="-0.1101880">
    <ele>49.1</ele>
    <time>2020-08-08T09:16:57Z</time>
   </trkpt>
   <trkpt lat="51.6220710" lon="-0.1100000">
    <ele>48.4</ele>
    <time>2020-08-08T09:16:59Z</time>
   </trkpt>
   <trkpt lat="51.6219820" lon="-0.1097930">
    <ele>47.6</ele>
    <time>2020-08-08T09:17:01Z</time>
   </trkpt>
   <trkpt lat="51.6219360" lon="-0.1096780">
    <ele>47.3</ele>
    <time>2020-08-08T09:17:02Z</time>
   </trkpt>
   <trkpt lat="51.6218510" lon="-0.1094450">
    <ele>46.5</ele>
    <time>2020-08-08T09:17:04Z</time>
   </trkpt>
   <trkpt lat="51.6218100" lon="-0.1093190">
    <ele>46.2</ele>
    <time>2020-08-08T09:17:05Z</time>
   </trkpt>
   <trkpt lat="51.6217230" lon="-0.1090760">
    <ele>45.8</ele>
    <time>2020-08-08T09:17:07Z</time>
   </trkpt>
   <trkpt lat="51.6216750" lon="-0.1089550">
    <ele>45.4</ele>
    <time>2020-08-08T09:17:08Z</time>
   </trkpt>
   <trkpt lat="51.6215830" lon="-0.1087150">
    <ele>44.6</ele>
    <time>2020-08-08T09:17:10Z</time>
   </trkpt>
   <trkpt lat="51.6215400" lon="-0.1085960">
    <ele>44.2</ele>
    <time>2020-08-08T09:17:11Z</time>
   </trkpt>
   <trkpt lat="51.6215000" lon="-0.1084790">
    <ele>43.9</ele>
    <time>2020-08-08T09:17:12Z</time>
   </trkpt>
   <trkpt lat="51.6214590" lon="-0.1083610">
    <ele>43.8</ele>
    <time>2020-08-08T09:17:13Z</time>
   </trkpt>
   <trkpt lat="51.6213820" lon="-0.1081250">
    <ele>43.6</ele>
    <time>2020-08-08T09:17:15Z</time>
   </trkpt>
   <trkpt lat="51.6213110" lon="-0.1079130">
    <ele>43.4</ele>
    <time>2020-08-08T09:17:17Z</time>
   </trkpt>
   <trkpt lat="51.6212780" lon="-0.1078120">
    <ele>43.3</ele>
    <time>2020-08-08T09:17:18Z</time>
   </trkpt>
   <trkpt lat="51.6212180" lon="-0.1076030">
    <ele>42.9</ele>
    <time>2020-08-08T09:17:20Z</time>
   </trkpt>
   <trkpt lat="51.6211320" lon="-0.1073900">
    <ele>42.2</ele>
    <time>2020-08-08T09:17:22Z</time>
   </trkpt>
   <trkpt lat="51.6210390" lon="-0.1071670">
    <ele>41.6</ele>
    <time>2020-08-08T09:17:24Z</time>
   </trkpt>
   <trkpt lat="51.6209450" lon="-0.1069440">
    <ele>41.0</ele>
    <time>2020-08-08T09:17:26Z</time>
   </trkpt>
   <trkpt lat="51.6208930" lon="-0.1068350">
    <ele>40.8</ele>
    <time>2020-08-08T09:17:27Z</time>
   </trkpt>
   <trkpt lat="51.6207850" lon="-0.1066220">
    <ele>40.5</ele>
    <time>2020-08-08T09:17:29Z</time>
   </trkpt>
   <trkpt lat="51.6207390" lon="-0.1065210">
    <ele>40.4</ele>
    <time>2020-08-08T09:17:30Z</time>
   </trkpt>
   <trkpt lat="51.6207130" lon="-0.1064440">
    <ele>40.3</ele>
    <time>2020-08-08T09:17:31Z</time>
   </trkpt>
   <trkpt lat="51.6207190" lon="-0.1063440">
    <ele>40.2</ele>
    <time>2020-08-08T09:17:33Z</time>
   </trkpt>
   <trkpt lat="51.6207400" lon="-0.1062890">
    <ele>40.1</ele>
    <time>2020-08-08T09:17:34Z</time>
   </trkpt>
   <trkpt lat="51.6208090" lon="-0.1061970">
    <ele>40.2</ele>
    <time>2020-08-08T09:17:36Z</time>
   </trkpt>
   <trkpt lat="51.6208600" lon="-0.1061540">
    <ele>40.2</ele>
    <time>2020-08-08T09:17:37Z</time>
   </trkpt>
   <trkpt lat="51.6208930" lon="-0.1061000">
    <ele>40.3</ele>
    <time>2020-08-08T09:17:38Z</time>
   </trkpt>
   <trkpt lat="51.6209170" lon="-0.1059530">
    <ele>40.1</ele>
    <time>2020-08-08T09:17:40Z</time>
   </trkpt>
   <trkpt lat="51.6209070" lon="-0.1058730">
    <ele>40.0</ele>
    <time>2020-08-08T09:17:41Z</time>
   </trkpt>
   <trkpt lat="51.6208820" lon="-0.1057030">
    <ele>39.6</ele>
    <time>2020-08-08T09:17:43Z</time>
   </trkpt>
   <trkpt lat="51.6208620" lon="-0.1056200">
    <ele>39.3</ele>
    <time>2020-08-08T09:17:44Z</time>
   </trkpt>
   <trkpt lat="51.6208420" lon="-0.1055390">
    <ele>39.2</ele>
    <time>2020-08-08T09:17:45Z</time>
   </trkpt>
   <trkpt lat="51.6208250" lon="-0.1054650">
    <ele>39.1</ele>
    <time>2020-08-08T09:17:46Z</time>
   </trkpt>
   <trkpt lat="51.6208070" lon="-0.1053890">
    <ele>39.1</ele>
    <time>2020-08-08T09:17:47Z</time>
   </trkpt>
   <trkpt lat="51.6207940" lon="-0.1052960">
    <ele>39.0</ele>
    <time>2020-08-08T09:17:48Z</time>
   </trkpt>
   <trkpt lat="51.6207850" lon="-0.1050900">
    <ele>38.8</ele>
    <time>2020-08-08T09:17:50Z</time>
   </trkpt>
   <trkpt lat="51.6207520" lon="-0.1048860">
    <ele>38.6</ele>
    <time>2020-08-08T09:17:52Z</time>
   </trkpt>
   <trkpt lat="51.6207200" lon="-0.1046870">
    <ele>38.4</ele>
    <time>2020-08-08T09:17:54Z</time>
   </trkpt>
   <trkpt lat="51.6206900" lon="-0.1044790">
    <ele>38.0</ele>
    <time>2020-08-08T09:17:56Z</time>
   </trkpt>
   <trkpt lat="51.6206530" lon="-0.1042870">
    <ele>37.7</ele>
    <time>2020-08-08T09:17:58Z</time>
   </trkpt>
   <trkpt lat="51.6206320" lon="-0.1041900">
    <ele>37.6</ele>
    <time>2020-08-08T09:17:59Z</time>
   </trkpt>
   <trkpt lat="51.6206150" lon="-0.1040920">
    <ele>37.5</ele>
    <time>2020-08-08T09:18:00Z</time>
   </trkpt>
   <trkpt lat="51.6205860" lon="-0.1038920">
    <ele>37.2</ele>
    <time>2020-08-08T09:18:02Z</time>
   </trkpt>
   <trkpt lat="51.6205690" lon="-0.1037920">
    <ele>37.0</ele>
    <time>2020-08-08T09:18:03Z</time>
   </trkpt>
   <trkpt lat="51.6205360" lon="-0.1035900">
    <ele>36.7</ele>
    <time>2020-08-08T09:18:05Z</time>
   </trkpt>
   <trkpt lat="51.6205190" lon="-0.1034840">
    <ele>36.5</ele>
    <time>2020-08-08T09:18:06Z</time>
   </trkpt>
   <trkpt lat="51.6204850" lon="-0.1032820">
    <ele>36.1</ele>
    <time>2020-08-08T09:18:08Z</time>
   </trkpt>
   <trkpt lat="51.6204500" lon="-0.1030900">
    <ele>35.7</ele>
    <time>2020-08-08T09:18:10Z</time>
   </trkpt>
   <trkpt lat="51.6204380" lon="-0.1029900">
    <ele>35.5</ele>
    <time>2020-08-08T09:18:11Z</time>
   </trkpt>
   <trkpt lat="51.6204010" lon="-0.1028040">
    <ele>35.1</ele>
    <time>2020-08-08T09:18:13Z</time>
   </trkpt>
   <trkpt lat="51.6203870" lon="-0.1027050">
    <ele>35.0</ele>
    <time>2020-08-08T09:18:14Z</time>
   </trkpt>
   <trkpt lat="51.6203670" lon="-0.1025170">
    <ele>35.0</ele>
    <time>2020-08-08T09:18:16Z</time>
   </trkpt>
   <trkpt lat="51.6203620" lon="-0.1024120">
    <ele>34.9</ele>
    <time>2020-08-08T09:18:18Z</time>
   </trkpt>
   <trkpt lat="51.6204110" lon="-0.1023430">
    <ele>34.9</ele>
    <time>2020-08-08T09:18:20Z</time>
   </trkpt>
   <trkpt lat="51.6205010" lon="-0.1023180">
    <ele>34.8</ele>
    <time>2020-08-08T09:18:22Z</time>
   </trkpt>
   <trkpt lat="51.6205510" lon="-0.1022980">
    <ele>34.7</ele>
    <time>2020-08-08T09:18:23Z</time>
   </trkpt>
   <trkpt lat="51.6206590" lon="-0.1022580">
    <ele>34.7</ele>
    <time>2020-08-08T09:18:25Z</time>
   </trkpt>
   <trkpt lat="51.6207130" lon="-0.1022380">
    <ele>34.7</ele>
    <time>2020-08-08T09:18:26Z</time>
   </trkpt>
   <trkpt lat="51.6208210" lon="-0.1021960">
    <ele>34.7</ele>
    <time>2020-08-08T09:18:28Z</time>
   </trkpt>
   <trkpt lat="51.6209270" lon="-0.1021550">
    <ele>34.7</ele>
    <time>2020-08-08T09:18:30Z</time>
   </trkpt>
   <trkpt lat="51.6209790" lon="-0.1021310">
    <ele>34.7</ele>
    <time>2020-08-08T09:18:31Z</time>
   </trkpt>
   <trkpt lat="51.6210800" lon="-0.1020900">
    <ele>34.5</ele>
    <time>2020-08-08T09:18:33Z</time>
   </trkpt>
   <trkpt lat="51.6211240" lon="-0.1020870">
    <ele>35.2</ele>
    <time>2020-08-08T09:18:34Z</time>
   </trkpt>
   <trkpt lat="51.6211480" lon="-0.1021180">
    <ele>35.6</ele>
    <time>2020-08-08T09:18:35Z</time>
   </trkpt>
   <trkpt lat="51.6211680" lon="-0.1022640">
    <ele>36.5</ele>
    <time>2020-08-08T09:18:37Z</time>
   </trkpt>
   <trkpt lat="51.6211950" lon="-0.1024460">
    <ele>37.0</ele>
    <time>2020-08-08T09:18:39Z</time>
   </trkpt>
   <trkpt lat="51.6212090" lon="-0.1025430">
    <ele>37.0</ele>
    <time>2020-08-08T09:18:40Z</time>
   </trkpt>
   <trkpt lat="51.6212390" lon="-0.1026980">
    <ele>37.0</ele>
    <time>2020-08-08T09:18:42Z</time>
   </trkpt>
   <trkpt lat="51.6212600" lon="-0.1027350">
    <ele>37.0</ele>
    <time>2020-08-08T09:18:43Z</time>
   </trkpt>
   <trkpt lat="51.6212940" lon="-0.1026790">
    <ele>37.0</ele>
    <time>2020-08-08T09:18:45Z</time>
   </trkpt>
   <trkpt lat="51.6213030" lon="-0.1026700">
    <ele>36.9</ele>
    <time>2020-08-08T09:18:47Z</time>
   </trkpt>
   <trkpt lat="51.6213140" lon="-0.1026720">
    <ele>36.9</ele>
    <time>2020-08-08T09:18:48Z</time>
   </trkpt>
   <trkpt lat="51.6213190" lon="-0.1027050">
    <ele>36.9</ele>
    <time>2020-08-08T09:18:50Z</time>
   </trkpt>
   <trkpt lat="51.6213090" lon="-0.1027460">
    <ele>36.9</ele>
    <time>2020-08-08T09:18:51Z</time>
   </trkpt>
   <trkpt lat="51.6212860" lon="-0.1028080">
    <ele>36.8</ele>
    <time>2020-08-08T09:18:53Z</time>
   </trkpt>
   <trkpt lat="51.6212820" lon="-0.1028390">
    <ele>36.8</ele>
    <time>2020-08-08T09:18:55Z</time>
   </trkpt>
   <trkpt lat="51.6212820" lon="-0.1028590">
    <ele>36.8</ele>
    <time>2020-08-08T09:18:56Z</time>
   </trkpt>
   <trkpt lat="51.6212850" lon="-0.1028740">
    <ele>36.8</ele>
    <time>2020-08-08T09:18:57Z</time>
   </trkpt>
   <trkpt lat="51.6212850" lon="-0.1028890">
    <ele>36.8</ele>
    <time>2020-08-08T09:18:59Z</time>
   </trkpt>
   <trkpt lat="51.6212830" lon="-0.1028950">
    <ele>36.8</ele>
    <time>2020-08-08T09:19:00Z</time>
   </trkpt>
   <trkpt lat="51.6212810" lon="-0.1029070">
    <ele>36.8</ele>
    <time>2020-08-08T09:19:02Z</time>
   </trkpt>
   <trkpt lat="51.6212800" lon="-0.1029150">
    <ele>36.8</ele>
    <time>2020-08-08T09:19:03Z</time>
   </trkpt>
   <trkpt lat="51.6212780" lon="-0.1029310">
    <ele>36.8</ele>
    <time>2020-08-08T09:19:05Z</time>
   </trkpt>
   <trkpt lat="51.6212750" lon="-0.1029470">
    <ele>36.8</ele>
    <time>2020-08-08T09:19:06Z</time>
   </trkpt>
  </trkseg>
 </trk>
</gpx>
