<?xml version="1.0" encoding="UTF-8"?>
<gpx creator="StravaGPX" version="1.1" xmlns="http://www.topografix.com/GPX/1/1" xmlns:xsi="http://www.w3.org/2001/XMLSchema-instance" xsi:schemaLocation="http://www.topografix.com/GPX/1/1 http://www.topografix.com/GPX/1/1/gpx.xsd">
 <metadata>
  <time>2021-12-18T10:16:08Z</time>
 </metadata>
 <trk>
  <name>Post-chanukah fitness slump</name>
  <type>cycling</type>
  <trkseg>
   <trkpt lat="51.6212120" lon="-0.1031160">
    <ele>36.1</ele>
    <time>2021-12-18T10:16:08Z</time>
   </trkpt>
   <trkpt lat="51.6212060" lon="-0.1031090">
    <ele>36.1</ele>
    <time>2021-12-18T10:16:10Z</time>
   </trkpt>
   <trkpt lat="51.6212000" lon="-0.1031060">
    <ele>36.2</ele>
    <time>2021-12-18T10:16:11Z</time>
   </trkpt>
   <trkpt lat="51.6211990" lon="-0.1031030">
    <ele>36.2</ele>
    <time>2021-12-18T10:16:12Z</time>
   </trkpt>
   <trkpt lat="51.6212030" lon="-0.1030910">
    <ele>36.2</ele>
    <time>2021-12-18T10:16:14Z</time>
   </trkpt>
   <trkpt lat="51.6212050" lon="-0.1030840">
    <ele>36.2</ele>
    <time>2021-12-18T10:16:15Z</time>
   </trkpt>
   <trkpt lat="51.6212000" lon="-0.1030900">
    <ele>36.2</ele>
    <time>2021-12-18T10:16:17Z</time>
   </trkpt>
   <trkpt lat="51.6212060" lon="-0.1030800">
    <ele>36.2</ele>
    <time>2021-12-18T10:16:19Z</time>
   </trkpt>
   <trkpt lat="51.6212300" lon="-0.1030650">
    <ele>36.3</ele>
    <time>2021-12-18T10:16:21Z</time>
   </trkpt>
   <trkpt lat="51.6212480" lon="-0.1030830">
    <ele>36.4</ele>
    <time>2021-12-18T10:16:23Z</time>
   </trkpt>
   <trkpt lat="51.6212670" lon="-0.1031020">
    <ele>36.5</ele>
    <time>2021-12-18T10:16:25Z</time>
   </trkpt>
   <trkpt lat="51.6212790" lon="-0.1030990">
    <ele>36.5</ele>
    <time>2021-12-18T10:16:26Z</time>
   </trkpt>
   <trkpt lat="51.6212990" lon="-0.1031010">
    <ele>36.5</ele>
    <time>2021-12-18T10:16:28Z</time>
   </trkpt>
   <trkpt lat="51.6213060" lon="-0.1031070">
    <ele>36.6</ele>
    <time>2021-12-18T10:16:29Z</time>
   </trkpt>
   <trkpt lat="51.6213080" lon="-0.1031110">
    <ele>36.6</ele>
    <time>2021-12-18T10:16:30Z</time>
   </trkpt>
   <trkpt lat="51.6213100" lon="-0.1031140">
    <ele>36.6</ele>
    <time>2021-12-18T10:16:31Z</time>
   </trkpt>
   <trkpt lat="51.6213150" lon="-0.1031240">
    <ele>36.6</ele>
    <time>2021-12-18T10:16:33Z</time>
   </trkpt>
   <trkpt lat="51.6213250" lon="-0.1031810">
    <ele>36.7</ele>
    <time>2021-12-18T10:16:35Z</time>
   </trkpt>
   <trkpt lat="51.6213350" lon="-0.1032340">
    <ele>36.8</ele>
    <time>2021-12-18T10:16:36Z</time>
   </trkpt>
   <trkpt lat="51.6213650" lon="-0.1033740">
    <ele>37.1</ele>
    <time>2021-12-18T10:16:38Z</time>
   </trkpt>
   <trkpt lat="51.6214010" lon="-0.1035330">
    <ele>37.3</ele>
    <time>2021-12-18T10:16:40Z</time>
   </trkpt>
   <trkpt lat="51.6214190" lon="-0.1036120">
    <ele>37.5</ele>
    <time>2021-12-18T10:16:41Z</time>
   </trkpt>
   <trkpt lat="51.6214520" lon="-0.1037600">
    <ele>37.7</ele>
    <time>2021-12-18T10:16:43Z</time>
   </trkpt>
   <trkpt lat="51.6214680" lon="-0.1038420">
    <ele>37.9</ele>
    <time>2021-12-18T10:16:44Z</time>
   </trkpt>
   <trkpt lat="51.6215010" lon="-0.1040080">
    <ele>38.2</ele>
    <time>2021-12-18T10:16:46Z</time>
   </trkpt>
   <trkpt lat="51.6215210" lon="-0.1040920">
    <ele>38.4</ele>
    <time>2021-12-18T10:16:47Z</time>
   </trkpt>
   <trkpt lat="51.6215570" lon="-0.1042620">
    <ele>38.7</ele>
    <time>2021-12-18T10:16:49Z</time>
   </trkpt>
   <trkpt lat="51.6215740" lon="-0.1043510">
    <ele>38.9</ele>
    <time>2021-12-18T10:16:50Z</time>
   </trkpt>
   <trkpt lat="51.6215890" lon="-0.1044420">
    <ele>39.1</ele>
    <time>2021-12-18T10:16:51Z</time>
   </trkpt>
   <trkpt lat="51.6216230" lon="-0.1046210">
    <ele>39.5</ele>
    <time>2021-12-18T10:16:53Z</time>
   </trkpt>
   <trkpt lat="51.6216540" lon="-0.1047930">
    <ele>39.8</ele>
    <time>2021-12-18T10:16:55Z</time>
   </trkpt>
   <trkpt lat="51.6216700" lon="-0.1048790">
    <ele>40.0</ele>
    <time>2021-12-18T10:16:56Z</time>
   </trkpt>
   <trkpt lat="51.6217040" lon="-0.1050470">
    <ele>40.4</ele>
    <time>2021-12-18T10:16:58Z</time>
   </trkpt>
   <trkpt lat="51.6217360" lon="-0.1052020">
    <ele>40.8</ele>
    <time>2021-12-18T10:17:00Z</time>
   </trkpt>
   <trkpt lat="51.6217490" lon="-0.1052740">
    <ele>41.0</ele>
    <time>2021-12-18T10:17:01Z</time>
   </trkpt>
   <trkpt lat="51.6217700" lon="-0.1053950">
    <ele>41.3</ele>
    <time>2021-12-18T10:17:03Z</time>
   </trkpt>
   <trkpt lat="51.6217790" lon="-0.1054430">
    <ele>41.4</ele>
    <time>2021-12-18T10:17:04Z</time>
   </trkpt>
   <trkpt lat="51.6217990" lon="-0.1055130">
    <ele>41.5</ele>
    <time>2021-12-18T10:17:06Z</time>
   </trkpt>
   <trkpt lat="51.6217860" lon="-0.1055790">
    <ele>41.6</ele>
    <time>2021-12-18T10:17:08Z</time>
   </trkpt>
   <trkpt lat="51.6217470" lon="-0.1056030">
    <ele>41.5</ele>
    <time>2021-12-18T10:17:09Z</time>
   </trkpt>
   <trkpt lat="51.6216970" lon="-0.1056260">
    <ele>41.4</ele>
    <time>2021-12-18T10:17:10Z</time>
   </trkpt>
   <trkpt lat="51.6215850" lon="-0.1056970">
    <ele>41.2</ele>
    <time>2021-12-18T10:17:12Z</time>
   </trkpt>
   <trkpt lat="51.6215300" lon="-0.1057330">
    <ele>41.1</ele>
    <time>2021-12-18T10:17:13Z</time>
   </trkpt>
   <trkpt lat="51.6214100" lon="-0.1058000">
    <ele>40.9</ele>
    <time>2021-12-18T10:17:15Z</time>
   </trkpt>
   <trkpt lat="51.6213430" lon="-0.1058320">
    <ele>40.8</ele>
    <time>2021-12-18T10:17:16Z</time>
   </trkpt>
   <trkpt lat="51.6212160" lon="-0.1058990">
    <ele>40.7</ele>
    <time>2021-12-18T10:17:18Z</time>
   </trkpt>
   <trkpt lat="51.6211430" lon="-0.1059320">
    <ele>40.6</ele>
    <time>2021-12-18T10:17:19Z</time>
   </trkpt>
   <trkpt lat="51.6210670" lon="-0.1059690">
    <ele>40.6</ele>
    <time>2021-12-18T10:17:20Z</time>
   </trkpt>
   <trkpt lat="51.6209230" lon="-0.1060380">
    <ele>40.4</ele>
    <time>2021-12-18T10:17:22Z</time>
   </trkpt>
   <trkpt lat="51.6207590" lon="-0.1061200">
    <ele>40.3</ele>
    <time>2021-12-18T10:17:24Z</time>
   </trkpt>
   <trkpt lat="51.6206730" lon="-0.1061600">
    <ele>40.2</ele>
    <time>2021-12-18T10:17:25Z</time>
   </trkpt>
   <trkpt lat="51.6205350" lon="-0.1062420">
    <ele>40.0</ele>
    <time>2021-12-18T10:17:27Z</time>
   </trkpt>
   <trkpt lat="51.6204330" lon="-0.1063100">
    <ele>39.9</ele>
    <time>2021-12-18T10:17:29Z</time>
   </trkpt>
   <trkpt lat="51.6203790" lon="-0.1063420">
    <ele>39.8</ele>
    <time>2021-12-18T10:17:30Z</time>
   </trkpt>
   <trkpt lat="51.6202590" lon="-0.1064190">
    <ele>39.6</ele>
    <time>2021-12-18T10:17:32Z</time>
   </trkpt>
   <trkpt lat="51.6201890" lon="-0.1064650">
    <ele>39.5</ele>
    <time>2021-12-18T10:17:33Z</time>
   </trkpt>
   <trkpt lat="51.6200370" lon="-0.1065740">
    <ele>39.1</ele>
    <time>2021-12-18T10:17:35Z</time>
   </trkpt>
   <trkpt lat="51.6198870" lon="-0.1066820">
    <ele>38.7</ele>
    <time>2021-12-18T10:17:37Z</time>
   </trkpt>
   <trkpt lat="51.6198130" lon="-0.1067330">
    <ele>38.4</ele>
    <time>2021-12-18T10:17:38Z</time>
   </trkpt>
   <trkpt lat="51.6196710" lon="-0.1068280">
    <ele>38.0</ele>
    <time>2021-12-18T10:17:40Z</time>
   </trkpt>
   <trkpt lat="51.6196000" lon="-0.1068710">
    <ele>37.8</ele>
    <time>2021-12-18T10:17:41Z</time>
   </trkpt>
   <trkpt lat="51.6194740" lon="-0.1069620">
    <ele>37.5</ele>
    <time>2021-12-18T10:17:43Z</time>
   </trkpt>
   <trkpt lat="51.6193670" lon="-0.1070340">
    <ele>37.2</ele>
    <time>2021-12-18T10:17:45Z</time>
   </trkpt>
   <trkpt lat="51.6193070" lon="-0.1070810">
    <ele>37.0</ele>
    <time>2021-12-18T10:17:47Z</time>
   </trkpt>
   <trkpt lat="51.6192730" lon="-0.1071090">
    <ele>37.0</ele>
    <time>2021-12-18T10:17:49Z</time>
   </trkpt>
   <trkpt lat="51.6192400" lon="-0.1071510">
    <ele>36.9</ele>
    <time>2021-12-18T10:17:51Z</time>
   </trkpt>
   <trkpt lat="51.6192010" lon="-0.1072040">
    <ele>36.8</ele>
    <time>2021-12-18T10:17:53Z</time>
   </trkpt>
   <trkpt lat="51.6191770" lon="-0.1072260">
    <ele>36.8</ele>
    <time>2021-12-18T10:17:54Z</time>
   </trkpt>
   <trkpt lat="51.6191330" lon="-0.1072650">
    <ele>36.7</ele>
    <time>2021-12-18T10:17:56Z</time>
   </trkpt>
   <trkpt lat="51.6191120" lon="-0.1072860">
    <ele>36.7</ele>
    <time>2021-12-18T10:17:57Z</time>
   </trkpt>
   <trkpt lat="51.6190590" lon="-0.1073370">
    <ele>36.6</ele>
    <time>2021-12-18T10:17:59Z</time>
   </trkpt>
   <trkpt lat="51.6190110" lon="-0.1073680">
    <ele>36.6</ele>
    <time>2021-12-18T10:18:00Z</time>
   </trkpt>
   <trkpt lat="51.6189110" lon="-0.1074480">
    <ele>36.5</ele>
    <time>2021-12-18T10:18:02Z</time>
   </trkpt>
   <trkpt lat="51.6188160" lon="-0.1075260">
    <ele>36.5</ele>
    <time>2021-12-18T10:18:04Z</time>
   </trkpt>
   <trkpt lat="51.6187710" lon="-0.1075590">
    <ele>36.5</ele>
    <time>2021-12-18T10:18:05Z</time>
   </trkpt>
   <trkpt lat="51.6187360" lon="-0.1075870">
    <ele>36.5</ele>
    <time>2021-12-18T10:18:06Z</time>
   </trkpt>
   <trkpt lat="51.6186820" lon="-0.1076270">
    <ele>36.4</ele>
    <time>2021-12-18T10:18:08Z</time>
   </trkpt>
   <trkpt lat="51.6186630" lon="-0.1076460">
    <ele>36.4</ele>
    <time>2021-12-18T10:18:09Z</time>
   </trkpt>
   <trkpt lat="51.6186160" lon="-0.1076890">
    <ele>36.4</ele>
    <time>2021-12-18T10:18:11Z</time>
   </trkpt>
   <trkpt lat="51.6185900" lon="-0.1077200">
    <ele>36.4</ele>
    <time>2021-12-18T10:18:12Z</time>
   </trkpt>
   <trkpt lat="51.6185600" lon="-0.1077560">
    <ele>36.4</ele>
    <time>2021-12-18T10:18:13Z</time>
   </trkpt>
   <trkpt lat="51.6185330" lon="-0.1077900">
    <ele>36.4</ele>
    <time>2021-12-18T10:18:14Z</time>
   </trkpt>
   <trkpt lat="51.6185040" lon="-0.1078230">
    <ele>36.4</ele>
    <time>2021-12-18T10:18:15Z</time>
   </trkpt>
   <trkpt lat="51.6184400" lon="-0.1078980">
    <ele>36.4</ele>
    <time>2021-12-18T10:18:17Z</time>
   </trkpt>
   <trkpt lat="51.6184050" lon="-0.1079480">
    <ele>36.5</ele>
    <time>2021-12-18T10:18:18Z</time>
   </trkpt>
   <trkpt lat="51.6183480" lon="-0.1080430">
    <ele>36.5</ele>
    <time>2021-12-18T10:18:20Z</time>
   </trkpt>
   <trkpt lat="51.6183030" lon="-0.1081230">
    <ele>36.6</ele>
    <time>2021-12-18T10:18:22Z</time>
   </trkpt>
   <trkpt lat="51.6182790" lon="-0.1081720">
    <ele>36.6</ele>
    <time>2021-12-18T10:18:23Z</time>
   </trkpt>
   <trkpt lat="51.6182720" lon="-0.1081870">
    <ele>36.6</ele>
    <time>2021-12-18T10:18:24Z</time>
   </trkpt>
   <trkpt lat="51.6182280" lon="-0.1082650">
    <ele>36.7</ele>
    <time>2021-12-18T10:18:26Z</time>
   </trkpt>
   <trkpt lat="51.6181960" lon="-0.1083160">
    <ele>36.7</ele>
    <time>2021-12-18T10:18:27Z</time>
   </trkpt>
   <trkpt lat="51.6181230" lon="-0.1084390">
    <ele>36.9</ele>
    <time>2021-12-18T10:18:29Z</time>
   </trkpt>
   <trkpt lat="51.6180460" lon="-0.1085690">
    <ele>37.1</ele>
    <time>2021-12-18T10:18:31Z</time>
   </trkpt>
   <trkpt lat="51.6179450" lon="-0.1087090">
    <ele>37.4</ele>
    <time>2021-12-18T10:18:33Z</time>
   </trkpt>
   <trkpt lat="51.6178930" lon="-0.1087880">
    <ele>37.5</ele>
    <time>2021-12-18T10:18:34Z</time>
   </trkpt>
   <trkpt lat="51.6177690" lon="-0.1089210">
    <ele>38.2</ele>
    <time>2021-12-18T10:18:36Z</time>
   </trkpt>
   <trkpt lat="51.6176990" lon="-0.1089770">
    <ele>38.3</ele>
    <time>2021-12-18T10:18:37Z</time>
   </trkpt>
   <trkpt lat="51.6175460" lon="-0.1090500">
    <ele>38.4</ele>
    <time>2021-12-18T10:18:39Z</time>
   </trkpt>
   <trkpt lat="51.6173700" lon="-0.1090830">
    <ele>38.3</ele>
    <time>2021-12-18T10:18:41Z</time>
   </trkpt>
   <trkpt lat="51.6172730" lon="-0.1091040">
    <ele>38.2</ele>
    <time>2021-12-18T10:18:42Z</time>
   </trkpt>
   <trkpt lat="51.6170720" lon="-0.1091610">
    <ele>37.9</ele>
    <time>2021-12-18T10:18:44Z</time>
   </trkpt>
   <trkpt lat="51.6169700" lon="-0.1091970">
    <ele>37.8</ele>
    <time>2021-12-18T10:18:45Z</time>
   </trkpt>
   <trkpt lat="51.6167830" lon="-0.1092640">
    <ele>37.6</ele>
    <time>2021-12-18T10:18:47Z</time>
   </trkpt>
   <trkpt lat="51.6166830" lon="-0.1092980">
    <ele>37.4</ele>
    <time>2021-12-18T10:18:48Z</time>
   </trkpt>
   <trkpt lat="51.6165180" lon="-0.1093560">
    <ele>37.1</ele>
    <time>2021-12-18T10:18:50Z</time>
   </trkpt>
   <trkpt lat="51.6164330" lon="-0.1093640">
    <ele>36.9</ele>
    <time>2021-12-18T10:18:51Z</time>
   </trkpt>
   <trkpt lat="51.6162950" lon="-0.1093810">
    <ele>36.6</ele>
    <time>2021-12-18T10:18:53Z</time>
   </trkpt>
   <trkpt lat="51.6162300" lon="-0.1093970">
    <ele>36.4</ele>
    <time>2021-12-18T10:18:54Z</time>
   </trkpt>
   <trkpt lat="51.6161100" lon="-0.1094180">
    <ele>36.0</ele>
    <time>2021-12-18T10:18:56Z</time>
   </trkpt>
   <trkpt lat="51.6160530" lon="-0.1094290">
    <ele>35.9</ele>
    <time>2021-12-18T10:18:57Z</time>
   </trkpt>
   <trkpt lat="51.6159410" lon="-0.1094440">
    <ele>35.6</ele>
    <time>2021-12-18T10:18:59Z</time>
   </trkpt>
   <trkpt lat="51.6158860" lon="-0.1094590">
    <ele>35.5</ele>
    <time>2021-12-18T10:19:00Z</time>
   </trkpt>
   <trkpt lat="51.6158250" lon="-0.1094740">
    <ele>35.3</ele>
    <time>2021-12-18T10:19:01Z</time>
   </trkpt>
   <trkpt lat="51.6156830" lon="-0.1095000">
    <ele>34.9</ele>
    <time>2021-12-18T10:19:03Z</time>
   </trkpt>
   <trkpt lat="51.6156060" lon="-0.1095170">
    <ele>34.5</ele>
    <time>2021-12-18T10:19:04Z</time>
   </trkpt>
   <trkpt lat="51.6154490" lon="-0.1095450">
    <ele>33.6</ele>
    <time>2021-12-18T10:19:06Z</time>
   </trkpt>
   <trkpt lat="51.6152890" lon="-0.1095530">
    <ele>32.8</ele>
    <time>2021-12-18T10:19:08Z</time>
   </trkpt>
   <trkpt lat="51.6151200" lon="-0.1095560">
    <ele>32.1</ele>
    <time>2021-12-18T10:19:10Z</time>
   </trkpt>
   <trkpt lat="51.6150380" lon="-0.1095650">
    <ele>31.8</ele>
    <time>2021-12-18T10:19:11Z</time>
   </trkpt>
   <trkpt lat="51.6148880" lon="-0.1095670">
    <ele>30.9</ele>
    <time>2021-12-18T10:19:13Z</time>
   </trkpt>
   <trkpt lat="51.6148200" lon="-0.1095740">
    <ele>30.5</ele>
    <time>2021-12-18T10:19:14Z</time>
   </trkpt>
   <trkpt lat="51.6147570" lon="-0.1095850">
    <ele>30.1</ele>
    <time>2021-12-18T10:19:15Z</time>
   </trkpt>
   <trkpt lat="51.6147080" lon="-0.1096000">
    <ele>29.8</ele>
    <time>2021-12-18T10:19:16Z</time>
   </trkpt>
   <trkpt lat="51.6146740" lon="-0.1096100">
    <ele>29.7</ele>
    <time>2021-12-18T10:19:17Z</time>
   </trkpt>
   <trkpt lat="51.6146310" lon="-0.1096380">
    <ele>29.4</ele>
    <time>2021-12-18T10:19:19Z</time>
   </trkpt>
   <trkpt lat="51.6146200" lon="-0.1097210">
    <ele>29.3</ele>
    <time>2021-12-18T10:19:21Z</time>
   </trkpt>
   <trkpt lat="51.6146280" lon="-0.1097870">
    <ele>29.3</ele>
    <time>2021-12-18T10:19:22Z</time>
   </trkpt>
   <trkpt lat="51.6146360" lon="-0.1099580">
    <ele>29.0</ele>
    <time>2021-12-18T10:19:24Z</time>
   </trkpt>
   <trkpt lat="51.6146390" lon="-0.1100570">
    <ele>28.7</ele>
    <time>2021-12-18T10:19:25Z</time>
   </trkpt>
   <trkpt lat="51.6146450" lon="-0.1101620">
    <ele>28.5</ele>
    <time>2021-12-18T10:19:26Z</time>
   </trkpt>
   <trkpt lat="51.6146570" lon="-0.1103740">
    <ele>28.2</ele>
    <time>2021-12-18T10:19:28Z</time>
   </trkpt>
   <trkpt lat="51.6146560" lon="-0.1105960">
    <ele>27.9</ele>
    <time>2021-12-18T10:19:30Z</time>
   </trkpt>
   <trkpt lat="51.6146530" lon="-0.1107110">
    <ele>27.8</ele>
    <time>2021-12-18T10:19:31Z</time>
   </trkpt>
   <trkpt lat="51.6146440" lon="-0.1109600">
    <ele>27.6</ele>
    <time>2021-12-18T10:19:33Z</time>
   </trkpt>
   <trkpt lat="51.6146120" lon="-0.1112010">
    <ele>27.4</ele>
    <time>2021-12-18T10:19:35Z</time>
   </trkpt>
   <trkpt lat="51.6145800" lon="-0.1113180">
    <ele>27.2</ele>
    <time>2021-12-18T10:19:36Z</time>
   </trkpt>
   <trkpt lat="51.6145370" lon="-0.1114270">
    <ele>27.1</ele>
    <time>2021-12-18T10:19:37Z</time>
   </trkpt>
   <trkpt lat="51.6144760" lon="-0.1115240">
    <ele>27.0</ele>
    <time>2021-12-18T10:19:38Z</time>
   </trkpt>
   <trkpt lat="51.6143430" lon="-0.1117080">
    <ele>26.8</ele>
    <time>2021-12-18T10:19:40Z</time>
   </trkpt>
   <trkpt lat="51.6142670" lon="-0.1117930">
    <ele>26.8</ele>
    <time>2021-12-18T10:19:41Z</time>
   </trkpt>
   <trkpt lat="51.6141880" lon="-0.1118770">
    <ele>26.8</ele>
    <time>2021-12-18T10:19:42Z</time>
   </trkpt>
   <trkpt lat="51.6141190" lon="-0.1119690">
    <ele>26.8</ele>
    <time>2021-12-18T10:19:43Z</time>
   </trkpt>
   <trkpt lat="51.6139630" lon="-0.1121390">
    <ele>26.8</ele>
    <time>2021-12-18T10:19:45Z</time>
   </trkpt>
   <trkpt lat="51.6138220" lon="-0.1123280">
    <ele>26.9</ele>
    <time>2021-12-18T10:19:47Z</time>
   </trkpt>
   <trkpt lat="51.6137500" lon="-0.1124130">
    <ele>26.9</ele>
    <time>2021-12-18T10:19:48Z</time>
   </trkpt>
   <trkpt lat="51.6136860" lon="-0.1125070">
    <ele>26.9</ele>
    <time>2021-12-18T10:19:49Z</time>
   </trkpt>
   <trkpt lat="51.6135630" lon="-0.1126410">
    <ele>27.0</ele>
    <time>2021-12-18T10:19:51Z</time>
   </trkpt>
   <trkpt lat="51.6134450" lon="-0.1127880">
    <ele>27.2</ele>
    <time>2021-12-18T10:19:53Z</time>
   </trkpt>
   <trkpt lat="51.6133350" lon="-0.1129570">
    <ele>27.4</ele>
    <time>2021-12-18T10:19:55Z</time>
   </trkpt>
   <trkpt lat="51.6132770" lon="-0.1130350">
    <ele>27.6</ele>
    <time>2021-12-18T10:19:56Z</time>
   </trkpt>
   <trkpt lat="51.6132160" lon="-0.1131080">
    <ele>27.8</ele>
    <time>2021-12-18T10:19:57Z</time>
   </trkpt>
   <trkpt lat="51.6131520" lon="-0.1131830">
    <ele>28.0</ele>
    <time>2021-12-18T10:19:58Z</time>
   </trkpt>
   <trkpt lat="51.6130340" lon="-0.1133200">
    <ele>28.5</ele>
    <time>2021-12-18T10:20:00Z</time>
   </trkpt>
   <trkpt lat="51.6129750" lon="-0.1133740">
    <ele>28.8</ele>
    <time>2021-12-18T10:20:01Z</time>
   </trkpt>
   <trkpt lat="51.6129210" lon="-0.1134250">
    <ele>29.0</ele>
    <time>2021-12-18T10:20:02Z</time>
   </trkpt>
   <trkpt lat="51.6128240" lon="-0.1135110">
    <ele>29.3</ele>
    <time>2021-12-18T10:20:04Z</time>
   </trkpt>
   <trkpt lat="51.6127850" lon="-0.1135610">
    <ele>29.4</ele>
    <time>2021-12-18T10:20:05Z</time>
   </trkpt>
   <trkpt lat="51.6127670" lon="-0.1137200">
    <ele>29.8</ele>
    <time>2021-12-18T10:20:07Z</time>
   </trkpt>
   <trkpt lat="51.6127860" lon="-0.1137890">
    <ele>29.9</ele>
    <time>2021-12-18T10:20:08Z</time>
   </trkpt>
   <trkpt lat="51.6127970" lon="-0.1138570">
    <ele>30.1</ele>
    <time>2021-12-18T10:20:10Z</time>
   </trkpt>
   <trkpt lat="51.6127990" lon="-0.1138660">
    <ele>30.1</ele>
    <time>2021-12-18T10:20:11Z</time>
   </trkpt>
   <trkpt lat="51.6128040" lon="-0.1138520">
    <ele>30.1</ele>
    <time>2021-12-18T10:20:13Z</time>
   </trkpt>
   <trkpt lat="51.6128050" lon="-0.1138490">
    <ele>30.1</ele>
    <time>2021-12-18T10:20:14Z</time>
   </trkpt>
   <trkpt lat="51.6128060" lon="-0.1138520">
    <ele>30.1</ele>
    <time>2021-12-18T10:20:15Z</time>
   </trkpt>
   <trkpt lat="51.6128000" lon="-0.1138540">
    <ele>30.1</ele>
    <time>2021-12-18T10:20:17Z</time>
   </trkpt>
   <trkpt lat="51.6127970" lon="-0.1138550">
    <ele>30.1</ele>
    <time>2021-12-18T10:20:18Z</time>
   </trkpt>
   <trkpt lat="51.6127930" lon="-0.1138590">
    <ele>30.1</ele>
    <time>2021-12-18T10:20:20Z</time>
   </trkpt>
   <trkpt lat="51.6127940" lon="-0.1138610">
    <ele>30.1</ele>
    <time>2021-12-18T10:20:21Z</time>
   </trkpt>
   <trkpt lat="51.6127540" lon="-0.1139030">
    <ele>30.1</ele>
    <time>2021-12-18T10:20:23Z</time>
   </trkpt>
   <trkpt lat="51.6126840" lon="-0.1138810">
    <ele>30.1</ele>
    <time>2021-12-18T10:20:25Z</time>
   </trkpt>
   <trkpt lat="51.6126590" lon="-0.1137620">
    <ele>30.1</ele>
    <time>2021-12-18T10:20:27Z</time>
   </trkpt>
   <trkpt lat="51.6126050" lon="-0.1136910">
    <ele>30.0</ele>
    <time>2021-12-18T10:20:29Z</time>
   </trkpt>
   <trkpt lat="51.6125060" lon="-0.1137070">
    <ele>29.9</ele>
    <time>2021-12-18T10:20:31Z</time>
   </trkpt>
   <trkpt lat="51.6124060" lon="-0.1137390">
    <ele>30.0</ele>
    <time>2021-12-18T10:20:33Z</time>
   </trkpt>
   <trkpt lat="51.6123500" lon="-0.1137550">
    <ele>30.0</ele>
    <time>2021-12-18T10:20:34Z</time>
   </trkpt>
   <trkpt lat="51.6122880" lon="-0.1137730">
    <ele>30.0</ele>
    <time>2021-12-18T10:20:35Z</time>
   </trkpt>
   <trkpt lat="51.6121660" lon="-0.1138200">
    <ele>30.1</ele>
    <time>2021-12-18T10:20:37Z</time>
   </trkpt>
   <trkpt lat="51.6120330" lon="-0.1138430">
    <ele>30.1</ele>
    <time>2021-12-18T10:20:39Z</time>
   </trkpt>
   <trkpt lat="51.6119600" lon="-0.1138530">
    <ele>30.2</ele>
    <time>2021-12-18T10:20:40Z</time>
   </trkpt>
   <trkpt lat="51.6118260" lon="-0.1138790">
    <ele>30.2</ele>
    <time>2021-12-18T10:20:42Z</time>
   </trkpt>
   <trkpt lat="51.6116890" lon="-0.1139080">
    <ele>30.3</ele>
    <time>2021-12-18T10:20:44Z</time>
   </trkpt>
   <trkpt lat="51.6116180" lon="-0.1139220">
    <ele>30.3</ele>
    <time>2021-12-18T10:20:45Z</time>
   </trkpt>
   <trkpt lat="51.6114650" lon="-0.1139440">
    <ele>30.4</ele>
    <time>2021-12-18T10:20:47Z</time>
   </trkpt>
   <trkpt lat="51.6113120" lon="-0.1139550">
    <ele>30.4</ele>
    <time>2021-12-18T10:20:49Z</time>
   </trkpt>
   <trkpt lat="51.6111640" lon="-0.1139750">
    <ele>30.5</ele>
    <time>2021-12-18T10:20:51Z</time>
   </trkpt>
   <trkpt lat="51.6110840" lon="-0.1139880">
    <ele>30.5</ele>
    <time>2021-12-18T10:20:52Z</time>
   </trkpt>
   <trkpt lat="51.6109420" lon="-0.1140470">
    <ele>30.5</ele>
    <time>2021-12-18T10:20:54Z</time>
   </trkpt>
   <trkpt lat="51.6108600" lon="-0.1140600">
    <ele>30.5</ele>
    <time>2021-12-18T10:20:55Z</time>
   </trkpt>
   <trkpt lat="51.6107010" lon="-0.1140920">
    <ele>30.5</ele>
    <time>2021-12-18T10:20:57Z</time>
   </trkpt>
   <trkpt lat="51.6106170" lon="-0.1141010">
    <ele>30.6</ele>
    <time>2021-12-18T10:20:58Z</time>
   </trkpt>
   <trkpt lat="51.6105310" lon="-0.1141090">
    <ele>30.6</ele>
    <time>2021-12-18T10:20:59Z</time>
   </trkpt>
   <trkpt lat="51.6103800" lon="-0.1140950">
    <ele>30.7</ele>
    <time>2021-12-18T10:21:01Z</time>
   </trkpt>
   <trkpt lat="51.6103170" lon="-0.1141000">
    <ele>30.8</ele>
    <time>2021-12-18T10:21:02Z</time>
   </trkpt>
   <trkpt lat="51.6101930" lon="-0.1141490">
    <ele>30.8</ele>
    <time>2021-12-18T10:21:04Z</time>
   </trkpt>
   <trkpt lat="51.6101240" lon="-0.1141750">
    <ele>30.8</ele>
    <time>2021-12-18T10:21:05Z</time>
   </trkpt>
   <trkpt lat="51.6099760" lon="-0.1141960">
    <ele>30.8</ele>
    <time>2021-12-18T10:21:07Z</time>
   </trkpt>
   <trkpt lat="51.6099020" lon="-0.1142070">
    <ele>30.9</ele>
    <time>2021-12-18T10:21:08Z</time>
   </trkpt>
   <trkpt lat="51.6097510" lon="-0.1142240">
    <ele>31.1</ele>
    <time>2021-12-18T10:21:10Z</time>
   </trkpt>
   <trkpt lat="51.6096060" lon="-0.1142600">
    <ele>31.2</ele>
    <time>2021-12-18T10:21:12Z</time>
   </trkpt>
   <trkpt lat="51.6095270" lon="-0.1142710">
    <ele>31.3</ele>
    <time>2021-12-18T10:21:13Z</time>
   </trkpt>
   <trkpt lat="51.6094430" lon="-0.1142910">
    <ele>31.3</ele>
    <time>2021-12-18T10:21:14Z</time>
   </trkpt>
   <trkpt lat="51.6092930" lon="-0.1143000">
    <ele>31.5</ele>
    <time>2021-12-18T10:21:16Z</time>
   </trkpt>
   <trkpt lat="51.6092160" lon="-0.1143130">
    <ele>31.5</ele>
    <time>2021-12-18T10:21:17Z</time>
   </trkpt>
   <trkpt lat="51.6091370" lon="-0.1143230">
    <ele>31.6</ele>
    <time>2021-12-18T10:21:18Z</time>
   </trkpt>
   <trkpt lat="51.6090590" lon="-0.1143260">
    <ele>31.7</ele>
    <time>2021-12-18T10:21:19Z</time>
   </trkpt>
   <trkpt lat="51.6089080" lon="-0.1143500">
    <ele>31.8</ele>
    <time>2021-12-18T10:21:21Z</time>
   </trkpt>
   <trkpt lat="51.6088310" lon="-0.1143570">
    <ele>31.9</ele>
    <time>2021-12-18T10:21:22Z</time>
   </trkpt>
   <trkpt lat="51.6086830" lon="-0.1143770">
    <ele>32.0</ele>
    <time>2021-12-18T10:21:24Z</time>
   </trkpt>
   <trkpt lat="51.6086110" lon="-0.1143840">
    <ele>32.0</ele>
    <time>2021-12-18T10:21:25Z</time>
   </trkpt>
   <trkpt lat="51.6085440" lon="-0.1143950">
    <ele>32.1</ele>
    <time>2021-12-18T10:21:26Z</time>
   </trkpt>
   <trkpt lat="51.6084760" lon="-0.1144040">
    <ele>32.2</ele>
    <time>2021-12-18T10:21:27Z</time>
   </trkpt>
   <trkpt lat="51.6083350" lon="-0.1144250">
    <ele>32.3</ele>
    <time>2021-12-18T10:21:29Z</time>
   </trkpt>
   <trkpt lat="51.6082700" lon="-0.1144440">
    <ele>32.4</ele>
    <time>2021-12-18T10:21:30Z</time>
   </trkpt>
   <trkpt lat="51.6082050" lon="-0.1144560">
    <ele>32.5</ele>
    <time>2021-12-18T10:21:31Z</time>
   </trkpt>
   <trkpt lat="51.6081490" lon="-0.1144640">
    <ele>32.5</ele>
    <time>2021-12-18T10:21:32Z</time>
   </trkpt>
   <trkpt lat="51.6080780" lon="-0.1144800">
    <ele>32.6</ele>
    <time>2021-12-18T10:21:34Z</time>
   </trkpt>
   <trkpt lat="51.6080420" lon="-0.1144960">
    <ele>32.6</ele>
    <time>2021-12-18T10:21:35Z</time>
   </trkpt>
   <trkpt lat="51.6079980" lon="-0.1145090">
    <ele>32.7</ele>
    <time>2021-12-18T10:21:36Z</time>
   </trkpt>
   <trkpt lat="51.6078920" lon="-0.1145070">
    <ele>32.7</ele>
    <time>2021-12-18T10:21:38Z</time>
   </trkpt>
   <trkpt lat="51.6078320" lon="-0.1145100">
    <ele>32.8</ele>
    <time>2021-12-18T10:21:39Z</time>
   </trkpt>
   <trkpt lat="51.6077100" lon="-0.1145270">
    <ele>32.9</ele>
    <time>2021-12-18T10:21:41Z</time>
   </trkpt>
   <trkpt lat="51.6076490" lon="-0.1145360">
    <ele>33.0</ele>
    <time>2021-12-18T10:21:42Z</time>
   </trkpt>
   <trkpt lat="51.6075190" lon="-0.1145490">
    <ele>33.1</ele>
    <time>2021-12-18T10:21:44Z</time>
   </trkpt>
   <trkpt lat="51.6073800" lon="-0.1145590">
    <ele>33.2</ele>
    <time>2021-12-18T10:21:46Z</time>
   </trkpt>
   <trkpt lat="51.6072470" lon="-0.1145780">
    <ele>33.3</ele>
    <time>2021-12-18T10:21:48Z</time>
   </trkpt>
   <trkpt lat="51.6071770" lon="-0.1145880">
    <ele>33.3</ele>
    <time>2021-12-18T10:21:49Z</time>
   </trkpt>
   <trkpt lat="51.6071070" lon="-0.1145990">
    <ele>33.4</ele>
    <time>2021-12-18T10:21:50Z</time>
   </trkpt>
   <trkpt lat="51.6070410" lon="-0.1146170">
    <ele>33.4</ele>
    <time>2021-12-18T10:21:51Z</time>
   </trkpt>
   <trkpt lat="51.6069160" lon="-0.1146300">
    <ele>33.5</ele>
    <time>2021-12-18T10:21:53Z</time>
   </trkpt>
   <trkpt lat="51.6068500" lon="-0.1146330">
    <ele>33.5</ele>
    <time>2021-12-18T10:21:54Z</time>
   </trkpt>
   <trkpt lat="51.6067800" lon="-0.1146460">
    <ele>33.6</ele>
    <time>2021-12-18T10:21:55Z</time>
   </trkpt>
   <trkpt lat="51.6067130" lon="-0.1146600">
    <ele>33.6</ele>
    <time>2021-12-18T10:21:56Z</time>
   </trkpt>
   <trkpt lat="51.6065810" lon="-0.1146750">
    <ele>33.7</ele>
    <time>2021-12-18T10:21:58Z</time>
   </trkpt>
   <trkpt lat="51.6065190" lon="-0.1146780">
    <ele>33.7</ele>
    <time>2021-12-18T10:21:59Z</time>
   </trkpt>
   <trkpt lat="51.6064060" lon="-0.1147090">
    <ele>33.8</ele>
    <time>2021-12-18T10:22:01Z</time>
   </trkpt>
   <trkpt lat="51.6063020" lon="-0.1147480">
    <ele>33.9</ele>
    <time>2021-12-18T10:22:03Z</time>
   </trkpt>
   <trkpt lat="51.6062050" lon="-0.1147950">
    <ele>33.8</ele>
    <time>2021-12-18T10:22:05Z</time>
   </trkpt>
   <trkpt lat="51.6061340" lon="-0.1148480">
    <ele>33.8</ele>
    <time>2021-12-18T10:22:07Z</time>
   </trkpt>
   <trkpt lat="51.6060910" lon="-0.1148880">
    <ele>33.8</ele>
    <time>2021-12-18T10:22:09Z</time>
   </trkpt>
   <trkpt lat="51.6060210" lon="-0.1149360">
    <ele>33.8</ele>
    <time>2021-12-18T10:22:11Z</time>
   </trkpt>
   <trkpt lat="51.6059350" lon="-0.1149820">
    <ele>33.8</ele>
    <time>2021-12-18T10:22:13Z</time>
   </trkpt>
   <trkpt lat="51.6058490" lon="-0.1150260">
    <ele>33.8</ele>
    <time>2021-12-18T10:22:15Z</time>
   </trkpt>
   <trkpt lat="51.6057610" lon="-0.1150720">
    <ele>33.8</ele>
    <time>2021-12-18T10:22:17Z</time>
   </trkpt>
   <trkpt lat="51.6056680" lon="-0.1151200">
    <ele>33.8</ele>
    <time>2021-12-18T10:22:19Z</time>
   </trkpt>
   <trkpt lat="51.6055790" lon="-0.1151640">
    <ele>33.7</ele>
    <time>2021-12-18T10:22:21Z</time>
   </trkpt>
   <trkpt lat="51.6055300" lon="-0.1151860">
    <ele>33.7</ele>
    <time>2021-12-18T10:22:22Z</time>
   </trkpt>
   <trkpt lat="51.6054330" lon="-0.1152370">
    <ele>33.7</ele>
    <time>2021-12-18T10:22:24Z</time>
   </trkpt>
   <trkpt lat="51.6053870" lon="-0.1152610">
    <ele>33.7</ele>
    <time>2021-12-18T10:22:25Z</time>
   </trkpt>
   <trkpt lat="51.6053440" lon="-0.1152830">
    <ele>33.6</ele>
    <time>2021-12-18T10:22:26Z</time>
   </trkpt>
   <trkpt lat="51.6052580" lon="-0.1153360">
    <ele>33.6</ele>
    <time>2021-12-18T10:22:28Z</time>
   </trkpt>
   <trkpt lat="51.6052130" lon="-0.1153550">
    <ele>33.6</ele>
    <time>2021-12-18T10:22:29Z</time>
   </trkpt>
   <trkpt lat="51.6051150" lon="-0.1154050">
    <ele>33.6</ele>
    <time>2021-12-18T10:22:31Z</time>
   </trkpt>
   <trkpt lat="51.6050670" lon="-0.1154280">
    <ele>33.6</ele>
    <time>2021-12-18T10:22:32Z</time>
   </trkpt>
   <trkpt lat="51.6049920" lon="-0.1154610">
    <ele>33.5</ele>
    <time>2021-12-18T10:22:34Z</time>
   </trkpt>
   <trkpt lat="51.6049160" lon="-0.1154920">
    <ele>33.5</ele>
    <time>2021-12-18T10:22:36Z</time>
   </trkpt>
   <trkpt lat="51.6048240" lon="-0.1155160">
    <ele>33.5</ele>
    <time>2021-12-18T10:22:38Z</time>
   </trkpt>
   <trkpt lat="51.6047240" lon="-0.1155340">
    <ele>33.5</ele>
    <time>2021-12-18T10:22:40Z</time>
   </trkpt>
   <trkpt lat="51.6046260" lon="-0.1155540">
    <ele>33.4</ele>
    <time>2021-12-18T10:22:42Z</time>
   </trkpt>
   <trkpt lat="51.6045760" lon="-0.1155630">
    <ele>33.4</ele>
    <time>2021-12-18T10:22:43Z</time>
   </trkpt>
   <trkpt lat="51.6045310" lon="-0.1155750">
    <ele>33.4</ele>
    <time>2021-12-18T10:22:44Z</time>
   </trkpt>
   <trkpt lat="51.6044430" lon="-0.1155970">
    <ele>33.4</ele>
    <time>2021-12-18T10:22:46Z</time>
   </trkpt>
   <trkpt lat="51.6044020" lon="-0.1156100">
    <ele>33.4</ele>
    <time>2021-12-18T10:22:47Z</time>
   </trkpt>
   <trkpt lat="51.6043360" lon="-0.1156340">
    <ele>33.4</ele>
    <time>2021-12-18T10:22:49Z</time>
   </trkpt>
   <trkpt lat="51.6043100" lon="-0.1156470">
    <ele>33.4</ele>
    <time>2021-12-18T10:22:50Z</time>
   </trkpt>
   <trkpt lat="51.6042780" lon="-0.1156710">
    <ele>33.4</ele>
    <time>2021-12-18T10:22:52Z</time>
   </trkpt>
   <trkpt lat="51.6042730" lon="-0.1156730">
    <ele>33.4</ele>
    <time>2021-12-18T10:22:53Z</time>
   </trkpt>
   <trkpt lat="51.6042720" lon="-0.1156670">
    <ele>33.4</ele>
    <time>2021-12-18T10:22:54Z</time>
   </trkpt>
   <trkpt lat="51.6042680" lon="-0.1156560">
    <ele>33.4</ele>
    <time>2021-12-18T10:22:56Z</time>
   </trkpt>
   <trkpt lat="51.6042600" lon="-0.1156650">
    <ele>33.5</ele>
    <time>2021-12-18T10:22:57Z</time>
   </trkpt>
   <trkpt lat="51.6042410" lon="-0.1156800">
    <ele>33.5</ele>
    <time>2021-12-18T10:22:59Z</time>
   </trkpt>
   <trkpt lat="51.6042280" lon="-0.1156860">
    <ele>33.5</ele>
    <time>2021-12-18T10:23:00Z</time>
   </trkpt>
   <trkpt lat="51.6042140" lon="-0.1156940">
    <ele>33.5</ele>
    <time>2021-12-18T10:23:01Z</time>
   </trkpt>
   <trkpt lat="51.6041920" lon="-0.1157200">
    <ele>33.5</ele>
    <time>2021-12-18T10:23:02Z</time>
   </trkpt>
   <trkpt lat="51.6041830" lon="-0.1157340">
    <ele>33.5</ele>
    <time>2021-12-18T10:23:03Z</time>
   </trkpt>
   <trkpt lat="51.6041400" lon="-0.1158550">
    <ele>33.5</ele>
    <time>2021-12-18T10:23:05Z</time>
   </trkpt>
   <trkpt lat="51.6040690" lon="-0.1160110">
    <ele>33.6</ele>
    <time>2021-12-18T10:23:07Z</time>
   </trkpt>
   <trkpt lat="51.6040150" lon="-0.1160840">
    <ele>33.7</ele>
    <time>2021-12-18T10:23:08Z</time>
   </trkpt>
   <trkpt lat="51.6039520" lon="-0.1161280">
    <ele>33.7</ele>
    <time>2021-12-18T10:23:09Z</time>
   </trkpt>
   <trkpt lat="51.6038160" lon="-0.1161500">
    <ele>33.8</ele>
    <time>2021-12-18T10:23:11Z</time>
   </trkpt>
   <trkpt lat="51.6037470" lon="-0.1161610">
    <ele>33.8</ele>
    <time>2021-12-18T10:23:12Z</time>
   </trkpt>
   <trkpt lat="51.6035960" lon="-0.1161830">
    <ele>34.0</ele>
    <time>2021-12-18T10:23:14Z</time>
   </trkpt>
   <trkpt lat="51.6035270" lon="-0.1161930">
    <ele>34.1</ele>
    <time>2021-12-18T10:23:15Z</time>
   </trkpt>
   <trkpt lat="51.6033970" lon="-0.1162030">
    <ele>34.3</ele>
    <time>2021-12-18T10:23:17Z</time>
   </trkpt>
   <trkpt lat="51.6032780" lon="-0.1162150">
    <ele>34.6</ele>
    <time>2021-12-18T10:23:19Z</time>
   </trkpt>
   <trkpt lat="51.6031950" lon="-0.1162490">
    <ele>34.8</ele>
    <time>2021-12-18T10:23:21Z</time>
   </trkpt>
   <trkpt lat="51.6031300" lon="-0.1163750">
    <ele>35.1</ele>
    <time>2021-12-18T10:23:23Z</time>
   </trkpt>
   <trkpt lat="51.6031180" lon="-0.1164610">
    <ele>35.1</ele>
    <time>2021-12-18T10:23:24Z</time>
   </trkpt>
   <trkpt lat="51.6030960" lon="-0.1165960">
    <ele>35.3</ele>
    <time>2021-12-18T10:23:26Z</time>
   </trkpt>
   <trkpt lat="51.6030580" lon="-0.1166220">
    <ele>35.3</ele>
    <time>2021-12-18T10:23:27Z</time>
   </trkpt>
   <trkpt lat="51.6029800" lon="-0.1166470">
    <ele>35.4</ele>
    <time>2021-12-18T10:23:29Z</time>
   </trkpt>
   <trkpt lat="51.6028900" lon="-0.1166810">
    <ele>35.5</ele>
    <time>2021-12-18T10:23:31Z</time>
   </trkpt>
   <trkpt lat="51.6028330" lon="-0.1166900">
    <ele>35.5</ele>
    <time>2021-12-18T10:23:32Z</time>
   </trkpt>
   <trkpt lat="51.6027280" lon="-0.1166920">
    <ele>35.6</ele>
    <time>2021-12-18T10:23:34Z</time>
   </trkpt>
   <trkpt lat="51.6026710" lon="-0.1167000">
    <ele>35.6</ele>
    <time>2021-12-18T10:23:35Z</time>
   </trkpt>
   <trkpt lat="51.6025370" lon="-0.1167070">
    <ele>35.7</ele>
    <time>2021-12-18T10:23:37Z</time>
   </trkpt>
   <trkpt lat="51.6024100" lon="-0.1167110">
    <ele>35.8</ele>
    <time>2021-12-18T10:23:39Z</time>
   </trkpt>
   <trkpt lat="51.6023480" lon="-0.1167220">
    <ele>35.8</ele>
    <time>2021-12-18T10:23:40Z</time>
   </trkpt>
   <trkpt lat="51.6022280" lon="-0.1167600">
    <ele>35.9</ele>
    <time>2021-12-18T10:23:42Z</time>
   </trkpt>
   <trkpt lat="51.6021730" lon="-0.1167810">
    <ele>35.9</ele>
    <time>2021-12-18T10:23:43Z</time>
   </trkpt>
   <trkpt lat="51.6021140" lon="-0.1168040">
    <ele>35.9</ele>
    <time>2021-12-18T10:23:44Z</time>
   </trkpt>
   <trkpt lat="51.6019960" lon="-0.1168300">
    <ele>35.9</ele>
    <time>2021-12-18T10:23:46Z</time>
   </trkpt>
   <trkpt lat="51.6019340" lon="-0.1168020">
    <ele>35.9</ele>
    <time>2021-12-18T10:23:48Z</time>
   </trkpt>
   <trkpt lat="51.6018940" lon="-0.1167890">
    <ele>35.9</ele>
    <time>2021-12-18T10:23:49Z</time>
   </trkpt>
   <trkpt lat="51.6017950" lon="-0.1167730">
    <ele>35.8</ele>
    <time>2021-12-18T10:23:51Z</time>
   </trkpt>
   <trkpt lat="51.6017350" lon="-0.1167770">
    <ele>35.8</ele>
    <time>2021-12-18T10:23:52Z</time>
   </trkpt>
   <trkpt lat="51.6015980" lon="-0.1168310">
    <ele>35.7</ele>
    <time>2021-12-18T10:23:54Z</time>
   </trkpt>
   <trkpt lat="51.6014760" lon="-0.1168860">
    <ele>35.7</ele>
    <time>2021-12-18T10:23:56Z</time>
   </trkpt>
   <trkpt lat="51.6014220" lon="-0.1168900">
    <ele>35.8</ele>
    <time>2021-12-18T10:23:57Z</time>
   </trkpt>
   <trkpt lat="51.6013710" lon="-0.1168900">
    <ele>35.8</ele>
    <time>2021-12-18T10:23:58Z</time>
   </trkpt>
   <trkpt lat="51.6013270" lon="-0.1168860">
    <ele>35.9</ele>
    <time>2021-12-18T10:23:59Z</time>
   </trkpt>
   <trkpt lat="51.6012790" lon="-0.1169140">
    <ele>35.9</ele>
    <time>2021-12-18T10:24:01Z</time>
   </trkpt>
   <trkpt lat="51.6012280" lon="-0.1169360">
    <ele>36.0</ele>
    <time>2021-12-18T10:24:03Z</time>
   </trkpt>
   <trkpt lat="51.6011830" lon="-0.1169680">
    <ele>36.0</ele>
    <time>2021-12-18T10:24:05Z</time>
   </trkpt>
   <trkpt lat="51.6011620" lon="-0.1170080">
    <ele>36.1</ele>
    <time>2021-12-18T10:24:06Z</time>
   </trkpt>
   <trkpt lat="51.6011560" lon="-0.1170210">
    <ele>36.1</ele>
    <time>2021-12-18T10:24:07Z</time>
   </trkpt>
   <trkpt lat="51.6011240" lon="-0.1170530">
    <ele>36.1</ele>
    <time>2021-12-18T10:24:09Z</time>
   </trkpt>
   <trkpt lat="51.6011080" lon="-0.1170490">
    <ele>36.1</ele>
    <time>2021-12-18T10:24:11Z</time>
   </trkpt>
   <trkpt lat="51.6011090" lon="-0.1170350">
    <ele>36.2</ele>
    <time>2021-12-18T10:24:13Z</time>
   </trkpt>
   <trkpt lat="51.6011080" lon="-0.1170320">
    <ele>36.2</ele>
    <time>2021-12-18T10:24:15Z</time>
   </trkpt>
   <trkpt lat="51.6011040" lon="-0.1170340">
    <ele>36.2</ele>
    <time>2021-12-18T10:24:16Z</time>
   </trkpt>
   <trkpt lat="51.6010800" lon="-0.1170650">
    <ele>36.2</ele>
    <time>2021-12-18T10:24:18Z</time>
   </trkpt>
   <trkpt lat="51.6010570" lon="-0.1171040">
    <ele>36.2</ele>
    <time>2021-12-18T10:24:19Z</time>
   </trkpt>
   <trkpt lat="51.6009810" lon="-0.1171500">
    <ele>36.3</ele>
    <time>2021-12-18T10:24:21Z</time>
   </trkpt>
   <trkpt lat="51.6009350" lon="-0.1171670">
    <ele>36.3</ele>
    <time>2021-12-18T10:24:22Z</time>
   </trkpt>
   <trkpt lat="51.6008510" lon="-0.1171890">
    <ele>36.2</ele>
    <time>2021-12-18T10:24:24Z</time>
   </trkpt>
   <trkpt lat="51.6007840" lon="-0.1172180">
    <ele>36.2</ele>
    <time>2021-12-18T10:24:26Z</time>
   </trkpt>
   <trkpt lat="51.6007540" lon="-0.1172290">
    <ele>36.2</ele>
    <time>2021-12-18T10:24:27Z</time>
   </trkpt>
   <trkpt lat="51.6006730" lon="-0.1172480">
    <ele>36.1</ele>
    <time>2021-12-18T10:24:29Z</time>
   </trkpt>
   <trkpt lat="51.6005650" lon="-0.1172730">
    <ele>36.1</ele>
    <time>2021-12-18T10:24:31Z</time>
   </trkpt>
   <trkpt lat="51.6004640" lon="-0.1173190">
    <ele>36.1</ele>
    <time>2021-12-18T10:24:33Z</time>
   </trkpt>
   <trkpt lat="51.6003900" lon="-0.1173330">
    <ele>36.1</ele>
    <time>2021-12-18T10:24:34Z</time>
   </trkpt>
   <trkpt lat="51.6002710" lon="-0.1173610">
    <ele>36.1</ele>
    <time>2021-12-18T10:24:36Z</time>
   </trkpt>
   <trkpt lat="51.6001540" lon="-0.1173890">
    <ele>36.2</ele>
    <time>2021-12-18T10:24:38Z</time>
   </trkpt>
   <trkpt lat="51.6000680" lon="-0.1174130">
    <ele>36.2</ele>
    <time>2021-12-18T10:24:40Z</time>
   </trkpt>
   <trkpt lat="51.6000120" lon="-0.1174240">
    <ele>36.3</ele>
    <time>2021-12-18T10:24:41Z</time>
   </trkpt>
   <trkpt lat="51.5999070" lon="-0.1174560">
    <ele>36.3</ele>
    <time>2021-12-18T10:24:43Z</time>
   </trkpt>
   <trkpt lat="51.5997990" lon="-0.1174800">
    <ele>36.4</ele>
    <time>2021-12-18T10:24:45Z</time>
   </trkpt>
   <trkpt lat="51.5997450" lon="-0.1174910">
    <ele>36.5</ele>
    <time>2021-12-18T10:24:46Z</time>
   </trkpt>
   <trkpt lat="51.5996590" lon="-0.1175250">
    <ele>36.6</ele>
    <time>2021-12-18T10:24:48Z</time>
   </trkpt>
   <trkpt lat="51.5995770" lon="-0.1175440">
    <ele>36.7</ele>
    <time>2021-12-18T10:24:50Z</time>
   </trkpt>
   <trkpt lat="51.5995380" lon="-0.1175510">
    <ele>36.7</ele>
    <time>2021-12-18T10:24:51Z</time>
   </trkpt>
   <trkpt lat="51.5994990" lon="-0.1175550">
    <ele>36.7</ele>
    <time>2021-12-18T10:24:52Z</time>
   </trkpt>
   <trkpt lat="51.5994170" lon="-0.1175750">
    <ele>36.8</ele>
    <time>2021-12-18T10:24:54Z</time>
   </trkpt>
   <trkpt lat="51.5993670" lon="-0.1175930">
    <ele>36.9</ele>
    <time>2021-12-18T10:24:55Z</time>
   </trkpt>
   <trkpt lat="51.5992710" lon="-0.1176230">
    <ele>37.0</ele>
    <time>2021-12-18T10:24:57Z</time>
   </trkpt>
   <trkpt lat="51.5991740" lon="-0.1176450">
    <ele>37.0</ele>
    <time>2021-12-18T10:24:59Z</time>
   </trkpt>
   <trkpt lat="51.5990750" lon="-0.1176120">
    <ele>37.1</ele>
    <time>2021-12-18T10:25:01Z</time>
   </trkpt>
   <trkpt lat="51.5990280" lon="-0.1175900">
    <ele>37.1</ele>
    <time>2021-12-18T10:25:02Z</time>
   </trkpt>
   <trkpt lat="51.5989800" lon="-0.1175720">
    <ele>37.1</ele>
    <time>2021-12-18T10:25:03Z</time>
   </trkpt>
   <trkpt lat="51.5988860" lon="-0.1175480">
    <ele>37.1</ele>
    <time>2021-12-18T10:25:05Z</time>
   </trkpt>
   <trkpt lat="51.5988420" lon="-0.1175670">
    <ele>37.1</ele>
    <time>2021-12-18T10:25:06Z</time>
   </trkpt>
   <trkpt lat="51.5987750" lon="-0.1176540">
    <ele>37.2</ele>
    <time>2021-12-18T10:25:08Z</time>
   </trkpt>
   <trkpt lat="51.5987370" lon="-0.1177810">
    <ele>37.3</ele>
    <time>2021-12-18T10:25:10Z</time>
   </trkpt>
   <trkpt lat="51.5987220" lon="-0.1178460">
    <ele>37.3</ele>
    <time>2021-12-18T10:25:11Z</time>
   </trkpt>
   <trkpt lat="51.5987130" lon="-0.1179110">
    <ele>37.4</ele>
    <time>2021-12-18T10:25:12Z</time>
   </trkpt>
   <trkpt lat="51.5986860" lon="-0.1180290">
    <ele>37.4</ele>
    <time>2021-12-18T10:25:14Z</time>
   </trkpt>
   <trkpt lat="51.5986910" lon="-0.1180890">
    <ele>37.5</ele>
    <time>2021-12-18T10:25:15Z</time>
   </trkpt>
   <trkpt lat="51.5987320" lon="-0.1182020">
    <ele>37.8</ele>
    <time>2021-12-18T10:25:17Z</time>
   </trkpt>
   <trkpt lat="51.5987440" lon="-0.1182550">
    <ele>37.8</ele>
    <time>2021-12-18T10:25:18Z</time>
   </trkpt>
   <trkpt lat="51.5987010" lon="-0.1183320">
    <ele>37.9</ele>
    <time>2021-12-18T10:25:20Z</time>
   </trkpt>
   <trkpt lat="51.5986650" lon="-0.1183720">
    <ele>38.1</ele>
    <time>2021-12-18T10:25:21Z</time>
   </trkpt>
   <trkpt lat="51.5985930" lon="-0.1184950">
    <ele>38.3</ele>
    <time>2021-12-18T10:25:23Z</time>
   </trkpt>
   <trkpt lat="51.5985620" lon="-0.1185770">
    <ele>38.4</ele>
    <time>2021-12-18T10:25:24Z</time>
   </trkpt>
   <trkpt lat="51.5985300" lon="-0.1186640">
    <ele>38.5</ele>
    <time>2021-12-18T10:25:25Z</time>
   </trkpt>
   <trkpt lat="51.5984740" lon="-0.1188280">
    <ele>38.8</ele>
    <time>2021-12-18T10:25:27Z</time>
   </trkpt>
   <trkpt lat="51.5984490" lon="-0.1189100">
    <ele>39.0</ele>
    <time>2021-12-18T10:25:28Z</time>
   </trkpt>
   <trkpt lat="51.5984110" lon="-0.1190670">
    <ele>39.3</ele>
    <time>2021-12-18T10:25:30Z</time>
   </trkpt>
   <trkpt lat="51.5983600" lon="-0.1192010">
    <ele>39.6</ele>
    <time>2021-12-18T10:25:32Z</time>
   </trkpt>
   <trkpt lat="51.5983160" lon="-0.1193300">
    <ele>39.9</ele>
    <time>2021-12-18T10:25:34Z</time>
   </trkpt>
   <trkpt lat="51.5982750" lon="-0.1194520">
    <ele>40.3</ele>
    <time>2021-12-18T10:25:36Z</time>
   </trkpt>
   <trkpt lat="51.5982320" lon="-0.1195470">
    <ele>40.5</ele>
    <time>2021-12-18T10:25:38Z</time>
   </trkpt>
   <trkpt lat="51.5981960" lon="-0.1195960">
    <ele>40.7</ele>
    <time>2021-12-18T10:25:40Z</time>
   </trkpt>
   <trkpt lat="51.5981930" lon="-0.1196030">
    <ele>40.7</ele>
    <time>2021-12-18T10:25:41Z</time>
   </trkpt>
   <trkpt lat="51.5982040" lon="-0.1195970">
    <ele>40.7</ele>
    <time>2021-12-18T10:25:43Z</time>
   </trkpt>
   <trkpt lat="51.5982050" lon="-0.1195890">
    <ele>40.7</ele>
    <time>2021-12-18T10:25:44Z</time>
   </trkpt>
   <trkpt lat="51.5981900" lon="-0.1195980">
    <ele>40.7</ele>
    <time>2021-12-18T10:25:46Z</time>
   </trkpt>
   <trkpt lat="51.5981640" lon="-0.1196430">
    <ele>41.1</ele>
    <time>2021-12-18T10:25:48Z</time>
   </trkpt>
   <trkpt lat="51.5981760" lon="-0.1197060">
    <ele>41.1</ele>
    <time>2021-12-18T10:25:49Z</time>
   </trkpt>
   <trkpt lat="51.5982590" lon="-0.1198360">
    <ele>41.3</ele>
    <time>2021-12-18T10:25:51Z</time>
   </trkpt>
   <trkpt lat="51.5983180" lon="-0.1198910">
    <ele>41.4</ele>
    <time>2021-12-18T10:25:52Z</time>
   </trkpt>
   <trkpt lat="51.5984430" lon="-0.1200080">
    <ele>41.7</ele>
    <time>2021-12-18T10:25:54Z</time>
   </trkpt>
   <trkpt lat="51.5985640" lon="-0.1201290">
    <ele>42.0</ele>
    <time>2021-12-18T10:25:56Z</time>
   </trkpt>
   <trkpt lat="51.5986800" lon="-0.1202540">
    <ele>42.2</ele>
    <time>2021-12-18T10:25:58Z</time>
   </trkpt>
   <trkpt lat="51.5987960" lon="-0.1203870">
    <ele>42.5</ele>
    <time>2021-12-18T10:26:00Z</time>
   </trkpt>
   <trkpt lat="51.5988860" lon="-0.1205310">
    <ele>42.8</ele>
    <time>2021-12-18T10:26:02Z</time>
   </trkpt>
   <trkpt lat="51.5989800" lon="-0.1206730">
    <ele>43.2</ele>
    <time>2021-12-18T10:26:04Z</time>
   </trkpt>
   <trkpt lat="51.5990210" lon="-0.1207370">
    <ele>43.3</ele>
    <time>2021-12-18T10:26:05Z</time>
   </trkpt>
   <trkpt lat="51.5990570" lon="-0.1208080">
    <ele>43.4</ele>
    <time>2021-12-18T10:26:06Z</time>
   </trkpt>
   <trkpt lat="51.5990860" lon="-0.1209590">
    <ele>43.6</ele>
    <time>2021-12-18T10:26:08Z</time>
   </trkpt>
   <trkpt lat="51.5990440" lon="-0.1210900">
    <ele>43.8</ele>
    <time>2021-12-18T10:26:10Z</time>
   </trkpt>
   <trkpt lat="51.5989730" lon="-0.1212230">
    <ele>44.2</ele>
    <time>2021-12-18T10:26:12Z</time>
   </trkpt>
   <trkpt lat="51.5989380" lon="-0.1212940">
    <ele>44.4</ele>
    <time>2021-12-18T10:26:13Z</time>
   </trkpt>
   <trkpt lat="51.5988840" lon="-0.1214360">
    <ele>44.9</ele>
    <time>2021-12-18T10:26:15Z</time>
   </trkpt>
   <trkpt lat="51.5988270" lon="-0.1215790">
    <ele>45.4</ele>
    <time>2021-12-18T10:26:17Z</time>
   </trkpt>
   <trkpt lat="51.5988010" lon="-0.1216510">
    <ele>45.6</ele>
    <time>2021-12-18T10:26:18Z</time>
   </trkpt>
   <trkpt lat="51.5987270" lon="-0.1217620">
    <ele>46.7</ele>
    <time>2021-12-18T10:26:20Z</time>
   </trkpt>
   <trkpt lat="51.5986280" lon="-0.1217360">
    <ele>47.0</ele>
    <time>2021-12-18T10:26:22Z</time>
   </trkpt>
   <trkpt lat="51.5985820" lon="-0.1217050">
    <ele>47.2</ele>
    <time>2021-12-18T10:26:23Z</time>
   </trkpt>
   <trkpt lat="51.5985350" lon="-0.1216650">
    <ele>47.4</ele>
    <time>2021-12-18T10:26:24Z</time>
   </trkpt>
   <trkpt lat="51.5984280" lon="-0.1215840">
    <ele>47.6</ele>
    <time>2021-12-18T10:26:26Z</time>
   </trkpt>
   <trkpt lat="51.5983680" lon="-0.1215490">
    <ele>47.8</ele>
    <time>2021-12-18T10:26:27Z</time>
   </trkpt>
   <trkpt lat="51.5982560" lon="-0.1214730">
    <ele>48.1</ele>
    <time>2021-12-18T10:26:29Z</time>
   </trkpt>
   <trkpt lat="51.5981390" lon="-0.1213980">
    <ele>48.2</ele>
    <time>2021-12-18T10:26:31Z</time>
   </trkpt>
   <trkpt lat="51.5980880" lon="-0.1213510">
    <ele>48.3</ele>
    <time>2021-12-18T10:26:32Z</time>
   </trkpt>
   <trkpt lat="51.5979810" lon="-0.1212570">
    <ele>48.3</ele>
    <time>2021-12-18T10:26:34Z</time>
   </trkpt>
   <trkpt lat="51.5979370" lon="-0.1212120">
    <ele>48.3</ele>
    <time>2021-12-18T10:26:35Z</time>
   </trkpt>
   <trkpt lat="51.5978400" lon="-0.1211400">
    <ele>48.2</ele>
    <time>2021-12-18T10:26:37Z</time>
   </trkpt>
   <trkpt lat="51.5977800" lon="-0.1210990">
    <ele>48.0</ele>
    <time>2021-12-18T10:26:38Z</time>
   </trkpt>
   <trkpt lat="51.5976570" lon="-0.1210310">
    <ele>47.5</ele>
    <time>2021-12-18T10:26:40Z</time>
   </trkpt>
   <trkpt lat="51.5975950" lon="-0.1209980">
    <ele>47.3</ele>
    <time>2021-12-18T10:26:41Z</time>
   </trkpt>
   <trkpt lat="51.5974500" lon="-0.1209510">
    <ele>46.7</ele>
    <time>2021-12-18T10:26:43Z</time>
   </trkpt>
   <trkpt lat="51.5973640" lon="-0.1209610">
    <ele>46.5</ele>
    <time>2021-12-18T10:26:44Z</time>
   </trkpt>
   <trkpt lat="51.5971930" lon="-0.1210550">
    <ele>46.2</ele>
    <time>2021-12-18T10:26:46Z</time>
   </trkpt>
   <trkpt lat="51.5970500" lon="-0.1212180">
    <ele>46.1</ele>
    <time>2021-12-18T10:26:48Z</time>
   </trkpt>
   <trkpt lat="51.5969880" lon="-0.1213140">
    <ele>46.1</ele>
    <time>2021-12-18T10:26:49Z</time>
   </trkpt>
   <trkpt lat="51.5969240" lon="-0.1214120">
    <ele>46.1</ele>
    <time>2021-12-18T10:26:50Z</time>
   </trkpt>
   <trkpt lat="51.5968100" lon="-0.1215860">
    <ele>46.8</ele>
    <time>2021-12-18T10:26:52Z</time>
   </trkpt>
   <trkpt lat="51.5967090" lon="-0.1217600">
    <ele>47.6</ele>
    <time>2021-12-18T10:26:54Z</time>
   </trkpt>
   <trkpt lat="51.5966600" lon="-0.1218430">
    <ele>48.1</ele>
    <time>2021-12-18T10:26:55Z</time>
   </trkpt>
   <trkpt lat="51.5966160" lon="-0.1219280">
    <ele>48.6</ele>
    <time>2021-12-18T10:26:56Z</time>
   </trkpt>
   <trkpt lat="51.5965310" lon="-0.1220940">
    <ele>49.5</ele>
    <time>2021-12-18T10:26:58Z</time>
   </trkpt>
   <trkpt lat="51.5965000" lon="-0.1221820">
    <ele>49.8</ele>
    <time>2021-12-18T10:26:59Z</time>
   </trkpt>
   <trkpt lat="51.5964240" lon="-0.1223640">
    <ele>50.7</ele>
    <time>2021-12-18T10:27:01Z</time>
   </trkpt>
   <trkpt lat="51.5963590" lon="-0.1225410">
    <ele>51.4</ele>
    <time>2021-12-18T10:27:03Z</time>
   </trkpt>
   <trkpt lat="51.5962880" lon="-0.1227150">
    <ele>52.2</ele>
    <time>2021-12-18T10:27:05Z</time>
   </trkpt>
   <trkpt lat="51.5962610" lon="-0.1228110">
    <ele>52.7</ele>
    <time>2021-12-18T10:27:06Z</time>
   </trkpt>
   <trkpt lat="51.5962340" lon="-0.1229020">
    <ele>53.3</ele>
    <time>2021-12-18T10:27:07Z</time>
   </trkpt>
   <trkpt lat="51.5962110" lon="-0.1229930">
    <ele>53.9</ele>
    <time>2021-12-18T10:27:08Z</time>
   </trkpt>
   <trkpt lat="51.5961860" lon="-0.1230850">
    <ele>54.5</ele>
    <time>2021-12-18T10:27:09Z</time>
   </trkpt>
   <trkpt lat="51.5961510" lon="-0.1232490">
    <ele>55.7</ele>
    <time>2021-12-18T10:27:11Z</time>
   </trkpt>
   <trkpt lat="51.5961160" lon="-0.1234120">
    <ele>56.8</ele>
    <time>2021-12-18T10:27:13Z</time>
   </trkpt>
   <trkpt lat="51.5961000" lon="-0.1234970">
    <ele>57.4</ele>
    <time>2021-12-18T10:27:14Z</time>
   </trkpt>
   <trkpt lat="51.5960680" lon="-0.1236640">
    <ele>58.7</ele>
    <time>2021-12-18T10:27:16Z</time>
   </trkpt>
   <trkpt lat="51.5960650" lon="-0.1237430">
    <ele>59.3</ele>
    <time>2021-12-18T10:27:17Z</time>
   </trkpt>
   <trkpt lat="51.5960550" lon="-0.1238870">
    <ele>60.3</ele>
    <time>2021-12-18T10:27:19Z</time>
   </trkpt>
   <trkpt lat="51.5960480" lon="-0.1239610">
    <ele>60.9</ele>
    <time>2021-12-18T10:27:20Z</time>
   </trkpt>
   <trkpt lat="51.5960340" lon="-0.1241030">
    <ele>62.0</ele>
    <time>2021-12-18T10:27:22Z</time>
   </trkpt>
   <trkpt lat="51.5960230" lon="-0.1242280">
    <ele>63.0</ele>
    <time>2021-12-18T10:27:24Z</time>
   </trkpt>
   <trkpt lat="51.5960190" lon="-0.1242950">
    <ele>63.2</ele>
    <time>2021-12-18T10:27:25Z</time>
   </trkpt>
   <trkpt lat="51.5960090" lon="-0.1243530">
    <ele>63.3</ele>
    <time>2021-12-18T10:27:26Z</time>
   </trkpt>
   <trkpt lat="51.5960010" lon="-0.1244040">
    <ele>63.4</ele>
    <time>2021-12-18T10:27:27Z</time>
   </trkpt>
   <trkpt lat="51.5959950" lon="-0.1245050">
    <ele>64.2</ele>
    <time>2021-12-18T10:27:29Z</time>
   </trkpt>
   <trkpt lat="51.5959770" lon="-0.1246190">
    <ele>65.1</ele>
    <time>2021-12-18T10:27:31Z</time>
   </trkpt>
   <trkpt lat="51.5959490" lon="-0.1247420">
    <ele>66.0</ele>
    <time>2021-12-18T10:27:33Z</time>
   </trkpt>
   <trkpt lat="51.5959340" lon="-0.1248530">
    <ele>66.7</ele>
    <time>2021-12-18T10:27:35Z</time>
   </trkpt>
   <trkpt lat="51.5959210" lon="-0.1249710">
    <ele>67.1</ele>
    <time>2021-12-18T10:27:37Z</time>
   </trkpt>
   <trkpt lat="51.5959050" lon="-0.1250860">
    <ele>67.5</ele>
    <time>2021-12-18T10:27:39Z</time>
   </trkpt>
   <trkpt lat="51.5958840" lon="-0.1251930">
    <ele>68.2</ele>
    <time>2021-12-18T10:27:41Z</time>
   </trkpt>
   <trkpt lat="51.5958750" lon="-0.1252460">
    <ele>68.6</ele>
    <time>2021-12-18T10:27:42Z</time>
   </trkpt>
   <trkpt lat="51.5958620" lon="-0.1253580">
    <ele>69.4</ele>
    <time>2021-12-18T10:27:44Z</time>
   </trkpt>
   <trkpt lat="51.5958480" lon="-0.1254690">
    <ele>70.2</ele>
    <time>2021-12-18T10:27:46Z</time>
   </trkpt>
   <trkpt lat="51.5958320" lon="-0.1255770">
    <ele>71.0</ele>
    <time>2021-12-18T10:27:48Z</time>
   </trkpt>
   <trkpt lat="51.5958250" lon="-0.1256290">
    <ele>71.4</ele>
    <time>2021-12-18T10:27:49Z</time>
   </trkpt>
   <trkpt lat="51.5958190" lon="-0.1256800">
    <ele>71.7</ele>
    <time>2021-12-18T10:27:50Z</time>
   </trkpt>
   <trkpt lat="51.5958110" lon="-0.1257330">
    <ele>72.1</ele>
    <time>2021-12-18T10:27:51Z</time>
   </trkpt>
   <trkpt lat="51.5958020" lon="-0.1257870">
    <ele>72.5</ele>
    <time>2021-12-18T10:27:52Z</time>
   </trkpt>
   <trkpt lat="51.5957850" lon="-0.1258940">
    <ele>73.2</ele>
    <time>2021-12-18T10:27:54Z</time>
   </trkpt>
   <trkpt lat="51.5957760" lon="-0.1259460">
    <ele>73.6</ele>
    <time>2021-12-18T10:27:55Z</time>
   </trkpt>
   <trkpt lat="51.5957560" lon="-0.1260480">
    <ele>74.3</ele>
    <time>2021-12-18T10:27:57Z</time>
   </trkpt>
   <trkpt lat="51.5957460" lon="-0.1260990">
    <ele>74.6</ele>
    <time>2021-12-18T10:27:58Z</time>
   </trkpt>
   <trkpt lat="51.5957280" lon="-0.1262010">
    <ele>75.3</ele>
    <time>2021-12-18T10:28:00Z</time>
   </trkpt>
   <trkpt lat="51.5957050" lon="-0.1263130">
    <ele>76.1</ele>
    <time>2021-12-18T10:28:02Z</time>
   </trkpt>
   <trkpt lat="51.5956890" lon="-0.1263720">
    <ele>76.5</ele>
    <time>2021-12-18T10:28:03Z</time>
   </trkpt>
   <trkpt lat="51.5956610" lon="-0.1264770">
    <ele>77.2</ele>
    <time>2021-12-18T10:28:05Z</time>
   </trkpt>
   <trkpt lat="51.5956400" lon="-0.1265770">
    <ele>77.9</ele>
    <time>2021-12-18T10:28:07Z</time>
   </trkpt>
   <trkpt lat="51.5956290" lon="-0.1266260">
    <ele>78.2</ele>
    <time>2021-12-18T10:28:08Z</time>
   </trkpt>
   <trkpt lat="51.5956080" lon="-0.1267260">
    <ele>78.8</ele>
    <time>2021-12-18T10:28:10Z</time>
   </trkpt>
   <trkpt lat="51.5955840" lon="-0.1268250">
    <ele>79.5</ele>
    <time>2021-12-18T10:28:12Z</time>
   </trkpt>
   <trkpt lat="51.5955600" lon="-0.1269260">
    <ele>80.2</ele>
    <time>2021-12-18T10:28:14Z</time>
   </trkpt>
   <trkpt lat="51.5955480" lon="-0.1269760">
    <ele>80.5</ele>
    <time>2021-12-18T10:28:15Z</time>
   </trkpt>
   <trkpt lat="51.5955350" lon="-0.1270260">
    <ele>80.9</ele>
    <time>2021-12-18T10:28:16Z</time>
   </trkpt>
   <trkpt lat="51.5955090" lon="-0.1271190">
    <ele>81.6</ele>
    <time>2021-12-18T10:28:18Z</time>
   </trkpt>
   <trkpt lat="51.5954950" lon="-0.1271650">
    <ele>81.9</ele>
    <time>2021-12-18T10:28:19Z</time>
   </trkpt>
   <trkpt lat="51.5954810" lon="-0.1272110">
    <ele>82.3</ele>
    <time>2021-12-18T10:28:20Z</time>
   </trkpt>
   <trkpt lat="51.5954670" lon="-0.1272580">
    <ele>82.6</ele>
    <time>2021-12-18T10:28:21Z</time>
   </trkpt>
   <trkpt lat="51.5954520" lon="-0.1273060">
    <ele>83.0</ele>
    <time>2021-12-18T10:28:22Z</time>
   </trkpt>
   <trkpt lat="51.5954370" lon="-0.1273540">
    <ele>83.4</ele>
    <time>2021-12-18T10:28:23Z</time>
   </trkpt>
   <trkpt lat="51.5954060" lon="-0.1274520">
    <ele>84.4</ele>
    <time>2021-12-18T10:28:25Z</time>
   </trkpt>
   <trkpt lat="51.5953700" lon="-0.1275490">
    <ele>85.3</ele>
    <time>2021-12-18T10:28:27Z</time>
   </trkpt>
   <trkpt lat="51.5953240" lon="-0.1276490">
    <ele>86.4</ele>
    <time>2021-12-18T10:28:29Z</time>
   </trkpt>
   <trkpt lat="51.5952980" lon="-0.1276960">
    <ele>86.9</ele>
    <time>2021-12-18T10:28:30Z</time>
   </trkpt>
   <trkpt lat="51.5952480" lon="-0.1277810">
    <ele>87.9</ele>
    <time>2021-12-18T10:28:32Z</time>
   </trkpt>
   <trkpt lat="51.5952240" lon="-0.1278210">
    <ele>88.1</ele>
    <time>2021-12-18T10:28:33Z</time>
   </trkpt>
   <trkpt lat="51.5951740" lon="-0.1279000">
    <ele>88.4</ele>
    <time>2021-12-18T10:28:35Z</time>
   </trkpt>
   <trkpt lat="51.5951270" lon="-0.1279650">
    <ele>88.7</ele>
    <time>2021-12-18T10:28:37Z</time>
   </trkpt>
   <trkpt lat="51.5950770" lon="-0.1280210">
    <ele>89.0</ele>
    <time>2021-12-18T10:28:39Z</time>
   </trkpt>
   <trkpt lat="51.5950480" lon="-0.1280450">
    <ele>89.1</ele>
    <time>2021-12-18T10:28:40Z</time>
   </trkpt>
   <trkpt lat="51.5949850" lon="-0.1280850">
    <ele>89.1</ele>
    <time>2021-12-18T10:28:42Z</time>
   </trkpt>
   <trkpt lat="51.5949170" lon="-0.1281220">
    <ele>89.1</ele>
    <time>2021-12-18T10:28:44Z</time>
   </trkpt>
   <trkpt lat="51.5948810" lon="-0.1281410">
    <ele>89.1</ele>
    <time>2021-12-18T10:28:45Z</time>
   </trkpt>
   <trkpt lat="51.5948010" lon="-0.1281680">
    <ele>89.0</ele>
    <time>2021-12-18T10:28:47Z</time>
   </trkpt>
   <trkpt lat="51.5947170" lon="-0.1282150">
    <ele>88.9</ele>
    <time>2021-12-18T10:28:49Z</time>
   </trkpt>
   <trkpt lat="51.5946760" lon="-0.1282500">
    <ele>88.9</ele>
    <time>2021-12-18T10:28:50Z</time>
   </trkpt>
   <trkpt lat="51.5946000" lon="-0.1283400">
    <ele>88.8</ele>
    <time>2021-12-18T10:28:52Z</time>
   </trkpt>
   <trkpt lat="51.5945280" lon="-0.1284430">
    <ele>88.8</ele>
    <time>2021-12-18T10:28:54Z</time>
   </trkpt>
   <trkpt lat="51.5944930" lon="-0.1285000">
    <ele>88.9</ele>
    <time>2021-12-18T10:28:55Z</time>
   </trkpt>
   <trkpt lat="51.5944240" lon="-0.1286240">
    <ele>88.9</ele>
    <time>2021-12-18T10:28:57Z</time>
   </trkpt>
   <trkpt lat="51.5943650" lon="-0.1287690">
    <ele>89.0</ele>
    <time>2021-12-18T10:28:59Z</time>
   </trkpt>
   <trkpt lat="51.5943000" lon="-0.1289030">
    <ele>89.1</ele>
    <time>2021-12-18T10:29:01Z</time>
   </trkpt>
   <trkpt lat="51.5942640" lon="-0.1289680">
    <ele>89.2</ele>
    <time>2021-12-18T10:29:02Z</time>
   </trkpt>
   <trkpt lat="51.5941900" lon="-0.1291030">
    <ele>89.3</ele>
    <time>2021-12-18T10:29:04Z</time>
   </trkpt>
   <trkpt lat="51.5941520" lon="-0.1291710">
    <ele>89.4</ele>
    <time>2021-12-18T10:29:05Z</time>
   </trkpt>
   <trkpt lat="51.5940770" lon="-0.1293090">
    <ele>89.5</ele>
    <time>2021-12-18T10:29:07Z</time>
   </trkpt>
   <trkpt lat="51.5940040" lon="-0.1294320">
    <ele>89.6</ele>
    <time>2021-12-18T10:29:09Z</time>
   </trkpt>
   <trkpt lat="51.5939210" lon="-0.1295690">
    <ele>89.5</ele>
    <time>2021-12-18T10:29:11Z</time>
   </trkpt>
   <trkpt lat="51.5938510" lon="-0.1297040">
    <ele>89.5</ele>
    <time>2021-12-18T10:29:13Z</time>
   </trkpt>
   <trkpt lat="51.5938060" lon="-0.1297820">
    <ele>89.5</ele>
    <time>2021-12-18T10:29:14Z</time>
   </trkpt>
   <trkpt lat="51.5937170" lon="-0.1299350">
    <ele>89.5</ele>
    <time>2021-12-18T10:29:16Z</time>
   </trkpt>
   <trkpt lat="51.5936410" lon="-0.1300910">
    <ele>89.5</ele>
    <time>2021-12-18T10:29:18Z</time>
   </trkpt>
   <trkpt lat="51.5935590" lon="-0.1302350">
    <ele>89.5</ele>
    <time>2021-12-18T10:29:20Z</time>
   </trkpt>
   <trkpt lat="51.5934890" lon="-0.1303820">
    <ele>89.5</ele>
    <time>2021-12-18T10:29:22Z</time>
   </trkpt>
   <trkpt lat="51.5934190" lon="-0.1305210">
    <ele>89.4</ele>
    <time>2021-12-18T10:29:24Z</time>
   </trkpt>
   <trkpt lat="51.5933830" lon="-0.1305880">
    <ele>89.4</ele>
    <time>2021-12-18T10:29:25Z</time>
   </trkpt>
   <trkpt lat="51.5933020" lon="-0.1307240">
    <ele>89.3</ele>
    <time>2021-12-18T10:29:27Z</time>
   </trkpt>
   <trkpt lat="51.5932580" lon="-0.1307870">
    <ele>89.3</ele>
    <time>2021-12-18T10:29:28Z</time>
   </trkpt>
   <trkpt lat="51.5931760" lon="-0.1309280">
    <ele>89.2</ele>
    <time>2021-12-18T10:29:30Z</time>
   </trkpt>
   <trkpt lat="51.5930970" lon="-0.1310740">
    <ele>89.1</ele>
    <time>2021-12-18T10:29:32Z</time>
   </trkpt>
   <trkpt lat="51.5930110" lon="-0.1312120">
    <ele>88.9</ele>
    <time>2021-12-18T10:29:34Z</time>
   </trkpt>
   <trkpt lat="51.5929310" lon="-0.1313500">
    <ele>88.8</ele>
    <time>2021-12-18T10:29:36Z</time>
   </trkpt>
   <trkpt lat="51.5928900" lon="-0.1314280">
    <ele>88.8</ele>
    <time>2021-12-18T10:29:37Z</time>
   </trkpt>
   <trkpt lat="51.5928570" lon="-0.1315120">
    <ele>88.7</ele>
    <time>2021-12-18T10:29:38Z</time>
   </trkpt>
   <trkpt lat="51.5928330" lon="-0.1317010">
    <ele>88.6</ele>
    <time>2021-12-18T10:29:40Z</time>
   </trkpt>
   <trkpt lat="51.5928500" lon="-0.1318970">
    <ele>88.5</ele>
    <time>2021-12-18T10:29:42Z</time>
   </trkpt>
   <trkpt lat="51.5928690" lon="-0.1319960">
    <ele>88.5</ele>
    <time>2021-12-18T10:29:43Z</time>
   </trkpt>
   <trkpt lat="51.5929450" lon="-0.1321690">
    <ele>88.3</ele>
    <time>2021-12-18T10:29:45Z</time>
   </trkpt>
   <trkpt lat="51.5929780" lon="-0.1322510">
    <ele>88.2</ele>
    <time>2021-12-18T10:29:46Z</time>
   </trkpt>
   <trkpt lat="51.5930140" lon="-0.1323380">
    <ele>88.1</ele>
    <time>2021-12-18T10:29:47Z</time>
   </trkpt>
   <trkpt lat="51.5930480" lon="-0.1324260">
    <ele>88.0</ele>
    <time>2021-12-18T10:29:48Z</time>
   </trkpt>
   <trkpt lat="51.5931080" lon="-0.1326130">
    <ele>87.7</ele>
    <time>2021-12-18T10:29:50Z</time>
   </trkpt>
   <trkpt lat="51.5931430" lon="-0.1328260">
    <ele>87.2</ele>
    <time>2021-12-18T10:29:52Z</time>
   </trkpt>
   <trkpt lat="51.5931660" lon="-0.1330720">
    <ele>86.4</ele>
    <time>2021-12-18T10:29:54Z</time>
   </trkpt>
   <trkpt lat="51.5931690" lon="-0.1332110">
    <ele>85.9</ele>
    <time>2021-12-18T10:29:55Z</time>
   </trkpt>
   <trkpt lat="51.5931220" lon="-0.1334790">
    <ele>84.9</ele>
    <time>2021-12-18T10:29:57Z</time>
   </trkpt>
   <trkpt lat="51.5930850" lon="-0.1336140">
    <ele>84.3</ele>
    <time>2021-12-18T10:29:58Z</time>
   </trkpt>
   <trkpt lat="51.5929920" lon="-0.1338720">
    <ele>83.2</ele>
    <time>2021-12-18T10:30:00Z</time>
   </trkpt>
   <trkpt lat="51.5928700" lon="-0.1340910">
    <ele>82.0</ele>
    <time>2021-12-18T10:30:02Z</time>
   </trkpt>
   <trkpt lat="51.5927100" lon="-0.1342130">
    <ele>81.0</ele>
    <time>2021-12-18T10:30:04Z</time>
   </trkpt>
   <trkpt lat="51.5925290" lon="-0.1341630">
    <ele>80.3</ele>
    <time>2021-12-18T10:30:06Z</time>
   </trkpt>
   <trkpt lat="51.5923820" lon="-0.1339540">
    <ele>78.6</ele>
    <time>2021-12-18T10:30:08Z</time>
   </trkpt>
   <trkpt lat="51.5923280" lon="-0.1338180">
    <ele>77.7</ele>
    <time>2021-12-18T10:30:09Z</time>
   </trkpt>
   <trkpt lat="51.5922810" lon="-0.1336760">
    <ele>77.1</ele>
    <time>2021-12-18T10:30:10Z</time>
   </trkpt>
   <trkpt lat="51.5922310" lon="-0.1335360">
    <ele>76.8</ele>
    <time>2021-12-18T10:30:11Z</time>
   </trkpt>
   <trkpt lat="51.5921790" lon="-0.1333960">
    <ele>75.6</ele>
    <time>2021-12-18T10:30:12Z</time>
   </trkpt>
   <trkpt lat="51.5920640" lon="-0.1331100">
    <ele>73.1</ele>
    <time>2021-12-18T10:30:14Z</time>
   </trkpt>
   <trkpt lat="51.5919130" lon="-0.1328550">
    <ele>71.6</ele>
    <time>2021-12-18T10:30:16Z</time>
   </trkpt>
   <trkpt lat="51.5918140" lon="-0.1327650">
    <ele>70.5</ele>
    <time>2021-12-18T10:30:17Z</time>
   </trkpt>
   <trkpt lat="51.5915890" lon="-0.1326980">
    <ele>67.9</ele>
    <time>2021-12-18T10:30:19Z</time>
   </trkpt>
   <trkpt lat="51.5913420" lon="-0.1327370">
    <ele>65.2</ele>
    <time>2021-12-18T10:30:21Z</time>
   </trkpt>
   <trkpt lat="51.5912220" lon="-0.1328230">
    <ele>64.0</ele>
    <time>2021-12-18T10:30:22Z</time>
   </trkpt>
   <trkpt lat="51.5911040" lon="-0.1329340">
    <ele>63.0</ele>
    <time>2021-12-18T10:30:23Z</time>
   </trkpt>
   <trkpt lat="51.5908960" lon="-0.1331320">
    <ele>62.0</ele>
    <time>2021-12-18T10:30:25Z</time>
   </trkpt>
   <trkpt lat="51.5906800" lon="-0.1333280">
    <ele>61.5</ele>
    <time>2021-12-18T10:30:27Z</time>
   </trkpt>
   <trkpt lat="51.5904670" lon="-0.1335060">
    <ele>61.0</ele>
    <time>2021-12-18T10:30:29Z</time>
   </trkpt>
   <trkpt lat="51.5902570" lon="-0.1335810">
    <ele>60.2</ele>
    <time>2021-12-18T10:30:31Z</time>
   </trkpt>
   <trkpt lat="51.5901460" lon="-0.1335830">
    <ele>59.8</ele>
    <time>2021-12-18T10:30:32Z</time>
   </trkpt>
   <trkpt lat="51.5900340" lon="-0.1335810">
    <ele>59.3</ele>
    <time>2021-12-18T10:30:33Z</time>
   </trkpt>
   <trkpt lat="51.5898060" lon="-0.1335580">
    <ele>58.3</ele>
    <time>2021-12-18T10:30:35Z</time>
   </trkpt>
   <trkpt lat="51.5895860" lon="-0.1335450">
    <ele>57.0</ele>
    <time>2021-12-18T10:30:37Z</time>
   </trkpt>
   <trkpt lat="51.5893560" lon="-0.1335380">
    <ele>55.3</ele>
    <time>2021-12-18T10:30:39Z</time>
   </trkpt>
   <trkpt lat="51.5892370" lon="-0.1335410">
    <ele>54.3</ele>
    <time>2021-12-18T10:30:40Z</time>
   </trkpt>
   <trkpt lat="51.5891200" lon="-0.1335310">
    <ele>53.3</ele>
    <time>2021-12-18T10:30:41Z</time>
   </trkpt>
   <trkpt lat="51.5890000" lon="-0.1335240">
    <ele>52.2</ele>
    <time>2021-12-18T10:30:42Z</time>
   </trkpt>
   <trkpt lat="51.5887660" lon="-0.1335330">
    <ele>50.1</ele>
    <time>2021-12-18T10:30:44Z</time>
   </trkpt>
   <trkpt lat="51.5886490" lon="-0.1335400">
    <ele>49.1</ele>
    <time>2021-12-18T10:30:45Z</time>
   </trkpt>
   <trkpt lat="51.5884520" lon="-0.1335590">
    <ele>47.5</ele>
    <time>2021-12-18T10:30:47Z</time>
   </trkpt>
   <trkpt lat="51.5882730" lon="-0.1335800">
    <ele>46.6</ele>
    <time>2021-12-18T10:30:49Z</time>
   </trkpt>
   <trkpt lat="51.5881410" lon="-0.1336000">
    <ele>45.9</ele>
    <time>2021-12-18T10:30:51Z</time>
   </trkpt>
   <trkpt lat="51.5880480" lon="-0.1336120">
    <ele>45.5</ele>
    <time>2021-12-18T10:30:53Z</time>
   </trkpt>
   <trkpt lat="51.5880090" lon="-0.1336190">
    <ele>45.3</ele>
    <time>2021-12-18T10:30:54Z</time>
   </trkpt>
   <trkpt lat="51.5879700" lon="-0.1336350">
    <ele>45.1</ele>
    <time>2021-12-18T10:30:55Z</time>
   </trkpt>
   <trkpt lat="51.5879150" lon="-0.1336490">
    <ele>44.8</ele>
    <time>2021-12-18T10:30:57Z</time>
   </trkpt>
   <trkpt lat="51.5878930" lon="-0.1336560">
    <ele>44.8</ele>
    <time>2021-12-18T10:30:59Z</time>
   </trkpt>
   <trkpt lat="51.5878860" lon="-0.1336610">
    <ele>44.8</ele>
    <time>2021-12-18T10:31:00Z</time>
   </trkpt>
   <trkpt lat="51.5878910" lon="-0.1336640">
    <ele>44.8</ele>
    <time>2021-12-18T10:31:02Z</time>
   </trkpt>
   <trkpt lat="51.5878920" lon="-0.1336600">
    <ele>44.8</ele>
    <time>2021-12-18T10:31:03Z</time>
   </trkpt>
   <trkpt lat="51.5878940" lon="-0.1336580">
    <ele>44.8</ele>
    <time>2021-12-18T10:31:05Z</time>
   </trkpt>
   <trkpt lat="51.5878940" lon="-0.1336600">
    <ele>44.8</ele>
    <time>2021-12-18T10:31:07Z</time>
   </trkpt>
   <trkpt lat="51.5878970" lon="-0.1336650">
    <ele>44.8</ele>
    <time>2021-12-18T10:31:09Z</time>
   </trkpt>
   <trkpt lat="51.5878980" lon="-0.1336700">
    <ele>44.8</ele>
    <time>2021-12-18T10:31:11Z</time>
   </trkpt>
   <trkpt lat="51.5879150" lon="-0.1336870">
    <ele>44.8</ele>
    <time>2021-12-18T10:31:16Z</time>
   </trkpt>
   <trkpt lat="51.5879180" lon="-0.1336920">
    <ele>44.8</ele>
    <time>2021-12-18T10:31:17Z</time>
   </trkpt>
   <trkpt lat="51.5879130" lon="-0.1336960">
    <ele>44.8</ele>
    <time>2021-12-18T10:31:18Z</time>
   </trkpt>
   <trkpt lat="51.5879060" lon="-0.1336930">
    <ele>44.8</ele>
    <time>2021-12-18T10:31:19Z</time>
   </trkpt>
   <trkpt lat="51.5878990" lon="-0.1336920">
    <ele>44.8</ele>
    <time>2021-12-18T10:31:21Z</time>
   </trkpt>
   <trkpt lat="51.5878840" lon="-0.1336860">
    <ele>44.8</ele>
    <time>2021-12-18T10:31:23Z</time>
   </trkpt>
   <trkpt lat="51.5878810" lon="-0.1336870">
    <ele>44.8</ele>
    <time>2021-12-18T10:31:24Z</time>
   </trkpt>
   <trkpt lat="51.5878710" lon="-0.1336850">
    <ele>44.8</ele>
    <time>2021-12-18T10:31:25Z</time>
   </trkpt>
   <trkpt lat="51.5878620" lon="-0.1336840">
    <ele>44.7</ele>
    <time>2021-12-18T10:31:27Z</time>
   </trkpt>
   <trkpt lat="51.5878590" lon="-0.1336830">
    <ele>44.7</ele>
    <time>2021-12-18T10:31:28Z</time>
   </trkpt>
   <trkpt lat="51.5878630" lon="-0.1336850">
    <ele>44.7</ele>
    <time>2021-12-18T10:31:29Z</time>
   </trkpt>
   <trkpt lat="51.5878630" lon="-0.1336830">
    <ele>44.7</ele>
    <time>2021-12-18T10:31:31Z</time>
   </trkpt>
   <trkpt lat="51.5878610" lon="-0.1336850">
    <ele>44.7</ele>
    <time>2021-12-18T10:31:33Z</time>
   </trkpt>
   <trkpt lat="51.5878640" lon="-0.1336860">
    <ele>44.7</ele>
    <time>2021-12-18T10:31:35Z</time>
   </trkpt>
   <trkpt lat="51.5878530" lon="-0.1336900">
    <ele>44.6</ele>
    <time>2021-12-18T10:31:36Z</time>
   </trkpt>
   <trkpt lat="51.5878070" lon="-0.1337150">
    <ele>44.3</ele>
    <time>2021-12-18T10:31:38Z</time>
   </trkpt>
   <trkpt lat="51.5877780" lon="-0.1337370">
    <ele>44.1</ele>
    <time>2021-12-18T10:31:39Z</time>
   </trkpt>
   <trkpt lat="51.5877520" lon="-0.1337610">
    <ele>43.9</ele>
    <time>2021-12-18T10:31:41Z</time>
   </trkpt>
   <trkpt lat="51.5877540" lon="-0.1337640">
    <ele>43.9</ele>
    <time>2021-12-18T10:31:42Z</time>
   </trkpt>
   <trkpt lat="51.5877280" lon="-0.1337780">
    <ele>43.7</ele>
    <time>2021-12-18T10:31:44Z</time>
   </trkpt>
   <trkpt lat="51.5876740" lon="-0.1338020">
    <ele>43.4</ele>
    <time>2021-12-18T10:31:46Z</time>
   </trkpt>
   <trkpt lat="51.5876150" lon="-0.1338340">
    <ele>43.1</ele>
    <time>2021-12-18T10:31:48Z</time>
   </trkpt>
   <trkpt lat="51.5875910" lon="-0.1338500">
    <ele>43.0</ele>
    <time>2021-12-18T10:31:49Z</time>
   </trkpt>
   <trkpt lat="51.5875610" lon="-0.1338760">
    <ele>42.8</ele>
    <time>2021-12-18T10:31:51Z</time>
   </trkpt>
   <trkpt lat="51.5875280" lon="-0.1339260">
    <ele>42.6</ele>
    <time>2021-12-18T10:31:53Z</time>
   </trkpt>
   <trkpt lat="51.5875260" lon="-0.1340330">
    <ele>42.4</ele>
    <time>2021-12-18T10:31:55Z</time>
   </trkpt>
   <trkpt lat="51.5875810" lon="-0.1341410">
    <ele>42.6</ele>
    <time>2021-12-18T10:31:57Z</time>
   </trkpt>
   <trkpt lat="51.5876490" lon="-0.1342230">
    <ele>43.1</ele>
    <time>2021-12-18T10:31:59Z</time>
   </trkpt>
   <trkpt lat="51.5877070" lon="-0.1343070">
    <ele>43.6</ele>
    <time>2021-12-18T10:32:01Z</time>
   </trkpt>
   <trkpt lat="51.5877670" lon="-0.1344060">
    <ele>44.3</ele>
    <time>2021-12-18T10:32:03Z</time>
   </trkpt>
   <trkpt lat="51.5878230" lon="-0.1344870">
    <ele>45.0</ele>
    <time>2021-12-18T10:32:05Z</time>
   </trkpt>
   <trkpt lat="51.5878470" lon="-0.1345360">
    <ele>45.3</ele>
    <time>2021-12-18T10:32:06Z</time>
   </trkpt>
   <trkpt lat="51.5878740" lon="-0.1345890">
    <ele>45.7</ele>
    <time>2021-12-18T10:32:07Z</time>
   </trkpt>
   <trkpt lat="51.5879330" lon="-0.1347160">
    <ele>46.3</ele>
    <time>2021-12-18T10:32:09Z</time>
   </trkpt>
   <trkpt lat="51.5879950" lon="-0.1348400">
    <ele>46.7</ele>
    <time>2021-12-18T10:32:11Z</time>
   </trkpt>
   <trkpt lat="51.5880620" lon="-0.1349550">
    <ele>47.3</ele>
    <time>2021-12-18T10:32:13Z</time>
   </trkpt>
   <trkpt lat="51.5881300" lon="-0.1350640">
    <ele>48.1</ele>
    <time>2021-12-18T10:32:15Z</time>
   </trkpt>
   <trkpt lat="51.5881970" lon="-0.1351690">
    <ele>48.8</ele>
    <time>2021-12-18T10:32:17Z</time>
   </trkpt>
   <trkpt lat="51.5882320" lon="-0.1352220">
    <ele>49.2</ele>
    <time>2021-12-18T10:32:18Z</time>
   </trkpt>
   <trkpt lat="51.5882730" lon="-0.1352800">
    <ele>49.7</ele>
    <time>2021-12-18T10:32:19Z</time>
   </trkpt>
   <trkpt lat="51.5883490" lon="-0.1353950">
    <ele>50.6</ele>
    <time>2021-12-18T10:32:21Z</time>
   </trkpt>
   <trkpt lat="51.5884060" lon="-0.1355060">
    <ele>51.5</ele>
    <time>2021-12-18T10:32:23Z</time>
   </trkpt>
   <trkpt lat="51.5884610" lon="-0.1356150">
    <ele>52.3</ele>
    <time>2021-12-18T10:32:25Z</time>
   </trkpt>
   <trkpt lat="51.5885170" lon="-0.1357190">
    <ele>53.1</ele>
    <time>2021-12-18T10:32:27Z</time>
   </trkpt>
   <trkpt lat="51.5885760" lon="-0.1358240">
    <ele>53.9</ele>
    <time>2021-12-18T10:32:29Z</time>
   </trkpt>
   <trkpt lat="51.5886050" lon="-0.1358790">
    <ele>54.4</ele>
    <time>2021-12-18T10:32:30Z</time>
   </trkpt>
   <trkpt lat="51.5886620" lon="-0.1359890">
    <ele>55.3</ele>
    <time>2021-12-18T10:32:32Z</time>
   </trkpt>
   <trkpt lat="51.5886910" lon="-0.1360420">
    <ele>55.7</ele>
    <time>2021-12-18T10:32:33Z</time>
   </trkpt>
   <trkpt lat="51.5887510" lon="-0.1361460">
    <ele>56.6</ele>
    <time>2021-12-18T10:32:35Z</time>
   </trkpt>
   <trkpt lat="51.5888110" lon="-0.1362450">
    <ele>57.4</ele>
    <time>2021-12-18T10:32:37Z</time>
   </trkpt>
   <trkpt lat="51.5888410" lon="-0.1362950">
    <ele>57.8</ele>
    <time>2021-12-18T10:32:38Z</time>
   </trkpt>
   <trkpt lat="51.5888950" lon="-0.1363940">
    <ele>58.6</ele>
    <time>2021-12-18T10:32:40Z</time>
   </trkpt>
   <trkpt lat="51.5889450" lon="-0.1364930">
    <ele>59.4</ele>
    <time>2021-12-18T10:32:42Z</time>
   </trkpt>
   <trkpt lat="51.5889700" lon="-0.1365430">
    <ele>59.9</ele>
    <time>2021-12-18T10:32:43Z</time>
   </trkpt>
   <trkpt lat="51.5890200" lon="-0.1366370">
    <ele>60.9</ele>
    <time>2021-12-18T10:32:45Z</time>
   </trkpt>
   <trkpt lat="51.5890470" lon="-0.1366900">
    <ele>61.5</ele>
    <time>2021-12-18T10:32:46Z</time>
   </trkpt>
   <trkpt lat="51.5890910" lon="-0.1367880">
    <ele>62.5</ele>
    <time>2021-12-18T10:32:48Z</time>
   </trkpt>
   <trkpt lat="51.5891400" lon="-0.1368940">
    <ele>63.6</ele>
    <time>2021-12-18T10:32:50Z</time>
   </trkpt>
   <trkpt lat="51.5891810" lon="-0.1369960">
    <ele>64.5</ele>
    <time>2021-12-18T10:32:52Z</time>
   </trkpt>
   <trkpt lat="51.5892010" lon="-0.1370470">
    <ele>65.0</ele>
    <time>2021-12-18T10:32:53Z</time>
   </trkpt>
   <trkpt lat="51.5892400" lon="-0.1371400">
    <ele>65.7</ele>
    <time>2021-12-18T10:32:55Z</time>
   </trkpt>
   <trkpt lat="51.5892590" lon="-0.1371850">
    <ele>65.8</ele>
    <time>2021-12-18T10:32:56Z</time>
   </trkpt>
   <trkpt lat="51.5892780" lon="-0.1372310">
    <ele>65.9</ele>
    <time>2021-12-18T10:32:57Z</time>
   </trkpt>
   <trkpt lat="51.5893110" lon="-0.1373180">
    <ele>66.5</ele>
    <time>2021-12-18T10:32:59Z</time>
   </trkpt>
   <trkpt lat="51.5893470" lon="-0.1374080">
    <ele>67.3</ele>
    <time>2021-12-18T10:33:01Z</time>
   </trkpt>
   <trkpt lat="51.5893830" lon="-0.1374980">
    <ele>68.1</ele>
    <time>2021-12-18T10:33:03Z</time>
   </trkpt>
   <trkpt lat="51.5894000" lon="-0.1375410">
    <ele>68.5</ele>
    <time>2021-12-18T10:33:04Z</time>
   </trkpt>
   <trkpt lat="51.5894160" lon="-0.1375830">
    <ele>68.9</ele>
    <time>2021-12-18T10:33:05Z</time>
   </trkpt>
   <trkpt lat="51.5894470" lon="-0.1376630">
    <ele>69.5</ele>
    <time>2021-12-18T10:33:07Z</time>
   </trkpt>
   <trkpt lat="51.5894810" lon="-0.1377440">
    <ele>70.2</ele>
    <time>2021-12-18T10:33:09Z</time>
   </trkpt>
   <trkpt lat="51.5894980" lon="-0.1377870">
    <ele>70.2</ele>
    <time>2021-12-18T10:33:10Z</time>
   </trkpt>
   <trkpt lat="51.5895160" lon="-0.1378320">
    <ele>70.3</ele>
    <time>2021-12-18T10:33:11Z</time>
   </trkpt>
   <trkpt lat="51.5895330" lon="-0.1378780">
    <ele>70.5</ele>
    <time>2021-12-18T10:33:12Z</time>
   </trkpt>
   <trkpt lat="51.5895700" lon="-0.1379720">
    <ele>71.1</ele>
    <time>2021-12-18T10:33:14Z</time>
   </trkpt>
   <trkpt lat="51.5896090" lon="-0.1380640">
    <ele>71.7</ele>
    <time>2021-12-18T10:33:16Z</time>
   </trkpt>
   <trkpt lat="51.5896480" lon="-0.1381510">
    <ele>72.3</ele>
    <time>2021-12-18T10:33:18Z</time>
   </trkpt>
   <trkpt lat="51.5896670" lon="-0.1381930">
    <ele>72.6</ele>
    <time>2021-12-18T10:33:19Z</time>
   </trkpt>
   <trkpt lat="51.5896860" lon="-0.1382350">
    <ele>72.9</ele>
    <time>2021-12-18T10:33:20Z</time>
   </trkpt>
   <trkpt lat="51.5897210" lon="-0.1383160">
    <ele>73.6</ele>
    <time>2021-12-18T10:33:22Z</time>
   </trkpt>
   <trkpt lat="51.5897540" lon="-0.1383980">
    <ele>74.4</ele>
    <time>2021-12-18T10:33:24Z</time>
   </trkpt>
   <trkpt lat="51.5897710" lon="-0.1384400">
    <ele>74.7</ele>
    <time>2021-12-18T10:33:25Z</time>
   </trkpt>
   <trkpt lat="51.5898030" lon="-0.1385210">
    <ele>75.5</ele>
    <time>2021-12-18T10:33:27Z</time>
   </trkpt>
   <trkpt lat="51.5898250" lon="-0.1385740">
    <ele>75.9</ele>
    <time>2021-12-18T10:33:28Z</time>
   </trkpt>
   <trkpt lat="51.5898320" lon="-0.1385910">
    <ele>76.1</ele>
    <time>2021-12-18T10:33:29Z</time>
   </trkpt>
   <trkpt lat="51.5898470" lon="-0.1386280">
    <ele>76.4</ele>
    <time>2021-12-18T10:33:30Z</time>
   </trkpt>
   <trkpt lat="51.5898810" lon="-0.1387100">
    <ele>77.2</ele>
    <time>2021-12-18T10:33:32Z</time>
   </trkpt>
   <trkpt lat="51.5899000" lon="-0.1387530">
    <ele>77.6</ele>
    <time>2021-12-18T10:33:33Z</time>
   </trkpt>
   <trkpt lat="51.5899400" lon="-0.1388420">
    <ele>78.4</ele>
    <time>2021-12-18T10:33:35Z</time>
   </trkpt>
   <trkpt lat="51.5899800" lon="-0.1389290">
    <ele>79.2</ele>
    <time>2021-12-18T10:33:37Z</time>
   </trkpt>
   <trkpt lat="51.5900200" lon="-0.1390120">
    <ele>80.0</ele>
    <time>2021-12-18T10:33:39Z</time>
   </trkpt>
   <trkpt lat="51.5900730" lon="-0.1391000">
    <ele>80.9</ele>
    <time>2021-12-18T10:33:41Z</time>
   </trkpt>
   <trkpt lat="51.5901040" lon="-0.1391440">
    <ele>81.5</ele>
    <time>2021-12-18T10:33:42Z</time>
   </trkpt>
   <trkpt lat="51.5901610" lon="-0.1392300">
    <ele>82.5</ele>
    <time>2021-12-18T10:33:44Z</time>
   </trkpt>
   <trkpt lat="51.5902030" lon="-0.1393120">
    <ele>83.4</ele>
    <time>2021-12-18T10:33:46Z</time>
   </trkpt>
   <trkpt lat="51.5902210" lon="-0.1393520">
    <ele>83.8</ele>
    <time>2021-12-18T10:33:47Z</time>
   </trkpt>
   <trkpt lat="51.5902600" lon="-0.1394400">
    <ele>84.5</ele>
    <time>2021-12-18T10:33:49Z</time>
   </trkpt>
   <trkpt lat="51.5902870" lon="-0.1394980">
    <ele>84.9</ele>
    <time>2021-12-18T10:33:50Z</time>
   </trkpt>
   <trkpt lat="51.5903430" lon="-0.1396180">
    <ele>85.6</ele>
    <time>2021-12-18T10:33:52Z</time>
   </trkpt>
   <trkpt lat="51.5903930" lon="-0.1397290">
    <ele>86.6</ele>
    <time>2021-12-18T10:33:54Z</time>
   </trkpt>
   <trkpt lat="51.5904350" lon="-0.1398300">
    <ele>87.7</ele>
    <time>2021-12-18T10:33:56Z</time>
   </trkpt>
   <trkpt lat="51.5904530" lon="-0.1398740">
    <ele>88.2</ele>
    <time>2021-12-18T10:33:57Z</time>
   </trkpt>
   <trkpt lat="51.5904690" lon="-0.1399160">
    <ele>88.7</ele>
    <time>2021-12-18T10:33:58Z</time>
   </trkpt>
   <trkpt lat="51.5904960" lon="-0.1399980">
    <ele>89.5</ele>
    <time>2021-12-18T10:34:00Z</time>
   </trkpt>
   <trkpt lat="51.5905080" lon="-0.1400370">
    <ele>90.0</ele>
    <time>2021-12-18T10:34:01Z</time>
   </trkpt>
   <trkpt lat="51.5905200" lon="-0.1400730">
    <ele>90.3</ele>
    <time>2021-12-18T10:34:02Z</time>
   </trkpt>
   <trkpt lat="51.5905420" lon="-0.1401480">
    <ele>90.4</ele>
    <time>2021-12-18T10:34:04Z</time>
   </trkpt>
   <trkpt lat="51.5905530" lon="-0.1401900">
    <ele>90.7</ele>
    <time>2021-12-18T10:34:05Z</time>
   </trkpt>
   <trkpt lat="51.5905660" lon="-0.1402320">
    <ele>91.1</ele>
    <time>2021-12-18T10:34:06Z</time>
   </trkpt>
   <trkpt lat="51.5905770" lon="-0.1402710">
    <ele>91.4</ele>
    <time>2021-12-18T10:34:07Z</time>
   </trkpt>
   <trkpt lat="51.5905960" lon="-0.1403440">
    <ele>92.0</ele>
    <time>2021-12-18T10:34:09Z</time>
   </trkpt>
   <trkpt lat="51.5906150" lon="-0.1404240">
    <ele>92.6</ele>
    <time>2021-12-18T10:34:11Z</time>
   </trkpt>
   <trkpt lat="51.5906330" lon="-0.1405020">
    <ele>93.3</ele>
    <time>2021-12-18T10:34:13Z</time>
   </trkpt>
   <trkpt lat="51.5906570" lon="-0.1405800">
    <ele>94.0</ele>
    <time>2021-12-18T10:34:15Z</time>
   </trkpt>
   <trkpt lat="51.5906720" lon="-0.1406200">
    <ele>94.4</ele>
    <time>2021-12-18T10:34:16Z</time>
   </trkpt>
   <trkpt lat="51.5906860" lon="-0.1406620">
    <ele>94.7</ele>
    <time>2021-12-18T10:34:17Z</time>
   </trkpt>
   <trkpt lat="51.5907020" lon="-0.1407110">
    <ele>95.2</ele>
    <time>2021-12-18T10:34:18Z</time>
   </trkpt>
   <trkpt lat="51.5907310" lon="-0.1407990">
    <ele>96.0</ele>
    <time>2021-12-18T10:34:20Z</time>
   </trkpt>
   <trkpt lat="51.5907430" lon="-0.1408390">
    <ele>96.3</ele>
    <time>2021-12-18T10:34:21Z</time>
   </trkpt>
   <trkpt lat="51.5907770" lon="-0.1409270">
    <ele>97.2</ele>
    <time>2021-12-18T10:34:23Z</time>
   </trkpt>
   <trkpt lat="51.5907960" lon="-0.1409740">
    <ele>97.4</ele>
    <time>2021-12-18T10:34:24Z</time>
   </trkpt>
   <trkpt lat="51.5908140" lon="-0.1410180">
    <ele>97.7</ele>
    <time>2021-12-18T10:34:25Z</time>
   </trkpt>
   <trkpt lat="51.5908470" lon="-0.1411100">
    <ele>98.4</ele>
    <time>2021-12-18T10:34:27Z</time>
   </trkpt>
   <trkpt lat="51.5908770" lon="-0.1412100">
    <ele>99.1</ele>
    <time>2021-12-18T10:34:29Z</time>
   </trkpt>
   <trkpt lat="51.5908900" lon="-0.1412630">
    <ele>99.4</ele>
    <time>2021-12-18T10:34:30Z</time>
   </trkpt>
   <trkpt lat="51.5909000" lon="-0.1413170">
    <ele>99.7</ele>
    <time>2021-12-18T10:34:31Z</time>
   </trkpt>
   <trkpt lat="51.5909160" lon="-0.1414270">
    <ele>100.3</ele>
    <time>2021-12-18T10:34:33Z</time>
   </trkpt>
   <trkpt lat="51.5909250" lon="-0.1414930">
    <ele>100.7</ele>
    <time>2021-12-18T10:34:34Z</time>
   </trkpt>
   <trkpt lat="51.5909360" lon="-0.1416110">
    <ele>101.0</ele>
    <time>2021-12-18T10:34:36Z</time>
   </trkpt>
   <trkpt lat="51.5909370" lon="-0.1416650">
    <ele>101.1</ele>
    <time>2021-12-18T10:34:37Z</time>
   </trkpt>
   <trkpt lat="51.5909390" lon="-0.1418180">
    <ele>101.5</ele>
    <time>2021-12-18T10:34:39Z</time>
   </trkpt>
   <trkpt lat="51.5909400" lon="-0.1418960">
    <ele>101.7</ele>
    <time>2021-12-18T10:34:40Z</time>
   </trkpt>
   <trkpt lat="51.5909410" lon="-0.1419710">
    <ele>101.9</ele>
    <time>2021-12-18T10:34:41Z</time>
   </trkpt>
   <trkpt lat="51.5909390" lon="-0.1421040">
    <ele>102.1</ele>
    <time>2021-12-18T10:34:43Z</time>
   </trkpt>
   <trkpt lat="51.5909330" lon="-0.1422390">
    <ele>102.4</ele>
    <time>2021-12-18T10:34:45Z</time>
   </trkpt>
   <trkpt lat="51.5909320" lon="-0.1423820">
    <ele>102.6</ele>
    <time>2021-12-18T10:34:47Z</time>
   </trkpt>
   <trkpt lat="51.5909260" lon="-0.1424400">
    <ele>102.7</ele>
    <time>2021-12-18T10:34:48Z</time>
   </trkpt>
   <trkpt lat="51.5909010" lon="-0.1425420">
    <ele>103.0</ele>
    <time>2021-12-18T10:34:50Z</time>
   </trkpt>
   <trkpt lat="51.5908830" lon="-0.1425880">
    <ele>103.1</ele>
    <time>2021-12-18T10:34:51Z</time>
   </trkpt>
   <trkpt lat="51.5908430" lon="-0.1426720">
    <ele>103.4</ele>
    <time>2021-12-18T10:34:53Z</time>
   </trkpt>
   <trkpt lat="51.5908200" lon="-0.1427130">
    <ele>103.5</ele>
    <time>2021-12-18T10:34:54Z</time>
   </trkpt>
   <trkpt lat="51.5907730" lon="-0.1427930">
    <ele>103.6</ele>
    <time>2021-12-18T10:34:56Z</time>
   </trkpt>
   <trkpt lat="51.5907490" lon="-0.1428340">
    <ele>103.7</ele>
    <time>2021-12-18T10:34:57Z</time>
   </trkpt>
   <trkpt lat="51.5907240" lon="-0.1428730">
    <ele>103.8</ele>
    <time>2021-12-18T10:34:58Z</time>
   </trkpt>
   <trkpt lat="51.5906760" lon="-0.1429540">
    <ele>103.9</ele>
    <time>2021-12-18T10:35:00Z</time>
   </trkpt>
   <trkpt lat="51.5906340" lon="-0.1430350">
    <ele>104.0</ele>
    <time>2021-12-18T10:35:02Z</time>
   </trkpt>
   <trkpt lat="51.5906180" lon="-0.1430690">
    <ele>104.0</ele>
    <time>2021-12-18T10:35:03Z</time>
   </trkpt>
   <trkpt lat="51.5905880" lon="-0.1431330">
    <ele>104.1</ele>
    <time>2021-12-18T10:35:05Z</time>
   </trkpt>
   <trkpt lat="51.5905730" lon="-0.1431590">
    <ele>104.1</ele>
    <time>2021-12-18T10:35:06Z</time>
   </trkpt>
   <trkpt lat="51.5905470" lon="-0.1432110">
    <ele>104.2</ele>
    <time>2021-12-18T10:35:08Z</time>
   </trkpt>
   <trkpt lat="51.5905230" lon="-0.1432570">
    <ele>104.3</ele>
    <time>2021-12-18T10:35:09Z</time>
   </trkpt>
   <trkpt lat="51.5905140" lon="-0.1432750">
    <ele>104.3</ele>
    <time>2021-12-18T10:35:10Z</time>
   </trkpt>
   <trkpt lat="51.5904800" lon="-0.1433220">
    <ele>104.3</ele>
    <time>2021-12-18T10:35:12Z</time>
   </trkpt>
   <trkpt lat="51.5904570" lon="-0.1433540">
    <ele>104.4</ele>
    <time>2021-12-18T10:35:13Z</time>
   </trkpt>
   <trkpt lat="51.5904040" lon="-0.1434280">
    <ele>104.4</ele>
    <time>2021-12-18T10:35:15Z</time>
   </trkpt>
   <trkpt lat="51.5903810" lon="-0.1434670">
    <ele>104.4</ele>
    <time>2021-12-18T10:35:16Z</time>
   </trkpt>
   <trkpt lat="51.5903280" lon="-0.1435460">
    <ele>104.5</ele>
    <time>2021-12-18T10:35:18Z</time>
   </trkpt>
   <trkpt lat="51.5903010" lon="-0.1435920">
    <ele>104.5</ele>
    <time>2021-12-18T10:35:19Z</time>
   </trkpt>
   <trkpt lat="51.5902420" lon="-0.1436750">
    <ele>104.5</ele>
    <time>2021-12-18T10:35:21Z</time>
   </trkpt>
   <trkpt lat="51.5902150" lon="-0.1437220">
    <ele>104.5</ele>
    <time>2021-12-18T10:35:22Z</time>
   </trkpt>
   <trkpt lat="51.5901870" lon="-0.1437690">
    <ele>104.4</ele>
    <time>2021-12-18T10:35:23Z</time>
   </trkpt>
   <trkpt lat="51.5901310" lon="-0.1438580">
    <ele>104.4</ele>
    <time>2021-12-18T10:35:25Z</time>
   </trkpt>
   <trkpt lat="51.5901050" lon="-0.1439070">
    <ele>104.4</ele>
    <time>2021-12-18T10:35:26Z</time>
   </trkpt>
   <trkpt lat="51.5900780" lon="-0.1439560">
    <ele>104.4</ele>
    <time>2021-12-18T10:35:27Z</time>
   </trkpt>
   <trkpt lat="51.5900140" lon="-0.1440540">
    <ele>104.3</ele>
    <time>2021-12-18T10:35:29Z</time>
   </trkpt>
   <trkpt lat="51.5899740" lon="-0.1441100">
    <ele>104.2</ele>
    <time>2021-12-18T10:35:30Z</time>
   </trkpt>
   <trkpt lat="51.5899100" lon="-0.1442150">
    <ele>104.1</ele>
    <time>2021-12-18T10:35:32Z</time>
   </trkpt>
   <trkpt lat="51.5898800" lon="-0.1442700">
    <ele>104.1</ele>
    <time>2021-12-18T10:35:33Z</time>
   </trkpt>
   <trkpt lat="51.5898150" lon="-0.1443850">
    <ele>103.9</ele>
    <time>2021-12-18T10:35:35Z</time>
   </trkpt>
   <trkpt lat="51.5897390" lon="-0.1445000">
    <ele>103.8</ele>
    <time>2021-12-18T10:35:37Z</time>
   </trkpt>
   <trkpt lat="51.5896610" lon="-0.1446190">
    <ele>103.6</ele>
    <time>2021-12-18T10:35:39Z</time>
   </trkpt>
   <trkpt lat="51.5895750" lon="-0.1447430">
    <ele>103.4</ele>
    <time>2021-12-18T10:35:41Z</time>
   </trkpt>
   <trkpt lat="51.5895490" lon="-0.1448150">
    <ele>103.4</ele>
    <time>2021-12-18T10:35:42Z</time>
   </trkpt>
   <trkpt lat="51.5895400" lon="-0.1448810">
    <ele>103.3</ele>
    <time>2021-12-18T10:35:43Z</time>
   </trkpt>
   <trkpt lat="51.5895170" lon="-0.1450170">
    <ele>103.3</ele>
    <time>2021-12-18T10:35:45Z</time>
   </trkpt>
   <trkpt lat="51.5895080" lon="-0.1450830">
    <ele>103.3</ele>
    <time>2021-12-18T10:35:46Z</time>
   </trkpt>
   <trkpt lat="51.5894990" lon="-0.1451480">
    <ele>103.2</ele>
    <time>2021-12-18T10:35:47Z</time>
   </trkpt>
   <trkpt lat="51.5894600" lon="-0.1452570">
    <ele>103.1</ele>
    <time>2021-12-18T10:35:49Z</time>
   </trkpt>
   <trkpt lat="51.5894320" lon="-0.1453050">
    <ele>103.1</ele>
    <time>2021-12-18T10:35:50Z</time>
   </trkpt>
   <trkpt lat="51.5893600" lon="-0.1454230">
    <ele>102.9</ele>
    <time>2021-12-18T10:35:52Z</time>
   </trkpt>
   <trkpt lat="51.5893260" lon="-0.1454740">
    <ele>102.8</ele>
    <time>2021-12-18T10:35:53Z</time>
   </trkpt>
   <trkpt lat="51.5893050" lon="-0.1455050">
    <ele>102.7</ele>
    <time>2021-12-18T10:35:54Z</time>
   </trkpt>
   <trkpt lat="51.5892740" lon="-0.1455520">
    <ele>102.7</ele>
    <time>2021-12-18T10:35:56Z</time>
   </trkpt>
   <trkpt lat="51.5892640" lon="-0.1455730">
    <ele>102.6</ele>
    <time>2021-12-18T10:35:57Z</time>
   </trkpt>
   <trkpt lat="51.5892390" lon="-0.1456090">
    <ele>102.6</ele>
    <time>2021-12-18T10:35:59Z</time>
   </trkpt>
   <trkpt lat="51.5891780" lon="-0.1456640">
    <ele>102.5</ele>
    <time>2021-12-18T10:36:01Z</time>
   </trkpt>
   <trkpt lat="51.5891250" lon="-0.1457070">
    <ele>102.4</ele>
    <time>2021-12-18T10:36:03Z</time>
   </trkpt>
   <trkpt lat="51.5890730" lon="-0.1457740">
    <ele>102.3</ele>
    <time>2021-12-18T10:36:05Z</time>
   </trkpt>
   <trkpt lat="51.5890380" lon="-0.1458130">
    <ele>102.3</ele>
    <time>2021-12-18T10:36:06Z</time>
   </trkpt>
   <trkpt lat="51.5889590" lon="-0.1458880">
    <ele>102.2</ele>
    <time>2021-12-18T10:36:08Z</time>
   </trkpt>
   <trkpt lat="51.5888800" lon="-0.1459680">
    <ele>102.1</ele>
    <time>2021-12-18T10:36:10Z</time>
   </trkpt>
   <trkpt lat="51.5888350" lon="-0.1460140">
    <ele>102.0</ele>
    <time>2021-12-18T10:36:11Z</time>
   </trkpt>
   <trkpt lat="51.5887420" lon="-0.1461270">
    <ele>101.9</ele>
    <time>2021-12-18T10:36:13Z</time>
   </trkpt>
   <trkpt lat="51.5887000" lon="-0.1461880">
    <ele>101.8</ele>
    <time>2021-12-18T10:36:14Z</time>
   </trkpt>
   <trkpt lat="51.5886060" lon="-0.1463130">
    <ele>101.7</ele>
    <time>2021-12-18T10:36:16Z</time>
   </trkpt>
   <trkpt lat="51.5885500" lon="-0.1463710">
    <ele>101.7</ele>
    <time>2021-12-18T10:36:17Z</time>
   </trkpt>
   <trkpt lat="51.5884420" lon="-0.1465000">
    <ele>101.6</ele>
    <time>2021-12-18T10:36:19Z</time>
   </trkpt>
   <trkpt lat="51.5883940" lon="-0.1465650">
    <ele>101.6</ele>
    <time>2021-12-18T10:36:20Z</time>
   </trkpt>
   <trkpt lat="51.5883440" lon="-0.1466200">
    <ele>101.5</ele>
    <time>2021-12-18T10:36:21Z</time>
   </trkpt>
   <trkpt lat="51.5882370" lon="-0.1467110">
    <ele>101.3</ele>
    <time>2021-12-18T10:36:23Z</time>
   </trkpt>
   <trkpt lat="51.5881750" lon="-0.1467500">
    <ele>101.2</ele>
    <time>2021-12-18T10:36:24Z</time>
   </trkpt>
   <trkpt lat="51.5880700" lon="-0.1468090">
    <ele>100.8</ele>
    <time>2021-12-18T10:36:26Z</time>
   </trkpt>
   <trkpt lat="51.5879400" lon="-0.1468310">
    <ele>100.1</ele>
    <time>2021-12-18T10:36:28Z</time>
   </trkpt>
   <trkpt lat="51.5878740" lon="-0.1468380">
    <ele>99.6</ele>
    <time>2021-12-18T10:36:29Z</time>
   </trkpt>
   <trkpt lat="51.5877210" lon="-0.1468560">
    <ele>98.3</ele>
    <time>2021-12-18T10:36:31Z</time>
   </trkpt>
   <trkpt lat="51.5875530" lon="-0.1468750">
    <ele>96.9</ele>
    <time>2021-12-18T10:36:33Z</time>
   </trkpt>
   <trkpt lat="51.5873770" lon="-0.1468850">
    <ele>95.5</ele>
    <time>2021-12-18T10:36:35Z</time>
   </trkpt>
   <trkpt lat="51.5871920" lon="-0.1468910">
    <ele>94.3</ele>
    <time>2021-12-18T10:36:37Z</time>
   </trkpt>
   <trkpt lat="51.5870980" lon="-0.1468910">
    <ele>94.0</ele>
    <time>2021-12-18T10:36:38Z</time>
   </trkpt>
   <trkpt lat="51.5870060" lon="-0.1468940">
    <ele>93.8</ele>
    <time>2021-12-18T10:36:39Z</time>
   </trkpt>
   <trkpt lat="51.5868250" lon="-0.1469140">
    <ele>93.5</ele>
    <time>2021-12-18T10:36:41Z</time>
   </trkpt>
   <trkpt lat="51.5866690" lon="-0.1469460">
    <ele>93.1</ele>
    <time>2021-12-18T10:36:43Z</time>
   </trkpt>
   <trkpt lat="51.5865340" lon="-0.1469760">
    <ele>92.8</ele>
    <time>2021-12-18T10:36:45Z</time>
   </trkpt>
   <trkpt lat="51.5864770" lon="-0.1469910">
    <ele>92.7</ele>
    <time>2021-12-18T10:36:46Z</time>
   </trkpt>
   <trkpt lat="51.5863360" lon="-0.1470150">
    <ele>92.5</ele>
    <time>2021-12-18T10:36:48Z</time>
   </trkpt>
   <trkpt lat="51.5861940" lon="-0.1470340">
    <ele>92.4</ele>
    <time>2021-12-18T10:36:50Z</time>
   </trkpt>
   <trkpt lat="51.5861210" lon="-0.1470320">
    <ele>92.5</ele>
    <time>2021-12-18T10:36:51Z</time>
   </trkpt>
   <trkpt lat="51.5859820" lon="-0.1470460">
    <ele>92.6</ele>
    <time>2021-12-18T10:36:53Z</time>
   </trkpt>
   <trkpt lat="51.5859110" lon="-0.1470480">
    <ele>92.7</ele>
    <time>2021-12-18T10:36:54Z</time>
   </trkpt>
   <trkpt lat="51.5857870" lon="-0.1470460">
    <ele>92.9</ele>
    <time>2021-12-18T10:36:56Z</time>
   </trkpt>
   <trkpt lat="51.5857260" lon="-0.1470370">
    <ele>93.0</ele>
    <time>2021-12-18T10:36:57Z</time>
   </trkpt>
   <trkpt lat="51.5856630" lon="-0.1470330">
    <ele>93.1</ele>
    <time>2021-12-18T10:36:58Z</time>
   </trkpt>
   <trkpt lat="51.5855310" lon="-0.1470280">
    <ele>93.4</ele>
    <time>2021-12-18T10:37:00Z</time>
   </trkpt>
   <trkpt lat="51.5854660" lon="-0.1470170">
    <ele>93.6</ele>
    <time>2021-12-18T10:37:01Z</time>
   </trkpt>
   <trkpt lat="51.5854030" lon="-0.1470060">
    <ele>93.8</ele>
    <time>2021-12-18T10:37:02Z</time>
   </trkpt>
   <trkpt lat="51.5853380" lon="-0.1469960">
    <ele>94.1</ele>
    <time>2021-12-18T10:37:03Z</time>
   </trkpt>
   <trkpt lat="51.5852750" lon="-0.1469830">
    <ele>94.3</ele>
    <time>2021-12-18T10:37:04Z</time>
   </trkpt>
   <trkpt lat="51.5851500" lon="-0.1469460">
    <ele>94.7</ele>
    <time>2021-12-18T10:37:06Z</time>
   </trkpt>
   <trkpt lat="51.5850360" lon="-0.1469230">
    <ele>95.1</ele>
    <time>2021-12-18T10:37:08Z</time>
   </trkpt>
   <trkpt lat="51.5849670" lon="-0.1469180">
    <ele>95.4</ele>
    <time>2021-12-18T10:37:09Z</time>
   </trkpt>
   <trkpt lat="51.5849070" lon="-0.1469180">
    <ele>95.6</ele>
    <time>2021-12-18T10:37:10Z</time>
   </trkpt>
   <trkpt lat="51.5848460" lon="-0.1469220">
    <ele>95.7</ele>
    <time>2021-12-18T10:37:11Z</time>
   </trkpt>
   <trkpt lat="51.5847210" lon="-0.1469340">
    <ele>96.1</ele>
    <time>2021-12-18T10:37:13Z</time>
   </trkpt>
   <trkpt lat="51.5846530" lon="-0.1469290">
    <ele>96.3</ele>
    <time>2021-12-18T10:37:14Z</time>
   </trkpt>
   <trkpt lat="51.5845150" lon="-0.1469230">
    <ele>96.7</ele>
    <time>2021-12-18T10:37:16Z</time>
   </trkpt>
   <trkpt lat="51.5843810" lon="-0.1469110">
    <ele>97.1</ele>
    <time>2021-12-18T10:37:18Z</time>
   </trkpt>
   <trkpt lat="51.5842500" lon="-0.1468770">
    <ele>97.6</ele>
    <time>2021-12-18T10:37:20Z</time>
   </trkpt>
   <trkpt lat="51.5841250" lon="-0.1468230">
    <ele>98.0</ele>
    <time>2021-12-18T10:37:22Z</time>
   </trkpt>
   <trkpt lat="51.5840680" lon="-0.1467990">
    <ele>98.2</ele>
    <time>2021-12-18T10:37:23Z</time>
   </trkpt>
   <trkpt lat="51.5840170" lon="-0.1467810">
    <ele>98.4</ele>
    <time>2021-12-18T10:37:24Z</time>
   </trkpt>
   <trkpt lat="51.5839020" lon="-0.1467180">
    <ele>98.5</ele>
    <time>2021-12-18T10:37:26Z</time>
   </trkpt>
   <trkpt lat="51.5837960" lon="-0.1466750">
    <ele>98.4</ele>
    <time>2021-12-18T10:37:28Z</time>
   </trkpt>
   <trkpt lat="51.5836850" lon="-0.1466350">
    <ele>98.1</ele>
    <time>2021-12-18T10:37:30Z</time>
   </trkpt>
   <trkpt lat="51.5836200" lon="-0.1466130">
    <ele>97.9</ele>
    <time>2021-12-18T10:37:31Z</time>
   </trkpt>
   <trkpt lat="51.5834900" lon="-0.1465630">
    <ele>97.4</ele>
    <time>2021-12-18T10:37:33Z</time>
   </trkpt>
   <trkpt lat="51.5833350" lon="-0.1465050">
    <ele>96.9</ele>
    <time>2021-12-18T10:37:35Z</time>
   </trkpt>
   <trkpt lat="51.5832600" lon="-0.1464750">
    <ele>96.6</ele>
    <time>2021-12-18T10:37:36Z</time>
   </trkpt>
   <trkpt lat="51.5831820" lon="-0.1464480">
    <ele>96.4</ele>
    <time>2021-12-18T10:37:37Z</time>
   </trkpt>
   <trkpt lat="51.5830440" lon="-0.1464080">
    <ele>96.2</ele>
    <time>2021-12-18T10:37:39Z</time>
   </trkpt>
   <trkpt lat="51.5829770" lon="-0.1463740">
    <ele>96.2</ele>
    <time>2021-12-18T10:37:40Z</time>
   </trkpt>
   <trkpt lat="51.5829060" lon="-0.1463300">
    <ele>96.1</ele>
    <time>2021-12-18T10:37:41Z</time>
   </trkpt>
   <trkpt lat="51.5827560" lon="-0.1462780">
    <ele>96.1</ele>
    <time>2021-12-18T10:37:43Z</time>
   </trkpt>
   <trkpt lat="51.5826750" lon="-0.1462620">
    <ele>96.2</ele>
    <time>2021-12-18T10:37:44Z</time>
   </trkpt>
   <trkpt lat="51.5825930" lon="-0.1462470">
    <ele>96.3</ele>
    <time>2021-12-18T10:37:45Z</time>
   </trkpt>
   <trkpt lat="51.5824470" lon="-0.1462100">
    <ele>96.3</ele>
    <time>2021-12-18T10:37:47Z</time>
   </trkpt>
   <trkpt lat="51.5823010" lon="-0.1462150">
    <ele>96.3</ele>
    <time>2021-12-18T10:37:49Z</time>
   </trkpt>
   <trkpt lat="51.5822290" lon="-0.1462300">
    <ele>96.1</ele>
    <time>2021-12-18T10:37:50Z</time>
   </trkpt>
   <trkpt lat="51.5821580" lon="-0.1462570">
    <ele>96.0</ele>
    <time>2021-12-18T10:37:51Z</time>
   </trkpt>
   <trkpt lat="51.5820240" lon="-0.1463360">
    <ele>95.6</ele>
    <time>2021-12-18T10:37:53Z</time>
   </trkpt>
   <trkpt lat="51.5818850" lon="-0.1464290">
    <ele>95.2</ele>
    <time>2021-12-18T10:37:55Z</time>
   </trkpt>
   <trkpt lat="51.5818190" lon="-0.1464670">
    <ele>95.0</ele>
    <time>2021-12-18T10:37:56Z</time>
   </trkpt>
   <trkpt lat="51.5816900" lon="-0.1465750">
    <ele>94.5</ele>
    <time>2021-12-18T10:37:58Z</time>
   </trkpt>
   <trkpt lat="51.5815490" lon="-0.1466790">
    <ele>93.9</ele>
    <time>2021-12-18T10:38:00Z</time>
   </trkpt>
   <trkpt lat="51.5814060" lon="-0.1467580">
    <ele>93.4</ele>
    <time>2021-12-18T10:38:02Z</time>
   </trkpt>
   <trkpt lat="51.5813470" lon="-0.1467730">
    <ele>93.2</ele>
    <time>2021-12-18T10:38:03Z</time>
   </trkpt>
   <trkpt lat="51.5812580" lon="-0.1467700">
    <ele>92.9</ele>
    <time>2021-12-18T10:38:05Z</time>
   </trkpt>
   <trkpt lat="51.5811610" lon="-0.1467780">
    <ele>92.5</ele>
    <time>2021-12-18T10:38:07Z</time>
   </trkpt>
   <trkpt lat="51.5810510" lon="-0.1468190">
    <ele>92.2</ele>
    <time>2021-12-18T10:38:09Z</time>
   </trkpt>
   <trkpt lat="51.5809950" lon="-0.1468360">
    <ele>92.0</ele>
    <time>2021-12-18T10:38:10Z</time>
   </trkpt>
   <trkpt lat="51.5809330" lon="-0.1468510">
    <ele>91.8</ele>
    <time>2021-12-18T10:38:11Z</time>
   </trkpt>
   <trkpt lat="51.5807980" lon="-0.1468640">
    <ele>91.6</ele>
    <time>2021-12-18T10:38:13Z</time>
   </trkpt>
   <trkpt lat="51.5807210" lon="-0.1468630">
    <ele>91.5</ele>
    <time>2021-12-18T10:38:14Z</time>
   </trkpt>
   <trkpt lat="51.5805680" lon="-0.1468550">
    <ele>91.4</ele>
    <time>2021-12-18T10:38:16Z</time>
   </trkpt>
   <trkpt lat="51.5804980" lon="-0.1468540">
    <ele>91.5</ele>
    <time>2021-12-18T10:38:17Z</time>
   </trkpt>
   <trkpt lat="51.5803560" lon="-0.1468490">
    <ele>91.8</ele>
    <time>2021-12-18T10:38:19Z</time>
   </trkpt>
   <trkpt lat="51.5802110" lon="-0.1468730">
    <ele>92.3</ele>
    <time>2021-12-18T10:38:21Z</time>
   </trkpt>
   <trkpt lat="51.5801520" lon="-0.1468920">
    <ele>92.6</ele>
    <time>2021-12-18T10:38:22Z</time>
   </trkpt>
   <trkpt lat="51.5800880" lon="-0.1469130">
    <ele>92.9</ele>
    <time>2021-12-18T10:38:23Z</time>
   </trkpt>
   <trkpt lat="51.5799750" lon="-0.1469580">
    <ele>93.4</ele>
    <time>2021-12-18T10:38:25Z</time>
   </trkpt>
   <trkpt lat="51.5798580" lon="-0.1470000">
    <ele>93.8</ele>
    <time>2021-12-18T10:38:27Z</time>
   </trkpt>
   <trkpt lat="51.5798130" lon="-0.1470280">
    <ele>93.9</ele>
    <time>2021-12-18T10:38:28Z</time>
   </trkpt>
   <trkpt lat="51.5797640" lon="-0.1470550">
    <ele>94.3</ele>
    <time>2021-12-18T10:38:29Z</time>
   </trkpt>
   <trkpt lat="51.5797130" lon="-0.1470760">
    <ele>94.7</ele>
    <time>2021-12-18T10:38:30Z</time>
   </trkpt>
   <trkpt lat="51.5796200" lon="-0.1471070">
    <ele>95.5</ele>
    <time>2021-12-18T10:38:32Z</time>
   </trkpt>
   <trkpt lat="51.5795760" lon="-0.1471330">
    <ele>95.9</ele>
    <time>2021-12-18T10:38:33Z</time>
   </trkpt>
   <trkpt lat="51.5795350" lon="-0.1471500">
    <ele>96.3</ele>
    <time>2021-12-18T10:38:34Z</time>
   </trkpt>
   <trkpt lat="51.5794520" lon="-0.1472250">
    <ele>97.2</ele>
    <time>2021-12-18T10:38:36Z</time>
   </trkpt>
   <trkpt lat="51.5793720" lon="-0.1472860">
    <ele>98.0</ele>
    <time>2021-12-18T10:38:38Z</time>
   </trkpt>
   <trkpt lat="51.5793210" lon="-0.1473020">
    <ele>98.5</ele>
    <time>2021-12-18T10:38:39Z</time>
   </trkpt>
   <trkpt lat="51.5792180" lon="-0.1473120">
    <ele>99.4</ele>
    <time>2021-12-18T10:38:41Z</time>
   </trkpt>
   <trkpt lat="51.5791660" lon="-0.1473170">
    <ele>99.9</ele>
    <time>2021-12-18T10:38:42Z</time>
   </trkpt>
   <trkpt lat="51.5790660" lon="-0.1473350">
    <ele>100.8</ele>
    <time>2021-12-18T10:38:44Z</time>
   </trkpt>
   <trkpt lat="51.5790190" lon="-0.1473540">
    <ele>101.2</ele>
    <time>2021-12-18T10:38:45Z</time>
   </trkpt>
   <trkpt lat="51.5789730" lon="-0.1473670">
    <ele>101.6</ele>
    <time>2021-12-18T10:38:46Z</time>
   </trkpt>
   <trkpt lat="51.5788820" lon="-0.1473870">
    <ele>102.4</ele>
    <time>2021-12-18T10:38:48Z</time>
   </trkpt>
   <trkpt lat="51.5788060" lon="-0.1474190">
    <ele>102.6</ele>
    <time>2021-12-18T10:38:50Z</time>
   </trkpt>
   <trkpt lat="51.5787680" lon="-0.1474310">
    <ele>102.7</ele>
    <time>2021-12-18T10:38:51Z</time>
   </trkpt>
   <trkpt lat="51.5787010" lon="-0.1474610">
    <ele>103.1</ele>
    <time>2021-12-18T10:38:53Z</time>
   </trkpt>
   <trkpt lat="51.5786640" lon="-0.1474700">
    <ele>103.3</ele>
    <time>2021-12-18T10:38:54Z</time>
   </trkpt>
   <trkpt lat="51.5785970" lon="-0.1474700">
    <ele>103.8</ele>
    <time>2021-12-18T10:38:56Z</time>
   </trkpt>
   <trkpt lat="51.5785360" lon="-0.1474610">
    <ele>104.2</ele>
    <time>2021-12-18T10:38:58Z</time>
   </trkpt>
   <trkpt lat="51.5784560" lon="-0.1474310">
    <ele>104.6</ele>
    <time>2021-12-18T10:39:00Z</time>
   </trkpt>
   <trkpt lat="51.5783920" lon="-0.1474150">
    <ele>105.0</ele>
    <time>2021-12-18T10:39:02Z</time>
   </trkpt>
   <trkpt lat="51.5783740" lon="-0.1474060">
    <ele>105.1</ele>
    <time>2021-12-18T10:39:03Z</time>
   </trkpt>
   <trkpt lat="51.5783630" lon="-0.1473980">
    <ele>105.1</ele>
    <time>2021-12-18T10:39:04Z</time>
   </trkpt>
   <trkpt lat="51.5783450" lon="-0.1473900">
    <ele>105.2</ele>
    <time>2021-12-18T10:39:05Z</time>
   </trkpt>
   <trkpt lat="51.5783170" lon="-0.1473760">
    <ele>105.3</ele>
    <time>2021-12-18T10:39:07Z</time>
   </trkpt>
   <trkpt lat="51.5783160" lon="-0.1473740">
    <ele>105.3</ele>
    <time>2021-12-18T10:39:08Z</time>
   </trkpt>
   <trkpt lat="51.5783200" lon="-0.1473720">
    <ele>105.4</ele>
    <time>2021-12-18T10:39:10Z</time>
   </trkpt>
   <trkpt lat="51.5783230" lon="-0.1473710">
    <ele>105.4</ele>
    <time>2021-12-18T10:39:11Z</time>
   </trkpt>
   <trkpt lat="51.5783250" lon="-0.1473710">
    <ele>105.4</ele>
    <time>2021-12-18T10:39:12Z</time>
   </trkpt>
   <trkpt lat="51.5783250" lon="-0.1473710">
    <ele>105.4</ele>
    <time>2021-12-18T10:39:13Z</time>
   </trkpt>
   <trkpt lat="51.5783250" lon="-0.1473710">
    <ele>105.4</ele>
    <time>2021-12-18T10:39:15Z</time>
   </trkpt>
   <trkpt lat="51.5783250" lon="-0.1473710">
    <ele>105.4</ele>
    <time>2021-12-18T10:39:16Z</time>
   </trkpt>
   <trkpt lat="51.5783250" lon="-0.1473710">
    <ele>105.4</ele>
    <time>2021-12-18T10:39:18Z</time>
   </trkpt>
   <trkpt lat="51.5782530" lon="-0.1473610">
    <ele>105.6</ele>
    <time>2021-12-18T10:40:35Z</time>
   </trkpt>
   <trkpt lat="51.5781720" lon="-0.1473410">
    <ele>105.9</ele>
    <time>2021-12-18T10:40:37Z</time>
   </trkpt>
   <trkpt lat="51.5780680" lon="-0.1473140">
    <ele>106.0</ele>
    <time>2021-12-18T10:40:39Z</time>
   </trkpt>
   <trkpt lat="51.5779520" lon="-0.1472850">
    <ele>106.2</ele>
    <time>2021-12-18T10:40:41Z</time>
   </trkpt>
   <trkpt lat="51.5778220" lon="-0.1472620">
    <ele>106.3</ele>
    <time>2021-12-18T10:40:43Z</time>
   </trkpt>
   <trkpt lat="51.5776920" lon="-0.1472720">
    <ele>106.5</ele>
    <time>2021-12-18T10:40:45Z</time>
   </trkpt>
   <trkpt lat="51.5776280" lon="-0.1472910">
    <ele>106.7</ele>
    <time>2021-12-18T10:40:46Z</time>
   </trkpt>
   <trkpt lat="51.5775630" lon="-0.1473300">
    <ele>106.9</ele>
    <time>2021-12-18T10:40:47Z</time>
   </trkpt>
   <trkpt lat="51.5774360" lon="-0.1474210">
    <ele>107.2</ele>
    <time>2021-12-18T10:40:49Z</time>
   </trkpt>
   <trkpt lat="51.5773710" lon="-0.1474510">
    <ele>107.5</ele>
    <time>2021-12-18T10:40:50Z</time>
   </trkpt>
   <trkpt lat="51.5772560" lon="-0.1475010">
    <ele>108.0</ele>
    <time>2021-12-18T10:40:52Z</time>
   </trkpt>
   <trkpt lat="51.5771950" lon="-0.1475260">
    <ele>108.2</ele>
    <time>2021-12-18T10:40:53Z</time>
   </trkpt>
   <trkpt lat="51.5771320" lon="-0.1475480">
    <ele>108.5</ele>
    <time>2021-12-18T10:40:54Z</time>
   </trkpt>
   <trkpt lat="51.5770720" lon="-0.1475710">
    <ele>108.7</ele>
    <time>2021-12-18T10:40:55Z</time>
   </trkpt>
   <trkpt lat="51.5770140" lon="-0.1475890">
    <ele>109.0</ele>
    <time>2021-12-18T10:40:56Z</time>
   </trkpt>
   <trkpt lat="51.5769550" lon="-0.1476000">
    <ele>109.2</ele>
    <time>2021-12-18T10:40:57Z</time>
   </trkpt>
   <trkpt lat="51.5768430" lon="-0.1476360">
    <ele>109.9</ele>
    <time>2021-12-18T10:40:59Z</time>
   </trkpt>
   <trkpt lat="51.5767930" lon="-0.1476630">
    <ele>110.3</ele>
    <time>2021-12-18T10:41:00Z</time>
   </trkpt>
   <trkpt lat="51.5767290" lon="-0.1476990">
    <ele>110.8</ele>
    <time>2021-12-18T10:41:02Z</time>
   </trkpt>
   <trkpt lat="51.5766480" lon="-0.1477340">
    <ele>111.4</ele>
    <time>2021-12-18T10:41:04Z</time>
   </trkpt>
   <trkpt lat="51.5765670" lon="-0.1477580">
    <ele>112.1</ele>
    <time>2021-12-18T10:41:06Z</time>
   </trkpt>
   <trkpt lat="51.5765230" lon="-0.1477730">
    <ele>112.5</ele>
    <time>2021-12-18T10:41:07Z</time>
   </trkpt>
   <trkpt lat="51.5764500" lon="-0.1477850">
    <ele>113.2</ele>
    <time>2021-12-18T10:41:09Z</time>
   </trkpt>
   <trkpt lat="51.5764100" lon="-0.1477990">
    <ele>113.6</ele>
    <time>2021-12-18T10:41:10Z</time>
   </trkpt>
   <trkpt lat="51.5763120" lon="-0.1478170">
    <ele>114.7</ele>
    <time>2021-12-18T10:41:12Z</time>
   </trkpt>
   <trkpt lat="51.5762700" lon="-0.1478330">
    <ele>115.1</ele>
    <time>2021-12-18T10:41:13Z</time>
   </trkpt>
   <trkpt lat="51.5761970" lon="-0.1478630">
    <ele>116.0</ele>
    <time>2021-12-18T10:41:15Z</time>
   </trkpt>
   <trkpt lat="51.5761270" lon="-0.1478960">
    <ele>116.7</ele>
    <time>2021-12-18T10:41:17Z</time>
   </trkpt>
   <trkpt lat="51.5760580" lon="-0.1479170">
    <ele>117.5</ele>
    <time>2021-12-18T10:41:19Z</time>
   </trkpt>
   <trkpt lat="51.5760200" lon="-0.1479300">
    <ele>117.8</ele>
    <time>2021-12-18T10:41:20Z</time>
   </trkpt>
   <trkpt lat="51.5759390" lon="-0.1479640">
    <ele>118.7</ele>
    <time>2021-12-18T10:41:22Z</time>
   </trkpt>
   <trkpt lat="51.5758960" lon="-0.1479820">
    <ele>119.1</ele>
    <time>2021-12-18T10:41:23Z</time>
   </trkpt>
   <trkpt lat="51.5758200" lon="-0.1480110">
    <ele>119.8</ele>
    <time>2021-12-18T10:41:25Z</time>
   </trkpt>
   <trkpt lat="51.5757500" lon="-0.1480410">
    <ele>120.4</ele>
    <time>2021-12-18T10:41:27Z</time>
   </trkpt>
   <trkpt lat="51.5756820" lon="-0.1480740">
    <ele>120.9</ele>
    <time>2021-12-18T10:41:29Z</time>
   </trkpt>
   <trkpt lat="51.5756230" lon="-0.1481090">
    <ele>121.3</ele>
    <time>2021-12-18T10:41:31Z</time>
   </trkpt>
   <trkpt lat="51.5755690" lon="-0.1481440">
    <ele>121.7</ele>
    <time>2021-12-18T10:41:33Z</time>
   </trkpt>
   <trkpt lat="51.5755370" lon="-0.1481610">
    <ele>121.9</ele>
    <time>2021-12-18T10:41:34Z</time>
   </trkpt>
   <trkpt lat="51.5754700" lon="-0.1481970">
    <ele>122.3</ele>
    <time>2021-12-18T10:41:36Z</time>
   </trkpt>
   <trkpt lat="51.5754100" lon="-0.1482380">
    <ele>122.7</ele>
    <time>2021-12-18T10:41:38Z</time>
   </trkpt>
   <trkpt lat="51.5753490" lon="-0.1482750">
    <ele>123.1</ele>
    <time>2021-12-18T10:41:40Z</time>
   </trkpt>
   <trkpt lat="51.5752900" lon="-0.1483090">
    <ele>123.4</ele>
    <time>2021-12-18T10:41:42Z</time>
   </trkpt>
   <trkpt lat="51.5752460" lon="-0.1483310">
    <ele>123.7</ele>
    <time>2021-12-18T10:41:44Z</time>
   </trkpt>
   <trkpt lat="51.5752320" lon="-0.1483370">
    <ele>123.7</ele>
    <time>2021-12-18T10:41:45Z</time>
   </trkpt>
   <trkpt lat="51.5752010" lon="-0.1483500">
    <ele>123.8</ele>
    <time>2021-12-18T10:41:47Z</time>
   </trkpt>
   <trkpt lat="51.5751690" lon="-0.1483710">
    <ele>123.8</ele>
    <time>2021-12-18T10:41:49Z</time>
   </trkpt>
   <trkpt lat="51.5751320" lon="-0.1483970">
    <ele>123.9</ele>
    <time>2021-12-18T10:41:51Z</time>
   </trkpt>
   <trkpt lat="51.5750750" lon="-0.1483920">
    <ele>124.0</ele>
    <time>2021-12-18T10:41:53Z</time>
   </trkpt>
   <trkpt lat="51.5750000" lon="-0.1483630">
    <ele>124.2</ele>
    <time>2021-12-18T10:41:55Z</time>
   </trkpt>
   <trkpt lat="51.5749270" lon="-0.1483480">
    <ele>124.7</ele>
    <time>2021-12-18T10:41:57Z</time>
   </trkpt>
   <trkpt lat="51.5748880" lon="-0.1483540">
    <ele>124.9</ele>
    <time>2021-12-18T10:41:58Z</time>
   </trkpt>
   <trkpt lat="51.5748130" lon="-0.1483830">
    <ele>125.4</ele>
    <time>2021-12-18T10:42:00Z</time>
   </trkpt>
   <trkpt lat="51.5747750" lon="-0.1484020">
    <ele>125.7</ele>
    <time>2021-12-18T10:42:01Z</time>
   </trkpt>
   <trkpt lat="51.5747010" lon="-0.1484400">
    <ele>126.2</ele>
    <time>2021-12-18T10:42:03Z</time>
   </trkpt>
   <trkpt lat="51.5746560" lon="-0.1484550">
    <ele>126.5</ele>
    <time>2021-12-18T10:42:05Z</time>
   </trkpt>
   <trkpt lat="51.5745720" lon="-0.1484920">
    <ele>126.9</ele>
    <time>2021-12-18T10:42:07Z</time>
   </trkpt>
   <trkpt lat="51.5744760" lon="-0.1485360">
    <ele>127.2</ele>
    <time>2021-12-18T10:42:09Z</time>
   </trkpt>
   <trkpt lat="51.5743830" lon="-0.1485650">
    <ele>127.2</ele>
    <time>2021-12-18T10:42:11Z</time>
   </trkpt>
   <trkpt lat="51.5742910" lon="-0.1485830">
    <ele>127.1</ele>
    <time>2021-12-18T10:42:13Z</time>
   </trkpt>
   <trkpt lat="51.5742430" lon="-0.1485910">
    <ele>127.1</ele>
    <time>2021-12-18T10:42:14Z</time>
   </trkpt>
   <trkpt lat="51.5741320" lon="-0.1486100">
    <ele>126.9</ele>
    <time>2021-12-18T10:42:16Z</time>
   </trkpt>
   <trkpt lat="51.5740080" lon="-0.1486330">
    <ele>126.9</ele>
    <time>2021-12-18T10:42:18Z</time>
   </trkpt>
   <trkpt lat="51.5739060" lon="-0.1486470">
    <ele>126.8</ele>
    <time>2021-12-18T10:42:20Z</time>
   </trkpt>
   <trkpt lat="51.5738560" lon="-0.1486480">
    <ele>126.7</ele>
    <time>2021-12-18T10:42:21Z</time>
   </trkpt>
   <trkpt lat="51.5736600" lon="-0.1486700">
    <ele>126.6</ele>
    <time>2021-12-18T10:42:23Z</time>
   </trkpt>
   <trkpt lat="51.5734830" lon="-0.1486950">
    <ele>126.4</ele>
    <time>2021-12-18T10:42:25Z</time>
   </trkpt>
   <trkpt lat="51.5734140" lon="-0.1487060">
    <ele>126.2</ele>
    <time>2021-12-18T10:42:26Z</time>
   </trkpt>
   <trkpt lat="51.5733510" lon="-0.1487190">
    <ele>126.1</ele>
    <time>2021-12-18T10:42:27Z</time>
   </trkpt>
   <trkpt lat="51.5732300" lon="-0.1487390">
    <ele>125.8</ele>
    <time>2021-12-18T10:42:29Z</time>
   </trkpt>
   <trkpt lat="51.5731180" lon="-0.1487640">
    <ele>125.6</ele>
    <time>2021-12-18T10:42:31Z</time>
   </trkpt>
   <trkpt lat="51.5730600" lon="-0.1487700">
    <ele>125.5</ele>
    <time>2021-12-18T10:42:32Z</time>
   </trkpt>
   <trkpt lat="51.5730020" lon="-0.1487790">
    <ele>125.4</ele>
    <time>2021-12-18T10:42:33Z</time>
   </trkpt>
   <trkpt lat="51.5728960" lon="-0.1487920">
    <ele>125.4</ele>
    <time>2021-12-18T10:42:35Z</time>
   </trkpt>
   <trkpt lat="51.5728360" lon="-0.1488010">
    <ele>125.4</ele>
    <time>2021-12-18T10:42:36Z</time>
   </trkpt>
   <trkpt lat="51.5727830" lon="-0.1488070">
    <ele>125.4</ele>
    <time>2021-12-18T10:42:37Z</time>
   </trkpt>
   <trkpt lat="51.5726680" lon="-0.1488230">
    <ele>125.4</ele>
    <time>2021-12-18T10:42:39Z</time>
   </trkpt>
   <trkpt lat="51.5726110" lon="-0.1488270">
    <ele>125.5</ele>
    <time>2021-12-18T10:42:40Z</time>
   </trkpt>
   <trkpt lat="51.5725540" lon="-0.1488300">
    <ele>125.6</ele>
    <time>2021-12-18T10:42:41Z</time>
   </trkpt>
   <trkpt lat="51.5724440" lon="-0.1488450">
    <ele>125.8</ele>
    <time>2021-12-18T10:42:43Z</time>
   </trkpt>
   <trkpt lat="51.5723360" lon="-0.1488630">
    <ele>126.0</ele>
    <time>2021-12-18T10:42:45Z</time>
   </trkpt>
   <trkpt lat="51.5722290" lon="-0.1489080">
    <ele>126.3</ele>
    <time>2021-12-18T10:42:47Z</time>
   </trkpt>
   <trkpt lat="51.5721730" lon="-0.1489360">
    <ele>126.4</ele>
    <time>2021-12-18T10:42:48Z</time>
   </trkpt>
   <trkpt lat="51.5720670" lon="-0.1489900">
    <ele>126.6</ele>
    <time>2021-12-18T10:42:50Z</time>
   </trkpt>
   <trkpt lat="51.5719480" lon="-0.1490390">
    <ele>126.9</ele>
    <time>2021-12-18T10:42:52Z</time>
   </trkpt>
   <trkpt lat="51.5718920" lon="-0.1490520">
    <ele>127.1</ele>
    <time>2021-12-18T10:42:53Z</time>
   </trkpt>
   <trkpt lat="51.5717890" lon="-0.1490730">
    <ele>127.3</ele>
    <time>2021-12-18T10:42:55Z</time>
   </trkpt>
   <trkpt lat="51.5716750" lon="-0.1490990">
    <ele>127.6</ele>
    <time>2021-12-18T10:42:57Z</time>
   </trkpt>
   <trkpt lat="51.5715740" lon="-0.1491220">
    <ele>127.8</ele>
    <time>2021-12-18T10:42:59Z</time>
   </trkpt>
   <trkpt lat="51.5714750" lon="-0.1491110">
    <ele>128.0</ele>
    <time>2021-12-18T10:43:01Z</time>
   </trkpt>
   <trkpt lat="51.5713920" lon="-0.1490980">
    <ele>128.1</ele>
    <time>2021-12-18T10:43:03Z</time>
   </trkpt>
   <trkpt lat="51.5713190" lon="-0.1490920">
    <ele>128.2</ele>
    <time>2021-12-18T10:43:05Z</time>
   </trkpt>
   <trkpt lat="51.5712860" lon="-0.1490910">
    <ele>128.3</ele>
    <time>2021-12-18T10:43:06Z</time>
   </trkpt>
   <trkpt lat="51.5712320" lon="-0.1491050">
    <ele>128.4</ele>
    <time>2021-12-18T10:43:08Z</time>
   </trkpt>
   <trkpt lat="51.5712140" lon="-0.1491050">
    <ele>128.5</ele>
    <time>2021-12-18T10:43:09Z</time>
   </trkpt>
   <trkpt lat="51.5712070" lon="-0.1491030">
    <ele>128.5</ele>
    <time>2021-12-18T10:43:10Z</time>
   </trkpt>
   <trkpt lat="51.5712010" lon="-0.1491110">
    <ele>128.5</ele>
    <time>2021-12-18T10:43:12Z</time>
   </trkpt>
   <trkpt lat="51.5711620" lon="-0.1491220">
    <ele>128.6</ele>
    <time>2021-12-18T10:43:14Z</time>
   </trkpt>
   <trkpt lat="51.5711370" lon="-0.1491350">
    <ele>128.6</ele>
    <time>2021-12-18T10:43:15Z</time>
   </trkpt>
   <trkpt lat="51.5711150" lon="-0.1492300">
    <ele>128.8</ele>
    <time>2021-12-18T10:43:17Z</time>
   </trkpt>
   <trkpt lat="51.5711420" lon="-0.1493480">
    <ele>129.0</ele>
    <time>2021-12-18T10:43:19Z</time>
   </trkpt>
   <trkpt lat="51.5711810" lon="-0.1494690">
    <ele>129.1</ele>
    <time>2021-12-18T10:43:21Z</time>
   </trkpt>
   <trkpt lat="51.5712420" lon="-0.1496010">
    <ele>129.3</ele>
    <time>2021-12-18T10:43:23Z</time>
   </trkpt>
   <trkpt lat="51.5712850" lon="-0.1496900">
    <ele>129.5</ele>
    <time>2021-12-18T10:43:25Z</time>
   </trkpt>
   <trkpt lat="51.5712970" lon="-0.1497310">
    <ele>129.6</ele>
    <time>2021-12-18T10:43:26Z</time>
   </trkpt>
   <trkpt lat="51.5712890" lon="-0.1497780">
    <ele>129.6</ele>
    <time>2021-12-18T10:43:28Z</time>
   </trkpt>
   <trkpt lat="51.5712560" lon="-0.1498460">
    <ele>129.5</ele>
    <time>2021-12-18T10:43:30Z</time>
   </trkpt>
   <trkpt lat="51.5712200" lon="-0.1498900">
    <ele>129.3</ele>
    <time>2021-12-18T10:43:31Z</time>
   </trkpt>
   <trkpt lat="51.5711420" lon="-0.1499510">
    <ele>129.1</ele>
    <time>2021-12-18T10:43:33Z</time>
   </trkpt>
   <trkpt lat="51.5711030" lon="-0.1499900">
    <ele>129.0</ele>
    <time>2021-12-18T10:43:34Z</time>
   </trkpt>
   <trkpt lat="51.5710180" lon="-0.1500740">
    <ele>128.8</ele>
    <time>2021-12-18T10:43:36Z</time>
   </trkpt>
   <trkpt lat="51.5709760" lon="-0.1501170">
    <ele>128.7</ele>
    <time>2021-12-18T10:43:37Z</time>
   </trkpt>
   <trkpt lat="51.5708860" lon="-0.1501750">
    <ele>128.6</ele>
    <time>2021-12-18T10:43:39Z</time>
   </trkpt>
   <trkpt lat="51.5708370" lon="-0.1501900">
    <ele>128.5</ele>
    <time>2021-12-18T10:43:40Z</time>
   </trkpt>
   <trkpt lat="51.5707630" lon="-0.1502590">
    <ele>128.4</ele>
    <time>2021-12-18T10:43:42Z</time>
   </trkpt>
   <trkpt lat="51.5707210" lon="-0.1503000">
    <ele>128.4</ele>
    <time>2021-12-18T10:43:43Z</time>
   </trkpt>
   <trkpt lat="51.5706770" lon="-0.1503410">
    <ele>128.4</ele>
    <time>2021-12-18T10:43:44Z</time>
   </trkpt>
   <trkpt lat="51.5706090" lon="-0.1504180">
    <ele>128.4</ele>
    <time>2021-12-18T10:43:46Z</time>
   </trkpt>
   <trkpt lat="51.5705230" lon="-0.1505100">
    <ele>128.3</ele>
    <time>2021-12-18T10:43:48Z</time>
   </trkpt>
   <trkpt lat="51.5704220" lon="-0.1506040">
    <ele>128.3</ele>
    <time>2021-12-18T10:43:50Z</time>
   </trkpt>
   <trkpt lat="51.5703120" lon="-0.1506900">
    <ele>128.4</ele>
    <time>2021-12-18T10:43:52Z</time>
   </trkpt>
   <trkpt lat="51.5702640" lon="-0.1507430">
    <ele>128.4</ele>
    <time>2021-12-18T10:43:53Z</time>
   </trkpt>
   <trkpt lat="51.5702140" lon="-0.1507940">
    <ele>128.4</ele>
    <time>2021-12-18T10:43:54Z</time>
   </trkpt>
   <trkpt lat="51.5701610" lon="-0.1508480">
    <ele>128.4</ele>
    <time>2021-12-18T10:43:55Z</time>
   </trkpt>
   <trkpt lat="51.5701160" lon="-0.1509080">
    <ele>128.5</ele>
    <time>2021-12-18T10:43:56Z</time>
   </trkpt>
   <trkpt lat="51.5700210" lon="-0.1510120">
    <ele>128.6</ele>
    <time>2021-12-18T10:43:58Z</time>
   </trkpt>
   <trkpt lat="51.5699660" lon="-0.1510580">
    <ele>128.6</ele>
    <time>2021-12-18T10:43:59Z</time>
   </trkpt>
   <trkpt lat="51.5699080" lon="-0.1510990">
    <ele>128.6</ele>
    <time>2021-12-18T10:44:00Z</time>
   </trkpt>
   <trkpt lat="51.5698030" lon="-0.1511550">
    <ele>128.7</ele>
    <time>2021-12-18T10:44:02Z</time>
   </trkpt>
   <trkpt lat="51.5697450" lon="-0.1511800">
    <ele>128.7</ele>
    <time>2021-12-18T10:44:03Z</time>
   </trkpt>
   <trkpt lat="51.5696330" lon="-0.1512410">
    <ele>128.7</ele>
    <time>2021-12-18T10:44:05Z</time>
   </trkpt>
   <trkpt lat="51.5695240" lon="-0.1512730">
    <ele>128.7</ele>
    <time>2021-12-18T10:44:07Z</time>
   </trkpt>
   <trkpt lat="51.5694110" lon="-0.1513180">
    <ele>128.6</ele>
    <time>2021-12-18T10:44:09Z</time>
   </trkpt>
   <trkpt lat="51.5693550" lon="-0.1513440">
    <ele>128.6</ele>
    <time>2021-12-18T10:44:10Z</time>
   </trkpt>
   <trkpt lat="51.5692370" lon="-0.1514080">
    <ele>128.3</ele>
    <time>2021-12-18T10:44:12Z</time>
   </trkpt>
   <trkpt lat="51.5691800" lon="-0.1514480">
    <ele>128.2</ele>
    <time>2021-12-18T10:44:13Z</time>
   </trkpt>
   <trkpt lat="51.5690740" lon="-0.1515770">
    <ele>127.9</ele>
    <time>2021-12-18T10:44:15Z</time>
   </trkpt>
   <trkpt lat="51.5690350" lon="-0.1516680">
    <ele>127.5</ele>
    <time>2021-12-18T10:44:16Z</time>
   </trkpt>
   <trkpt lat="51.5689700" lon="-0.1518610">
    <ele>126.8</ele>
    <time>2021-12-18T10:44:18Z</time>
   </trkpt>
   <trkpt lat="51.5689340" lon="-0.1519550">
    <ele>126.4</ele>
    <time>2021-12-18T10:44:19Z</time>
   </trkpt>
   <trkpt lat="51.5688910" lon="-0.1520450">
    <ele>125.9</ele>
    <time>2021-12-18T10:44:20Z</time>
   </trkpt>
   <trkpt lat="51.5687980" lon="-0.1522410">
    <ele>124.8</ele>
    <time>2021-12-18T10:44:22Z</time>
   </trkpt>
   <trkpt lat="51.5687420" lon="-0.1523370">
    <ele>124.1</ele>
    <time>2021-12-18T10:44:23Z</time>
   </trkpt>
   <trkpt lat="51.5686820" lon="-0.1524270">
    <ele>123.4</ele>
    <time>2021-12-18T10:44:24Z</time>
   </trkpt>
   <trkpt lat="51.5686190" lon="-0.1525150">
    <ele>122.6</ele>
    <time>2021-12-18T10:44:25Z</time>
   </trkpt>
   <trkpt lat="51.5685010" lon="-0.1526840">
    <ele>120.9</ele>
    <time>2021-12-18T10:44:27Z</time>
   </trkpt>
   <trkpt lat="51.5683750" lon="-0.1528670">
    <ele>118.8</ele>
    <time>2021-12-18T10:44:29Z</time>
   </trkpt>
   <trkpt lat="51.5682410" lon="-0.1530920">
    <ele>116.3</ele>
    <time>2021-12-18T10:44:31Z</time>
   </trkpt>
   <trkpt lat="51.5681790" lon="-0.1532180">
    <ele>115.1</ele>
    <time>2021-12-18T10:44:32Z</time>
   </trkpt>
   <trkpt lat="51.5680670" lon="-0.1534620">
    <ele>112.8</ele>
    <time>2021-12-18T10:44:34Z</time>
   </trkpt>
   <trkpt lat="51.5680240" lon="-0.1535640">
    <ele>111.9</ele>
    <time>2021-12-18T10:44:35Z</time>
   </trkpt>
   <trkpt lat="51.5679150" lon="-0.1537330">
    <ele>110.0</ele>
    <time>2021-12-18T10:44:37Z</time>
   </trkpt>
   <trkpt lat="51.5677550" lon="-0.1538220">
    <ele>107.8</ele>
    <time>2021-12-18T10:44:39Z</time>
   </trkpt>
   <trkpt lat="51.5675720" lon="-0.1538240">
    <ele>105.4</ele>
    <time>2021-12-18T10:44:41Z</time>
   </trkpt>
   <trkpt lat="51.5674820" lon="-0.1538160">
    <ele>104.5</ele>
    <time>2021-12-18T10:44:42Z</time>
   </trkpt>
   <trkpt lat="51.5673990" lon="-0.1538070">
    <ele>103.7</ele>
    <time>2021-12-18T10:44:43Z</time>
   </trkpt>
   <trkpt lat="51.5672200" lon="-0.1537770">
    <ele>102.1</ele>
    <time>2021-12-18T10:44:45Z</time>
   </trkpt>
   <trkpt lat="51.5671280" lon="-0.1537600">
    <ele>101.3</ele>
    <time>2021-12-18T10:44:46Z</time>
   </trkpt>
   <trkpt lat="51.5670350" lon="-0.1537340">
    <ele>100.4</ele>
    <time>2021-12-18T10:44:47Z</time>
   </trkpt>
   <trkpt lat="51.5669380" lon="-0.1536900">
    <ele>99.4</ele>
    <time>2021-12-18T10:44:48Z</time>
   </trkpt>
   <trkpt lat="51.5668400" lon="-0.1536440">
    <ele>98.3</ele>
    <time>2021-12-18T10:44:49Z</time>
   </trkpt>
   <trkpt lat="51.5666480" lon="-0.1535970">
    <ele>96.3</ele>
    <time>2021-12-18T10:44:51Z</time>
   </trkpt>
   <trkpt lat="51.5664570" lon="-0.1535680">
    <ele>94.5</ele>
    <time>2021-12-18T10:44:53Z</time>
   </trkpt>
   <trkpt lat="51.5663470" lon="-0.1535630">
    <ele>93.5</ele>
    <time>2021-12-18T10:44:54Z</time>
   </trkpt>
   <trkpt lat="51.5661040" lon="-0.1535160">
    <ele>91.2</ele>
    <time>2021-12-18T10:44:56Z</time>
   </trkpt>
   <trkpt lat="51.5658730" lon="-0.1534370">
    <ele>88.8</ele>
    <time>2021-12-18T10:44:58Z</time>
   </trkpt>
   <trkpt lat="51.5656340" lon="-0.1533360">
    <ele>86.5</ele>
    <time>2021-12-18T10:45:00Z</time>
   </trkpt>
   <trkpt lat="51.5654160" lon="-0.1532240">
    <ele>84.6</ele>
    <time>2021-12-18T10:45:02Z</time>
   </trkpt>
   <trkpt lat="51.5651950" lon="-0.1531350">
    <ele>83.2</ele>
    <time>2021-12-18T10:45:04Z</time>
   </trkpt>
   <trkpt lat="51.5649780" lon="-0.1530550">
    <ele>83.1</ele>
    <time>2021-12-18T10:45:06Z</time>
   </trkpt>
   <trkpt lat="51.5647750" lon="-0.1529500">
    <ele>81.1</ele>
    <time>2021-12-18T10:45:08Z</time>
   </trkpt>
   <trkpt lat="51.5646610" lon="-0.1529160">
    <ele>79.8</ele>
    <time>2021-12-18T10:45:09Z</time>
   </trkpt>
   <trkpt lat="51.5644170" lon="-0.1528730">
    <ele>77.3</ele>
    <time>2021-12-18T10:45:11Z</time>
   </trkpt>
   <trkpt lat="51.5642800" lon="-0.1528520">
    <ele>75.9</ele>
    <time>2021-12-18T10:45:12Z</time>
   </trkpt>
   <trkpt lat="51.5640260" lon="-0.1527990">
    <ele>75.2</ele>
    <time>2021-12-18T10:45:14Z</time>
   </trkpt>
   <trkpt lat="51.5637920" lon="-0.1527260">
    <ele>72.4</ele>
    <time>2021-12-18T10:45:16Z</time>
   </trkpt>
   <trkpt lat="51.5635720" lon="-0.1526260">
    <ele>69.9</ele>
    <time>2021-12-18T10:45:18Z</time>
   </trkpt>
   <trkpt lat="51.5634770" lon="-0.1525790">
    <ele>68.7</ele>
    <time>2021-12-18T10:45:19Z</time>
   </trkpt>
   <trkpt lat="51.5633890" lon="-0.1525250">
    <ele>67.6</ele>
    <time>2021-12-18T10:45:20Z</time>
   </trkpt>
   <trkpt lat="51.5632290" lon="-0.1524100">
    <ele>67.3</ele>
    <time>2021-12-18T10:45:22Z</time>
   </trkpt>
   <trkpt lat="51.5631430" lon="-0.1523460">
    <ele>66.4</ele>
    <time>2021-12-18T10:45:23Z</time>
   </trkpt>
   <trkpt lat="51.5629680" lon="-0.1521970">
    <ele>64.5</ele>
    <time>2021-12-18T10:45:25Z</time>
   </trkpt>
   <trkpt lat="51.5628800" lon="-0.1521030">
    <ele>63.6</ele>
    <time>2021-12-18T10:45:26Z</time>
   </trkpt>
   <trkpt lat="51.5627970" lon="-0.1520020">
    <ele>62.7</ele>
    <time>2021-12-18T10:45:27Z</time>
   </trkpt>
   <trkpt lat="51.5626430" lon="-0.1518060">
    <ele>61.3</ele>
    <time>2021-12-18T10:45:29Z</time>
   </trkpt>
   <trkpt lat="51.5624920" lon="-0.1516250">
    <ele>60.1</ele>
    <time>2021-12-18T10:45:31Z</time>
   </trkpt>
   <trkpt lat="51.5623530" lon="-0.1514160">
    <ele>59.3</ele>
    <time>2021-12-18T10:45:33Z</time>
   </trkpt>
   <trkpt lat="51.5622930" lon="-0.1513250">
    <ele>58.9</ele>
    <time>2021-12-18T10:45:34Z</time>
   </trkpt>
   <trkpt lat="51.5621750" lon="-0.1511660">
    <ele>58.7</ele>
    <time>2021-12-18T10:45:36Z</time>
   </trkpt>
   <trkpt lat="51.5620440" lon="-0.1510300">
    <ele>58.0</ele>
    <time>2021-12-18T10:45:38Z</time>
   </trkpt>
   <trkpt lat="51.5619050" lon="-0.1509280">
    <ele>57.5</ele>
    <time>2021-12-18T10:45:40Z</time>
   </trkpt>
   <trkpt lat="51.5618430" lon="-0.1508940">
    <ele>57.3</ele>
    <time>2021-12-18T10:45:41Z</time>
   </trkpt>
   <trkpt lat="51.5617230" lon="-0.1508510">
    <ele>57.0</ele>
    <time>2021-12-18T10:45:43Z</time>
   </trkpt>
   <trkpt lat="51.5616270" lon="-0.1507830">
    <ele>56.9</ele>
    <time>2021-12-18T10:45:45Z</time>
   </trkpt>
   <trkpt lat="51.5615640" lon="-0.1506390">
    <ele>56.7</ele>
    <time>2021-12-18T10:45:47Z</time>
   </trkpt>
   <trkpt lat="51.5615750" lon="-0.1504810">
    <ele>56.4</ele>
    <time>2021-12-18T10:45:49Z</time>
   </trkpt>
   <trkpt lat="51.5616440" lon="-0.1503840">
    <ele>56.3</ele>
    <time>2021-12-18T10:45:51Z</time>
   </trkpt>
   <trkpt lat="51.5616910" lon="-0.1503460">
    <ele>56.2</ele>
    <time>2021-12-18T10:45:52Z</time>
   </trkpt>
   <trkpt lat="51.5617370" lon="-0.1502950">
    <ele>56.2</ele>
    <time>2021-12-18T10:45:53Z</time>
   </trkpt>
   <trkpt lat="51.5618250" lon="-0.1501620">
    <ele>56.1</ele>
    <time>2021-12-18T10:45:55Z</time>
   </trkpt>
   <trkpt lat="51.5618700" lon="-0.1499970">
    <ele>56.1</ele>
    <time>2021-12-18T10:45:57Z</time>
   </trkpt>
   <trkpt lat="51.5618900" lon="-0.1499090">
    <ele>56.0</ele>
    <time>2021-12-18T10:45:58Z</time>
   </trkpt>
   <trkpt lat="51.5619190" lon="-0.1497140">
    <ele>55.9</ele>
    <time>2021-12-18T10:46:00Z</time>
   </trkpt>
   <trkpt lat="51.5619200" lon="-0.1496140">
    <ele>55.9</ele>
    <time>2021-12-18T10:46:01Z</time>
   </trkpt>
   <trkpt lat="51.5619110" lon="-0.1494140">
    <ele>55.7</ele>
    <time>2021-12-18T10:46:03Z</time>
   </trkpt>
   <trkpt lat="51.5619290" lon="-0.1492000">
    <ele>55.6</ele>
    <time>2021-12-18T10:46:05Z</time>
   </trkpt>
   <trkpt lat="51.5619420" lon="-0.1490960">
    <ele>55.5</ele>
    <time>2021-12-18T10:46:06Z</time>
   </trkpt>
   <trkpt lat="51.5619500" lon="-0.1489880">
    <ele>55.4</ele>
    <time>2021-12-18T10:46:07Z</time>
   </trkpt>
   <trkpt lat="51.5619650" lon="-0.1488980">
    <ele>55.4</ele>
    <time>2021-12-18T10:46:08Z</time>
   </trkpt>
   <trkpt lat="51.5620100" lon="-0.1487140">
    <ele>55.3</ele>
    <time>2021-12-18T10:46:10Z</time>
   </trkpt>
   <trkpt lat="51.5620280" lon="-0.1486240">
    <ele>55.2</ele>
    <time>2021-12-18T10:46:11Z</time>
   </trkpt>
   <trkpt lat="51.5620460" lon="-0.1485260">
    <ele>55.1</ele>
    <time>2021-12-18T10:46:12Z</time>
   </trkpt>
   <trkpt lat="51.5620650" lon="-0.1484310">
    <ele>55.1</ele>
    <time>2021-12-18T10:46:13Z</time>
   </trkpt>
   <trkpt lat="51.5621100" lon="-0.1482570">
    <ele>55.1</ele>
    <time>2021-12-18T10:46:15Z</time>
   </trkpt>
   <trkpt lat="51.5621310" lon="-0.1481650">
    <ele>55.1</ele>
    <time>2021-12-18T10:46:16Z</time>
   </trkpt>
   <trkpt lat="51.5621520" lon="-0.1480710">
    <ele>55.1</ele>
    <time>2021-12-18T10:46:17Z</time>
   </trkpt>
   <trkpt lat="51.5621970" lon="-0.1478880">
    <ele>55.2</ele>
    <time>2021-12-18T10:46:19Z</time>
   </trkpt>
   <trkpt lat="51.5622530" lon="-0.1477060">
    <ele>55.3</ele>
    <time>2021-12-18T10:46:21Z</time>
   </trkpt>
   <trkpt lat="51.5623020" lon="-0.1475360">
    <ele>55.4</ele>
    <time>2021-12-18T10:46:23Z</time>
   </trkpt>
   <trkpt lat="51.5623220" lon="-0.1474530">
    <ele>55.4</ele>
    <time>2021-12-18T10:46:24Z</time>
   </trkpt>
   <trkpt lat="51.5623590" lon="-0.1473700">
    <ele>55.5</ele>
    <time>2021-12-18T10:46:25Z</time>
   </trkpt>
   <trkpt lat="51.5624400" lon="-0.1472530">
    <ele>55.6</ele>
    <time>2021-12-18T10:46:27Z</time>
   </trkpt>
   <trkpt lat="51.5625480" lon="-0.1471820">
    <ele>55.7</ele>
    <time>2021-12-18T10:46:29Z</time>
   </trkpt>
   <trkpt lat="51.5625940" lon="-0.1471390">
    <ele>55.8</ele>
    <time>2021-12-18T10:46:30Z</time>
   </trkpt>
   <trkpt lat="51.5626960" lon="-0.1470720">
    <ele>56.1</ele>
    <time>2021-12-18T10:46:32Z</time>
   </trkpt>
   <trkpt lat="51.5627910" lon="-0.1470230">
    <ele>56.3</ele>
    <time>2021-12-18T10:46:34Z</time>
   </trkpt>
   <trkpt lat="51.5628390" lon="-0.1470070">
    <ele>56.4</ele>
    <time>2021-12-18T10:46:35Z</time>
   </trkpt>
   <trkpt lat="51.5629250" lon="-0.1469450">
    <ele>56.7</ele>
    <time>2021-12-18T10:46:37Z</time>
   </trkpt>
   <trkpt lat="51.5630210" lon="-0.1468950">
    <ele>57.1</ele>
    <time>2021-12-18T10:46:39Z</time>
   </trkpt>
   <trkpt lat="51.5630740" lon="-0.1468720">
    <ele>57.3</ele>
    <time>2021-12-18T10:46:40Z</time>
   </trkpt>
   <trkpt lat="51.5631620" lon="-0.1468270">
    <ele>57.6</ele>
    <time>2021-12-18T10:46:42Z</time>
   </trkpt>
   <trkpt lat="51.5632100" lon="-0.1467880">
    <ele>57.9</ele>
    <time>2021-12-18T10:46:43Z</time>
   </trkpt>
   <trkpt lat="51.5633090" lon="-0.1467100">
    <ele>58.4</ele>
    <time>2021-12-18T10:46:45Z</time>
   </trkpt>
   <trkpt lat="51.5634220" lon="-0.1466660">
    <ele>58.8</ele>
    <time>2021-12-18T10:46:47Z</time>
   </trkpt>
   <trkpt lat="51.5635140" lon="-0.1466310">
    <ele>59.2</ele>
    <time>2021-12-18T10:46:49Z</time>
   </trkpt>
   <trkpt lat="51.5636040" lon="-0.1465790">
    <ele>59.7</ele>
    <time>2021-12-18T10:46:51Z</time>
   </trkpt>
   <trkpt lat="51.5637030" lon="-0.1465280">
    <ele>60.2</ele>
    <time>2021-12-18T10:46:53Z</time>
   </trkpt>
   <trkpt lat="51.5638060" lon="-0.1464770">
    <ele>60.8</ele>
    <time>2021-12-18T10:46:55Z</time>
   </trkpt>
   <trkpt lat="51.5638550" lon="-0.1464550">
    <ele>61.2</ele>
    <time>2021-12-18T10:46:56Z</time>
   </trkpt>
   <trkpt lat="51.5639030" lon="-0.1464410">
    <ele>61.6</ele>
    <time>2021-12-18T10:46:57Z</time>
   </trkpt>
   <trkpt lat="51.5639930" lon="-0.1464010">
    <ele>62.4</ele>
    <time>2021-12-18T10:46:59Z</time>
   </trkpt>
   <trkpt lat="51.5640890" lon="-0.1463940">
    <ele>63.3</ele>
    <time>2021-12-18T10:47:01Z</time>
   </trkpt>
   <trkpt lat="51.5641450" lon="-0.1463880">
    <ele>63.7</ele>
    <time>2021-12-18T10:47:02Z</time>
   </trkpt>
   <trkpt lat="51.5642310" lon="-0.1463770">
    <ele>64.1</ele>
    <time>2021-12-18T10:47:04Z</time>
   </trkpt>
   <trkpt lat="51.5642710" lon="-0.1463660">
    <ele>64.3</ele>
    <time>2021-12-18T10:47:05Z</time>
   </trkpt>
   <trkpt lat="51.5643720" lon="-0.1463530">
    <ele>65.2</ele>
    <time>2021-12-18T10:47:07Z</time>
   </trkpt>
   <trkpt lat="51.5644300" lon="-0.1463540">
    <ele>65.8</ele>
    <time>2021-12-18T10:47:08Z</time>
   </trkpt>
   <trkpt lat="51.5644780" lon="-0.1463510">
    <ele>66.4</ele>
    <time>2021-12-18T10:47:09Z</time>
   </trkpt>
   <trkpt lat="51.5645620" lon="-0.1463440">
    <ele>67.3</ele>
    <time>2021-12-18T10:47:11Z</time>
   </trkpt>
   <trkpt lat="51.5646420" lon="-0.1463400">
    <ele>68.2</ele>
    <time>2021-12-18T10:47:13Z</time>
   </trkpt>
   <trkpt lat="51.5647190" lon="-0.1463580">
    <ele>69.0</ele>
    <time>2021-12-18T10:47:15Z</time>
   </trkpt>
   <trkpt lat="51.5647960" lon="-0.1463660">
    <ele>69.9</ele>
    <time>2021-12-18T10:47:17Z</time>
   </trkpt>
   <trkpt lat="51.5648370" lon="-0.1463660">
    <ele>70.4</ele>
    <time>2021-12-18T10:47:18Z</time>
   </trkpt>
   <trkpt lat="51.5648800" lon="-0.1463660">
    <ele>70.9</ele>
    <time>2021-12-18T10:47:19Z</time>
   </trkpt>
   <trkpt lat="51.5649550" lon="-0.1463780">
    <ele>71.7</ele>
    <time>2021-12-18T10:47:21Z</time>
   </trkpt>
   <trkpt lat="51.5650420" lon="-0.1464050">
    <ele>72.6</ele>
    <time>2021-12-18T10:47:23Z</time>
   </trkpt>
   <trkpt lat="51.5650910" lon="-0.1464130">
    <ele>73.1</ele>
    <time>2021-12-18T10:47:24Z</time>
   </trkpt>
   <trkpt lat="51.5652120" lon="-0.1464260">
    <ele>73.6</ele>
    <time>2021-12-18T10:47:26Z</time>
   </trkpt>
   <trkpt lat="51.5652990" lon="-0.1464390">
    <ele>74.2</ele>
    <time>2021-12-18T10:47:28Z</time>
   </trkpt>
   <trkpt lat="51.5653320" lon="-0.1464410">
    <ele>74.5</ele>
    <time>2021-12-18T10:47:29Z</time>
   </trkpt>
   <trkpt lat="51.5653990" lon="-0.1464440">
    <ele>75.0</ele>
    <time>2021-12-18T10:47:31Z</time>
   </trkpt>
   <trkpt lat="51.5654670" lon="-0.1464500">
    <ele>75.6</ele>
    <time>2021-12-18T10:47:33Z</time>
   </trkpt>
   <trkpt lat="51.5655030" lon="-0.1464510">
    <ele>75.8</ele>
    <time>2021-12-18T10:47:34Z</time>
   </trkpt>
   <trkpt lat="51.5655740" lon="-0.1464520">
    <ele>76.4</ele>
    <time>2021-12-18T10:47:36Z</time>
   </trkpt>
   <trkpt lat="51.5656470" lon="-0.1464600">
    <ele>76.9</ele>
    <time>2021-12-18T10:47:38Z</time>
   </trkpt>
   <trkpt lat="51.5656820" lon="-0.1464680">
    <ele>77.2</ele>
    <time>2021-12-18T10:47:39Z</time>
   </trkpt>
   <trkpt lat="51.5657510" lon="-0.1464820">
    <ele>77.7</ele>
    <time>2021-12-18T10:47:41Z</time>
   </trkpt>
   <trkpt lat="51.5658210" lon="-0.1464960">
    <ele>78.3</ele>
    <time>2021-12-18T10:47:43Z</time>
   </trkpt>
   <trkpt lat="51.5658550" lon="-0.1465000">
    <ele>78.6</ele>
    <time>2021-12-18T10:47:44Z</time>
   </trkpt>
   <trkpt lat="51.5658880" lon="-0.1465020">
    <ele>78.9</ele>
    <time>2021-12-18T10:47:45Z</time>
   </trkpt>
   <trkpt lat="51.5659230" lon="-0.1465000">
    <ele>79.2</ele>
    <time>2021-12-18T10:47:46Z</time>
   </trkpt>
   <trkpt lat="51.5659870" lon="-0.1465000">
    <ele>79.8</ele>
    <time>2021-12-18T10:47:48Z</time>
   </trkpt>
   <trkpt lat="51.5660190" lon="-0.1465040">
    <ele>80.0</ele>
    <time>2021-12-18T10:47:49Z</time>
   </trkpt>
   <trkpt lat="51.5660500" lon="-0.1465100">
    <ele>80.2</ele>
    <time>2021-12-18T10:47:50Z</time>
   </trkpt>
   <trkpt lat="51.5661130" lon="-0.1465190">
    <ele>80.4</ele>
    <time>2021-12-18T10:47:52Z</time>
   </trkpt>
   <trkpt lat="51.5661450" lon="-0.1465210">
    <ele>80.6</ele>
    <time>2021-12-18T10:47:53Z</time>
   </trkpt>
   <trkpt lat="51.5662120" lon="-0.1465250">
    <ele>81.2</ele>
    <time>2021-12-18T10:47:55Z</time>
   </trkpt>
   <trkpt lat="51.5662450" lon="-0.1465270">
    <ele>81.6</ele>
    <time>2021-12-18T10:47:56Z</time>
   </trkpt>
   <trkpt lat="51.5663100" lon="-0.1465300">
    <ele>82.3</ele>
    <time>2021-12-18T10:47:58Z</time>
   </trkpt>
   <trkpt lat="51.5663420" lon="-0.1465320">
    <ele>82.6</ele>
    <time>2021-12-18T10:47:59Z</time>
   </trkpt>
   <trkpt lat="51.5664060" lon="-0.1465400">
    <ele>83.3</ele>
    <time>2021-12-18T10:48:01Z</time>
   </trkpt>
   <trkpt lat="51.5664700" lon="-0.1465500">
    <ele>83.9</ele>
    <time>2021-12-18T10:48:03Z</time>
   </trkpt>
   <trkpt lat="51.5665010" lon="-0.1465530">
    <ele>84.2</ele>
    <time>2021-12-18T10:48:04Z</time>
   </trkpt>
   <trkpt lat="51.5665640" lon="-0.1465550">
    <ele>84.8</ele>
    <time>2021-12-18T10:48:06Z</time>
   </trkpt>
   <trkpt lat="51.5666250" lon="-0.1465460">
    <ele>85.3</ele>
    <time>2021-12-18T10:48:08Z</time>
   </trkpt>
   <trkpt lat="51.5666560" lon="-0.1465400">
    <ele>85.6</ele>
    <time>2021-12-18T10:48:09Z</time>
   </trkpt>
   <trkpt lat="51.5667170" lon="-0.1465360">
    <ele>86.1</ele>
    <time>2021-12-18T10:48:11Z</time>
   </trkpt>
   <trkpt lat="51.5667800" lon="-0.1465400">
    <ele>86.7</ele>
    <time>2021-12-18T10:48:13Z</time>
   </trkpt>
   <trkpt lat="51.5668110" lon="-0.1465420">
    <ele>86.9</ele>
    <time>2021-12-18T10:48:14Z</time>
   </trkpt>
   <trkpt lat="51.5668780" lon="-0.1465410">
    <ele>87.4</ele>
    <time>2021-12-18T10:48:16Z</time>
   </trkpt>
   <trkpt lat="51.5669180" lon="-0.1465390">
    <ele>87.6</ele>
    <time>2021-12-18T10:48:17Z</time>
   </trkpt>
   <trkpt lat="51.5669710" lon="-0.1465370">
    <ele>87.8</ele>
    <time>2021-12-18T10:48:18Z</time>
   </trkpt>
   <trkpt lat="51.5670600" lon="-0.1465270">
    <ele>88.1</ele>
    <time>2021-12-18T10:48:20Z</time>
   </trkpt>
   <trkpt lat="51.5670910" lon="-0.1465140">
    <ele>88.2</ele>
    <time>2021-12-18T10:48:21Z</time>
   </trkpt>
   <trkpt lat="51.5671520" lon="-0.1464800">
    <ele>88.7</ele>
    <time>2021-12-18T10:48:23Z</time>
   </trkpt>
   <trkpt lat="51.5672170" lon="-0.1464680">
    <ele>89.4</ele>
    <time>2021-12-18T10:48:25Z</time>
   </trkpt>
   <trkpt lat="51.5672810" lon="-0.1464720">
    <ele>90.1</ele>
    <time>2021-12-18T10:48:27Z</time>
   </trkpt>
   <trkpt lat="51.5673120" lon="-0.1464740">
    <ele>90.5</ele>
    <time>2021-12-18T10:48:28Z</time>
   </trkpt>
   <trkpt lat="51.5673750" lon="-0.1464840">
    <ele>91.5</ele>
    <time>2021-12-18T10:48:30Z</time>
   </trkpt>
   <trkpt lat="51.5674060" lon="-0.1464970">
    <ele>92.0</ele>
    <time>2021-12-18T10:48:31Z</time>
   </trkpt>
   <trkpt lat="51.5674770" lon="-0.1465500">
    <ele>93.2</ele>
    <time>2021-12-18T10:48:33Z</time>
   </trkpt>
   <trkpt lat="51.5675140" lon="-0.1465840">
    <ele>93.9</ele>
    <time>2021-12-18T10:48:34Z</time>
   </trkpt>
   <trkpt lat="51.5675850" lon="-0.1466430">
    <ele>95.2</ele>
    <time>2021-12-18T10:48:36Z</time>
   </trkpt>
   <trkpt lat="51.5676530" lon="-0.1467000">
    <ele>96.5</ele>
    <time>2021-12-18T10:48:38Z</time>
   </trkpt>
   <trkpt lat="51.5677180" lon="-0.1467560">
    <ele>97.7</ele>
    <time>2021-12-18T10:48:40Z</time>
   </trkpt>
   <trkpt lat="51.5677520" lon="-0.1467810">
    <ele>98.3</ele>
    <time>2021-12-18T10:48:41Z</time>
   </trkpt>
   <trkpt lat="51.5678160" lon="-0.1468230">
    <ele>99.4</ele>
    <time>2021-12-18T10:48:43Z</time>
   </trkpt>
   <trkpt lat="51.5678440" lon="-0.1468420">
    <ele>99.9</ele>
    <time>2021-12-18T10:48:44Z</time>
   </trkpt>
   <trkpt lat="51.5678720" lon="-0.1468580">
    <ele>100.3</ele>
    <time>2021-12-18T10:48:45Z</time>
   </trkpt>
   <trkpt lat="51.5679280" lon="-0.1468700">
    <ele>101.2</ele>
    <time>2021-12-18T10:48:47Z</time>
   </trkpt>
   <trkpt lat="51.5679880" lon="-0.1468650">
    <ele>102.2</ele>
    <time>2021-12-18T10:48:49Z</time>
   </trkpt>
   <trkpt lat="51.5680350" lon="-0.1468940">
    <ele>103.0</ele>
    <time>2021-12-18T10:48:50Z</time>
   </trkpt>
   <trkpt lat="51.5680830" lon="-0.1469450">
    <ele>103.9</ele>
    <time>2021-12-18T10:48:52Z</time>
   </trkpt>
   <trkpt lat="51.5681180" lon="-0.1469590">
    <ele>104.5</ele>
    <time>2021-12-18T10:48:54Z</time>
   </trkpt>
   <trkpt lat="51.5681460" lon="-0.1469640">
    <ele>104.9</ele>
    <time>2021-12-18T10:48:56Z</time>
   </trkpt>
   <trkpt lat="51.5681780" lon="-0.1469690">
    <ele>105.4</ele>
    <time>2021-12-18T10:48:58Z</time>
   </trkpt>
   <trkpt lat="51.5682090" lon="-0.1469800">
    <ele>105.9</ele>
    <time>2021-12-18T10:49:00Z</time>
   </trkpt>
   <trkpt lat="51.5682310" lon="-0.1469950">
    <ele>106.3</ele>
    <time>2021-12-18T10:49:02Z</time>
   </trkpt>
   <trkpt lat="51.5682410" lon="-0.1470000">
    <ele>106.4</ele>
    <time>2021-12-18T10:49:03Z</time>
   </trkpt>
   <trkpt lat="51.5682520" lon="-0.1470000">
    <ele>106.6</ele>
    <time>2021-12-18T10:49:04Z</time>
   </trkpt>
   <trkpt lat="51.5682750" lon="-0.1469910">
    <ele>107.0</ele>
    <time>2021-12-18T10:49:06Z</time>
   </trkpt>
   <trkpt lat="51.5682890" lon="-0.1469930">
    <ele>107.2</ele>
    <time>2021-12-18T10:49:07Z</time>
   </trkpt>
   <trkpt lat="51.5683150" lon="-0.1470200">
    <ele>107.6</ele>
    <time>2021-12-18T10:49:09Z</time>
   </trkpt>
   <trkpt lat="51.5683450" lon="-0.1470440">
    <ele>108.1</ele>
    <time>2021-12-18T10:49:11Z</time>
   </trkpt>
   <trkpt lat="51.5683820" lon="-0.1470570">
    <ele>108.5</ele>
    <time>2021-12-18T10:49:13Z</time>
   </trkpt>
   <trkpt lat="51.5684020" lon="-0.1470690">
    <ele>108.8</ele>
    <time>2021-12-18T10:49:14Z</time>
   </trkpt>
   <trkpt lat="51.5684430" lon="-0.1471070">
    <ele>109.4</ele>
    <time>2021-12-18T10:49:16Z</time>
   </trkpt>
   <trkpt lat="51.5684800" lon="-0.1471510">
    <ele>110.0</ele>
    <time>2021-12-18T10:49:18Z</time>
   </trkpt>
   <trkpt lat="51.5685090" lon="-0.1471790">
    <ele>110.4</ele>
    <time>2021-12-18T10:49:19Z</time>
   </trkpt>
   <trkpt lat="51.5685180" lon="-0.1471880">
    <ele>110.5</ele>
    <time>2021-12-18T10:49:20Z</time>
   </trkpt>
   <trkpt lat="51.5685640" lon="-0.1472280">
    <ele>111.2</ele>
    <time>2021-12-18T10:49:22Z</time>
   </trkpt>
   <trkpt lat="51.5685880" lon="-0.1472480">
    <ele>111.5</ele>
    <time>2021-12-18T10:49:23Z</time>
   </trkpt>
   <trkpt lat="51.5686120" lon="-0.1472690">
    <ele>111.8</ele>
    <time>2021-12-18T10:49:24Z</time>
   </trkpt>
   <trkpt lat="51.5686580" lon="-0.1473110">
    <ele>112.5</ele>
    <time>2021-12-18T10:49:26Z</time>
   </trkpt>
   <trkpt lat="51.5686960" lon="-0.1473490">
    <ele>113.0</ele>
    <time>2021-12-18T10:49:28Z</time>
   </trkpt>
   <trkpt lat="51.5687120" lon="-0.1473650">
    <ele>113.2</ele>
    <time>2021-12-18T10:49:29Z</time>
   </trkpt>
   <trkpt lat="51.5687460" lon="-0.1473960">
    <ele>113.6</ele>
    <time>2021-12-18T10:49:31Z</time>
   </trkpt>
   <trkpt lat="51.5687750" lon="-0.1474210">
    <ele>114.0</ele>
    <time>2021-12-18T10:49:32Z</time>
   </trkpt>
   <trkpt lat="51.5687850" lon="-0.1474290">
    <ele>114.1</ele>
    <time>2021-12-18T10:49:33Z</time>
   </trkpt>
   <trkpt lat="51.5688260" lon="-0.1474650">
    <ele>114.6</ele>
    <time>2021-12-18T10:49:35Z</time>
   </trkpt>
   <trkpt lat="51.5688630" lon="-0.1475050">
    <ele>115.0</ele>
    <time>2021-12-18T10:49:37Z</time>
   </trkpt>
   <trkpt lat="51.5689000" lon="-0.1475480">
    <ele>115.4</ele>
    <time>2021-12-18T10:49:39Z</time>
   </trkpt>
   <trkpt lat="51.5689190" lon="-0.1475700">
    <ele>115.6</ele>
    <time>2021-12-18T10:49:40Z</time>
   </trkpt>
   <trkpt lat="51.5689600" lon="-0.1476080">
    <ele>116.0</ele>
    <time>2021-12-18T10:49:42Z</time>
   </trkpt>
   <trkpt lat="51.5689810" lon="-0.1476230">
    <ele>116.2</ele>
    <time>2021-12-18T10:49:43Z</time>
   </trkpt>
   <trkpt lat="51.5690250" lon="-0.1476540">
    <ele>116.6</ele>
    <time>2021-12-18T10:49:45Z</time>
   </trkpt>
   <trkpt lat="51.5690670" lon="-0.1476900">
    <ele>117.0</ele>
    <time>2021-12-18T10:49:47Z</time>
   </trkpt>
   <trkpt lat="51.5691100" lon="-0.1477290">
    <ele>117.5</ele>
    <time>2021-12-18T10:49:49Z</time>
   </trkpt>
   <trkpt lat="51.5691310" lon="-0.1477520">
    <ele>117.7</ele>
    <time>2021-12-18T10:49:50Z</time>
   </trkpt>
   <trkpt lat="51.5691720" lon="-0.1478030">
    <ele>118.1</ele>
    <time>2021-12-18T10:49:52Z</time>
   </trkpt>
   <trkpt lat="51.5692040" lon="-0.1478360">
    <ele>118.5</ele>
    <time>2021-12-18T10:49:53Z</time>
   </trkpt>
   <trkpt lat="51.5692150" lon="-0.1478460">
    <ele>118.6</ele>
    <time>2021-12-18T10:49:54Z</time>
   </trkpt>
   <trkpt lat="51.5692390" lon="-0.1478630">
    <ele>118.8</ele>
    <time>2021-12-18T10:49:55Z</time>
   </trkpt>
   <trkpt lat="51.5692880" lon="-0.1478970">
    <ele>119.3</ele>
    <time>2021-12-18T10:49:57Z</time>
   </trkpt>
   <trkpt lat="51.5693320" lon="-0.1479270">
    <ele>119.7</ele>
    <time>2021-12-18T10:49:59Z</time>
   </trkpt>
   <trkpt lat="51.5693530" lon="-0.1479440">
    <ele>119.9</ele>
    <time>2021-12-18T10:50:00Z</time>
   </trkpt>
   <trkpt lat="51.5693910" lon="-0.1479800">
    <ele>120.3</ele>
    <time>2021-12-18T10:50:02Z</time>
   </trkpt>
   <trkpt lat="51.5694120" lon="-0.1479970">
    <ele>120.5</ele>
    <time>2021-12-18T10:50:03Z</time>
   </trkpt>
   <trkpt lat="51.5694590" lon="-0.1480260">
    <ele>120.9</ele>
    <time>2021-12-18T10:50:05Z</time>
   </trkpt>
   <trkpt lat="51.5695100" lon="-0.1480670">
    <ele>121.2</ele>
    <time>2021-12-18T10:50:07Z</time>
   </trkpt>
   <trkpt lat="51.5695350" lon="-0.1480950">
    <ele>121.3</ele>
    <time>2021-12-18T10:50:08Z</time>
   </trkpt>
   <trkpt lat="51.5695890" lon="-0.1481500">
    <ele>121.8</ele>
    <time>2021-12-18T10:50:10Z</time>
   </trkpt>
   <trkpt lat="51.5696170" lon="-0.1481730">
    <ele>122.0</ele>
    <time>2021-12-18T10:50:11Z</time>
   </trkpt>
   <trkpt lat="51.5696700" lon="-0.1482170">
    <ele>122.4</ele>
    <time>2021-12-18T10:50:13Z</time>
   </trkpt>
   <trkpt lat="51.5697340" lon="-0.1482740">
    <ele>122.9</ele>
    <time>2021-12-18T10:50:15Z</time>
   </trkpt>
   <trkpt lat="51.5697830" lon="-0.1483270">
    <ele>123.3</ele>
    <time>2021-12-18T10:50:17Z</time>
   </trkpt>
   <trkpt lat="51.5698060" lon="-0.1483480">
    <ele>123.5</ele>
    <time>2021-12-18T10:50:18Z</time>
   </trkpt>
   <trkpt lat="51.5698530" lon="-0.1483830">
    <ele>123.8</ele>
    <time>2021-12-18T10:50:20Z</time>
   </trkpt>
   <trkpt lat="51.5698780" lon="-0.1484010">
    <ele>124.0</ele>
    <time>2021-12-18T10:50:21Z</time>
   </trkpt>
   <trkpt lat="51.5699280" lon="-0.1484390">
    <ele>124.4</ele>
    <time>2021-12-18T10:50:23Z</time>
   </trkpt>
   <trkpt lat="51.5699540" lon="-0.1484610">
    <ele>124.6</ele>
    <time>2021-12-18T10:50:24Z</time>
   </trkpt>
   <trkpt lat="51.5700010" lon="-0.1485020">
    <ele>124.9</ele>
    <time>2021-12-18T10:50:26Z</time>
   </trkpt>
   <trkpt lat="51.5700330" lon="-0.1485240">
    <ele>125.1</ele>
    <time>2021-12-18T10:50:27Z</time>
   </trkpt>
   <trkpt lat="51.5700450" lon="-0.1485300">
    <ele>125.2</ele>
    <time>2021-12-18T10:50:28Z</time>
   </trkpt>
   <trkpt lat="51.5700930" lon="-0.1485560">
    <ele>125.5</ele>
    <time>2021-12-18T10:50:30Z</time>
   </trkpt>
   <trkpt lat="51.5701370" lon="-0.1485880">
    <ele>125.8</ele>
    <time>2021-12-18T10:50:32Z</time>
   </trkpt>
   <trkpt lat="51.5701680" lon="-0.1486110">
    <ele>126.0</ele>
    <time>2021-12-18T10:50:33Z</time>
   </trkpt>
   <trkpt lat="51.5701790" lon="-0.1486180">
    <ele>126.1</ele>
    <time>2021-12-18T10:50:34Z</time>
   </trkpt>
   <trkpt lat="51.5702220" lon="-0.1486430">
    <ele>126.3</ele>
    <time>2021-12-18T10:50:36Z</time>
   </trkpt>
   <trkpt lat="51.5702610" lon="-0.1486630">
    <ele>126.5</ele>
    <time>2021-12-18T10:50:37Z</time>
   </trkpt>
   <trkpt lat="51.5702740" lon="-0.1486690">
    <ele>126.6</ele>
    <time>2021-12-18T10:50:38Z</time>
   </trkpt>
   <trkpt lat="51.5703230" lon="-0.1486960">
    <ele>126.8</ele>
    <time>2021-12-18T10:50:40Z</time>
   </trkpt>
   <trkpt lat="51.5703510" lon="-0.1487150">
    <ele>126.9</ele>
    <time>2021-12-18T10:50:41Z</time>
   </trkpt>
   <trkpt lat="51.5703610" lon="-0.1487200">
    <ele>127.0</ele>
    <time>2021-12-18T10:50:42Z</time>
   </trkpt>
   <trkpt lat="51.5703830" lon="-0.1487860">
    <ele>127.2</ele>
    <time>2021-12-18T10:50:44Z</time>
   </trkpt>
   <trkpt lat="51.5703830" lon="-0.1488120">
    <ele>127.2</ele>
    <time>2021-12-18T10:50:45Z</time>
   </trkpt>
   <trkpt lat="51.5703820" lon="-0.1488380">
    <ele>127.3</ele>
    <time>2021-12-18T10:50:46Z</time>
   </trkpt>
   <trkpt lat="51.5703710" lon="-0.1488810">
    <ele>127.4</ele>
    <time>2021-12-18T10:50:47Z</time>
   </trkpt>
   <trkpt lat="51.5703560" lon="-0.1489280">
    <ele>127.3</ele>
    <time>2021-12-18T10:50:48Z</time>
   </trkpt>
   <trkpt lat="51.5703260" lon="-0.1490240">
    <ele>127.3</ele>
    <time>2021-12-18T10:50:50Z</time>
   </trkpt>
   <trkpt lat="51.5703010" lon="-0.1491080">
    <ele>127.3</ele>
    <time>2021-12-18T10:50:52Z</time>
   </trkpt>
   <trkpt lat="51.5702650" lon="-0.1491740">
    <ele>127.3</ele>
    <time>2021-12-18T10:50:54Z</time>
   </trkpt>
   <trkpt lat="51.5702410" lon="-0.1491950">
    <ele>127.4</ele>
    <time>2021-12-18T10:50:55Z</time>
   </trkpt>
   <trkpt lat="51.5702150" lon="-0.1492040">
    <ele>127.4</ele>
    <time>2021-12-18T10:50:57Z</time>
   </trkpt>
   <trkpt lat="51.5702120" lon="-0.1492100">
    <ele>127.4</ele>
    <time>2021-12-18T10:50:58Z</time>
   </trkpt>
   <trkpt lat="51.5702110" lon="-0.1492150">
    <ele>127.4</ele>
    <time>2021-12-18T10:50:59Z</time>
   </trkpt>
   <trkpt lat="51.5702210" lon="-0.1492190">
    <ele>127.4</ele>
    <time>2021-12-18T10:51:01Z</time>
   </trkpt>
   <trkpt lat="51.5702240" lon="-0.1492180">
    <ele>127.4</ele>
    <time>2021-12-18T10:51:02Z</time>
   </trkpt>
   <trkpt lat="51.5702240" lon="-0.1492160">
    <ele>127.4</ele>
    <time>2021-12-18T10:51:03Z</time>
   </trkpt>
   <trkpt lat="51.5702230" lon="-0.1492120">
    <ele>127.4</ele>
    <time>2021-12-18T10:51:05Z</time>
   </trkpt>
   <trkpt lat="51.5702230" lon="-0.1492060">
    <ele>127.4</ele>
    <time>2021-12-18T10:51:07Z</time>
   </trkpt>
   <trkpt lat="51.5702230" lon="-0.1492010">
    <ele>127.4</ele>
    <time>2021-12-18T10:51:09Z</time>
   </trkpt>
   <trkpt lat="51.5702240" lon="-0.1492000">
    <ele>127.4</ele>
    <time>2021-12-18T10:51:10Z</time>
   </trkpt>
   <trkpt lat="51.5702250" lon="-0.1492000">
    <ele>127.4</ele>
    <time>2021-12-18T10:51:11Z</time>
   </trkpt>
   <trkpt lat="51.5702270" lon="-0.1492000">
    <ele>127.4</ele>
    <time>2021-12-18T10:51:13Z</time>
   </trkpt>
   <trkpt lat="51.5702660" lon="-0.1492640">
    <ele>127.4</ele>
    <time>2021-12-18T10:54:30Z</time>
   </trkpt>
   <trkpt lat="51.5702760" lon="-0.1493420">
    <ele>127.4</ele>
    <time>2021-12-18T10:54:32Z</time>
   </trkpt>
   <trkpt lat="51.5702460" lon="-0.1494600">
    <ele>127.5</ele>
    <time>2021-12-18T10:54:34Z</time>
   </trkpt>
   <trkpt lat="51.5701970" lon="-0.1495690">
    <ele>127.5</ele>
    <time>2021-12-18T10:54:36Z</time>
   </trkpt>
   <trkpt lat="51.5701430" lon="-0.1496920">
    <ele>127.6</ele>
    <time>2021-12-18T10:54:38Z</time>
   </trkpt>
   <trkpt lat="51.5700830" lon="-0.1498190">
    <ele>127.7</ele>
    <time>2021-12-18T10:54:40Z</time>
   </trkpt>
   <trkpt lat="51.5700600" lon="-0.1498850">
    <ele>127.8</ele>
    <time>2021-12-18T10:54:41Z</time>
   </trkpt>
   <trkpt lat="51.5700140" lon="-0.1500110">
    <ele>127.9</ele>
    <time>2021-12-18T10:54:43Z</time>
   </trkpt>
   <trkpt lat="51.5699880" lon="-0.1500740">
    <ele>127.9</ele>
    <time>2021-12-18T10:54:44Z</time>
   </trkpt>
   <trkpt lat="51.5699600" lon="-0.1501370">
    <ele>128.0</ele>
    <time>2021-12-18T10:54:45Z</time>
   </trkpt>
   <trkpt lat="51.5698920" lon="-0.1502510">
    <ele>128.2</ele>
    <time>2021-12-18T10:54:47Z</time>
   </trkpt>
   <trkpt lat="51.5698310" lon="-0.1503710">
    <ele>128.4</ele>
    <time>2021-12-18T10:54:49Z</time>
   </trkpt>
   <trkpt lat="51.5697670" lon="-0.1504870">
    <ele>128.6</ele>
    <time>2021-12-18T10:54:51Z</time>
   </trkpt>
   <trkpt lat="51.5697070" lon="-0.1506070">
    <ele>128.7</ele>
    <time>2021-12-18T10:54:53Z</time>
   </trkpt>
   <trkpt lat="51.5696650" lon="-0.1507120">
    <ele>128.8</ele>
    <time>2021-12-18T10:54:55Z</time>
   </trkpt>
   <trkpt lat="51.5696060" lon="-0.1508240">
    <ele>128.9</ele>
    <time>2021-12-18T10:54:57Z</time>
   </trkpt>
   <trkpt lat="51.5695440" lon="-0.1509240">
    <ele>128.9</ele>
    <time>2021-12-18T10:54:59Z</time>
   </trkpt>
   <trkpt lat="51.5695080" lon="-0.1509860">
    <ele>128.9</ele>
    <time>2021-12-18T10:55:00Z</time>
   </trkpt>
   <trkpt lat="51.5694370" lon="-0.1510800">
    <ele>128.9</ele>
    <time>2021-12-18T10:55:02Z</time>
   </trkpt>
   <trkpt lat="51.5694080" lon="-0.1511260">
    <ele>128.8</ele>
    <time>2021-12-18T10:55:03Z</time>
   </trkpt>
   <trkpt lat="51.5693740" lon="-0.1512480">
    <ele>128.7</ele>
    <time>2021-12-18T10:55:05Z</time>
   </trkpt>
   <trkpt lat="51.5693530" lon="-0.1513060">
    <ele>128.7</ele>
    <time>2021-12-18T10:55:06Z</time>
   </trkpt>
   <trkpt lat="51.5693230" lon="-0.1513490">
    <ele>128.6</ele>
    <time>2021-12-18T10:55:07Z</time>
   </trkpt>
   <trkpt lat="51.5692790" lon="-0.1513830">
    <ele>128.5</ele>
    <time>2021-12-18T10:55:08Z</time>
   </trkpt>
   <trkpt lat="51.5691980" lon="-0.1514360">
    <ele>128.2</ele>
    <time>2021-12-18T10:55:10Z</time>
   </trkpt>
   <trkpt lat="51.5691190" lon="-0.1515150">
    <ele>128.0</ele>
    <time>2021-12-18T10:55:12Z</time>
   </trkpt>
   <trkpt lat="51.5690940" lon="-0.1515490">
    <ele>128.0</ele>
    <time>2021-12-18T10:55:13Z</time>
   </trkpt>
   <trkpt lat="51.5690350" lon="-0.1516340">
    <ele>127.6</ele>
    <time>2021-12-18T10:55:15Z</time>
   </trkpt>
   <trkpt lat="51.5690110" lon="-0.1516990">
    <ele>127.4</ele>
    <time>2021-12-18T10:55:16Z</time>
   </trkpt>
   <trkpt lat="51.5689500" lon="-0.1518350">
    <ele>126.8</ele>
    <time>2021-12-18T10:55:18Z</time>
   </trkpt>
   <trkpt lat="51.5689240" lon="-0.1519110">
    <ele>126.5</ele>
    <time>2021-12-18T10:55:19Z</time>
   </trkpt>
   <trkpt lat="51.5688660" lon="-0.1520600">
    <ele>125.8</ele>
    <time>2021-12-18T10:55:21Z</time>
   </trkpt>
   <trkpt lat="51.5688270" lon="-0.1521350">
    <ele>125.3</ele>
    <time>2021-12-18T10:55:22Z</time>
   </trkpt>
   <trkpt lat="51.5687840" lon="-0.1522100">
    <ele>124.8</ele>
    <time>2021-12-18T10:55:23Z</time>
   </trkpt>
   <trkpt lat="51.5686990" lon="-0.1523610">
    <ele>123.7</ele>
    <time>2021-12-18T10:55:25Z</time>
   </trkpt>
   <trkpt lat="51.5686050" lon="-0.1525130">
    <ele>122.5</ele>
    <time>2021-12-18T10:55:27Z</time>
   </trkpt>
   <trkpt lat="51.5685150" lon="-0.1526410">
    <ele>121.2</ele>
    <time>2021-12-18T10:55:29Z</time>
   </trkpt>
   <trkpt lat="51.5684730" lon="-0.1527020">
    <ele>120.5</ele>
    <time>2021-12-18T10:55:30Z</time>
   </trkpt>
   <trkpt lat="51.5684270" lon="-0.1527720">
    <ele>119.8</ele>
    <time>2021-12-18T10:55:31Z</time>
   </trkpt>
   <trkpt lat="51.5683800" lon="-0.1528480">
    <ele>119.0</ele>
    <time>2021-12-18T10:55:32Z</time>
   </trkpt>
   <trkpt lat="51.5682890" lon="-0.1530210">
    <ele>117.2</ele>
    <time>2021-12-18T10:55:34Z</time>
   </trkpt>
   <trkpt lat="51.5682100" lon="-0.1532250">
    <ele>115.3</ele>
    <time>2021-12-18T10:55:36Z</time>
   </trkpt>
   <trkpt lat="51.5681160" lon="-0.1534350">
    <ele>113.4</ele>
    <time>2021-12-18T10:55:38Z</time>
   </trkpt>
   <trkpt lat="51.5680690" lon="-0.1535390">
    <ele>112.4</ele>
    <time>2021-12-18T10:55:39Z</time>
   </trkpt>
   <trkpt lat="51.5679660" lon="-0.1537050">
    <ele>110.6</ele>
    <time>2021-12-18T10:55:41Z</time>
   </trkpt>
   <trkpt lat="51.5678310" lon="-0.1538060">
    <ele>108.7</ele>
    <time>2021-12-18T10:55:43Z</time>
   </trkpt>
   <trkpt lat="51.5677470" lon="-0.1538270">
    <ele>107.7</ele>
    <time>2021-12-18T10:55:44Z</time>
   </trkpt>
   <trkpt lat="51.5675810" lon="-0.1538290">
    <ele>105.5</ele>
    <time>2021-12-18T10:55:46Z</time>
   </trkpt>
   <trkpt lat="51.5674950" lon="-0.1538160">
    <ele>104.6</ele>
    <time>2021-12-18T10:55:47Z</time>
   </trkpt>
   <trkpt lat="51.5673180" lon="-0.1537890">
    <ele>103.0</ele>
    <time>2021-12-18T10:55:49Z</time>
   </trkpt>
   <trkpt lat="51.5672220" lon="-0.1537720">
    <ele>102.1</ele>
    <time>2021-12-18T10:55:50Z</time>
   </trkpt>
   <trkpt lat="51.5671240" lon="-0.1537480">
    <ele>101.3</ele>
    <time>2021-12-18T10:55:51Z</time>
   </trkpt>
   <trkpt lat="51.5669280" lon="-0.1536700">
    <ele>99.3</ele>
    <time>2021-12-18T10:55:53Z</time>
   </trkpt>
   <trkpt lat="51.5668270" lon="-0.1536310">
    <ele>98.2</ele>
    <time>2021-12-18T10:55:54Z</time>
   </trkpt>
   <trkpt lat="51.5666350" lon="-0.1535650">
    <ele>96.1</ele>
    <time>2021-12-18T10:55:56Z</time>
   </trkpt>
   <trkpt lat="51.5665230" lon="-0.1535570">
    <ele>95.0</ele>
    <time>2021-12-18T10:55:57Z</time>
   </trkpt>
   <trkpt lat="51.5664280" lon="-0.1535410">
    <ele>94.2</ele>
    <time>2021-12-18T10:55:58Z</time>
   </trkpt>
   <trkpt lat="51.5662370" lon="-0.1535050">
    <ele>92.4</ele>
    <time>2021-12-18T10:56:00Z</time>
   </trkpt>
   <trkpt lat="51.5660590" lon="-0.1534610">
    <ele>90.7</ele>
    <time>2021-12-18T10:56:02Z</time>
   </trkpt>
   <trkpt lat="51.5659180" lon="-0.1534220">
    <ele>89.2</ele>
    <time>2021-12-18T10:56:04Z</time>
   </trkpt>
   <trkpt lat="51.5657660" lon="-0.1533680">
    <ele>87.7</ele>
    <time>2021-12-18T10:56:06Z</time>
   </trkpt>
   <trkpt lat="51.5656870" lon="-0.1533300">
    <ele>86.9</ele>
    <time>2021-12-18T10:56:07Z</time>
   </trkpt>
   <trkpt lat="51.5656120" lon="-0.1533010">
    <ele>86.2</ele>
    <time>2021-12-18T10:56:08Z</time>
   </trkpt>
   <trkpt lat="51.5655370" lon="-0.1532750">
    <ele>85.6</ele>
    <time>2021-12-18T10:56:09Z</time>
   </trkpt>
   <trkpt lat="51.5654700" lon="-0.1532410">
    <ele>85.0</ele>
    <time>2021-12-18T10:56:10Z</time>
   </trkpt>
   <trkpt lat="51.5653980" lon="-0.1532070">
    <ele>84.4</ele>
    <time>2021-12-18T10:56:11Z</time>
   </trkpt>
   <trkpt lat="51.5652360" lon="-0.1531370">
    <ele>83.2</ele>
    <time>2021-12-18T10:56:13Z</time>
   </trkpt>
   <trkpt lat="51.5650820" lon="-0.1530750">
    <ele>83.1</ele>
    <time>2021-12-18T10:56:15Z</time>
   </trkpt>
   <trkpt lat="51.5650010" lon="-0.1530410">
    <ele>83.1</ele>
    <time>2021-12-18T10:56:16Z</time>
   </trkpt>
   <trkpt lat="51.5648520" lon="-0.1529590">
    <ele>82.0</ele>
    <time>2021-12-18T10:56:18Z</time>
   </trkpt>
   <trkpt lat="51.5647670" lon="-0.1529290">
    <ele>81.0</ele>
    <time>2021-12-18T10:56:19Z</time>
   </trkpt>
   <trkpt lat="51.5646780" lon="-0.1529100">
    <ele>80.0</ele>
    <time>2021-12-18T10:56:20Z</time>
   </trkpt>
   <trkpt lat="51.5644890" lon="-0.1528900">
    <ele>78.1</ele>
    <time>2021-12-18T10:56:22Z</time>
   </trkpt>
   <trkpt lat="51.5643960" lon="-0.1528840">
    <ele>77.1</ele>
    <time>2021-12-18T10:56:23Z</time>
   </trkpt>
   <trkpt lat="51.5642990" lon="-0.1528880">
    <ele>76.2</ele>
    <time>2021-12-18T10:56:24Z</time>
   </trkpt>
   <trkpt lat="51.5641490" lon="-0.1528600">
    <ele>75.1</ele>
    <time>2021-12-18T10:56:26Z</time>
   </trkpt>
   <trkpt lat="51.5639880" lon="-0.1528180">
    <ele>74.8</ele>
    <time>2021-12-18T10:56:28Z</time>
   </trkpt>
   <trkpt lat="51.5639040" lon="-0.1527820">
    <ele>73.8</ele>
    <time>2021-12-18T10:56:29Z</time>
   </trkpt>
   <trkpt lat="51.5637580" lon="-0.1527140">
    <ele>72.0</ele>
    <time>2021-12-18T10:56:31Z</time>
   </trkpt>
   <trkpt lat="51.5636190" lon="-0.1526430">
    <ele>70.4</ele>
    <time>2021-12-18T10:56:33Z</time>
   </trkpt>
   <trkpt lat="51.5635470" lon="-0.1526070">
    <ele>69.6</ele>
    <time>2021-12-18T10:56:34Z</time>
   </trkpt>
   <trkpt lat="51.5633940" lon="-0.1525040">
    <ele>67.6</ele>
    <time>2021-12-18T10:56:36Z</time>
   </trkpt>
   <trkpt lat="51.5632350" lon="-0.1523770">
    <ele>67.3</ele>
    <time>2021-12-18T10:56:38Z</time>
   </trkpt>
   <trkpt lat="51.5631550" lon="-0.1523170">
    <ele>66.4</ele>
    <time>2021-12-18T10:56:39Z</time>
   </trkpt>
   <trkpt lat="51.5630690" lon="-0.1522450">
    <ele>65.5</ele>
    <time>2021-12-18T10:56:40Z</time>
   </trkpt>
   <trkpt lat="51.5629080" lon="-0.1521020">
    <ele>63.8</ele>
    <time>2021-12-18T10:56:42Z</time>
   </trkpt>
   <trkpt lat="51.5628360" lon="-0.1520280">
    <ele>63.1</ele>
    <time>2021-12-18T10:56:43Z</time>
   </trkpt>
   <trkpt lat="51.5627690" lon="-0.1519530">
    <ele>62.4</ele>
    <time>2021-12-18T10:56:44Z</time>
   </trkpt>
   <trkpt lat="51.5626380" lon="-0.1518070">
    <ele>61.2</ele>
    <time>2021-12-18T10:56:46Z</time>
   </trkpt>
   <trkpt lat="51.5625140" lon="-0.1516530">
    <ele>60.3</ele>
    <time>2021-12-18T10:56:48Z</time>
   </trkpt>
   <trkpt lat="51.5623880" lon="-0.1514780">
    <ele>59.5</ele>
    <time>2021-12-18T10:56:50Z</time>
   </trkpt>
   <trkpt lat="51.5622910" lon="-0.1513320">
    <ele>58.9</ele>
    <time>2021-12-18T10:56:52Z</time>
   </trkpt>
   <trkpt lat="51.5622020" lon="-0.1512260">
    <ele>58.8</ele>
    <time>2021-12-18T10:56:54Z</time>
   </trkpt>
   <trkpt lat="51.5621120" lon="-0.1511440">
    <ele>58.4</ele>
    <time>2021-12-18T10:56:56Z</time>
   </trkpt>
   <trkpt lat="51.5620700" lon="-0.1510990">
    <ele>58.2</ele>
    <time>2021-12-18T10:56:57Z</time>
   </trkpt>
   <trkpt lat="51.5620210" lon="-0.1510520">
    <ele>58.0</ele>
    <time>2021-12-18T10:56:58Z</time>
   </trkpt>
   <trkpt lat="51.5619170" lon="-0.1509710">
    <ele>57.5</ele>
    <time>2021-12-18T10:57:00Z</time>
   </trkpt>
   <trkpt lat="51.5618610" lon="-0.1509310">
    <ele>57.4</ele>
    <time>2021-12-18T10:57:01Z</time>
   </trkpt>
   <trkpt lat="51.5617560" lon="-0.1508460">
    <ele>57.1</ele>
    <time>2021-12-18T10:57:03Z</time>
   </trkpt>
   <trkpt lat="51.5616700" lon="-0.1507780">
    <ele>56.9</ele>
    <time>2021-12-18T10:57:05Z</time>
   </trkpt>
   <trkpt lat="51.5616280" lon="-0.1507300">
    <ele>56.9</ele>
    <time>2021-12-18T10:57:06Z</time>
   </trkpt>
   <trkpt lat="51.5615630" lon="-0.1506110">
    <ele>56.8</ele>
    <time>2021-12-18T10:57:08Z</time>
   </trkpt>
   <trkpt lat="51.5615050" lon="-0.1505450">
    <ele>56.7</ele>
    <time>2021-12-18T10:57:10Z</time>
   </trkpt>
   <trkpt lat="51.5614820" lon="-0.1505430">
    <ele>56.7</ele>
    <time>2021-12-18T10:57:11Z</time>
   </trkpt>
   <trkpt lat="51.5614680" lon="-0.1505540">
    <ele>56.6</ele>
    <time>2021-12-18T10:57:13Z</time>
   </trkpt>
   <trkpt lat="51.5614690" lon="-0.1505600">
    <ele>56.6</ele>
    <time>2021-12-18T10:57:14Z</time>
   </trkpt>
   <trkpt lat="51.5614600" lon="-0.1505640">
    <ele>56.6</ele>
    <time>2021-12-18T10:57:15Z</time>
   </trkpt>
   <trkpt lat="51.5614170" lon="-0.1505770">
    <ele>56.6</ele>
    <time>2021-12-18T10:57:17Z</time>
   </trkpt>
   <trkpt lat="51.5613400" lon="-0.1505710">
    <ele>56.6</ele>
    <time>2021-12-18T10:57:19Z</time>
   </trkpt>
   <trkpt lat="51.5612740" lon="-0.1505240">
    <ele>56.6</ele>
    <time>2021-12-18T10:57:21Z</time>
   </trkpt>
   <trkpt lat="51.5612280" lon="-0.1504910">
    <ele>56.6</ele>
    <time>2021-12-18T10:57:22Z</time>
   </trkpt>
   <trkpt lat="51.5611100" lon="-0.1504100">
    <ele>56.5</ele>
    <time>2021-12-18T10:57:24Z</time>
   </trkpt>
   <trkpt lat="51.5610460" lon="-0.1503690">
    <ele>56.5</ele>
    <time>2021-12-18T10:57:25Z</time>
   </trkpt>
   <trkpt lat="51.5609150" lon="-0.1503000">
    <ele>56.4</ele>
    <time>2021-12-18T10:57:27Z</time>
   </trkpt>
   <trkpt lat="51.5608380" lon="-0.1502730">
    <ele>56.4</ele>
    <time>2021-12-18T10:57:28Z</time>
   </trkpt>
   <trkpt lat="51.5606960" lon="-0.1502190">
    <ele>56.4</ele>
    <time>2021-12-18T10:57:30Z</time>
   </trkpt>
   <trkpt lat="51.5606210" lon="-0.1501900">
    <ele>56.4</ele>
    <time>2021-12-18T10:57:31Z</time>
   </trkpt>
   <trkpt lat="51.5604740" lon="-0.1501200">
    <ele>56.4</ele>
    <time>2021-12-18T10:57:33Z</time>
   </trkpt>
   <trkpt lat="51.5603400" lon="-0.1500490">
    <ele>56.4</ele>
    <time>2021-12-18T10:57:35Z</time>
   </trkpt>
   <trkpt lat="51.5602820" lon="-0.1500140">
    <ele>56.4</ele>
    <time>2021-12-18T10:57:36Z</time>
   </trkpt>
   <trkpt lat="51.5602060" lon="-0.1500020">
    <ele>56.4</ele>
    <time>2021-12-18T10:57:38Z</time>
   </trkpt>
   <trkpt lat="51.5601710" lon="-0.1500610">
    <ele>56.4</ele>
    <time>2021-12-18T10:57:40Z</time>
   </trkpt>
   <trkpt lat="51.5601620" lon="-0.1500900">
    <ele>56.4</ele>
    <time>2021-12-18T10:57:41Z</time>
   </trkpt>
   <trkpt lat="51.5601300" lon="-0.1501700">
    <ele>56.4</ele>
    <time>2021-12-18T10:57:43Z</time>
   </trkpt>
   <trkpt lat="51.5601110" lon="-0.1502270">
    <ele>56.5</ele>
    <time>2021-12-18T10:57:44Z</time>
   </trkpt>
   <trkpt lat="51.5600760" lon="-0.1503410">
    <ele>56.6</ele>
    <time>2021-12-18T10:57:46Z</time>
   </trkpt>
   <trkpt lat="51.5600560" lon="-0.1504020">
    <ele>56.7</ele>
    <time>2021-12-18T10:57:47Z</time>
   </trkpt>
   <trkpt lat="51.5600320" lon="-0.1505230">
    <ele>56.8</ele>
    <time>2021-12-18T10:57:49Z</time>
   </trkpt>
   <trkpt lat="51.5600190" lon="-0.1505860">
    <ele>56.9</ele>
    <time>2021-12-18T10:57:50Z</time>
   </trkpt>
   <trkpt lat="51.5599690" lon="-0.1506950">
    <ele>57.1</ele>
    <time>2021-12-18T10:57:52Z</time>
   </trkpt>
   <trkpt lat="51.5599310" lon="-0.1507850">
    <ele>57.2</ele>
    <time>2021-12-18T10:57:54Z</time>
   </trkpt>
   <trkpt lat="51.5599100" lon="-0.1508300">
    <ele>57.3</ele>
    <time>2021-12-18T10:57:55Z</time>
   </trkpt>
   <trkpt lat="51.5599050" lon="-0.1508440">
    <ele>57.3</ele>
    <time>2021-12-18T10:57:56Z</time>
   </trkpt>
   <trkpt lat="51.5598810" lon="-0.1509180">
    <ele>57.4</ele>
    <time>2021-12-18T10:57:58Z</time>
   </trkpt>
   <trkpt lat="51.5598470" lon="-0.1510200">
    <ele>57.5</ele>
    <time>2021-12-18T10:58:00Z</time>
   </trkpt>
   <trkpt lat="51.5597990" lon="-0.1511270">
    <ele>57.7</ele>
    <time>2021-12-18T10:58:02Z</time>
   </trkpt>
   <trkpt lat="51.5597480" lon="-0.1512360">
    <ele>57.8</ele>
    <time>2021-12-18T10:58:04Z</time>
   </trkpt>
   <trkpt lat="51.5597240" lon="-0.1512880">
    <ele>57.9</ele>
    <time>2021-12-18T10:58:05Z</time>
   </trkpt>
   <trkpt lat="51.5596860" lon="-0.1513830">
    <ele>58.0</ele>
    <time>2021-12-18T10:58:07Z</time>
   </trkpt>
   <trkpt lat="51.5596630" lon="-0.1514680">
    <ele>58.1</ele>
    <time>2021-12-18T10:58:09Z</time>
   </trkpt>
   <trkpt lat="51.5596580" lon="-0.1514890">
    <ele>58.2</ele>
    <time>2021-12-18T10:58:10Z</time>
   </trkpt>
   <trkpt lat="51.5596490" lon="-0.1514990">
    <ele>58.2</ele>
    <time>2021-12-18T10:58:11Z</time>
   </trkpt>
   <trkpt lat="51.5596300" lon="-0.1515090">
    <ele>58.2</ele>
    <time>2021-12-18T10:58:13Z</time>
   </trkpt>
   <trkpt lat="51.5596160" lon="-0.1515400">
    <ele>58.3</ele>
    <time>2021-12-18T10:58:15Z</time>
   </trkpt>
   <trkpt lat="51.5596130" lon="-0.1515810">
    <ele>58.3</ele>
    <time>2021-12-18T10:58:17Z</time>
   </trkpt>
   <trkpt lat="51.5596090" lon="-0.1515980">
    <ele>58.4</ele>
    <time>2021-12-18T10:58:18Z</time>
   </trkpt>
   <trkpt lat="51.5596040" lon="-0.1516210">
    <ele>58.4</ele>
    <time>2021-12-18T10:58:19Z</time>
   </trkpt>
   <trkpt lat="51.5595930" lon="-0.1516900">
    <ele>58.5</ele>
    <time>2021-12-18T10:58:21Z</time>
   </trkpt>
   <trkpt lat="51.5595830" lon="-0.1517280">
    <ele>58.6</ele>
    <time>2021-12-18T10:58:22Z</time>
   </trkpt>
   <trkpt lat="51.5595460" lon="-0.1517950">
    <ele>58.7</ele>
    <time>2021-12-18T10:58:24Z</time>
   </trkpt>
   <trkpt lat="51.5595260" lon="-0.1518640">
    <ele>58.8</ele>
    <time>2021-12-18T10:58:26Z</time>
   </trkpt>
   <trkpt lat="51.5595080" lon="-0.1519470">
    <ele>59.0</ele>
    <time>2021-12-18T10:58:28Z</time>
   </trkpt>
   <trkpt lat="51.5595020" lon="-0.1519940">
    <ele>59.1</ele>
    <time>2021-12-18T10:58:29Z</time>
   </trkpt>
   <trkpt lat="51.5595010" lon="-0.1520490">
    <ele>59.1</ele>
    <time>2021-12-18T10:58:30Z</time>
   </trkpt>
   <trkpt lat="51.5595150" lon="-0.1521400">
    <ele>59.3</ele>
    <time>2021-12-18T10:58:32Z</time>
   </trkpt>
   <trkpt lat="51.5595580" lon="-0.1522260">
    <ele>59.4</ele>
    <time>2021-12-18T10:58:34Z</time>
   </trkpt>
   <trkpt lat="51.5595670" lon="-0.1522950">
    <ele>59.5</ele>
    <time>2021-12-18T10:58:36Z</time>
   </trkpt>
   <trkpt lat="51.5595690" lon="-0.1523180">
    <ele>59.5</ele>
    <time>2021-12-18T10:58:37Z</time>
   </trkpt>
   <trkpt lat="51.5595630" lon="-0.1523200">
    <ele>59.5</ele>
    <time>2021-12-18T10:58:39Z</time>
   </trkpt>
   <trkpt lat="51.5595610" lon="-0.1523140">
    <ele>59.5</ele>
    <time>2021-12-18T10:58:40Z</time>
   </trkpt>
   <trkpt lat="51.5595600" lon="-0.1523090">
    <ele>59.5</ele>
    <time>2021-12-18T10:58:42Z</time>
   </trkpt>
   <trkpt lat="51.5595600" lon="-0.1523100">
    <ele>59.5</ele>
    <time>2021-12-18T10:58:44Z</time>
   </trkpt>
   <trkpt lat="51.5595600" lon="-0.1523110">
    <ele>59.5</ele>
    <time>2021-12-18T10:58:45Z</time>
   </trkpt>
   <trkpt lat="51.5595600" lon="-0.1523110">
    <ele>59.5</ele>
    <time>2021-12-18T10:58:47Z</time>
   </trkpt>
   <trkpt lat="51.5595610" lon="-0.1523110">
    <ele>59.5</ele>
    <time>2021-12-18T10:58:49Z</time>
   </trkpt>
   <trkpt lat="51.5595170" lon="-0.1522760">
    <ele>59.5</ele>
    <time>2021-12-18T10:59:33Z</time>
   </trkpt>
   <trkpt lat="51.5594840" lon="-0.1521950">
    <ele>59.6</ele>
    <time>2021-12-18T10:59:35Z</time>
   </trkpt>
   <trkpt lat="51.5594440" lon="-0.1521410">
    <ele>59.6</ele>
    <time>2021-12-18T10:59:37Z</time>
   </trkpt>
   <trkpt lat="51.5594170" lon="-0.1521380">
    <ele>59.6</ele>
    <time>2021-12-18T10:59:38Z</time>
   </trkpt>
   <trkpt lat="51.5593740" lon="-0.1522190">
    <ele>59.6</ele>
    <time>2021-12-18T10:59:40Z</time>
   </trkpt>
   <trkpt lat="51.5593580" lon="-0.1522720">
    <ele>59.6</ele>
    <time>2021-12-18T10:59:41Z</time>
   </trkpt>
   <trkpt lat="51.5593170" lon="-0.1523660">
    <ele>59.7</ele>
    <time>2021-12-18T10:59:43Z</time>
   </trkpt>
   <trkpt lat="51.5592690" lon="-0.1524360">
    <ele>59.7</ele>
    <time>2021-12-18T10:59:45Z</time>
   </trkpt>
   <trkpt lat="51.5592410" lon="-0.1524690">
    <ele>59.7</ele>
    <time>2021-12-18T10:59:46Z</time>
   </trkpt>
   <trkpt lat="51.5591850" lon="-0.1525660">
    <ele>59.7</ele>
    <time>2021-12-18T10:59:48Z</time>
   </trkpt>
   <trkpt lat="51.5591410" lon="-0.1526890">
    <ele>59.7</ele>
    <time>2021-12-18T10:59:50Z</time>
   </trkpt>
   <trkpt lat="51.5591140" lon="-0.1527450">
    <ele>59.7</ele>
    <time>2021-12-18T10:59:51Z</time>
   </trkpt>
   <trkpt lat="51.5590850" lon="-0.1528000">
    <ele>59.7</ele>
    <time>2021-12-18T10:59:52Z</time>
   </trkpt>
   <trkpt lat="51.5590560" lon="-0.1528520">
    <ele>59.7</ele>
    <time>2021-12-18T10:59:53Z</time>
   </trkpt>
   <trkpt lat="51.5590030" lon="-0.1529510">
    <ele>59.7</ele>
    <time>2021-12-18T10:59:55Z</time>
   </trkpt>
   <trkpt lat="51.5589790" lon="-0.1529920">
    <ele>59.7</ele>
    <time>2021-12-18T10:59:56Z</time>
   </trkpt>
   <trkpt lat="51.5589350" lon="-0.1530590">
    <ele>59.6</ele>
    <time>2021-12-18T10:59:58Z</time>
   </trkpt>
   <trkpt lat="51.5589220" lon="-0.1531000">
    <ele>59.6</ele>
    <time>2021-12-18T10:59:59Z</time>
   </trkpt>
   <trkpt lat="51.5588790" lon="-0.1532000">
    <ele>59.6</ele>
    <time>2021-12-18T11:00:01Z</time>
   </trkpt>
   <trkpt lat="51.5588520" lon="-0.1532480">
    <ele>59.5</ele>
    <time>2021-12-18T11:00:02Z</time>
   </trkpt>
   <trkpt lat="51.5588250" lon="-0.1532970">
    <ele>59.5</ele>
    <time>2021-12-18T11:00:03Z</time>
   </trkpt>
   <trkpt lat="51.5587720" lon="-0.1533960">
    <ele>59.4</ele>
    <time>2021-12-18T11:00:05Z</time>
   </trkpt>
   <trkpt lat="51.5587170" lon="-0.1534810">
    <ele>59.3</ele>
    <time>2021-12-18T11:00:07Z</time>
   </trkpt>
   <trkpt lat="51.5587000" lon="-0.1535340">
    <ele>59.3</ele>
    <time>2021-12-18T11:00:08Z</time>
   </trkpt>
   <trkpt lat="51.5586520" lon="-0.1536510">
    <ele>59.2</ele>
    <time>2021-12-18T11:00:10Z</time>
   </trkpt>
   <trkpt lat="51.5585800" lon="-0.1537700">
    <ele>59.2</ele>
    <time>2021-12-18T11:00:12Z</time>
   </trkpt>
   <trkpt lat="51.5585480" lon="-0.1538380">
    <ele>59.2</ele>
    <time>2021-12-18T11:00:13Z</time>
   </trkpt>
   <trkpt lat="51.5584860" lon="-0.1539710">
    <ele>59.1</ele>
    <time>2021-12-18T11:00:15Z</time>
   </trkpt>
   <trkpt lat="51.5584340" lon="-0.1541100">
    <ele>59.1</ele>
    <time>2021-12-18T11:00:17Z</time>
   </trkpt>
   <trkpt lat="51.5583880" lon="-0.1542410">
    <ele>59.1</ele>
    <time>2021-12-18T11:00:19Z</time>
   </trkpt>
   <trkpt lat="51.5583630" lon="-0.1543020">
    <ele>59.1</ele>
    <time>2021-12-18T11:00:20Z</time>
   </trkpt>
   <trkpt lat="51.5583060" lon="-0.1544050">
    <ele>59.1</ele>
    <time>2021-12-18T11:00:22Z</time>
   </trkpt>
   <trkpt lat="51.5582840" lon="-0.1544450">
    <ele>59.1</ele>
    <time>2021-12-18T11:00:23Z</time>
   </trkpt>
   <trkpt lat="51.5582490" lon="-0.1545200">
    <ele>59.1</ele>
    <time>2021-12-18T11:00:25Z</time>
   </trkpt>
   <trkpt lat="51.5582320" lon="-0.1545620">
    <ele>59.1</ele>
    <time>2021-12-18T11:00:26Z</time>
   </trkpt>
   <trkpt lat="51.5581850" lon="-0.1546570">
    <ele>59.1</ele>
    <time>2021-12-18T11:00:28Z</time>
   </trkpt>
   <trkpt lat="51.5581160" lon="-0.1547510">
    <ele>59.1</ele>
    <time>2021-12-18T11:00:30Z</time>
   </trkpt>
   <trkpt lat="51.5580370" lon="-0.1548720">
    <ele>59.2</ele>
    <time>2021-12-18T11:00:32Z</time>
   </trkpt>
   <trkpt lat="51.5580080" lon="-0.1549510">
    <ele>59.2</ele>
    <time>2021-12-18T11:00:33Z</time>
   </trkpt>
   <trkpt lat="51.5579730" lon="-0.1551170">
    <ele>59.2</ele>
    <time>2021-12-18T11:00:35Z</time>
   </trkpt>
   <trkpt lat="51.5579550" lon="-0.1551940">
    <ele>59.2</ele>
    <time>2021-12-18T11:00:36Z</time>
   </trkpt>
   <trkpt lat="51.5579130" lon="-0.1553220">
    <ele>59.2</ele>
    <time>2021-12-18T11:00:38Z</time>
   </trkpt>
   <trkpt lat="51.5578940" lon="-0.1553710">
    <ele>59.2</ele>
    <time>2021-12-18T11:00:39Z</time>
   </trkpt>
   <trkpt lat="51.5578480" lon="-0.1554590">
    <ele>59.1</ele>
    <time>2021-12-18T11:00:41Z</time>
   </trkpt>
   <trkpt lat="51.5578110" lon="-0.1554960">
    <ele>59.1</ele>
    <time>2021-12-18T11:00:42Z</time>
   </trkpt>
   <trkpt lat="51.5577710" lon="-0.1555480">
    <ele>59.0</ele>
    <time>2021-12-18T11:00:43Z</time>
   </trkpt>
   <trkpt lat="51.5577080" lon="-0.1557050">
    <ele>58.9</ele>
    <time>2021-12-18T11:00:45Z</time>
   </trkpt>
   <trkpt lat="51.5576700" lon="-0.1558750">
    <ele>58.8</ele>
    <time>2021-12-18T11:00:47Z</time>
   </trkpt>
   <trkpt lat="51.5576450" lon="-0.1559540">
    <ele>58.8</ele>
    <time>2021-12-18T11:00:48Z</time>
   </trkpt>
   <trkpt lat="51.5575790" lon="-0.1561030">
    <ele>58.7</ele>
    <time>2021-12-18T11:00:50Z</time>
   </trkpt>
   <trkpt lat="51.5575150" lon="-0.1562350">
    <ele>58.6</ele>
    <time>2021-12-18T11:00:52Z</time>
   </trkpt>
   <trkpt lat="51.5574970" lon="-0.1562930">
    <ele>58.6</ele>
    <time>2021-12-18T11:00:53Z</time>
   </trkpt>
   <trkpt lat="51.5574560" lon="-0.1564050">
    <ele>58.5</ele>
    <time>2021-12-18T11:00:55Z</time>
   </trkpt>
   <trkpt lat="51.5573980" lon="-0.1564800">
    <ele>58.5</ele>
    <time>2021-12-18T11:00:57Z</time>
   </trkpt>
   <trkpt lat="51.5573730" lon="-0.1565100">
    <ele>58.5</ele>
    <time>2021-12-18T11:00:58Z</time>
   </trkpt>
   <trkpt lat="51.5573360" lon="-0.1565760">
    <ele>58.4</ele>
    <time>2021-12-18T11:01:00Z</time>
   </trkpt>
   <trkpt lat="51.5573110" lon="-0.1566090">
    <ele>58.4</ele>
    <time>2021-12-18T11:01:01Z</time>
   </trkpt>
   <trkpt lat="51.5572890" lon="-0.1566640">
    <ele>58.4</ele>
    <time>2021-12-18T11:01:02Z</time>
   </trkpt>
   <trkpt lat="51.5572600" lon="-0.1567900">
    <ele>58.4</ele>
    <time>2021-12-18T11:01:04Z</time>
   </trkpt>
   <trkpt lat="51.5572170" lon="-0.1569200">
    <ele>58.3</ele>
    <time>2021-12-18T11:01:06Z</time>
   </trkpt>
   <trkpt lat="51.5571640" lon="-0.1570560">
    <ele>58.3</ele>
    <time>2021-12-18T11:01:08Z</time>
   </trkpt>
   <trkpt lat="51.5571340" lon="-0.1571220">
    <ele>58.3</ele>
    <time>2021-12-18T11:01:09Z</time>
   </trkpt>
   <trkpt lat="51.5570740" lon="-0.1572680">
    <ele>58.3</ele>
    <time>2021-12-18T11:01:11Z</time>
   </trkpt>
   <trkpt lat="51.5570090" lon="-0.1574200">
    <ele>58.2</ele>
    <time>2021-12-18T11:01:13Z</time>
   </trkpt>
   <trkpt lat="51.5569790" lon="-0.1574980">
    <ele>58.2</ele>
    <time>2021-12-18T11:01:14Z</time>
   </trkpt>
   <trkpt lat="51.5569220" lon="-0.1576490">
    <ele>58.2</ele>
    <time>2021-12-18T11:01:16Z</time>
   </trkpt>
   <trkpt lat="51.5568620" lon="-0.1578010">
    <ele>58.2</ele>
    <time>2021-12-18T11:01:18Z</time>
   </trkpt>
   <trkpt lat="51.5568320" lon="-0.1578760">
    <ele>58.2</ele>
    <time>2021-12-18T11:01:19Z</time>
   </trkpt>
   <trkpt lat="51.5567700" lon="-0.1580320">
    <ele>58.3</ele>
    <time>2021-12-18T11:01:21Z</time>
   </trkpt>
   <trkpt lat="51.5567460" lon="-0.1581110">
    <ele>58.3</ele>
    <time>2021-12-18T11:01:22Z</time>
   </trkpt>
   <trkpt lat="51.5567180" lon="-0.1582680">
    <ele>58.4</ele>
    <time>2021-12-18T11:01:24Z</time>
   </trkpt>
   <trkpt lat="51.5567110" lon="-0.1583490">
    <ele>58.5</ele>
    <time>2021-12-18T11:01:25Z</time>
   </trkpt>
   <trkpt lat="51.5567060" lon="-0.1584250">
    <ele>58.5</ele>
    <time>2021-12-18T11:01:26Z</time>
   </trkpt>
   <trkpt lat="51.5566890" lon="-0.1584900">
    <ele>58.6</ele>
    <time>2021-12-18T11:01:28Z</time>
   </trkpt>
   <trkpt lat="51.5566770" lon="-0.1585210">
    <ele>58.6</ele>
    <time>2021-12-18T11:01:30Z</time>
   </trkpt>
   <trkpt lat="51.5566810" lon="-0.1586060">
    <ele>58.6</ele>
    <time>2021-12-18T11:01:32Z</time>
   </trkpt>
   <trkpt lat="51.5566770" lon="-0.1586610">
    <ele>58.7</ele>
    <time>2021-12-18T11:01:33Z</time>
   </trkpt>
   <trkpt lat="51.5566580" lon="-0.1587710">
    <ele>58.8</ele>
    <time>2021-12-18T11:01:35Z</time>
   </trkpt>
   <trkpt lat="51.5566460" lon="-0.1588300">
    <ele>58.8</ele>
    <time>2021-12-18T11:01:36Z</time>
   </trkpt>
   <trkpt lat="51.5566310" lon="-0.1589550">
    <ele>59.0</ele>
    <time>2021-12-18T11:01:38Z</time>
   </trkpt>
   <trkpt lat="51.5566240" lon="-0.1590150">
    <ele>59.0</ele>
    <time>2021-12-18T11:01:39Z</time>
   </trkpt>
   <trkpt lat="51.5566260" lon="-0.1591040">
    <ele>59.2</ele>
    <time>2021-12-18T11:01:41Z</time>
   </trkpt>
   <trkpt lat="51.5566370" lon="-0.1591600">
    <ele>59.3</ele>
    <time>2021-12-18T11:01:43Z</time>
   </trkpt>
   <trkpt lat="51.5566420" lon="-0.1592100">
    <ele>59.5</ele>
    <time>2021-12-18T11:01:44Z</time>
   </trkpt>
   <trkpt lat="51.5566260" lon="-0.1593360">
    <ele>59.9</ele>
    <time>2021-12-18T11:01:46Z</time>
   </trkpt>
   <trkpt lat="51.5566090" lon="-0.1594540">
    <ele>60.2</ele>
    <time>2021-12-18T11:01:48Z</time>
   </trkpt>
   <trkpt lat="51.5566150" lon="-0.1595200">
    <ele>60.4</ele>
    <time>2021-12-18T11:01:49Z</time>
   </trkpt>
   <trkpt lat="51.5566270" lon="-0.1596620">
    <ele>60.7</ele>
    <time>2021-12-18T11:01:51Z</time>
   </trkpt>
   <trkpt lat="51.5566190" lon="-0.1598310">
    <ele>61.1</ele>
    <time>2021-12-18T11:01:53Z</time>
   </trkpt>
   <trkpt lat="51.5565970" lon="-0.1600090">
    <ele>61.5</ele>
    <time>2021-12-18T11:01:55Z</time>
   </trkpt>
   <trkpt lat="51.5565920" lon="-0.1601050">
    <ele>61.7</ele>
    <time>2021-12-18T11:01:56Z</time>
   </trkpt>
   <trkpt lat="51.5565850" lon="-0.1602030">
    <ele>62.0</ele>
    <time>2021-12-18T11:01:57Z</time>
   </trkpt>
   <trkpt lat="51.5565760" lon="-0.1602970">
    <ele>62.3</ele>
    <time>2021-12-18T11:01:58Z</time>
   </trkpt>
   <trkpt lat="51.5565620" lon="-0.1604810">
    <ele>62.8</ele>
    <time>2021-12-18T11:02:00Z</time>
   </trkpt>
   <trkpt lat="51.5565490" lon="-0.1606680">
    <ele>63.4</ele>
    <time>2021-12-18T11:02:02Z</time>
   </trkpt>
   <trkpt lat="51.5565520" lon="-0.1608410">
    <ele>64.1</ele>
    <time>2021-12-18T11:02:04Z</time>
   </trkpt>
   <trkpt lat="51.5565550" lon="-0.1609280">
    <ele>64.4</ele>
    <time>2021-12-18T11:02:05Z</time>
   </trkpt>
   <trkpt lat="51.5565530" lon="-0.1611120">
    <ele>65.2</ele>
    <time>2021-12-18T11:02:07Z</time>
   </trkpt>
   <trkpt lat="51.5565550" lon="-0.1612010">
    <ele>65.6</ele>
    <time>2021-12-18T11:02:08Z</time>
   </trkpt>
   <trkpt lat="51.5565500" lon="-0.1613720">
    <ele>66.3</ele>
    <time>2021-12-18T11:02:10Z</time>
   </trkpt>
   <trkpt lat="51.5565510" lon="-0.1614480">
    <ele>66.7</ele>
    <time>2021-12-18T11:02:11Z</time>
   </trkpt>
   <trkpt lat="51.5565600" lon="-0.1615990">
    <ele>67.4</ele>
    <time>2021-12-18T11:02:13Z</time>
   </trkpt>
   <trkpt lat="51.5565690" lon="-0.1617410">
    <ele>68.1</ele>
    <time>2021-12-18T11:02:15Z</time>
   </trkpt>
   <trkpt lat="51.5565700" lon="-0.1618920">
    <ele>68.8</ele>
    <time>2021-12-18T11:02:17Z</time>
   </trkpt>
   <trkpt lat="51.5565820" lon="-0.1619760">
    <ele>69.3</ele>
    <time>2021-12-18T11:02:18Z</time>
   </trkpt>
   <trkpt lat="51.5565880" lon="-0.1621260">
    <ele>70.0</ele>
    <time>2021-12-18T11:02:20Z</time>
   </trkpt>
   <trkpt lat="51.5565760" lon="-0.1622790">
    <ele>70.8</ele>
    <time>2021-12-18T11:02:22Z</time>
   </trkpt>
   <trkpt lat="51.5565740" lon="-0.1623590">
    <ele>71.1</ele>
    <time>2021-12-18T11:02:23Z</time>
   </trkpt>
   <trkpt lat="51.5565710" lon="-0.1624380">
    <ele>71.5</ele>
    <time>2021-12-18T11:02:24Z</time>
   </trkpt>
   <trkpt lat="51.5565700" lon="-0.1625930">
    <ele>72.2</ele>
    <time>2021-12-18T11:02:26Z</time>
   </trkpt>
   <trkpt lat="51.5565610" lon="-0.1627510">
    <ele>72.9</ele>
    <time>2021-12-18T11:02:28Z</time>
   </trkpt>
   <trkpt lat="51.5565550" lon="-0.1628270">
    <ele>73.3</ele>
    <time>2021-12-18T11:02:29Z</time>
   </trkpt>
   <trkpt lat="51.5565480" lon="-0.1628980">
    <ele>73.6</ele>
    <time>2021-12-18T11:02:30Z</time>
   </trkpt>
   <trkpt lat="51.5565380" lon="-0.1630380">
    <ele>74.1</ele>
    <time>2021-12-18T11:02:32Z</time>
   </trkpt>
   <trkpt lat="51.5565430" lon="-0.1631000">
    <ele>74.3</ele>
    <time>2021-12-18T11:02:33Z</time>
   </trkpt>
   <trkpt lat="51.5565430" lon="-0.1631980">
    <ele>74.5</ele>
    <time>2021-12-18T11:02:35Z</time>
   </trkpt>
   <trkpt lat="51.5565430" lon="-0.1632410">
    <ele>74.6</ele>
    <time>2021-12-18T11:02:36Z</time>
   </trkpt>
   <trkpt lat="51.5565390" lon="-0.1633230">
    <ele>74.7</ele>
    <time>2021-12-18T11:02:38Z</time>
   </trkpt>
   <trkpt lat="51.5564850" lon="-0.1633870">
    <ele>74.4</ele>
    <time>2021-12-18T11:02:40Z</time>
   </trkpt>
   <trkpt lat="51.5564520" lon="-0.1634200">
    <ele>74.3</ele>
    <time>2021-12-18T11:02:41Z</time>
   </trkpt>
   <trkpt lat="51.5563710" lon="-0.1634970">
    <ele>73.9</ele>
    <time>2021-12-18T11:02:43Z</time>
   </trkpt>
   <trkpt lat="51.5563240" lon="-0.1635330">
    <ele>73.7</ele>
    <time>2021-12-18T11:02:44Z</time>
   </trkpt>
   <trkpt lat="51.5562820" lon="-0.1635750">
    <ele>73.5</ele>
    <time>2021-12-18T11:02:45Z</time>
   </trkpt>
   <trkpt lat="51.5562060" lon="-0.1636840">
    <ele>73.0</ele>
    <time>2021-12-18T11:02:47Z</time>
   </trkpt>
   <trkpt lat="51.5561510" lon="-0.1638430">
    <ele>72.5</ele>
    <time>2021-12-18T11:02:49Z</time>
   </trkpt>
   <trkpt lat="51.5561220" lon="-0.1639340">
    <ele>72.1</ele>
    <time>2021-12-18T11:02:50Z</time>
   </trkpt>
   <trkpt lat="51.5560740" lon="-0.1641170">
    <ele>71.4</ele>
    <time>2021-12-18T11:02:52Z</time>
   </trkpt>
   <trkpt lat="51.5560510" lon="-0.1642070">
    <ele>71.0</ele>
    <time>2021-12-18T11:02:53Z</time>
   </trkpt>
   <trkpt lat="51.5560080" lon="-0.1643770">
    <ele>70.3</ele>
    <time>2021-12-18T11:02:55Z</time>
   </trkpt>
   <trkpt lat="51.5559840" lon="-0.1644640">
    <ele>70.0</ele>
    <time>2021-12-18T11:02:56Z</time>
   </trkpt>
   <trkpt lat="51.5559220" lon="-0.1646250">
    <ele>69.3</ele>
    <time>2021-12-18T11:02:58Z</time>
   </trkpt>
   <trkpt lat="51.5558630" lon="-0.1647870">
    <ele>68.6</ele>
    <time>2021-12-18T11:03:00Z</time>
   </trkpt>
   <trkpt lat="51.5558050" lon="-0.1649510">
    <ele>68.0</ele>
    <time>2021-12-18T11:03:02Z</time>
   </trkpt>
   <trkpt lat="51.5557570" lon="-0.1650970">
    <ele>67.4</ele>
    <time>2021-12-18T11:03:04Z</time>
   </trkpt>
   <trkpt lat="51.5557050" lon="-0.1652020">
    <ele>66.9</ele>
    <time>2021-12-18T11:03:06Z</time>
   </trkpt>
   <trkpt lat="51.5556740" lon="-0.1652450">
    <ele>66.6</ele>
    <time>2021-12-18T11:03:07Z</time>
   </trkpt>
   <trkpt lat="51.5556400" lon="-0.1652910">
    <ele>66.1</ele>
    <time>2021-12-18T11:03:08Z</time>
   </trkpt>
   <trkpt lat="51.5555790" lon="-0.1653880">
    <ele>65.5</ele>
    <time>2021-12-18T11:03:10Z</time>
   </trkpt>
   <trkpt lat="51.5555200" lon="-0.1654900">
    <ele>65.0</ele>
    <time>2021-12-18T11:03:12Z</time>
   </trkpt>
   <trkpt lat="51.5554990" lon="-0.1655450">
    <ele>64.7</ele>
    <time>2021-12-18T11:03:13Z</time>
   </trkpt>
   <trkpt lat="51.5554810" lon="-0.1656100">
    <ele>64.5</ele>
    <time>2021-12-18T11:03:14Z</time>
   </trkpt>
   <trkpt lat="51.5554560" lon="-0.1656680">
    <ele>64.3</ele>
    <time>2021-12-18T11:03:15Z</time>
   </trkpt>
   <trkpt lat="51.5554080" lon="-0.1657960">
    <ele>63.8</ele>
    <time>2021-12-18T11:03:17Z</time>
   </trkpt>
   <trkpt lat="51.5553820" lon="-0.1659230">
    <ele>63.5</ele>
    <time>2021-12-18T11:03:19Z</time>
   </trkpt>
   <trkpt lat="51.5553640" lon="-0.1659910">
    <ele>63.3</ele>
    <time>2021-12-18T11:03:21Z</time>
   </trkpt>
   <trkpt lat="51.5553500" lon="-0.1660400">
    <ele>63.1</ele>
    <time>2021-12-18T11:03:23Z</time>
   </trkpt>
   <trkpt lat="51.5553440" lon="-0.1660560">
    <ele>63.1</ele>
    <time>2021-12-18T11:03:24Z</time>
   </trkpt>
   <trkpt lat="51.5553330" lon="-0.1660670">
    <ele>63.0</ele>
    <time>2021-12-18T11:03:26Z</time>
   </trkpt>
   <trkpt lat="51.5553180" lon="-0.1660800">
    <ele>63.0</ele>
    <time>2021-12-18T11:03:28Z</time>
   </trkpt>
   <trkpt lat="51.5553080" lon="-0.1661090">
    <ele>62.9</ele>
    <time>2021-12-18T11:03:30Z</time>
   </trkpt>
   <trkpt lat="51.5553010" lon="-0.1661340">
    <ele>62.8</ele>
    <time>2021-12-18T11:03:32Z</time>
   </trkpt>
   <trkpt lat="51.5552890" lon="-0.1661280">
    <ele>62.8</ele>
    <time>2021-12-18T11:03:34Z</time>
   </trkpt>
   <trkpt lat="51.5552850" lon="-0.1661300">
    <ele>62.8</ele>
    <time>2021-12-18T11:03:35Z</time>
   </trkpt>
   <trkpt lat="51.5552830" lon="-0.1661320">
    <ele>62.8</ele>
    <time>2021-12-18T11:03:36Z</time>
   </trkpt>
   <trkpt lat="51.5552830" lon="-0.1661360">
    <ele>62.8</ele>
    <time>2021-12-18T11:03:38Z</time>
   </trkpt>
   <trkpt lat="51.5552820" lon="-0.1661410">
    <ele>62.7</ele>
    <time>2021-12-18T11:03:39Z</time>
   </trkpt>
   <trkpt lat="51.5552820" lon="-0.1661430">
    <ele>62.7</ele>
    <time>2021-12-18T11:03:40Z</time>
   </trkpt>
   <trkpt lat="51.5552860" lon="-0.1661390">
    <ele>62.7</ele>
    <time>2021-12-18T11:03:42Z</time>
   </trkpt>
   <trkpt lat="51.5552880" lon="-0.1661370">
    <ele>62.7</ele>
    <time>2021-12-18T11:03:44Z</time>
   </trkpt>
   <trkpt lat="51.5552880" lon="-0.1661360">
    <ele>62.7</ele>
    <time>2021-12-18T11:03:46Z</time>
   </trkpt>
   <trkpt lat="51.5552760" lon="-0.1661890">
    <ele>62.6</ele>
    <time>2021-12-18T11:03:50Z</time>
   </trkpt>
   <trkpt lat="51.5552690" lon="-0.1662240">
    <ele>62.6</ele>
    <time>2021-12-18T11:03:52Z</time>
   </trkpt>
   <trkpt lat="51.5552980" lon="-0.1663010">
    <ele>62.5</ele>
    <time>2021-12-18T11:03:54Z</time>
   </trkpt>
   <trkpt lat="51.5553840" lon="-0.1663850">
    <ele>62.6</ele>
    <time>2021-12-18T11:03:56Z</time>
   </trkpt>
   <trkpt lat="51.5554760" lon="-0.1664560">
    <ele>62.7</ele>
    <time>2021-12-18T11:03:58Z</time>
   </trkpt>
   <trkpt lat="51.5555360" lon="-0.1664960">
    <ele>62.7</ele>
    <time>2021-12-18T11:03:59Z</time>
   </trkpt>
   <trkpt lat="51.5556000" lon="-0.1665410">
    <ele>62.8</ele>
    <time>2021-12-18T11:04:00Z</time>
   </trkpt>
   <trkpt lat="51.5557210" lon="-0.1665990">
    <ele>62.9</ele>
    <time>2021-12-18T11:04:02Z</time>
   </trkpt>
   <trkpt lat="51.5558510" lon="-0.1666520">
    <ele>63.0</ele>
    <time>2021-12-18T11:04:04Z</time>
   </trkpt>
   <trkpt lat="51.5560020" lon="-0.1666930">
    <ele>63.3</ele>
    <time>2021-12-18T11:04:06Z</time>
   </trkpt>
   <trkpt lat="51.5561300" lon="-0.1666720">
    <ele>63.9</ele>
    <time>2021-12-18T11:04:08Z</time>
   </trkpt>
   <trkpt lat="51.5561870" lon="-0.1666480">
    <ele>64.2</ele>
    <time>2021-12-18T11:04:09Z</time>
   </trkpt>
   <trkpt lat="51.5563000" lon="-0.1666220">
    <ele>64.8</ele>
    <time>2021-12-18T11:04:11Z</time>
   </trkpt>
   <trkpt lat="51.5563610" lon="-0.1666170">
    <ele>65.2</ele>
    <time>2021-12-18T11:04:12Z</time>
   </trkpt>
   <trkpt lat="51.5564760" lon="-0.1666090">
    <ele>65.9</ele>
    <time>2021-12-18T11:04:14Z</time>
   </trkpt>
   <trkpt lat="51.5565670" lon="-0.1666350">
    <ele>66.5</ele>
    <time>2021-12-18T11:04:16Z</time>
   </trkpt>
   <trkpt lat="51.5566680" lon="-0.1667050">
    <ele>67.1</ele>
    <time>2021-12-18T11:04:18Z</time>
   </trkpt>
   <trkpt lat="51.5567400" lon="-0.1668250">
    <ele>67.7</ele>
    <time>2021-12-18T11:04:20Z</time>
   </trkpt>
   <trkpt lat="51.5567870" lon="-0.1669700">
    <ele>67.7</ele>
    <time>2021-12-18T11:04:22Z</time>
   </trkpt>
   <trkpt lat="51.5568000" lon="-0.1670280">
    <ele>67.7</ele>
    <time>2021-12-18T11:04:23Z</time>
   </trkpt>
   <trkpt lat="51.5568230" lon="-0.1671270">
    <ele>67.9</ele>
    <time>2021-12-18T11:04:25Z</time>
   </trkpt>
   <trkpt lat="51.5568490" lon="-0.1671570">
    <ele>67.9</ele>
    <time>2021-12-18T11:04:26Z</time>
   </trkpt>
   <trkpt lat="51.5569160" lon="-0.1672200">
    <ele>68.1</ele>
    <time>2021-12-18T11:04:28Z</time>
   </trkpt>
   <trkpt lat="51.5569380" lon="-0.1672700">
    <ele>68.3</ele>
    <time>2021-12-18T11:04:29Z</time>
   </trkpt>
   <trkpt lat="51.5569710" lon="-0.1674110">
    <ele>68.8</ele>
    <time>2021-12-18T11:04:31Z</time>
   </trkpt>
   <trkpt lat="51.5570060" lon="-0.1675470">
    <ele>69.2</ele>
    <time>2021-12-18T11:04:33Z</time>
   </trkpt>
   <trkpt lat="51.5570270" lon="-0.1676150">
    <ele>69.4</ele>
    <time>2021-12-18T11:04:34Z</time>
   </trkpt>
   <trkpt lat="51.5570730" lon="-0.1677620">
    <ele>70.0</ele>
    <time>2021-12-18T11:04:36Z</time>
   </trkpt>
   <trkpt lat="51.5570950" lon="-0.1678280">
    <ele>70.2</ele>
    <time>2021-12-18T11:04:37Z</time>
   </trkpt>
   <trkpt lat="51.5571240" lon="-0.1678890">
    <ele>70.5</ele>
    <time>2021-12-18T11:04:38Z</time>
   </trkpt>
   <trkpt lat="51.5571410" lon="-0.1679490">
    <ele>70.7</ele>
    <time>2021-12-18T11:04:39Z</time>
   </trkpt>
   <trkpt lat="51.5571630" lon="-0.1680430">
    <ele>71.0</ele>
    <time>2021-12-18T11:04:41Z</time>
   </trkpt>
   <trkpt lat="51.5571830" lon="-0.1680790">
    <ele>71.2</ele>
    <time>2021-12-18T11:04:42Z</time>
   </trkpt>
   <trkpt lat="51.5571970" lon="-0.1681120">
    <ele>71.3</ele>
    <time>2021-12-18T11:04:43Z</time>
   </trkpt>
   <trkpt lat="51.5572150" lon="-0.1681740">
    <ele>71.5</ele>
    <time>2021-12-18T11:04:45Z</time>
   </trkpt>
   <trkpt lat="51.5572340" lon="-0.1682630">
    <ele>71.7</ele>
    <time>2021-12-18T11:04:47Z</time>
   </trkpt>
   <trkpt lat="51.5572520" lon="-0.1683100">
    <ele>71.8</ele>
    <time>2021-12-18T11:04:48Z</time>
   </trkpt>
   <trkpt lat="51.5572770" lon="-0.1684390">
    <ele>72.0</ele>
    <time>2021-12-18T11:04:50Z</time>
   </trkpt>
   <trkpt lat="51.5572880" lon="-0.1685750">
    <ele>72.3</ele>
    <time>2021-12-18T11:04:52Z</time>
   </trkpt>
   <trkpt lat="51.5573100" lon="-0.1687420">
    <ele>72.7</ele>
    <time>2021-12-18T11:04:54Z</time>
   </trkpt>
   <trkpt lat="51.5573180" lon="-0.1688320">
    <ele>72.9</ele>
    <time>2021-12-18T11:04:55Z</time>
   </trkpt>
   <trkpt lat="51.5573250" lon="-0.1689260">
    <ele>73.1</ele>
    <time>2021-12-18T11:04:56Z</time>
   </trkpt>
   <trkpt lat="51.5573340" lon="-0.1690920">
    <ele>73.5</ele>
    <time>2021-12-18T11:04:58Z</time>
   </trkpt>
   <trkpt lat="51.5573520" lon="-0.1692420">
    <ele>73.9</ele>
    <time>2021-12-18T11:05:00Z</time>
   </trkpt>
   <trkpt lat="51.5573530" lon="-0.1693160">
    <ele>74.1</ele>
    <time>2021-12-18T11:05:01Z</time>
   </trkpt>
   <trkpt lat="51.5573610" lon="-0.1693870">
    <ele>74.3</ele>
    <time>2021-12-18T11:05:02Z</time>
   </trkpt>
   <trkpt lat="51.5573620" lon="-0.1694620">
    <ele>74.5</ele>
    <time>2021-12-18T11:05:03Z</time>
   </trkpt>
   <trkpt lat="51.5573690" lon="-0.1696260">
    <ele>74.9</ele>
    <time>2021-12-18T11:05:05Z</time>
   </trkpt>
   <trkpt lat="51.5573740" lon="-0.1697040">
    <ele>75.1</ele>
    <time>2021-12-18T11:05:06Z</time>
   </trkpt>
   <trkpt lat="51.5573780" lon="-0.1697780">
    <ele>75.4</ele>
    <time>2021-12-18T11:05:07Z</time>
   </trkpt>
   <trkpt lat="51.5573970" lon="-0.1699300">
    <ele>75.9</ele>
    <time>2021-12-18T11:05:09Z</time>
   </trkpt>
   <trkpt lat="51.5574020" lon="-0.1700080">
    <ele>76.1</ele>
    <time>2021-12-18T11:05:10Z</time>
   </trkpt>
   <trkpt lat="51.5574100" lon="-0.1701650">
    <ele>76.7</ele>
    <time>2021-12-18T11:05:12Z</time>
   </trkpt>
   <trkpt lat="51.5574150" lon="-0.1702450">
    <ele>76.9</ele>
    <time>2021-12-18T11:05:13Z</time>
   </trkpt>
   <trkpt lat="51.5574240" lon="-0.1703230">
    <ele>77.2</ele>
    <time>2021-12-18T11:05:14Z</time>
   </trkpt>
   <trkpt lat="51.5574370" lon="-0.1704720">
    <ele>77.7</ele>
    <time>2021-12-18T11:05:16Z</time>
   </trkpt>
   <trkpt lat="51.5574480" lon="-0.1706360">
    <ele>78.3</ele>
    <time>2021-12-18T11:05:18Z</time>
   </trkpt>
   <trkpt lat="51.5574560" lon="-0.1707120">
    <ele>78.6</ele>
    <time>2021-12-18T11:05:19Z</time>
   </trkpt>
   <trkpt lat="51.5574670" lon="-0.1708720">
    <ele>79.1</ele>
    <time>2021-12-18T11:05:21Z</time>
   </trkpt>
   <trkpt lat="51.5574770" lon="-0.1710390">
    <ele>79.6</ele>
    <time>2021-12-18T11:05:23Z</time>
   </trkpt>
   <trkpt lat="51.5574850" lon="-0.1711900">
    <ele>80.1</ele>
    <time>2021-12-18T11:05:25Z</time>
   </trkpt>
   <trkpt lat="51.5575010" lon="-0.1713430">
    <ele>80.6</ele>
    <time>2021-12-18T11:05:27Z</time>
   </trkpt>
   <trkpt lat="51.5575290" lon="-0.1714890">
    <ele>81.1</ele>
    <time>2021-12-18T11:05:29Z</time>
   </trkpt>
   <trkpt lat="51.5575470" lon="-0.1715660">
    <ele>81.3</ele>
    <time>2021-12-18T11:05:30Z</time>
   </trkpt>
   <trkpt lat="51.5575780" lon="-0.1716990">
    <ele>81.8</ele>
    <time>2021-12-18T11:05:32Z</time>
   </trkpt>
   <trkpt lat="51.5576160" lon="-0.1718450">
    <ele>82.2</ele>
    <time>2021-12-18T11:05:34Z</time>
   </trkpt>
   <trkpt lat="51.5576290" lon="-0.1719190">
    <ele>82.3</ele>
    <time>2021-12-18T11:05:35Z</time>
   </trkpt>
   <trkpt lat="51.5576510" lon="-0.1720620">
    <ele>82.7</ele>
    <time>2021-12-18T11:05:37Z</time>
   </trkpt>
   <trkpt lat="51.5576590" lon="-0.1721370">
    <ele>82.8</ele>
    <time>2021-12-18T11:05:38Z</time>
   </trkpt>
   <trkpt lat="51.5576650" lon="-0.1722870">
    <ele>83.2</ele>
    <time>2021-12-18T11:05:40Z</time>
   </trkpt>
   <trkpt lat="51.5576620" lon="-0.1724400">
    <ele>83.5</ele>
    <time>2021-12-18T11:05:42Z</time>
   </trkpt>
   <trkpt lat="51.5576590" lon="-0.1725230">
    <ele>83.7</ele>
    <time>2021-12-18T11:05:43Z</time>
   </trkpt>
   <trkpt lat="51.5576520" lon="-0.1726110">
    <ele>83.9</ele>
    <time>2021-12-18T11:05:44Z</time>
   </trkpt>
   <trkpt lat="51.5576480" lon="-0.1726930">
    <ele>84.1</ele>
    <time>2021-12-18T11:05:45Z</time>
   </trkpt>
   <trkpt lat="51.5576380" lon="-0.1727690">
    <ele>84.3</ele>
    <time>2021-12-18T11:05:46Z</time>
   </trkpt>
   <trkpt lat="51.5576230" lon="-0.1729150">
    <ele>84.7</ele>
    <time>2021-12-18T11:05:48Z</time>
   </trkpt>
   <trkpt lat="51.5576230" lon="-0.1730740">
    <ele>85.2</ele>
    <time>2021-12-18T11:05:50Z</time>
   </trkpt>
   <trkpt lat="51.5576280" lon="-0.1731570">
    <ele>85.6</ele>
    <time>2021-12-18T11:05:51Z</time>
   </trkpt>
   <trkpt lat="51.5576260" lon="-0.1732350">
    <ele>85.9</ele>
    <time>2021-12-18T11:05:52Z</time>
   </trkpt>
   <trkpt lat="51.5576250" lon="-0.1733880">
    <ele>86.7</ele>
    <time>2021-12-18T11:05:54Z</time>
   </trkpt>
   <trkpt lat="51.5576260" lon="-0.1734660">
    <ele>87.1</ele>
    <time>2021-12-18T11:05:55Z</time>
   </trkpt>
   <trkpt lat="51.5576350" lon="-0.1736160">
    <ele>88.0</ele>
    <time>2021-12-18T11:05:57Z</time>
   </trkpt>
   <trkpt lat="51.5576380" lon="-0.1737370">
    <ele>88.6</ele>
    <time>2021-12-18T11:05:59Z</time>
   </trkpt>
   <trkpt lat="51.5576380" lon="-0.1738450">
    <ele>89.1</ele>
    <time>2021-12-18T11:06:01Z</time>
   </trkpt>
   <trkpt lat="51.5576420" lon="-0.1738900">
    <ele>89.5</ele>
    <time>2021-12-18T11:06:02Z</time>
   </trkpt>
   <trkpt lat="51.5576520" lon="-0.1739780">
    <ele>90.2</ele>
    <time>2021-12-18T11:06:04Z</time>
   </trkpt>
   <trkpt lat="51.5576600" lon="-0.1740710">
    <ele>91.0</ele>
    <time>2021-12-18T11:06:06Z</time>
   </trkpt>
   <trkpt lat="51.5576660" lon="-0.1741150">
    <ele>91.3</ele>
    <time>2021-12-18T11:06:07Z</time>
   </trkpt>
   <trkpt lat="51.5576740" lon="-0.1742040">
    <ele>92.1</ele>
    <time>2021-12-18T11:06:09Z</time>
   </trkpt>
   <trkpt lat="51.5576820" lon="-0.1742950">
    <ele>92.9</ele>
    <time>2021-12-18T11:06:11Z</time>
   </trkpt>
   <trkpt lat="51.5576860" lon="-0.1743410">
    <ele>93.3</ele>
    <time>2021-12-18T11:06:12Z</time>
   </trkpt>
   <trkpt lat="51.5576940" lon="-0.1744300">
    <ele>94.1</ele>
    <time>2021-12-18T11:06:14Z</time>
   </trkpt>
   <trkpt lat="51.5576970" lon="-0.1744740">
    <ele>94.5</ele>
    <time>2021-12-18T11:06:15Z</time>
   </trkpt>
   <trkpt lat="51.5577050" lon="-0.1745590">
    <ele>95.3</ele>
    <time>2021-12-18T11:06:17Z</time>
   </trkpt>
   <trkpt lat="51.5577140" lon="-0.1746030">
    <ele>95.7</ele>
    <time>2021-12-18T11:06:18Z</time>
   </trkpt>
   <trkpt lat="51.5577370" lon="-0.1746830">
    <ele>96.5</ele>
    <time>2021-12-18T11:06:20Z</time>
   </trkpt>
   <trkpt lat="51.5577600" lon="-0.1747480">
    <ele>97.1</ele>
    <time>2021-12-18T11:06:22Z</time>
   </trkpt>
   <trkpt lat="51.5577650" lon="-0.1747590">
    <ele>97.2</ele>
    <time>2021-12-18T11:06:23Z</time>
   </trkpt>
   <trkpt lat="51.5577710" lon="-0.1747700">
    <ele>97.3</ele>
    <time>2021-12-18T11:06:24Z</time>
   </trkpt>
   <trkpt lat="51.5577760" lon="-0.1747850">
    <ele>97.5</ele>
    <time>2021-12-18T11:06:25Z</time>
   </trkpt>
   <trkpt lat="51.5577790" lon="-0.1748140">
    <ele>97.7</ele>
    <time>2021-12-18T11:06:26Z</time>
   </trkpt>
   <trkpt lat="51.5577640" lon="-0.1749020">
    <ele>97.7</ele>
    <time>2021-12-18T11:06:28Z</time>
   </trkpt>
   <trkpt lat="51.5577230" lon="-0.1749940">
    <ele>97.6</ele>
    <time>2021-12-18T11:06:30Z</time>
   </trkpt>
   <trkpt lat="51.5577010" lon="-0.1750470">
    <ele>97.6</ele>
    <time>2021-12-18T11:06:31Z</time>
   </trkpt>
   <trkpt lat="51.5576640" lon="-0.1751620">
    <ele>97.4</ele>
    <time>2021-12-18T11:06:33Z</time>
   </trkpt>
   <trkpt lat="51.5576430" lon="-0.1752260">
    <ele>97.3</ele>
    <time>2021-12-18T11:06:34Z</time>
   </trkpt>
   <trkpt lat="51.5575980" lon="-0.1753520">
    <ele>97.2</ele>
    <time>2021-12-18T11:06:36Z</time>
   </trkpt>
   <trkpt lat="51.5575750" lon="-0.1754160">
    <ele>97.2</ele>
    <time>2021-12-18T11:06:37Z</time>
   </trkpt>
   <trkpt lat="51.5575520" lon="-0.1754780">
    <ele>97.2</ele>
    <time>2021-12-18T11:06:38Z</time>
   </trkpt>
   <trkpt lat="51.5575290" lon="-0.1755420">
    <ele>97.2</ele>
    <time>2021-12-18T11:06:39Z</time>
   </trkpt>
   <trkpt lat="51.5575050" lon="-0.1757000">
    <ele>97.3</ele>
    <time>2021-12-18T11:06:41Z</time>
   </trkpt>
   <trkpt lat="51.5574810" lon="-0.1758660">
    <ele>97.6</ele>
    <time>2021-12-18T11:06:43Z</time>
   </trkpt>
   <trkpt lat="51.5574670" lon="-0.1759410">
    <ele>97.8</ele>
    <time>2021-12-18T11:06:44Z</time>
   </trkpt>
   <trkpt lat="51.5574340" lon="-0.1760730">
    <ele>98.3</ele>
    <time>2021-12-18T11:06:46Z</time>
   </trkpt>
   <trkpt lat="51.5573990" lon="-0.1762040">
    <ele>98.9</ele>
    <time>2021-12-18T11:06:48Z</time>
   </trkpt>
   <trkpt lat="51.5573450" lon="-0.1763160">
    <ele>99.6</ele>
    <time>2021-12-18T11:06:50Z</time>
   </trkpt>
   <trkpt lat="51.5573190" lon="-0.1763780">
    <ele>100.0</ele>
    <time>2021-12-18T11:06:51Z</time>
   </trkpt>
   <trkpt lat="51.5572930" lon="-0.1764320">
    <ele>100.5</ele>
    <time>2021-12-18T11:06:52Z</time>
   </trkpt>
   <trkpt lat="51.5572390" lon="-0.1765160">
    <ele>101.2</ele>
    <time>2021-12-18T11:06:54Z</time>
   </trkpt>
   <trkpt lat="51.5571850" lon="-0.1765900">
    <ele>102.0</ele>
    <time>2021-12-18T11:06:56Z</time>
   </trkpt>
   <trkpt lat="51.5571310" lon="-0.1766600">
    <ele>102.6</ele>
    <time>2021-12-18T11:06:58Z</time>
   </trkpt>
   <trkpt lat="51.5570740" lon="-0.1767220">
    <ele>103.2</ele>
    <time>2021-12-18T11:07:00Z</time>
   </trkpt>
   <trkpt lat="51.5570150" lon="-0.1767890">
    <ele>103.8</ele>
    <time>2021-12-18T11:07:02Z</time>
   </trkpt>
   <trkpt lat="51.5569910" lon="-0.1768320">
    <ele>104.0</ele>
    <time>2021-12-18T11:07:03Z</time>
   </trkpt>
   <trkpt lat="51.5569620" lon="-0.1768760">
    <ele>104.2</ele>
    <time>2021-12-18T11:07:04Z</time>
   </trkpt>
   <trkpt lat="51.5569110" lon="-0.1769490">
    <ele>104.5</ele>
    <time>2021-12-18T11:07:06Z</time>
   </trkpt>
   <trkpt lat="51.5568650" lon="-0.1770130">
    <ele>104.9</ele>
    <time>2021-12-18T11:07:08Z</time>
   </trkpt>
   <trkpt lat="51.5568400" lon="-0.1770480">
    <ele>105.1</ele>
    <time>2021-12-18T11:07:09Z</time>
   </trkpt>
   <trkpt lat="51.5567810" lon="-0.1771160">
    <ele>105.5</ele>
    <time>2021-12-18T11:07:11Z</time>
   </trkpt>
   <trkpt lat="51.5567360" lon="-0.1771760">
    <ele>105.9</ele>
    <time>2021-12-18T11:07:13Z</time>
   </trkpt>
   <trkpt lat="51.5567000" lon="-0.1772420">
    <ele>106.1</ele>
    <time>2021-12-18T11:07:15Z</time>
   </trkpt>
   <trkpt lat="51.5566740" lon="-0.1772970">
    <ele>106.2</ele>
    <time>2021-12-18T11:07:17Z</time>
   </trkpt>
   <trkpt lat="51.5566660" lon="-0.1773180">
    <ele>106.2</ele>
    <time>2021-12-18T11:07:18Z</time>
   </trkpt>
   <trkpt lat="51.5566610" lon="-0.1773380">
    <ele>106.3</ele>
    <time>2021-12-18T11:07:19Z</time>
   </trkpt>
   <trkpt lat="51.5566530" lon="-0.1773670">
    <ele>106.3</ele>
    <time>2021-12-18T11:07:21Z</time>
   </trkpt>
   <trkpt lat="51.5566470" lon="-0.1773790">
    <ele>106.3</ele>
    <time>2021-12-18T11:07:22Z</time>
   </trkpt>
   <trkpt lat="51.5566330" lon="-0.1773980">
    <ele>106.3</ele>
    <time>2021-12-18T11:07:24Z</time>
   </trkpt>
   <trkpt lat="51.5566260" lon="-0.1774070">
    <ele>106.3</ele>
    <time>2021-12-18T11:07:25Z</time>
   </trkpt>
   <trkpt lat="51.5566180" lon="-0.1774160">
    <ele>106.2</ele>
    <time>2021-12-18T11:07:26Z</time>
   </trkpt>
   <trkpt lat="51.5566110" lon="-0.1774230">
    <ele>106.2</ele>
    <time>2021-12-18T11:07:27Z</time>
   </trkpt>
   <trkpt lat="51.5566040" lon="-0.1774310">
    <ele>106.2</ele>
    <time>2021-12-18T11:07:28Z</time>
   </trkpt>
   <trkpt lat="51.5565910" lon="-0.1774410">
    <ele>106.2</ele>
    <time>2021-12-18T11:07:30Z</time>
   </trkpt>
   <trkpt lat="51.5565800" lon="-0.1774450">
    <ele>106.2</ele>
    <time>2021-12-18T11:07:32Z</time>
   </trkpt>
   <trkpt lat="51.5565760" lon="-0.1774540">
    <ele>106.2</ele>
    <time>2021-12-18T11:07:34Z</time>
   </trkpt>
   <trkpt lat="51.5565750" lon="-0.1774600">
    <ele>106.2</ele>
    <time>2021-12-18T11:07:35Z</time>
   </trkpt>
   <trkpt lat="51.5565730" lon="-0.1774730">
    <ele>106.2</ele>
    <time>2021-12-18T11:07:37Z</time>
   </trkpt>
   <trkpt lat="51.5565670" lon="-0.1774800">
    <ele>106.2</ele>
    <time>2021-12-18T11:07:38Z</time>
   </trkpt>
   <trkpt lat="51.5565610" lon="-0.1774840">
    <ele>106.2</ele>
    <time>2021-12-18T11:07:39Z</time>
   </trkpt>
   <trkpt lat="51.5565570" lon="-0.1774860">
    <ele>106.2</ele>
    <time>2021-12-18T11:07:40Z</time>
   </trkpt>
   <trkpt lat="51.5565440" lon="-0.1774920">
    <ele>106.1</ele>
    <time>2021-12-18T11:07:42Z</time>
   </trkpt>
   <trkpt lat="51.5565340" lon="-0.1775150">
    <ele>106.1</ele>
    <time>2021-12-18T11:07:44Z</time>
   </trkpt>
   <trkpt lat="51.5565270" lon="-0.1775300">
    <ele>106.1</ele>
    <time>2021-12-18T11:07:45Z</time>
   </trkpt>
   <trkpt lat="51.5565190" lon="-0.1775470">
    <ele>106.1</ele>
    <time>2021-12-18T11:07:46Z</time>
   </trkpt>
   <trkpt lat="51.5565020" lon="-0.1775830">
    <ele>106.0</ele>
    <time>2021-12-18T11:07:48Z</time>
   </trkpt>
   <trkpt lat="51.5564940" lon="-0.1776000">
    <ele>106.0</ele>
    <time>2021-12-18T11:07:49Z</time>
   </trkpt>
   <trkpt lat="51.5564860" lon="-0.1776190">
    <ele>106.0</ele>
    <time>2021-12-18T11:07:50Z</time>
   </trkpt>
   <trkpt lat="51.5564700" lon="-0.1776530">
    <ele>105.9</ele>
    <time>2021-12-18T11:07:52Z</time>
   </trkpt>
   <trkpt lat="51.5564540" lon="-0.1776820">
    <ele>105.9</ele>
    <time>2021-12-18T11:07:54Z</time>
   </trkpt>
   <trkpt lat="51.5564480" lon="-0.1776910">
    <ele>105.9</ele>
    <time>2021-12-18T11:07:55Z</time>
   </trkpt>
   <trkpt lat="51.5564310" lon="-0.1777190">
    <ele>105.9</ele>
    <time>2021-12-18T11:07:57Z</time>
   </trkpt>
   <trkpt lat="51.5564220" lon="-0.1777340">
    <ele>105.8</ele>
    <time>2021-12-18T11:07:58Z</time>
   </trkpt>
   <trkpt lat="51.5564040" lon="-0.1777660">
    <ele>105.8</ele>
    <time>2021-12-18T11:08:00Z</time>
   </trkpt>
   <trkpt lat="51.5563860" lon="-0.1777980">
    <ele>105.7</ele>
    <time>2021-12-18T11:08:02Z</time>
   </trkpt>
   <trkpt lat="51.5563710" lon="-0.1778300">
    <ele>105.7</ele>
    <time>2021-12-18T11:08:04Z</time>
   </trkpt>
   <trkpt lat="51.5563650" lon="-0.1778440">
    <ele>105.7</ele>
    <time>2021-12-18T11:08:05Z</time>
   </trkpt>
   <trkpt lat="51.5563580" lon="-0.1778640">
    <ele>105.7</ele>
    <time>2021-12-18T11:08:07Z</time>
   </trkpt>
   <trkpt lat="51.5563530" lon="-0.1778750">
    <ele>105.6</ele>
    <time>2021-12-18T11:08:09Z</time>
   </trkpt>
   <trkpt lat="51.5563420" lon="-0.1778940">
    <ele>105.5</ele>
    <time>2021-12-18T11:08:11Z</time>
   </trkpt>
   <trkpt lat="51.5563340" lon="-0.1779020">
    <ele>105.5</ele>
    <time>2021-12-18T11:08:12Z</time>
   </trkpt>
   <trkpt lat="51.5563130" lon="-0.1779010">
    <ele>105.4</ele>
    <time>2021-12-18T11:08:14Z</time>
   </trkpt>
   <trkpt lat="51.5563030" lon="-0.1778980">
    <ele>105.4</ele>
    <time>2021-12-18T11:08:15Z</time>
   </trkpt>
   <trkpt lat="51.5562930" lon="-0.1778890">
    <ele>105.4</ele>
    <time>2021-12-18T11:08:16Z</time>
   </trkpt>
   <trkpt lat="51.5562850" lon="-0.1778760">
    <ele>105.4</ele>
    <time>2021-12-18T11:08:17Z</time>
   </trkpt>
   <trkpt lat="51.5562690" lon="-0.1778460">
    <ele>105.3</ele>
    <time>2021-12-18T11:08:19Z</time>
   </trkpt>
   <trkpt lat="51.5562630" lon="-0.1778320">
    <ele>105.3</ele>
    <time>2021-12-18T11:08:20Z</time>
   </trkpt>
   <trkpt lat="51.5562570" lon="-0.1778170">
    <ele>105.3</ele>
    <time>2021-12-18T11:08:21Z</time>
   </trkpt>
   <trkpt lat="51.5562450" lon="-0.1777830">
    <ele>105.2</ele>
    <time>2021-12-18T11:08:23Z</time>
   </trkpt>
   <trkpt lat="51.5562380" lon="-0.1777650">
    <ele>105.2</ele>
    <time>2021-12-18T11:08:24Z</time>
   </trkpt>
   <trkpt lat="51.5562250" lon="-0.1777310">
    <ele>105.1</ele>
    <time>2021-12-18T11:08:26Z</time>
   </trkpt>
   <trkpt lat="51.5562050" lon="-0.1777140">
    <ele>105.1</ele>
    <time>2021-12-18T11:08:28Z</time>
   </trkpt>
   <trkpt lat="51.5561930" lon="-0.1777170">
    <ele>105.1</ele>
    <time>2021-12-18T11:08:29Z</time>
   </trkpt>
   <trkpt lat="51.5561810" lon="-0.1777240">
    <ele>105.1</ele>
    <time>2021-12-18T11:08:30Z</time>
   </trkpt>
   <trkpt lat="51.5561570" lon="-0.1777510">
    <ele>105.1</ele>
    <time>2021-12-18T11:08:32Z</time>
   </trkpt>
   <trkpt lat="51.5561320" lon="-0.1777840">
    <ele>105.1</ele>
    <time>2021-12-18T11:08:34Z</time>
   </trkpt>
   <trkpt lat="51.5561210" lon="-0.1778010">
    <ele>105.1</ele>
    <time>2021-12-18T11:08:35Z</time>
   </trkpt>
   <trkpt lat="51.5561030" lon="-0.1778310">
    <ele>105.1</ele>
    <time>2021-12-18T11:08:37Z</time>
   </trkpt>
   <trkpt lat="51.5560830" lon="-0.1778670">
    <ele>105.2</ele>
    <time>2021-12-18T11:08:39Z</time>
   </trkpt>
   <trkpt lat="51.5560780" lon="-0.1778730">
    <ele>105.2</ele>
    <time>2021-12-18T11:08:40Z</time>
   </trkpt>
   <trkpt lat="51.5560580" lon="-0.1779050">
    <ele>105.3</ele>
    <time>2021-12-18T11:08:42Z</time>
   </trkpt>
   <trkpt lat="51.5560370" lon="-0.1779430">
    <ele>105.4</ele>
    <time>2021-12-18T11:08:44Z</time>
   </trkpt>
   <trkpt lat="51.5560130" lon="-0.1779840">
    <ele>105.5</ele>
    <time>2021-12-18T11:08:46Z</time>
   </trkpt>
   <trkpt lat="51.5559930" lon="-0.1780270">
    <ele>105.7</ele>
    <time>2021-12-18T11:08:48Z</time>
   </trkpt>
   <trkpt lat="51.5559750" lon="-0.1780730">
    <ele>105.9</ele>
    <time>2021-12-18T11:08:50Z</time>
   </trkpt>
   <trkpt lat="51.5559570" lon="-0.1781180">
    <ele>106.0</ele>
    <time>2021-12-18T11:08:52Z</time>
   </trkpt>
   <trkpt lat="51.5559410" lon="-0.1781600">
    <ele>106.2</ele>
    <time>2021-12-18T11:08:54Z</time>
   </trkpt>
   <trkpt lat="51.5559340" lon="-0.1781820">
    <ele>106.3</ele>
    <time>2021-12-18T11:08:55Z</time>
   </trkpt>
   <trkpt lat="51.5559250" lon="-0.1782230">
    <ele>106.5</ele>
    <time>2021-12-18T11:08:57Z</time>
   </trkpt>
   <trkpt lat="51.5559190" lon="-0.1782410">
    <ele>106.5</ele>
    <time>2021-12-18T11:08:58Z</time>
   </trkpt>
   <trkpt lat="51.5559040" lon="-0.1782660">
    <ele>106.7</ele>
    <time>2021-12-18T11:09:00Z</time>
   </trkpt>
   <trkpt lat="51.5558920" lon="-0.1782990">
    <ele>106.8</ele>
    <time>2021-12-18T11:09:02Z</time>
   </trkpt>
   <trkpt lat="51.5558850" lon="-0.1783410">
    <ele>107.0</ele>
    <time>2021-12-18T11:09:04Z</time>
   </trkpt>
   <trkpt lat="51.5558810" lon="-0.1783630">
    <ele>107.1</ele>
    <time>2021-12-18T11:09:05Z</time>
   </trkpt>
   <trkpt lat="51.5558700" lon="-0.1784110">
    <ele>107.3</ele>
    <time>2021-12-18T11:09:07Z</time>
   </trkpt>
   <trkpt lat="51.5558540" lon="-0.1784610">
    <ele>107.5</ele>
    <time>2021-12-18T11:09:09Z</time>
   </trkpt>
   <trkpt lat="51.5558340" lon="-0.1785100">
    <ele>107.7</ele>
    <time>2021-12-18T11:09:11Z</time>
   </trkpt>
   <trkpt lat="51.5558080" lon="-0.1785640">
    <ele>107.9</ele>
    <time>2021-12-18T11:09:13Z</time>
   </trkpt>
   <trkpt lat="51.5558000" lon="-0.1785790">
    <ele>107.9</ele>
    <time>2021-12-18T11:09:15Z</time>
   </trkpt>
   <trkpt lat="51.5557920" lon="-0.1785950">
    <ele>107.9</ele>
    <time>2021-12-18T11:09:16Z</time>
   </trkpt>
   <trkpt lat="51.5557790" lon="-0.1786300">
    <ele>108.0</ele>
    <time>2021-12-18T11:09:18Z</time>
   </trkpt>
   <trkpt lat="51.5557730" lon="-0.1786430">
    <ele>107.9</ele>
    <time>2021-12-18T11:09:19Z</time>
   </trkpt>
   <trkpt lat="51.5557520" lon="-0.1786540">
    <ele>107.9</ele>
    <time>2021-12-18T11:09:21Z</time>
   </trkpt>
   <trkpt lat="51.5557150" lon="-0.1786440">
    <ele>107.8</ele>
    <time>2021-12-18T11:09:23Z</time>
   </trkpt>
   <trkpt lat="51.5556550" lon="-0.1786320">
    <ele>107.6</ele>
    <time>2021-12-18T11:09:25Z</time>
   </trkpt>
   <trkpt lat="51.5556170" lon="-0.1786370">
    <ele>107.4</ele>
    <time>2021-12-18T11:09:26Z</time>
   </trkpt>
   <trkpt lat="51.5555710" lon="-0.1787620">
    <ele>107.4</ele>
    <time>2021-12-18T11:09:28Z</time>
   </trkpt>
   <trkpt lat="51.5555670" lon="-0.1788450">
    <ele>107.4</ele>
    <time>2021-12-18T11:09:29Z</time>
   </trkpt>
   <trkpt lat="51.5555670" lon="-0.1789300">
    <ele>107.3</ele>
    <time>2021-12-18T11:09:30Z</time>
   </trkpt>
   <trkpt lat="51.5555650" lon="-0.1790100">
    <ele>107.3</ele>
    <time>2021-12-18T11:09:31Z</time>
   </trkpt>
   <trkpt lat="51.5555450" lon="-0.1791550">
    <ele>107.1</ele>
    <time>2021-12-18T11:09:33Z</time>
   </trkpt>
   <trkpt lat="51.5555420" lon="-0.1792320">
    <ele>106.9</ele>
    <time>2021-12-18T11:09:34Z</time>
   </trkpt>
   <trkpt lat="51.5555320" lon="-0.1793090">
    <ele>106.7</ele>
    <time>2021-12-18T11:09:35Z</time>
   </trkpt>
   <trkpt lat="51.5555110" lon="-0.1794820">
    <ele>106.3</ele>
    <time>2021-12-18T11:09:37Z</time>
   </trkpt>
   <trkpt lat="51.5554830" lon="-0.1796710">
    <ele>105.8</ele>
    <time>2021-12-18T11:09:39Z</time>
   </trkpt>
   <trkpt lat="51.5554710" lon="-0.1798780">
    <ele>105.3</ele>
    <time>2021-12-18T11:09:41Z</time>
   </trkpt>
   <trkpt lat="51.5554550" lon="-0.1800890">
    <ele>105.2</ele>
    <time>2021-12-18T11:09:43Z</time>
   </trkpt>
   <trkpt lat="51.5554560" lon="-0.1801860">
    <ele>105.2</ele>
    <time>2021-12-18T11:09:44Z</time>
   </trkpt>
   <trkpt lat="51.5554700" lon="-0.1802750">
    <ele>105.3</ele>
    <time>2021-12-18T11:09:45Z</time>
   </trkpt>
   <trkpt lat="51.5555190" lon="-0.1804610">
    <ele>105.4</ele>
    <time>2021-12-18T11:09:47Z</time>
   </trkpt>
   <trkpt lat="51.5555290" lon="-0.1806200">
    <ele>105.4</ele>
    <time>2021-12-18T11:09:49Z</time>
   </trkpt>
   <trkpt lat="51.5555170" lon="-0.1806960">
    <ele>105.4</ele>
    <time>2021-12-18T11:09:50Z</time>
   </trkpt>
   <trkpt lat="51.5555150" lon="-0.1808690">
    <ele>105.1</ele>
    <time>2021-12-18T11:09:52Z</time>
   </trkpt>
   <trkpt lat="51.5555110" lon="-0.1809430">
    <ele>104.9</ele>
    <time>2021-12-18T11:09:53Z</time>
   </trkpt>
   <trkpt lat="51.5555100" lon="-0.1811100">
    <ele>104.3</ele>
    <time>2021-12-18T11:09:55Z</time>
   </trkpt>
   <trkpt lat="51.5555130" lon="-0.1812080">
    <ele>103.9</ele>
    <time>2021-12-18T11:09:56Z</time>
   </trkpt>
   <trkpt lat="51.5555100" lon="-0.1814090">
    <ele>103.1</ele>
    <time>2021-12-18T11:09:58Z</time>
   </trkpt>
   <trkpt lat="51.5554990" lon="-0.1815040">
    <ele>102.6</ele>
    <time>2021-12-18T11:09:59Z</time>
   </trkpt>
   <trkpt lat="51.5554240" lon="-0.1816750">
    <ele>101.5</ele>
    <time>2021-12-18T11:10:01Z</time>
   </trkpt>
   <trkpt lat="51.5553730" lon="-0.1818910">
    <ele>100.3</ele>
    <time>2021-12-18T11:10:03Z</time>
   </trkpt>
   <trkpt lat="51.5553550" lon="-0.1820150">
    <ele>99.6</ele>
    <time>2021-12-18T11:10:04Z</time>
   </trkpt>
   <trkpt lat="51.5553320" lon="-0.1822460">
    <ele>98.6</ele>
    <time>2021-12-18T11:10:06Z</time>
   </trkpt>
   <trkpt lat="51.5553240" lon="-0.1823610">
    <ele>98.3</ele>
    <time>2021-12-18T11:10:07Z</time>
   </trkpt>
   <trkpt lat="51.5553180" lon="-0.1825370">
    <ele>97.8</ele>
    <time>2021-12-18T11:10:09Z</time>
   </trkpt>
   <trkpt lat="51.5553160" lon="-0.1826140">
    <ele>97.6</ele>
    <time>2021-12-18T11:10:10Z</time>
   </trkpt>
   <trkpt lat="51.5553150" lon="-0.1826770">
    <ele>97.5</ele>
    <time>2021-12-18T11:10:11Z</time>
   </trkpt>
   <trkpt lat="51.5553150" lon="-0.1827220">
    <ele>97.4</ele>
    <time>2021-12-18T11:10:12Z</time>
   </trkpt>
   <trkpt lat="51.5553080" lon="-0.1827670">
    <ele>97.3</ele>
    <time>2021-12-18T11:10:14Z</time>
   </trkpt>
   <trkpt lat="51.5553110" lon="-0.1828280">
    <ele>97.3</ele>
    <time>2021-12-18T11:10:16Z</time>
   </trkpt>
   <trkpt lat="51.5553320" lon="-0.1828630">
    <ele>97.3</ele>
    <time>2021-12-18T11:10:17Z</time>
   </trkpt>
   <trkpt lat="51.5554210" lon="-0.1828770">
    <ele>97.6</ele>
    <time>2021-12-18T11:10:19Z</time>
   </trkpt>
   <trkpt lat="51.5555160" lon="-0.1828540">
    <ele>98.0</ele>
    <time>2021-12-18T11:10:21Z</time>
   </trkpt>
   <trkpt lat="51.5555710" lon="-0.1828520">
    <ele>98.2</ele>
    <time>2021-12-18T11:10:22Z</time>
   </trkpt>
   <trkpt lat="51.5556270" lon="-0.1828520">
    <ele>98.5</ele>
    <time>2021-12-18T11:10:23Z</time>
   </trkpt>
   <trkpt lat="51.5557220" lon="-0.1828540">
    <ele>99.0</ele>
    <time>2021-12-18T11:10:25Z</time>
   </trkpt>
   <trkpt lat="51.5557710" lon="-0.1828610">
    <ele>99.3</ele>
    <time>2021-12-18T11:10:26Z</time>
   </trkpt>
   <trkpt lat="51.5558580" lon="-0.1828470">
    <ele>99.8</ele>
    <time>2021-12-18T11:10:28Z</time>
   </trkpt>
   <trkpt lat="51.5558980" lon="-0.1828290">
    <ele>100.0</ele>
    <time>2021-12-18T11:10:29Z</time>
   </trkpt>
   <trkpt lat="51.5559440" lon="-0.1828150">
    <ele>100.3</ele>
    <time>2021-12-18T11:10:30Z</time>
   </trkpt>
   <trkpt lat="51.5560400" lon="-0.1828200">
    <ele>101.0</ele>
    <time>2021-12-18T11:10:32Z</time>
   </trkpt>
   <trkpt lat="51.5560880" lon="-0.1829370">
    <ele>101.7</ele>
    <time>2021-12-18T11:10:34Z</time>
   </trkpt>
   <trkpt lat="51.5560820" lon="-0.1830920">
    <ele>102.4</ele>
    <time>2021-12-18T11:10:36Z</time>
   </trkpt>
   <trkpt lat="51.5560680" lon="-0.1832440">
    <ele>103.1</ele>
    <time>2021-12-18T11:10:38Z</time>
   </trkpt>
   <trkpt lat="51.5560630" lon="-0.1833190">
    <ele>103.4</ele>
    <time>2021-12-18T11:10:39Z</time>
   </trkpt>
   <trkpt lat="51.5560590" lon="-0.1834660">
    <ele>104.0</ele>
    <time>2021-12-18T11:10:41Z</time>
   </trkpt>
   <trkpt lat="51.5560560" lon="-0.1836210">
    <ele>104.6</ele>
    <time>2021-12-18T11:10:43Z</time>
   </trkpt>
   <trkpt lat="51.5560570" lon="-0.1836990">
    <ele>104.9</ele>
    <time>2021-12-18T11:10:44Z</time>
   </trkpt>
   <trkpt lat="51.5560580" lon="-0.1838470">
    <ele>105.4</ele>
    <time>2021-12-18T11:10:46Z</time>
   </trkpt>
   <trkpt lat="51.5560620" lon="-0.1839230">
    <ele>105.7</ele>
    <time>2021-12-18T11:10:47Z</time>
   </trkpt>
   <trkpt lat="51.5560630" lon="-0.1840770">
    <ele>106.1</ele>
    <time>2021-12-18T11:10:49Z</time>
   </trkpt>
   <trkpt lat="51.5560660" lon="-0.1842230">
    <ele>106.3</ele>
    <time>2021-12-18T11:10:51Z</time>
   </trkpt>
   <trkpt lat="51.5560680" lon="-0.1843020">
    <ele>106.4</ele>
    <time>2021-12-18T11:10:52Z</time>
   </trkpt>
   <trkpt lat="51.5560750" lon="-0.1844430">
    <ele>106.4</ele>
    <time>2021-12-18T11:10:54Z</time>
   </trkpt>
   <trkpt lat="51.5560780" lon="-0.1845700">
    <ele>106.5</ele>
    <time>2021-12-18T11:10:56Z</time>
   </trkpt>
   <trkpt lat="51.5560720" lon="-0.1846390">
    <ele>106.6</ele>
    <time>2021-12-18T11:10:57Z</time>
   </trkpt>
   <trkpt lat="51.5560540" lon="-0.1847730">
    <ele>106.6</ele>
    <time>2021-12-18T11:10:59Z</time>
   </trkpt>
   <trkpt lat="51.5560570" lon="-0.1848940">
    <ele>106.6</ele>
    <time>2021-12-18T11:11:01Z</time>
   </trkpt>
   <trkpt lat="51.5560720" lon="-0.1849550">
    <ele>106.5</ele>
    <time>2021-12-18T11:11:02Z</time>
   </trkpt>
   <trkpt lat="51.5561100" lon="-0.1850700">
    <ele>106.4</ele>
    <time>2021-12-18T11:11:04Z</time>
   </trkpt>
   <trkpt lat="51.5561370" lon="-0.1851970">
    <ele>106.2</ele>
    <time>2021-12-18T11:11:06Z</time>
   </trkpt>
   <trkpt lat="51.5561730" lon="-0.1853500">
    <ele>105.9</ele>
    <time>2021-12-18T11:11:08Z</time>
   </trkpt>
   <trkpt lat="51.5562060" lon="-0.1854330">
    <ele>105.7</ele>
    <time>2021-12-18T11:11:09Z</time>
   </trkpt>
   <trkpt lat="51.5562640" lon="-0.1856060">
    <ele>105.2</ele>
    <time>2021-12-18T11:11:11Z</time>
   </trkpt>
   <trkpt lat="51.5563280" lon="-0.1857660">
    <ele>104.7</ele>
    <time>2021-12-18T11:11:13Z</time>
   </trkpt>
   <trkpt lat="51.5563820" lon="-0.1858300">
    <ele>104.5</ele>
    <time>2021-12-18T11:11:14Z</time>
   </trkpt>
   <trkpt lat="51.5564430" lon="-0.1858900">
    <ele>104.3</ele>
    <time>2021-12-18T11:11:15Z</time>
   </trkpt>
   <trkpt lat="51.5565500" lon="-0.1860240">
    <ele>103.8</ele>
    <time>2021-12-18T11:11:17Z</time>
   </trkpt>
   <trkpt lat="51.5566580" lon="-0.1861410">
    <ele>103.5</ele>
    <time>2021-12-18T11:11:19Z</time>
   </trkpt>
   <trkpt lat="51.5567530" lon="-0.1862660">
    <ele>103.1</ele>
    <time>2021-12-18T11:11:21Z</time>
   </trkpt>
   <trkpt lat="51.5568670" lon="-0.1864000">
    <ele>102.6</ele>
    <time>2021-12-18T11:11:23Z</time>
   </trkpt>
   <trkpt lat="51.5569310" lon="-0.1864770">
    <ele>102.2</ele>
    <time>2021-12-18T11:11:24Z</time>
   </trkpt>
   <trkpt lat="51.5570620" lon="-0.1866280">
    <ele>101.6</ele>
    <time>2021-12-18T11:11:26Z</time>
   </trkpt>
   <trkpt lat="51.5571330" lon="-0.1867020">
    <ele>101.3</ele>
    <time>2021-12-18T11:11:27Z</time>
   </trkpt>
   <trkpt lat="51.5572850" lon="-0.1868860">
    <ele>99.9</ele>
    <time>2021-12-18T11:11:29Z</time>
   </trkpt>
   <trkpt lat="51.5574380" lon="-0.1870580">
    <ele>98.6</ele>
    <time>2021-12-18T11:11:31Z</time>
   </trkpt>
   <trkpt lat="51.5575910" lon="-0.1872350">
    <ele>97.3</ele>
    <time>2021-12-18T11:11:33Z</time>
   </trkpt>
   <trkpt lat="51.5576700" lon="-0.1873260">
    <ele>96.7</ele>
    <time>2021-12-18T11:11:34Z</time>
   </trkpt>
   <trkpt lat="51.5578190" lon="-0.1875010">
    <ele>95.7</ele>
    <time>2021-12-18T11:11:36Z</time>
   </trkpt>
   <trkpt lat="51.5579640" lon="-0.1876770">
    <ele>94.9</ele>
    <time>2021-12-18T11:11:38Z</time>
   </trkpt>
   <trkpt lat="51.5581100" lon="-0.1878600">
    <ele>94.5</ele>
    <time>2021-12-18T11:11:40Z</time>
   </trkpt>
   <trkpt lat="51.5581870" lon="-0.1879370">
    <ele>94.5</ele>
    <time>2021-12-18T11:11:41Z</time>
   </trkpt>
   <trkpt lat="51.5583250" lon="-0.1880690">
    <ele>94.5</ele>
    <time>2021-12-18T11:11:43Z</time>
   </trkpt>
   <trkpt lat="51.5583930" lon="-0.1881390">
    <ele>94.7</ele>
    <time>2021-12-18T11:11:44Z</time>
   </trkpt>
   <trkpt lat="51.5585170" lon="-0.1882930">
    <ele>95.0</ele>
    <time>2021-12-18T11:11:46Z</time>
   </trkpt>
   <trkpt lat="51.5586330" lon="-0.1884220">
    <ele>95.6</ele>
    <time>2021-12-18T11:11:48Z</time>
   </trkpt>
   <trkpt lat="51.5586860" lon="-0.1884880">
    <ele>96.0</ele>
    <time>2021-12-18T11:11:49Z</time>
   </trkpt>
   <trkpt lat="51.5587830" lon="-0.1886260">
    <ele>96.8</ele>
    <time>2021-12-18T11:11:51Z</time>
   </trkpt>
   <trkpt lat="51.5588740" lon="-0.1887460">
    <ele>97.5</ele>
    <time>2021-12-18T11:11:53Z</time>
   </trkpt>
   <trkpt lat="51.5589610" lon="-0.1888600">
    <ele>98.4</ele>
    <time>2021-12-18T11:11:55Z</time>
   </trkpt>
   <trkpt lat="51.5590050" lon="-0.1889130">
    <ele>98.9</ele>
    <time>2021-12-18T11:11:56Z</time>
   </trkpt>
   <trkpt lat="51.5590470" lon="-0.1889530">
    <ele>99.3</ele>
    <time>2021-12-18T11:11:57Z</time>
   </trkpt>
   <trkpt lat="51.5591170" lon="-0.1890030">
    <ele>100.0</ele>
    <time>2021-12-18T11:11:59Z</time>
   </trkpt>
   <trkpt lat="51.5591880" lon="-0.1890430">
    <ele>100.7</ele>
    <time>2021-12-18T11:12:01Z</time>
   </trkpt>
   <trkpt lat="51.5592740" lon="-0.1890920">
    <ele>101.5</ele>
    <time>2021-12-18T11:12:03Z</time>
   </trkpt>
   <trkpt lat="51.5593180" lon="-0.1891230">
    <ele>102.0</ele>
    <time>2021-12-18T11:12:04Z</time>
   </trkpt>
   <trkpt lat="51.5594040" lon="-0.1891860">
    <ele>102.8</ele>
    <time>2021-12-18T11:12:06Z</time>
   </trkpt>
   <trkpt lat="51.5594390" lon="-0.1892270">
    <ele>103.2</ele>
    <time>2021-12-18T11:12:07Z</time>
   </trkpt>
   <trkpt lat="51.5595170" lon="-0.1892950">
    <ele>104.1</ele>
    <time>2021-12-18T11:12:09Z</time>
   </trkpt>
   <trkpt lat="51.5595530" lon="-0.1893200">
    <ele>104.4</ele>
    <time>2021-12-18T11:12:10Z</time>
   </trkpt>
   <trkpt lat="51.5596350" lon="-0.1893610">
    <ele>105.1</ele>
    <time>2021-12-18T11:12:12Z</time>
   </trkpt>
   <trkpt lat="51.5596760" lon="-0.1893830">
    <ele>105.5</ele>
    <time>2021-12-18T11:12:13Z</time>
   </trkpt>
   <trkpt lat="51.5597550" lon="-0.1894140">
    <ele>106.1</ele>
    <time>2021-12-18T11:12:15Z</time>
   </trkpt>
   <trkpt lat="51.5598270" lon="-0.1894520">
    <ele>106.6</ele>
    <time>2021-12-18T11:12:17Z</time>
   </trkpt>
   <trkpt lat="51.5598680" lon="-0.1894720">
    <ele>106.9</ele>
    <time>2021-12-18T11:12:18Z</time>
   </trkpt>
   <trkpt lat="51.5599080" lon="-0.1894910">
    <ele>107.2</ele>
    <time>2021-12-18T11:12:19Z</time>
   </trkpt>
   <trkpt lat="51.5599900" lon="-0.1895170">
    <ele>107.7</ele>
    <time>2021-12-18T11:12:21Z</time>
   </trkpt>
   <trkpt lat="51.5600700" lon="-0.1895150">
    <ele>108.1</ele>
    <time>2021-12-18T11:12:23Z</time>
   </trkpt>
   <trkpt lat="51.5601540" lon="-0.1894920">
    <ele>108.5</ele>
    <time>2021-12-18T11:12:25Z</time>
   </trkpt>
   <trkpt lat="51.5602390" lon="-0.1894520">
    <ele>109.0</ele>
    <time>2021-12-18T11:12:27Z</time>
   </trkpt>
   <trkpt lat="51.5602790" lon="-0.1894240">
    <ele>109.2</ele>
    <time>2021-12-18T11:12:28Z</time>
   </trkpt>
   <trkpt lat="51.5603520" lon="-0.1893480">
    <ele>109.6</ele>
    <time>2021-12-18T11:12:30Z</time>
   </trkpt>
   <trkpt lat="51.5604180" lon="-0.1892610">
    <ele>110.0</ele>
    <time>2021-12-18T11:12:32Z</time>
   </trkpt>
   <trkpt lat="51.5604770" lon="-0.1891610">
    <ele>110.4</ele>
    <time>2021-12-18T11:12:34Z</time>
   </trkpt>
   <trkpt lat="51.5605050" lon="-0.1891050">
    <ele>110.6</ele>
    <time>2021-12-18T11:12:35Z</time>
   </trkpt>
   <trkpt lat="51.5605570" lon="-0.1889950">
    <ele>111.0</ele>
    <time>2021-12-18T11:12:37Z</time>
   </trkpt>
   <trkpt lat="51.5605820" lon="-0.1889420">
    <ele>111.2</ele>
    <time>2021-12-18T11:12:38Z</time>
   </trkpt>
   <trkpt lat="51.5606080" lon="-0.1888880">
    <ele>111.4</ele>
    <time>2021-12-18T11:12:39Z</time>
   </trkpt>
   <trkpt lat="51.5606360" lon="-0.1888320">
    <ele>111.6</ele>
    <time>2021-12-18T11:12:40Z</time>
   </trkpt>
   <trkpt lat="51.5606940" lon="-0.1887250">
    <ele>111.9</ele>
    <time>2021-12-18T11:12:42Z</time>
   </trkpt>
   <trkpt lat="51.5607510" lon="-0.1886180">
    <ele>112.3</ele>
    <time>2021-12-18T11:12:44Z</time>
   </trkpt>
   <trkpt lat="51.5607770" lon="-0.1885620">
    <ele>112.5</ele>
    <time>2021-12-18T11:12:45Z</time>
   </trkpt>
   <trkpt lat="51.5608290" lon="-0.1884510">
    <ele>112.8</ele>
    <time>2021-12-18T11:12:47Z</time>
   </trkpt>
   <trkpt lat="51.5608580" lon="-0.1883970">
    <ele>113.0</ele>
    <time>2021-12-18T11:12:48Z</time>
   </trkpt>
   <trkpt lat="51.5609220" lon="-0.1882960">
    <ele>113.3</ele>
    <time>2021-12-18T11:12:50Z</time>
   </trkpt>
   <trkpt lat="51.5609530" lon="-0.1882450">
    <ele>113.5</ele>
    <time>2021-12-18T11:12:51Z</time>
   </trkpt>
   <trkpt lat="51.5610140" lon="-0.1881440">
    <ele>113.9</ele>
    <time>2021-12-18T11:12:53Z</time>
   </trkpt>
   <trkpt lat="51.5610760" lon="-0.1880440">
    <ele>114.3</ele>
    <time>2021-12-18T11:12:55Z</time>
   </trkpt>
   <trkpt lat="51.5611370" lon="-0.1879400">
    <ele>114.6</ele>
    <time>2021-12-18T11:12:57Z</time>
   </trkpt>
   <trkpt lat="51.5611670" lon="-0.1878890">
    <ele>114.8</ele>
    <time>2021-12-18T11:12:58Z</time>
   </trkpt>
   <trkpt lat="51.5612290" lon="-0.1877900">
    <ele>115.1</ele>
    <time>2021-12-18T11:13:00Z</time>
   </trkpt>
   <trkpt lat="51.5612950" lon="-0.1877000">
    <ele>115.2</ele>
    <time>2021-12-18T11:13:02Z</time>
   </trkpt>
   <trkpt lat="51.5613660" lon="-0.1876160">
    <ele>115.3</ele>
    <time>2021-12-18T11:13:04Z</time>
   </trkpt>
   <trkpt lat="51.5614050" lon="-0.1875830">
    <ele>115.3</ele>
    <time>2021-12-18T11:13:05Z</time>
   </trkpt>
   <trkpt lat="51.5614430" lon="-0.1875540">
    <ele>115.3</ele>
    <time>2021-12-18T11:13:06Z</time>
   </trkpt>
   <trkpt lat="51.5615220" lon="-0.1874900">
    <ele>115.2</ele>
    <time>2021-12-18T11:13:08Z</time>
   </trkpt>
   <trkpt lat="51.5615700" lon="-0.1874500">
    <ele>115.1</ele>
    <time>2021-12-18T11:13:09Z</time>
   </trkpt>
   <trkpt lat="51.5616600" lon="-0.1873930">
    <ele>114.8</ele>
    <time>2021-12-18T11:13:11Z</time>
   </trkpt>
   <trkpt lat="51.5617030" lon="-0.1873710">
    <ele>114.6</ele>
    <time>2021-12-18T11:13:12Z</time>
   </trkpt>
   <trkpt lat="51.5617940" lon="-0.1873220">
    <ele>114.1</ele>
    <time>2021-12-18T11:13:14Z</time>
   </trkpt>
   <trkpt lat="51.5618440" lon="-0.1873020">
    <ele>113.9</ele>
    <time>2021-12-18T11:13:15Z</time>
   </trkpt>
   <trkpt lat="51.5619440" lon="-0.1872870">
    <ele>113.3</ele>
    <time>2021-12-18T11:13:17Z</time>
   </trkpt>
   <trkpt lat="51.5620340" lon="-0.1872830">
    <ele>112.7</ele>
    <time>2021-12-18T11:13:19Z</time>
   </trkpt>
   <trkpt lat="51.5620820" lon="-0.1872830">
    <ele>112.4</ele>
    <time>2021-12-18T11:13:20Z</time>
   </trkpt>
   <trkpt lat="51.5621270" lon="-0.1872840">
    <ele>112.1</ele>
    <time>2021-12-18T11:13:21Z</time>
   </trkpt>
   <trkpt lat="51.5622130" lon="-0.1872850">
    <ele>111.5</ele>
    <time>2021-12-18T11:13:23Z</time>
   </trkpt>
   <trkpt lat="51.5622820" lon="-0.1872880">
    <ele>110.8</ele>
    <time>2021-12-18T11:13:25Z</time>
   </trkpt>
   <trkpt lat="51.5623150" lon="-0.1873060">
    <ele>110.8</ele>
    <time>2021-12-18T11:13:26Z</time>
   </trkpt>
   <trkpt lat="51.5623380" lon="-0.1874760">
    <ele>110.7</ele>
    <time>2021-12-18T11:13:28Z</time>
   </trkpt>
   <trkpt lat="51.5623450" lon="-0.1875730">
    <ele>110.7</ele>
    <time>2021-12-18T11:13:29Z</time>
   </trkpt>
   <trkpt lat="51.5623500" lon="-0.1876680">
    <ele>110.6</ele>
    <time>2021-12-18T11:13:30Z</time>
   </trkpt>
   <trkpt lat="51.5623640" lon="-0.1878450">
    <ele>110.6</ele>
    <time>2021-12-18T11:13:32Z</time>
   </trkpt>
   <trkpt lat="51.5623760" lon="-0.1879340">
    <ele>110.7</ele>
    <time>2021-12-18T11:13:33Z</time>
   </trkpt>
   <trkpt lat="51.5623900" lon="-0.1880280">
    <ele>110.7</ele>
    <time>2021-12-18T11:13:34Z</time>
   </trkpt>
   <trkpt lat="51.5624160" lon="-0.1882030">
    <ele>110.8</ele>
    <time>2021-12-18T11:13:36Z</time>
   </trkpt>
   <trkpt lat="51.5624430" lon="-0.1883930">
    <ele>110.9</ele>
    <time>2021-12-18T11:13:38Z</time>
   </trkpt>
   <trkpt lat="51.5624640" lon="-0.1884870">
    <ele>110.9</ele>
    <time>2021-12-18T11:13:39Z</time>
   </trkpt>
   <trkpt lat="51.5624840" lon="-0.1885840">
    <ele>110.9</ele>
    <time>2021-12-18T11:13:40Z</time>
   </trkpt>
   <trkpt lat="51.5625080" lon="-0.1887700">
    <ele>111.0</ele>
    <time>2021-12-18T11:13:42Z</time>
   </trkpt>
   <trkpt lat="51.5625180" lon="-0.1888680">
    <ele>111.0</ele>
    <time>2021-12-18T11:13:43Z</time>
   </trkpt>
   <trkpt lat="51.5625270" lon="-0.1889640">
    <ele>110.9</ele>
    <time>2021-12-18T11:13:44Z</time>
   </trkpt>
   <trkpt lat="51.5625610" lon="-0.1891450">
    <ele>110.8</ele>
    <time>2021-12-18T11:13:46Z</time>
   </trkpt>
   <trkpt lat="51.5625840" lon="-0.1892320">
    <ele>110.7</ele>
    <time>2021-12-18T11:13:47Z</time>
   </trkpt>
   <trkpt lat="51.5626360" lon="-0.1893980">
    <ele>110.5</ele>
    <time>2021-12-18T11:13:49Z</time>
   </trkpt>
   <trkpt lat="51.5626590" lon="-0.1895670">
    <ele>110.3</ele>
    <time>2021-12-18T11:13:51Z</time>
   </trkpt>
   <trkpt lat="51.5626670" lon="-0.1896610">
    <ele>110.2</ele>
    <time>2021-12-18T11:13:52Z</time>
   </trkpt>
   <trkpt lat="51.5626680" lon="-0.1898600">
    <ele>109.9</ele>
    <time>2021-12-18T11:13:54Z</time>
   </trkpt>
   <trkpt lat="51.5627020" lon="-0.1900410">
    <ele>109.4</ele>
    <time>2021-12-18T11:13:56Z</time>
   </trkpt>
   <trkpt lat="51.5627340" lon="-0.1901290">
    <ele>109.0</ele>
    <time>2021-12-18T11:13:57Z</time>
   </trkpt>
   <trkpt lat="51.5628350" lon="-0.1903020">
    <ele>107.9</ele>
    <time>2021-12-18T11:13:59Z</time>
   </trkpt>
   <trkpt lat="51.5628800" lon="-0.1903950">
    <ele>107.3</ele>
    <time>2021-12-18T11:14:00Z</time>
   </trkpt>
   <trkpt lat="51.5629850" lon="-0.1905860">
    <ele>106.2</ele>
    <time>2021-12-18T11:14:02Z</time>
   </trkpt>
   <trkpt lat="51.5630910" lon="-0.1907900">
    <ele>105.2</ele>
    <time>2021-12-18T11:14:04Z</time>
   </trkpt>
   <trkpt lat="51.5631960" lon="-0.1909930">
    <ele>104.2</ele>
    <time>2021-12-18T11:14:06Z</time>
   </trkpt>
   <trkpt lat="51.5633000" lon="-0.1911890">
    <ele>103.6</ele>
    <time>2021-12-18T11:14:08Z</time>
   </trkpt>
   <trkpt lat="51.5634080" lon="-0.1913900">
    <ele>103.0</ele>
    <time>2021-12-18T11:14:10Z</time>
   </trkpt>
   <trkpt lat="51.5634550" lon="-0.1914970">
    <ele>102.6</ele>
    <time>2021-12-18T11:14:11Z</time>
   </trkpt>
   <trkpt lat="51.5635450" lon="-0.1917260">
    <ele>101.8</ele>
    <time>2021-12-18T11:14:13Z</time>
   </trkpt>
   <trkpt lat="51.5635850" lon="-0.1918490">
    <ele>101.5</ele>
    <time>2021-12-18T11:14:14Z</time>
   </trkpt>
   <trkpt lat="51.5636270" lon="-0.1919750">
    <ele>101.1</ele>
    <time>2021-12-18T11:14:15Z</time>
   </trkpt>
   <trkpt lat="51.5636690" lon="-0.1921060">
    <ele>100.7</ele>
    <time>2021-12-18T11:14:16Z</time>
   </trkpt>
   <trkpt lat="51.5637460" lon="-0.1923530">
    <ele>100.2</ele>
    <time>2021-12-18T11:14:18Z</time>
   </trkpt>
   <trkpt lat="51.5637880" lon="-0.1924720">
    <ele>100.0</ele>
    <time>2021-12-18T11:14:19Z</time>
   </trkpt>
   <trkpt lat="51.5638560" lon="-0.1926720">
    <ele>99.7</ele>
    <time>2021-12-18T11:14:21Z</time>
   </trkpt>
   <trkpt lat="51.5638930" lon="-0.1927930">
    <ele>99.6</ele>
    <time>2021-12-18T11:14:22Z</time>
   </trkpt>
   <trkpt lat="51.5639820" lon="-0.1930150">
    <ele>99.2</ele>
    <time>2021-12-18T11:14:24Z</time>
   </trkpt>
   <trkpt lat="51.5640340" lon="-0.1931110">
    <ele>99.1</ele>
    <time>2021-12-18T11:14:25Z</time>
   </trkpt>
   <trkpt lat="51.5641400" lon="-0.1932480">
    <ele>98.8</ele>
    <time>2021-12-18T11:14:27Z</time>
   </trkpt>
   <trkpt lat="51.5642660" lon="-0.1933650">
    <ele>98.3</ele>
    <time>2021-12-18T11:14:29Z</time>
   </trkpt>
   <trkpt lat="51.5644190" lon="-0.1934450">
    <ele>97.6</ele>
    <time>2021-12-18T11:14:31Z</time>
   </trkpt>
   <trkpt lat="51.5645000" lon="-0.1934670">
    <ele>97.2</ele>
    <time>2021-12-18T11:14:32Z</time>
   </trkpt>
   <trkpt lat="51.5645840" lon="-0.1934810">
    <ele>96.7</ele>
    <time>2021-12-18T11:14:33Z</time>
   </trkpt>
   <trkpt lat="51.5646690" lon="-0.1934980">
    <ele>96.2</ele>
    <time>2021-12-18T11:14:34Z</time>
   </trkpt>
   <trkpt lat="51.5648350" lon="-0.1935100">
    <ele>95.2</ele>
    <time>2021-12-18T11:14:36Z</time>
   </trkpt>
   <trkpt lat="51.5650070" lon="-0.1935330">
    <ele>94.1</ele>
    <time>2021-12-18T11:14:38Z</time>
   </trkpt>
   <trkpt lat="51.5651830" lon="-0.1935520">
    <ele>92.7</ele>
    <time>2021-12-18T11:14:40Z</time>
   </trkpt>
   <trkpt lat="51.5652700" lon="-0.1935890">
    <ele>92.1</ele>
    <time>2021-12-18T11:14:41Z</time>
   </trkpt>
   <trkpt lat="51.5653580" lon="-0.1936500">
    <ele>91.5</ele>
    <time>2021-12-18T11:14:42Z</time>
   </trkpt>
   <trkpt lat="51.5654790" lon="-0.1937630">
    <ele>90.6</ele>
    <time>2021-12-18T11:14:44Z</time>
   </trkpt>
   <trkpt lat="51.5655200" lon="-0.1938220">
    <ele>90.2</ele>
    <time>2021-12-18T11:14:45Z</time>
   </trkpt>
   <trkpt lat="51.5655450" lon="-0.1938750">
    <ele>89.9</ele>
    <time>2021-12-18T11:14:46Z</time>
   </trkpt>
   <trkpt lat="51.5655630" lon="-0.1939210">
    <ele>89.7</ele>
    <time>2021-12-18T11:14:47Z</time>
   </trkpt>
   <trkpt lat="51.5655780" lon="-0.1939610">
    <ele>89.6</ele>
    <time>2021-12-18T11:14:48Z</time>
   </trkpt>
   <trkpt lat="51.5655900" lon="-0.1940110">
    <ele>89.4</ele>
    <time>2021-12-18T11:14:50Z</time>
   </trkpt>
   <trkpt lat="51.5655940" lon="-0.1940200">
    <ele>89.3</ele>
    <time>2021-12-18T11:14:51Z</time>
   </trkpt>
   <trkpt lat="51.5656400" lon="-0.1940540">
    <ele>88.9</ele>
    <time>2021-12-18T11:14:53Z</time>
   </trkpt>
   <trkpt lat="51.5656790" lon="-0.1940430">
    <ele>88.7</ele>
    <time>2021-12-18T11:14:54Z</time>
   </trkpt>
   <trkpt lat="51.5657760" lon="-0.1939750">
    <ele>88.3</ele>
    <time>2021-12-18T11:14:56Z</time>
   </trkpt>
   <trkpt lat="51.5658320" lon="-0.1939360">
    <ele>88.0</ele>
    <time>2021-12-18T11:14:57Z</time>
   </trkpt>
   <trkpt lat="51.5659390" lon="-0.1938620">
    <ele>87.6</ele>
    <time>2021-12-18T11:14:59Z</time>
   </trkpt>
   <trkpt lat="51.5659880" lon="-0.1938170">
    <ele>87.4</ele>
    <time>2021-12-18T11:15:00Z</time>
   </trkpt>
   <trkpt lat="51.5660880" lon="-0.1937280">
    <ele>87.0</ele>
    <time>2021-12-18T11:15:02Z</time>
   </trkpt>
   <trkpt lat="51.5661440" lon="-0.1936870">
    <ele>86.7</ele>
    <time>2021-12-18T11:15:03Z</time>
   </trkpt>
   <trkpt lat="51.5662580" lon="-0.1935930">
    <ele>86.1</ele>
    <time>2021-12-18T11:15:05Z</time>
   </trkpt>
   <trkpt lat="51.5663780" lon="-0.1935090">
    <ele>85.2</ele>
    <time>2021-12-18T11:15:07Z</time>
   </trkpt>
   <trkpt lat="51.5664410" lon="-0.1934540">
    <ele>84.6</ele>
    <time>2021-12-18T11:15:08Z</time>
   </trkpt>
   <trkpt lat="51.5665710" lon="-0.1933390">
    <ele>83.4</ele>
    <time>2021-12-18T11:15:10Z</time>
   </trkpt>
   <trkpt lat="51.5667120" lon="-0.1932110">
    <ele>82.0</ele>
    <time>2021-12-18T11:15:12Z</time>
   </trkpt>
   <trkpt lat="51.5668640" lon="-0.1930950">
    <ele>80.7</ele>
    <time>2021-12-18T11:15:14Z</time>
   </trkpt>
   <trkpt lat="51.5669450" lon="-0.1930300">
    <ele>80.1</ele>
    <time>2021-12-18T11:15:15Z</time>
   </trkpt>
   <trkpt lat="51.5671120" lon="-0.1929110">
    <ele>79.1</ele>
    <time>2021-12-18T11:15:17Z</time>
   </trkpt>
   <trkpt lat="51.5672010" lon="-0.1928630">
    <ele>78.7</ele>
    <time>2021-12-18T11:15:18Z</time>
   </trkpt>
   <trkpt lat="51.5673890" lon="-0.1927690">
    <ele>78.3</ele>
    <time>2021-12-18T11:15:20Z</time>
   </trkpt>
   <trkpt lat="51.5675710" lon="-0.1926960">
    <ele>78.2</ele>
    <time>2021-12-18T11:15:22Z</time>
   </trkpt>
   <trkpt lat="51.5676590" lon="-0.1926870">
    <ele>78.2</ele>
    <time>2021-12-18T11:15:23Z</time>
   </trkpt>
   <trkpt lat="51.5678250" lon="-0.1926760">
    <ele>78.3</ele>
    <time>2021-12-18T11:15:25Z</time>
   </trkpt>
   <trkpt lat="51.5679640" lon="-0.1926720">
    <ele>78.3</ele>
    <time>2021-12-18T11:15:27Z</time>
   </trkpt>
   <trkpt lat="51.5680960" lon="-0.1926620">
    <ele>78.3</ele>
    <time>2021-12-18T11:15:29Z</time>
   </trkpt>
   <trkpt lat="51.5681590" lon="-0.1926560">
    <ele>78.4</ele>
    <time>2021-12-18T11:15:30Z</time>
   </trkpt>
   <trkpt lat="51.5682170" lon="-0.1926520">
    <ele>78.4</ele>
    <time>2021-12-18T11:15:31Z</time>
   </trkpt>
   <trkpt lat="51.5683030" lon="-0.1926480">
    <ele>78.5</ele>
    <time>2021-12-18T11:15:33Z</time>
   </trkpt>
   <trkpt lat="51.5683360" lon="-0.1926510">
    <ele>78.6</ele>
    <time>2021-12-18T11:15:34Z</time>
   </trkpt>
   <trkpt lat="51.5683620" lon="-0.1926520">
    <ele>78.6</ele>
    <time>2021-12-18T11:15:35Z</time>
   </trkpt>
   <trkpt lat="51.5683900" lon="-0.1926420">
    <ele>78.6</ele>
    <time>2021-12-18T11:15:37Z</time>
   </trkpt>
   <trkpt lat="51.5684290" lon="-0.1926150">
    <ele>78.7</ele>
    <time>2021-12-18T11:15:39Z</time>
   </trkpt>
   <trkpt lat="51.5684450" lon="-0.1925650">
    <ele>78.8</ele>
    <time>2021-12-18T11:15:40Z</time>
   </trkpt>
   <trkpt lat="51.5684520" lon="-0.1925000">
    <ele>78.8</ele>
    <time>2021-12-18T11:15:41Z</time>
   </trkpt>
   <trkpt lat="51.5684500" lon="-0.1924300">
    <ele>78.9</ele>
    <time>2021-12-18T11:15:42Z</time>
   </trkpt>
   <trkpt lat="51.5684340" lon="-0.1923100">
    <ele>79.1</ele>
    <time>2021-12-18T11:15:44Z</time>
   </trkpt>
   <trkpt lat="51.5684350" lon="-0.1922360">
    <ele>79.2</ele>
    <time>2021-12-18T11:15:45Z</time>
   </trkpt>
   <trkpt lat="51.5684370" lon="-0.1920920">
    <ele>79.5</ele>
    <time>2021-12-18T11:15:47Z</time>
   </trkpt>
   <trkpt lat="51.5684410" lon="-0.1920220">
    <ele>79.6</ele>
    <time>2021-12-18T11:15:48Z</time>
   </trkpt>
   <trkpt lat="51.5684430" lon="-0.1919000">
    <ele>79.9</ele>
    <time>2021-12-18T11:15:50Z</time>
   </trkpt>
   <trkpt lat="51.5684420" lon="-0.1917710">
    <ele>80.1</ele>
    <time>2021-12-18T11:15:52Z</time>
   </trkpt>
   <trkpt lat="51.5684410" lon="-0.1917080">
    <ele>80.3</ele>
    <time>2021-12-18T11:15:53Z</time>
   </trkpt>
   <trkpt lat="51.5684370" lon="-0.1916410">
    <ele>80.4</ele>
    <time>2021-12-18T11:15:54Z</time>
   </trkpt>
   <trkpt lat="51.5684350" lon="-0.1915810">
    <ele>80.5</ele>
    <time>2021-12-18T11:15:55Z</time>
   </trkpt>
   <trkpt lat="51.5684340" lon="-0.1915320">
    <ele>80.6</ele>
    <time>2021-12-18T11:15:56Z</time>
   </trkpt>
   <trkpt lat="51.5684300" lon="-0.1914790">
    <ele>80.7</ele>
    <time>2021-12-18T11:15:58Z</time>
   </trkpt>
   <trkpt lat="51.5684320" lon="-0.1914690">
    <ele>80.7</ele>
    <time>2021-12-18T11:15:59Z</time>
   </trkpt>
   <trkpt lat="51.5684360" lon="-0.1914590">
    <ele>80.7</ele>
    <time>2021-12-18T11:16:00Z</time>
   </trkpt>
   <trkpt lat="51.5684690" lon="-0.1914290">
    <ele>80.8</ele>
    <time>2021-12-18T11:16:02Z</time>
   </trkpt>
   <trkpt lat="51.5685370" lon="-0.1914070">
    <ele>80.6</ele>
    <time>2021-12-18T11:16:04Z</time>
   </trkpt>
   <trkpt lat="51.5685760" lon="-0.1913990">
    <ele>80.5</ele>
    <time>2021-12-18T11:16:05Z</time>
   </trkpt>
   <trkpt lat="51.5686230" lon="-0.1913980">
    <ele>80.4</ele>
    <time>2021-12-18T11:16:06Z</time>
   </trkpt>
   <trkpt lat="51.5687120" lon="-0.1914080">
    <ele>80.2</ele>
    <time>2021-12-18T11:16:08Z</time>
   </trkpt>
   <trkpt lat="51.5687670" lon="-0.1914120">
    <ele>80.1</ele>
    <time>2021-12-18T11:16:09Z</time>
   </trkpt>
   <trkpt lat="51.5688260" lon="-0.1914050">
    <ele>80.0</ele>
    <time>2021-12-18T11:16:10Z</time>
   </trkpt>
   <trkpt lat="51.5689480" lon="-0.1914020">
    <ele>79.8</ele>
    <time>2021-12-18T11:16:12Z</time>
   </trkpt>
   <trkpt lat="51.5690760" lon="-0.1914150">
    <ele>79.4</ele>
    <time>2021-12-18T11:16:14Z</time>
   </trkpt>
   <trkpt lat="51.5692020" lon="-0.1914180">
    <ele>79.0</ele>
    <time>2021-12-18T11:16:16Z</time>
   </trkpt>
   <trkpt lat="51.5692640" lon="-0.1914200">
    <ele>78.9</ele>
    <time>2021-12-18T11:16:17Z</time>
   </trkpt>
   <trkpt lat="51.5693900" lon="-0.1914330">
    <ele>78.6</ele>
    <time>2021-12-18T11:16:19Z</time>
   </trkpt>
   <trkpt lat="51.5694540" lon="-0.1914420">
    <ele>78.4</ele>
    <time>2021-12-18T11:16:20Z</time>
   </trkpt>
   <trkpt lat="51.5695760" lon="-0.1914520">
    <ele>78.1</ele>
    <time>2021-12-18T11:16:22Z</time>
   </trkpt>
   <trkpt lat="51.5697020" lon="-0.1914450">
    <ele>77.9</ele>
    <time>2021-12-18T11:16:24Z</time>
   </trkpt>
   <trkpt lat="51.5698320" lon="-0.1914700">
    <ele>77.8</ele>
    <time>2021-12-18T11:16:26Z</time>
   </trkpt>
   <trkpt lat="51.5698900" lon="-0.1914810">
    <ele>77.7</ele>
    <time>2021-12-18T11:16:27Z</time>
   </trkpt>
   <trkpt lat="51.5700220" lon="-0.1914650">
    <ele>77.8</ele>
    <time>2021-12-18T11:16:29Z</time>
   </trkpt>
   <trkpt lat="51.5701610" lon="-0.1914730">
    <ele>77.8</ele>
    <time>2021-12-18T11:16:31Z</time>
   </trkpt>
   <trkpt lat="51.5702890" lon="-0.1914830">
    <ele>77.9</ele>
    <time>2021-12-18T11:16:33Z</time>
   </trkpt>
   <trkpt lat="51.5704200" lon="-0.1915120">
    <ele>78.0</ele>
    <time>2021-12-18T11:16:35Z</time>
   </trkpt>
   <trkpt lat="51.5704860" lon="-0.1915200">
    <ele>78.1</ele>
    <time>2021-12-18T11:16:36Z</time>
   </trkpt>
   <trkpt lat="51.5705560" lon="-0.1915240">
    <ele>78.1</ele>
    <time>2021-12-18T11:16:37Z</time>
   </trkpt>
   <trkpt lat="51.5706890" lon="-0.1915220">
    <ele>78.0</ele>
    <time>2021-12-18T11:16:39Z</time>
   </trkpt>
   <trkpt lat="51.5707480" lon="-0.1915230">
    <ele>78.0</ele>
    <time>2021-12-18T11:16:40Z</time>
   </trkpt>
   <trkpt lat="51.5708010" lon="-0.1915280">
    <ele>77.9</ele>
    <time>2021-12-18T11:16:41Z</time>
   </trkpt>
   <trkpt lat="51.5709070" lon="-0.1915320">
    <ele>78.0</ele>
    <time>2021-12-18T11:16:43Z</time>
   </trkpt>
   <trkpt lat="51.5710000" lon="-0.1915320">
    <ele>78.1</ele>
    <time>2021-12-18T11:16:45Z</time>
   </trkpt>
   <trkpt lat="51.5710340" lon="-0.1915360">
    <ele>78.1</ele>
    <time>2021-12-18T11:16:46Z</time>
   </trkpt>
   <trkpt lat="51.5710620" lon="-0.1915470">
    <ele>78.2</ele>
    <time>2021-12-18T11:16:47Z</time>
   </trkpt>
   <trkpt lat="51.5710950" lon="-0.1915510">
    <ele>78.2</ele>
    <time>2021-12-18T11:16:49Z</time>
   </trkpt>
   <trkpt lat="51.5710990" lon="-0.1915580">
    <ele>78.2</ele>
    <time>2021-12-18T11:16:51Z</time>
   </trkpt>
   <trkpt lat="51.5710950" lon="-0.1915570">
    <ele>78.2</ele>
    <time>2021-12-18T11:16:52Z</time>
   </trkpt>
   <trkpt lat="51.5710920" lon="-0.1915540">
    <ele>78.2</ele>
    <time>2021-12-18T11:16:53Z</time>
   </trkpt>
   <trkpt lat="51.5710920" lon="-0.1915480">
    <ele>78.2</ele>
    <time>2021-12-18T11:16:54Z</time>
   </trkpt>
   <trkpt lat="51.5710950" lon="-0.1915380">
    <ele>78.2</ele>
    <time>2021-12-18T11:16:56Z</time>
   </trkpt>
   <trkpt lat="51.5710940" lon="-0.1915350">
    <ele>78.2</ele>
    <time>2021-12-18T11:16:57Z</time>
   </trkpt>
   <trkpt lat="51.5711060" lon="-0.1915330">
    <ele>78.2</ele>
    <time>2021-12-18T11:16:59Z</time>
   </trkpt>
   <trkpt lat="51.5711400" lon="-0.1914930">
    <ele>78.3</ele>
    <time>2021-12-18T11:17:01Z</time>
   </trkpt>
   <trkpt lat="51.5711560" lon="-0.1913610">
    <ele>78.5</ele>
    <time>2021-12-18T11:17:03Z</time>
   </trkpt>
   <trkpt lat="51.5711310" lon="-0.1911900">
    <ele>78.7</ele>
    <time>2021-12-18T11:17:05Z</time>
   </trkpt>
   <trkpt lat="51.5711140" lon="-0.1911030">
    <ele>78.8</ele>
    <time>2021-12-18T11:17:06Z</time>
   </trkpt>
   <trkpt lat="51.5710770" lon="-0.1909100">
    <ele>79.0</ele>
    <time>2021-12-18T11:17:08Z</time>
   </trkpt>
   <trkpt lat="51.5710490" lon="-0.1907350">
    <ele>79.1</ele>
    <time>2021-12-18T11:17:10Z</time>
   </trkpt>
   <trkpt lat="51.5710370" lon="-0.1906400">
    <ele>79.2</ele>
    <time>2021-12-18T11:17:11Z</time>
   </trkpt>
   <trkpt lat="51.5710130" lon="-0.1904500">
    <ele>79.5</ele>
    <time>2021-12-18T11:17:13Z</time>
   </trkpt>
   <trkpt lat="51.5709840" lon="-0.1902630">
    <ele>79.7</ele>
    <time>2021-12-18T11:17:15Z</time>
   </trkpt>
   <trkpt lat="51.5709450" lon="-0.1900750">
    <ele>80.0</ele>
    <time>2021-12-18T11:17:17Z</time>
   </trkpt>
   <trkpt lat="51.5709080" lon="-0.1898930">
    <ele>80.4</ele>
    <time>2021-12-18T11:17:19Z</time>
   </trkpt>
   <trkpt lat="51.5708710" lon="-0.1897010">
    <ele>80.8</ele>
    <time>2021-12-18T11:17:21Z</time>
   </trkpt>
   <trkpt lat="51.5708330" lon="-0.1895220">
    <ele>81.3</ele>
    <time>2021-12-18T11:17:23Z</time>
   </trkpt>
   <trkpt lat="51.5707890" lon="-0.1893500">
    <ele>81.8</ele>
    <time>2021-12-18T11:17:25Z</time>
   </trkpt>
   <trkpt lat="51.5707670" lon="-0.1892630">
    <ele>82.0</ele>
    <time>2021-12-18T11:17:26Z</time>
   </trkpt>
   <trkpt lat="51.5707170" lon="-0.1890920">
    <ele>82.4</ele>
    <time>2021-12-18T11:17:28Z</time>
   </trkpt>
   <trkpt lat="51.5706680" lon="-0.1889110">
    <ele>82.8</ele>
    <time>2021-12-18T11:17:30Z</time>
   </trkpt>
   <trkpt lat="51.5706210" lon="-0.1887340">
    <ele>83.3</ele>
    <time>2021-12-18T11:17:32Z</time>
   </trkpt>
   <trkpt lat="51.5705690" lon="-0.1885630">
    <ele>83.7</ele>
    <time>2021-12-18T11:17:34Z</time>
   </trkpt>
   <trkpt lat="51.5705200" lon="-0.1883970">
    <ele>84.1</ele>
    <time>2021-12-18T11:17:36Z</time>
   </trkpt>
   <trkpt lat="51.5704930" lon="-0.1883160">
    <ele>84.3</ele>
    <time>2021-12-18T11:17:37Z</time>
   </trkpt>
   <trkpt lat="51.5704710" lon="-0.1882440">
    <ele>84.5</ele>
    <time>2021-12-18T11:17:38Z</time>
   </trkpt>
   <trkpt lat="51.5704510" lon="-0.1881660">
    <ele>84.6</ele>
    <time>2021-12-18T11:17:39Z</time>
   </trkpt>
   <trkpt lat="51.5703960" lon="-0.1880120">
    <ele>85.0</ele>
    <time>2021-12-18T11:17:41Z</time>
   </trkpt>
   <trkpt lat="51.5703680" lon="-0.1879380">
    <ele>85.2</ele>
    <time>2021-12-18T11:17:42Z</time>
   </trkpt>
   <trkpt lat="51.5703140" lon="-0.1877870">
    <ele>85.5</ele>
    <time>2021-12-18T11:17:44Z</time>
   </trkpt>
   <trkpt lat="51.5702620" lon="-0.1876330">
    <ele>85.7</ele>
    <time>2021-12-18T11:17:46Z</time>
   </trkpt>
   <trkpt lat="51.5702400" lon="-0.1875520">
    <ele>85.8</ele>
    <time>2021-12-18T11:17:47Z</time>
   </trkpt>
   <trkpt lat="51.5702210" lon="-0.1874750">
    <ele>86.0</ele>
    <time>2021-12-18T11:17:48Z</time>
   </trkpt>
   <trkpt lat="51.5701850" lon="-0.1873340">
    <ele>86.2</ele>
    <time>2021-12-18T11:17:50Z</time>
   </trkpt>
   <trkpt lat="51.5701660" lon="-0.1872740">
    <ele>86.3</ele>
    <time>2021-12-18T11:17:51Z</time>
   </trkpt>
   <trkpt lat="51.5701260" lon="-0.1871580">
    <ele>86.4</ele>
    <time>2021-12-18T11:17:53Z</time>
   </trkpt>
   <trkpt lat="51.5701200" lon="-0.1871030">
    <ele>86.7</ele>
    <time>2021-12-18T11:17:54Z</time>
   </trkpt>
   <trkpt lat="51.5701580" lon="-0.1869890">
    <ele>86.7</ele>
    <time>2021-12-18T11:17:56Z</time>
   </trkpt>
   <trkpt lat="51.5701870" lon="-0.1869320">
    <ele>86.7</ele>
    <time>2021-12-18T11:17:57Z</time>
   </trkpt>
   <trkpt lat="51.5702520" lon="-0.1868230">
    <ele>86.8</ele>
    <time>2021-12-18T11:17:59Z</time>
   </trkpt>
   <trkpt lat="51.5703350" lon="-0.1867310">
    <ele>87.0</ele>
    <time>2021-12-18T11:18:01Z</time>
   </trkpt>
   <trkpt lat="51.5704120" lon="-0.1866200">
    <ele>87.3</ele>
    <time>2021-12-18T11:18:03Z</time>
   </trkpt>
   <trkpt lat="51.5704780" lon="-0.1864980">
    <ele>87.7</ele>
    <time>2021-12-18T11:18:05Z</time>
   </trkpt>
   <trkpt lat="51.5705080" lon="-0.1864350">
    <ele>87.8</ele>
    <time>2021-12-18T11:18:06Z</time>
   </trkpt>
   <trkpt lat="51.5705690" lon="-0.1863040">
    <ele>88.1</ele>
    <time>2021-12-18T11:18:08Z</time>
   </trkpt>
   <trkpt lat="51.5706160" lon="-0.1861690">
    <ele>88.3</ele>
    <time>2021-12-18T11:18:10Z</time>
   </trkpt>
   <trkpt lat="51.5706380" lon="-0.1861000">
    <ele>88.4</ele>
    <time>2021-12-18T11:18:11Z</time>
   </trkpt>
   <trkpt lat="51.5706520" lon="-0.1860420">
    <ele>88.5</ele>
    <time>2021-12-18T11:18:12Z</time>
   </trkpt>
   <trkpt lat="51.5706880" lon="-0.1859620">
    <ele>88.6</ele>
    <time>2021-12-18T11:18:14Z</time>
   </trkpt>
   <trkpt lat="51.5707220" lon="-0.1859090">
    <ele>88.8</ele>
    <time>2021-12-18T11:18:16Z</time>
   </trkpt>
   <trkpt lat="51.5707420" lon="-0.1858710">
    <ele>88.9</ele>
    <time>2021-12-18T11:18:18Z</time>
   </trkpt>
   <trkpt lat="51.5707380" lon="-0.1858790">
    <ele>88.9</ele>
    <time>2021-12-18T11:18:20Z</time>
   </trkpt>
   <trkpt lat="51.5707350" lon="-0.1858850">
    <ele>88.9</ele>
    <time>2021-12-18T11:18:22Z</time>
   </trkpt>
   <trkpt lat="51.5707310" lon="-0.1858910">
    <ele>88.9</ele>
    <time>2021-12-18T11:18:23Z</time>
   </trkpt>
   <trkpt lat="51.5707420" lon="-0.1858740">
    <ele>88.9</ele>
    <time>2021-12-18T11:18:25Z</time>
   </trkpt>
   <trkpt lat="51.5707370" lon="-0.1858770">
    <ele>89.0</ele>
    <time>2021-12-18T11:18:27Z</time>
   </trkpt>
   <trkpt lat="51.5707340" lon="-0.1858790">
    <ele>89.0</ele>
    <time>2021-12-18T11:18:28Z</time>
   </trkpt>
   <trkpt lat="51.5707350" lon="-0.1858710">
    <ele>89.0</ele>
    <time>2021-12-18T11:18:30Z</time>
   </trkpt>
   <trkpt lat="51.5707400" lon="-0.1858660">
    <ele>89.0</ele>
    <time>2021-12-18T11:18:31Z</time>
   </trkpt>
   <trkpt lat="51.5707470" lon="-0.1858590">
    <ele>89.0</ele>
    <time>2021-12-18T11:18:33Z</time>
   </trkpt>
   <trkpt lat="51.5707480" lon="-0.1858590">
    <ele>89.0</ele>
    <time>2021-12-18T11:18:34Z</time>
   </trkpt>
   <trkpt lat="51.5707470" lon="-0.1858680">
    <ele>89.0</ele>
    <time>2021-12-18T11:18:36Z</time>
   </trkpt>
   <trkpt lat="51.5707470" lon="-0.1858710">
    <ele>89.0</ele>
    <time>2021-12-18T11:18:38Z</time>
   </trkpt>
   <trkpt lat="51.5707470" lon="-0.1858720">
    <ele>89.0</ele>
    <time>2021-12-18T11:18:40Z</time>
   </trkpt>
   <trkpt lat="51.5707430" lon="-0.1858690">
    <ele>89.1</ele>
    <time>2021-12-18T11:18:41Z</time>
   </trkpt>
   <trkpt lat="51.5707410" lon="-0.1858660">
    <ele>89.1</ele>
    <time>2021-12-18T11:18:42Z</time>
   </trkpt>
   <trkpt lat="51.5707400" lon="-0.1858680">
    <ele>89.1</ele>
    <time>2021-12-18T11:18:43Z</time>
   </trkpt>
   <trkpt lat="51.5707370" lon="-0.1858690">
    <ele>89.1</ele>
    <time>2021-12-18T11:18:44Z</time>
   </trkpt>
   <trkpt lat="51.5707330" lon="-0.1858720">
    <ele>89.1</ele>
    <time>2021-12-18T11:18:46Z</time>
   </trkpt>
   <trkpt lat="51.5707330" lon="-0.1858830">
    <ele>89.1</ele>
    <time>2021-12-18T11:18:48Z</time>
   </trkpt>
   <trkpt lat="51.5707330" lon="-0.1858850">
    <ele>89.1</ele>
    <time>2021-12-18T11:18:49Z</time>
   </trkpt>
   <trkpt lat="51.5707340" lon="-0.1858900">
    <ele>89.1</ele>
    <time>2021-12-18T11:18:50Z</time>
   </trkpt>
   <trkpt lat="51.5707360" lon="-0.1858950">
    <ele>89.1</ele>
    <time>2021-12-18T11:18:51Z</time>
   </trkpt>
   <trkpt lat="51.5707330" lon="-0.1858950">
    <ele>89.1</ele>
    <time>2021-12-18T11:18:52Z</time>
   </trkpt>
   <trkpt lat="51.5707260" lon="-0.1858990">
    <ele>89.2</ele>
    <time>2021-12-18T11:18:54Z</time>
   </trkpt>
   <trkpt lat="51.5707230" lon="-0.1859070">
    <ele>89.2</ele>
    <time>2021-12-18T11:18:55Z</time>
   </trkpt>
   <trkpt lat="51.5707220" lon="-0.1859170">
    <ele>89.2</ele>
    <time>2021-12-18T11:18:57Z</time>
   </trkpt>
   <trkpt lat="51.5707220" lon="-0.1859160">
    <ele>89.2</ele>
    <time>2021-12-18T11:18:58Z</time>
   </trkpt>
   <trkpt lat="51.5707210" lon="-0.1859140">
    <ele>89.2</ele>
    <time>2021-12-18T11:19:00Z</time>
   </trkpt>
   <trkpt lat="51.5707200" lon="-0.1859110">
    <ele>89.2</ele>
    <time>2021-12-18T11:19:01Z</time>
   </trkpt>
   <trkpt lat="51.5707190" lon="-0.1859070">
    <ele>89.2</ele>
    <time>2021-12-18T11:19:03Z</time>
   </trkpt>
   <trkpt lat="51.5707190" lon="-0.1859050">
    <ele>89.2</ele>
    <time>2021-12-18T11:19:05Z</time>
   </trkpt>
   <trkpt lat="51.5707300" lon="-0.1858460">
    <ele>89.3</ele>
    <time>2021-12-18T11:20:13Z</time>
   </trkpt>
   <trkpt lat="51.5707390" lon="-0.1857870">
    <ele>89.4</ele>
    <time>2021-12-18T11:20:15Z</time>
   </trkpt>
   <trkpt lat="51.5707500" lon="-0.1857360">
    <ele>89.5</ele>
    <time>2021-12-18T11:20:16Z</time>
   </trkpt>
   <trkpt lat="51.5707860" lon="-0.1856300">
    <ele>89.8</ele>
    <time>2021-12-18T11:20:18Z</time>
   </trkpt>
   <trkpt lat="51.5708340" lon="-0.1855320">
    <ele>90.0</ele>
    <time>2021-12-18T11:20:20Z</time>
   </trkpt>
   <trkpt lat="51.5708590" lon="-0.1854740">
    <ele>90.1</ele>
    <time>2021-12-18T11:20:21Z</time>
   </trkpt>
   <trkpt lat="51.5709070" lon="-0.1853500">
    <ele>90.4</ele>
    <time>2021-12-18T11:20:23Z</time>
   </trkpt>
   <trkpt lat="51.5709330" lon="-0.1852880">
    <ele>90.5</ele>
    <time>2021-12-18T11:20:24Z</time>
   </trkpt>
   <trkpt lat="51.5709900" lon="-0.1851610">
    <ele>90.8</ele>
    <time>2021-12-18T11:20:26Z</time>
   </trkpt>
   <trkpt lat="51.5710390" lon="-0.1850300">
    <ele>91.1</ele>
    <time>2021-12-18T11:20:28Z</time>
   </trkpt>
   <trkpt lat="51.5710640" lon="-0.1849710">
    <ele>91.2</ele>
    <time>2021-12-18T11:20:29Z</time>
   </trkpt>
   <trkpt lat="51.5710920" lon="-0.1849060">
    <ele>91.3</ele>
    <time>2021-12-18T11:20:30Z</time>
   </trkpt>
   <trkpt lat="51.5711220" lon="-0.1848410">
    <ele>91.4</ele>
    <time>2021-12-18T11:20:31Z</time>
   </trkpt>
   <trkpt lat="51.5711690" lon="-0.1847010">
    <ele>91.7</ele>
    <time>2021-12-18T11:20:33Z</time>
   </trkpt>
   <trkpt lat="51.5712110" lon="-0.1845790">
    <ele>91.8</ele>
    <time>2021-12-18T11:20:35Z</time>
   </trkpt>
   <trkpt lat="51.5712310" lon="-0.1845250">
    <ele>91.9</ele>
    <time>2021-12-18T11:20:36Z</time>
   </trkpt>
   <trkpt lat="51.5712860" lon="-0.1844360">
    <ele>91.7</ele>
    <time>2021-12-18T11:20:38Z</time>
   </trkpt>
   <trkpt lat="51.5713760" lon="-0.1843800">
    <ele>91.1</ele>
    <time>2021-12-18T11:20:40Z</time>
   </trkpt>
   <trkpt lat="51.5714910" lon="-0.1843410">
    <ele>90.3</ele>
    <time>2021-12-18T11:20:42Z</time>
   </trkpt>
   <trkpt lat="51.5715540" lon="-0.1843180">
    <ele>89.9</ele>
    <time>2021-12-18T11:20:43Z</time>
   </trkpt>
   <trkpt lat="51.5716820" lon="-0.1842730">
    <ele>89.0</ele>
    <time>2021-12-18T11:20:45Z</time>
   </trkpt>
   <trkpt lat="51.5718280" lon="-0.1842960">
    <ele>88.1</ele>
    <time>2021-12-18T11:20:47Z</time>
   </trkpt>
   <trkpt lat="51.5718920" lon="-0.1843620">
    <ele>87.6</ele>
    <time>2021-12-18T11:20:48Z</time>
   </trkpt>
   <trkpt lat="51.5719450" lon="-0.1844590">
    <ele>87.1</ele>
    <time>2021-12-18T11:20:49Z</time>
   </trkpt>
   <trkpt lat="51.5720360" lon="-0.1846650">
    <ele>85.9</ele>
    <time>2021-12-18T11:20:51Z</time>
   </trkpt>
   <trkpt lat="51.5721360" lon="-0.1848820">
    <ele>84.6</ele>
    <time>2021-12-18T11:20:53Z</time>
   </trkpt>
   <trkpt lat="51.5722510" lon="-0.1850930">
    <ele>83.3</ele>
    <time>2021-12-18T11:20:55Z</time>
   </trkpt>
   <trkpt lat="51.5723820" lon="-0.1852820">
    <ele>82.3</ele>
    <time>2021-12-18T11:20:57Z</time>
   </trkpt>
   <trkpt lat="51.5725200" lon="-0.1854650">
    <ele>81.4</ele>
    <time>2021-12-18T11:20:59Z</time>
   </trkpt>
   <trkpt lat="51.5726510" lon="-0.1856690">
    <ele>80.1</ele>
    <time>2021-12-18T11:21:01Z</time>
   </trkpt>
   <trkpt lat="51.5727120" lon="-0.1857690">
    <ele>79.5</ele>
    <time>2021-12-18T11:21:02Z</time>
   </trkpt>
   <trkpt lat="51.5728300" lon="-0.1859790">
    <ele>78.4</ele>
    <time>2021-12-18T11:21:04Z</time>
   </trkpt>
   <trkpt lat="51.5728990" lon="-0.1860840">
    <ele>78.0</ele>
    <time>2021-12-18T11:21:05Z</time>
   </trkpt>
   <trkpt lat="51.5730430" lon="-0.1862940">
    <ele>77.3</ele>
    <time>2021-12-18T11:21:07Z</time>
   </trkpt>
   <trkpt lat="51.5731820" lon="-0.1864770">
    <ele>76.9</ele>
    <time>2021-12-18T11:21:09Z</time>
   </trkpt>
   <trkpt lat="51.5732460" lon="-0.1865780">
    <ele>76.6</ele>
    <time>2021-12-18T11:21:10Z</time>
   </trkpt>
   <trkpt lat="51.5733640" lon="-0.1867590">
    <ele>76.0</ele>
    <time>2021-12-18T11:21:12Z</time>
   </trkpt>
   <trkpt lat="51.5734250" lon="-0.1868560">
    <ele>75.7</ele>
    <time>2021-12-18T11:21:13Z</time>
   </trkpt>
   <trkpt lat="51.5735450" lon="-0.1870510">
    <ele>75.1</ele>
    <time>2021-12-18T11:21:15Z</time>
   </trkpt>
   <trkpt lat="51.5735980" lon="-0.1871550">
    <ele>74.8</ele>
    <time>2021-12-18T11:21:16Z</time>
   </trkpt>
   <trkpt lat="51.5736510" lon="-0.1872560">
    <ele>74.5</ele>
    <time>2021-12-18T11:21:17Z</time>
   </trkpt>
   <trkpt lat="51.5737660" lon="-0.1874470">
    <ele>73.9</ele>
    <time>2021-12-18T11:21:19Z</time>
   </trkpt>
   <trkpt lat="51.5738970" lon="-0.1876160">
    <ele>73.4</ele>
    <time>2021-12-18T11:21:21Z</time>
   </trkpt>
   <trkpt lat="51.5740320" lon="-0.1877590">
    <ele>73.1</ele>
    <time>2021-12-18T11:21:23Z</time>
   </trkpt>
   <trkpt lat="51.5741010" lon="-0.1878310">
    <ele>72.9</ele>
    <time>2021-12-18T11:21:24Z</time>
   </trkpt>
   <trkpt lat="51.5741710" lon="-0.1878970">
    <ele>72.8</ele>
    <time>2021-12-18T11:21:25Z</time>
   </trkpt>
   <trkpt lat="51.5743030" lon="-0.1880340">
    <ele>72.6</ele>
    <time>2021-12-18T11:21:27Z</time>
   </trkpt>
   <trkpt lat="51.5744430" lon="-0.1881610">
    <ele>72.4</ele>
    <time>2021-12-18T11:21:29Z</time>
   </trkpt>
   <trkpt lat="51.5745180" lon="-0.1882140">
    <ele>72.3</ele>
    <time>2021-12-18T11:21:30Z</time>
   </trkpt>
   <trkpt lat="51.5746680" lon="-0.1883060">
    <ele>72.1</ele>
    <time>2021-12-18T11:21:32Z</time>
   </trkpt>
   <trkpt lat="51.5748170" lon="-0.1883630">
    <ele>71.9</ele>
    <time>2021-12-18T11:21:34Z</time>
   </trkpt>
   <trkpt lat="51.5749720" lon="-0.1883840">
    <ele>71.8</ele>
    <time>2021-12-18T11:21:36Z</time>
   </trkpt>
   <trkpt lat="51.5750480" lon="-0.1883820">
    <ele>71.7</ele>
    <time>2021-12-18T11:21:37Z</time>
   </trkpt>
   <trkpt lat="51.5751990" lon="-0.1883900">
    <ele>71.7</ele>
    <time>2021-12-18T11:21:39Z</time>
   </trkpt>
   <trkpt lat="51.5752750" lon="-0.1884120">
    <ele>71.7</ele>
    <time>2021-12-18T11:21:40Z</time>
   </trkpt>
   <trkpt lat="51.5753490" lon="-0.1884460">
    <ele>71.7</ele>
    <time>2021-12-18T11:21:41Z</time>
   </trkpt>
   <trkpt lat="51.5754210" lon="-0.1884940">
    <ele>71.6</ele>
    <time>2021-12-18T11:21:42Z</time>
   </trkpt>
   <trkpt lat="51.5755550" lon="-0.1886040">
    <ele>71.6</ele>
    <time>2021-12-18T11:21:44Z</time>
   </trkpt>
   <trkpt lat="51.5756690" lon="-0.1887370">
    <ele>71.8</ele>
    <time>2021-12-18T11:21:46Z</time>
   </trkpt>
   <trkpt lat="51.5757250" lon="-0.1888140">
    <ele>71.9</ele>
    <time>2021-12-18T11:21:47Z</time>
   </trkpt>
   <trkpt lat="51.5758260" lon="-0.1889790">
    <ele>72.1</ele>
    <time>2021-12-18T11:21:49Z</time>
   </trkpt>
   <trkpt lat="51.5759250" lon="-0.1891430">
    <ele>72.4</ele>
    <time>2021-12-18T11:21:51Z</time>
   </trkpt>
   <trkpt lat="51.5760290" lon="-0.1893070">
    <ele>72.6</ele>
    <time>2021-12-18T11:21:53Z</time>
   </trkpt>
   <trkpt lat="51.5760770" lon="-0.1894000">
    <ele>72.8</ele>
    <time>2021-12-18T11:21:54Z</time>
   </trkpt>
   <trkpt lat="51.5761290" lon="-0.1895000">
    <ele>72.9</ele>
    <time>2021-12-18T11:21:55Z</time>
   </trkpt>
   <trkpt lat="51.5762200" lon="-0.1896580">
    <ele>73.2</ele>
    <time>2021-12-18T11:21:57Z</time>
   </trkpt>
   <trkpt lat="51.5762740" lon="-0.1897310">
    <ele>73.4</ele>
    <time>2021-12-18T11:21:58Z</time>
   </trkpt>
   <trkpt lat="51.5763260" lon="-0.1898180">
    <ele>73.6</ele>
    <time>2021-12-18T11:21:59Z</time>
   </trkpt>
   <trkpt lat="51.5764280" lon="-0.1899820">
    <ele>74.2</ele>
    <time>2021-12-18T11:22:01Z</time>
   </trkpt>
   <trkpt lat="51.5765310" lon="-0.1901230">
    <ele>74.7</ele>
    <time>2021-12-18T11:22:03Z</time>
   </trkpt>
   <trkpt lat="51.5765850" lon="-0.1901780">
    <ele>75.0</ele>
    <time>2021-12-18T11:22:04Z</time>
   </trkpt>
   <trkpt lat="51.5766900" lon="-0.1902870">
    <ele>75.6</ele>
    <time>2021-12-18T11:22:06Z</time>
   </trkpt>
   <trkpt lat="51.5767920" lon="-0.1903820">
    <ele>76.1</ele>
    <time>2021-12-18T11:22:08Z</time>
   </trkpt>
   <trkpt lat="51.5768430" lon="-0.1904260">
    <ele>76.3</ele>
    <time>2021-12-18T11:22:09Z</time>
   </trkpt>
   <trkpt lat="51.5768960" lon="-0.1904660">
    <ele>76.5</ele>
    <time>2021-12-18T11:22:10Z</time>
   </trkpt>
   <trkpt lat="51.5770000" lon="-0.1905150">
    <ele>76.8</ele>
    <time>2021-12-18T11:22:12Z</time>
   </trkpt>
   <trkpt lat="51.5771170" lon="-0.1905600">
    <ele>77.1</ele>
    <time>2021-12-18T11:22:14Z</time>
   </trkpt>
   <trkpt lat="51.5772380" lon="-0.1905930">
    <ele>77.5</ele>
    <time>2021-12-18T11:22:16Z</time>
   </trkpt>
   <trkpt lat="51.5773010" lon="-0.1906040">
    <ele>77.6</ele>
    <time>2021-12-18T11:22:17Z</time>
   </trkpt>
   <trkpt lat="51.5774280" lon="-0.1906140">
    <ele>77.9</ele>
    <time>2021-12-18T11:22:19Z</time>
   </trkpt>
   <trkpt lat="51.5774920" lon="-0.1906020">
    <ele>78.1</ele>
    <time>2021-12-18T11:22:20Z</time>
   </trkpt>
   <trkpt lat="51.5775540" lon="-0.1906050">
    <ele>78.2</ele>
    <time>2021-12-18T11:22:21Z</time>
   </trkpt>
   <trkpt lat="51.5776750" lon="-0.1905920">
    <ele>78.4</ele>
    <time>2021-12-18T11:22:23Z</time>
   </trkpt>
   <trkpt lat="51.5777300" lon="-0.1905880">
    <ele>78.4</ele>
    <time>2021-12-18T11:22:24Z</time>
   </trkpt>
   <trkpt lat="51.5778420" lon="-0.1905740">
    <ele>78.4</ele>
    <time>2021-12-18T11:22:26Z</time>
   </trkpt>
   <trkpt lat="51.5778980" lon="-0.1905680">
    <ele>78.4</ele>
    <time>2021-12-18T11:22:27Z</time>
   </trkpt>
   <trkpt lat="51.5780120" lon="-0.1905570">
    <ele>78.2</ele>
    <time>2021-12-18T11:22:29Z</time>
   </trkpt>
   <trkpt lat="51.5781280" lon="-0.1905580">
    <ele>78.1</ele>
    <time>2021-12-18T11:22:31Z</time>
   </trkpt>
   <trkpt lat="51.5781840" lon="-0.1905630">
    <ele>78.1</ele>
    <time>2021-12-18T11:22:32Z</time>
   </trkpt>
   <trkpt lat="51.5782600" lon="-0.1905700">
    <ele>78.1</ele>
    <time>2021-12-18T11:22:34Z</time>
   </trkpt>
   <trkpt lat="51.5782820" lon="-0.1905700">
    <ele>78.2</ele>
    <time>2021-12-18T11:22:36Z</time>
   </trkpt>
   <trkpt lat="51.5782750" lon="-0.1905710">
    <ele>78.2</ele>
    <time>2021-12-18T11:22:38Z</time>
   </trkpt>
   <trkpt lat="51.5783010" lon="-0.1905950">
    <ele>78.2</ele>
    <time>2021-12-18T11:22:40Z</time>
   </trkpt>
   <trkpt lat="51.5783260" lon="-0.1906160">
    <ele>78.3</ele>
    <time>2021-12-18T11:22:41Z</time>
   </trkpt>
   <trkpt lat="51.5783860" lon="-0.1906250">
    <ele>78.3</ele>
    <time>2021-12-18T11:22:43Z</time>
   </trkpt>
   <trkpt lat="51.5784050" lon="-0.1905670">
    <ele>78.6</ele>
    <time>2021-12-18T11:22:44Z</time>
   </trkpt>
   <trkpt lat="51.5784260" lon="-0.1904250">
    <ele>78.9</ele>
    <time>2021-12-18T11:22:46Z</time>
   </trkpt>
   <trkpt lat="51.5784450" lon="-0.1902770">
    <ele>79.2</ele>
    <time>2021-12-18T11:22:48Z</time>
   </trkpt>
   <trkpt lat="51.5784610" lon="-0.1901960">
    <ele>79.4</ele>
    <time>2021-12-18T11:22:49Z</time>
   </trkpt>
   <trkpt lat="51.5784980" lon="-0.1900610">
    <ele>79.6</ele>
    <time>2021-12-18T11:22:51Z</time>
   </trkpt>
   <trkpt lat="51.5785180" lon="-0.1899880">
    <ele>79.8</ele>
    <time>2021-12-18T11:22:52Z</time>
   </trkpt>
   <trkpt lat="51.5785350" lon="-0.1899070">
    <ele>79.9</ele>
    <time>2021-12-18T11:22:53Z</time>
   </trkpt>
   <trkpt lat="51.5785750" lon="-0.1897560">
    <ele>80.1</ele>
    <time>2021-12-18T11:22:55Z</time>
   </trkpt>
   <trkpt lat="51.5785970" lon="-0.1896760">
    <ele>80.2</ele>
    <time>2021-12-18T11:22:56Z</time>
   </trkpt>
   <trkpt lat="51.5786180" lon="-0.1896000">
    <ele>80.3</ele>
    <time>2021-12-18T11:22:57Z</time>
   </trkpt>
   <trkpt lat="51.5786360" lon="-0.1895240">
    <ele>80.4</ele>
    <time>2021-12-18T11:22:58Z</time>
   </trkpt>
   <trkpt lat="51.5786540" lon="-0.1894550">
    <ele>80.5</ele>
    <time>2021-12-18T11:22:59Z</time>
   </trkpt>
   <trkpt lat="51.5786750" lon="-0.1893810">
    <ele>80.5</ele>
    <time>2021-12-18T11:23:00Z</time>
   </trkpt>
   <trkpt lat="51.5787120" lon="-0.1892370">
    <ele>80.6</ele>
    <time>2021-12-18T11:23:02Z</time>
   </trkpt>
   <trkpt lat="51.5787340" lon="-0.1891560">
    <ele>80.6</ele>
    <time>2021-12-18T11:23:03Z</time>
   </trkpt>
   <trkpt lat="51.5787560" lon="-0.1890730">
    <ele>80.5</ele>
    <time>2021-12-18T11:23:04Z</time>
   </trkpt>
   <trkpt lat="51.5787980" lon="-0.1889120">
    <ele>80.4</ele>
    <time>2021-12-18T11:23:06Z</time>
   </trkpt>
   <trkpt lat="51.5788230" lon="-0.1888290">
    <ele>80.3</ele>
    <time>2021-12-18T11:23:07Z</time>
   </trkpt>
   <trkpt lat="51.5788480" lon="-0.1887480">
    <ele>80.2</ele>
    <time>2021-12-18T11:23:08Z</time>
   </trkpt>
   <trkpt lat="51.5788800" lon="-0.1885850">
    <ele>80.1</ele>
    <time>2021-12-18T11:23:10Z</time>
   </trkpt>
   <trkpt lat="51.5788720" lon="-0.1883970">
    <ele>79.8</ele>
    <time>2021-12-18T11:23:12Z</time>
   </trkpt>
   <trkpt lat="51.5788620" lon="-0.1883090">
    <ele>79.7</ele>
    <time>2021-12-18T11:23:13Z</time>
   </trkpt>
   <trkpt lat="51.5788500" lon="-0.1882180">
    <ele>79.5</ele>
    <time>2021-12-18T11:23:14Z</time>
   </trkpt>
   <trkpt lat="51.5788500" lon="-0.1881260">
    <ele>79.3</ele>
    <time>2021-12-18T11:23:15Z</time>
   </trkpt>
   <trkpt lat="51.5788860" lon="-0.1879500">
    <ele>79.0</ele>
    <time>2021-12-18T11:23:17Z</time>
   </trkpt>
   <trkpt lat="51.5789170" lon="-0.1878640">
    <ele>78.8</ele>
    <time>2021-12-18T11:23:18Z</time>
   </trkpt>
   <trkpt lat="51.5789820" lon="-0.1876870">
    <ele>78.5</ele>
    <time>2021-12-18T11:23:20Z</time>
   </trkpt>
   <trkpt lat="51.5790460" lon="-0.1875060">
    <ele>78.2</ele>
    <time>2021-12-18T11:23:22Z</time>
   </trkpt>
   <trkpt lat="51.5790800" lon="-0.1874200">
    <ele>78.0</ele>
    <time>2021-12-18T11:23:23Z</time>
   </trkpt>
   <trkpt lat="51.5791480" lon="-0.1872490">
    <ele>77.7</ele>
    <time>2021-12-18T11:23:25Z</time>
   </trkpt>
   <trkpt lat="51.5792050" lon="-0.1870470">
    <ele>77.4</ele>
    <time>2021-12-18T11:23:27Z</time>
   </trkpt>
   <trkpt lat="51.5792610" lon="-0.1868510">
    <ele>77.0</ele>
    <time>2021-12-18T11:23:29Z</time>
   </trkpt>
   <trkpt lat="51.5792900" lon="-0.1867500">
    <ele>76.8</ele>
    <time>2021-12-18T11:23:30Z</time>
   </trkpt>
   <trkpt lat="51.5793200" lon="-0.1866430">
    <ele>76.6</ele>
    <time>2021-12-18T11:23:31Z</time>
   </trkpt>
   <trkpt lat="51.5793550" lon="-0.1865320">
    <ele>76.4</ele>
    <time>2021-12-18T11:23:32Z</time>
   </trkpt>
   <trkpt lat="51.5794280" lon="-0.1863430">
    <ele>76.0</ele>
    <time>2021-12-18T11:23:34Z</time>
   </trkpt>
   <trkpt lat="51.5794690" lon="-0.1862470">
    <ele>75.8</ele>
    <time>2021-12-18T11:23:35Z</time>
   </trkpt>
   <trkpt lat="51.5795080" lon="-0.1861490">
    <ele>75.6</ele>
    <time>2021-12-18T11:23:36Z</time>
   </trkpt>
   <trkpt lat="51.5795760" lon="-0.1859440">
    <ele>75.3</ele>
    <time>2021-12-18T11:23:38Z</time>
   </trkpt>
   <trkpt lat="51.5796340" lon="-0.1857330">
    <ele>74.9</ele>
    <time>2021-12-18T11:23:40Z</time>
   </trkpt>
   <trkpt lat="51.5796940" lon="-0.1855160">
    <ele>74.5</ele>
    <time>2021-12-18T11:23:42Z</time>
   </trkpt>
   <trkpt lat="51.5797280" lon="-0.1854090">
    <ele>74.3</ele>
    <time>2021-12-18T11:23:43Z</time>
   </trkpt>
   <trkpt lat="51.5797670" lon="-0.1853040">
    <ele>74.1</ele>
    <time>2021-12-18T11:23:44Z</time>
   </trkpt>
   <trkpt lat="51.5798390" lon="-0.1850990">
    <ele>73.7</ele>
    <time>2021-12-18T11:23:46Z</time>
   </trkpt>
   <trkpt lat="51.5798740" lon="-0.1850000">
    <ele>73.6</ele>
    <time>2021-12-18T11:23:47Z</time>
   </trkpt>
   <trkpt lat="51.5799500" lon="-0.1847960">
    <ele>73.4</ele>
    <time>2021-12-18T11:23:49Z</time>
   </trkpt>
   <trkpt lat="51.5799870" lon="-0.1846920">
    <ele>73.2</ele>
    <time>2021-12-18T11:23:50Z</time>
   </trkpt>
   <trkpt lat="51.5800560" lon="-0.1844900">
    <ele>72.7</ele>
    <time>2021-12-18T11:23:52Z</time>
   </trkpt>
   <trkpt lat="51.5801250" lon="-0.1843040">
    <ele>72.3</ele>
    <time>2021-12-18T11:23:54Z</time>
   </trkpt>
   <trkpt lat="51.5801650" lon="-0.1842130">
    <ele>72.2</ele>
    <time>2021-12-18T11:23:55Z</time>
   </trkpt>
   <trkpt lat="51.5802230" lon="-0.1840420">
    <ele>71.9</ele>
    <time>2021-12-18T11:23:57Z</time>
   </trkpt>
   <trkpt lat="51.5802790" lon="-0.1839260">
    <ele>71.7</ele>
    <time>2021-12-18T11:23:59Z</time>
   </trkpt>
   <trkpt lat="51.5803290" lon="-0.1839180">
    <ele>71.5</ele>
    <time>2021-12-18T11:24:00Z</time>
   </trkpt>
   <trkpt lat="51.5804390" lon="-0.1839920">
    <ele>71.3</ele>
    <time>2021-12-18T11:24:02Z</time>
   </trkpt>
   <trkpt lat="51.5804990" lon="-0.1840350">
    <ele>71.2</ele>
    <time>2021-12-18T11:24:03Z</time>
   </trkpt>
   <trkpt lat="51.5806250" lon="-0.1841410">
    <ele>71.1</ele>
    <time>2021-12-18T11:24:05Z</time>
   </trkpt>
   <trkpt lat="51.5807550" lon="-0.1842580">
    <ele>70.9</ele>
    <time>2021-12-18T11:24:07Z</time>
   </trkpt>
   <trkpt lat="51.5808990" lon="-0.1843540">
    <ele>70.9</ele>
    <time>2021-12-18T11:24:09Z</time>
   </trkpt>
   <trkpt lat="51.5809710" lon="-0.1844060">
    <ele>70.9</ele>
    <time>2021-12-18T11:24:10Z</time>
   </trkpt>
   <trkpt lat="51.5811180" lon="-0.1844860">
    <ele>70.9</ele>
    <time>2021-12-18T11:24:12Z</time>
   </trkpt>
   <trkpt lat="51.5811940" lon="-0.1845220">
    <ele>71.0</ele>
    <time>2021-12-18T11:24:13Z</time>
   </trkpt>
   <trkpt lat="51.5812720" lon="-0.1845520">
    <ele>71.0</ele>
    <time>2021-12-18T11:24:14Z</time>
   </trkpt>
   <trkpt lat="51.5814310" lon="-0.1846010">
    <ele>71.0</ele>
    <time>2021-12-18T11:24:16Z</time>
   </trkpt>
   <trkpt lat="51.5815100" lon="-0.1846280">
    <ele>71.0</ele>
    <time>2021-12-18T11:24:17Z</time>
   </trkpt>
   <trkpt lat="51.5816620" lon="-0.1846940">
    <ele>71.0</ele>
    <time>2021-12-18T11:24:19Z</time>
   </trkpt>
   <trkpt lat="51.5817390" lon="-0.1847250">
    <ele>71.0</ele>
    <time>2021-12-18T11:24:20Z</time>
   </trkpt>
   <trkpt lat="51.5818920" lon="-0.1847820">
    <ele>71.0</ele>
    <time>2021-12-18T11:24:22Z</time>
   </trkpt>
   <trkpt lat="51.5820410" lon="-0.1848530">
    <ele>71.0</ele>
    <time>2021-12-18T11:24:24Z</time>
   </trkpt>
   <trkpt lat="51.5821120" lon="-0.1848980">
    <ele>71.0</ele>
    <time>2021-12-18T11:24:25Z</time>
   </trkpt>
   <trkpt lat="51.5822630" lon="-0.1849940">
    <ele>71.0</ele>
    <time>2021-12-18T11:24:27Z</time>
   </trkpt>
   <trkpt lat="51.5823980" lon="-0.1850900">
    <ele>71.0</ele>
    <time>2021-12-18T11:24:29Z</time>
   </trkpt>
   <trkpt lat="51.5824600" lon="-0.1851440">
    <ele>71.0</ele>
    <time>2021-12-18T11:24:30Z</time>
   </trkpt>
   <trkpt lat="51.5825810" lon="-0.1852570">
    <ele>71.0</ele>
    <time>2021-12-18T11:24:32Z</time>
   </trkpt>
   <trkpt lat="51.5826470" lon="-0.1853190">
    <ele>70.9</ele>
    <time>2021-12-18T11:24:33Z</time>
   </trkpt>
   <trkpt lat="51.5827100" lon="-0.1853880">
    <ele>70.8</ele>
    <time>2021-12-18T11:24:34Z</time>
   </trkpt>
   <trkpt lat="51.5827680" lon="-0.1854600">
    <ele>70.7</ele>
    <time>2021-12-18T11:24:35Z</time>
   </trkpt>
   <trkpt lat="51.5828770" lon="-0.1856030">
    <ele>70.5</ele>
    <time>2021-12-18T11:24:37Z</time>
   </trkpt>
   <trkpt lat="51.5829320" lon="-0.1856790">
    <ele>70.3</ele>
    <time>2021-12-18T11:24:38Z</time>
   </trkpt>
   <trkpt lat="51.5830310" lon="-0.1858190">
    <ele>70.0</ele>
    <time>2021-12-18T11:24:40Z</time>
   </trkpt>
   <trkpt lat="51.5830820" lon="-0.1858950">
    <ele>69.8</ele>
    <time>2021-12-18T11:24:41Z</time>
   </trkpt>
   <trkpt lat="51.5831630" lon="-0.1860270">
    <ele>69.5</ele>
    <time>2021-12-18T11:24:43Z</time>
   </trkpt>
   <trkpt lat="51.5831960" lon="-0.1860750">
    <ele>69.4</ele>
    <time>2021-12-18T11:24:44Z</time>
   </trkpt>
   <trkpt lat="51.5832140" lon="-0.1861060">
    <ele>69.3</ele>
    <time>2021-12-18T11:24:45Z</time>
   </trkpt>
   <trkpt lat="51.5832350" lon="-0.1861470">
    <ele>69.1</ele>
    <time>2021-12-18T11:24:47Z</time>
   </trkpt>
   <trkpt lat="51.5832770" lon="-0.1861780">
    <ele>68.9</ele>
    <time>2021-12-18T11:24:49Z</time>
   </trkpt>
   <trkpt lat="51.5833150" lon="-0.1861550">
    <ele>68.7</ele>
    <time>2021-12-18T11:24:50Z</time>
   </trkpt>
   <trkpt lat="51.5833900" lon="-0.1860610">
    <ele>68.3</ele>
    <time>2021-12-18T11:24:52Z</time>
   </trkpt>
   <trkpt lat="51.5834270" lon="-0.1859970">
    <ele>68.1</ele>
    <time>2021-12-18T11:24:53Z</time>
   </trkpt>
   <trkpt lat="51.5834690" lon="-0.1859250">
    <ele>67.8</ele>
    <time>2021-12-18T11:24:54Z</time>
   </trkpt>
   <trkpt lat="51.5835560" lon="-0.1858050">
    <ele>67.3</ele>
    <time>2021-12-18T11:24:56Z</time>
   </trkpt>
   <trkpt lat="51.5836610" lon="-0.1856800">
    <ele>66.8</ele>
    <time>2021-12-18T11:24:58Z</time>
   </trkpt>
   <trkpt lat="51.5837630" lon="-0.1855410">
    <ele>66.2</ele>
    <time>2021-12-18T11:25:00Z</time>
   </trkpt>
   <trkpt lat="51.5838190" lon="-0.1854620">
    <ele>65.9</ele>
    <time>2021-12-18T11:25:01Z</time>
   </trkpt>
   <trkpt lat="51.5839270" lon="-0.1853010">
    <ele>65.2</ele>
    <time>2021-12-18T11:25:03Z</time>
   </trkpt>
   <trkpt lat="51.5840430" lon="-0.1851390">
    <ele>64.6</ele>
    <time>2021-12-18T11:25:05Z</time>
   </trkpt>
   <trkpt lat="51.5841030" lon="-0.1850560">
    <ele>64.3</ele>
    <time>2021-12-18T11:25:06Z</time>
   </trkpt>
   <trkpt lat="51.5842210" lon="-0.1849050">
    <ele>63.8</ele>
    <time>2021-12-18T11:25:08Z</time>
   </trkpt>
   <trkpt lat="51.5843370" lon="-0.1847380">
    <ele>63.2</ele>
    <time>2021-12-18T11:25:10Z</time>
   </trkpt>
   <trkpt lat="51.5843950" lon="-0.1846580">
    <ele>63.0</ele>
    <time>2021-12-18T11:25:11Z</time>
   </trkpt>
   <trkpt lat="51.5845120" lon="-0.1844950">
    <ele>62.5</ele>
    <time>2021-12-18T11:25:13Z</time>
   </trkpt>
   <trkpt lat="51.5846340" lon="-0.1843240">
    <ele>62.1</ele>
    <time>2021-12-18T11:25:15Z</time>
   </trkpt>
   <trkpt lat="51.5846940" lon="-0.1842400">
    <ele>62.0</ele>
    <time>2021-12-18T11:25:16Z</time>
   </trkpt>
   <trkpt lat="51.5848130" lon="-0.1840670">
    <ele>61.7</ele>
    <time>2021-12-18T11:25:18Z</time>
   </trkpt>
   <trkpt lat="51.5848710" lon="-0.1839830">
    <ele>61.7</ele>
    <time>2021-12-18T11:25:19Z</time>
   </trkpt>
   <trkpt lat="51.5849300" lon="-0.1839010">
    <ele>61.7</ele>
    <time>2021-12-18T11:25:20Z</time>
   </trkpt>
   <trkpt lat="51.5850350" lon="-0.1837740">
    <ele>61.6</ele>
    <time>2021-12-18T11:25:22Z</time>
   </trkpt>
   <trkpt lat="51.5851110" lon="-0.1836780">
    <ele>61.6</ele>
    <time>2021-12-18T11:25:24Z</time>
   </trkpt>
   <trkpt lat="51.5851760" lon="-0.1835800">
    <ele>61.6</ele>
    <time>2021-12-18T11:25:26Z</time>
   </trkpt>
   <trkpt lat="51.5852430" lon="-0.1834980">
    <ele>61.6</ele>
    <time>2021-12-18T11:25:28Z</time>
   </trkpt>
   <trkpt lat="51.5853060" lon="-0.1834250">
    <ele>61.7</ele>
    <time>2021-12-18T11:25:30Z</time>
   </trkpt>
   <trkpt lat="51.5853340" lon="-0.1833990">
    <ele>61.7</ele>
    <time>2021-12-18T11:25:31Z</time>
   </trkpt>
   <trkpt lat="51.5853780" lon="-0.1833810">
    <ele>61.8</ele>
    <time>2021-12-18T11:25:33Z</time>
   </trkpt>
   <trkpt lat="51.5854020" lon="-0.1833680">
    <ele>61.8</ele>
    <time>2021-12-18T11:25:35Z</time>
   </trkpt>
   <trkpt lat="51.5854140" lon="-0.1833540">
    <ele>61.8</ele>
    <time>2021-12-18T11:25:37Z</time>
   </trkpt>
   <trkpt lat="51.5854230" lon="-0.1833450">
    <ele>61.9</ele>
    <time>2021-12-18T11:25:38Z</time>
   </trkpt>
   <trkpt lat="51.5854300" lon="-0.1833390">
    <ele>61.9</ele>
    <time>2021-12-18T11:25:40Z</time>
   </trkpt>
   <trkpt lat="51.5854370" lon="-0.1833330">
    <ele>61.9</ele>
    <time>2021-12-18T11:25:41Z</time>
   </trkpt>
   <trkpt lat="51.5854450" lon="-0.1833280">
    <ele>61.9</ele>
    <time>2021-12-18T11:25:43Z</time>
   </trkpt>
   <trkpt lat="51.5854520" lon="-0.1833220">
    <ele>61.9</ele>
    <time>2021-12-18T11:25:44Z</time>
   </trkpt>
   <trkpt lat="51.5854710" lon="-0.1833090">
    <ele>62.0</ele>
    <time>2021-12-18T11:25:45Z</time>
   </trkpt>
   <trkpt lat="51.5855220" lon="-0.1832600">
    <ele>62.1</ele>
    <time>2021-12-18T11:25:47Z</time>
   </trkpt>
   <trkpt lat="51.5855490" lon="-0.1832390">
    <ele>62.2</ele>
    <time>2021-12-18T11:25:48Z</time>
   </trkpt>
   <trkpt lat="51.5855880" lon="-0.1832250">
    <ele>62.2</ele>
    <time>2021-12-18T11:25:50Z</time>
   </trkpt>
   <trkpt lat="51.5856160" lon="-0.1832120">
    <ele>62.3</ele>
    <time>2021-12-18T11:25:52Z</time>
   </trkpt>
   <trkpt lat="51.5856380" lon="-0.1832020">
    <ele>62.4</ele>
    <time>2021-12-18T11:25:53Z</time>
   </trkpt>
   <trkpt lat="51.5856920" lon="-0.1831880">
    <ele>62.5</ele>
    <time>2021-12-18T11:25:55Z</time>
   </trkpt>
   <trkpt lat="51.5857590" lon="-0.1831710">
    <ele>62.6</ele>
    <time>2021-12-18T11:25:57Z</time>
   </trkpt>
   <trkpt lat="51.5858040" lon="-0.1831690">
    <ele>62.7</ele>
    <time>2021-12-18T11:25:58Z</time>
   </trkpt>
   <trkpt lat="51.5858650" lon="-0.1831860">
    <ele>62.9</ele>
    <time>2021-12-18T11:25:59Z</time>
   </trkpt>
   <trkpt lat="51.5859680" lon="-0.1831930">
    <ele>63.0</ele>
    <time>2021-12-18T11:26:01Z</time>
   </trkpt>
   <trkpt lat="51.5860210" lon="-0.1831880">
    <ele>63.1</ele>
    <time>2021-12-18T11:26:02Z</time>
   </trkpt>
   <trkpt lat="51.5861150" lon="-0.1831510">
    <ele>63.5</ele>
    <time>2021-12-18T11:26:04Z</time>
   </trkpt>
   <trkpt lat="51.5862180" lon="-0.1831030">
    <ele>64.1</ele>
    <time>2021-12-18T11:26:06Z</time>
   </trkpt>
   <trkpt lat="51.5863230" lon="-0.1830710">
    <ele>64.7</ele>
    <time>2021-12-18T11:26:08Z</time>
   </trkpt>
   <trkpt lat="51.5863770" lon="-0.1830590">
    <ele>64.9</ele>
    <time>2021-12-18T11:26:09Z</time>
   </trkpt>
   <trkpt lat="51.5864310" lon="-0.1830410">
    <ele>65.2</ele>
    <time>2021-12-18T11:26:10Z</time>
   </trkpt>
   <trkpt lat="51.5865410" lon="-0.1830030">
    <ele>65.8</ele>
    <time>2021-12-18T11:26:12Z</time>
   </trkpt>
   <trkpt lat="51.5865990" lon="-0.1829880">
    <ele>66.1</ele>
    <time>2021-12-18T11:26:13Z</time>
   </trkpt>
   <trkpt lat="51.5867040" lon="-0.1829600">
    <ele>66.8</ele>
    <time>2021-12-18T11:26:15Z</time>
   </trkpt>
   <trkpt lat="51.5867570" lon="-0.1829480">
    <ele>67.1</ele>
    <time>2021-12-18T11:26:16Z</time>
   </trkpt>
   <trkpt lat="51.5868670" lon="-0.1829260">
    <ele>67.7</ele>
    <time>2021-12-18T11:26:18Z</time>
   </trkpt>
   <trkpt lat="51.5869730" lon="-0.1829000">
    <ele>68.2</ele>
    <time>2021-12-18T11:26:20Z</time>
   </trkpt>
   <trkpt lat="51.5870740" lon="-0.1828690">
    <ele>68.6</ele>
    <time>2021-12-18T11:26:22Z</time>
   </trkpt>
   <trkpt lat="51.5871760" lon="-0.1828430">
    <ele>68.9</ele>
    <time>2021-12-18T11:26:24Z</time>
   </trkpt>
   <trkpt lat="51.5872790" lon="-0.1827880">
    <ele>69.2</ele>
    <time>2021-12-18T11:26:26Z</time>
   </trkpt>
   <trkpt lat="51.5873880" lon="-0.1827560">
    <ele>69.5</ele>
    <time>2021-12-18T11:26:28Z</time>
   </trkpt>
   <trkpt lat="51.5875020" lon="-0.1827290">
    <ele>69.8</ele>
    <time>2021-12-18T11:26:30Z</time>
   </trkpt>
   <trkpt lat="51.5876150" lon="-0.1827000">
    <ele>70.1</ele>
    <time>2021-12-18T11:26:32Z</time>
   </trkpt>
   <trkpt lat="51.5877190" lon="-0.1826650">
    <ele>70.5</ele>
    <time>2021-12-18T11:26:34Z</time>
   </trkpt>
   <trkpt lat="51.5877690" lon="-0.1826570">
    <ele>70.7</ele>
    <time>2021-12-18T11:26:35Z</time>
   </trkpt>
   <trkpt lat="51.5878150" lon="-0.1826530">
    <ele>71.0</ele>
    <time>2021-12-18T11:26:36Z</time>
   </trkpt>
   <trkpt lat="51.5878940" lon="-0.1826260">
    <ele>71.5</ele>
    <time>2021-12-18T11:26:38Z</time>
   </trkpt>
   <trkpt lat="51.5879470" lon="-0.1825920">
    <ele>71.9</ele>
    <time>2021-12-18T11:26:40Z</time>
   </trkpt>
   <trkpt lat="51.5879890" lon="-0.1825600">
    <ele>72.1</ele>
    <time>2021-12-18T11:26:42Z</time>
   </trkpt>
   <trkpt lat="51.5880060" lon="-0.1824570">
    <ele>72.3</ele>
    <time>2021-12-18T11:26:44Z</time>
   </trkpt>
   <trkpt lat="51.5879970" lon="-0.1823860">
    <ele>72.5</ele>
    <time>2021-12-18T11:26:45Z</time>
   </trkpt>
   <trkpt lat="51.5879730" lon="-0.1822710">
    <ele>72.9</ele>
    <time>2021-12-18T11:26:47Z</time>
   </trkpt>
   <trkpt lat="51.5879530" lon="-0.1821470">
    <ele>73.4</ele>
    <time>2021-12-18T11:26:49Z</time>
   </trkpt>
   <trkpt lat="51.5879500" lon="-0.1820740">
    <ele>73.7</ele>
    <time>2021-12-18T11:26:50Z</time>
   </trkpt>
   <trkpt lat="51.5879460" lon="-0.1819220">
    <ele>74.3</ele>
    <time>2021-12-18T11:26:52Z</time>
   </trkpt>
   <trkpt lat="51.5879340" lon="-0.1817800">
    <ele>74.9</ele>
    <time>2021-12-18T11:26:54Z</time>
   </trkpt>
   <trkpt lat="51.5879190" lon="-0.1816490">
    <ele>75.4</ele>
    <time>2021-12-18T11:26:56Z</time>
   </trkpt>
   <trkpt lat="51.5879040" lon="-0.1815820">
    <ele>75.7</ele>
    <time>2021-12-18T11:26:57Z</time>
   </trkpt>
   <trkpt lat="51.5878790" lon="-0.1814430">
    <ele>76.1</ele>
    <time>2021-12-18T11:26:59Z</time>
   </trkpt>
   <trkpt lat="51.5878690" lon="-0.1813760">
    <ele>76.3</ele>
    <time>2021-12-18T11:27:00Z</time>
   </trkpt>
   <trkpt lat="51.5878540" lon="-0.1812440">
    <ele>76.7</ele>
    <time>2021-12-18T11:27:02Z</time>
   </trkpt>
   <trkpt lat="51.5878390" lon="-0.1811020">
    <ele>77.0</ele>
    <time>2021-12-18T11:27:04Z</time>
   </trkpt>
   <trkpt lat="51.5878320" lon="-0.1810310">
    <ele>77.2</ele>
    <time>2021-12-18T11:27:05Z</time>
   </trkpt>
   <trkpt lat="51.5878210" lon="-0.1809040">
    <ele>77.5</ele>
    <time>2021-12-18T11:27:07Z</time>
   </trkpt>
   <trkpt lat="51.5878110" lon="-0.1808080">
    <ele>77.8</ele>
    <time>2021-12-18T11:27:09Z</time>
   </trkpt>
   <trkpt lat="51.5878040" lon="-0.1807630">
    <ele>77.9</ele>
    <time>2021-12-18T11:27:11Z</time>
   </trkpt>
   <trkpt lat="51.5878020" lon="-0.1807540">
    <ele>77.9</ele>
    <time>2021-12-18T11:27:13Z</time>
   </trkpt>
   <trkpt lat="51.5878020" lon="-0.1807590">
    <ele>77.9</ele>
    <time>2021-12-18T11:27:14Z</time>
   </trkpt>
   <trkpt lat="51.5878030" lon="-0.1807680">
    <ele>78.0</ele>
    <time>2021-12-18T11:27:15Z</time>
   </trkpt>
   <trkpt lat="51.5878030" lon="-0.1807810">
    <ele>78.0</ele>
    <time>2021-12-18T11:27:17Z</time>
   </trkpt>
   <trkpt lat="51.5878030" lon="-0.1807820">
    <ele>78.0</ele>
    <time>2021-12-18T11:27:19Z</time>
   </trkpt>
   <trkpt lat="51.5878030" lon="-0.1807810">
    <ele>78.0</ele>
    <time>2021-12-18T11:27:20Z</time>
   </trkpt>
   <trkpt lat="51.5878030" lon="-0.1807810">
    <ele>78.0</ele>
    <time>2021-12-18T11:27:21Z</time>
   </trkpt>
   <trkpt lat="51.5878030" lon="-0.1807810">
    <ele>78.0</ele>
    <time>2021-12-18T11:27:23Z</time>
   </trkpt>
   <trkpt lat="51.5878030" lon="-0.1807810">
    <ele>78.0</ele>
    <time>2021-12-18T11:27:24Z</time>
   </trkpt>
   <trkpt lat="51.5878030" lon="-0.1807810">
    <ele>78.0</ele>
    <time>2021-12-18T11:27:25Z</time>
   </trkpt>
   <trkpt lat="51.5878030" lon="-0.1807810">
    <ele>78.0</ele>
    <time>2021-12-18T11:27:26Z</time>
   </trkpt>
   <trkpt lat="51.5878030" lon="-0.1807810">
    <ele>78.0</ele>
    <time>2021-12-18T11:27:27Z</time>
   </trkpt>
   <trkpt lat="51.5877910" lon="-0.1806720">
    <ele>78.3</ele>
    <time>2021-12-18T11:27:41Z</time>
   </trkpt>
   <trkpt lat="51.5878000" lon="-0.1806030">
    <ele>78.5</ele>
    <time>2021-12-18T11:27:43Z</time>
   </trkpt>
   <trkpt lat="51.5878260" lon="-0.1805680">
    <ele>78.6</ele>
    <time>2021-12-18T11:27:44Z</time>
   </trkpt>
   <trkpt lat="51.5878370" lon="-0.1805610">
    <ele>78.6</ele>
    <time>2021-12-18T11:27:45Z</time>
   </trkpt>
   <trkpt lat="51.5878930" lon="-0.1805800">
    <ele>78.8</ele>
    <time>2021-12-18T11:27:47Z</time>
   </trkpt>
   <trkpt lat="51.5879470" lon="-0.1805780">
    <ele>78.9</ele>
    <time>2021-12-18T11:27:49Z</time>
   </trkpt>
   <trkpt lat="51.5879850" lon="-0.1805810">
    <ele>79.0</ele>
    <time>2021-12-18T11:27:50Z</time>
   </trkpt>
   <trkpt lat="51.5880760" lon="-0.1805670">
    <ele>79.3</ele>
    <time>2021-12-18T11:27:52Z</time>
   </trkpt>
   <trkpt lat="51.5881270" lon="-0.1805470">
    <ele>79.5</ele>
    <time>2021-12-18T11:27:53Z</time>
   </trkpt>
   <trkpt lat="51.5882310" lon="-0.1805110">
    <ele>79.9</ele>
    <time>2021-12-18T11:27:55Z</time>
   </trkpt>
   <trkpt lat="51.5883380" lon="-0.1804920">
    <ele>80.4</ele>
    <time>2021-12-18T11:27:57Z</time>
   </trkpt>
   <trkpt lat="51.5884590" lon="-0.1804760">
    <ele>81.0</ele>
    <time>2021-12-18T11:27:59Z</time>
   </trkpt>
   <trkpt lat="51.5885190" lon="-0.1804630">
    <ele>81.3</ele>
    <time>2021-12-18T11:28:00Z</time>
   </trkpt>
   <trkpt lat="51.5886380" lon="-0.1804330">
    <ele>81.8</ele>
    <time>2021-12-18T11:28:02Z</time>
   </trkpt>
   <trkpt lat="51.5887620" lon="-0.1804130">
    <ele>82.3</ele>
    <time>2021-12-18T11:28:04Z</time>
   </trkpt>
   <trkpt lat="51.5888800" lon="-0.1803970">
    <ele>82.7</ele>
    <time>2021-12-18T11:28:06Z</time>
   </trkpt>
   <trkpt lat="51.5890010" lon="-0.1803710">
    <ele>83.1</ele>
    <time>2021-12-18T11:28:08Z</time>
   </trkpt>
   <trkpt lat="51.5891170" lon="-0.1803520">
    <ele>83.5</ele>
    <time>2021-12-18T11:28:10Z</time>
   </trkpt>
   <trkpt lat="51.5892380" lon="-0.1803420">
    <ele>83.9</ele>
    <time>2021-12-18T11:28:12Z</time>
   </trkpt>
   <trkpt lat="51.5892950" lon="-0.1803360">
    <ele>84.0</ele>
    <time>2021-12-18T11:28:13Z</time>
   </trkpt>
   <trkpt lat="51.5894080" lon="-0.1803320">
    <ele>84.4</ele>
    <time>2021-12-18T11:28:15Z</time>
   </trkpt>
   <trkpt lat="51.5895230" lon="-0.1803030">
    <ele>84.6</ele>
    <time>2021-12-18T11:28:17Z</time>
   </trkpt>
   <trkpt lat="51.5896400" lon="-0.1802640">
    <ele>84.8</ele>
    <time>2021-12-18T11:28:19Z</time>
   </trkpt>
   <trkpt lat="51.5896980" lon="-0.1802500">
    <ele>84.9</ele>
    <time>2021-12-18T11:28:20Z</time>
   </trkpt>
   <trkpt lat="51.5898140" lon="-0.1802170">
    <ele>85.2</ele>
    <time>2021-12-18T11:28:22Z</time>
   </trkpt>
   <trkpt lat="51.5899280" lon="-0.1801970">
    <ele>85.5</ele>
    <time>2021-12-18T11:28:24Z</time>
   </trkpt>
   <trkpt lat="51.5900350" lon="-0.1801780">
    <ele>85.9</ele>
    <time>2021-12-18T11:28:26Z</time>
   </trkpt>
   <trkpt lat="51.5900870" lon="-0.1801590">
    <ele>86.2</ele>
    <time>2021-12-18T11:28:27Z</time>
   </trkpt>
   <trkpt lat="51.5901790" lon="-0.1801140">
    <ele>86.7</ele>
    <time>2021-12-18T11:28:29Z</time>
   </trkpt>
   <trkpt lat="51.5902250" lon="-0.1800970">
    <ele>86.9</ele>
    <time>2021-12-18T11:28:30Z</time>
   </trkpt>
   <trkpt lat="51.5903200" lon="-0.1800640">
    <ele>87.5</ele>
    <time>2021-12-18T11:28:32Z</time>
   </trkpt>
   <trkpt lat="51.5903630" lon="-0.1800330">
    <ele>87.8</ele>
    <time>2021-12-18T11:28:33Z</time>
   </trkpt>
   <trkpt lat="51.5904120" lon="-0.1800060">
    <ele>88.1</ele>
    <time>2021-12-18T11:28:34Z</time>
   </trkpt>
   <trkpt lat="51.5904820" lon="-0.1799690">
    <ele>88.5</ele>
    <time>2021-12-18T11:28:36Z</time>
   </trkpt>
   <trkpt lat="51.5905470" lon="-0.1799310">
    <ele>88.9</ele>
    <time>2021-12-18T11:28:38Z</time>
   </trkpt>
   <trkpt lat="51.5905890" lon="-0.1799020">
    <ele>89.2</ele>
    <time>2021-12-18T11:28:39Z</time>
   </trkpt>
   <trkpt lat="51.5906790" lon="-0.1798610">
    <ele>89.7</ele>
    <time>2021-12-18T11:28:41Z</time>
   </trkpt>
   <trkpt lat="51.5907640" lon="-0.1798160">
    <ele>90.2</ele>
    <time>2021-12-18T11:28:43Z</time>
   </trkpt>
   <trkpt lat="51.5908080" lon="-0.1797850">
    <ele>90.4</ele>
    <time>2021-12-18T11:28:44Z</time>
   </trkpt>
   <trkpt lat="51.5908540" lon="-0.1797680">
    <ele>90.6</ele>
    <time>2021-12-18T11:28:45Z</time>
   </trkpt>
   <trkpt lat="51.5909480" lon="-0.1797230">
    <ele>91.0</ele>
    <time>2021-12-18T11:28:47Z</time>
   </trkpt>
   <trkpt lat="51.5910370" lon="-0.1796590">
    <ele>91.4</ele>
    <time>2021-12-18T11:28:49Z</time>
   </trkpt>
   <trkpt lat="51.5910860" lon="-0.1796320">
    <ele>91.6</ele>
    <time>2021-12-18T11:28:50Z</time>
   </trkpt>
   <trkpt lat="51.5911330" lon="-0.1796070">
    <ele>91.8</ele>
    <time>2021-12-18T11:28:51Z</time>
   </trkpt>
   <trkpt lat="51.5912270" lon="-0.1795570">
    <ele>92.1</ele>
    <time>2021-12-18T11:28:53Z</time>
   </trkpt>
   <trkpt lat="51.5912750" lon="-0.1795300">
    <ele>92.3</ele>
    <time>2021-12-18T11:28:54Z</time>
   </trkpt>
   <trkpt lat="51.5913720" lon="-0.1794580">
    <ele>92.6</ele>
    <time>2021-12-18T11:28:56Z</time>
   </trkpt>
   <trkpt lat="51.5914290" lon="-0.1794200">
    <ele>92.7</ele>
    <time>2021-12-18T11:28:57Z</time>
   </trkpt>
   <trkpt lat="51.5915430" lon="-0.1793410">
    <ele>93.0</ele>
    <time>2021-12-18T11:28:59Z</time>
   </trkpt>
   <trkpt lat="51.5916030" lon="-0.1793060">
    <ele>93.2</ele>
    <time>2021-12-18T11:29:00Z</time>
   </trkpt>
   <trkpt lat="51.5917190" lon="-0.1792450">
    <ele>93.5</ele>
    <time>2021-12-18T11:29:02Z</time>
   </trkpt>
   <trkpt lat="51.5918380" lon="-0.1791550">
    <ele>93.7</ele>
    <time>2021-12-18T11:29:04Z</time>
   </trkpt>
   <trkpt lat="51.5918810" lon="-0.1790910">
    <ele>93.8</ele>
    <time>2021-12-18T11:29:05Z</time>
   </trkpt>
   <trkpt lat="51.5918920" lon="-0.1789180">
    <ele>93.8</ele>
    <time>2021-12-18T11:29:07Z</time>
   </trkpt>
   <trkpt lat="51.5918390" lon="-0.1787570">
    <ele>93.8</ele>
    <time>2021-12-18T11:29:09Z</time>
   </trkpt>
   <trkpt lat="51.5917820" lon="-0.1786030">
    <ele>93.8</ele>
    <time>2021-12-18T11:29:11Z</time>
   </trkpt>
   <trkpt lat="51.5917580" lon="-0.1785310">
    <ele>93.8</ele>
    <time>2021-12-18T11:29:12Z</time>
   </trkpt>
   <trkpt lat="51.5917370" lon="-0.1784060">
    <ele>93.8</ele>
    <time>2021-12-18T11:29:14Z</time>
   </trkpt>
   <trkpt lat="51.5917620" lon="-0.1783560">
    <ele>93.6</ele>
    <time>2021-12-18T11:29:15Z</time>
   </trkpt>
   <trkpt lat="51.5918090" lon="-0.1783140">
    <ele>93.5</ele>
    <time>2021-12-18T11:29:16Z</time>
   </trkpt>
   <trkpt lat="51.5919100" lon="-0.1782380">
    <ele>93.4</ele>
    <time>2021-12-18T11:29:18Z</time>
   </trkpt>
   <trkpt lat="51.5919590" lon="-0.1781890">
    <ele>93.3</ele>
    <time>2021-12-18T11:29:19Z</time>
   </trkpt>
   <trkpt lat="51.5920070" lon="-0.1781420">
    <ele>93.2</ele>
    <time>2021-12-18T11:29:20Z</time>
   </trkpt>
   <trkpt lat="51.5921010" lon="-0.1780380">
    <ele>93.1</ele>
    <time>2021-12-18T11:29:22Z</time>
   </trkpt>
   <trkpt lat="51.5921850" lon="-0.1779120">
    <ele>93.0</ele>
    <time>2021-12-18T11:29:24Z</time>
   </trkpt>
   <trkpt lat="51.5922270" lon="-0.1778440">
    <ele>93.0</ele>
    <time>2021-12-18T11:29:25Z</time>
   </trkpt>
   <trkpt lat="51.5922990" lon="-0.1777000">
    <ele>92.8</ele>
    <time>2021-12-18T11:29:27Z</time>
   </trkpt>
   <trkpt lat="51.5923700" lon="-0.1775480">
    <ele>92.7</ele>
    <time>2021-12-18T11:29:29Z</time>
   </trkpt>
   <trkpt lat="51.5924050" lon="-0.1774710">
    <ele>92.7</ele>
    <time>2021-12-18T11:29:30Z</time>
   </trkpt>
   <trkpt lat="51.5924360" lon="-0.1773960">
    <ele>92.6</ele>
    <time>2021-12-18T11:29:31Z</time>
   </trkpt>
   <trkpt lat="51.5924680" lon="-0.1773180">
    <ele>92.6</ele>
    <time>2021-12-18T11:29:32Z</time>
   </trkpt>
   <trkpt lat="51.5925310" lon="-0.1771610">
    <ele>92.4</ele>
    <time>2021-12-18T11:29:34Z</time>
   </trkpt>
   <trkpt lat="51.5925610" lon="-0.1770840">
    <ele>92.3</ele>
    <time>2021-12-18T11:29:35Z</time>
   </trkpt>
   <trkpt lat="51.5926240" lon="-0.1769190">
    <ele>92.1</ele>
    <time>2021-12-18T11:29:37Z</time>
   </trkpt>
   <trkpt lat="51.5926960" lon="-0.1767620">
    <ele>91.8</ele>
    <time>2021-12-18T11:29:39Z</time>
   </trkpt>
   <trkpt lat="51.5927710" lon="-0.1766060">
    <ele>91.4</ele>
    <time>2021-12-18T11:29:41Z</time>
   </trkpt>
   <trkpt lat="51.5928100" lon="-0.1765280">
    <ele>91.2</ele>
    <time>2021-12-18T11:29:42Z</time>
   </trkpt>
   <trkpt lat="51.5928460" lon="-0.1764430">
    <ele>91.1</ele>
    <time>2021-12-18T11:29:43Z</time>
   </trkpt>
   <trkpt lat="51.5929270" lon="-0.1763030">
    <ele>90.7</ele>
    <time>2021-12-18T11:29:45Z</time>
   </trkpt>
   <trkpt lat="51.5929760" lon="-0.1762380">
    <ele>90.5</ele>
    <time>2021-12-18T11:29:46Z</time>
   </trkpt>
   <trkpt lat="51.5930770" lon="-0.1761310">
    <ele>90.3</ele>
    <time>2021-12-18T11:29:48Z</time>
   </trkpt>
   <trkpt lat="51.5931240" lon="-0.1760810">
    <ele>90.2</ele>
    <time>2021-12-18T11:29:49Z</time>
   </trkpt>
   <trkpt lat="51.5931700" lon="-0.1760340">
    <ele>90.1</ele>
    <time>2021-12-18T11:29:50Z</time>
   </trkpt>
   <trkpt lat="51.5932400" lon="-0.1759370">
    <ele>90.0</ele>
    <time>2021-12-18T11:29:52Z</time>
   </trkpt>
   <trkpt lat="51.5932350" lon="-0.1757940">
    <ele>89.9</ele>
    <time>2021-12-18T11:29:54Z</time>
   </trkpt>
   <trkpt lat="51.5932070" lon="-0.1757300">
    <ele>89.9</ele>
    <time>2021-12-18T11:29:55Z</time>
   </trkpt>
   <trkpt lat="51.5931380" lon="-0.1755910">
    <ele>89.9</ele>
    <time>2021-12-18T11:29:57Z</time>
   </trkpt>
   <trkpt lat="51.5930660" lon="-0.1754470">
    <ele>90.1</ele>
    <time>2021-12-18T11:29:59Z</time>
   </trkpt>
   <trkpt lat="51.5929970" lon="-0.1752990">
    <ele>90.3</ele>
    <time>2021-12-18T11:30:01Z</time>
   </trkpt>
   <trkpt lat="51.5929280" lon="-0.1751640">
    <ele>90.5</ele>
    <time>2021-12-18T11:30:03Z</time>
   </trkpt>
   <trkpt lat="51.5928910" lon="-0.1750910">
    <ele>90.6</ele>
    <time>2021-12-18T11:30:04Z</time>
   </trkpt>
   <trkpt lat="51.5928210" lon="-0.1749490">
    <ele>90.7</ele>
    <time>2021-12-18T11:30:06Z</time>
   </trkpt>
   <trkpt lat="51.5927880" lon="-0.1748740">
    <ele>90.8</ele>
    <time>2021-12-18T11:30:07Z</time>
   </trkpt>
   <trkpt lat="51.5927220" lon="-0.1747280">
    <ele>91.0</ele>
    <time>2021-12-18T11:30:09Z</time>
   </trkpt>
   <trkpt lat="51.5926910" lon="-0.1746580">
    <ele>91.1</ele>
    <time>2021-12-18T11:30:10Z</time>
   </trkpt>
   <trkpt lat="51.5926260" lon="-0.1745110">
    <ele>91.3</ele>
    <time>2021-12-18T11:30:12Z</time>
   </trkpt>
   <trkpt lat="51.5925610" lon="-0.1743680">
    <ele>91.7</ele>
    <time>2021-12-18T11:30:14Z</time>
   </trkpt>
   <trkpt lat="51.5925340" lon="-0.1743070">
    <ele>91.8</ele>
    <time>2021-12-18T11:30:15Z</time>
   </trkpt>
   <trkpt lat="51.5925100" lon="-0.1742510">
    <ele>92.0</ele>
    <time>2021-12-18T11:30:16Z</time>
   </trkpt>
   <trkpt lat="51.5924650" lon="-0.1741410">
    <ele>92.3</ele>
    <time>2021-12-18T11:30:18Z</time>
   </trkpt>
   <trkpt lat="51.5924500" lon="-0.1740960">
    <ele>92.4</ele>
    <time>2021-12-18T11:30:19Z</time>
   </trkpt>
   <trkpt lat="51.5924370" lon="-0.1740580">
    <ele>92.7</ele>
    <time>2021-12-18T11:30:20Z</time>
   </trkpt>
   <trkpt lat="51.5924350" lon="-0.1740440">
    <ele>92.8</ele>
    <time>2021-12-18T11:30:21Z</time>
   </trkpt>
   <trkpt lat="51.5924320" lon="-0.1740300">
    <ele>92.8</ele>
    <time>2021-12-18T11:30:23Z</time>
   </trkpt>
   <trkpt lat="51.5924300" lon="-0.1740170">
    <ele>92.8</ele>
    <time>2021-12-18T11:30:24Z</time>
   </trkpt>
   <trkpt lat="51.5924280" lon="-0.1740030">
    <ele>92.8</ele>
    <time>2021-12-18T11:30:25Z</time>
   </trkpt>
   <trkpt lat="51.5924440" lon="-0.1738920">
    <ele>92.9</ele>
    <time>2021-12-18T11:30:27Z</time>
   </trkpt>
   <trkpt lat="51.5924970" lon="-0.1737540">
    <ele>93.1</ele>
    <time>2021-12-18T11:30:29Z</time>
   </trkpt>
   <trkpt lat="51.5925570" lon="-0.1736140">
    <ele>93.3</ele>
    <time>2021-12-18T11:30:31Z</time>
   </trkpt>
   <trkpt lat="51.5926200" lon="-0.1734820">
    <ele>93.6</ele>
    <time>2021-12-18T11:30:33Z</time>
   </trkpt>
   <trkpt lat="51.5926500" lon="-0.1734210">
    <ele>93.7</ele>
    <time>2021-12-18T11:30:34Z</time>
   </trkpt>
   <trkpt lat="51.5926960" lon="-0.1732950">
    <ele>93.7</ele>
    <time>2021-12-18T11:30:36Z</time>
   </trkpt>
   <trkpt lat="51.5927180" lon="-0.1732330">
    <ele>93.6</ele>
    <time>2021-12-18T11:30:37Z</time>
   </trkpt>
   <trkpt lat="51.5927700" lon="-0.1731110">
    <ele>93.4</ele>
    <time>2021-12-18T11:30:39Z</time>
   </trkpt>
   <trkpt lat="51.5928300" lon="-0.1729680">
    <ele>93.0</ele>
    <time>2021-12-18T11:30:41Z</time>
   </trkpt>
   <trkpt lat="51.5928580" lon="-0.1728850">
    <ele>92.7</ele>
    <time>2021-12-18T11:30:42Z</time>
   </trkpt>
   <trkpt lat="51.5929270" lon="-0.1727000">
    <ele>92.3</ele>
    <time>2021-12-18T11:30:44Z</time>
   </trkpt>
   <trkpt lat="51.5930130" lon="-0.1725260">
    <ele>91.8</ele>
    <time>2021-12-18T11:30:46Z</time>
   </trkpt>
   <trkpt lat="51.5930450" lon="-0.1724440">
    <ele>91.4</ele>
    <time>2021-12-18T11:30:47Z</time>
   </trkpt>
   <trkpt lat="51.5931040" lon="-0.1722890">
    <ele>90.7</ele>
    <time>2021-12-18T11:30:49Z</time>
   </trkpt>
   <trkpt lat="51.5931320" lon="-0.1722320">
    <ele>90.4</ele>
    <time>2021-12-18T11:30:50Z</time>
   </trkpt>
   <trkpt lat="51.5931660" lon="-0.1721940">
    <ele>90.1</ele>
    <time>2021-12-18T11:30:51Z</time>
   </trkpt>
   <trkpt lat="51.5932450" lon="-0.1722120">
    <ele>89.6</ele>
    <time>2021-12-18T11:30:53Z</time>
   </trkpt>
   <trkpt lat="51.5932840" lon="-0.1722580">
    <ele>89.1</ele>
    <time>2021-12-18T11:30:54Z</time>
   </trkpt>
   <trkpt lat="51.5933540" lon="-0.1723750">
    <ele>88.6</ele>
    <time>2021-12-18T11:30:56Z</time>
   </trkpt>
   <trkpt lat="51.5933880" lon="-0.1724380">
    <ele>88.4</ele>
    <time>2021-12-18T11:30:57Z</time>
   </trkpt>
   <trkpt lat="51.5934510" lon="-0.1725710">
    <ele>88.1</ele>
    <time>2021-12-18T11:30:59Z</time>
   </trkpt>
   <trkpt lat="51.5934870" lon="-0.1726410">
    <ele>87.9</ele>
    <time>2021-12-18T11:31:00Z</time>
   </trkpt>
   <trkpt lat="51.5935240" lon="-0.1727080">
    <ele>87.7</ele>
    <time>2021-12-18T11:31:01Z</time>
   </trkpt>
   <trkpt lat="51.5935910" lon="-0.1728510">
    <ele>87.4</ele>
    <time>2021-12-18T11:31:03Z</time>
   </trkpt>
   <trkpt lat="51.5936570" lon="-0.1730250">
    <ele>87.0</ele>
    <time>2021-12-18T11:31:05Z</time>
   </trkpt>
   <trkpt lat="51.5937000" lon="-0.1731130">
    <ele>86.7</ele>
    <time>2021-12-18T11:31:06Z</time>
   </trkpt>
   <trkpt lat="51.5937730" lon="-0.1732940">
    <ele>86.1</ele>
    <time>2021-12-18T11:31:08Z</time>
   </trkpt>
   <trkpt lat="51.5938110" lon="-0.1733950">
    <ele>85.8</ele>
    <time>2021-12-18T11:31:09Z</time>
   </trkpt>
   <trkpt lat="51.5938850" lon="-0.1735840">
    <ele>85.1</ele>
    <time>2021-12-18T11:31:11Z</time>
   </trkpt>
   <trkpt lat="51.5939260" lon="-0.1736900">
    <ele>85.0</ele>
    <time>2021-12-18T11:31:12Z</time>
   </trkpt>
   <trkpt lat="51.5940160" lon="-0.1738890">
    <ele>84.5</ele>
    <time>2021-12-18T11:31:14Z</time>
   </trkpt>
   <trkpt lat="51.5940570" lon="-0.1739910">
    <ele>84.3</ele>
    <time>2021-12-18T11:31:15Z</time>
   </trkpt>
   <trkpt lat="51.5941410" lon="-0.1741970">
    <ele>84.1</ele>
    <time>2021-12-18T11:31:17Z</time>
   </trkpt>
   <trkpt lat="51.5942270" lon="-0.1743970">
    <ele>84.2</ele>
    <time>2021-12-18T11:31:19Z</time>
   </trkpt>
   <trkpt lat="51.5942660" lon="-0.1744940">
    <ele>84.3</ele>
    <time>2021-12-18T11:31:20Z</time>
   </trkpt>
   <trkpt lat="51.5943030" lon="-0.1745910">
    <ele>84.4</ele>
    <time>2021-12-18T11:31:21Z</time>
   </trkpt>
   <trkpt lat="51.5943740" lon="-0.1747970">
    <ele>84.5</ele>
    <time>2021-12-18T11:31:23Z</time>
   </trkpt>
   <trkpt lat="51.5944320" lon="-0.1749990">
    <ele>84.8</ele>
    <time>2021-12-18T11:31:25Z</time>
   </trkpt>
   <trkpt lat="51.5944760" lon="-0.1751820">
    <ele>85.3</ele>
    <time>2021-12-18T11:31:27Z</time>
   </trkpt>
   <trkpt lat="51.5945250" lon="-0.1753600">
    <ele>85.8</ele>
    <time>2021-12-18T11:31:29Z</time>
   </trkpt>
   <trkpt lat="51.5945540" lon="-0.1754420">
    <ele>86.0</ele>
    <time>2021-12-18T11:31:30Z</time>
   </trkpt>
   <trkpt lat="51.5946170" lon="-0.1756000">
    <ele>86.5</ele>
    <time>2021-12-18T11:31:32Z</time>
   </trkpt>
   <trkpt lat="51.5946720" lon="-0.1757700">
    <ele>87.0</ele>
    <time>2021-12-18T11:31:34Z</time>
   </trkpt>
   <trkpt lat="51.5947140" lon="-0.1759520">
    <ele>87.4</ele>
    <time>2021-12-18T11:31:36Z</time>
   </trkpt>
   <trkpt lat="51.5947750" lon="-0.1761100">
    <ele>87.7</ele>
    <time>2021-12-18T11:31:38Z</time>
   </trkpt>
   <trkpt lat="51.5948050" lon="-0.1761910">
    <ele>87.8</ele>
    <time>2021-12-18T11:31:39Z</time>
   </trkpt>
   <trkpt lat="51.5948270" lon="-0.1762730">
    <ele>87.9</ele>
    <time>2021-12-18T11:31:40Z</time>
   </trkpt>
   <trkpt lat="51.5948910" lon="-0.1764330">
    <ele>88.2</ele>
    <time>2021-12-18T11:31:42Z</time>
   </trkpt>
   <trkpt lat="51.5949700" lon="-0.1765810">
    <ele>88.4</ele>
    <time>2021-12-18T11:31:44Z</time>
   </trkpt>
   <trkpt lat="51.5950110" lon="-0.1766580">
    <ele>88.5</ele>
    <time>2021-12-18T11:31:45Z</time>
   </trkpt>
   <trkpt lat="51.5950870" lon="-0.1768020">
    <ele>88.6</ele>
    <time>2021-12-18T11:31:47Z</time>
   </trkpt>
   <trkpt lat="51.5951710" lon="-0.1769470">
    <ele>88.6</ele>
    <time>2021-12-18T11:31:49Z</time>
   </trkpt>
   <trkpt lat="51.5952130" lon="-0.1770140">
    <ele>88.6</ele>
    <time>2021-12-18T11:31:50Z</time>
   </trkpt>
   <trkpt lat="51.5953020" lon="-0.1771390">
    <ele>88.5</ele>
    <time>2021-12-18T11:31:52Z</time>
   </trkpt>
   <trkpt lat="51.5953980" lon="-0.1772610">
    <ele>88.4</ele>
    <time>2021-12-18T11:31:54Z</time>
   </trkpt>
   <trkpt lat="51.5954480" lon="-0.1773220">
    <ele>88.3</ele>
    <time>2021-12-18T11:31:55Z</time>
   </trkpt>
   <trkpt lat="51.5955520" lon="-0.1774380">
    <ele>88.0</ele>
    <time>2021-12-18T11:31:57Z</time>
   </trkpt>
   <trkpt lat="51.5956630" lon="-0.1775410">
    <ele>87.7</ele>
    <time>2021-12-18T11:31:59Z</time>
   </trkpt>
   <trkpt lat="51.5957200" lon="-0.1775980">
    <ele>87.5</ele>
    <time>2021-12-18T11:32:00Z</time>
   </trkpt>
   <trkpt lat="51.5958340" lon="-0.1777300">
    <ele>87.1</ele>
    <time>2021-12-18T11:32:02Z</time>
   </trkpt>
   <trkpt lat="51.5959520" lon="-0.1778690">
    <ele>86.7</ele>
    <time>2021-12-18T11:32:04Z</time>
   </trkpt>
   <trkpt lat="51.5960650" lon="-0.1780130">
    <ele>86.4</ele>
    <time>2021-12-18T11:32:06Z</time>
   </trkpt>
   <trkpt lat="51.5961840" lon="-0.1781440">
    <ele>86.0</ele>
    <time>2021-12-18T11:32:08Z</time>
   </trkpt>
   <trkpt lat="51.5962410" lon="-0.1782090">
    <ele>85.8</ele>
    <time>2021-12-18T11:32:09Z</time>
   </trkpt>
   <trkpt lat="51.5963570" lon="-0.1783520">
    <ele>85.3</ele>
    <time>2021-12-18T11:32:11Z</time>
   </trkpt>
   <trkpt lat="51.5964180" lon="-0.1784140">
    <ele>85.0</ele>
    <time>2021-12-18T11:32:12Z</time>
   </trkpt>
   <trkpt lat="51.5965280" lon="-0.1785480">
    <ele>84.6</ele>
    <time>2021-12-18T11:32:14Z</time>
   </trkpt>
   <trkpt lat="51.5965880" lon="-0.1786150">
    <ele>84.3</ele>
    <time>2021-12-18T11:32:15Z</time>
   </trkpt>
   <trkpt lat="51.5967080" lon="-0.1787500">
    <ele>83.6</ele>
    <time>2021-12-18T11:32:17Z</time>
   </trkpt>
   <trkpt lat="51.5967790" lon="-0.1788140">
    <ele>83.1</ele>
    <time>2021-12-18T11:32:18Z</time>
   </trkpt>
   <trkpt lat="51.5968490" lon="-0.1788770">
    <ele>82.6</ele>
    <time>2021-12-18T11:32:19Z</time>
   </trkpt>
   <trkpt lat="51.5969950" lon="-0.1790110">
    <ele>81.4</ele>
    <time>2021-12-18T11:32:21Z</time>
   </trkpt>
   <trkpt lat="51.5970740" lon="-0.1790780">
    <ele>81.1</ele>
    <time>2021-12-18T11:32:22Z</time>
   </trkpt>
   <trkpt lat="51.5972470" lon="-0.1792160">
    <ele>80.7</ele>
    <time>2021-12-18T11:32:24Z</time>
   </trkpt>
   <trkpt lat="51.5973280" lon="-0.1792850">
    <ele>80.6</ele>
    <time>2021-12-18T11:32:25Z</time>
   </trkpt>
   <trkpt lat="51.5974870" lon="-0.1794310">
    <ele>80.6</ele>
    <time>2021-12-18T11:32:27Z</time>
   </trkpt>
   <trkpt lat="51.5976590" lon="-0.1795780">
    <ele>80.6</ele>
    <time>2021-12-18T11:32:29Z</time>
   </trkpt>
   <trkpt lat="51.5978160" lon="-0.1797150">
    <ele>80.6</ele>
    <time>2021-12-18T11:32:31Z</time>
   </trkpt>
   <trkpt lat="51.5978930" lon="-0.1797880">
    <ele>80.6</ele>
    <time>2021-12-18T11:32:32Z</time>
   </trkpt>
   <trkpt lat="51.5980390" lon="-0.1799400">
    <ele>80.5</ele>
    <time>2021-12-18T11:32:34Z</time>
   </trkpt>
   <trkpt lat="51.5981170" lon="-0.1800100">
    <ele>80.4</ele>
    <time>2021-12-18T11:32:35Z</time>
   </trkpt>
   <trkpt lat="51.5982740" lon="-0.1801610">
    <ele>80.0</ele>
    <time>2021-12-18T11:32:37Z</time>
   </trkpt>
   <trkpt lat="51.5983500" lon="-0.1802330">
    <ele>79.7</ele>
    <time>2021-12-18T11:32:38Z</time>
   </trkpt>
   <trkpt lat="51.5985100" lon="-0.1803850">
    <ele>78.9</ele>
    <time>2021-12-18T11:32:40Z</time>
   </trkpt>
   <trkpt lat="51.5985960" lon="-0.1804670">
    <ele>78.4</ele>
    <time>2021-12-18T11:32:41Z</time>
   </trkpt>
   <trkpt lat="51.5987720" lon="-0.1806320">
    <ele>77.4</ele>
    <time>2021-12-18T11:32:43Z</time>
   </trkpt>
   <trkpt lat="51.5988610" lon="-0.1807200">
    <ele>77.1</ele>
    <time>2021-12-18T11:32:44Z</time>
   </trkpt>
   <trkpt lat="51.5989520" lon="-0.1808000">
    <ele>76.8</ele>
    <time>2021-12-18T11:32:45Z</time>
   </trkpt>
   <trkpt lat="51.5991270" lon="-0.1809510">
    <ele>76.5</ele>
    <time>2021-12-18T11:32:47Z</time>
   </trkpt>
   <trkpt lat="51.5992140" lon="-0.1810230">
    <ele>76.5</ele>
    <time>2021-12-18T11:32:48Z</time>
   </trkpt>
   <trkpt lat="51.5993760" lon="-0.1811710">
    <ele>76.5</ele>
    <time>2021-12-18T11:32:50Z</time>
   </trkpt>
   <trkpt lat="51.5994550" lon="-0.1812380">
    <ele>76.7</ele>
    <time>2021-12-18T11:32:51Z</time>
   </trkpt>
   <trkpt lat="51.5995870" lon="-0.1813430">
    <ele>77.1</ele>
    <time>2021-12-18T11:32:53Z</time>
   </trkpt>
   <trkpt lat="51.5996520" lon="-0.1813930">
    <ele>77.5</ele>
    <time>2021-12-18T11:32:54Z</time>
   </trkpt>
   <trkpt lat="51.5997610" lon="-0.1814820">
    <ele>78.2</ele>
    <time>2021-12-18T11:32:56Z</time>
   </trkpt>
   <trkpt lat="51.5998190" lon="-0.1815330">
    <ele>78.6</ele>
    <time>2021-12-18T11:32:57Z</time>
   </trkpt>
   <trkpt lat="51.5999300" lon="-0.1816510">
    <ele>79.4</ele>
    <time>2021-12-18T11:32:59Z</time>
   </trkpt>
   <trkpt lat="51.6000320" lon="-0.1817470">
    <ele>79.8</ele>
    <time>2021-12-18T11:33:01Z</time>
   </trkpt>
   <trkpt lat="51.6001390" lon="-0.1818280">
    <ele>80.2</ele>
    <time>2021-12-18T11:33:03Z</time>
   </trkpt>
   <trkpt lat="51.6001920" lon="-0.1818660">
    <ele>80.3</ele>
    <time>2021-12-18T11:33:04Z</time>
   </trkpt>
   <trkpt lat="51.6002350" lon="-0.1819240">
    <ele>80.4</ele>
    <time>2021-12-18T11:33:05Z</time>
   </trkpt>
   <trkpt lat="51.6003080" lon="-0.1820800">
    <ele>80.7</ele>
    <time>2021-12-18T11:33:07Z</time>
   </trkpt>
   <trkpt lat="51.6003890" lon="-0.1822280">
    <ele>81.1</ele>
    <time>2021-12-18T11:33:09Z</time>
   </trkpt>
   <trkpt lat="51.6004290" lon="-0.1823060">
    <ele>81.4</ele>
    <time>2021-12-18T11:33:10Z</time>
   </trkpt>
   <trkpt lat="51.6005160" lon="-0.1824570">
    <ele>81.8</ele>
    <time>2021-12-18T11:33:12Z</time>
   </trkpt>
   <trkpt lat="51.6005960" lon="-0.1826080">
    <ele>82.2</ele>
    <time>2021-12-18T11:33:14Z</time>
   </trkpt>
   <trkpt lat="51.6006320" lon="-0.1826830">
    <ele>82.4</ele>
    <time>2021-12-18T11:33:15Z</time>
   </trkpt>
   <trkpt lat="51.6006690" lon="-0.1827580">
    <ele>82.6</ele>
    <time>2021-12-18T11:33:16Z</time>
   </trkpt>
   <trkpt lat="51.6007440" lon="-0.1828940">
    <ele>83.1</ele>
    <time>2021-12-18T11:33:18Z</time>
   </trkpt>
   <trkpt lat="51.6007820" lon="-0.1829600">
    <ele>83.3</ele>
    <time>2021-12-18T11:33:19Z</time>
   </trkpt>
   <trkpt lat="51.6008200" lon="-0.1830340">
    <ele>83.5</ele>
    <time>2021-12-18T11:33:20Z</time>
   </trkpt>
   <trkpt lat="51.6008990" lon="-0.1831730">
    <ele>84.0</ele>
    <time>2021-12-18T11:33:22Z</time>
   </trkpt>
   <trkpt lat="51.6009430" lon="-0.1832410">
    <ele>84.2</ele>
    <time>2021-12-18T11:33:23Z</time>
   </trkpt>
   <trkpt lat="51.6010160" lon="-0.1834020">
    <ele>84.6</ele>
    <time>2021-12-18T11:33:25Z</time>
   </trkpt>
   <trkpt lat="51.6010570" lon="-0.1834750">
    <ele>84.8</ele>
    <time>2021-12-18T11:33:26Z</time>
   </trkpt>
   <trkpt lat="51.6011440" lon="-0.1836080">
    <ele>85.1</ele>
    <time>2021-12-18T11:33:28Z</time>
   </trkpt>
   <trkpt lat="51.6011880" lon="-0.1836850">
    <ele>85.2</ele>
    <time>2021-12-18T11:33:29Z</time>
   </trkpt>
   <trkpt lat="51.6012890" lon="-0.1838140">
    <ele>85.5</ele>
    <time>2021-12-18T11:33:31Z</time>
   </trkpt>
   <trkpt lat="51.6013950" lon="-0.1839440">
    <ele>85.8</ele>
    <time>2021-12-18T11:33:33Z</time>
   </trkpt>
   <trkpt lat="51.6014430" lon="-0.1840060">
    <ele>85.9</ele>
    <time>2021-12-18T11:33:34Z</time>
   </trkpt>
   <trkpt lat="51.6014980" lon="-0.1840630">
    <ele>86.0</ele>
    <time>2021-12-18T11:33:35Z</time>
   </trkpt>
   <trkpt lat="51.6015500" lon="-0.1841120">
    <ele>86.1</ele>
    <time>2021-12-18T11:33:36Z</time>
   </trkpt>
   <trkpt lat="51.6016530" lon="-0.1842100">
    <ele>86.3</ele>
    <time>2021-12-18T11:33:38Z</time>
   </trkpt>
   <trkpt lat="51.6017030" lon="-0.1842730">
    <ele>86.4</ele>
    <time>2021-12-18T11:33:39Z</time>
   </trkpt>
   <trkpt lat="51.6018060" lon="-0.1843970">
    <ele>86.6</ele>
    <time>2021-12-18T11:33:41Z</time>
   </trkpt>
   <trkpt lat="51.6018550" lon="-0.1844510">
    <ele>86.7</ele>
    <time>2021-12-18T11:33:42Z</time>
   </trkpt>
   <trkpt lat="51.6019050" lon="-0.1845010">
    <ele>86.8</ele>
    <time>2021-12-18T11:33:43Z</time>
   </trkpt>
   <trkpt lat="51.6020120" lon="-0.1846050">
    <ele>86.9</ele>
    <time>2021-12-18T11:33:45Z</time>
   </trkpt>
   <trkpt lat="51.6021090" lon="-0.1846970">
    <ele>87.0</ele>
    <time>2021-12-18T11:33:47Z</time>
   </trkpt>
   <trkpt lat="51.6022030" lon="-0.1848060">
    <ele>87.2</ele>
    <time>2021-12-18T11:33:49Z</time>
   </trkpt>
   <trkpt lat="51.6023010" lon="-0.1849200">
    <ele>87.3</ele>
    <time>2021-12-18T11:33:51Z</time>
   </trkpt>
   <trkpt lat="51.6023930" lon="-0.1850560">
    <ele>87.4</ele>
    <time>2021-12-18T11:33:53Z</time>
   </trkpt>
   <trkpt lat="51.6024900" lon="-0.1851920">
    <ele>87.6</ele>
    <time>2021-12-18T11:33:55Z</time>
   </trkpt>
   <trkpt lat="51.6025420" lon="-0.1852470">
    <ele>87.7</ele>
    <time>2021-12-18T11:33:56Z</time>
   </trkpt>
   <trkpt lat="51.6025920" lon="-0.1853110">
    <ele>87.7</ele>
    <time>2021-12-18T11:33:57Z</time>
   </trkpt>
   <trkpt lat="51.6026360" lon="-0.1853800">
    <ele>87.8</ele>
    <time>2021-12-18T11:33:58Z</time>
   </trkpt>
   <trkpt lat="51.6027340" lon="-0.1854950">
    <ele>88.0</ele>
    <time>2021-12-18T11:34:00Z</time>
   </trkpt>
   <trkpt lat="51.6028300" lon="-0.1856260">
    <ele>88.1</ele>
    <time>2021-12-18T11:34:02Z</time>
   </trkpt>
   <trkpt lat="51.6028790" lon="-0.1856900">
    <ele>88.2</ele>
    <time>2021-12-18T11:34:03Z</time>
   </trkpt>
   <trkpt lat="51.6029720" lon="-0.1858070">
    <ele>88.3</ele>
    <time>2021-12-18T11:34:05Z</time>
   </trkpt>
   <trkpt lat="51.6030170" lon="-0.1858670">
    <ele>88.4</ele>
    <time>2021-12-18T11:34:06Z</time>
   </trkpt>
   <trkpt lat="51.6030880" lon="-0.1859780">
    <ele>88.5</ele>
    <time>2021-12-18T11:34:08Z</time>
   </trkpt>
   <trkpt lat="51.6031250" lon="-0.1860400">
    <ele>88.5</ele>
    <time>2021-12-18T11:34:09Z</time>
   </trkpt>
   <trkpt lat="51.6031630" lon="-0.1861050">
    <ele>88.6</ele>
    <time>2021-12-18T11:34:10Z</time>
   </trkpt>
   <trkpt lat="51.6032430" lon="-0.1862280">
    <ele>88.8</ele>
    <time>2021-12-18T11:34:12Z</time>
   </trkpt>
   <trkpt lat="51.6032830" lon="-0.1862840">
    <ele>88.8</ele>
    <time>2021-12-18T11:34:13Z</time>
   </trkpt>
   <trkpt lat="51.6033220" lon="-0.1863330">
    <ele>88.9</ele>
    <time>2021-12-18T11:34:14Z</time>
   </trkpt>
   <trkpt lat="51.6033570" lon="-0.1863800">
    <ele>88.9</ele>
    <time>2021-12-18T11:34:15Z</time>
   </trkpt>
   <trkpt lat="51.6034170" lon="-0.1864680">
    <ele>89.0</ele>
    <time>2021-12-18T11:34:17Z</time>
   </trkpt>
   <trkpt lat="51.6034460" lon="-0.1865220">
    <ele>89.1</ele>
    <time>2021-12-18T11:34:18Z</time>
   </trkpt>
   <trkpt lat="51.6034980" lon="-0.1866320">
    <ele>89.2</ele>
    <time>2021-12-18T11:34:20Z</time>
   </trkpt>
   <trkpt lat="51.6035480" lon="-0.1867370">
    <ele>89.2</ele>
    <time>2021-12-18T11:34:22Z</time>
   </trkpt>
   <trkpt lat="51.6035680" lon="-0.1867910">
    <ele>89.3</ele>
    <time>2021-12-18T11:34:23Z</time>
   </trkpt>
   <trkpt lat="51.6035930" lon="-0.1868490">
    <ele>89.3</ele>
    <time>2021-12-18T11:34:25Z</time>
   </trkpt>
   <trkpt lat="51.6035880" lon="-0.1868350">
    <ele>89.3</ele>
    <time>2021-12-18T11:34:27Z</time>
   </trkpt>
   <trkpt lat="51.6035870" lon="-0.1868350">
    <ele>89.3</ele>
    <time>2021-12-18T11:34:29Z</time>
   </trkpt>
   <trkpt lat="51.6035930" lon="-0.1868380">
    <ele>89.3</ele>
    <time>2021-12-18T11:34:30Z</time>
   </trkpt>
   <trkpt lat="51.6035860" lon="-0.1868340">
    <ele>89.3</ele>
    <time>2021-12-18T11:34:32Z</time>
   </trkpt>
   <trkpt lat="51.6035800" lon="-0.1868300">
    <ele>89.3</ele>
    <time>2021-12-18T11:34:34Z</time>
   </trkpt>
   <trkpt lat="51.6035780" lon="-0.1868290">
    <ele>89.3</ele>
    <time>2021-12-18T11:34:35Z</time>
   </trkpt>
   <trkpt lat="51.6035740" lon="-0.1868320">
    <ele>89.4</ele>
    <time>2021-12-18T11:34:36Z</time>
   </trkpt>
   <trkpt lat="51.6035720" lon="-0.1868350">
    <ele>89.4</ele>
    <time>2021-12-18T11:34:37Z</time>
   </trkpt>
   <trkpt lat="51.6035690" lon="-0.1868370">
    <ele>89.4</ele>
    <time>2021-12-18T11:34:39Z</time>
   </trkpt>
   <trkpt lat="51.6035730" lon="-0.1868380">
    <ele>89.4</ele>
    <time>2021-12-18T11:34:41Z</time>
   </trkpt>
   <trkpt lat="51.6035720" lon="-0.1868380">
    <ele>89.4</ele>
    <time>2021-12-18T11:34:42Z</time>
   </trkpt>
   <trkpt lat="51.6035730" lon="-0.1868380">
    <ele>89.4</ele>
    <time>2021-12-18T11:34:43Z</time>
   </trkpt>
   <trkpt lat="51.6035740" lon="-0.1868390">
    <ele>89.4</ele>
    <time>2021-12-18T11:34:44Z</time>
   </trkpt>
   <trkpt lat="51.6035690" lon="-0.1868370">
    <ele>89.4</ele>
    <time>2021-12-18T11:34:46Z</time>
   </trkpt>
   <trkpt lat="51.6035700" lon="-0.1868370">
    <ele>89.4</ele>
    <time>2021-12-18T11:34:48Z</time>
   </trkpt>
   <trkpt lat="51.6036620" lon="-0.1869460">
    <ele>89.5</ele>
    <time>2021-12-18T11:34:55Z</time>
   </trkpt>
   <trkpt lat="51.6037330" lon="-0.1870480">
    <ele>89.6</ele>
    <time>2021-12-18T11:34:57Z</time>
   </trkpt>
   <trkpt lat="51.6037640" lon="-0.1871100">
    <ele>89.7</ele>
    <time>2021-12-18T11:34:58Z</time>
   </trkpt>
   <trkpt lat="51.6038330" lon="-0.1872420">
    <ele>89.8</ele>
    <time>2021-12-18T11:35:00Z</time>
   </trkpt>
   <trkpt lat="51.6038690" lon="-0.1872980">
    <ele>89.9</ele>
    <time>2021-12-18T11:35:01Z</time>
   </trkpt>
   <trkpt lat="51.6039430" lon="-0.1874280">
    <ele>90.0</ele>
    <time>2021-12-18T11:35:03Z</time>
   </trkpt>
   <trkpt lat="51.6039790" lon="-0.1874990">
    <ele>90.1</ele>
    <time>2021-12-18T11:35:04Z</time>
   </trkpt>
   <trkpt lat="51.6040130" lon="-0.1875670">
    <ele>90.2</ele>
    <time>2021-12-18T11:35:05Z</time>
   </trkpt>
   <trkpt lat="51.6040850" lon="-0.1876990">
    <ele>90.3</ele>
    <time>2021-12-18T11:35:07Z</time>
   </trkpt>
   <trkpt lat="51.6041560" lon="-0.1877850">
    <ele>90.5</ele>
    <time>2021-12-18T11:35:09Z</time>
   </trkpt>
   <trkpt lat="51.6041810" lon="-0.1878400">
    <ele>90.5</ele>
    <time>2021-12-18T11:35:11Z</time>
   </trkpt>
   <trkpt lat="51.6041890" lon="-0.1878690">
    <ele>90.5</ele>
    <time>2021-12-18T11:35:13Z</time>
   </trkpt>
   <trkpt lat="51.6041920" lon="-0.1878730">
    <ele>90.5</ele>
    <time>2021-12-18T11:35:14Z</time>
   </trkpt>
   <trkpt lat="51.6042010" lon="-0.1878830">
    <ele>90.6</ele>
    <time>2021-12-18T11:35:15Z</time>
   </trkpt>
   <trkpt lat="51.6042460" lon="-0.1879400">
    <ele>90.6</ele>
    <time>2021-12-18T11:35:17Z</time>
   </trkpt>
   <trkpt lat="51.6042950" lon="-0.1880370">
    <ele>90.7</ele>
    <time>2021-12-18T11:35:19Z</time>
   </trkpt>
   <trkpt lat="51.6043420" lon="-0.1881670">
    <ele>90.8</ele>
    <time>2021-12-18T11:35:21Z</time>
   </trkpt>
   <trkpt lat="51.6043700" lon="-0.1882270">
    <ele>90.8</ele>
    <time>2021-12-18T11:35:22Z</time>
   </trkpt>
   <trkpt lat="51.6044320" lon="-0.1883420">
    <ele>90.9</ele>
    <time>2021-12-18T11:35:24Z</time>
   </trkpt>
   <trkpt lat="51.6044770" lon="-0.1884720">
    <ele>91.0</ele>
    <time>2021-12-18T11:35:26Z</time>
   </trkpt>
   <trkpt lat="51.6045190" lon="-0.1885770">
    <ele>91.0</ele>
    <time>2021-12-18T11:35:28Z</time>
   </trkpt>
   <trkpt lat="51.6045450" lon="-0.1886260">
    <ele>91.1</ele>
    <time>2021-12-18T11:35:29Z</time>
   </trkpt>
   <trkpt lat="51.6045960" lon="-0.1887040">
    <ele>91.2</ele>
    <time>2021-12-18T11:35:31Z</time>
   </trkpt>
   <trkpt lat="51.6046230" lon="-0.1887490">
    <ele>91.2</ele>
    <time>2021-12-18T11:35:33Z</time>
   </trkpt>
   <trkpt lat="51.6046390" lon="-0.1887770">
    <ele>91.3</ele>
    <time>2021-12-18T11:35:34Z</time>
   </trkpt>
   <trkpt lat="51.6046920" lon="-0.1888260">
    <ele>91.3</ele>
    <time>2021-12-18T11:35:36Z</time>
   </trkpt>
   <trkpt lat="51.6047440" lon="-0.1888030">
    <ele>91.3</ele>
    <time>2021-12-18T11:35:37Z</time>
   </trkpt>
   <trkpt lat="51.6048380" lon="-0.1886950">
    <ele>91.3</ele>
    <time>2021-12-18T11:35:39Z</time>
   </trkpt>
   <trkpt lat="51.6049300" lon="-0.1885660">
    <ele>91.3</ele>
    <time>2021-12-18T11:35:41Z</time>
   </trkpt>
   <trkpt lat="51.6049750" lon="-0.1885090">
    <ele>91.3</ele>
    <time>2021-12-18T11:35:42Z</time>
   </trkpt>
   <trkpt lat="51.6050610" lon="-0.1884010">
    <ele>91.3</ele>
    <time>2021-12-18T11:35:44Z</time>
   </trkpt>
   <trkpt lat="51.6051020" lon="-0.1883450">
    <ele>91.3</ele>
    <time>2021-12-18T11:35:45Z</time>
   </trkpt>
   <trkpt lat="51.6051460" lon="-0.1882920">
    <ele>91.4</ele>
    <time>2021-12-18T11:35:46Z</time>
   </trkpt>
   <trkpt lat="51.6052440" lon="-0.1881850">
    <ele>91.4</ele>
    <time>2021-12-18T11:35:48Z</time>
   </trkpt>
   <trkpt lat="51.6052900" lon="-0.1881290">
    <ele>91.4</ele>
    <time>2021-12-18T11:35:49Z</time>
   </trkpt>
   <trkpt lat="51.6053380" lon="-0.1880760">
    <ele>91.5</ele>
    <time>2021-12-18T11:35:50Z</time>
   </trkpt>
   <trkpt lat="51.6054270" lon="-0.1879690">
    <ele>91.6</ele>
    <time>2021-12-18T11:35:52Z</time>
   </trkpt>
   <trkpt lat="51.6054720" lon="-0.1879030">
    <ele>91.6</ele>
    <time>2021-12-18T11:35:53Z</time>
   </trkpt>
   <trkpt lat="51.6055530" lon="-0.1877590">
    <ele>91.6</ele>
    <time>2021-12-18T11:35:55Z</time>
   </trkpt>
   <trkpt lat="51.6056450" lon="-0.1876230">
    <ele>91.6</ele>
    <time>2021-12-18T11:35:57Z</time>
   </trkpt>
   <trkpt lat="51.6056930" lon="-0.1875560">
    <ele>91.6</ele>
    <time>2021-12-18T11:35:58Z</time>
   </trkpt>
   <trkpt lat="51.6057420" lon="-0.1874870">
    <ele>91.6</ele>
    <time>2021-12-18T11:35:59Z</time>
   </trkpt>
   <trkpt lat="51.6058300" lon="-0.1873590">
    <ele>91.6</ele>
    <time>2021-12-18T11:36:01Z</time>
   </trkpt>
   <trkpt lat="51.6059210" lon="-0.1872070">
    <ele>91.5</ele>
    <time>2021-12-18T11:36:03Z</time>
   </trkpt>
   <trkpt lat="51.6060160" lon="-0.1870600">
    <ele>91.4</ele>
    <time>2021-12-18T11:36:05Z</time>
   </trkpt>
   <trkpt lat="51.6060630" lon="-0.1869850">
    <ele>91.4</ele>
    <time>2021-12-18T11:36:06Z</time>
   </trkpt>
   <trkpt lat="51.6061090" lon="-0.1869140">
    <ele>91.4</ele>
    <time>2021-12-18T11:36:07Z</time>
   </trkpt>
   <trkpt lat="51.6061890" lon="-0.1867810">
    <ele>91.3</ele>
    <time>2021-12-18T11:36:09Z</time>
   </trkpt>
   <trkpt lat="51.6062290" lon="-0.1867280">
    <ele>91.2</ele>
    <time>2021-12-18T11:36:10Z</time>
   </trkpt>
   <trkpt lat="51.6062860" lon="-0.1866620">
    <ele>91.2</ele>
    <time>2021-12-18T11:36:12Z</time>
   </trkpt>
   <trkpt lat="51.6063050" lon="-0.1866350">
    <ele>91.2</ele>
    <time>2021-12-18T11:36:13Z</time>
   </trkpt>
   <trkpt lat="51.6063290" lon="-0.1866030">
    <ele>91.1</ele>
    <time>2021-12-18T11:36:15Z</time>
   </trkpt>
   <trkpt lat="51.6063430" lon="-0.1865790">
    <ele>91.1</ele>
    <time>2021-12-18T11:36:17Z</time>
   </trkpt>
   <trkpt lat="51.6063520" lon="-0.1865630">
    <ele>91.1</ele>
    <time>2021-12-18T11:36:18Z</time>
   </trkpt>
   <trkpt lat="51.6064040" lon="-0.1864950">
    <ele>91.1</ele>
    <time>2021-12-18T11:36:20Z</time>
   </trkpt>
   <trkpt lat="51.6064810" lon="-0.1863730">
    <ele>91.0</ele>
    <time>2021-12-18T11:36:22Z</time>
   </trkpt>
   <trkpt lat="51.6065270" lon="-0.1863040">
    <ele>91.0</ele>
    <time>2021-12-18T11:36:23Z</time>
   </trkpt>
   <trkpt lat="51.6066190" lon="-0.1861630">
    <ele>90.9</ele>
    <time>2021-12-18T11:36:25Z</time>
   </trkpt>
   <trkpt lat="51.6067120" lon="-0.1859980">
    <ele>90.8</ele>
    <time>2021-12-18T11:36:27Z</time>
   </trkpt>
   <trkpt lat="51.6068170" lon="-0.1858430">
    <ele>90.7</ele>
    <time>2021-12-18T11:36:29Z</time>
   </trkpt>
   <trkpt lat="51.6068670" lon="-0.1857640">
    <ele>90.7</ele>
    <time>2021-12-18T11:36:30Z</time>
   </trkpt>
   <trkpt lat="51.6069700" lon="-0.1856120">
    <ele>90.7</ele>
    <time>2021-12-18T11:36:32Z</time>
   </trkpt>
   <trkpt lat="51.6070230" lon="-0.1855360">
    <ele>90.7</ele>
    <time>2021-12-18T11:36:33Z</time>
   </trkpt>
   <trkpt lat="51.6071210" lon="-0.1853790">
    <ele>90.7</ele>
    <time>2021-12-18T11:36:35Z</time>
   </trkpt>
   <trkpt lat="51.6072170" lon="-0.1852230">
    <ele>90.7</ele>
    <time>2021-12-18T11:36:37Z</time>
   </trkpt>
   <trkpt lat="51.6072650" lon="-0.1851460">
    <ele>90.7</ele>
    <time>2021-12-18T11:36:38Z</time>
   </trkpt>
   <trkpt lat="51.6073530" lon="-0.1849830">
    <ele>90.7</ele>
    <time>2021-12-18T11:36:40Z</time>
   </trkpt>
   <trkpt lat="51.6073990" lon="-0.1849020">
    <ele>90.7</ele>
    <time>2021-12-18T11:36:41Z</time>
   </trkpt>
   <trkpt lat="51.6074840" lon="-0.1847320">
    <ele>90.8</ele>
    <time>2021-12-18T11:36:43Z</time>
   </trkpt>
   <trkpt lat="51.6075810" lon="-0.1845680">
    <ele>90.8</ele>
    <time>2021-12-18T11:36:45Z</time>
   </trkpt>
   <trkpt lat="51.6076780" lon="-0.1844150">
    <ele>90.9</ele>
    <time>2021-12-18T11:36:47Z</time>
   </trkpt>
   <trkpt lat="51.6077770" lon="-0.1842640">
    <ele>91.0</ele>
    <time>2021-12-18T11:36:49Z</time>
   </trkpt>
   <trkpt lat="51.6078740" lon="-0.1841130">
    <ele>91.1</ele>
    <time>2021-12-18T11:36:51Z</time>
   </trkpt>
   <trkpt lat="51.6079300" lon="-0.1840460">
    <ele>91.1</ele>
    <time>2021-12-18T11:36:52Z</time>
   </trkpt>
   <trkpt lat="51.6080310" lon="-0.1838880">
    <ele>91.1</ele>
    <time>2021-12-18T11:36:54Z</time>
   </trkpt>
   <trkpt lat="51.6080780" lon="-0.1838040">
    <ele>91.2</ele>
    <time>2021-12-18T11:36:55Z</time>
   </trkpt>
   <trkpt lat="51.6081760" lon="-0.1836530">
    <ele>91.2</ele>
    <time>2021-12-18T11:36:57Z</time>
   </trkpt>
   <trkpt lat="51.6082760" lon="-0.1835160">
    <ele>91.3</ele>
    <time>2021-12-18T11:36:59Z</time>
   </trkpt>
   <trkpt lat="51.6083700" lon="-0.1833630">
    <ele>91.3</ele>
    <time>2021-12-18T11:37:01Z</time>
   </trkpt>
   <trkpt lat="51.6084170" lon="-0.1832800">
    <ele>91.3</ele>
    <time>2021-12-18T11:37:02Z</time>
   </trkpt>
   <trkpt lat="51.6085070" lon="-0.1831060">
    <ele>91.3</ele>
    <time>2021-12-18T11:37:04Z</time>
   </trkpt>
   <trkpt lat="51.6085480" lon="-0.1830330">
    <ele>91.3</ele>
    <time>2021-12-18T11:37:05Z</time>
   </trkpt>
   <trkpt lat="51.6085990" lon="-0.1829280">
    <ele>91.3</ele>
    <time>2021-12-18T11:37:07Z</time>
   </trkpt>
   <trkpt lat="51.6086060" lon="-0.1828270">
    <ele>91.2</ele>
    <time>2021-12-18T11:37:09Z</time>
   </trkpt>
   <trkpt lat="51.6085840" lon="-0.1827750">
    <ele>91.2</ele>
    <time>2021-12-18T11:37:10Z</time>
   </trkpt>
   <trkpt lat="51.6085150" lon="-0.1826570">
    <ele>91.1</ele>
    <time>2021-12-18T11:37:12Z</time>
   </trkpt>
   <trkpt lat="51.6084700" lon="-0.1825850">
    <ele>91.1</ele>
    <time>2021-12-18T11:37:13Z</time>
   </trkpt>
   <trkpt lat="51.6083750" lon="-0.1824380">
    <ele>91.0</ele>
    <time>2021-12-18T11:37:15Z</time>
   </trkpt>
   <trkpt lat="51.6082780" lon="-0.1822890">
    <ele>90.9</ele>
    <time>2021-12-18T11:37:17Z</time>
   </trkpt>
   <trkpt lat="51.6082290" lon="-0.1822150">
    <ele>90.8</ele>
    <time>2021-12-18T11:37:18Z</time>
   </trkpt>
   <trkpt lat="51.6081800" lon="-0.1821420">
    <ele>90.7</ele>
    <time>2021-12-18T11:37:19Z</time>
   </trkpt>
   <trkpt lat="51.6080860" lon="-0.1819700">
    <ele>90.6</ele>
    <time>2021-12-18T11:37:21Z</time>
   </trkpt>
   <trkpt lat="51.6080380" lon="-0.1818860">
    <ele>90.5</ele>
    <time>2021-12-18T11:37:22Z</time>
   </trkpt>
   <trkpt lat="51.6079390" lon="-0.1817270">
    <ele>90.3</ele>
    <time>2021-12-18T11:37:24Z</time>
   </trkpt>
   <trkpt lat="51.6078920" lon="-0.1816420">
    <ele>90.2</ele>
    <time>2021-12-18T11:37:25Z</time>
   </trkpt>
   <trkpt lat="51.6078450" lon="-0.1815500">
    <ele>90.2</ele>
    <time>2021-12-18T11:37:26Z</time>
   </trkpt>
   <trkpt lat="51.6077530" lon="-0.1813750">
    <ele>90.0</ele>
    <time>2021-12-18T11:37:28Z</time>
   </trkpt>
   <trkpt lat="51.6077040" lon="-0.1812840">
    <ele>90.0</ele>
    <time>2021-12-18T11:37:29Z</time>
   </trkpt>
   <trkpt lat="51.6076090" lon="-0.1811050">
    <ele>89.8</ele>
    <time>2021-12-18T11:37:31Z</time>
   </trkpt>
   <trkpt lat="51.6075160" lon="-0.1809190">
    <ele>89.6</ele>
    <time>2021-12-18T11:37:33Z</time>
   </trkpt>
   <trkpt lat="51.6074780" lon="-0.1808200">
    <ele>89.5</ele>
    <time>2021-12-18T11:37:34Z</time>
   </trkpt>
   <trkpt lat="51.6074170" lon="-0.1805990">
    <ele>89.4</ele>
    <time>2021-12-18T11:37:36Z</time>
   </trkpt>
   <trkpt lat="51.6073940" lon="-0.1804900">
    <ele>89.3</ele>
    <time>2021-12-18T11:37:37Z</time>
   </trkpt>
   <trkpt lat="51.6073570" lon="-0.1802600">
    <ele>89.2</ele>
    <time>2021-12-18T11:37:39Z</time>
   </trkpt>
   <trkpt lat="51.6073440" lon="-0.1801440">
    <ele>89.1</ele>
    <time>2021-12-18T11:37:40Z</time>
   </trkpt>
   <trkpt lat="51.6073200" lon="-0.1799040">
    <ele>89.0</ele>
    <time>2021-12-18T11:37:42Z</time>
   </trkpt>
   <trkpt lat="51.6072900" lon="-0.1796820">
    <ele>88.9</ele>
    <time>2021-12-18T11:37:44Z</time>
   </trkpt>
   <trkpt lat="51.6072690" lon="-0.1794490">
    <ele>88.7</ele>
    <time>2021-12-18T11:37:46Z</time>
   </trkpt>
   <trkpt lat="51.6072610" lon="-0.1793350">
    <ele>88.7</ele>
    <time>2021-12-18T11:37:47Z</time>
   </trkpt>
   <trkpt lat="51.6072340" lon="-0.1791000">
    <ele>88.5</ele>
    <time>2021-12-18T11:37:49Z</time>
   </trkpt>
   <trkpt lat="51.6072100" lon="-0.1789930">
    <ele>88.4</ele>
    <time>2021-12-18T11:37:50Z</time>
   </trkpt>
   <trkpt lat="51.6071560" lon="-0.1787850">
    <ele>88.2</ele>
    <time>2021-12-18T11:37:52Z</time>
   </trkpt>
   <trkpt lat="51.6071280" lon="-0.1785870">
    <ele>88.1</ele>
    <time>2021-12-18T11:37:54Z</time>
   </trkpt>
   <trkpt lat="51.6071260" lon="-0.1784860">
    <ele>88.0</ele>
    <time>2021-12-18T11:37:55Z</time>
   </trkpt>
   <trkpt lat="51.6071300" lon="-0.1783900">
    <ele>88.0</ele>
    <time>2021-12-18T11:37:56Z</time>
   </trkpt>
   <trkpt lat="51.6071610" lon="-0.1781880">
    <ele>87.9</ele>
    <time>2021-12-18T11:37:58Z</time>
   </trkpt>
   <trkpt lat="51.6072250" lon="-0.1780170">
    <ele>87.9</ele>
    <time>2021-12-18T11:38:00Z</time>
   </trkpt>
   <trkpt lat="51.6072530" lon="-0.1779390">
    <ele>87.9</ele>
    <time>2021-12-18T11:38:01Z</time>
   </trkpt>
   <trkpt lat="51.6073060" lon="-0.1777830">
    <ele>87.8</ele>
    <time>2021-12-18T11:38:03Z</time>
   </trkpt>
   <trkpt lat="51.6073340" lon="-0.1776970">
    <ele>87.8</ele>
    <time>2021-12-18T11:38:04Z</time>
   </trkpt>
   <trkpt lat="51.6073620" lon="-0.1776170">
    <ele>87.8</ele>
    <time>2021-12-18T11:38:05Z</time>
   </trkpt>
   <trkpt lat="51.6073900" lon="-0.1775320">
    <ele>87.7</ele>
    <time>2021-12-18T11:38:06Z</time>
   </trkpt>
   <trkpt lat="51.6074350" lon="-0.1773460">
    <ele>87.6</ele>
    <time>2021-12-18T11:38:08Z</time>
   </trkpt>
   <trkpt lat="51.6074530" lon="-0.1772490">
    <ele>87.5</ele>
    <time>2021-12-18T11:38:09Z</time>
   </trkpt>
   <trkpt lat="51.6074640" lon="-0.1771480">
    <ele>87.5</ele>
    <time>2021-12-18T11:38:10Z</time>
   </trkpt>
   <trkpt lat="51.6074750" lon="-0.1769430">
    <ele>87.3</ele>
    <time>2021-12-18T11:38:12Z</time>
   </trkpt>
   <trkpt lat="51.6074750" lon="-0.1767330">
    <ele>87.2</ele>
    <time>2021-12-18T11:38:14Z</time>
   </trkpt>
   <trkpt lat="51.6074710" lon="-0.1766250">
    <ele>87.1</ele>
    <time>2021-12-18T11:38:15Z</time>
   </trkpt>
   <trkpt lat="51.6074660" lon="-0.1765220">
    <ele>87.0</ele>
    <time>2021-12-18T11:38:16Z</time>
   </trkpt>
   <trkpt lat="51.6074660" lon="-0.1763300">
    <ele>86.9</ele>
    <time>2021-12-18T11:38:18Z</time>
   </trkpt>
   <trkpt lat="51.6074640" lon="-0.1761360">
    <ele>86.7</ele>
    <time>2021-12-18T11:38:20Z</time>
   </trkpt>
   <trkpt lat="51.6074630" lon="-0.1760450">
    <ele>86.7</ele>
    <time>2021-12-18T11:38:21Z</time>
   </trkpt>
   <trkpt lat="51.6074600" lon="-0.1759640">
    <ele>86.6</ele>
    <time>2021-12-18T11:38:22Z</time>
   </trkpt>
   <trkpt lat="51.6074580" lon="-0.1757900">
    <ele>86.5</ele>
    <time>2021-12-18T11:38:24Z</time>
   </trkpt>
   <trkpt lat="51.6074600" lon="-0.1756330">
    <ele>86.4</ele>
    <time>2021-12-18T11:38:26Z</time>
   </trkpt>
   <trkpt lat="51.6074550" lon="-0.1755580">
    <ele>86.3</ele>
    <time>2021-12-18T11:38:27Z</time>
   </trkpt>
   <trkpt lat="51.6074580" lon="-0.1754840">
    <ele>86.3</ele>
    <time>2021-12-18T11:38:28Z</time>
   </trkpt>
   <trkpt lat="51.6074740" lon="-0.1753630">
    <ele>86.2</ele>
    <time>2021-12-18T11:38:30Z</time>
   </trkpt>
   <trkpt lat="51.6074780" lon="-0.1753140">
    <ele>86.1</ele>
    <time>2021-12-18T11:38:31Z</time>
   </trkpt>
   <trkpt lat="51.6074800" lon="-0.1752600">
    <ele>86.1</ele>
    <time>2021-12-18T11:38:32Z</time>
   </trkpt>
   <trkpt lat="51.6074800" lon="-0.1752470">
    <ele>86.1</ele>
    <time>2021-12-18T11:38:33Z</time>
   </trkpt>
   <trkpt lat="51.6074810" lon="-0.1752350">
    <ele>86.1</ele>
    <time>2021-12-18T11:38:35Z</time>
   </trkpt>
   <trkpt lat="51.6074820" lon="-0.1752470">
    <ele>86.1</ele>
    <time>2021-12-18T11:38:37Z</time>
   </trkpt>
   <trkpt lat="51.6074830" lon="-0.1752490">
    <ele>86.1</ele>
    <time>2021-12-18T11:38:38Z</time>
   </trkpt>
   <trkpt lat="51.6074840" lon="-0.1752470">
    <ele>86.1</ele>
    <time>2021-12-18T11:38:40Z</time>
   </trkpt>
   <trkpt lat="51.6074840" lon="-0.1752400">
    <ele>86.0</ele>
    <time>2021-12-18T11:38:41Z</time>
   </trkpt>
   <trkpt lat="51.6074900" lon="-0.1752430">
    <ele>86.0</ele>
    <time>2021-12-18T11:38:43Z</time>
   </trkpt>
   <trkpt lat="51.6074900" lon="-0.1752460">
    <ele>86.0</ele>
    <time>2021-12-18T11:38:44Z</time>
   </trkpt>
   <trkpt lat="51.6074890" lon="-0.1752410">
    <ele>86.0</ele>
    <time>2021-12-18T11:38:46Z</time>
   </trkpt>
   <trkpt lat="51.6074890" lon="-0.1751590">
    <ele>86.0</ele>
    <time>2021-12-18T11:39:14Z</time>
   </trkpt>
   <trkpt lat="51.6075000" lon="-0.1750510">
    <ele>85.9</ele>
    <time>2021-12-18T11:39:16Z</time>
   </trkpt>
   <trkpt lat="51.6075010" lon="-0.1748930">
    <ele>85.7</ele>
    <time>2021-12-18T11:39:18Z</time>
   </trkpt>
   <trkpt lat="51.6075030" lon="-0.1748090">
    <ele>85.6</ele>
    <time>2021-12-18T11:39:19Z</time>
   </trkpt>
   <trkpt lat="51.6075090" lon="-0.1746030">
    <ele>85.3</ele>
    <time>2021-12-18T11:39:21Z</time>
   </trkpt>
   <trkpt lat="51.6075130" lon="-0.1744940">
    <ele>85.2</ele>
    <time>2021-12-18T11:39:22Z</time>
   </trkpt>
   <trkpt lat="51.6075190" lon="-0.1742560">
    <ele>84.7</ele>
    <time>2021-12-18T11:39:24Z</time>
   </trkpt>
   <trkpt lat="51.6075190" lon="-0.1741400">
    <ele>84.5</ele>
    <time>2021-12-18T11:39:25Z</time>
   </trkpt>
   <trkpt lat="51.6075200" lon="-0.1740130">
    <ele>84.3</ele>
    <time>2021-12-18T11:39:26Z</time>
   </trkpt>
   <trkpt lat="51.6075230" lon="-0.1737510">
    <ele>83.9</ele>
    <time>2021-12-18T11:39:28Z</time>
   </trkpt>
   <trkpt lat="51.6075360" lon="-0.1735130">
    <ele>83.5</ele>
    <time>2021-12-18T11:39:30Z</time>
   </trkpt>
   <trkpt lat="51.6075360" lon="-0.1733860">
    <ele>83.4</ele>
    <time>2021-12-18T11:39:31Z</time>
   </trkpt>
   <trkpt lat="51.6075460" lon="-0.1731290">
    <ele>83.0</ele>
    <time>2021-12-18T11:39:33Z</time>
   </trkpt>
   <trkpt lat="51.6075540" lon="-0.1729990">
    <ele>82.8</ele>
    <time>2021-12-18T11:39:34Z</time>
   </trkpt>
   <trkpt lat="51.6075590" lon="-0.1727360">
    <ele>82.5</ele>
    <time>2021-12-18T11:39:36Z</time>
   </trkpt>
   <trkpt lat="51.6075690" lon="-0.1724800">
    <ele>82.2</ele>
    <time>2021-12-18T11:39:38Z</time>
   </trkpt>
   <trkpt lat="51.6075760" lon="-0.1722280">
    <ele>81.9</ele>
    <time>2021-12-18T11:39:40Z</time>
   </trkpt>
   <trkpt lat="51.6075830" lon="-0.1721040">
    <ele>81.8</ele>
    <time>2021-12-18T11:39:41Z</time>
   </trkpt>
   <trkpt lat="51.6075890" lon="-0.1718500">
    <ele>81.4</ele>
    <time>2021-12-18T11:39:43Z</time>
   </trkpt>
   <trkpt lat="51.6075960" lon="-0.1715940">
    <ele>81.1</ele>
    <time>2021-12-18T11:39:45Z</time>
   </trkpt>
   <trkpt lat="51.6076040" lon="-0.1713410">
    <ele>80.8</ele>
    <time>2021-12-18T11:39:47Z</time>
   </trkpt>
   <trkpt lat="51.6076040" lon="-0.1710790">
    <ele>80.5</ele>
    <time>2021-12-18T11:39:49Z</time>
   </trkpt>
   <trkpt lat="51.6076040" lon="-0.1709440">
    <ele>80.3</ele>
    <time>2021-12-18T11:39:50Z</time>
   </trkpt>
   <trkpt lat="51.6076060" lon="-0.1706900">
    <ele>80.0</ele>
    <time>2021-12-18T11:39:52Z</time>
   </trkpt>
   <trkpt lat="51.6076100" lon="-0.1704330">
    <ele>79.7</ele>
    <time>2021-12-18T11:39:54Z</time>
   </trkpt>
   <trkpt lat="51.6076130" lon="-0.1702960">
    <ele>79.5</ele>
    <time>2021-12-18T11:39:55Z</time>
   </trkpt>
   <trkpt lat="51.6076100" lon="-0.1700230">
    <ele>79.1</ele>
    <time>2021-12-18T11:39:57Z</time>
   </trkpt>
   <trkpt lat="51.6076070" lon="-0.1697550">
    <ele>78.7</ele>
    <time>2021-12-18T11:39:59Z</time>
   </trkpt>
   <trkpt lat="51.6076040" lon="-0.1696230">
    <ele>78.5</ele>
    <time>2021-12-18T11:40:00Z</time>
   </trkpt>
   <trkpt lat="51.6076010" lon="-0.1694920">
    <ele>78.2</ele>
    <time>2021-12-18T11:40:01Z</time>
   </trkpt>
   <trkpt lat="51.6075870" lon="-0.1692510">
    <ele>77.9</ele>
    <time>2021-12-18T11:40:03Z</time>
   </trkpt>
   <trkpt lat="51.6075780" lon="-0.1690210">
    <ele>77.6</ele>
    <time>2021-12-18T11:40:05Z</time>
   </trkpt>
   <trkpt lat="51.6075780" lon="-0.1689080">
    <ele>77.4</ele>
    <time>2021-12-18T11:40:06Z</time>
   </trkpt>
   <trkpt lat="51.6075920" lon="-0.1686780">
    <ele>77.0</ele>
    <time>2021-12-18T11:40:08Z</time>
   </trkpt>
   <trkpt lat="51.6076010" lon="-0.1685630">
    <ele>76.8</ele>
    <time>2021-12-18T11:40:09Z</time>
   </trkpt>
   <trkpt lat="51.6076150" lon="-0.1684460">
    <ele>76.6</ele>
    <time>2021-12-18T11:40:10Z</time>
   </trkpt>
   <trkpt lat="51.6076450" lon="-0.1682090">
    <ele>76.3</ele>
    <time>2021-12-18T11:40:12Z</time>
   </trkpt>
   <trkpt lat="51.6076560" lon="-0.1680840">
    <ele>76.1</ele>
    <time>2021-12-18T11:40:13Z</time>
   </trkpt>
   <trkpt lat="51.6076660" lon="-0.1679590">
    <ele>75.9</ele>
    <time>2021-12-18T11:40:14Z</time>
   </trkpt>
   <trkpt lat="51.6076890" lon="-0.1677030">
    <ele>75.5</ele>
    <time>2021-12-18T11:40:16Z</time>
   </trkpt>
   <trkpt lat="51.6076960" lon="-0.1674480">
    <ele>75.2</ele>
    <time>2021-12-18T11:40:18Z</time>
   </trkpt>
   <trkpt lat="51.6077110" lon="-0.1671930">
    <ele>74.8</ele>
    <time>2021-12-18T11:40:20Z</time>
   </trkpt>
   <trkpt lat="51.6077160" lon="-0.1670590">
    <ele>74.7</ele>
    <time>2021-12-18T11:40:21Z</time>
   </trkpt>
   <trkpt lat="51.6077250" lon="-0.1669360">
    <ele>74.5</ele>
    <time>2021-12-18T11:40:22Z</time>
   </trkpt>
   <trkpt lat="51.6077560" lon="-0.1667020">
    <ele>74.3</ele>
    <time>2021-12-18T11:40:24Z</time>
   </trkpt>
   <trkpt lat="51.6077990" lon="-0.1664750">
    <ele>74.1</ele>
    <time>2021-12-18T11:40:26Z</time>
   </trkpt>
   <trkpt lat="51.6078350" lon="-0.1663640">
    <ele>73.9</ele>
    <time>2021-12-18T11:40:27Z</time>
   </trkpt>
   <trkpt lat="51.6078810" lon="-0.1662580">
    <ele>73.8</ele>
    <time>2021-12-18T11:40:28Z</time>
   </trkpt>
   <trkpt lat="51.6079300" lon="-0.1661590">
    <ele>73.7</ele>
    <time>2021-12-18T11:40:29Z</time>
   </trkpt>
   <trkpt lat="51.6080330" lon="-0.1659770">
    <ele>73.4</ele>
    <time>2021-12-18T11:40:31Z</time>
   </trkpt>
   <trkpt lat="51.6080850" lon="-0.1658870">
    <ele>73.3</ele>
    <time>2021-12-18T11:40:32Z</time>
   </trkpt>
   <trkpt lat="51.6081880" lon="-0.1657060">
    <ele>73.1</ele>
    <time>2021-12-18T11:40:34Z</time>
   </trkpt>
   <trkpt lat="51.6082890" lon="-0.1655210">
    <ele>72.8</ele>
    <time>2021-12-18T11:40:36Z</time>
   </trkpt>
   <trkpt lat="51.6083410" lon="-0.1654320">
    <ele>72.7</ele>
    <time>2021-12-18T11:40:37Z</time>
   </trkpt>
   <trkpt lat="51.6084370" lon="-0.1652560">
    <ele>72.5</ele>
    <time>2021-12-18T11:40:39Z</time>
   </trkpt>
   <trkpt lat="51.6084870" lon="-0.1651650">
    <ele>72.4</ele>
    <time>2021-12-18T11:40:40Z</time>
   </trkpt>
   <trkpt lat="51.6085750" lon="-0.1649950">
    <ele>72.1</ele>
    <time>2021-12-18T11:40:42Z</time>
   </trkpt>
   <trkpt lat="51.6086670" lon="-0.1648410">
    <ele>71.8</ele>
    <time>2021-12-18T11:40:44Z</time>
   </trkpt>
   <trkpt lat="51.6087800" lon="-0.1647200">
    <ele>71.1</ele>
    <time>2021-12-18T11:40:46Z</time>
   </trkpt>
   <trkpt lat="51.6089200" lon="-0.1646420">
    <ele>70.3</ele>
    <time>2021-12-18T11:40:48Z</time>
   </trkpt>
   <trkpt lat="51.6089970" lon="-0.1646430">
    <ele>69.9</ele>
    <time>2021-12-18T11:40:49Z</time>
   </trkpt>
   <trkpt lat="51.6091560" lon="-0.1646410">
    <ele>68.9</ele>
    <time>2021-12-18T11:40:51Z</time>
   </trkpt>
   <trkpt lat="51.6093230" lon="-0.1646160">
    <ele>68.0</ele>
    <time>2021-12-18T11:40:53Z</time>
   </trkpt>
   <trkpt lat="51.6094900" lon="-0.1645830">
    <ele>66.9</ele>
    <time>2021-12-18T11:40:55Z</time>
   </trkpt>
   <trkpt lat="51.6096600" lon="-0.1645070">
    <ele>65.9</ele>
    <time>2021-12-18T11:40:57Z</time>
   </trkpt>
   <trkpt lat="51.6098260" lon="-0.1643610">
    <ele>64.9</ele>
    <time>2021-12-18T11:40:59Z</time>
   </trkpt>
   <trkpt lat="51.6099030" lon="-0.1642700">
    <ele>64.4</ele>
    <time>2021-12-18T11:41:00Z</time>
   </trkpt>
   <trkpt lat="51.6099760" lon="-0.1641730">
    <ele>64.0</ele>
    <time>2021-12-18T11:41:01Z</time>
   </trkpt>
   <trkpt lat="51.6100770" lon="-0.1639600">
    <ele>63.4</ele>
    <time>2021-12-18T11:41:03Z</time>
   </trkpt>
   <trkpt lat="51.6101350" lon="-0.1637770">
    <ele>62.9</ele>
    <time>2021-12-18T11:41:05Z</time>
   </trkpt>
   <trkpt lat="51.6101690" lon="-0.1637040">
    <ele>62.9</ele>
    <time>2021-12-18T11:41:06Z</time>
   </trkpt>
   <trkpt lat="51.6102660" lon="-0.1635900">
    <ele>62.7</ele>
    <time>2021-12-18T11:41:08Z</time>
   </trkpt>
   <trkpt lat="51.6103140" lon="-0.1635200">
    <ele>62.5</ele>
    <time>2021-12-18T11:41:09Z</time>
   </trkpt>
   <trkpt lat="51.6103600" lon="-0.1634470">
    <ele>62.4</ele>
    <time>2021-12-18T11:41:10Z</time>
   </trkpt>
   <trkpt lat="51.6104570" lon="-0.1632730">
    <ele>62.2</ele>
    <time>2021-12-18T11:41:12Z</time>
   </trkpt>
   <trkpt lat="51.6105070" lon="-0.1631790">
    <ele>62.2</ele>
    <time>2021-12-18T11:41:13Z</time>
   </trkpt>
   <trkpt lat="51.6105570" lon="-0.1630880">
    <ele>62.2</ele>
    <time>2021-12-18T11:41:14Z</time>
   </trkpt>
   <trkpt lat="51.6106540" lon="-0.1629140">
    <ele>62.2</ele>
    <time>2021-12-18T11:41:16Z</time>
   </trkpt>
   <trkpt lat="51.6107560" lon="-0.1627550">
    <ele>62.4</ele>
    <time>2021-12-18T11:41:18Z</time>
   </trkpt>
   <trkpt lat="51.6108060" lon="-0.1626800">
    <ele>62.6</ele>
    <time>2021-12-18T11:41:19Z</time>
   </trkpt>
   <trkpt lat="51.6108560" lon="-0.1626060">
    <ele>62.7</ele>
    <time>2021-12-18T11:41:20Z</time>
   </trkpt>
   <trkpt lat="51.6109060" lon="-0.1625390">
    <ele>62.8</ele>
    <time>2021-12-18T11:41:21Z</time>
   </trkpt>
   <trkpt lat="51.6110090" lon="-0.1624570">
    <ele>63.2</ele>
    <time>2021-12-18T11:41:23Z</time>
   </trkpt>
   <trkpt lat="51.6110570" lon="-0.1624210">
    <ele>63.4</ele>
    <time>2021-12-18T11:41:24Z</time>
   </trkpt>
   <trkpt lat="51.6111480" lon="-0.1623460">
    <ele>63.8</ele>
    <time>2021-12-18T11:41:26Z</time>
   </trkpt>
   <trkpt lat="51.6112350" lon="-0.1622760">
    <ele>64.1</ele>
    <time>2021-12-18T11:41:28Z</time>
   </trkpt>
   <trkpt lat="51.6112750" lon="-0.1622310">
    <ele>64.3</ele>
    <time>2021-12-18T11:41:29Z</time>
   </trkpt>
   <trkpt lat="51.6113530" lon="-0.1621370">
    <ele>64.6</ele>
    <time>2021-12-18T11:41:31Z</time>
   </trkpt>
   <trkpt lat="51.6114270" lon="-0.1620300">
    <ele>64.8</ele>
    <time>2021-12-18T11:41:33Z</time>
   </trkpt>
   <trkpt lat="51.6114630" lon="-0.1619690">
    <ele>64.9</ele>
    <time>2021-12-18T11:41:34Z</time>
   </trkpt>
   <trkpt lat="51.6115310" lon="-0.1618700">
    <ele>65.0</ele>
    <time>2021-12-18T11:41:36Z</time>
   </trkpt>
   <trkpt lat="51.6115910" lon="-0.1617780">
    <ele>65.2</ele>
    <time>2021-12-18T11:41:38Z</time>
   </trkpt>
   <trkpt lat="51.6116220" lon="-0.1617310">
    <ele>65.2</ele>
    <time>2021-12-18T11:41:39Z</time>
   </trkpt>
   <trkpt lat="51.6116640" lon="-0.1616850">
    <ele>65.3</ele>
    <time>2021-12-18T11:41:40Z</time>
   </trkpt>
   <trkpt lat="51.6117730" lon="-0.1616520">
    <ele>65.6</ele>
    <time>2021-12-18T11:41:42Z</time>
   </trkpt>
   <trkpt lat="51.6118280" lon="-0.1616240">
    <ele>65.6</ele>
    <time>2021-12-18T11:41:43Z</time>
   </trkpt>
   <trkpt lat="51.6119100" lon="-0.1614820">
    <ele>65.5</ele>
    <time>2021-12-18T11:41:45Z</time>
   </trkpt>
   <trkpt lat="51.6119370" lon="-0.1613930">
    <ele>65.5</ele>
    <time>2021-12-18T11:41:46Z</time>
   </trkpt>
   <trkpt lat="51.6119750" lon="-0.1611900">
    <ele>65.4</ele>
    <time>2021-12-18T11:41:48Z</time>
   </trkpt>
   <trkpt lat="51.6120070" lon="-0.1609810">
    <ele>65.3</ele>
    <time>2021-12-18T11:41:50Z</time>
   </trkpt>
   <trkpt lat="51.6120630" lon="-0.1607890">
    <ele>65.3</ele>
    <time>2021-12-18T11:41:52Z</time>
   </trkpt>
   <trkpt lat="51.6120890" lon="-0.1606950">
    <ele>65.3</ele>
    <time>2021-12-18T11:41:53Z</time>
   </trkpt>
   <trkpt lat="51.6121400" lon="-0.1605090">
    <ele>65.3</ele>
    <time>2021-12-18T11:41:55Z</time>
   </trkpt>
   <trkpt lat="51.6121920" lon="-0.1603410">
    <ele>65.3</ele>
    <time>2021-12-18T11:41:57Z</time>
   </trkpt>
   <trkpt lat="51.6122470" lon="-0.1601620">
    <ele>65.4</ele>
    <time>2021-12-18T11:41:59Z</time>
   </trkpt>
   <trkpt lat="51.6122770" lon="-0.1600810">
    <ele>65.4</ele>
    <time>2021-12-18T11:42:00Z</time>
   </trkpt>
   <trkpt lat="51.6123430" lon="-0.1599250">
    <ele>65.5</ele>
    <time>2021-12-18T11:42:02Z</time>
   </trkpt>
   <trkpt lat="51.6123760" lon="-0.1598510">
    <ele>65.6</ele>
    <time>2021-12-18T11:42:03Z</time>
   </trkpt>
   <trkpt lat="51.6124390" lon="-0.1597020">
    <ele>65.6</ele>
    <time>2021-12-18T11:42:05Z</time>
   </trkpt>
   <trkpt lat="51.6124700" lon="-0.1596350">
    <ele>65.7</ele>
    <time>2021-12-18T11:42:06Z</time>
   </trkpt>
   <trkpt lat="51.6125350" lon="-0.1595040">
    <ele>65.8</ele>
    <time>2021-12-18T11:42:08Z</time>
   </trkpt>
   <trkpt lat="51.6125910" lon="-0.1593890">
    <ele>65.9</ele>
    <time>2021-12-18T11:42:10Z</time>
   </trkpt>
   <trkpt lat="51.6126410" lon="-0.1592960">
    <ele>65.9</ele>
    <time>2021-12-18T11:42:12Z</time>
   </trkpt>
   <trkpt lat="51.6126630" lon="-0.1592590">
    <ele>66.0</ele>
    <time>2021-12-18T11:42:13Z</time>
   </trkpt>
   <trkpt lat="51.6126820" lon="-0.1592260">
    <ele>66.0</ele>
    <time>2021-12-18T11:42:14Z</time>
   </trkpt>
   <trkpt lat="51.6127090" lon="-0.1591810">
    <ele>66.0</ele>
    <time>2021-12-18T11:42:16Z</time>
   </trkpt>
   <trkpt lat="51.6127180" lon="-0.1591650">
    <ele>66.0</ele>
    <time>2021-12-18T11:42:17Z</time>
   </trkpt>
   <trkpt lat="51.6127220" lon="-0.1591570">
    <ele>66.0</ele>
    <time>2021-12-18T11:42:19Z</time>
   </trkpt>
   <trkpt lat="51.6127250" lon="-0.1591500">
    <ele>66.0</ele>
    <time>2021-12-18T11:42:20Z</time>
   </trkpt>
   <trkpt lat="51.6127290" lon="-0.1591420">
    <ele>66.0</ele>
    <time>2021-12-18T11:42:22Z</time>
   </trkpt>
   <trkpt lat="51.6127330" lon="-0.1591350">
    <ele>66.0</ele>
    <time>2021-12-18T11:42:23Z</time>
   </trkpt>
   <trkpt lat="51.6127560" lon="-0.1590920">
    <ele>66.1</ele>
    <time>2021-12-18T11:42:24Z</time>
   </trkpt>
   <trkpt lat="51.6127810" lon="-0.1590430">
    <ele>66.1</ele>
    <time>2021-12-18T11:42:25Z</time>
   </trkpt>
   <trkpt lat="51.6128350" lon="-0.1589330">
    <ele>66.2</ele>
    <time>2021-12-18T11:42:27Z</time>
   </trkpt>
   <trkpt lat="51.6128700" lon="-0.1588770">
    <ele>66.3</ele>
    <time>2021-12-18T11:42:28Z</time>
   </trkpt>
   <trkpt lat="51.6129350" lon="-0.1587590">
    <ele>66.4</ele>
    <time>2021-12-18T11:42:30Z</time>
   </trkpt>
   <trkpt lat="51.6129640" lon="-0.1586870">
    <ele>66.5</ele>
    <time>2021-12-18T11:42:31Z</time>
   </trkpt>
   <trkpt lat="51.6129910" lon="-0.1586060">
    <ele>66.6</ele>
    <time>2021-12-18T11:42:32Z</time>
   </trkpt>
   <trkpt lat="51.6130460" lon="-0.1584470">
    <ele>66.6</ele>
    <time>2021-12-18T11:42:34Z</time>
   </trkpt>
   <trkpt lat="51.6130720" lon="-0.1583570">
    <ele>66.6</ele>
    <time>2021-12-18T11:42:35Z</time>
   </trkpt>
   <trkpt lat="51.6131160" lon="-0.1581850">
    <ele>66.7</ele>
    <time>2021-12-18T11:42:37Z</time>
   </trkpt>
   <trkpt lat="51.6131360" lon="-0.1580860">
    <ele>66.6</ele>
    <time>2021-12-18T11:42:38Z</time>
   </trkpt>
   <trkpt lat="51.6131780" lon="-0.1579010">
    <ele>66.6</ele>
    <time>2021-12-18T11:42:40Z</time>
   </trkpt>
   <trkpt lat="51.6131990" lon="-0.1578020">
    <ele>66.6</ele>
    <time>2021-12-18T11:42:41Z</time>
   </trkpt>
   <trkpt lat="51.6132420" lon="-0.1576040">
    <ele>66.5</ele>
    <time>2021-12-18T11:42:43Z</time>
   </trkpt>
   <trkpt lat="51.6132880" lon="-0.1574010">
    <ele>66.5</ele>
    <time>2021-12-18T11:42:45Z</time>
   </trkpt>
   <trkpt lat="51.6133110" lon="-0.1572940">
    <ele>66.5</ele>
    <time>2021-12-18T11:42:46Z</time>
   </trkpt>
   <trkpt lat="51.6133340" lon="-0.1571840">
    <ele>66.4</ele>
    <time>2021-12-18T11:42:47Z</time>
   </trkpt>
   <trkpt lat="51.6133840" lon="-0.1569750">
    <ele>66.4</ele>
    <time>2021-12-18T11:42:49Z</time>
   </trkpt>
   <trkpt lat="51.6134110" lon="-0.1568650">
    <ele>66.4</ele>
    <time>2021-12-18T11:42:50Z</time>
   </trkpt>
   <trkpt lat="51.6134550" lon="-0.1566500">
    <ele>66.4</ele>
    <time>2021-12-18T11:42:52Z</time>
   </trkpt>
   <trkpt lat="51.6134860" lon="-0.1564200">
    <ele>66.4</ele>
    <time>2021-12-18T11:42:54Z</time>
   </trkpt>
   <trkpt lat="51.6135050" lon="-0.1563100">
    <ele>66.4</ele>
    <time>2021-12-18T11:42:55Z</time>
   </trkpt>
   <trkpt lat="51.6135190" lon="-0.1561950">
    <ele>66.4</ele>
    <time>2021-12-18T11:42:56Z</time>
   </trkpt>
   <trkpt lat="51.6135250" lon="-0.1560780">
    <ele>66.4</ele>
    <time>2021-12-18T11:42:57Z</time>
   </trkpt>
   <trkpt lat="51.6135300" lon="-0.1558590">
    <ele>66.4</ele>
    <time>2021-12-18T11:42:59Z</time>
   </trkpt>
   <trkpt lat="51.6135170" lon="-0.1556480">
    <ele>66.5</ele>
    <time>2021-12-18T11:43:01Z</time>
   </trkpt>
   <trkpt lat="51.6134960" lon="-0.1554450">
    <ele>66.5</ele>
    <time>2021-12-18T11:43:03Z</time>
   </trkpt>
   <trkpt lat="51.6134840" lon="-0.1553350">
    <ele>66.5</ele>
    <time>2021-12-18T11:43:04Z</time>
   </trkpt>
   <trkpt lat="51.6134730" lon="-0.1552220">
    <ele>66.5</ele>
    <time>2021-12-18T11:43:05Z</time>
   </trkpt>
   <trkpt lat="51.6134510" lon="-0.1550030">
    <ele>66.6</ele>
    <time>2021-12-18T11:43:07Z</time>
   </trkpt>
   <trkpt lat="51.6134430" lon="-0.1548890">
    <ele>66.7</ele>
    <time>2021-12-18T11:43:08Z</time>
   </trkpt>
   <trkpt lat="51.6134330" lon="-0.1547790">
    <ele>66.7</ele>
    <time>2021-12-18T11:43:09Z</time>
   </trkpt>
   <trkpt lat="51.6134230" lon="-0.1546720">
    <ele>66.7</ele>
    <time>2021-12-18T11:43:10Z</time>
   </trkpt>
   <trkpt lat="51.6134070" lon="-0.1544620">
    <ele>66.8</ele>
    <time>2021-12-18T11:43:12Z</time>
   </trkpt>
   <trkpt lat="51.6133950" lon="-0.1542450">
    <ele>66.9</ele>
    <time>2021-12-18T11:43:14Z</time>
   </trkpt>
   <trkpt lat="51.6133880" lon="-0.1541440">
    <ele>66.9</ele>
    <time>2021-12-18T11:43:15Z</time>
   </trkpt>
   <trkpt lat="51.6133960" lon="-0.1539380">
    <ele>67.0</ele>
    <time>2021-12-18T11:43:17Z</time>
   </trkpt>
   <trkpt lat="51.6134070" lon="-0.1537250">
    <ele>67.0</ele>
    <time>2021-12-18T11:43:19Z</time>
   </trkpt>
   <trkpt lat="51.6134200" lon="-0.1535080">
    <ele>67.0</ele>
    <time>2021-12-18T11:43:21Z</time>
   </trkpt>
   <trkpt lat="51.6134430" lon="-0.1532950">
    <ele>67.0</ele>
    <time>2021-12-18T11:43:23Z</time>
   </trkpt>
   <trkpt lat="51.6134820" lon="-0.1530820">
    <ele>67.1</ele>
    <time>2021-12-18T11:43:25Z</time>
   </trkpt>
   <trkpt lat="51.6135030" lon="-0.1529810">
    <ele>67.0</ele>
    <time>2021-12-18T11:43:26Z</time>
   </trkpt>
   <trkpt lat="51.6135530" lon="-0.1527950">
    <ele>67.0</ele>
    <time>2021-12-18T11:43:28Z</time>
   </trkpt>
   <trkpt lat="51.6135810" lon="-0.1527090">
    <ele>66.9</ele>
    <time>2021-12-18T11:43:29Z</time>
   </trkpt>
   <trkpt lat="51.6136450" lon="-0.1525380">
    <ele>66.9</ele>
    <time>2021-12-18T11:43:31Z</time>
   </trkpt>
   <trkpt lat="51.6136870" lon="-0.1524580">
    <ele>66.9</ele>
    <time>2021-12-18T11:43:32Z</time>
   </trkpt>
   <trkpt lat="51.6137270" lon="-0.1523790">
    <ele>66.9</ele>
    <time>2021-12-18T11:43:33Z</time>
   </trkpt>
   <trkpt lat="51.6138020" lon="-0.1522160">
    <ele>66.8</ele>
    <time>2021-12-18T11:43:35Z</time>
   </trkpt>
   <trkpt lat="51.6138380" lon="-0.1521340">
    <ele>66.8</ele>
    <time>2021-12-18T11:43:36Z</time>
   </trkpt>
   <trkpt lat="51.6138730" lon="-0.1520550">
    <ele>66.8</ele>
    <time>2021-12-18T11:43:37Z</time>
   </trkpt>
   <trkpt lat="51.6139040" lon="-0.1519680">
    <ele>66.7</ele>
    <time>2021-12-18T11:43:38Z</time>
   </trkpt>
   <trkpt lat="51.6139360" lon="-0.1518810">
    <ele>66.7</ele>
    <time>2021-12-18T11:43:39Z</time>
   </trkpt>
   <trkpt lat="51.6140050" lon="-0.1517000">
    <ele>66.6</ele>
    <time>2021-12-18T11:43:41Z</time>
   </trkpt>
   <trkpt lat="51.6140730" lon="-0.1515180">
    <ele>66.6</ele>
    <time>2021-12-18T11:43:43Z</time>
   </trkpt>
   <trkpt lat="51.6141060" lon="-0.1514240">
    <ele>66.5</ele>
    <time>2021-12-18T11:43:44Z</time>
   </trkpt>
   <trkpt lat="51.6141740" lon="-0.1512370">
    <ele>66.4</ele>
    <time>2021-12-18T11:43:46Z</time>
   </trkpt>
   <trkpt lat="51.6142100" lon="-0.1511420">
    <ele>66.3</ele>
    <time>2021-12-18T11:43:47Z</time>
   </trkpt>
   <trkpt lat="51.6142850" lon="-0.1509650">
    <ele>66.3</ele>
    <time>2021-12-18T11:43:49Z</time>
   </trkpt>
   <trkpt lat="51.6143490" lon="-0.1507740">
    <ele>66.2</ele>
    <time>2021-12-18T11:43:51Z</time>
   </trkpt>
   <trkpt lat="51.6143880" lon="-0.1505840">
    <ele>66.0</ele>
    <time>2021-12-18T11:43:53Z</time>
   </trkpt>
   <trkpt lat="51.6144350" lon="-0.1503900">
    <ele>65.9</ele>
    <time>2021-12-18T11:43:55Z</time>
   </trkpt>
   <trkpt lat="51.6144600" lon="-0.1502860">
    <ele>65.9</ele>
    <time>2021-12-18T11:43:56Z</time>
   </trkpt>
   <trkpt lat="51.6145110" lon="-0.1500810">
    <ele>65.7</ele>
    <time>2021-12-18T11:43:58Z</time>
   </trkpt>
   <trkpt lat="51.6145390" lon="-0.1499720">
    <ele>65.7</ele>
    <time>2021-12-18T11:43:59Z</time>
   </trkpt>
   <trkpt lat="51.6145880" lon="-0.1497570">
    <ele>65.5</ele>
    <time>2021-12-18T11:44:01Z</time>
   </trkpt>
   <trkpt lat="51.6146280" lon="-0.1495340">
    <ele>65.4</ele>
    <time>2021-12-18T11:44:03Z</time>
   </trkpt>
   <trkpt lat="51.6146660" lon="-0.1493090">
    <ele>65.2</ele>
    <time>2021-12-18T11:44:05Z</time>
   </trkpt>
   <trkpt lat="51.6146860" lon="-0.1492010">
    <ele>65.2</ele>
    <time>2021-12-18T11:44:06Z</time>
   </trkpt>
   <trkpt lat="51.6147270" lon="-0.1489720">
    <ele>65.1</ele>
    <time>2021-12-18T11:44:08Z</time>
   </trkpt>
   <trkpt lat="51.6147510" lon="-0.1488550">
    <ele>65.0</ele>
    <time>2021-12-18T11:44:09Z</time>
   </trkpt>
   <trkpt lat="51.6147700" lon="-0.1487370">
    <ele>64.9</ele>
    <time>2021-12-18T11:44:10Z</time>
   </trkpt>
   <trkpt lat="51.6147840" lon="-0.1486150">
    <ele>64.9</ele>
    <time>2021-12-18T11:44:11Z</time>
   </trkpt>
   <trkpt lat="51.6148030" lon="-0.1484990">
    <ele>64.8</ele>
    <time>2021-12-18T11:44:12Z</time>
   </trkpt>
   <trkpt lat="51.6148320" lon="-0.1482600">
    <ele>64.6</ele>
    <time>2021-12-18T11:44:14Z</time>
   </trkpt>
   <trkpt lat="51.6148490" lon="-0.1481400">
    <ele>64.5</ele>
    <time>2021-12-18T11:44:15Z</time>
   </trkpt>
   <trkpt lat="51.6148670" lon="-0.1480220">
    <ele>64.4</ele>
    <time>2021-12-18T11:44:16Z</time>
   </trkpt>
   <trkpt lat="51.6149010" lon="-0.1477910">
    <ele>64.2</ele>
    <time>2021-12-18T11:44:18Z</time>
   </trkpt>
   <trkpt lat="51.6149370" lon="-0.1475690">
    <ele>63.9</ele>
    <time>2021-12-18T11:44:20Z</time>
   </trkpt>
   <trkpt lat="51.6149580" lon="-0.1474560">
    <ele>63.8</ele>
    <time>2021-12-18T11:44:21Z</time>
   </trkpt>
   <trkpt lat="51.6149950" lon="-0.1472280">
    <ele>63.6</ele>
    <time>2021-12-18T11:44:23Z</time>
   </trkpt>
   <trkpt lat="51.6150300" lon="-0.1469940">
    <ele>63.4</ele>
    <time>2021-12-18T11:44:25Z</time>
   </trkpt>
   <trkpt lat="51.6150480" lon="-0.1468790">
    <ele>63.4</ele>
    <time>2021-12-18T11:44:26Z</time>
   </trkpt>
   <trkpt lat="51.6150870" lon="-0.1466730">
    <ele>63.2</ele>
    <time>2021-12-18T11:44:28Z</time>
   </trkpt>
   <trkpt lat="51.6151240" lon="-0.1464650">
    <ele>63.1</ele>
    <time>2021-12-18T11:44:30Z</time>
   </trkpt>
   <trkpt lat="51.6151700" lon="-0.1462700">
    <ele>63.0</ele>
    <time>2021-12-18T11:44:32Z</time>
   </trkpt>
   <trkpt lat="51.6151900" lon="-0.1461670">
    <ele>62.9</ele>
    <time>2021-12-18T11:44:33Z</time>
   </trkpt>
   <trkpt lat="51.6152120" lon="-0.1460620">
    <ele>62.8</ele>
    <time>2021-12-18T11:44:34Z</time>
   </trkpt>
   <trkpt lat="51.6152350" lon="-0.1459520">
    <ele>62.7</ele>
    <time>2021-12-18T11:44:35Z</time>
   </trkpt>
   <trkpt lat="51.6152930" lon="-0.1457320">
    <ele>62.5</ele>
    <time>2021-12-18T11:44:37Z</time>
   </trkpt>
   <trkpt lat="51.6153600" lon="-0.1455010">
    <ele>62.5</ele>
    <time>2021-12-18T11:44:39Z</time>
   </trkpt>
   <trkpt lat="51.6153970" lon="-0.1453880">
    <ele>62.4</ele>
    <time>2021-12-18T11:44:40Z</time>
   </trkpt>
   <trkpt lat="51.6154380" lon="-0.1452790">
    <ele>62.4</ele>
    <time>2021-12-18T11:44:41Z</time>
   </trkpt>
   <trkpt lat="51.6155090" lon="-0.1450330">
    <ele>62.2</ele>
    <time>2021-12-18T11:44:43Z</time>
   </trkpt>
   <trkpt lat="51.6155420" lon="-0.1449110">
    <ele>62.1</ele>
    <time>2021-12-18T11:44:44Z</time>
   </trkpt>
   <trkpt lat="51.6155740" lon="-0.1447890">
    <ele>62.1</ele>
    <time>2021-12-18T11:44:45Z</time>
   </trkpt>
   <trkpt lat="51.6156360" lon="-0.1445560">
    <ele>61.9</ele>
    <time>2021-12-18T11:44:47Z</time>
   </trkpt>
   <trkpt lat="51.6156620" lon="-0.1444550">
    <ele>61.9</ele>
    <time>2021-12-18T11:44:48Z</time>
   </trkpt>
   <trkpt lat="51.6156900" lon="-0.1443530">
    <ele>61.8</ele>
    <time>2021-12-18T11:44:50Z</time>
   </trkpt>
   <trkpt lat="51.6156930" lon="-0.1443230">
    <ele>61.8</ele>
    <time>2021-12-18T11:44:52Z</time>
   </trkpt>
   <trkpt lat="51.6156880" lon="-0.1443250">
    <ele>61.8</ele>
    <time>2021-12-18T11:44:53Z</time>
   </trkpt>
   <trkpt lat="51.6156810" lon="-0.1443280">
    <ele>61.8</ele>
    <time>2021-12-18T11:44:55Z</time>
   </trkpt>
   <trkpt lat="51.6156820" lon="-0.1443290">
    <ele>61.8</ele>
    <time>2021-12-18T11:44:56Z</time>
   </trkpt>
   <trkpt lat="51.6156820" lon="-0.1443290">
    <ele>61.8</ele>
    <time>2021-12-18T11:44:57Z</time>
   </trkpt>
   <trkpt lat="51.6156790" lon="-0.1443210">
    <ele>61.7</ele>
    <time>2021-12-18T11:44:59Z</time>
   </trkpt>
   <trkpt lat="51.6156810" lon="-0.1443240">
    <ele>61.7</ele>
    <time>2021-12-18T11:45:00Z</time>
   </trkpt>
   <trkpt lat="51.6156780" lon="-0.1443210">
    <ele>61.7</ele>
    <time>2021-12-18T11:45:02Z</time>
   </trkpt>
   <trkpt lat="51.6156790" lon="-0.1443200">
    <ele>61.7</ele>
    <time>2021-12-18T11:45:04Z</time>
   </trkpt>
   <trkpt lat="51.6156710" lon="-0.1443150">
    <ele>61.7</ele>
    <time>2021-12-18T11:45:07Z</time>
   </trkpt>
   <trkpt lat="51.6156680" lon="-0.1443120">
    <ele>61.7</ele>
    <time>2021-12-18T11:45:09Z</time>
   </trkpt>
   <trkpt lat="51.6156640" lon="-0.1443180">
    <ele>61.7</ele>
    <time>2021-12-18T11:45:11Z</time>
   </trkpt>
   <trkpt lat="51.6156620" lon="-0.1443160">
    <ele>61.7</ele>
    <time>2021-12-18T11:45:12Z</time>
   </trkpt>
   <trkpt lat="51.6156620" lon="-0.1443160">
    <ele>61.7</ele>
    <time>2021-12-18T11:45:13Z</time>
   </trkpt>
   <trkpt lat="51.6156620" lon="-0.1443150">
    <ele>61.7</ele>
    <time>2021-12-18T11:45:15Z</time>
   </trkpt>
   <trkpt lat="51.6156620" lon="-0.1443150">
    <ele>61.7</ele>
    <time>2021-12-18T11:45:16Z</time>
   </trkpt>
   <trkpt lat="51.6156620" lon="-0.1443130">
    <ele>61.7</ele>
    <time>2021-12-18T11:45:17Z</time>
   </trkpt>
   <trkpt lat="51.6156630" lon="-0.1443080">
    <ele>61.7</ele>
    <time>2021-12-18T11:45:18Z</time>
   </trkpt>
   <trkpt lat="51.6156620" lon="-0.1443010">
    <ele>61.7</ele>
    <time>2021-12-18T11:45:20Z</time>
   </trkpt>
   <trkpt lat="51.6156940" lon="-0.1442120">
    <ele>61.6</ele>
    <time>2021-12-18T11:45:41Z</time>
   </trkpt>
   <trkpt lat="51.6157380" lon="-0.1440870">
    <ele>61.5</ele>
    <time>2021-12-18T11:45:43Z</time>
   </trkpt>
   <trkpt lat="51.6157780" lon="-0.1439300">
    <ele>61.3</ele>
    <time>2021-12-18T11:45:45Z</time>
   </trkpt>
   <trkpt lat="51.6158190" lon="-0.1437550">
    <ele>61.2</ele>
    <time>2021-12-18T11:45:47Z</time>
   </trkpt>
   <trkpt lat="51.6158650" lon="-0.1435900">
    <ele>61.1</ele>
    <time>2021-12-18T11:45:49Z</time>
   </trkpt>
   <trkpt lat="51.6158890" lon="-0.1435070">
    <ele>61.0</ele>
    <time>2021-12-18T11:45:50Z</time>
   </trkpt>
   <trkpt lat="51.6159340" lon="-0.1433330">
    <ele>60.9</ele>
    <time>2021-12-18T11:45:52Z</time>
   </trkpt>
   <trkpt lat="51.6159740" lon="-0.1431880">
    <ele>60.7</ele>
    <time>2021-12-18T11:45:54Z</time>
   </trkpt>
   <trkpt lat="51.6160040" lon="-0.1430830">
    <ele>60.6</ele>
    <time>2021-12-18T11:45:56Z</time>
   </trkpt>
   <trkpt lat="51.6160270" lon="-0.1429800">
    <ele>60.5</ele>
    <time>2021-12-18T11:45:58Z</time>
   </trkpt>
   <trkpt lat="51.6160550" lon="-0.1428610">
    <ele>60.4</ele>
    <time>2021-12-18T11:46:00Z</time>
   </trkpt>
   <trkpt lat="51.6160990" lon="-0.1427060">
    <ele>60.2</ele>
    <time>2021-12-18T11:46:02Z</time>
   </trkpt>
   <trkpt lat="51.6161560" lon="-0.1425360">
    <ele>60.0</ele>
    <time>2021-12-18T11:46:04Z</time>
   </trkpt>
   <trkpt lat="51.6161900" lon="-0.1424530">
    <ele>59.9</ele>
    <time>2021-12-18T11:46:05Z</time>
   </trkpt>
   <trkpt lat="51.6162460" lon="-0.1422850">
    <ele>59.7</ele>
    <time>2021-12-18T11:46:07Z</time>
   </trkpt>
   <trkpt lat="51.6162740" lon="-0.1422060">
    <ele>59.6</ele>
    <time>2021-12-18T11:46:08Z</time>
   </trkpt>
   <trkpt lat="51.6163010" lon="-0.1421280">
    <ele>59.5</ele>
    <time>2021-12-18T11:46:09Z</time>
   </trkpt>
   <trkpt lat="51.6163590" lon="-0.1419790">
    <ele>59.4</ele>
    <time>2021-12-18T11:46:11Z</time>
   </trkpt>
   <trkpt lat="51.6164190" lon="-0.1418290">
    <ele>59.2</ele>
    <time>2021-12-18T11:46:13Z</time>
   </trkpt>
   <trkpt lat="51.6164560" lon="-0.1417600">
    <ele>59.1</ele>
    <time>2021-12-18T11:46:14Z</time>
   </trkpt>
   <trkpt lat="51.6165080" lon="-0.1417100">
    <ele>59.0</ele>
    <time>2021-12-18T11:46:15Z</time>
   </trkpt>
   <trkpt lat="51.6166510" lon="-0.1416890">
    <ele>58.7</ele>
    <time>2021-12-18T11:46:17Z</time>
   </trkpt>
   <trkpt lat="51.6168090" lon="-0.1416740">
    <ele>58.3</ele>
    <time>2021-12-18T11:46:19Z</time>
   </trkpt>
   <trkpt lat="51.6169780" lon="-0.1416210">
    <ele>57.7</ele>
    <time>2021-12-18T11:46:21Z</time>
   </trkpt>
   <trkpt lat="51.6170550" lon="-0.1415580">
    <ele>57.5</ele>
    <time>2021-12-18T11:46:22Z</time>
   </trkpt>
   <trkpt lat="51.6171260" lon="-0.1414870">
    <ele>57.4</ele>
    <time>2021-12-18T11:46:23Z</time>
   </trkpt>
   <trkpt lat="51.6172580" lon="-0.1413220">
    <ele>56.6</ele>
    <time>2021-12-18T11:46:25Z</time>
   </trkpt>
   <trkpt lat="51.6173330" lon="-0.1412600">
    <ele>56.2</ele>
    <time>2021-12-18T11:46:26Z</time>
   </trkpt>
   <trkpt lat="51.6174960" lon="-0.1411830">
    <ele>55.6</ele>
    <time>2021-12-18T11:46:28Z</time>
   </trkpt>
   <trkpt lat="51.6175730" lon="-0.1411500">
    <ele>55.4</ele>
    <time>2021-12-18T11:46:29Z</time>
   </trkpt>
   <trkpt lat="51.6176370" lon="-0.1410810">
    <ele>55.2</ele>
    <time>2021-12-18T11:46:30Z</time>
   </trkpt>
   <trkpt lat="51.6176890" lon="-0.1408430">
    <ele>54.9</ele>
    <time>2021-12-18T11:46:32Z</time>
   </trkpt>
   <trkpt lat="51.6177160" lon="-0.1405930">
    <ele>54.6</ele>
    <time>2021-12-18T11:46:34Z</time>
   </trkpt>
   <trkpt lat="51.6178100" lon="-0.1404060">
    <ele>53.9</ele>
    <time>2021-12-18T11:46:36Z</time>
   </trkpt>
   <trkpt lat="51.6178770" lon="-0.1403360">
    <ele>53.5</ele>
    <time>2021-12-18T11:46:37Z</time>
   </trkpt>
   <trkpt lat="51.6180150" lon="-0.1401930">
    <ele>52.9</ele>
    <time>2021-12-18T11:46:39Z</time>
   </trkpt>
   <trkpt lat="51.6180830" lon="-0.1401140">
    <ele>52.5</ele>
    <time>2021-12-18T11:46:40Z</time>
   </trkpt>
   <trkpt lat="51.6182170" lon="-0.1399550">
    <ele>51.7</ele>
    <time>2021-12-18T11:46:42Z</time>
   </trkpt>
   <trkpt lat="51.6183520" lon="-0.1397940">
    <ele>50.9</ele>
    <time>2021-12-18T11:46:44Z</time>
   </trkpt>
   <trkpt lat="51.6184190" lon="-0.1397060">
    <ele>50.7</ele>
    <time>2021-12-18T11:46:45Z</time>
   </trkpt>
   <trkpt lat="51.6184830" lon="-0.1396260">
    <ele>50.3</ele>
    <time>2021-12-18T11:46:46Z</time>
   </trkpt>
   <trkpt lat="51.6186130" lon="-0.1394700">
    <ele>49.2</ele>
    <time>2021-12-18T11:46:48Z</time>
   </trkpt>
   <trkpt lat="51.6186790" lon="-0.1393910">
    <ele>48.7</ele>
    <time>2021-12-18T11:46:49Z</time>
   </trkpt>
   <trkpt lat="51.6187430" lon="-0.1393100">
    <ele>48.1</ele>
    <time>2021-12-18T11:46:50Z</time>
   </trkpt>
   <trkpt lat="51.6188080" lon="-0.1392270">
    <ele>47.5</ele>
    <time>2021-12-18T11:46:51Z</time>
   </trkpt>
   <trkpt lat="51.6189380" lon="-0.1390550">
    <ele>46.2</ele>
    <time>2021-12-18T11:46:53Z</time>
   </trkpt>
   <trkpt lat="51.6190690" lon="-0.1388700">
    <ele>45.1</ele>
    <time>2021-12-18T11:46:55Z</time>
   </trkpt>
   <trkpt lat="51.6192040" lon="-0.1386940">
    <ele>44.2</ele>
    <time>2021-12-18T11:46:57Z</time>
   </trkpt>
   <trkpt lat="51.6192760" lon="-0.1386070">
    <ele>43.6</ele>
    <time>2021-12-18T11:46:58Z</time>
   </trkpt>
   <trkpt lat="51.6194190" lon="-0.1384330">
    <ele>42.6</ele>
    <time>2021-12-18T11:47:00Z</time>
   </trkpt>
   <trkpt lat="51.6195570" lon="-0.1382470">
    <ele>41.5</ele>
    <time>2021-12-18T11:47:02Z</time>
   </trkpt>
   <trkpt lat="51.6196250" lon="-0.1381490">
    <ele>41.0</ele>
    <time>2021-12-18T11:47:03Z</time>
   </trkpt>
   <trkpt lat="51.6197660" lon="-0.1379660">
    <ele>39.9</ele>
    <time>2021-12-18T11:47:05Z</time>
   </trkpt>
   <trkpt lat="51.6199100" lon="-0.1377820">
    <ele>38.9</ele>
    <time>2021-12-18T11:47:07Z</time>
   </trkpt>
   <trkpt lat="51.6200480" lon="-0.1375930">
    <ele>37.8</ele>
    <time>2021-12-18T11:47:09Z</time>
   </trkpt>
   <trkpt lat="51.6201190" lon="-0.1374950">
    <ele>37.2</ele>
    <time>2021-12-18T11:47:10Z</time>
   </trkpt>
   <trkpt lat="51.6202630" lon="-0.1373040">
    <ele>36.2</ele>
    <time>2021-12-18T11:47:12Z</time>
   </trkpt>
   <trkpt lat="51.6203980" lon="-0.1371250">
    <ele>35.7</ele>
    <time>2021-12-18T11:47:14Z</time>
   </trkpt>
   <trkpt lat="51.6204630" lon="-0.1370420">
    <ele>35.3</ele>
    <time>2021-12-18T11:47:15Z</time>
   </trkpt>
   <trkpt lat="51.6205220" lon="-0.1369630">
    <ele>34.9</ele>
    <time>2021-12-18T11:47:16Z</time>
   </trkpt>
   <trkpt lat="51.6206270" lon="-0.1368180">
    <ele>34.2</ele>
    <time>2021-12-18T11:47:18Z</time>
   </trkpt>
   <trkpt lat="51.6206600" lon="-0.1367680">
    <ele>34.0</ele>
    <time>2021-12-18T11:47:20Z</time>
   </trkpt>
   <trkpt lat="51.6206990" lon="-0.1367280">
    <ele>33.8</ele>
    <time>2021-12-18T11:47:22Z</time>
   </trkpt>
   <trkpt lat="51.6207330" lon="-0.1366810">
    <ele>33.6</ele>
    <time>2021-12-18T11:47:23Z</time>
   </trkpt>
   <trkpt lat="51.6208070" lon="-0.1365640">
    <ele>33.1</ele>
    <time>2021-12-18T11:47:25Z</time>
   </trkpt>
   <trkpt lat="51.6209020" lon="-0.1364230">
    <ele>32.7</ele>
    <time>2021-12-18T11:47:27Z</time>
   </trkpt>
   <trkpt lat="51.6210060" lon="-0.1362730">
    <ele>32.5</ele>
    <time>2021-12-18T11:47:29Z</time>
   </trkpt>
   <trkpt lat="51.6211200" lon="-0.1361160">
    <ele>32.5</ele>
    <time>2021-12-18T11:47:31Z</time>
   </trkpt>
   <trkpt lat="51.6212310" lon="-0.1359510">
    <ele>32.6</ele>
    <time>2021-12-18T11:47:33Z</time>
   </trkpt>
   <trkpt lat="51.6212890" lon="-0.1358640">
    <ele>32.8</ele>
    <time>2021-12-18T11:47:34Z</time>
   </trkpt>
   <trkpt lat="51.6213900" lon="-0.1357000">
    <ele>33.2</ele>
    <time>2021-12-18T11:47:36Z</time>
   </trkpt>
   <trkpt lat="51.6214880" lon="-0.1355470">
    <ele>33.8</ele>
    <time>2021-12-18T11:47:38Z</time>
   </trkpt>
   <trkpt lat="51.6215270" lon="-0.1354880">
    <ele>33.7</ele>
    <time>2021-12-18T11:47:39Z</time>
   </trkpt>
   <trkpt lat="51.6215800" lon="-0.1353590">
    <ele>33.7</ele>
    <time>2021-12-18T11:47:41Z</time>
   </trkpt>
   <trkpt lat="51.6215680" lon="-0.1352930">
    <ele>33.7</ele>
    <time>2021-12-18T11:47:42Z</time>
   </trkpt>
   <trkpt lat="51.6215360" lon="-0.1352500">
    <ele>33.6</ele>
    <time>2021-12-18T11:47:43Z</time>
   </trkpt>
   <trkpt lat="51.6214920" lon="-0.1352390">
    <ele>33.4</ele>
    <time>2021-12-18T11:47:44Z</time>
   </trkpt>
   <trkpt lat="51.6214270" lon="-0.1352440">
    <ele>33.2</ele>
    <time>2021-12-18T11:47:45Z</time>
   </trkpt>
   <trkpt lat="51.6213000" lon="-0.1352320">
    <ele>32.7</ele>
    <time>2021-12-18T11:47:47Z</time>
   </trkpt>
   <trkpt lat="51.6211660" lon="-0.1351870">
    <ele>32.4</ele>
    <time>2021-12-18T11:47:49Z</time>
   </trkpt>
   <trkpt lat="51.6210980" lon="-0.1351650">
    <ele>32.2</ele>
    <time>2021-12-18T11:47:50Z</time>
   </trkpt>
   <trkpt lat="51.6209530" lon="-0.1351160">
    <ele>32.1</ele>
    <time>2021-12-18T11:47:52Z</time>
   </trkpt>
   <trkpt lat="51.6207990" lon="-0.1350080">
    <ele>32.0</ele>
    <time>2021-12-18T11:47:54Z</time>
   </trkpt>
   <trkpt lat="51.6207260" lon="-0.1349620">
    <ele>32.0</ele>
    <time>2021-12-18T11:47:55Z</time>
   </trkpt>
   <trkpt lat="51.6205800" lon="-0.1348910">
    <ele>31.8</ele>
    <time>2021-12-18T11:47:57Z</time>
   </trkpt>
   <trkpt lat="51.6204500" lon="-0.1347530">
    <ele>31.7</ele>
    <time>2021-12-18T11:47:59Z</time>
   </trkpt>
   <trkpt lat="51.6203910" lon="-0.1346700">
    <ele>31.6</ele>
    <time>2021-12-18T11:48:00Z</time>
   </trkpt>
   <trkpt lat="51.6203330" lon="-0.1345930">
    <ele>31.5</ele>
    <time>2021-12-18T11:48:01Z</time>
   </trkpt>
   <trkpt lat="51.6202350" lon="-0.1344550">
    <ele>31.5</ele>
    <time>2021-12-18T11:48:03Z</time>
   </trkpt>
   <trkpt lat="51.6201200" lon="-0.1343220">
    <ele>31.4</ele>
    <time>2021-12-18T11:48:05Z</time>
   </trkpt>
   <trkpt lat="51.6200290" lon="-0.1341910">
    <ele>31.3</ele>
    <time>2021-12-18T11:48:07Z</time>
   </trkpt>
   <trkpt lat="51.6199630" lon="-0.1340930">
    <ele>31.3</ele>
    <time>2021-12-18T11:48:09Z</time>
   </trkpt>
   <trkpt lat="51.6199030" lon="-0.1340150">
    <ele>31.3</ele>
    <time>2021-12-18T11:48:11Z</time>
   </trkpt>
   <trkpt lat="51.6198100" lon="-0.1339270">
    <ele>31.2</ele>
    <time>2021-12-18T11:48:13Z</time>
   </trkpt>
   <trkpt lat="51.6197600" lon="-0.1338780">
    <ele>31.2</ele>
    <time>2021-12-18T11:48:14Z</time>
   </trkpt>
   <trkpt lat="51.6197120" lon="-0.1338280">
    <ele>31.1</ele>
    <time>2021-12-18T11:48:15Z</time>
   </trkpt>
   <trkpt lat="51.6196650" lon="-0.1337750">
    <ele>31.0</ele>
    <time>2021-12-18T11:48:16Z</time>
   </trkpt>
   <trkpt lat="51.6195930" lon="-0.1336370">
    <ele>30.9</ele>
    <time>2021-12-18T11:48:18Z</time>
   </trkpt>
   <trkpt lat="51.6195690" lon="-0.1335610">
    <ele>30.9</ele>
    <time>2021-12-18T11:48:19Z</time>
   </trkpt>
   <trkpt lat="51.6195420" lon="-0.1334130">
    <ele>30.8</ele>
    <time>2021-12-18T11:48:21Z</time>
   </trkpt>
   <trkpt lat="51.6195300" lon="-0.1333570">
    <ele>30.8</ele>
    <time>2021-12-18T11:48:22Z</time>
   </trkpt>
   <trkpt lat="51.6195140" lon="-0.1332580">
    <ele>30.7</ele>
    <time>2021-12-18T11:48:24Z</time>
   </trkpt>
   <trkpt lat="51.6194830" lon="-0.1331430">
    <ele>30.7</ele>
    <time>2021-12-18T11:48:26Z</time>
   </trkpt>
   <trkpt lat="51.6194630" lon="-0.1330740">
    <ele>30.6</ele>
    <time>2021-12-18T11:48:27Z</time>
   </trkpt>
   <trkpt lat="51.6194030" lon="-0.1329600">
    <ele>30.6</ele>
    <time>2021-12-18T11:48:29Z</time>
   </trkpt>
   <trkpt lat="51.6193120" lon="-0.1329010">
    <ele>30.5</ele>
    <time>2021-12-18T11:48:31Z</time>
   </trkpt>
   <trkpt lat="51.6192610" lon="-0.1328780">
    <ele>30.4</ele>
    <time>2021-12-18T11:48:32Z</time>
   </trkpt>
   <trkpt lat="51.6191800" lon="-0.1327840">
    <ele>30.4</ele>
    <time>2021-12-18T11:48:34Z</time>
   </trkpt>
   <trkpt lat="51.6191060" lon="-0.1327030">
    <ele>30.3</ele>
    <time>2021-12-18T11:48:36Z</time>
   </trkpt>
   <trkpt lat="51.6190590" lon="-0.1326780">
    <ele>30.2</ele>
    <time>2021-12-18T11:48:37Z</time>
   </trkpt>
   <trkpt lat="51.6189780" lon="-0.1325810">
    <ele>30.2</ele>
    <time>2021-12-18T11:48:39Z</time>
   </trkpt>
   <trkpt lat="51.6188830" lon="-0.1324890">
    <ele>30.1</ele>
    <time>2021-12-18T11:48:41Z</time>
   </trkpt>
   <trkpt lat="51.6188260" lon="-0.1324570">
    <ele>30.0</ele>
    <time>2021-12-18T11:48:42Z</time>
   </trkpt>
   <trkpt lat="51.6187670" lon="-0.1324280">
    <ele>30.0</ele>
    <time>2021-12-18T11:48:43Z</time>
   </trkpt>
   <trkpt lat="51.6187090" lon="-0.1323990">
    <ele>30.0</ele>
    <time>2021-12-18T11:48:44Z</time>
   </trkpt>
   <trkpt lat="51.6186560" lon="-0.1323760">
    <ele>30.0</ele>
    <time>2021-12-18T11:48:45Z</time>
   </trkpt>
   <trkpt lat="51.6185670" lon="-0.1323240">
    <ele>29.9</ele>
    <time>2021-12-18T11:48:47Z</time>
   </trkpt>
   <trkpt lat="51.6184860" lon="-0.1322980">
    <ele>29.9</ele>
    <time>2021-12-18T11:48:49Z</time>
   </trkpt>
   <trkpt lat="51.6184020" lon="-0.1322280">
    <ele>29.8</ele>
    <time>2021-12-18T11:48:51Z</time>
   </trkpt>
   <trkpt lat="51.6183210" lon="-0.1321380">
    <ele>29.8</ele>
    <time>2021-12-18T11:48:53Z</time>
   </trkpt>
   <trkpt lat="51.6182870" lon="-0.1320980">
    <ele>29.8</ele>
    <time>2021-12-18T11:48:54Z</time>
   </trkpt>
   <trkpt lat="51.6182690" lon="-0.1320710">
    <ele>29.8</ele>
    <time>2021-12-18T11:48:55Z</time>
   </trkpt>
   <trkpt lat="51.6182680" lon="-0.1320560">
    <ele>29.8</ele>
    <time>2021-12-18T11:48:56Z</time>
   </trkpt>
   <trkpt lat="51.6182600" lon="-0.1320010">
    <ele>29.8</ele>
    <time>2021-12-18T11:48:58Z</time>
   </trkpt>
   <trkpt lat="51.6182390" lon="-0.1319650">
    <ele>29.7</ele>
    <time>2021-12-18T11:48:59Z</time>
   </trkpt>
   <trkpt lat="51.6182090" lon="-0.1319140">
    <ele>29.7</ele>
    <time>2021-12-18T11:49:00Z</time>
   </trkpt>
   <trkpt lat="51.6181570" lon="-0.1317800">
    <ele>29.7</ele>
    <time>2021-12-18T11:49:02Z</time>
   </trkpt>
   <trkpt lat="51.6181380" lon="-0.1317180">
    <ele>29.7</ele>
    <time>2021-12-18T11:49:03Z</time>
   </trkpt>
   <trkpt lat="51.6181190" lon="-0.1316600">
    <ele>29.7</ele>
    <time>2021-12-18T11:49:04Z</time>
   </trkpt>
   <trkpt lat="51.6181070" lon="-0.1316100">
    <ele>29.7</ele>
    <time>2021-12-18T11:49:05Z</time>
   </trkpt>
   <trkpt lat="51.6180900" lon="-0.1315410">
    <ele>29.8</ele>
    <time>2021-12-18T11:49:07Z</time>
   </trkpt>
   <trkpt lat="51.6180780" lon="-0.1314630">
    <ele>29.8</ele>
    <time>2021-12-18T11:49:09Z</time>
   </trkpt>
   <trkpt lat="51.6180780" lon="-0.1314310">
    <ele>29.8</ele>
    <time>2021-12-18T11:49:10Z</time>
   </trkpt>
   <trkpt lat="51.6180700" lon="-0.1313870">
    <ele>29.8</ele>
    <time>2021-12-18T11:49:12Z</time>
   </trkpt>
   <trkpt lat="51.6180490" lon="-0.1313210">
    <ele>29.8</ele>
    <time>2021-12-18T11:49:13Z</time>
   </trkpt>
   <trkpt lat="51.6180410" lon="-0.1312850">
    <ele>29.8</ele>
    <time>2021-12-18T11:49:14Z</time>
   </trkpt>
   <trkpt lat="51.6180340" lon="-0.1312050">
    <ele>29.8</ele>
    <time>2021-12-18T11:49:16Z</time>
   </trkpt>
   <trkpt lat="51.6180360" lon="-0.1311560">
    <ele>29.8</ele>
    <time>2021-12-18T11:49:17Z</time>
   </trkpt>
   <trkpt lat="51.6180710" lon="-0.1310200">
    <ele>29.8</ele>
    <time>2021-12-18T11:49:19Z</time>
   </trkpt>
   <trkpt lat="51.6180960" lon="-0.1309480">
    <ele>29.8</ele>
    <time>2021-12-18T11:49:20Z</time>
   </trkpt>
   <trkpt lat="51.6181580" lon="-0.1308260">
    <ele>29.8</ele>
    <time>2021-12-18T11:49:22Z</time>
   </trkpt>
   <trkpt lat="51.6181960" lon="-0.1307790">
    <ele>29.8</ele>
    <time>2021-12-18T11:49:23Z</time>
   </trkpt>
   <trkpt lat="51.6182350" lon="-0.1307320">
    <ele>29.8</ele>
    <time>2021-12-18T11:49:24Z</time>
   </trkpt>
   <trkpt lat="51.6183200" lon="-0.1306490">
    <ele>29.8</ele>
    <time>2021-12-18T11:49:26Z</time>
   </trkpt>
   <trkpt lat="51.6184040" lon="-0.1305660">
    <ele>29.8</ele>
    <time>2021-12-18T11:49:28Z</time>
   </trkpt>
   <trkpt lat="51.6184850" lon="-0.1304720">
    <ele>29.9</ele>
    <time>2021-12-18T11:49:30Z</time>
   </trkpt>
   <trkpt lat="51.6185680" lon="-0.1303860">
    <ele>30.1</ele>
    <time>2021-12-18T11:49:32Z</time>
   </trkpt>
   <trkpt lat="51.6186490" lon="-0.1303080">
    <ele>30.4</ele>
    <time>2021-12-18T11:49:34Z</time>
   </trkpt>
   <trkpt lat="51.6187410" lon="-0.1302210">
    <ele>30.9</ele>
    <time>2021-12-18T11:49:36Z</time>
   </trkpt>
   <trkpt lat="51.6188170" lon="-0.1301360">
    <ele>31.3</ele>
    <time>2021-12-18T11:49:38Z</time>
   </trkpt>
   <trkpt lat="51.6188750" lon="-0.1300730">
    <ele>31.6</ele>
    <time>2021-12-18T11:49:40Z</time>
   </trkpt>
   <trkpt lat="51.6189330" lon="-0.1300350">
    <ele>31.9</ele>
    <time>2021-12-18T11:49:42Z</time>
   </trkpt>
   <trkpt lat="51.6189810" lon="-0.1300080">
    <ele>32.2</ele>
    <time>2021-12-18T11:49:44Z</time>
   </trkpt>
   <trkpt lat="51.6190080" lon="-0.1299960">
    <ele>32.4</ele>
    <time>2021-12-18T11:49:45Z</time>
   </trkpt>
   <trkpt lat="51.6190420" lon="-0.1299790">
    <ele>32.7</ele>
    <time>2021-12-18T11:49:46Z</time>
   </trkpt>
   <trkpt lat="51.6191150" lon="-0.1299680">
    <ele>33.3</ele>
    <time>2021-12-18T11:49:48Z</time>
   </trkpt>
   <trkpt lat="51.6191540" lon="-0.1299740">
    <ele>33.6</ele>
    <time>2021-12-18T11:49:49Z</time>
   </trkpt>
   <trkpt lat="51.6192300" lon="-0.1299790">
    <ele>34.2</ele>
    <time>2021-12-18T11:49:51Z</time>
   </trkpt>
   <trkpt lat="51.6192630" lon="-0.1299830">
    <ele>34.5</ele>
    <time>2021-12-18T11:49:52Z</time>
   </trkpt>
   <trkpt lat="51.6192930" lon="-0.1299870">
    <ele>35.0</ele>
    <time>2021-12-18T11:49:53Z</time>
   </trkpt>
   <trkpt lat="51.6193410" lon="-0.1299910">
    <ele>35.1</ele>
    <time>2021-12-18T11:49:55Z</time>
   </trkpt>
   <trkpt lat="51.6193790" lon="-0.1299720">
    <ele>35.4</ele>
    <time>2021-12-18T11:49:57Z</time>
   </trkpt>
   <trkpt lat="51.6194060" lon="-0.1299680">
    <ele>35.6</ele>
    <time>2021-12-18T11:49:58Z</time>
   </trkpt>
   <trkpt lat="51.6194660" lon="-0.1299280">
    <ele>36.1</ele>
    <time>2021-12-18T11:50:00Z</time>
   </trkpt>
   <trkpt lat="51.6195350" lon="-0.1298890">
    <ele>36.6</ele>
    <time>2021-12-18T11:50:02Z</time>
   </trkpt>
   <trkpt lat="51.6196170" lon="-0.1298860">
    <ele>37.0</ele>
    <time>2021-12-18T11:50:04Z</time>
   </trkpt>
   <trkpt lat="51.6196620" lon="-0.1299140">
    <ele>37.1</ele>
    <time>2021-12-18T11:50:05Z</time>
   </trkpt>
   <trkpt lat="51.6197060" lon="-0.1299510">
    <ele>37.1</ele>
    <time>2021-12-18T11:50:06Z</time>
   </trkpt>
   <trkpt lat="51.6197510" lon="-0.1299810">
    <ele>37.2</ele>
    <time>2021-12-18T11:50:07Z</time>
   </trkpt>
   <trkpt lat="51.6197980" lon="-0.1299970">
    <ele>37.2</ele>
    <time>2021-12-18T11:50:08Z</time>
   </trkpt>
   <trkpt lat="51.6198810" lon="-0.1299720">
    <ele>37.4</ele>
    <time>2021-12-18T11:50:10Z</time>
   </trkpt>
   <trkpt lat="51.6199600" lon="-0.1298970">
    <ele>37.4</ele>
    <time>2021-12-18T11:50:12Z</time>
   </trkpt>
   <trkpt lat="51.6199920" lon="-0.1298480">
    <ele>37.5</ele>
    <time>2021-12-18T11:50:13Z</time>
   </trkpt>
   <trkpt lat="51.6200420" lon="-0.1297310">
    <ele>37.5</ele>
    <time>2021-12-18T11:50:15Z</time>
   </trkpt>
   <trkpt lat="51.6200590" lon="-0.1296680">
    <ele>37.6</ele>
    <time>2021-12-18T11:50:16Z</time>
   </trkpt>
   <trkpt lat="51.6200630" lon="-0.1295930">
    <ele>37.6</ele>
    <time>2021-12-18T11:50:17Z</time>
   </trkpt>
   <trkpt lat="51.6200540" lon="-0.1294390">
    <ele>37.7</ele>
    <time>2021-12-18T11:50:19Z</time>
   </trkpt>
   <trkpt lat="51.6200310" lon="-0.1293660">
    <ele>37.9</ele>
    <time>2021-12-18T11:50:20Z</time>
   </trkpt>
   <trkpt lat="51.6199490" lon="-0.1292470">
    <ele>37.9</ele>
    <time>2021-12-18T11:50:22Z</time>
   </trkpt>
   <trkpt lat="51.6198430" lon="-0.1291890">
    <ele>37.9</ele>
    <time>2021-12-18T11:50:24Z</time>
   </trkpt>
   <trkpt lat="51.6197350" lon="-0.1291500">
    <ele>38.2</ele>
    <time>2021-12-18T11:50:26Z</time>
   </trkpt>
   <trkpt lat="51.6196940" lon="-0.1291040">
    <ele>38.3</ele>
    <time>2021-12-18T11:50:27Z</time>
   </trkpt>
   <trkpt lat="51.6196660" lon="-0.1290330">
    <ele>38.5</ele>
    <time>2021-12-18T11:50:28Z</time>
   </trkpt>
   <trkpt lat="51.6196360" lon="-0.1288710">
    <ele>38.8</ele>
    <time>2021-12-18T11:50:30Z</time>
   </trkpt>
   <trkpt lat="51.6196060" lon="-0.1287220">
    <ele>39.1</ele>
    <time>2021-12-18T11:50:32Z</time>
   </trkpt>
   <trkpt lat="51.6195710" lon="-0.1285840">
    <ele>39.3</ele>
    <time>2021-12-18T11:50:34Z</time>
   </trkpt>
   <trkpt lat="51.6195520" lon="-0.1285180">
    <ele>39.4</ele>
    <time>2021-12-18T11:50:35Z</time>
   </trkpt>
   <trkpt lat="51.6195130" lon="-0.1283980">
    <ele>39.6</ele>
    <time>2021-12-18T11:50:37Z</time>
   </trkpt>
   <trkpt lat="51.6194790" lon="-0.1282690">
    <ele>39.7</ele>
    <time>2021-12-18T11:50:39Z</time>
   </trkpt>
   <trkpt lat="51.6194790" lon="-0.1281980">
    <ele>39.8</ele>
    <time>2021-12-18T11:50:40Z</time>
   </trkpt>
   <trkpt lat="51.6195320" lon="-0.1280750">
    <ele>41.1</ele>
    <time>2021-12-18T11:50:42Z</time>
   </trkpt>
   <trkpt lat="51.6195740" lon="-0.1280300">
    <ele>41.5</ele>
    <time>2021-12-18T11:50:43Z</time>
   </trkpt>
   <trkpt lat="51.6196520" lon="-0.1279610">
    <ele>42.0</ele>
    <time>2021-12-18T11:50:45Z</time>
   </trkpt>
   <trkpt lat="51.6196880" lon="-0.1279290">
    <ele>42.3</ele>
    <time>2021-12-18T11:50:46Z</time>
   </trkpt>
   <trkpt lat="51.6197240" lon="-0.1278950">
    <ele>42.6</ele>
    <time>2021-12-18T11:50:47Z</time>
   </trkpt>
   <trkpt lat="51.6197950" lon="-0.1278240">
    <ele>43.2</ele>
    <time>2021-12-18T11:50:49Z</time>
   </trkpt>
   <trkpt lat="51.6198300" lon="-0.1277890">
    <ele>43.5</ele>
    <time>2021-12-18T11:50:50Z</time>
   </trkpt>
   <trkpt lat="51.6198960" lon="-0.1277180">
    <ele>44.0</ele>
    <time>2021-12-18T11:50:52Z</time>
   </trkpt>
   <trkpt lat="51.6199290" lon="-0.1276800">
    <ele>44.3</ele>
    <time>2021-12-18T11:50:53Z</time>
   </trkpt>
   <trkpt lat="51.6199930" lon="-0.1276040">
    <ele>44.9</ele>
    <time>2021-12-18T11:50:55Z</time>
   </trkpt>
   <trkpt lat="51.6200590" lon="-0.1275270">
    <ele>45.6</ele>
    <time>2021-12-18T11:50:57Z</time>
   </trkpt>
   <trkpt lat="51.6201300" lon="-0.1274590">
    <ele>46.2</ele>
    <time>2021-12-18T11:50:59Z</time>
   </trkpt>
   <trkpt lat="51.6201990" lon="-0.1273900">
    <ele>46.9</ele>
    <time>2021-12-18T11:51:01Z</time>
   </trkpt>
   <trkpt lat="51.6202320" lon="-0.1273520">
    <ele>47.2</ele>
    <time>2021-12-18T11:51:02Z</time>
   </trkpt>
   <trkpt lat="51.6202630" lon="-0.1273120">
    <ele>47.5</ele>
    <time>2021-12-18T11:51:03Z</time>
   </trkpt>
   <trkpt lat="51.6203160" lon="-0.1272190">
    <ele>48.1</ele>
    <time>2021-12-18T11:51:05Z</time>
   </trkpt>
   <trkpt lat="51.6203360" lon="-0.1271600">
    <ele>48.4</ele>
    <time>2021-12-18T11:51:06Z</time>
   </trkpt>
   <trkpt lat="51.6203500" lon="-0.1270960">
    <ele>48.7</ele>
    <time>2021-12-18T11:51:07Z</time>
   </trkpt>
   <trkpt lat="51.6203670" lon="-0.1269640">
    <ele>49.2</ele>
    <time>2021-12-18T11:51:09Z</time>
   </trkpt>
   <trkpt lat="51.6203740" lon="-0.1269000">
    <ele>49.5</ele>
    <time>2021-12-18T11:51:10Z</time>
   </trkpt>
   <trkpt lat="51.6203890" lon="-0.1267720">
    <ele>49.9</ele>
    <time>2021-12-18T11:51:12Z</time>
   </trkpt>
   <trkpt lat="51.6204010" lon="-0.1266380">
    <ele>50.4</ele>
    <time>2021-12-18T11:51:14Z</time>
   </trkpt>
   <trkpt lat="51.6204080" lon="-0.1265710">
    <ele>50.6</ele>
    <time>2021-12-18T11:51:15Z</time>
   </trkpt>
   <trkpt lat="51.6204250" lon="-0.1264400">
    <ele>51.0</ele>
    <time>2021-12-18T11:51:17Z</time>
   </trkpt>
   <trkpt lat="51.6204500" lon="-0.1263130">
    <ele>51.5</ele>
    <time>2021-12-18T11:51:19Z</time>
   </trkpt>
   <trkpt lat="51.6204650" lon="-0.1262500">
    <ele>51.7</ele>
    <time>2021-12-18T11:51:20Z</time>
   </trkpt>
   <trkpt lat="51.6204940" lon="-0.1261280">
    <ele>52.1</ele>
    <time>2021-12-18T11:51:22Z</time>
   </trkpt>
   <trkpt lat="51.6205200" lon="-0.1260000">
    <ele>52.4</ele>
    <time>2021-12-18T11:51:24Z</time>
   </trkpt>
   <trkpt lat="51.6205320" lon="-0.1259330">
    <ele>52.6</ele>
    <time>2021-12-18T11:51:25Z</time>
   </trkpt>
   <trkpt lat="51.6205430" lon="-0.1258660">
    <ele>52.8</ele>
    <time>2021-12-18T11:51:26Z</time>
   </trkpt>
   <trkpt lat="51.6205620" lon="-0.1257330">
    <ele>53.2</ele>
    <time>2021-12-18T11:51:28Z</time>
   </trkpt>
   <trkpt lat="51.6205730" lon="-0.1256670">
    <ele>53.4</ele>
    <time>2021-12-18T11:51:29Z</time>
   </trkpt>
   <trkpt lat="51.6205840" lon="-0.1256010">
    <ele>53.6</ele>
    <time>2021-12-18T11:51:30Z</time>
   </trkpt>
   <trkpt lat="51.6206070" lon="-0.1254680">
    <ele>54.1</ele>
    <time>2021-12-18T11:51:32Z</time>
   </trkpt>
   <trkpt lat="51.6206190" lon="-0.1254030">
    <ele>54.3</ele>
    <time>2021-12-18T11:51:33Z</time>
   </trkpt>
   <trkpt lat="51.6206420" lon="-0.1252740">
    <ele>54.8</ele>
    <time>2021-12-18T11:51:35Z</time>
   </trkpt>
   <trkpt lat="51.6206530" lon="-0.1252080">
    <ele>55.0</ele>
    <time>2021-12-18T11:51:36Z</time>
   </trkpt>
   <trkpt lat="51.6206770" lon="-0.1250790">
    <ele>55.4</ele>
    <time>2021-12-18T11:51:38Z</time>
   </trkpt>
   <trkpt lat="51.6206910" lon="-0.1250120">
    <ele>55.6</ele>
    <time>2021-12-18T11:51:39Z</time>
   </trkpt>
   <trkpt lat="51.6207060" lon="-0.1249410">
    <ele>55.8</ele>
    <time>2021-12-18T11:51:40Z</time>
   </trkpt>
   <trkpt lat="51.6207220" lon="-0.1248700">
    <ele>56.0</ele>
    <time>2021-12-18T11:51:41Z</time>
   </trkpt>
   <trkpt lat="51.6207590" lon="-0.1247320">
    <ele>56.4</ele>
    <time>2021-12-18T11:51:43Z</time>
   </trkpt>
   <trkpt lat="51.6207780" lon="-0.1246620">
    <ele>56.5</ele>
    <time>2021-12-18T11:51:44Z</time>
   </trkpt>
   <trkpt lat="51.6208080" lon="-0.1245230">
    <ele>56.8</ele>
    <time>2021-12-18T11:51:46Z</time>
   </trkpt>
   <trkpt lat="51.6208320" lon="-0.1244090">
    <ele>57.1</ele>
    <time>2021-12-18T11:51:48Z</time>
   </trkpt>
   <trkpt lat="51.6208440" lon="-0.1243540">
    <ele>57.2</ele>
    <time>2021-12-18T11:51:49Z</time>
   </trkpt>
   <trkpt lat="51.6208690" lon="-0.1242240">
    <ele>57.4</ele>
    <time>2021-12-18T11:51:51Z</time>
   </trkpt>
   <trkpt lat="51.6208810" lon="-0.1241560">
    <ele>57.5</ele>
    <time>2021-12-18T11:51:52Z</time>
   </trkpt>
   <trkpt lat="51.6209030" lon="-0.1240150">
    <ele>57.7</ele>
    <time>2021-12-18T11:51:54Z</time>
   </trkpt>
   <trkpt lat="51.6209150" lon="-0.1239430">
    <ele>57.9</ele>
    <time>2021-12-18T11:51:55Z</time>
   </trkpt>
   <trkpt lat="51.6209270" lon="-0.1238690">
    <ele>58.0</ele>
    <time>2021-12-18T11:51:56Z</time>
   </trkpt>
   <trkpt lat="51.6209500" lon="-0.1237240">
    <ele>58.2</ele>
    <time>2021-12-18T11:51:58Z</time>
   </trkpt>
   <trkpt lat="51.6209700" lon="-0.1235790">
    <ele>58.4</ele>
    <time>2021-12-18T11:52:00Z</time>
   </trkpt>
   <trkpt lat="51.6209790" lon="-0.1235120">
    <ele>58.5</ele>
    <time>2021-12-18T11:52:01Z</time>
   </trkpt>
   <trkpt lat="51.6209960" lon="-0.1233750">
    <ele>58.5</ele>
    <time>2021-12-18T11:52:03Z</time>
   </trkpt>
   <trkpt lat="51.6210030" lon="-0.1233020">
    <ele>58.5</ele>
    <time>2021-12-18T11:52:04Z</time>
   </trkpt>
   <trkpt lat="51.6210100" lon="-0.1232250">
    <ele>58.5</ele>
    <time>2021-12-18T11:52:05Z</time>
   </trkpt>
   <trkpt lat="51.6210220" lon="-0.1230630">
    <ele>58.4</ele>
    <time>2021-12-18T11:52:07Z</time>
   </trkpt>
   <trkpt lat="51.6210280" lon="-0.1229840">
    <ele>58.4</ele>
    <time>2021-12-18T11:52:08Z</time>
   </trkpt>
   <trkpt lat="51.6210350" lon="-0.1228350">
    <ele>58.3</ele>
    <time>2021-12-18T11:52:10Z</time>
   </trkpt>
   <trkpt lat="51.6210370" lon="-0.1227640">
    <ele>58.2</ele>
    <time>2021-12-18T11:52:11Z</time>
   </trkpt>
   <trkpt lat="51.6210340" lon="-0.1226290">
    <ele>58.1</ele>
    <time>2021-12-18T11:52:13Z</time>
   </trkpt>
   <trkpt lat="51.6210100" lon="-0.1225080">
    <ele>57.9</ele>
    <time>2021-12-18T11:52:15Z</time>
   </trkpt>
   <trkpt lat="51.6209970" lon="-0.1224450">
    <ele>57.8</ele>
    <time>2021-12-18T11:52:16Z</time>
   </trkpt>
   <trkpt lat="51.6209750" lon="-0.1223140">
    <ele>57.6</ele>
    <time>2021-12-18T11:52:18Z</time>
   </trkpt>
   <trkpt lat="51.6209520" lon="-0.1221830">
    <ele>57.3</ele>
    <time>2021-12-18T11:52:20Z</time>
   </trkpt>
   <trkpt lat="51.6209400" lon="-0.1221150">
    <ele>57.2</ele>
    <time>2021-12-18T11:52:21Z</time>
   </trkpt>
   <trkpt lat="51.6209250" lon="-0.1220440">
    <ele>57.0</ele>
    <time>2021-12-18T11:52:22Z</time>
   </trkpt>
   <trkpt lat="51.6209110" lon="-0.1219660">
    <ele>56.9</ele>
    <time>2021-12-18T11:52:23Z</time>
   </trkpt>
   <trkpt lat="51.6208910" lon="-0.1217860">
    <ele>56.5</ele>
    <time>2021-12-18T11:52:25Z</time>
   </trkpt>
   <trkpt lat="51.6208650" lon="-0.1215900">
    <ele>56.0</ele>
    <time>2021-12-18T11:52:27Z</time>
   </trkpt>
   <trkpt lat="51.6208250" lon="-0.1213770">
    <ele>55.3</ele>
    <time>2021-12-18T11:52:29Z</time>
   </trkpt>
   <trkpt lat="51.6208030" lon="-0.1212610">
    <ele>54.9</ele>
    <time>2021-12-18T11:52:30Z</time>
   </trkpt>
   <trkpt lat="51.6207840" lon="-0.1211450">
    <ele>54.6</ele>
    <time>2021-12-18T11:52:31Z</time>
   </trkpt>
   <trkpt lat="51.6207550" lon="-0.1209170">
    <ele>54.0</ele>
    <time>2021-12-18T11:52:33Z</time>
   </trkpt>
   <trkpt lat="51.6207270" lon="-0.1206800">
    <ele>53.7</ele>
    <time>2021-12-18T11:52:35Z</time>
   </trkpt>
   <trkpt lat="51.6206960" lon="-0.1204140">
    <ele>53.7</ele>
    <time>2021-12-18T11:52:37Z</time>
   </trkpt>
   <trkpt lat="51.6206720" lon="-0.1201780">
    <ele>53.7</ele>
    <time>2021-12-18T11:52:39Z</time>
   </trkpt>
   <trkpt lat="51.6206600" lon="-0.1200610">
    <ele>53.6</ele>
    <time>2021-12-18T11:52:40Z</time>
   </trkpt>
   <trkpt lat="51.6206380" lon="-0.1198290">
    <ele>53.5</ele>
    <time>2021-12-18T11:52:42Z</time>
   </trkpt>
   <trkpt lat="51.6206230" lon="-0.1197130">
    <ele>53.4</ele>
    <time>2021-12-18T11:52:43Z</time>
   </trkpt>
   <trkpt lat="51.6205880" lon="-0.1194900">
    <ele>53.0</ele>
    <time>2021-12-18T11:52:45Z</time>
   </trkpt>
   <trkpt lat="51.6205750" lon="-0.1193740">
    <ele>52.8</ele>
    <time>2021-12-18T11:52:46Z</time>
   </trkpt>
   <trkpt lat="51.6205650" lon="-0.1192520">
    <ele>52.5</ele>
    <time>2021-12-18T11:52:47Z</time>
   </trkpt>
   <trkpt lat="51.6205460" lon="-0.1191410">
    <ele>52.1</ele>
    <time>2021-12-18T11:52:48Z</time>
   </trkpt>
   <trkpt lat="51.6205280" lon="-0.1190320">
    <ele>51.8</ele>
    <time>2021-12-18T11:52:49Z</time>
   </trkpt>
   <trkpt lat="51.6204850" lon="-0.1187990">
    <ele>50.9</ele>
    <time>2021-12-18T11:52:51Z</time>
   </trkpt>
   <trkpt lat="51.6204300" lon="-0.1185530">
    <ele>49.8</ele>
    <time>2021-12-18T11:52:53Z</time>
   </trkpt>
   <trkpt lat="51.6203820" lon="-0.1183110">
    <ele>48.8</ele>
    <time>2021-12-18T11:52:55Z</time>
   </trkpt>
   <trkpt lat="51.6203250" lon="-0.1180440">
    <ele>47.6</ele>
    <time>2021-12-18T11:52:57Z</time>
   </trkpt>
   <trkpt lat="51.6202700" lon="-0.1177710">
    <ele>46.5</ele>
    <time>2021-12-18T11:52:59Z</time>
   </trkpt>
   <trkpt lat="51.6202140" lon="-0.1175020">
    <ele>45.5</ele>
    <time>2021-12-18T11:53:01Z</time>
   </trkpt>
   <trkpt lat="51.6201820" lon="-0.1173680">
    <ele>45.1</ele>
    <time>2021-12-18T11:53:02Z</time>
   </trkpt>
   <trkpt lat="51.6201470" lon="-0.1172380">
    <ele>44.7</ele>
    <time>2021-12-18T11:53:03Z</time>
   </trkpt>
   <trkpt lat="51.6200790" lon="-0.1169800">
    <ele>44.2</ele>
    <time>2021-12-18T11:53:05Z</time>
   </trkpt>
   <trkpt lat="51.6200250" lon="-0.1167240">
    <ele>43.8</ele>
    <time>2021-12-18T11:53:07Z</time>
   </trkpt>
   <trkpt lat="51.6199990" lon="-0.1165990">
    <ele>43.7</ele>
    <time>2021-12-18T11:53:08Z</time>
   </trkpt>
   <trkpt lat="51.6199440" lon="-0.1163520">
    <ele>43.5</ele>
    <time>2021-12-18T11:53:10Z</time>
   </trkpt>
   <trkpt lat="51.6198820" lon="-0.1161190">
    <ele>43.5</ele>
    <time>2021-12-18T11:53:12Z</time>
   </trkpt>
   <trkpt lat="51.6198560" lon="-0.1160020">
    <ele>43.5</ele>
    <time>2021-12-18T11:53:13Z</time>
   </trkpt>
   <trkpt lat="51.6198110" lon="-0.1157700">
    <ele>43.6</ele>
    <time>2021-12-18T11:53:15Z</time>
   </trkpt>
   <trkpt lat="51.6197800" lon="-0.1156500">
    <ele>43.6</ele>
    <time>2021-12-18T11:53:16Z</time>
   </trkpt>
   <trkpt lat="51.6197530" lon="-0.1155370">
    <ele>43.6</ele>
    <time>2021-12-18T11:53:17Z</time>
   </trkpt>
   <trkpt lat="51.6197280" lon="-0.1154240">
    <ele>43.7</ele>
    <time>2021-12-18T11:53:18Z</time>
   </trkpt>
   <trkpt lat="51.6197040" lon="-0.1153130">
    <ele>43.8</ele>
    <time>2021-12-18T11:53:19Z</time>
   </trkpt>
   <trkpt lat="51.6196600" lon="-0.1151050">
    <ele>43.9</ele>
    <time>2021-12-18T11:53:21Z</time>
   </trkpt>
   <trkpt lat="51.6196210" lon="-0.1149070">
    <ele>44.0</ele>
    <time>2021-12-18T11:53:23Z</time>
   </trkpt>
   <trkpt lat="51.6196070" lon="-0.1148090">
    <ele>44.1</ele>
    <time>2021-12-18T11:53:24Z</time>
   </trkpt>
   <trkpt lat="51.6195770" lon="-0.1146190">
    <ele>44.1</ele>
    <time>2021-12-18T11:53:26Z</time>
   </trkpt>
   <trkpt lat="51.6195590" lon="-0.1145190">
    <ele>44.2</ele>
    <time>2021-12-18T11:53:27Z</time>
   </trkpt>
   <trkpt lat="51.6195130" lon="-0.1143340">
    <ele>44.2</ele>
    <time>2021-12-18T11:53:29Z</time>
   </trkpt>
   <trkpt lat="51.6194900" lon="-0.1142430">
    <ele>44.3</ele>
    <time>2021-12-18T11:53:30Z</time>
   </trkpt>
   <trkpt lat="51.6194660" lon="-0.1141480">
    <ele>44.3</ele>
    <time>2021-12-18T11:53:31Z</time>
   </trkpt>
   <trkpt lat="51.6194020" lon="-0.1139610">
    <ele>44.1</ele>
    <time>2021-12-18T11:53:33Z</time>
   </trkpt>
   <trkpt lat="51.6193720" lon="-0.1138620">
    <ele>44.0</ele>
    <time>2021-12-18T11:53:34Z</time>
   </trkpt>
   <trkpt lat="51.6193250" lon="-0.1136880">
    <ele>43.9</ele>
    <time>2021-12-18T11:53:36Z</time>
   </trkpt>
   <trkpt lat="51.6192960" lon="-0.1136000">
    <ele>43.8</ele>
    <time>2021-12-18T11:53:37Z</time>
   </trkpt>
   <trkpt lat="51.6192670" lon="-0.1135150">
    <ele>43.7</ele>
    <time>2021-12-18T11:53:38Z</time>
   </trkpt>
   <trkpt lat="51.6192190" lon="-0.1133610">
    <ele>43.5</ele>
    <time>2021-12-18T11:53:40Z</time>
   </trkpt>
   <trkpt lat="51.6191960" lon="-0.1132710">
    <ele>43.5</ele>
    <time>2021-12-18T11:53:42Z</time>
   </trkpt>
   <trkpt lat="51.6191790" lon="-0.1132070">
    <ele>43.4</ele>
    <time>2021-12-18T11:53:44Z</time>
   </trkpt>
   <trkpt lat="51.6191700" lon="-0.1131760">
    <ele>43.3</ele>
    <time>2021-12-18T11:53:46Z</time>
   </trkpt>
   <trkpt lat="51.6191700" lon="-0.1131820">
    <ele>43.3</ele>
    <time>2021-12-18T11:53:47Z</time>
   </trkpt>
   <trkpt lat="51.6191720" lon="-0.1131900">
    <ele>43.3</ele>
    <time>2021-12-18T11:53:49Z</time>
   </trkpt>
   <trkpt lat="51.6191730" lon="-0.1131910">
    <ele>43.3</ele>
    <time>2021-12-18T11:53:50Z</time>
   </trkpt>
   <trkpt lat="51.6191730" lon="-0.1131920">
    <ele>43.3</ele>
    <time>2021-12-18T11:53:51Z</time>
   </trkpt>
   <trkpt lat="51.6191730" lon="-0.1131920">
    <ele>43.3</ele>
    <time>2021-12-18T11:53:53Z</time>
   </trkpt>
   <trkpt lat="51.6191730" lon="-0.1131940">
    <ele>43.3</ele>
    <time>2021-12-18T11:53:54Z</time>
   </trkpt>
   <trkpt lat="51.6191680" lon="-0.1131810">
    <ele>43.3</ele>
    <time>2021-12-18T11:53:55Z</time>
   </trkpt>
   <trkpt lat="51.6191630" lon="-0.1131680">
    <ele>43.3</ele>
    <time>2021-12-18T11:53:56Z</time>
   </trkpt>
   <trkpt lat="51.6191600" lon="-0.1131360">
    <ele>43.3</ele>
    <time>2021-12-18T11:53:58Z</time>
   </trkpt>
   <trkpt lat="51.6191640" lon="-0.1131160">
    <ele>43.3</ele>
    <time>2021-12-18T11:53:59Z</time>
   </trkpt>
   <trkpt lat="51.6191730" lon="-0.1130990">
    <ele>43.3</ele>
    <time>2021-12-18T11:54:00Z</time>
   </trkpt>
   <trkpt lat="51.6191990" lon="-0.1130720">
    <ele>43.3</ele>
    <time>2021-12-18T11:54:02Z</time>
   </trkpt>
   <trkpt lat="51.6192550" lon="-0.1130280">
    <ele>43.4</ele>
    <time>2021-12-18T11:54:04Z</time>
   </trkpt>
   <trkpt lat="51.6193330" lon="-0.1129680">
    <ele>43.4</ele>
    <time>2021-12-18T11:54:06Z</time>
   </trkpt>
   <trkpt lat="51.6193720" lon="-0.1129320">
    <ele>43.5</ele>
    <time>2021-12-18T11:54:07Z</time>
   </trkpt>
   <trkpt lat="51.6194630" lon="-0.1128700">
    <ele>43.6</ele>
    <time>2021-12-18T11:54:09Z</time>
   </trkpt>
   <trkpt lat="51.6195050" lon="-0.1128370">
    <ele>43.5</ele>
    <time>2021-12-18T11:54:10Z</time>
   </trkpt>
   <trkpt lat="51.6195450" lon="-0.1127940">
    <ele>43.5</ele>
    <time>2021-12-18T11:54:11Z</time>
   </trkpt>
   <trkpt lat="51.6196320" lon="-0.1127070">
    <ele>43.5</ele>
    <time>2021-12-18T11:54:13Z</time>
   </trkpt>
   <trkpt lat="51.6197420" lon="-0.1126180">
    <ele>43.5</ele>
    <time>2021-12-18T11:54:15Z</time>
   </trkpt>
   <trkpt lat="51.6197980" lon="-0.1125650">
    <ele>43.5</ele>
    <time>2021-12-18T11:54:16Z</time>
   </trkpt>
   <trkpt lat="51.6199150" lon="-0.1124620">
    <ele>43.6</ele>
    <time>2021-12-18T11:54:18Z</time>
   </trkpt>
   <trkpt lat="51.6199700" lon="-0.1124060">
    <ele>43.7</ele>
    <time>2021-12-18T11:54:19Z</time>
   </trkpt>
   <trkpt lat="51.6200820" lon="-0.1123050">
    <ele>43.9</ele>
    <time>2021-12-18T11:54:21Z</time>
   </trkpt>
   <trkpt lat="51.6201380" lon="-0.1122590">
    <ele>44.0</ele>
    <time>2021-12-18T11:54:22Z</time>
   </trkpt>
   <trkpt lat="51.6202540" lon="-0.1121450">
    <ele>44.2</ele>
    <time>2021-12-18T11:54:24Z</time>
   </trkpt>
   <trkpt lat="51.6203150" lon="-0.1120880">
    <ele>44.3</ele>
    <time>2021-12-18T11:54:25Z</time>
   </trkpt>
   <trkpt lat="51.6203770" lon="-0.1120370">
    <ele>44.4</ele>
    <time>2021-12-18T11:54:26Z</time>
   </trkpt>
   <trkpt lat="51.6204950" lon="-0.1119250">
    <ele>44.7</ele>
    <time>2021-12-18T11:54:28Z</time>
   </trkpt>
   <trkpt lat="51.6205580" lon="-0.1118630">
    <ele>44.8</ele>
    <time>2021-12-18T11:54:29Z</time>
   </trkpt>
   <trkpt lat="51.6206760" lon="-0.1117500">
    <ele>45.1</ele>
    <time>2021-12-18T11:54:31Z</time>
   </trkpt>
   <trkpt lat="51.6207400" lon="-0.1116970">
    <ele>45.3</ele>
    <time>2021-12-18T11:54:32Z</time>
   </trkpt>
   <trkpt lat="51.6208610" lon="-0.1115740">
    <ele>45.6</ele>
    <time>2021-12-18T11:54:34Z</time>
   </trkpt>
   <trkpt lat="51.6209180" lon="-0.1115150">
    <ele>45.7</ele>
    <time>2021-12-18T11:54:35Z</time>
   </trkpt>
   <trkpt lat="51.6210260" lon="-0.1114060">
    <ele>46.0</ele>
    <time>2021-12-18T11:54:37Z</time>
   </trkpt>
   <trkpt lat="51.6211290" lon="-0.1113090">
    <ele>46.3</ele>
    <time>2021-12-18T11:54:39Z</time>
   </trkpt>
   <trkpt lat="51.6211870" lon="-0.1112700">
    <ele>46.5</ele>
    <time>2021-12-18T11:54:40Z</time>
   </trkpt>
   <trkpt lat="51.6212420" lon="-0.1112230">
    <ele>46.7</ele>
    <time>2021-12-18T11:54:41Z</time>
   </trkpt>
   <trkpt lat="51.6213420" lon="-0.1111250">
    <ele>47.0</ele>
    <time>2021-12-18T11:54:43Z</time>
   </trkpt>
   <trkpt lat="51.6214420" lon="-0.1110260">
    <ele>47.3</ele>
    <time>2021-12-18T11:54:45Z</time>
   </trkpt>
   <trkpt lat="51.6214950" lon="-0.1109760">
    <ele>47.5</ele>
    <time>2021-12-18T11:54:46Z</time>
   </trkpt>
   <trkpt lat="51.6215960" lon="-0.1108810">
    <ele>47.8</ele>
    <time>2021-12-18T11:54:48Z</time>
   </trkpt>
   <trkpt lat="51.6217020" lon="-0.1107920">
    <ele>48.1</ele>
    <time>2021-12-18T11:54:50Z</time>
   </trkpt>
   <trkpt lat="51.6218010" lon="-0.1106980">
    <ele>48.4</ele>
    <time>2021-12-18T11:54:52Z</time>
   </trkpt>
   <trkpt lat="51.6219020" lon="-0.1106260">
    <ele>48.7</ele>
    <time>2021-12-18T11:54:54Z</time>
   </trkpt>
   <trkpt lat="51.6219900" lon="-0.1105490">
    <ele>48.9</ele>
    <time>2021-12-18T11:54:56Z</time>
   </trkpt>
   <trkpt lat="51.6220580" lon="-0.1104760">
    <ele>49.1</ele>
    <time>2021-12-18T11:54:58Z</time>
   </trkpt>
   <trkpt lat="51.6221250" lon="-0.1103960">
    <ele>49.2</ele>
    <time>2021-12-18T11:55:00Z</time>
   </trkpt>
   <trkpt lat="51.6221850" lon="-0.1103310">
    <ele>49.2</ele>
    <time>2021-12-18T11:55:02Z</time>
   </trkpt>
   <trkpt lat="51.6222300" lon="-0.1102680">
    <ele>49.1</ele>
    <time>2021-12-18T11:55:04Z</time>
   </trkpt>
   <trkpt lat="51.6222280" lon="-0.1102080">
    <ele>48.9</ele>
    <time>2021-12-18T11:55:05Z</time>
   </trkpt>
   <trkpt lat="51.6221730" lon="-0.1100740">
    <ele>48.5</ele>
    <time>2021-12-18T11:55:07Z</time>
   </trkpt>
   <trkpt lat="51.6221290" lon="-0.1100170">
    <ele>48.2</ele>
    <time>2021-12-18T11:55:08Z</time>
   </trkpt>
   <trkpt lat="51.6220830" lon="-0.1099650">
    <ele>47.9</ele>
    <time>2021-12-18T11:55:09Z</time>
   </trkpt>
   <trkpt lat="51.6220030" lon="-0.1098300">
    <ele>47.4</ele>
    <time>2021-12-18T11:55:11Z</time>
   </trkpt>
   <trkpt lat="51.6219660" lon="-0.1097490">
    <ele>47.1</ele>
    <time>2021-12-18T11:55:12Z</time>
   </trkpt>
   <trkpt lat="51.6219300" lon="-0.1096650">
    <ele>46.8</ele>
    <time>2021-12-18T11:55:13Z</time>
   </trkpt>
   <trkpt lat="51.6218700" lon="-0.1094950">
    <ele>46.3</ele>
    <time>2021-12-18T11:55:15Z</time>
   </trkpt>
   <trkpt lat="51.6218310" lon="-0.1094070">
    <ele>46.0</ele>
    <time>2021-12-18T11:55:16Z</time>
   </trkpt>
   <trkpt lat="51.6217870" lon="-0.1093190">
    <ele>45.8</ele>
    <time>2021-12-18T11:55:17Z</time>
   </trkpt>
   <trkpt lat="51.6217090" lon="-0.1091230">
    <ele>45.4</ele>
    <time>2021-12-18T11:55:19Z</time>
   </trkpt>
   <trkpt lat="51.6216730" lon="-0.1090220">
    <ele>45.2</ele>
    <time>2021-12-18T11:55:20Z</time>
   </trkpt>
   <trkpt lat="51.6216300" lon="-0.1088250">
    <ele>44.8</ele>
    <time>2021-12-18T11:55:22Z</time>
   </trkpt>
   <trkpt lat="51.6215670" lon="-0.1086260">
    <ele>44.5</ele>
    <time>2021-12-18T11:55:24Z</time>
   </trkpt>
   <trkpt lat="51.6215280" lon="-0.1085340">
    <ele>44.3</ele>
    <time>2021-12-18T11:55:25Z</time>
   </trkpt>
   <trkpt lat="51.6214930" lon="-0.1084340">
    <ele>44.2</ele>
    <time>2021-12-18T11:55:26Z</time>
   </trkpt>
   <trkpt lat="51.6214340" lon="-0.1082250">
    <ele>43.9</ele>
    <time>2021-12-18T11:55:28Z</time>
   </trkpt>
   <trkpt lat="51.6214070" lon="-0.1081140">
    <ele>43.8</ele>
    <time>2021-12-18T11:55:29Z</time>
   </trkpt>
   <trkpt lat="51.6213750" lon="-0.1080160">
    <ele>43.7</ele>
    <time>2021-12-18T11:55:30Z</time>
   </trkpt>
   <trkpt lat="51.6213460" lon="-0.1079180">
    <ele>43.6</ele>
    <time>2021-12-18T11:55:31Z</time>
   </trkpt>
   <trkpt lat="51.6212890" lon="-0.1077670">
    <ele>43.4</ele>
    <time>2021-12-18T11:55:33Z</time>
   </trkpt>
   <trkpt lat="51.6212370" lon="-0.1076080">
    <ele>43.0</ele>
    <time>2021-12-18T11:55:35Z</time>
   </trkpt>
   <trkpt lat="51.6211820" lon="-0.1074230">
    <ele>42.4</ele>
    <time>2021-12-18T11:55:37Z</time>
   </trkpt>
   <trkpt lat="51.6210970" lon="-0.1072610">
    <ele>41.9</ele>
    <time>2021-12-18T11:55:39Z</time>
   </trkpt>
   <trkpt lat="51.6210130" lon="-0.1070840">
    <ele>41.4</ele>
    <time>2021-12-18T11:55:41Z</time>
   </trkpt>
   <trkpt lat="51.6209530" lon="-0.1068860">
    <ele>41.0</ele>
    <time>2021-12-18T11:55:43Z</time>
   </trkpt>
   <trkpt lat="51.6208790" lon="-0.1067260">
    <ele>40.8</ele>
    <time>2021-12-18T11:55:45Z</time>
   </trkpt>
   <trkpt lat="51.6208090" lon="-0.1065820">
    <ele>40.5</ele>
    <time>2021-12-18T11:55:47Z</time>
   </trkpt>
   <trkpt lat="51.6207650" lon="-0.1064260">
    <ele>40.3</ele>
    <time>2021-12-18T11:55:49Z</time>
   </trkpt>
   <trkpt lat="51.6207600" lon="-0.1063510">
    <ele>40.3</ele>
    <time>2021-12-18T11:55:50Z</time>
   </trkpt>
   <trkpt lat="51.6208110" lon="-0.1062190">
    <ele>40.2</ele>
    <time>2021-12-18T11:55:52Z</time>
   </trkpt>
   <trkpt lat="51.6208640" lon="-0.1061810">
    <ele>40.3</ele>
    <time>2021-12-18T11:55:53Z</time>
   </trkpt>
   <trkpt lat="51.6209810" lon="-0.1061330">
    <ele>40.4</ele>
    <time>2021-12-18T11:55:55Z</time>
   </trkpt>
   <trkpt lat="51.6210930" lon="-0.1060730">
    <ele>40.5</ele>
    <time>2021-12-18T11:55:57Z</time>
   </trkpt>
   <trkpt lat="51.6212000" lon="-0.1059960">
    <ele>40.7</ele>
    <time>2021-12-18T11:55:59Z</time>
   </trkpt>
   <trkpt lat="51.6212520" lon="-0.1059670">
    <ele>40.7</ele>
    <time>2021-12-18T11:56:00Z</time>
   </trkpt>
   <trkpt lat="51.6213030" lon="-0.1059350">
    <ele>40.8</ele>
    <time>2021-12-18T11:56:01Z</time>
   </trkpt>
   <trkpt lat="51.6213940" lon="-0.1058730">
    <ele>40.9</ele>
    <time>2021-12-18T11:56:03Z</time>
   </trkpt>
   <trkpt lat="51.6214680" lon="-0.1058200">
    <ele>41.0</ele>
    <time>2021-12-18T11:56:05Z</time>
   </trkpt>
   <trkpt lat="51.6215000" lon="-0.1057980">
    <ele>41.1</ele>
    <time>2021-12-18T11:56:06Z</time>
   </trkpt>
   <trkpt lat="51.6215260" lon="-0.1057820">
    <ele>41.1</ele>
    <time>2021-12-18T11:56:07Z</time>
   </trkpt>
   <trkpt lat="51.6215470" lon="-0.1057630">
    <ele>41.1</ele>
    <time>2021-12-18T11:56:08Z</time>
   </trkpt>
   <trkpt lat="51.6215920" lon="-0.1057330">
    <ele>41.2</ele>
    <time>2021-12-18T11:56:10Z</time>
   </trkpt>
   <trkpt lat="51.6216440" lon="-0.1057030">
    <ele>41.2</ele>
    <time>2021-12-18T11:56:12Z</time>
   </trkpt>
   <trkpt lat="51.6216740" lon="-0.1056830">
    <ele>41.3</ele>
    <time>2021-12-18T11:56:13Z</time>
   </trkpt>
   <trkpt lat="51.6217020" lon="-0.1056620">
    <ele>41.3</ele>
    <time>2021-12-18T11:56:14Z</time>
   </trkpt>
   <trkpt lat="51.6217570" lon="-0.1056160">
    <ele>41.4</ele>
    <time>2021-12-18T11:56:16Z</time>
   </trkpt>
   <trkpt lat="51.6217880" lon="-0.1055910">
    <ele>41.4</ele>
    <time>2021-12-18T11:56:17Z</time>
   </trkpt>
   <trkpt lat="51.6218200" lon="-0.1055610">
    <ele>41.5</ele>
    <time>2021-12-18T11:56:18Z</time>
   </trkpt>
   <trkpt lat="51.6218620" lon="-0.1054600">
    <ele>41.6</ele>
    <time>2021-12-18T11:56:20Z</time>
   </trkpt>
   <trkpt lat="51.6218430" lon="-0.1053100">
    <ele>41.3</ele>
    <time>2021-12-18T11:56:22Z</time>
   </trkpt>
   <trkpt lat="51.6217930" lon="-0.1051540">
    <ele>40.8</ele>
    <time>2021-12-18T11:56:24Z</time>
   </trkpt>
   <trkpt lat="51.6217750" lon="-0.1050750">
    <ele>40.6</ele>
    <time>2021-12-18T11:56:25Z</time>
   </trkpt>
   <trkpt lat="51.6217590" lon="-0.1049960">
    <ele>40.4</ele>
    <time>2021-12-18T11:56:26Z</time>
   </trkpt>
   <trkpt lat="51.6217200" lon="-0.1048420">
    <ele>40.0</ele>
    <time>2021-12-18T11:56:28Z</time>
   </trkpt>
   <trkpt lat="51.6217000" lon="-0.1047610">
    <ele>39.8</ele>
    <time>2021-12-18T11:56:29Z</time>
   </trkpt>
   <trkpt lat="51.6216770" lon="-0.1046790">
    <ele>39.7</ele>
    <time>2021-12-18T11:56:30Z</time>
   </trkpt>
   <trkpt lat="51.6216470" lon="-0.1045230">
    <ele>39.4</ele>
    <time>2021-12-18T11:56:32Z</time>
   </trkpt>
   <trkpt lat="51.6216370" lon="-0.1044400">
    <ele>39.2</ele>
    <time>2021-12-18T11:56:33Z</time>
   </trkpt>
   <trkpt lat="51.6216250" lon="-0.1043570">
    <ele>39.0</ele>
    <time>2021-12-18T11:56:34Z</time>
   </trkpt>
   <trkpt lat="51.6215800" lon="-0.1041950">
    <ele>38.7</ele>
    <time>2021-12-18T11:56:36Z</time>
   </trkpt>
   <trkpt lat="51.6215560" lon="-0.1041100">
    <ele>38.5</ele>
    <time>2021-12-18T11:56:37Z</time>
   </trkpt>
   <trkpt lat="51.6215270" lon="-0.1039260">
    <ele>38.2</ele>
    <time>2021-12-18T11:56:39Z</time>
   </trkpt>
   <trkpt lat="51.6214940" lon="-0.1037490">
    <ele>37.9</ele>
    <time>2021-12-18T11:56:41Z</time>
   </trkpt>
   <trkpt lat="51.6214790" lon="-0.1036620">
    <ele>37.7</ele>
    <time>2021-12-18T11:56:42Z</time>
   </trkpt>
   <trkpt lat="51.6214420" lon="-0.1034960">
    <ele>37.5</ele>
    <time>2021-12-18T11:56:44Z</time>
   </trkpt>
   <trkpt lat="51.6214240" lon="-0.1034120">
    <ele>37.3</ele>
    <time>2021-12-18T11:56:45Z</time>
   </trkpt>
   <trkpt lat="51.6213850" lon="-0.1032570">
    <ele>37.1</ele>
    <time>2021-12-18T11:56:47Z</time>
   </trkpt>
   <trkpt lat="51.6213520" lon="-0.1031380">
    <ele>36.9</ele>
    <time>2021-12-18T11:56:49Z</time>
   </trkpt>
   <trkpt lat="51.6213370" lon="-0.1030900">
    <ele>36.8</ele>
    <time>2021-12-18T11:56:50Z</time>
   </trkpt>
   <trkpt lat="51.6213210" lon="-0.1030510">
    <ele>36.7</ele>
    <time>2021-12-18T11:56:51Z</time>
   </trkpt>
   <trkpt lat="51.6213160" lon="-0.1030260">
    <ele>36.7</ele>
    <time>2021-12-18T11:56:52Z</time>
   </trkpt>
   <trkpt lat="51.6213060" lon="-0.1030140">
    <ele>36.6</ele>
    <time>2021-12-18T11:56:54Z</time>
   </trkpt>
   <trkpt lat="51.6213030" lon="-0.1030070">
    <ele>36.6</ele>
    <time>2021-12-18T11:56:55Z</time>
   </trkpt>
   <trkpt lat="51.6213030" lon="-0.1030070">
    <ele>36.6</ele>
    <time>2021-12-18T11:56:56Z</time>
   </trkpt>
   <trkpt lat="51.6213030" lon="-0.1030150">
    <ele>36.6</ele>
    <time>2021-12-18T11:56:58Z</time>
   </trkpt>
   <trkpt lat="51.6213040" lon="-0.1030180">
    <ele>36.6</ele>
    <time>2021-12-18T11:56:59Z</time>
   </trkpt>
   <trkpt lat="51.6213030" lon="-0.1030170">
    <ele>36.6</ele>
    <time>2021-12-18T11:57:01Z</time>
   </trkpt>
   <trkpt lat="51.6213030" lon="-0.1030180">
    <ele>36.6</ele>
    <time>2021-12-18T11:57:02Z</time>
   </trkpt>
   <trkpt lat="51.6213050" lon="-0.1030180">
    <ele>36.6</ele>
    <time>2021-12-18T11:57:04Z</time>
   </trkpt>
   <trkpt lat="51.6213040" lon="-0.1030160">
    <ele>36.6</ele>
    <time>2021-12-18T11:57:06Z</time>
   </trkpt>
   <trkpt lat="51.6213340" lon="-0.1030110">
    <ele>36.5</ele>
    <time>2021-12-18T11:57:20Z</time>
   </trkpt>
   <trkpt lat="51.6213560" lon="-0.1030160">
    <ele>36.4</ele>
    <time>2021-12-18T11:57:22Z</time>
   </trkpt>
   <trkpt lat="51.6213620" lon="-0.1030170">
    <ele>36.4</ele>
    <time>2021-12-18T11:57:23Z</time>
   </trkpt>
   <trkpt lat="51.6213560" lon="-0.1030130">
    <ele>36.4</ele>
    <time>2021-12-18T11:57:24Z</time>
   </trkpt>
   <trkpt lat="51.6213490" lon="-0.1030090">
    <ele>36.4</ele>
    <time>2021-12-18T11:57:26Z</time>
   </trkpt>
   <trkpt lat="51.6213420" lon="-0.1030050">
    <ele>36.4</ele>
    <time>2021-12-18T11:57:28Z</time>
   </trkpt>
   <trkpt lat="51.6213340" lon="-0.1030010">
    <ele>36.3</ele>
    <time>2021-12-18T11:57:29Z</time>
   </trkpt>
   <trkpt lat="51.6213270" lon="-0.1029970">
    <ele>36.3</ele>
    <time>2021-12-18T11:57:31Z</time>
   </trkpt>
   <trkpt lat="51.6213200" lon="-0.1029930">
    <ele>36.3</ele>
    <time>2021-12-18T11:57:33Z</time>
   </trkpt>
   <trkpt lat="51.6213120" lon="-0.1029890">
    <ele>36.3</ele>
    <time>2021-12-18T11:57:35Z</time>
   </trkpt>
   <trkpt lat="51.6213050" lon="-0.1029850">
    <ele>36.3</ele>
    <time>2021-12-18T11:57:41Z</time>
   </trkpt>
   <trkpt lat="51.6212970" lon="-0.1029810">
    <ele>36.2</ele>
    <time>2021-12-18T11:57:43Z</time>
   </trkpt>
   <trkpt lat="51.6212900" lon="-0.1029770">
    <ele>36.2</ele>
    <time>2021-12-18T11:57:45Z</time>
   </trkpt>
   <trkpt lat="51.6212830" lon="-0.1029730">
    <ele>36.2</ele>
    <time>2021-12-18T11:57:46Z</time>
   </trkpt>
   <trkpt lat="51.6213010" lon="-0.1030180">
    <ele>36.1</ele>
    <time>2021-12-18T11:57:51Z</time>
   </trkpt>
   <trkpt lat="51.6212920" lon="-0.1030180">
    <ele>36.1</ele>
    <time>2021-12-18T11:57:53Z</time>
   </trkpt>
   <trkpt lat="51.6212920" lon="-0.1030190">
    <ele>36.1</ele>
    <time>2021-12-18T11:57:54Z</time>
   </trkpt>
   <trkpt lat="51.6212840" lon="-0.1030190">
    <ele>36.1</ele>
    <time>2021-12-18T11:57:56Z</time>
   </trkpt>
   <trkpt lat="51.6212710" lon="-0.1030180">
    <ele>36.0</ele>
    <time>2021-12-18T11:57:59Z</time>
   </trkpt>
   <trkpt lat="51.6212680" lon="-0.1030180">
    <ele>36.0</ele>
    <time>2021-12-18T11:58:01Z</time>
   </trkpt>
   <trkpt lat="51.6212670" lon="-0.1030180">
    <ele>36.0</ele>
    <time>2021-12-18T11:58:03Z</time>
   </trkpt>
   <trkpt lat="51.6212700" lon="-0.1030180">
    <ele>36.0</ele>
    <time>2021-12-18T11:58:05Z</time>
   </trkpt>
   <trkpt lat="51.6212700" lon="-0.1030180">
    <ele>36.0</ele>
    <time>2021-12-18T11:58:07Z</time>
   </trkpt>
  </trkseg>
 </trk>
</gpx>
