<?xml version="1.0" encoding="UTF-8"?>
<gpx creator="StravaGPX" version="1.1" xmlns="http://www.topografix.com/GPX/1/1" xmlns:xsi="http://www.w3.org/2001/XMLSchema-instance" xsi:schemaLocation="http://www.topografix.com/GPX/1/1 http://www.topografix.com/GPX/1/1/gpx.xsd">
 <metadata>
  <time>2022-02-10T16:02:13Z</time>
 </metadata>
 <trk>
  <name>Afternoon Run</name>
  <type>running</type>
  <trkseg>
   <trkpt lat="53.8227810" lon="-1.5846760">
    <ele>94.9</ele>
    <time>2022-02-10T16:02:13Z</time>
   </trkpt>
   <trkpt lat="53.8227930" lon="-1.5846710">
    <ele>94.9</ele>
    <time>2022-02-10T16:02:14Z</time>
   </trkpt>
   <trkpt lat="53.8228050" lon="-1.5846640">
    <ele>95.0</ele>
    <time>2022-02-10T16:02:15Z</time>
   </trkpt>
   <trkpt lat="53.8228180" lon="-1.5846570">
    <ele>95.0</ele>
    <time>2022-02-10T16:02:16Z</time>
   </trkpt>
   <trkpt lat="53.8228300" lon="-1.5846500">
    <ele>95.1</ele>
    <time>2022-02-10T16:02:17Z</time>
   </trkpt>
   <trkpt lat="53.8228590" lon="-1.5846240">
    <ele>95.2</ele>
    <time>2022-02-10T16:02:18Z</time>
   </trkpt>
   <trkpt lat="53.8228900" lon="-1.5846140">
    <ele>95.3</ele>
    <time>2022-02-10T16:02:19Z</time>
   </trkpt>
   <trkpt lat="53.8229250" lon="-1.5846240">
    <ele>95.4</ele>
    <time>2022-02-10T16:02:20Z</time>
   </trkpt>
   <trkpt lat="53.8229600" lon="-1.5846560">
    <ele>95.6</ele>
    <time>2022-02-10T16:02:21Z</time>
   </trkpt>
   <trkpt lat="53.8230080" lon="-1.5847540">
    <ele>95.8</ele>
    <time>2022-02-10T16:02:22Z</time>
   </trkpt>
   <trkpt lat="53.8230220" lon="-1.5848160">
    <ele>95.9</ele>
    <time>2022-02-10T16:02:23Z</time>
   </trkpt>
   <trkpt lat="53.8230280" lon="-1.5848420">
    <ele>96.0</ele>
    <time>2022-02-10T16:02:24Z</time>
   </trkpt>
   <trkpt lat="53.8230420" lon="-1.5848900">
    <ele>96.1</ele>
    <time>2022-02-10T16:02:25Z</time>
   </trkpt>
   <trkpt lat="53.8230570" lon="-1.5849340">
    <ele>96.2</ele>
    <time>2022-02-10T16:02:26Z</time>
   </trkpt>
   <trkpt lat="53.8230830" lon="-1.5850080">
    <ele>96.4</ele>
    <time>2022-02-10T16:02:27Z</time>
   </trkpt>
   <trkpt lat="53.8230930" lon="-1.5850420">
    <ele>96.4</ele>
    <time>2022-02-10T16:02:28Z</time>
   </trkpt>
   <trkpt lat="53.8231170" lon="-1.5851220">
    <ele>96.6</ele>
    <time>2022-02-10T16:02:30Z</time>
   </trkpt>
   <trkpt lat="53.8231340" lon="-1.5851650">
    <ele>96.6</ele>
    <time>2022-02-10T16:02:31Z</time>
   </trkpt>
   <trkpt lat="53.8231540" lon="-1.5852100">
    <ele>96.7</ele>
    <time>2022-02-10T16:02:32Z</time>
   </trkpt>
   <trkpt lat="53.8231750" lon="-1.5852540">
    <ele>96.8</ele>
    <time>2022-02-10T16:02:33Z</time>
   </trkpt>
   <trkpt lat="53.8231980" lon="-1.5852980">
    <ele>96.8</ele>
    <time>2022-02-10T16:02:34Z</time>
   </trkpt>
   <trkpt lat="53.8232220" lon="-1.5853400">
    <ele>96.8</ele>
    <time>2022-02-10T16:02:35Z</time>
   </trkpt>
   <trkpt lat="53.8232480" lon="-1.5853790">
    <ele>96.9</ele>
    <time>2022-02-10T16:02:36Z</time>
   </trkpt>
   <trkpt lat="53.8232740" lon="-1.5854170">
    <ele>96.8</ele>
    <time>2022-02-10T16:02:37Z</time>
   </trkpt>
   <trkpt lat="53.8233020" lon="-1.5854530">
    <ele>96.8</ele>
    <time>2022-02-10T16:02:38Z</time>
   </trkpt>
   <trkpt lat="53.8233530" lon="-1.5854920">
    <ele>96.7</ele>
    <time>2022-02-10T16:02:39Z</time>
   </trkpt>
   <trkpt lat="53.8233910" lon="-1.5855130">
    <ele>96.6</ele>
    <time>2022-02-10T16:02:41Z</time>
   </trkpt>
   <trkpt lat="53.8234270" lon="-1.5855360">
    <ele>96.4</ele>
    <time>2022-02-10T16:02:42Z</time>
   </trkpt>
   <trkpt lat="53.8234400" lon="-1.5855450">
    <ele>96.4</ele>
    <time>2022-02-10T16:02:43Z</time>
   </trkpt>
   <trkpt lat="53.8234670" lon="-1.5855600">
    <ele>96.2</ele>
    <time>2022-02-10T16:02:44Z</time>
   </trkpt>
   <trkpt lat="53.8234940" lon="-1.5855690">
    <ele>96.1</ele>
    <time>2022-02-10T16:02:45Z</time>
   </trkpt>
   <trkpt lat="53.8235230" lon="-1.5855710">
    <ele>95.9</ele>
    <time>2022-02-10T16:02:46Z</time>
   </trkpt>
   <trkpt lat="53.8235530" lon="-1.5855630">
    <ele>95.8</ele>
    <time>2022-02-10T16:02:47Z</time>
   </trkpt>
   <trkpt lat="53.8235830" lon="-1.5855510">
    <ele>95.6</ele>
    <time>2022-02-10T16:02:48Z</time>
   </trkpt>
   <trkpt lat="53.8236110" lon="-1.5855380">
    <ele>95.4</ele>
    <time>2022-02-10T16:02:49Z</time>
   </trkpt>
   <trkpt lat="53.8236420" lon="-1.5855220">
    <ele>95.2</ele>
    <time>2022-02-10T16:02:50Z</time>
   </trkpt>
   <trkpt lat="53.8236670" lon="-1.5855030">
    <ele>95.0</ele>
    <time>2022-02-10T16:02:51Z</time>
   </trkpt>
   <trkpt lat="53.8236950" lon="-1.5854840">
    <ele>94.8</ele>
    <time>2022-02-10T16:02:52Z</time>
   </trkpt>
   <trkpt lat="53.8237230" lon="-1.5854660">
    <ele>94.5</ele>
    <time>2022-02-10T16:02:53Z</time>
   </trkpt>
   <trkpt lat="53.8237500" lon="-1.5854470">
    <ele>94.3</ele>
    <time>2022-02-10T16:02:54Z</time>
   </trkpt>
   <trkpt lat="53.8237770" lon="-1.5854280">
    <ele>94.0</ele>
    <time>2022-02-10T16:02:55Z</time>
   </trkpt>
   <trkpt lat="53.8238050" lon="-1.5854050">
    <ele>93.7</ele>
    <time>2022-02-10T16:02:56Z</time>
   </trkpt>
   <trkpt lat="53.8238300" lon="-1.5853800">
    <ele>93.5</ele>
    <time>2022-02-10T16:02:57Z</time>
   </trkpt>
   <trkpt lat="53.8238550" lon="-1.5853510">
    <ele>93.2</ele>
    <time>2022-02-10T16:02:58Z</time>
   </trkpt>
   <trkpt lat="53.8238800" lon="-1.5853200">
    <ele>93.0</ele>
    <time>2022-02-10T16:02:59Z</time>
   </trkpt>
   <trkpt lat="53.8239060" lon="-1.5852870">
    <ele>92.7</ele>
    <time>2022-02-10T16:03:00Z</time>
   </trkpt>
   <trkpt lat="53.8239310" lon="-1.5852520">
    <ele>92.4</ele>
    <time>2022-02-10T16:03:01Z</time>
   </trkpt>
   <trkpt lat="53.8239550" lon="-1.5852150">
    <ele>92.1</ele>
    <time>2022-02-10T16:03:02Z</time>
   </trkpt>
   <trkpt lat="53.8239770" lon="-1.5851760">
    <ele>91.9</ele>
    <time>2022-02-10T16:03:03Z</time>
   </trkpt>
   <trkpt lat="53.8239990" lon="-1.5851350">
    <ele>91.6</ele>
    <time>2022-02-10T16:03:04Z</time>
   </trkpt>
   <trkpt lat="53.8240190" lon="-1.5850910">
    <ele>91.3</ele>
    <time>2022-02-10T16:03:05Z</time>
   </trkpt>
   <trkpt lat="53.8240370" lon="-1.5850460">
    <ele>91.0</ele>
    <time>2022-02-10T16:03:06Z</time>
   </trkpt>
   <trkpt lat="53.8240530" lon="-1.5850000">
    <ele>90.7</ele>
    <time>2022-02-10T16:03:07Z</time>
   </trkpt>
   <trkpt lat="53.8240680" lon="-1.5849560">
    <ele>90.4</ele>
    <time>2022-02-10T16:03:08Z</time>
   </trkpt>
   <trkpt lat="53.8240840" lon="-1.5849120">
    <ele>90.2</ele>
    <time>2022-02-10T16:03:09Z</time>
   </trkpt>
   <trkpt lat="53.8241020" lon="-1.5848710">
    <ele>89.9</ele>
    <time>2022-02-10T16:03:10Z</time>
   </trkpt>
   <trkpt lat="53.8241200" lon="-1.5848310">
    <ele>89.6</ele>
    <time>2022-02-10T16:03:11Z</time>
   </trkpt>
   <trkpt lat="53.8241390" lon="-1.5847910">
    <ele>89.4</ele>
    <time>2022-02-10T16:03:12Z</time>
   </trkpt>
   <trkpt lat="53.8241570" lon="-1.5847530">
    <ele>89.1</ele>
    <time>2022-02-10T16:03:13Z</time>
   </trkpt>
   <trkpt lat="53.8241720" lon="-1.5847110">
    <ele>88.9</ele>
    <time>2022-02-10T16:03:14Z</time>
   </trkpt>
   <trkpt lat="53.8241830" lon="-1.5846640">
    <ele>88.7</ele>
    <time>2022-02-10T16:03:15Z</time>
   </trkpt>
   <trkpt lat="53.8241920" lon="-1.5846150">
    <ele>88.4</ele>
    <time>2022-02-10T16:03:16Z</time>
   </trkpt>
   <trkpt lat="53.8241970" lon="-1.5845670">
    <ele>88.2</ele>
    <time>2022-02-10T16:03:17Z</time>
   </trkpt>
   <trkpt lat="53.8242010" lon="-1.5845190">
    <ele>88.0</ele>
    <time>2022-02-10T16:03:18Z</time>
   </trkpt>
   <trkpt lat="53.8242050" lon="-1.5844700">
    <ele>87.8</ele>
    <time>2022-02-10T16:03:19Z</time>
   </trkpt>
   <trkpt lat="53.8242100" lon="-1.5844200">
    <ele>87.6</ele>
    <time>2022-02-10T16:03:20Z</time>
   </trkpt>
   <trkpt lat="53.8242170" lon="-1.5843710">
    <ele>87.4</ele>
    <time>2022-02-10T16:03:21Z</time>
   </trkpt>
   <trkpt lat="53.8242280" lon="-1.5843280">
    <ele>87.1</ele>
    <time>2022-02-10T16:03:22Z</time>
   </trkpt>
   <trkpt lat="53.8242540" lon="-1.5842780">
    <ele>86.5</ele>
    <time>2022-02-10T16:03:23Z</time>
   </trkpt>
   <trkpt lat="53.8242630" lon="-1.5842640">
    <ele>86.5</ele>
    <time>2022-02-10T16:03:24Z</time>
   </trkpt>
   <trkpt lat="53.8243010" lon="-1.5842380">
    <ele>86.3</ele>
    <time>2022-02-10T16:03:25Z</time>
   </trkpt>
   <trkpt lat="53.8243150" lon="-1.5842320">
    <ele>86.2</ele>
    <time>2022-02-10T16:03:26Z</time>
   </trkpt>
   <trkpt lat="53.8243440" lon="-1.5842250">
    <ele>86.0</ele>
    <time>2022-02-10T16:03:27Z</time>
   </trkpt>
   <trkpt lat="53.8243760" lon="-1.5842200">
    <ele>85.9</ele>
    <time>2022-02-10T16:03:28Z</time>
   </trkpt>
   <trkpt lat="53.8244100" lon="-1.5842250">
    <ele>85.7</ele>
    <time>2022-02-10T16:03:29Z</time>
   </trkpt>
   <trkpt lat="53.8244460" lon="-1.5842310">
    <ele>85.5</ele>
    <time>2022-02-10T16:03:30Z</time>
   </trkpt>
   <trkpt lat="53.8244810" lon="-1.5842370">
    <ele>85.4</ele>
    <time>2022-02-10T16:03:31Z</time>
   </trkpt>
   <trkpt lat="53.8245170" lon="-1.5842430">
    <ele>85.2</ele>
    <time>2022-02-10T16:03:32Z</time>
   </trkpt>
   <trkpt lat="53.8245530" lon="-1.5842480">
    <ele>85.1</ele>
    <time>2022-02-10T16:03:33Z</time>
   </trkpt>
   <trkpt lat="53.8245890" lon="-1.5842510">
    <ele>85.0</ele>
    <time>2022-02-10T16:03:34Z</time>
   </trkpt>
   <trkpt lat="53.8246250" lon="-1.5842540">
    <ele>84.9</ele>
    <time>2022-02-10T16:03:35Z</time>
   </trkpt>
   <trkpt lat="53.8246600" lon="-1.5842570">
    <ele>84.8</ele>
    <time>2022-02-10T16:03:36Z</time>
   </trkpt>
   <trkpt lat="53.8246950" lon="-1.5842620">
    <ele>84.6</ele>
    <time>2022-02-10T16:03:37Z</time>
   </trkpt>
   <trkpt lat="53.8247290" lon="-1.5842680">
    <ele>84.5</ele>
    <time>2022-02-10T16:03:38Z</time>
   </trkpt>
   <trkpt lat="53.8247610" lon="-1.5842730">
    <ele>84.4</ele>
    <time>2022-02-10T16:03:39Z</time>
   </trkpt>
   <trkpt lat="53.8247930" lon="-1.5842770">
    <ele>84.3</ele>
    <time>2022-02-10T16:03:40Z</time>
   </trkpt>
   <trkpt lat="53.8248220" lon="-1.5842810">
    <ele>84.2</ele>
    <time>2022-02-10T16:03:41Z</time>
   </trkpt>
   <trkpt lat="53.8248520" lon="-1.5842820">
    <ele>84.2</ele>
    <time>2022-02-10T16:03:42Z</time>
   </trkpt>
   <trkpt lat="53.8248810" lon="-1.5842830">
    <ele>84.1</ele>
    <time>2022-02-10T16:03:43Z</time>
   </trkpt>
   <trkpt lat="53.8249110" lon="-1.5842820">
    <ele>84.0</ele>
    <time>2022-02-10T16:03:44Z</time>
   </trkpt>
   <trkpt lat="53.8249420" lon="-1.5842790">
    <ele>84.0</ele>
    <time>2022-02-10T16:03:45Z</time>
   </trkpt>
   <trkpt lat="53.8249710" lon="-1.5842740">
    <ele>83.9</ele>
    <time>2022-02-10T16:03:46Z</time>
   </trkpt>
   <trkpt lat="53.8250000" lon="-1.5842680">
    <ele>83.9</ele>
    <time>2022-02-10T16:03:47Z</time>
   </trkpt>
   <trkpt lat="53.8250290" lon="-1.5842640">
    <ele>83.8</ele>
    <time>2022-02-10T16:03:48Z</time>
   </trkpt>
   <trkpt lat="53.8250600" lon="-1.5842610">
    <ele>83.8</ele>
    <time>2022-02-10T16:03:49Z</time>
   </trkpt>
   <trkpt lat="53.8250900" lon="-1.5842590">
    <ele>83.7</ele>
    <time>2022-02-10T16:03:50Z</time>
   </trkpt>
   <trkpt lat="53.8251200" lon="-1.5842570">
    <ele>83.7</ele>
    <time>2022-02-10T16:03:51Z</time>
   </trkpt>
   <trkpt lat="53.8251510" lon="-1.5842540">
    <ele>83.7</ele>
    <time>2022-02-10T16:03:52Z</time>
   </trkpt>
   <trkpt lat="53.8251810" lon="-1.5842520">
    <ele>83.6</ele>
    <time>2022-02-10T16:03:53Z</time>
   </trkpt>
   <trkpt lat="53.8252120" lon="-1.5842500">
    <ele>83.6</ele>
    <time>2022-02-10T16:03:54Z</time>
   </trkpt>
   <trkpt lat="53.8252450" lon="-1.5842460">
    <ele>83.6</ele>
    <time>2022-02-10T16:03:55Z</time>
   </trkpt>
   <trkpt lat="53.8252850" lon="-1.5842330">
    <ele>83.6</ele>
    <time>2022-02-10T16:03:56Z</time>
   </trkpt>
   <trkpt lat="53.8253000" lon="-1.5842270">
    <ele>83.6</ele>
    <time>2022-02-10T16:03:57Z</time>
   </trkpt>
   <trkpt lat="53.8253270" lon="-1.5842100">
    <ele>83.6</ele>
    <time>2022-02-10T16:03:58Z</time>
   </trkpt>
   <trkpt lat="53.8253550" lon="-1.5841890">
    <ele>83.7</ele>
    <time>2022-02-10T16:03:59Z</time>
   </trkpt>
   <trkpt lat="53.8253810" lon="-1.5841650">
    <ele>83.7</ele>
    <time>2022-02-10T16:04:00Z</time>
   </trkpt>
   <trkpt lat="53.8254060" lon="-1.5841380">
    <ele>83.7</ele>
    <time>2022-02-10T16:04:01Z</time>
   </trkpt>
   <trkpt lat="53.8254300" lon="-1.5841110">
    <ele>83.7</ele>
    <time>2022-02-10T16:04:02Z</time>
   </trkpt>
   <trkpt lat="53.8254550" lon="-1.5840870">
    <ele>83.8</ele>
    <time>2022-02-10T16:04:03Z</time>
   </trkpt>
   <trkpt lat="53.8254800" lon="-1.5840670">
    <ele>83.8</ele>
    <time>2022-02-10T16:04:04Z</time>
   </trkpt>
   <trkpt lat="53.8255170" lon="-1.5840490">
    <ele>83.8</ele>
    <time>2022-02-10T16:04:05Z</time>
   </trkpt>
   <trkpt lat="53.8255290" lon="-1.5840460">
    <ele>83.9</ele>
    <time>2022-02-10T16:04:06Z</time>
   </trkpt>
   <trkpt lat="53.8255610" lon="-1.5840430">
    <ele>83.9</ele>
    <time>2022-02-10T16:04:07Z</time>
   </trkpt>
   <trkpt lat="53.8255710" lon="-1.5840430">
    <ele>83.9</ele>
    <time>2022-02-10T16:04:08Z</time>
   </trkpt>
   <trkpt lat="53.8256040" lon="-1.5840340">
    <ele>84.0</ele>
    <time>2022-02-10T16:04:09Z</time>
   </trkpt>
   <trkpt lat="53.8256160" lon="-1.5840300">
    <ele>84.0</ele>
    <time>2022-02-10T16:04:10Z</time>
   </trkpt>
   <trkpt lat="53.8256470" lon="-1.5839920">
    <ele>84.0</ele>
    <time>2022-02-10T16:04:11Z</time>
   </trkpt>
   <trkpt lat="53.8256570" lon="-1.5839750">
    <ele>83.8</ele>
    <time>2022-02-10T16:04:12Z</time>
   </trkpt>
   <trkpt lat="53.8256730" lon="-1.5838880">
    <ele>83.7</ele>
    <time>2022-02-10T16:04:14Z</time>
   </trkpt>
   <trkpt lat="53.8256800" lon="-1.5838320">
    <ele>83.6</ele>
    <time>2022-02-10T16:04:15Z</time>
   </trkpt>
   <trkpt lat="53.8256860" lon="-1.5837720">
    <ele>83.5</ele>
    <time>2022-02-10T16:04:16Z</time>
   </trkpt>
   <trkpt lat="53.8256900" lon="-1.5837080">
    <ele>83.4</ele>
    <time>2022-02-10T16:04:17Z</time>
   </trkpt>
   <trkpt lat="53.8256960" lon="-1.5836390">
    <ele>83.2</ele>
    <time>2022-02-10T16:04:18Z</time>
   </trkpt>
   <trkpt lat="53.8256960" lon="-1.5835090">
    <ele>83.0</ele>
    <time>2022-02-10T16:04:20Z</time>
   </trkpt>
   <trkpt lat="53.8256950" lon="-1.5834430">
    <ele>82.9</ele>
    <time>2022-02-10T16:04:21Z</time>
   </trkpt>
   <trkpt lat="53.8256950" lon="-1.5833790">
    <ele>82.8</ele>
    <time>2022-02-10T16:04:22Z</time>
   </trkpt>
   <trkpt lat="53.8257000" lon="-1.5833220">
    <ele>82.8</ele>
    <time>2022-02-10T16:04:23Z</time>
   </trkpt>
   <trkpt lat="53.8257120" lon="-1.5832730">
    <ele>82.7</ele>
    <time>2022-02-10T16:04:24Z</time>
   </trkpt>
   <trkpt lat="53.8257310" lon="-1.5832340">
    <ele>82.6</ele>
    <time>2022-02-10T16:04:25Z</time>
   </trkpt>
   <trkpt lat="53.8257560" lon="-1.5832140">
    <ele>82.6</ele>
    <time>2022-02-10T16:04:26Z</time>
   </trkpt>
   <trkpt lat="53.8257830" lon="-1.5832030">
    <ele>82.6</ele>
    <time>2022-02-10T16:04:27Z</time>
   </trkpt>
   <trkpt lat="53.8258110" lon="-1.5831990">
    <ele>82.7</ele>
    <time>2022-02-10T16:04:28Z</time>
   </trkpt>
   <trkpt lat="53.8258420" lon="-1.5832040">
    <ele>82.7</ele>
    <time>2022-02-10T16:04:29Z</time>
   </trkpt>
   <trkpt lat="53.8258730" lon="-1.5832160">
    <ele>82.8</ele>
    <time>2022-02-10T16:04:30Z</time>
   </trkpt>
   <trkpt lat="53.8259050" lon="-1.5832270">
    <ele>82.8</ele>
    <time>2022-02-10T16:04:31Z</time>
   </trkpt>
   <trkpt lat="53.8259380" lon="-1.5832400">
    <ele>82.9</ele>
    <time>2022-02-10T16:04:32Z</time>
   </trkpt>
   <trkpt lat="53.8259700" lon="-1.5832500">
    <ele>82.9</ele>
    <time>2022-02-10T16:04:33Z</time>
   </trkpt>
   <trkpt lat="53.8260030" lon="-1.5832570">
    <ele>83.0</ele>
    <time>2022-02-10T16:04:34Z</time>
   </trkpt>
   <trkpt lat="53.8260350" lon="-1.5832630">
    <ele>83.0</ele>
    <time>2022-02-10T16:04:35Z</time>
   </trkpt>
   <trkpt lat="53.8260680" lon="-1.5832680">
    <ele>83.1</ele>
    <time>2022-02-10T16:04:36Z</time>
   </trkpt>
   <trkpt lat="53.8261000" lon="-1.5832720">
    <ele>83.1</ele>
    <time>2022-02-10T16:04:37Z</time>
   </trkpt>
   <trkpt lat="53.8261320" lon="-1.5832740">
    <ele>83.2</ele>
    <time>2022-02-10T16:04:38Z</time>
   </trkpt>
   <trkpt lat="53.8261640" lon="-1.5832760">
    <ele>83.3</ele>
    <time>2022-02-10T16:04:39Z</time>
   </trkpt>
   <trkpt lat="53.8261950" lon="-1.5832780">
    <ele>83.3</ele>
    <time>2022-02-10T16:04:40Z</time>
   </trkpt>
   <trkpt lat="53.8262220" lon="-1.5832830">
    <ele>83.4</ele>
    <time>2022-02-10T16:04:41Z</time>
   </trkpt>
   <trkpt lat="53.8262600" lon="-1.5833020">
    <ele>83.4</ele>
    <time>2022-02-10T16:04:42Z</time>
   </trkpt>
   <trkpt lat="53.8262720" lon="-1.5833110">
    <ele>83.5</ele>
    <time>2022-02-10T16:04:43Z</time>
   </trkpt>
   <trkpt lat="53.8263080" lon="-1.5833420">
    <ele>83.6</ele>
    <time>2022-02-10T16:04:44Z</time>
   </trkpt>
   <trkpt lat="53.8263200" lon="-1.5833540">
    <ele>83.6</ele>
    <time>2022-02-10T16:04:45Z</time>
   </trkpt>
   <trkpt lat="53.8263450" lon="-1.5833770">
    <ele>83.6</ele>
    <time>2022-02-10T16:04:46Z</time>
   </trkpt>
   <trkpt lat="53.8263700" lon="-1.5834010">
    <ele>83.7</ele>
    <time>2022-02-10T16:04:47Z</time>
   </trkpt>
   <trkpt lat="53.8263960" lon="-1.5834230">
    <ele>83.8</ele>
    <time>2022-02-10T16:04:48Z</time>
   </trkpt>
   <trkpt lat="53.8264210" lon="-1.5834430">
    <ele>83.8</ele>
    <time>2022-02-10T16:04:49Z</time>
   </trkpt>
   <trkpt lat="53.8264480" lon="-1.5834620">
    <ele>83.9</ele>
    <time>2022-02-10T16:04:50Z</time>
   </trkpt>
   <trkpt lat="53.8264760" lon="-1.5834800">
    <ele>83.9</ele>
    <time>2022-02-10T16:04:51Z</time>
   </trkpt>
   <trkpt lat="53.8265040" lon="-1.5834960">
    <ele>84.0</ele>
    <time>2022-02-10T16:04:52Z</time>
   </trkpt>
   <trkpt lat="53.8265320" lon="-1.5835110">
    <ele>84.0</ele>
    <time>2022-02-10T16:04:53Z</time>
   </trkpt>
   <trkpt lat="53.8265610" lon="-1.5835260">
    <ele>84.1</ele>
    <time>2022-02-10T16:04:54Z</time>
   </trkpt>
   <trkpt lat="53.8265900" lon="-1.5835420">
    <ele>84.2</ele>
    <time>2022-02-10T16:04:55Z</time>
   </trkpt>
   <trkpt lat="53.8266180" lon="-1.5835580">
    <ele>84.3</ele>
    <time>2022-02-10T16:04:56Z</time>
   </trkpt>
   <trkpt lat="53.8266470" lon="-1.5835740">
    <ele>84.3</ele>
    <time>2022-02-10T16:04:57Z</time>
   </trkpt>
   <trkpt lat="53.8266770" lon="-1.5835880">
    <ele>84.4</ele>
    <time>2022-02-10T16:04:58Z</time>
   </trkpt>
   <trkpt lat="53.8267060" lon="-1.5836020">
    <ele>84.5</ele>
    <time>2022-02-10T16:04:59Z</time>
   </trkpt>
   <trkpt lat="53.8267360" lon="-1.5836150">
    <ele>84.5</ele>
    <time>2022-02-10T16:05:00Z</time>
   </trkpt>
   <trkpt lat="53.8267660" lon="-1.5836280">
    <ele>84.6</ele>
    <time>2022-02-10T16:05:01Z</time>
   </trkpt>
   <trkpt lat="53.8267950" lon="-1.5836410">
    <ele>84.7</ele>
    <time>2022-02-10T16:05:02Z</time>
   </trkpt>
   <trkpt lat="53.8268240" lon="-1.5836550">
    <ele>84.8</ele>
    <time>2022-02-10T16:05:03Z</time>
   </trkpt>
   <trkpt lat="53.8268520" lon="-1.5836690">
    <ele>84.9</ele>
    <time>2022-02-10T16:05:04Z</time>
   </trkpt>
   <trkpt lat="53.8268800" lon="-1.5836820">
    <ele>84.9</ele>
    <time>2022-02-10T16:05:05Z</time>
   </trkpt>
   <trkpt lat="53.8269100" lon="-1.5836970">
    <ele>85.0</ele>
    <time>2022-02-10T16:05:06Z</time>
   </trkpt>
   <trkpt lat="53.8269620" lon="-1.5837220">
    <ele>85.2</ele>
    <time>2022-02-10T16:05:08Z</time>
   </trkpt>
   <trkpt lat="53.8269910" lon="-1.5837290">
    <ele>85.2</ele>
    <time>2022-02-10T16:05:09Z</time>
   </trkpt>
   <trkpt lat="53.8270000" lon="-1.5837300">
    <ele>85.2</ele>
    <time>2022-02-10T16:05:10Z</time>
   </trkpt>
   <trkpt lat="53.8270170" lon="-1.5837140">
    <ele>85.2</ele>
    <time>2022-02-10T16:05:11Z</time>
   </trkpt>
   <trkpt lat="53.8270230" lon="-1.5837010">
    <ele>85.2</ele>
    <time>2022-02-10T16:05:12Z</time>
   </trkpt>
   <trkpt lat="53.8270300" lon="-1.5836890">
    <ele>85.2</ele>
    <time>2022-02-10T16:05:13Z</time>
   </trkpt>
   <trkpt lat="53.8270440" lon="-1.5836450">
    <ele>85.2</ele>
    <time>2022-02-10T16:05:14Z</time>
   </trkpt>
   <trkpt lat="53.8270500" lon="-1.5836290">
    <ele>85.2</ele>
    <time>2022-02-10T16:05:15Z</time>
   </trkpt>
   <trkpt lat="53.8270690" lon="-1.5835770">
    <ele>85.2</ele>
    <time>2022-02-10T16:05:16Z</time>
   </trkpt>
   <trkpt lat="53.8270760" lon="-1.5835590">
    <ele>85.2</ele>
    <time>2022-02-10T16:05:17Z</time>
   </trkpt>
   <trkpt lat="53.8270900" lon="-1.5835190">
    <ele>85.2</ele>
    <time>2022-02-10T16:05:18Z</time>
   </trkpt>
   <trkpt lat="53.8271050" lon="-1.5834770">
    <ele>85.2</ele>
    <time>2022-02-10T16:05:19Z</time>
   </trkpt>
   <trkpt lat="53.8271210" lon="-1.5834340">
    <ele>85.3</ele>
    <time>2022-02-10T16:05:20Z</time>
   </trkpt>
   <trkpt lat="53.8271370" lon="-1.5833920">
    <ele>85.3</ele>
    <time>2022-02-10T16:05:21Z</time>
   </trkpt>
   <trkpt lat="53.8271540" lon="-1.5833470">
    <ele>85.3</ele>
    <time>2022-02-10T16:05:22Z</time>
   </trkpt>
   <trkpt lat="53.8271690" lon="-1.5833010">
    <ele>85.3</ele>
    <time>2022-02-10T16:05:23Z</time>
   </trkpt>
   <trkpt lat="53.8271830" lon="-1.5832560">
    <ele>85.3</ele>
    <time>2022-02-10T16:05:24Z</time>
   </trkpt>
   <trkpt lat="53.8271950" lon="-1.5832110">
    <ele>85.3</ele>
    <time>2022-02-10T16:05:25Z</time>
   </trkpt>
   <trkpt lat="53.8272060" lon="-1.5831650">
    <ele>85.3</ele>
    <time>2022-02-10T16:05:26Z</time>
   </trkpt>
   <trkpt lat="53.8272150" lon="-1.5831180">
    <ele>85.3</ele>
    <time>2022-02-10T16:05:27Z</time>
   </trkpt>
   <trkpt lat="53.8272230" lon="-1.5830690">
    <ele>85.3</ele>
    <time>2022-02-10T16:05:28Z</time>
   </trkpt>
   <trkpt lat="53.8272300" lon="-1.5830200">
    <ele>85.3</ele>
    <time>2022-02-10T16:05:29Z</time>
   </trkpt>
   <trkpt lat="53.8272370" lon="-1.5829700">
    <ele>85.3</ele>
    <time>2022-02-10T16:05:30Z</time>
   </trkpt>
   <trkpt lat="53.8272450" lon="-1.5829210">
    <ele>85.4</ele>
    <time>2022-02-10T16:05:31Z</time>
   </trkpt>
   <trkpt lat="53.8272520" lon="-1.5828730">
    <ele>85.4</ele>
    <time>2022-02-10T16:05:32Z</time>
   </trkpt>
   <trkpt lat="53.8272600" lon="-1.5828280">
    <ele>85.4</ele>
    <time>2022-02-10T16:05:33Z</time>
   </trkpt>
   <trkpt lat="53.8272650" lon="-1.5827750">
    <ele>85.4</ele>
    <time>2022-02-10T16:05:34Z</time>
   </trkpt>
   <trkpt lat="53.8272670" lon="-1.5827590">
    <ele>85.4</ele>
    <time>2022-02-10T16:05:35Z</time>
   </trkpt>
   <trkpt lat="53.8272760" lon="-1.5827090">
    <ele>85.4</ele>
    <time>2022-02-10T16:05:36Z</time>
   </trkpt>
   <trkpt lat="53.8272810" lon="-1.5826930">
    <ele>85.4</ele>
    <time>2022-02-10T16:05:37Z</time>
   </trkpt>
   <trkpt lat="53.8273040" lon="-1.5826550">
    <ele>85.5</ele>
    <time>2022-02-10T16:05:38Z</time>
   </trkpt>
   <trkpt lat="53.8273130" lon="-1.5826450">
    <ele>85.5</ele>
    <time>2022-02-10T16:05:39Z</time>
   </trkpt>
   <trkpt lat="53.8273370" lon="-1.5826300">
    <ele>85.6</ele>
    <time>2022-02-10T16:05:40Z</time>
   </trkpt>
   <trkpt lat="53.8273930" lon="-1.5826390">
    <ele>85.7</ele>
    <time>2022-02-10T16:05:42Z</time>
   </trkpt>
   <trkpt lat="53.8274280" lon="-1.5826480">
    <ele>85.8</ele>
    <time>2022-02-10T16:05:43Z</time>
   </trkpt>
   <trkpt lat="53.8274630" lon="-1.5826590">
    <ele>85.8</ele>
    <time>2022-02-10T16:05:44Z</time>
   </trkpt>
   <trkpt lat="53.8274950" lon="-1.5826640">
    <ele>85.9</ele>
    <time>2022-02-10T16:05:45Z</time>
   </trkpt>
   <trkpt lat="53.8275240" lon="-1.5826540">
    <ele>86.0</ele>
    <time>2022-02-10T16:05:46Z</time>
   </trkpt>
   <trkpt lat="53.8275550" lon="-1.5826180">
    <ele>86.1</ele>
    <time>2022-02-10T16:05:47Z</time>
   </trkpt>
   <trkpt lat="53.8275630" lon="-1.5826030">
    <ele>86.1</ele>
    <time>2022-02-10T16:05:48Z</time>
   </trkpt>
   <trkpt lat="53.8275930" lon="-1.5825590">
    <ele>86.2</ele>
    <time>2022-02-10T16:05:49Z</time>
   </trkpt>
   <trkpt lat="53.8276030" lon="-1.5825460">
    <ele>86.2</ele>
    <time>2022-02-10T16:05:50Z</time>
   </trkpt>
   <trkpt lat="53.8276290" lon="-1.5825240">
    <ele>86.3</ele>
    <time>2022-02-10T16:05:51Z</time>
   </trkpt>
   <trkpt lat="53.8276570" lon="-1.5825060">
    <ele>86.3</ele>
    <time>2022-02-10T16:05:52Z</time>
   </trkpt>
   <trkpt lat="53.8276860" lon="-1.5824910">
    <ele>86.4</ele>
    <time>2022-02-10T16:05:53Z</time>
   </trkpt>
   <trkpt lat="53.8277150" lon="-1.5824790">
    <ele>86.4</ele>
    <time>2022-02-10T16:05:54Z</time>
   </trkpt>
   <trkpt lat="53.8277440" lon="-1.5824690">
    <ele>86.5</ele>
    <time>2022-02-10T16:05:55Z</time>
   </trkpt>
   <trkpt lat="53.8277750" lon="-1.5824580">
    <ele>86.5</ele>
    <time>2022-02-10T16:05:56Z</time>
   </trkpt>
   <trkpt lat="53.8278060" lon="-1.5824470">
    <ele>86.6</ele>
    <time>2022-02-10T16:05:57Z</time>
   </trkpt>
   <trkpt lat="53.8278360" lon="-1.5824360">
    <ele>86.6</ele>
    <time>2022-02-10T16:05:58Z</time>
   </trkpt>
   <trkpt lat="53.8278670" lon="-1.5824230">
    <ele>86.7</ele>
    <time>2022-02-10T16:05:59Z</time>
   </trkpt>
   <trkpt lat="53.8278980" lon="-1.5824090">
    <ele>86.7</ele>
    <time>2022-02-10T16:06:00Z</time>
   </trkpt>
   <trkpt lat="53.8279300" lon="-1.5823960">
    <ele>86.8</ele>
    <time>2022-02-10T16:06:01Z</time>
   </trkpt>
   <trkpt lat="53.8279600" lon="-1.5823850">
    <ele>86.8</ele>
    <time>2022-02-10T16:06:02Z</time>
   </trkpt>
   <trkpt lat="53.8279900" lon="-1.5823710">
    <ele>86.8</ele>
    <time>2022-02-10T16:06:03Z</time>
   </trkpt>
   <trkpt lat="53.8280180" lon="-1.5823570">
    <ele>86.9</ele>
    <time>2022-02-10T16:06:04Z</time>
   </trkpt>
   <trkpt lat="53.8280460" lon="-1.5823430">
    <ele>86.9</ele>
    <time>2022-02-10T16:06:05Z</time>
   </trkpt>
   <trkpt lat="53.8280730" lon="-1.5823310">
    <ele>86.9</ele>
    <time>2022-02-10T16:06:06Z</time>
   </trkpt>
   <trkpt lat="53.8280990" lon="-1.5823190">
    <ele>86.9</ele>
    <time>2022-02-10T16:06:07Z</time>
   </trkpt>
   <trkpt lat="53.8281370" lon="-1.5822990">
    <ele>86.9</ele>
    <time>2022-02-10T16:06:08Z</time>
   </trkpt>
   <trkpt lat="53.8281500" lon="-1.5822920">
    <ele>86.9</ele>
    <time>2022-02-10T16:06:09Z</time>
   </trkpt>
   <trkpt lat="53.8281890" lon="-1.5822760">
    <ele>86.9</ele>
    <time>2022-02-10T16:06:10Z</time>
   </trkpt>
   <trkpt lat="53.8282020" lon="-1.5822720">
    <ele>86.9</ele>
    <time>2022-02-10T16:06:11Z</time>
   </trkpt>
   <trkpt lat="53.8282300" lon="-1.5822630">
    <ele>86.9</ele>
    <time>2022-02-10T16:06:12Z</time>
   </trkpt>
   <trkpt lat="53.8282570" lon="-1.5822550">
    <ele>86.8</ele>
    <time>2022-02-10T16:06:13Z</time>
   </trkpt>
   <trkpt lat="53.8282850" lon="-1.5822460">
    <ele>86.8</ele>
    <time>2022-02-10T16:06:14Z</time>
   </trkpt>
   <trkpt lat="53.8283140" lon="-1.5822360">
    <ele>86.7</ele>
    <time>2022-02-10T16:06:15Z</time>
   </trkpt>
   <trkpt lat="53.8283410" lon="-1.5822260">
    <ele>86.7</ele>
    <time>2022-02-10T16:06:16Z</time>
   </trkpt>
   <trkpt lat="53.8283690" lon="-1.5822140">
    <ele>86.6</ele>
    <time>2022-02-10T16:06:17Z</time>
   </trkpt>
   <trkpt lat="53.8283970" lon="-1.5822040">
    <ele>86.5</ele>
    <time>2022-02-10T16:06:18Z</time>
   </trkpt>
   <trkpt lat="53.8284250" lon="-1.5821950">
    <ele>86.5</ele>
    <time>2022-02-10T16:06:19Z</time>
   </trkpt>
   <trkpt lat="53.8284540" lon="-1.5821870">
    <ele>86.4</ele>
    <time>2022-02-10T16:06:20Z</time>
   </trkpt>
   <trkpt lat="53.8284830" lon="-1.5821800">
    <ele>86.3</ele>
    <time>2022-02-10T16:06:21Z</time>
   </trkpt>
   <trkpt lat="53.8285110" lon="-1.5821740">
    <ele>86.2</ele>
    <time>2022-02-10T16:06:22Z</time>
   </trkpt>
   <trkpt lat="53.8285400" lon="-1.5821670">
    <ele>86.1</ele>
    <time>2022-02-10T16:06:23Z</time>
   </trkpt>
   <trkpt lat="53.8285680" lon="-1.5821580">
    <ele>86.0</ele>
    <time>2022-02-10T16:06:24Z</time>
   </trkpt>
   <trkpt lat="53.8285970" lon="-1.5821450">
    <ele>85.9</ele>
    <time>2022-02-10T16:06:25Z</time>
   </trkpt>
   <trkpt lat="53.8286250" lon="-1.5821300">
    <ele>85.8</ele>
    <time>2022-02-10T16:06:26Z</time>
   </trkpt>
   <trkpt lat="53.8286530" lon="-1.5821130">
    <ele>85.6</ele>
    <time>2022-02-10T16:06:27Z</time>
   </trkpt>
   <trkpt lat="53.8286810" lon="-1.5820940">
    <ele>85.5</ele>
    <time>2022-02-10T16:06:28Z</time>
   </trkpt>
   <trkpt lat="53.8287090" lon="-1.5820750">
    <ele>85.4</ele>
    <time>2022-02-10T16:06:29Z</time>
   </trkpt>
   <trkpt lat="53.8287370" lon="-1.5820580">
    <ele>85.3</ele>
    <time>2022-02-10T16:06:30Z</time>
   </trkpt>
   <trkpt lat="53.8287650" lon="-1.5820430">
    <ele>85.1</ele>
    <time>2022-02-10T16:06:31Z</time>
   </trkpt>
   <trkpt lat="53.8287940" lon="-1.5820290">
    <ele>85.0</ele>
    <time>2022-02-10T16:06:32Z</time>
   </trkpt>
   <trkpt lat="53.8288230" lon="-1.5820160">
    <ele>84.9</ele>
    <time>2022-02-10T16:06:33Z</time>
   </trkpt>
   <trkpt lat="53.8288520" lon="-1.5820040">
    <ele>84.8</ele>
    <time>2022-02-10T16:06:34Z</time>
   </trkpt>
   <trkpt lat="53.8288820" lon="-1.5819920">
    <ele>84.7</ele>
    <time>2022-02-10T16:06:35Z</time>
   </trkpt>
   <trkpt lat="53.8289110" lon="-1.5819810">
    <ele>84.6</ele>
    <time>2022-02-10T16:06:36Z</time>
   </trkpt>
   <trkpt lat="53.8289400" lon="-1.5819720">
    <ele>84.5</ele>
    <time>2022-02-10T16:06:37Z</time>
   </trkpt>
   <trkpt lat="53.8289700" lon="-1.5819660">
    <ele>84.4</ele>
    <time>2022-02-10T16:06:38Z</time>
   </trkpt>
   <trkpt lat="53.8290000" lon="-1.5819640">
    <ele>84.3</ele>
    <time>2022-02-10T16:06:39Z</time>
   </trkpt>
   <trkpt lat="53.8290290" lon="-1.5819650">
    <ele>84.3</ele>
    <time>2022-02-10T16:06:40Z</time>
   </trkpt>
   <trkpt lat="53.8290590" lon="-1.5819670">
    <ele>84.2</ele>
    <time>2022-02-10T16:06:41Z</time>
   </trkpt>
   <trkpt lat="53.8290890" lon="-1.5819700">
    <ele>84.1</ele>
    <time>2022-02-10T16:06:42Z</time>
   </trkpt>
   <trkpt lat="53.8291170" lon="-1.5819730">
    <ele>84.0</ele>
    <time>2022-02-10T16:06:43Z</time>
   </trkpt>
   <trkpt lat="53.8291440" lon="-1.5819770">
    <ele>84.0</ele>
    <time>2022-02-10T16:06:44Z</time>
   </trkpt>
   <trkpt lat="53.8291850" lon="-1.5819820">
    <ele>83.9</ele>
    <time>2022-02-10T16:06:45Z</time>
   </trkpt>
   <trkpt lat="53.8291990" lon="-1.5819840">
    <ele>83.8</ele>
    <time>2022-02-10T16:06:46Z</time>
   </trkpt>
   <trkpt lat="53.8292260" lon="-1.5819890">
    <ele>83.7</ele>
    <time>2022-02-10T16:06:47Z</time>
   </trkpt>
   <trkpt lat="53.8292540" lon="-1.5819920">
    <ele>83.7</ele>
    <time>2022-02-10T16:06:48Z</time>
   </trkpt>
   <trkpt lat="53.8292820" lon="-1.5819930">
    <ele>83.6</ele>
    <time>2022-02-10T16:06:49Z</time>
   </trkpt>
   <trkpt lat="53.8293090" lon="-1.5819900">
    <ele>83.6</ele>
    <time>2022-02-10T16:06:50Z</time>
   </trkpt>
   <trkpt lat="53.8293360" lon="-1.5819820">
    <ele>83.5</ele>
    <time>2022-02-10T16:06:51Z</time>
   </trkpt>
   <trkpt lat="53.8293630" lon="-1.5819730">
    <ele>83.5</ele>
    <time>2022-02-10T16:06:52Z</time>
   </trkpt>
   <trkpt lat="53.8293910" lon="-1.5819620">
    <ele>83.4</ele>
    <time>2022-02-10T16:06:53Z</time>
   </trkpt>
   <trkpt lat="53.8294190" lon="-1.5819480">
    <ele>83.4</ele>
    <time>2022-02-10T16:06:54Z</time>
   </trkpt>
   <trkpt lat="53.8294460" lon="-1.5819380">
    <ele>83.3</ele>
    <time>2022-02-10T16:06:55Z</time>
   </trkpt>
   <trkpt lat="53.8294750" lon="-1.5819300">
    <ele>83.3</ele>
    <time>2022-02-10T16:06:56Z</time>
   </trkpt>
   <trkpt lat="53.8295020" lon="-1.5819250">
    <ele>83.2</ele>
    <time>2022-02-10T16:06:57Z</time>
   </trkpt>
   <trkpt lat="53.8295290" lon="-1.5819220">
    <ele>83.2</ele>
    <time>2022-02-10T16:06:58Z</time>
   </trkpt>
   <trkpt lat="53.8295570" lon="-1.5819200">
    <ele>83.2</ele>
    <time>2022-02-10T16:06:59Z</time>
   </trkpt>
   <trkpt lat="53.8295840" lon="-1.5819140">
    <ele>83.1</ele>
    <time>2022-02-10T16:07:00Z</time>
   </trkpt>
   <trkpt lat="53.8296110" lon="-1.5819040">
    <ele>83.1</ele>
    <time>2022-02-10T16:07:01Z</time>
   </trkpt>
   <trkpt lat="53.8296380" lon="-1.5818900">
    <ele>83.1</ele>
    <time>2022-02-10T16:07:02Z</time>
   </trkpt>
   <trkpt lat="53.8296700" lon="-1.5818730">
    <ele>83.0</ele>
    <time>2022-02-10T16:07:03Z</time>
   </trkpt>
   <trkpt lat="53.8297260" lon="-1.5818450">
    <ele>83.0</ele>
    <time>2022-02-10T16:07:05Z</time>
   </trkpt>
   <trkpt lat="53.8297570" lon="-1.5818360">
    <ele>83.0</ele>
    <time>2022-02-10T16:07:06Z</time>
   </trkpt>
   <trkpt lat="53.8297870" lon="-1.5818300">
    <ele>83.0</ele>
    <time>2022-02-10T16:07:07Z</time>
   </trkpt>
   <trkpt lat="53.8298160" lon="-1.5818240">
    <ele>83.0</ele>
    <time>2022-02-10T16:07:08Z</time>
   </trkpt>
   <trkpt lat="53.8298450" lon="-1.5818160">
    <ele>83.1</ele>
    <time>2022-02-10T16:07:09Z</time>
   </trkpt>
   <trkpt lat="53.8298760" lon="-1.5818080">
    <ele>83.1</ele>
    <time>2022-02-10T16:07:10Z</time>
   </trkpt>
   <trkpt lat="53.8299060" lon="-1.5818050">
    <ele>83.2</ele>
    <time>2022-02-10T16:07:11Z</time>
   </trkpt>
   <trkpt lat="53.8299370" lon="-1.5818050">
    <ele>83.3</ele>
    <time>2022-02-10T16:07:12Z</time>
   </trkpt>
   <trkpt lat="53.8299680" lon="-1.5818080">
    <ele>83.4</ele>
    <time>2022-02-10T16:07:13Z</time>
   </trkpt>
   <trkpt lat="53.8300000" lon="-1.5818120">
    <ele>83.5</ele>
    <time>2022-02-10T16:07:14Z</time>
   </trkpt>
   <trkpt lat="53.8300310" lon="-1.5818170">
    <ele>83.6</ele>
    <time>2022-02-10T16:07:15Z</time>
   </trkpt>
   <trkpt lat="53.8300630" lon="-1.5818210">
    <ele>83.7</ele>
    <time>2022-02-10T16:07:16Z</time>
   </trkpt>
   <trkpt lat="53.8300940" lon="-1.5818260">
    <ele>83.8</ele>
    <time>2022-02-10T16:07:17Z</time>
   </trkpt>
   <trkpt lat="53.8301240" lon="-1.5818350">
    <ele>84.0</ele>
    <time>2022-02-10T16:07:18Z</time>
   </trkpt>
   <trkpt lat="53.8301520" lon="-1.5818450">
    <ele>84.1</ele>
    <time>2022-02-10T16:07:19Z</time>
   </trkpt>
   <trkpt lat="53.8301810" lon="-1.5818550">
    <ele>84.3</ele>
    <time>2022-02-10T16:07:20Z</time>
   </trkpt>
   <trkpt lat="53.8302100" lon="-1.5818650">
    <ele>84.4</ele>
    <time>2022-02-10T16:07:21Z</time>
   </trkpt>
   <trkpt lat="53.8302390" lon="-1.5818750">
    <ele>84.6</ele>
    <time>2022-02-10T16:07:22Z</time>
   </trkpt>
   <trkpt lat="53.8302680" lon="-1.5818850">
    <ele>84.7</ele>
    <time>2022-02-10T16:07:23Z</time>
   </trkpt>
   <trkpt lat="53.8302970" lon="-1.5818950">
    <ele>84.9</ele>
    <time>2022-02-10T16:07:24Z</time>
   </trkpt>
   <trkpt lat="53.8303260" lon="-1.5819040">
    <ele>85.1</ele>
    <time>2022-02-10T16:07:25Z</time>
   </trkpt>
   <trkpt lat="53.8303540" lon="-1.5819140">
    <ele>85.2</ele>
    <time>2022-02-10T16:07:26Z</time>
   </trkpt>
   <trkpt lat="53.8303820" lon="-1.5819230">
    <ele>85.4</ele>
    <time>2022-02-10T16:07:27Z</time>
   </trkpt>
   <trkpt lat="53.8304090" lon="-1.5819330">
    <ele>85.5</ele>
    <time>2022-02-10T16:07:28Z</time>
   </trkpt>
   <trkpt lat="53.8304370" lon="-1.5819430">
    <ele>85.7</ele>
    <time>2022-02-10T16:07:29Z</time>
   </trkpt>
   <trkpt lat="53.8304640" lon="-1.5819530">
    <ele>85.9</ele>
    <time>2022-02-10T16:07:30Z</time>
   </trkpt>
   <trkpt lat="53.8304910" lon="-1.5819650">
    <ele>86.0</ele>
    <time>2022-02-10T16:07:31Z</time>
   </trkpt>
   <trkpt lat="53.8305300" lon="-1.5819820">
    <ele>86.3</ele>
    <time>2022-02-10T16:07:32Z</time>
   </trkpt>
   <trkpt lat="53.8305430" lon="-1.5819880">
    <ele>86.4</ele>
    <time>2022-02-10T16:07:33Z</time>
   </trkpt>
   <trkpt lat="53.8305710" lon="-1.5819980">
    <ele>86.6</ele>
    <time>2022-02-10T16:07:34Z</time>
   </trkpt>
   <trkpt lat="53.8306000" lon="-1.5820070">
    <ele>86.7</ele>
    <time>2022-02-10T16:07:35Z</time>
   </trkpt>
   <trkpt lat="53.8306280" lon="-1.5820160">
    <ele>86.9</ele>
    <time>2022-02-10T16:07:36Z</time>
   </trkpt>
   <trkpt lat="53.8306630" lon="-1.5820320">
    <ele>87.1</ele>
    <time>2022-02-10T16:07:37Z</time>
   </trkpt>
   <trkpt lat="53.8306740" lon="-1.5820370">
    <ele>87.2</ele>
    <time>2022-02-10T16:07:38Z</time>
   </trkpt>
   <trkpt lat="53.8307060" lon="-1.5820540">
    <ele>87.4</ele>
    <time>2022-02-10T16:07:39Z</time>
   </trkpt>
   <trkpt lat="53.8307160" lon="-1.5820590">
    <ele>87.4</ele>
    <time>2022-02-10T16:07:40Z</time>
   </trkpt>
   <trkpt lat="53.8307470" lon="-1.5820800">
    <ele>87.6</ele>
    <time>2022-02-10T16:07:41Z</time>
   </trkpt>
   <trkpt lat="53.8307570" lon="-1.5820860">
    <ele>87.6</ele>
    <time>2022-02-10T16:07:42Z</time>
   </trkpt>
   <trkpt lat="53.8307860" lon="-1.5821020">
    <ele>87.8</ele>
    <time>2022-02-10T16:07:43Z</time>
   </trkpt>
   <trkpt lat="53.8307960" lon="-1.5821070">
    <ele>87.9</ele>
    <time>2022-02-10T16:07:44Z</time>
   </trkpt>
   <trkpt lat="53.8308270" lon="-1.5821160">
    <ele>88.0</ele>
    <time>2022-02-10T16:07:45Z</time>
   </trkpt>
   <trkpt lat="53.8308380" lon="-1.5821190">
    <ele>88.1</ele>
    <time>2022-02-10T16:07:46Z</time>
   </trkpt>
   <trkpt lat="53.8308730" lon="-1.5821260">
    <ele>88.3</ele>
    <time>2022-02-10T16:07:47Z</time>
   </trkpt>
   <trkpt lat="53.8308850" lon="-1.5821290">
    <ele>88.3</ele>
    <time>2022-02-10T16:07:48Z</time>
   </trkpt>
   <trkpt lat="53.8309230" lon="-1.5821340">
    <ele>88.5</ele>
    <time>2022-02-10T16:07:49Z</time>
   </trkpt>
   <trkpt lat="53.8309350" lon="-1.5821350">
    <ele>88.6</ele>
    <time>2022-02-10T16:07:50Z</time>
   </trkpt>
   <trkpt lat="53.8309630" lon="-1.5821390">
    <ele>88.8</ele>
    <time>2022-02-10T16:07:51Z</time>
   </trkpt>
   <trkpt lat="53.8309890" lon="-1.5821430">
    <ele>88.9</ele>
    <time>2022-02-10T16:07:52Z</time>
   </trkpt>
   <trkpt lat="53.8310400" lon="-1.5821560">
    <ele>89.1</ele>
    <time>2022-02-10T16:07:54Z</time>
   </trkpt>
   <trkpt lat="53.8310670" lon="-1.5821680">
    <ele>89.3</ele>
    <time>2022-02-10T16:07:55Z</time>
   </trkpt>
   <trkpt lat="53.8311070" lon="-1.5821890">
    <ele>89.4</ele>
    <time>2022-02-10T16:07:56Z</time>
   </trkpt>
   <trkpt lat="53.8311200" lon="-1.5821970">
    <ele>89.5</ele>
    <time>2022-02-10T16:07:57Z</time>
   </trkpt>
   <trkpt lat="53.8311570" lon="-1.5822200">
    <ele>89.7</ele>
    <time>2022-02-10T16:07:58Z</time>
   </trkpt>
   <trkpt lat="53.8311690" lon="-1.5822270">
    <ele>89.7</ele>
    <time>2022-02-10T16:07:59Z</time>
   </trkpt>
   <trkpt lat="53.8311960" lon="-1.5822430">
    <ele>89.8</ele>
    <time>2022-02-10T16:08:00Z</time>
   </trkpt>
   <trkpt lat="53.8312240" lon="-1.5822530">
    <ele>89.9</ele>
    <time>2022-02-10T16:08:01Z</time>
   </trkpt>
   <trkpt lat="53.8312540" lon="-1.5822600">
    <ele>90.0</ele>
    <time>2022-02-10T16:08:02Z</time>
   </trkpt>
   <trkpt lat="53.8312860" lon="-1.5822640">
    <ele>90.1</ele>
    <time>2022-02-10T16:08:03Z</time>
   </trkpt>
   <trkpt lat="53.8313180" lon="-1.5822690">
    <ele>90.3</ele>
    <time>2022-02-10T16:08:04Z</time>
   </trkpt>
   <trkpt lat="53.8313500" lon="-1.5822740">
    <ele>90.4</ele>
    <time>2022-02-10T16:08:05Z</time>
   </trkpt>
   <trkpt lat="53.8313840" lon="-1.5822780">
    <ele>90.5</ele>
    <time>2022-02-10T16:08:06Z</time>
   </trkpt>
   <trkpt lat="53.8314180" lon="-1.5822830">
    <ele>90.6</ele>
    <time>2022-02-10T16:08:07Z</time>
   </trkpt>
   <trkpt lat="53.8314520" lon="-1.5822860">
    <ele>90.8</ele>
    <time>2022-02-10T16:08:08Z</time>
   </trkpt>
   <trkpt lat="53.8314870" lon="-1.5822900">
    <ele>90.9</ele>
    <time>2022-02-10T16:08:09Z</time>
   </trkpt>
   <trkpt lat="53.8315210" lon="-1.5822950">
    <ele>91.0</ele>
    <time>2022-02-10T16:08:10Z</time>
   </trkpt>
   <trkpt lat="53.8315540" lon="-1.5822990">
    <ele>91.1</ele>
    <time>2022-02-10T16:08:11Z</time>
   </trkpt>
   <trkpt lat="53.8315860" lon="-1.5823030">
    <ele>91.2</ele>
    <time>2022-02-10T16:08:12Z</time>
   </trkpt>
   <trkpt lat="53.8316180" lon="-1.5823060">
    <ele>91.4</ele>
    <time>2022-02-10T16:08:13Z</time>
   </trkpt>
   <trkpt lat="53.8316490" lon="-1.5823100">
    <ele>91.5</ele>
    <time>2022-02-10T16:08:14Z</time>
   </trkpt>
   <trkpt lat="53.8316810" lon="-1.5823140">
    <ele>91.5</ele>
    <time>2022-02-10T16:08:15Z</time>
   </trkpt>
   <trkpt lat="53.8317130" lon="-1.5823190">
    <ele>91.6</ele>
    <time>2022-02-10T16:08:16Z</time>
   </trkpt>
   <trkpt lat="53.8317440" lon="-1.5823240">
    <ele>91.7</ele>
    <time>2022-02-10T16:08:17Z</time>
   </trkpt>
   <trkpt lat="53.8317750" lon="-1.5823290">
    <ele>91.8</ele>
    <time>2022-02-10T16:08:18Z</time>
   </trkpt>
   <trkpt lat="53.8318070" lon="-1.5823340">
    <ele>91.9</ele>
    <time>2022-02-10T16:08:19Z</time>
   </trkpt>
   <trkpt lat="53.8318380" lon="-1.5823380">
    <ele>92.0</ele>
    <time>2022-02-10T16:08:20Z</time>
   </trkpt>
   <trkpt lat="53.8318690" lon="-1.5823430">
    <ele>92.1</ele>
    <time>2022-02-10T16:08:21Z</time>
   </trkpt>
   <trkpt lat="53.8319000" lon="-1.5823470">
    <ele>92.2</ele>
    <time>2022-02-10T16:08:22Z</time>
   </trkpt>
   <trkpt lat="53.8319300" lon="-1.5823520">
    <ele>92.3</ele>
    <time>2022-02-10T16:08:23Z</time>
   </trkpt>
   <trkpt lat="53.8319610" lon="-1.5823580">
    <ele>92.3</ele>
    <time>2022-02-10T16:08:24Z</time>
   </trkpt>
   <trkpt lat="53.8319920" lon="-1.5823620">
    <ele>92.4</ele>
    <time>2022-02-10T16:08:25Z</time>
   </trkpt>
   <trkpt lat="53.8320230" lon="-1.5823680">
    <ele>92.5</ele>
    <time>2022-02-10T16:08:26Z</time>
   </trkpt>
   <trkpt lat="53.8320540" lon="-1.5823730">
    <ele>92.5</ele>
    <time>2022-02-10T16:08:27Z</time>
   </trkpt>
   <trkpt lat="53.8320840" lon="-1.5823780">
    <ele>92.6</ele>
    <time>2022-02-10T16:08:28Z</time>
   </trkpt>
   <trkpt lat="53.8321140" lon="-1.5823820">
    <ele>92.7</ele>
    <time>2022-02-10T16:08:29Z</time>
   </trkpt>
   <trkpt lat="53.8321460" lon="-1.5823860">
    <ele>92.7</ele>
    <time>2022-02-10T16:08:30Z</time>
   </trkpt>
   <trkpt lat="53.8321780" lon="-1.5823900">
    <ele>92.7</ele>
    <time>2022-02-10T16:08:31Z</time>
   </trkpt>
   <trkpt lat="53.8322100" lon="-1.5823940">
    <ele>92.8</ele>
    <time>2022-02-10T16:08:32Z</time>
   </trkpt>
   <trkpt lat="53.8322420" lon="-1.5823970">
    <ele>92.8</ele>
    <time>2022-02-10T16:08:33Z</time>
   </trkpt>
   <trkpt lat="53.8322750" lon="-1.5823990">
    <ele>92.8</ele>
    <time>2022-02-10T16:08:34Z</time>
   </trkpt>
   <trkpt lat="53.8323060" lon="-1.5824020">
    <ele>92.9</ele>
    <time>2022-02-10T16:08:35Z</time>
   </trkpt>
   <trkpt lat="53.8323410" lon="-1.5824040">
    <ele>92.9</ele>
    <time>2022-02-10T16:08:36Z</time>
   </trkpt>
   <trkpt lat="53.8323710" lon="-1.5824060">
    <ele>92.9</ele>
    <time>2022-02-10T16:08:37Z</time>
   </trkpt>
   <trkpt lat="53.8324020" lon="-1.5824070">
    <ele>92.9</ele>
    <time>2022-02-10T16:08:38Z</time>
   </trkpt>
   <trkpt lat="53.8324330" lon="-1.5824100">
    <ele>92.9</ele>
    <time>2022-02-10T16:08:39Z</time>
   </trkpt>
   <trkpt lat="53.8324650" lon="-1.5824130">
    <ele>92.9</ele>
    <time>2022-02-10T16:08:40Z</time>
   </trkpt>
   <trkpt lat="53.8324960" lon="-1.5824190">
    <ele>93.0</ele>
    <time>2022-02-10T16:08:41Z</time>
   </trkpt>
   <trkpt lat="53.8325260" lon="-1.5824260">
    <ele>93.0</ele>
    <time>2022-02-10T16:08:42Z</time>
   </trkpt>
   <trkpt lat="53.8325560" lon="-1.5824350">
    <ele>93.0</ele>
    <time>2022-02-10T16:08:43Z</time>
   </trkpt>
   <trkpt lat="53.8325860" lon="-1.5824440">
    <ele>93.0</ele>
    <time>2022-02-10T16:08:44Z</time>
   </trkpt>
   <trkpt lat="53.8326150" lon="-1.5824550">
    <ele>93.0</ele>
    <time>2022-02-10T16:08:45Z</time>
   </trkpt>
   <trkpt lat="53.8326440" lon="-1.5824680">
    <ele>93.0</ele>
    <time>2022-02-10T16:08:46Z</time>
   </trkpt>
   <trkpt lat="53.8326730" lon="-1.5824840">
    <ele>93.0</ele>
    <time>2022-02-10T16:08:47Z</time>
   </trkpt>
   <trkpt lat="53.8327020" lon="-1.5825020">
    <ele>93.0</ele>
    <time>2022-02-10T16:08:48Z</time>
   </trkpt>
   <trkpt lat="53.8327300" lon="-1.5825210">
    <ele>93.0</ele>
    <time>2022-02-10T16:08:49Z</time>
   </trkpt>
   <trkpt lat="53.8327580" lon="-1.5825390">
    <ele>93.0</ele>
    <time>2022-02-10T16:08:50Z</time>
   </trkpt>
   <trkpt lat="53.8327850" lon="-1.5825580">
    <ele>93.0</ele>
    <time>2022-02-10T16:08:51Z</time>
   </trkpt>
   <trkpt lat="53.8328120" lon="-1.5825770">
    <ele>93.0</ele>
    <time>2022-02-10T16:08:52Z</time>
   </trkpt>
   <trkpt lat="53.8328400" lon="-1.5825960">
    <ele>93.0</ele>
    <time>2022-02-10T16:08:53Z</time>
   </trkpt>
   <trkpt lat="53.8328660" lon="-1.5826150">
    <ele>93.0</ele>
    <time>2022-02-10T16:08:54Z</time>
   </trkpt>
   <trkpt lat="53.8328930" lon="-1.5826360">
    <ele>93.0</ele>
    <time>2022-02-10T16:08:55Z</time>
   </trkpt>
   <trkpt lat="53.8329190" lon="-1.5826570">
    <ele>93.0</ele>
    <time>2022-02-10T16:08:56Z</time>
   </trkpt>
   <trkpt lat="53.8329460" lon="-1.5826790">
    <ele>93.0</ele>
    <time>2022-02-10T16:08:57Z</time>
   </trkpt>
   <trkpt lat="53.8329720" lon="-1.5827010">
    <ele>93.0</ele>
    <time>2022-02-10T16:08:58Z</time>
   </trkpt>
   <trkpt lat="53.8329980" lon="-1.5827230">
    <ele>93.0</ele>
    <time>2022-02-10T16:08:59Z</time>
   </trkpt>
   <trkpt lat="53.8330250" lon="-1.5827460">
    <ele>93.0</ele>
    <time>2022-02-10T16:09:00Z</time>
   </trkpt>
   <trkpt lat="53.8330510" lon="-1.5827680">
    <ele>93.0</ele>
    <time>2022-02-10T16:09:01Z</time>
   </trkpt>
   <trkpt lat="53.8330770" lon="-1.5827910">
    <ele>93.0</ele>
    <time>2022-02-10T16:09:02Z</time>
   </trkpt>
   <trkpt lat="53.8331030" lon="-1.5828130">
    <ele>93.0</ele>
    <time>2022-02-10T16:09:03Z</time>
   </trkpt>
   <trkpt lat="53.8331300" lon="-1.5828360">
    <ele>93.0</ele>
    <time>2022-02-10T16:09:04Z</time>
   </trkpt>
   <trkpt lat="53.8331570" lon="-1.5828570">
    <ele>93.0</ele>
    <time>2022-02-10T16:09:05Z</time>
   </trkpt>
   <trkpt lat="53.8331840" lon="-1.5828770">
    <ele>93.0</ele>
    <time>2022-02-10T16:09:06Z</time>
   </trkpt>
   <trkpt lat="53.8332120" lon="-1.5828980">
    <ele>93.0</ele>
    <time>2022-02-10T16:09:07Z</time>
   </trkpt>
   <trkpt lat="53.8332400" lon="-1.5829180">
    <ele>93.0</ele>
    <time>2022-02-10T16:09:08Z</time>
   </trkpt>
   <trkpt lat="53.8332670" lon="-1.5829400">
    <ele>93.0</ele>
    <time>2022-02-10T16:09:09Z</time>
   </trkpt>
   <trkpt lat="53.8332940" lon="-1.5829620">
    <ele>93.0</ele>
    <time>2022-02-10T16:09:10Z</time>
   </trkpt>
   <trkpt lat="53.8333220" lon="-1.5829820">
    <ele>93.0</ele>
    <time>2022-02-10T16:09:11Z</time>
   </trkpt>
   <trkpt lat="53.8333490" lon="-1.5830020">
    <ele>93.0</ele>
    <time>2022-02-10T16:09:12Z</time>
   </trkpt>
   <trkpt lat="53.8333770" lon="-1.5830210">
    <ele>93.0</ele>
    <time>2022-02-10T16:09:13Z</time>
   </trkpt>
   <trkpt lat="53.8334050" lon="-1.5830410">
    <ele>93.0</ele>
    <time>2022-02-10T16:09:14Z</time>
   </trkpt>
   <trkpt lat="53.8334320" lon="-1.5830620">
    <ele>93.0</ele>
    <time>2022-02-10T16:09:15Z</time>
   </trkpt>
   <trkpt lat="53.8334580" lon="-1.5830860">
    <ele>93.0</ele>
    <time>2022-02-10T16:09:16Z</time>
   </trkpt>
   <trkpt lat="53.8334840" lon="-1.5831130">
    <ele>93.0</ele>
    <time>2022-02-10T16:09:17Z</time>
   </trkpt>
   <trkpt lat="53.8335110" lon="-1.5831420">
    <ele>93.1</ele>
    <time>2022-02-10T16:09:18Z</time>
   </trkpt>
   <trkpt lat="53.8335370" lon="-1.5831710">
    <ele>93.1</ele>
    <time>2022-02-10T16:09:19Z</time>
   </trkpt>
   <trkpt lat="53.8335620" lon="-1.5831980">
    <ele>93.1</ele>
    <time>2022-02-10T16:09:20Z</time>
   </trkpt>
   <trkpt lat="53.8335880" lon="-1.5832240">
    <ele>93.1</ele>
    <time>2022-02-10T16:09:21Z</time>
   </trkpt>
   <trkpt lat="53.8336140" lon="-1.5832490">
    <ele>93.2</ele>
    <time>2022-02-10T16:09:22Z</time>
   </trkpt>
   <trkpt lat="53.8336410" lon="-1.5832720">
    <ele>93.2</ele>
    <time>2022-02-10T16:09:23Z</time>
   </trkpt>
   <trkpt lat="53.8336670" lon="-1.5832930">
    <ele>93.2</ele>
    <time>2022-02-10T16:09:24Z</time>
   </trkpt>
   <trkpt lat="53.8336940" lon="-1.5833120">
    <ele>93.3</ele>
    <time>2022-02-10T16:09:25Z</time>
   </trkpt>
   <trkpt lat="53.8337220" lon="-1.5833300">
    <ele>93.3</ele>
    <time>2022-02-10T16:09:26Z</time>
   </trkpt>
   <trkpt lat="53.8337490" lon="-1.5833440">
    <ele>93.4</ele>
    <time>2022-02-10T16:09:27Z</time>
   </trkpt>
   <trkpt lat="53.8337780" lon="-1.5833540">
    <ele>93.4</ele>
    <time>2022-02-10T16:09:28Z</time>
   </trkpt>
   <trkpt lat="53.8338060" lon="-1.5833620">
    <ele>93.5</ele>
    <time>2022-02-10T16:09:29Z</time>
   </trkpt>
   <trkpt lat="53.8338350" lon="-1.5833650">
    <ele>93.5</ele>
    <time>2022-02-10T16:09:30Z</time>
   </trkpt>
   <trkpt lat="53.8338730" lon="-1.5833730">
    <ele>93.6</ele>
    <time>2022-02-10T16:09:31Z</time>
   </trkpt>
   <trkpt lat="53.8338860" lon="-1.5833780">
    <ele>93.6</ele>
    <time>2022-02-10T16:09:32Z</time>
   </trkpt>
   <trkpt lat="53.8339220" lon="-1.5833960">
    <ele>93.8</ele>
    <time>2022-02-10T16:09:33Z</time>
   </trkpt>
   <trkpt lat="53.8339340" lon="-1.5834020">
    <ele>93.8</ele>
    <time>2022-02-10T16:09:34Z</time>
   </trkpt>
   <trkpt lat="53.8339690" lon="-1.5834230">
    <ele>93.9</ele>
    <time>2022-02-10T16:09:35Z</time>
   </trkpt>
   <trkpt lat="53.8339800" lon="-1.5834300">
    <ele>94.0</ele>
    <time>2022-02-10T16:09:36Z</time>
   </trkpt>
   <trkpt lat="53.8340150" lon="-1.5834480">
    <ele>94.1</ele>
    <time>2022-02-10T16:09:37Z</time>
   </trkpt>
   <trkpt lat="53.8340260" lon="-1.5834530">
    <ele>94.2</ele>
    <time>2022-02-10T16:09:38Z</time>
   </trkpt>
   <trkpt lat="53.8340590" lon="-1.5834610">
    <ele>94.3</ele>
    <time>2022-02-10T16:09:39Z</time>
   </trkpt>
   <trkpt lat="53.8340700" lon="-1.5834630">
    <ele>94.3</ele>
    <time>2022-02-10T16:09:40Z</time>
   </trkpt>
   <trkpt lat="53.8341020" lon="-1.5834550">
    <ele>94.2</ele>
    <time>2022-02-10T16:09:41Z</time>
   </trkpt>
   <trkpt lat="53.8341140" lon="-1.5834500">
    <ele>94.1</ele>
    <time>2022-02-10T16:09:42Z</time>
   </trkpt>
   <trkpt lat="53.8341450" lon="-1.5834150">
    <ele>94.0</ele>
    <time>2022-02-10T16:09:43Z</time>
   </trkpt>
   <trkpt lat="53.8341540" lon="-1.5834000">
    <ele>93.9</ele>
    <time>2022-02-10T16:09:44Z</time>
   </trkpt>
   <trkpt lat="53.8341700" lon="-1.5833620">
    <ele>93.8</ele>
    <time>2022-02-10T16:09:45Z</time>
   </trkpt>
   <trkpt lat="53.8341840" lon="-1.5833190">
    <ele>93.7</ele>
    <time>2022-02-10T16:09:46Z</time>
   </trkpt>
   <trkpt lat="53.8341970" lon="-1.5832760">
    <ele>93.6</ele>
    <time>2022-02-10T16:09:47Z</time>
   </trkpt>
   <trkpt lat="53.8342090" lon="-1.5832280">
    <ele>93.5</ele>
    <time>2022-02-10T16:09:48Z</time>
   </trkpt>
   <trkpt lat="53.8342200" lon="-1.5831780">
    <ele>93.4</ele>
    <time>2022-02-10T16:09:49Z</time>
   </trkpt>
   <trkpt lat="53.8342280" lon="-1.5831250">
    <ele>93.2</ele>
    <time>2022-02-10T16:09:50Z</time>
   </trkpt>
   <trkpt lat="53.8342340" lon="-1.5830730">
    <ele>93.1</ele>
    <time>2022-02-10T16:09:51Z</time>
   </trkpt>
   <trkpt lat="53.8342380" lon="-1.5830210">
    <ele>93.0</ele>
    <time>2022-02-10T16:09:52Z</time>
   </trkpt>
   <trkpt lat="53.8342400" lon="-1.5829690">
    <ele>92.9</ele>
    <time>2022-02-10T16:09:53Z</time>
   </trkpt>
   <trkpt lat="53.8342410" lon="-1.5829170">
    <ele>92.8</ele>
    <time>2022-02-10T16:09:54Z</time>
   </trkpt>
   <trkpt lat="53.8342420" lon="-1.5828650">
    <ele>92.7</ele>
    <time>2022-02-10T16:09:55Z</time>
   </trkpt>
   <trkpt lat="53.8342440" lon="-1.5828150">
    <ele>92.7</ele>
    <time>2022-02-10T16:09:56Z</time>
   </trkpt>
   <trkpt lat="53.8342480" lon="-1.5827670">
    <ele>92.6</ele>
    <time>2022-02-10T16:09:57Z</time>
   </trkpt>
   <trkpt lat="53.8342570" lon="-1.5827040">
    <ele>92.5</ele>
    <time>2022-02-10T16:09:58Z</time>
   </trkpt>
   <trkpt lat="53.8342620" lon="-1.5826840">
    <ele>92.5</ele>
    <time>2022-02-10T16:09:59Z</time>
   </trkpt>
   <trkpt lat="53.8342840" lon="-1.5826370">
    <ele>92.6</ele>
    <time>2022-02-10T16:10:00Z</time>
   </trkpt>
   <trkpt lat="53.8342930" lon="-1.5826230">
    <ele>92.7</ele>
    <time>2022-02-10T16:10:01Z</time>
   </trkpt>
   <trkpt lat="53.8343260" lon="-1.5825960">
    <ele>92.8</ele>
    <time>2022-02-10T16:10:02Z</time>
   </trkpt>
   <trkpt lat="53.8343380" lon="-1.5825890">
    <ele>92.9</ele>
    <time>2022-02-10T16:10:03Z</time>
   </trkpt>
   <trkpt lat="53.8343730" lon="-1.5825680">
    <ele>93.0</ele>
    <time>2022-02-10T16:10:04Z</time>
   </trkpt>
   <trkpt lat="53.8343850" lon="-1.5825610">
    <ele>93.0</ele>
    <time>2022-02-10T16:10:05Z</time>
   </trkpt>
   <trkpt lat="53.8344160" lon="-1.5825340">
    <ele>93.1</ele>
    <time>2022-02-10T16:10:06Z</time>
   </trkpt>
   <trkpt lat="53.8344250" lon="-1.5825240">
    <ele>93.1</ele>
    <time>2022-02-10T16:10:07Z</time>
   </trkpt>
   <trkpt lat="53.8344480" lon="-1.5824840">
    <ele>93.1</ele>
    <time>2022-02-10T16:10:08Z</time>
   </trkpt>
   <trkpt lat="53.8344550" lon="-1.5824700">
    <ele>93.2</ele>
    <time>2022-02-10T16:10:09Z</time>
   </trkpt>
   <trkpt lat="53.8344720" lon="-1.5824280">
    <ele>93.2</ele>
    <time>2022-02-10T16:10:10Z</time>
   </trkpt>
   <trkpt lat="53.8344780" lon="-1.5824140">
    <ele>93.2</ele>
    <time>2022-02-10T16:10:11Z</time>
   </trkpt>
   <trkpt lat="53.8344910" lon="-1.5823680">
    <ele>93.2</ele>
    <time>2022-02-10T16:10:12Z</time>
   </trkpt>
   <trkpt lat="53.8344950" lon="-1.5823530">
    <ele>93.2</ele>
    <time>2022-02-10T16:10:13Z</time>
   </trkpt>
   <trkpt lat="53.8345030" lon="-1.5822970">
    <ele>93.2</ele>
    <time>2022-02-10T16:10:14Z</time>
   </trkpt>
   <trkpt lat="53.8345060" lon="-1.5822770">
    <ele>93.2</ele>
    <time>2022-02-10T16:10:15Z</time>
   </trkpt>
   <trkpt lat="53.8345150" lon="-1.5822160">
    <ele>93.2</ele>
    <time>2022-02-10T16:10:16Z</time>
   </trkpt>
   <trkpt lat="53.8345190" lon="-1.5821950">
    <ele>93.3</ele>
    <time>2022-02-10T16:10:17Z</time>
   </trkpt>
   <trkpt lat="53.8345310" lon="-1.5821380">
    <ele>93.3</ele>
    <time>2022-02-10T16:10:18Z</time>
   </trkpt>
   <trkpt lat="53.8345350" lon="-1.5821190">
    <ele>93.3</ele>
    <time>2022-02-10T16:10:19Z</time>
   </trkpt>
   <trkpt lat="53.8345510" lon="-1.5820620">
    <ele>93.3</ele>
    <time>2022-02-10T16:10:20Z</time>
   </trkpt>
   <trkpt lat="53.8345570" lon="-1.5820430">
    <ele>93.3</ele>
    <time>2022-02-10T16:10:21Z</time>
   </trkpt>
   <trkpt lat="53.8345780" lon="-1.5819860">
    <ele>93.3</ele>
    <time>2022-02-10T16:10:22Z</time>
   </trkpt>
   <trkpt lat="53.8345860" lon="-1.5819670">
    <ele>93.3</ele>
    <time>2022-02-10T16:10:23Z</time>
   </trkpt>
   <trkpt lat="53.8346030" lon="-1.5819300">
    <ele>93.4</ele>
    <time>2022-02-10T16:10:24Z</time>
   </trkpt>
   <trkpt lat="53.8346210" lon="-1.5818920">
    <ele>93.4</ele>
    <time>2022-02-10T16:10:25Z</time>
   </trkpt>
   <trkpt lat="53.8346390" lon="-1.5818510">
    <ele>93.5</ele>
    <time>2022-02-10T16:10:26Z</time>
   </trkpt>
   <trkpt lat="53.8346540" lon="-1.5818050">
    <ele>93.5</ele>
    <time>2022-02-10T16:10:27Z</time>
   </trkpt>
   <trkpt lat="53.8346670" lon="-1.5817570">
    <ele>93.6</ele>
    <time>2022-02-10T16:10:28Z</time>
   </trkpt>
   <trkpt lat="53.8346790" lon="-1.5817080">
    <ele>93.6</ele>
    <time>2022-02-10T16:10:29Z</time>
   </trkpt>
   <trkpt lat="53.8346890" lon="-1.5816590">
    <ele>93.7</ele>
    <time>2022-02-10T16:10:30Z</time>
   </trkpt>
   <trkpt lat="53.8347000" lon="-1.5816100">
    <ele>93.8</ele>
    <time>2022-02-10T16:10:31Z</time>
   </trkpt>
   <trkpt lat="53.8347110" lon="-1.5815650">
    <ele>93.8</ele>
    <time>2022-02-10T16:10:32Z</time>
   </trkpt>
   <trkpt lat="53.8347220" lon="-1.5815210">
    <ele>93.9</ele>
    <time>2022-02-10T16:10:33Z</time>
   </trkpt>
   <trkpt lat="53.8347410" lon="-1.5814640">
    <ele>94.0</ele>
    <time>2022-02-10T16:10:34Z</time>
   </trkpt>
   <trkpt lat="53.8347470" lon="-1.5814450">
    <ele>94.0</ele>
    <time>2022-02-10T16:10:35Z</time>
   </trkpt>
   <trkpt lat="53.8347710" lon="-1.5813940">
    <ele>94.1</ele>
    <time>2022-02-10T16:10:36Z</time>
   </trkpt>
   <trkpt lat="53.8347790" lon="-1.5813780">
    <ele>94.1</ele>
    <time>2022-02-10T16:10:37Z</time>
   </trkpt>
   <trkpt lat="53.8348030" lon="-1.5813320">
    <ele>94.2</ele>
    <time>2022-02-10T16:10:38Z</time>
   </trkpt>
   <trkpt lat="53.8348110" lon="-1.5813160">
    <ele>94.2</ele>
    <time>2022-02-10T16:10:39Z</time>
   </trkpt>
   <trkpt lat="53.8348390" lon="-1.5812720">
    <ele>94.3</ele>
    <time>2022-02-10T16:10:40Z</time>
   </trkpt>
   <trkpt lat="53.8348490" lon="-1.5812580">
    <ele>94.3</ele>
    <time>2022-02-10T16:10:41Z</time>
   </trkpt>
   <trkpt lat="53.8348760" lon="-1.5812240">
    <ele>94.4</ele>
    <time>2022-02-10T16:10:42Z</time>
   </trkpt>
   <trkpt lat="53.8348860" lon="-1.5812120">
    <ele>94.4</ele>
    <time>2022-02-10T16:10:43Z</time>
   </trkpt>
   <trkpt lat="53.8349160" lon="-1.5811690">
    <ele>94.4</ele>
    <time>2022-02-10T16:10:44Z</time>
   </trkpt>
   <trkpt lat="53.8349270" lon="-1.5811540">
    <ele>94.5</ele>
    <time>2022-02-10T16:10:45Z</time>
   </trkpt>
   <trkpt lat="53.8349460" lon="-1.5811210">
    <ele>94.5</ele>
    <time>2022-02-10T16:10:46Z</time>
   </trkpt>
   <trkpt lat="53.8349660" lon="-1.5810860">
    <ele>94.6</ele>
    <time>2022-02-10T16:10:47Z</time>
   </trkpt>
   <trkpt lat="53.8349860" lon="-1.5810490">
    <ele>94.6</ele>
    <time>2022-02-10T16:10:48Z</time>
   </trkpt>
   <trkpt lat="53.8350090" lon="-1.5810120">
    <ele>94.6</ele>
    <time>2022-02-10T16:10:49Z</time>
   </trkpt>
   <trkpt lat="53.8350330" lon="-1.5809780">
    <ele>94.6</ele>
    <time>2022-02-10T16:10:50Z</time>
   </trkpt>
   <trkpt lat="53.8350600" lon="-1.5809460">
    <ele>94.6</ele>
    <time>2022-02-10T16:10:51Z</time>
   </trkpt>
   <trkpt lat="53.8350870" lon="-1.5809150">
    <ele>94.7</ele>
    <time>2022-02-10T16:10:52Z</time>
   </trkpt>
   <trkpt lat="53.8351150" lon="-1.5808840">
    <ele>94.7</ele>
    <time>2022-02-10T16:10:53Z</time>
   </trkpt>
   <trkpt lat="53.8351430" lon="-1.5808510">
    <ele>94.7</ele>
    <time>2022-02-10T16:10:54Z</time>
   </trkpt>
   <trkpt lat="53.8351700" lon="-1.5808180">
    <ele>94.7</ele>
    <time>2022-02-10T16:10:55Z</time>
   </trkpt>
   <trkpt lat="53.8351970" lon="-1.5807840">
    <ele>94.6</ele>
    <time>2022-02-10T16:10:56Z</time>
   </trkpt>
   <trkpt lat="53.8352270" lon="-1.5807460">
    <ele>94.6</ele>
    <time>2022-02-10T16:10:57Z</time>
   </trkpt>
   <trkpt lat="53.8352540" lon="-1.5807110">
    <ele>94.5</ele>
    <time>2022-02-10T16:10:58Z</time>
   </trkpt>
   <trkpt lat="53.8352820" lon="-1.5806750">
    <ele>94.5</ele>
    <time>2022-02-10T16:10:59Z</time>
   </trkpt>
   <trkpt lat="53.8353100" lon="-1.5806400">
    <ele>94.4</ele>
    <time>2022-02-10T16:11:00Z</time>
   </trkpt>
   <trkpt lat="53.8353390" lon="-1.5806040">
    <ele>94.4</ele>
    <time>2022-02-10T16:11:01Z</time>
   </trkpt>
   <trkpt lat="53.8353660" lon="-1.5805690">
    <ele>94.3</ele>
    <time>2022-02-10T16:11:02Z</time>
   </trkpt>
   <trkpt lat="53.8353930" lon="-1.5805330">
    <ele>94.3</ele>
    <time>2022-02-10T16:11:03Z</time>
   </trkpt>
   <trkpt lat="53.8354170" lon="-1.5804950">
    <ele>94.2</ele>
    <time>2022-02-10T16:11:04Z</time>
   </trkpt>
   <trkpt lat="53.8354400" lon="-1.5804590">
    <ele>94.2</ele>
    <time>2022-02-10T16:11:05Z</time>
   </trkpt>
   <trkpt lat="53.8354630" lon="-1.5804270">
    <ele>94.1</ele>
    <time>2022-02-10T16:11:06Z</time>
   </trkpt>
   <trkpt lat="53.8354870" lon="-1.5803990">
    <ele>94.1</ele>
    <time>2022-02-10T16:11:07Z</time>
   </trkpt>
   <trkpt lat="53.8355220" lon="-1.5803660">
    <ele>94.0</ele>
    <time>2022-02-10T16:11:08Z</time>
   </trkpt>
   <trkpt lat="53.8355340" lon="-1.5803560">
    <ele>94.0</ele>
    <time>2022-02-10T16:11:09Z</time>
   </trkpt>
   <trkpt lat="53.8355700" lon="-1.5803280">
    <ele>94.0</ele>
    <time>2022-02-10T16:11:10Z</time>
   </trkpt>
   <trkpt lat="53.8355820" lon="-1.5803190">
    <ele>93.9</ele>
    <time>2022-02-10T16:11:11Z</time>
   </trkpt>
   <trkpt lat="53.8356090" lon="-1.5803000">
    <ele>93.9</ele>
    <time>2022-02-10T16:11:12Z</time>
   </trkpt>
   <trkpt lat="53.8356390" lon="-1.5802780">
    <ele>93.9</ele>
    <time>2022-02-10T16:11:13Z</time>
   </trkpt>
   <trkpt lat="53.8356640" lon="-1.5802590">
    <ele>93.8</ele>
    <time>2022-02-10T16:11:14Z</time>
   </trkpt>
   <trkpt lat="53.8356890" lon="-1.5802390">
    <ele>93.8</ele>
    <time>2022-02-10T16:11:15Z</time>
   </trkpt>
   <trkpt lat="53.8357140" lon="-1.5802190">
    <ele>93.8</ele>
    <time>2022-02-10T16:11:16Z</time>
   </trkpt>
   <trkpt lat="53.8357500" lon="-1.5801940">
    <ele>93.3</ele>
    <time>2022-02-10T16:11:17Z</time>
   </trkpt>
   <trkpt lat="53.8357610" lon="-1.5801860">
    <ele>93.2</ele>
    <time>2022-02-10T16:11:18Z</time>
   </trkpt>
   <trkpt lat="53.8357910" lon="-1.5801640">
    <ele>92.9</ele>
    <time>2022-02-10T16:11:19Z</time>
   </trkpt>
   <trkpt lat="53.8358000" lon="-1.5801560">
    <ele>92.8</ele>
    <time>2022-02-10T16:11:20Z</time>
   </trkpt>
   <trkpt lat="53.8358270" lon="-1.5801350">
    <ele>92.5</ele>
    <time>2022-02-10T16:11:21Z</time>
   </trkpt>
   <trkpt lat="53.8358360" lon="-1.5801290">
    <ele>92.4</ele>
    <time>2022-02-10T16:11:22Z</time>
   </trkpt>
   <trkpt lat="53.8358640" lon="-1.5801120">
    <ele>92.0</ele>
    <time>2022-02-10T16:11:23Z</time>
   </trkpt>
   <trkpt lat="53.8358740" lon="-1.5801070">
    <ele>91.9</ele>
    <time>2022-02-10T16:11:24Z</time>
   </trkpt>
   <trkpt lat="53.8359050" lon="-1.5800960">
    <ele>91.4</ele>
    <time>2022-02-10T16:11:25Z</time>
   </trkpt>
   <trkpt lat="53.8359150" lon="-1.5800930">
    <ele>91.3</ele>
    <time>2022-02-10T16:11:26Z</time>
   </trkpt>
   <trkpt lat="53.8359490" lon="-1.5800830">
    <ele>90.8</ele>
    <time>2022-02-10T16:11:27Z</time>
   </trkpt>
   <trkpt lat="53.8359610" lon="-1.5800790">
    <ele>90.6</ele>
    <time>2022-02-10T16:11:28Z</time>
   </trkpt>
   <trkpt lat="53.8359920" lon="-1.5800560">
    <ele>90.1</ele>
    <time>2022-02-10T16:11:29Z</time>
   </trkpt>
   <trkpt lat="53.8360020" lon="-1.5800460">
    <ele>89.9</ele>
    <time>2022-02-10T16:11:30Z</time>
   </trkpt>
   <trkpt lat="53.8360260" lon="-1.5800040">
    <ele>89.3</ele>
    <time>2022-02-10T16:11:31Z</time>
   </trkpt>
   <trkpt lat="53.8360340" lon="-1.5799880">
    <ele>89.1</ele>
    <time>2022-02-10T16:11:32Z</time>
   </trkpt>
   <trkpt lat="53.8360590" lon="-1.5799390">
    <ele>88.4</ele>
    <time>2022-02-10T16:11:33Z</time>
   </trkpt>
   <trkpt lat="53.8360680" lon="-1.5799230">
    <ele>88.2</ele>
    <time>2022-02-10T16:11:34Z</time>
   </trkpt>
   <trkpt lat="53.8360880" lon="-1.5798900">
    <ele>87.7</ele>
    <time>2022-02-10T16:11:35Z</time>
   </trkpt>
   <trkpt lat="53.8361180" lon="-1.5798520">
    <ele>86.9</ele>
    <time>2022-02-10T16:11:36Z</time>
   </trkpt>
   <trkpt lat="53.8361290" lon="-1.5798400">
    <ele>86.6</ele>
    <time>2022-02-10T16:11:37Z</time>
   </trkpt>
   <trkpt lat="53.8361530" lon="-1.5798170">
    <ele>86.1</ele>
    <time>2022-02-10T16:11:38Z</time>
   </trkpt>
   <trkpt lat="53.8361880" lon="-1.5797860">
    <ele>85.2</ele>
    <time>2022-02-10T16:11:39Z</time>
   </trkpt>
   <trkpt lat="53.8362000" lon="-1.5797760">
    <ele>85.0</ele>
    <time>2022-02-10T16:11:40Z</time>
   </trkpt>
   <trkpt lat="53.8362330" lon="-1.5797450">
    <ele>84.3</ele>
    <time>2022-02-10T16:11:41Z</time>
   </trkpt>
   <trkpt lat="53.8362440" lon="-1.5797340">
    <ele>84.0</ele>
    <time>2022-02-10T16:11:42Z</time>
   </trkpt>
   <trkpt lat="53.8362800" lon="-1.5797040">
    <ele>83.4</ele>
    <time>2022-02-10T16:11:43Z</time>
   </trkpt>
   <trkpt lat="53.8362930" lon="-1.5796940">
    <ele>83.1</ele>
    <time>2022-02-10T16:11:44Z</time>
   </trkpt>
   <trkpt lat="53.8363180" lon="-1.5796760">
    <ele>82.8</ele>
    <time>2022-02-10T16:11:45Z</time>
   </trkpt>
   <trkpt lat="53.8363430" lon="-1.5796560">
    <ele>82.5</ele>
    <time>2022-02-10T16:11:46Z</time>
   </trkpt>
   <trkpt lat="53.8363800" lon="-1.5796280">
    <ele>82.2</ele>
    <time>2022-02-10T16:11:47Z</time>
   </trkpt>
   <trkpt lat="53.8363930" lon="-1.5796180">
    <ele>82.0</ele>
    <time>2022-02-10T16:11:48Z</time>
   </trkpt>
   <trkpt lat="53.8364180" lon="-1.5796000">
    <ele>81.9</ele>
    <time>2022-02-10T16:11:49Z</time>
   </trkpt>
   <trkpt lat="53.8364530" lon="-1.5795780">
    <ele>81.9</ele>
    <time>2022-02-10T16:11:50Z</time>
   </trkpt>
   <trkpt lat="53.8364640" lon="-1.5795700">
    <ele>81.9</ele>
    <time>2022-02-10T16:11:51Z</time>
   </trkpt>
   <trkpt lat="53.8365010" lon="-1.5795520">
    <ele>82.0</ele>
    <time>2022-02-10T16:11:52Z</time>
   </trkpt>
   <trkpt lat="53.8365140" lon="-1.5795460">
    <ele>82.0</ele>
    <time>2022-02-10T16:11:53Z</time>
   </trkpt>
   <trkpt lat="53.8365410" lon="-1.5795380">
    <ele>82.1</ele>
    <time>2022-02-10T16:11:54Z</time>
   </trkpt>
   <trkpt lat="53.8365820" lon="-1.5795370">
    <ele>82.2</ele>
    <time>2022-02-10T16:11:55Z</time>
   </trkpt>
   <trkpt lat="53.8365960" lon="-1.5795390">
    <ele>82.2</ele>
    <time>2022-02-10T16:11:56Z</time>
   </trkpt>
   <trkpt lat="53.8366230" lon="-1.5795440">
    <ele>82.3</ele>
    <time>2022-02-10T16:11:57Z</time>
   </trkpt>
   <trkpt lat="53.8366610" lon="-1.5795520">
    <ele>82.4</ele>
    <time>2022-02-10T16:11:58Z</time>
   </trkpt>
   <trkpt lat="53.8366740" lon="-1.5795540">
    <ele>82.5</ele>
    <time>2022-02-10T16:11:59Z</time>
   </trkpt>
   <trkpt lat="53.8367090" lon="-1.5795570">
    <ele>82.6</ele>
    <time>2022-02-10T16:12:00Z</time>
   </trkpt>
   <trkpt lat="53.8367200" lon="-1.5795570">
    <ele>82.6</ele>
    <time>2022-02-10T16:12:01Z</time>
   </trkpt>
   <trkpt lat="53.8367560" lon="-1.5795540">
    <ele>82.8</ele>
    <time>2022-02-10T16:12:02Z</time>
   </trkpt>
   <trkpt lat="53.8367680" lon="-1.5795520">
    <ele>82.8</ele>
    <time>2022-02-10T16:12:03Z</time>
   </trkpt>
   <trkpt lat="53.8368070" lon="-1.5795440">
    <ele>82.9</ele>
    <time>2022-02-10T16:12:04Z</time>
   </trkpt>
   <trkpt lat="53.8368190" lon="-1.5795400">
    <ele>82.9</ele>
    <time>2022-02-10T16:12:05Z</time>
   </trkpt>
   <trkpt lat="53.8368590" lon="-1.5795170">
    <ele>83.0</ele>
    <time>2022-02-10T16:12:06Z</time>
   </trkpt>
   <trkpt lat="53.8368730" lon="-1.5795060">
    <ele>83.0</ele>
    <time>2022-02-10T16:12:07Z</time>
   </trkpt>
   <trkpt lat="53.8369210" lon="-1.5794550">
    <ele>82.9</ele>
    <time>2022-02-10T16:12:09Z</time>
   </trkpt>
   <trkpt lat="53.8369440" lon="-1.5794290">
    <ele>82.9</ele>
    <time>2022-02-10T16:12:10Z</time>
   </trkpt>
   <trkpt lat="53.8369760" lon="-1.5793870">
    <ele>82.8</ele>
    <time>2022-02-10T16:12:11Z</time>
   </trkpt>
   <trkpt lat="53.8369860" lon="-1.5793730">
    <ele>82.7</ele>
    <time>2022-02-10T16:12:12Z</time>
   </trkpt>
   <trkpt lat="53.8370080" lon="-1.5793440">
    <ele>82.7</ele>
    <time>2022-02-10T16:12:13Z</time>
   </trkpt>
   <trkpt lat="53.8370410" lon="-1.5793050">
    <ele>82.8</ele>
    <time>2022-02-10T16:12:14Z</time>
   </trkpt>
   <trkpt lat="53.8370520" lon="-1.5792930">
    <ele>82.9</ele>
    <time>2022-02-10T16:12:15Z</time>
   </trkpt>
   <trkpt lat="53.8370840" lon="-1.5792610">
    <ele>83.3</ele>
    <time>2022-02-10T16:12:16Z</time>
   </trkpt>
   <trkpt lat="53.8370950" lon="-1.5792500">
    <ele>83.5</ele>
    <time>2022-02-10T16:12:17Z</time>
   </trkpt>
   <trkpt lat="53.8371170" lon="-1.5792290">
    <ele>83.7</ele>
    <time>2022-02-10T16:12:18Z</time>
   </trkpt>
   <trkpt lat="53.8371570" lon="-1.5791950">
    <ele>84.3</ele>
    <time>2022-02-10T16:12:20Z</time>
   </trkpt>
   <trkpt lat="53.8371880" lon="-1.5791710">
    <ele>84.7</ele>
    <time>2022-02-10T16:12:21Z</time>
   </trkpt>
   <trkpt lat="53.8371990" lon="-1.5791620">
    <ele>84.9</ele>
    <time>2022-02-10T16:12:22Z</time>
   </trkpt>
   <trkpt lat="53.8372300" lon="-1.5791410">
    <ele>85.4</ele>
    <time>2022-02-10T16:12:23Z</time>
   </trkpt>
   <trkpt lat="53.8372400" lon="-1.5791350">
    <ele>85.5</ele>
    <time>2022-02-10T16:12:24Z</time>
   </trkpt>
   <trkpt lat="53.8372720" lon="-1.5791170">
    <ele>85.5</ele>
    <time>2022-02-10T16:12:25Z</time>
   </trkpt>
   <trkpt lat="53.8372820" lon="-1.5791120">
    <ele>82.8</ele>
    <time>2022-02-10T16:12:26Z</time>
   </trkpt>
   <trkpt lat="53.8373160" lon="-1.5790980">
    <ele>82.8</ele>
    <time>2022-02-10T16:12:27Z</time>
   </trkpt>
   <trkpt lat="53.8373270" lon="-1.5790930">
    <ele>82.8</ele>
    <time>2022-02-10T16:12:28Z</time>
   </trkpt>
   <trkpt lat="53.8373530" lon="-1.5790840">
    <ele>84.3</ele>
    <time>2022-02-10T16:12:29Z</time>
   </trkpt>
   <trkpt lat="53.8373970" lon="-1.5790680">
    <ele>84.3</ele>
    <time>2022-02-10T16:12:31Z</time>
   </trkpt>
   <trkpt lat="53.8374330" lon="-1.5790550">
    <ele>84.3</ele>
    <time>2022-02-10T16:12:32Z</time>
   </trkpt>
   <trkpt lat="53.8374440" lon="-1.5790510">
    <ele>85.6</ele>
    <time>2022-02-10T16:12:33Z</time>
   </trkpt>
   <trkpt lat="53.8374760" lon="-1.5790370">
    <ele>85.6</ele>
    <time>2022-02-10T16:12:34Z</time>
   </trkpt>
   <trkpt lat="53.8374870" lon="-1.5790310">
    <ele>85.6</ele>
    <time>2022-02-10T16:12:35Z</time>
   </trkpt>
   <trkpt lat="53.8375210" lon="-1.5790060">
    <ele>85.6</ele>
    <time>2022-02-10T16:12:36Z</time>
   </trkpt>
   <trkpt lat="53.8375330" lon="-1.5789970">
    <ele>85.6</ele>
    <time>2022-02-10T16:12:37Z</time>
   </trkpt>
   <trkpt lat="53.8375680" lon="-1.5789690">
    <ele>86.8</ele>
    <time>2022-02-10T16:12:38Z</time>
   </trkpt>
   <trkpt lat="53.8375800" lon="-1.5789590">
    <ele>86.8</ele>
    <time>2022-02-10T16:12:39Z</time>
   </trkpt>
   <trkpt lat="53.8376080" lon="-1.5789330">
    <ele>84.2</ele>
    <time>2022-02-10T16:12:40Z</time>
   </trkpt>
   <trkpt lat="53.8376340" lon="-1.5789060">
    <ele>84.2</ele>
    <time>2022-02-10T16:12:41Z</time>
   </trkpt>
   <trkpt lat="53.8376630" lon="-1.5788800">
    <ele>85.2</ele>
    <time>2022-02-10T16:12:42Z</time>
   </trkpt>
   <trkpt lat="53.8376910" lon="-1.5788550">
    <ele>85.2</ele>
    <time>2022-02-10T16:12:43Z</time>
   </trkpt>
   <trkpt lat="53.8377190" lon="-1.5788290">
    <ele>85.2</ele>
    <time>2022-02-10T16:12:44Z</time>
   </trkpt>
   <trkpt lat="53.8377450" lon="-1.5788050">
    <ele>86.0</ele>
    <time>2022-02-10T16:12:45Z</time>
   </trkpt>
   <trkpt lat="53.8377700" lon="-1.5787820">
    <ele>86.0</ele>
    <time>2022-02-10T16:12:46Z</time>
   </trkpt>
   <trkpt lat="53.8377950" lon="-1.5787600">
    <ele>83.6</ele>
    <time>2022-02-10T16:12:47Z</time>
   </trkpt>
   <trkpt lat="53.8378200" lon="-1.5787330">
    <ele>83.6</ele>
    <time>2022-02-10T16:12:48Z</time>
   </trkpt>
   <trkpt lat="53.8378430" lon="-1.5787040">
    <ele>84.4</ele>
    <time>2022-02-10T16:12:49Z</time>
   </trkpt>
   <trkpt lat="53.8378640" lon="-1.5786710">
    <ele>84.4</ele>
    <time>2022-02-10T16:12:50Z</time>
   </trkpt>
   <trkpt lat="53.8378860" lon="-1.5786380">
    <ele>84.4</ele>
    <time>2022-02-10T16:12:51Z</time>
   </trkpt>
   <trkpt lat="53.8379070" lon="-1.5786050">
    <ele>84.4</ele>
    <time>2022-02-10T16:12:52Z</time>
   </trkpt>
   <trkpt lat="53.8379300" lon="-1.5785730">
    <ele>82.2</ele>
    <time>2022-02-10T16:12:53Z</time>
   </trkpt>
   <trkpt lat="53.8379530" lon="-1.5785450">
    <ele>82.9</ele>
    <time>2022-02-10T16:12:54Z</time>
   </trkpt>
   <trkpt lat="53.8379780" lon="-1.5785160">
    <ele>82.9</ele>
    <time>2022-02-10T16:12:55Z</time>
   </trkpt>
   <trkpt lat="53.8380030" lon="-1.5784870">
    <ele>82.9</ele>
    <time>2022-02-10T16:12:56Z</time>
   </trkpt>
   <trkpt lat="53.8380250" lon="-1.5784580">
    <ele>82.9</ele>
    <time>2022-02-10T16:12:57Z</time>
   </trkpt>
   <trkpt lat="53.8380490" lon="-1.5784130">
    <ele>81.4</ele>
    <time>2022-02-10T16:12:58Z</time>
   </trkpt>
   <trkpt lat="53.8380550" lon="-1.5783970">
    <ele>81.4</ele>
    <time>2022-02-10T16:12:59Z</time>
   </trkpt>
   <trkpt lat="53.8380630" lon="-1.5783510">
    <ele>81.4</ele>
    <time>2022-02-10T16:13:00Z</time>
   </trkpt>
   <trkpt lat="53.8380630" lon="-1.5783360">
    <ele>81.4</ele>
    <time>2022-02-10T16:13:01Z</time>
   </trkpt>
   <trkpt lat="53.8380500" lon="-1.5782960">
    <ele>81.4</ele>
    <time>2022-02-10T16:13:02Z</time>
   </trkpt>
   <trkpt lat="53.8380420" lon="-1.5782840">
    <ele>80.8</ele>
    <time>2022-02-10T16:13:03Z</time>
   </trkpt>
   <trkpt lat="53.8380120" lon="-1.5782530">
    <ele>78.8</ele>
    <time>2022-02-10T16:13:04Z</time>
   </trkpt>
   <trkpt lat="53.8380020" lon="-1.5782430">
    <ele>78.8</ele>
    <time>2022-02-10T16:13:05Z</time>
   </trkpt>
   <trkpt lat="53.8379720" lon="-1.5782070">
    <ele>78.7</ele>
    <time>2022-02-10T16:13:06Z</time>
   </trkpt>
   <trkpt lat="53.8379640" lon="-1.5781930">
    <ele>78.7</ele>
    <time>2022-02-10T16:13:07Z</time>
   </trkpt>
   <trkpt lat="53.8379500" lon="-1.5781480">
    <ele>78.7</ele>
    <time>2022-02-10T16:13:08Z</time>
   </trkpt>
   <trkpt lat="53.8379480" lon="-1.5781330">
    <ele>78.7</ele>
    <time>2022-02-10T16:13:09Z</time>
   </trkpt>
   <trkpt lat="53.8379430" lon="-1.5780860">
    <ele>78.2</ele>
    <time>2022-02-10T16:13:10Z</time>
   </trkpt>
   <trkpt lat="53.8379420" lon="-1.5780700">
    <ele>78.0</ele>
    <time>2022-02-10T16:13:11Z</time>
   </trkpt>
   <trkpt lat="53.8379380" lon="-1.5780350">
    <ele>77.5</ele>
    <time>2022-02-10T16:13:12Z</time>
   </trkpt>
   <trkpt lat="53.8379250" lon="-1.5779790">
    <ele>76.7</ele>
    <time>2022-02-10T16:13:14Z</time>
   </trkpt>
   <trkpt lat="53.8379080" lon="-1.5779410">
    <ele>76.0</ele>
    <time>2022-02-10T16:13:15Z</time>
   </trkpt>
   <trkpt lat="53.8379020" lon="-1.5779290">
    <ele>75.8</ele>
    <time>2022-02-10T16:13:16Z</time>
   </trkpt>
   <trkpt lat="53.8378780" lon="-1.5778960">
    <ele>75.0</ele>
    <time>2022-02-10T16:13:17Z</time>
   </trkpt>
   <trkpt lat="53.8378700" lon="-1.5778850">
    <ele>74.7</ele>
    <time>2022-02-10T16:13:18Z</time>
   </trkpt>
   <trkpt lat="53.8378450" lon="-1.5778530">
    <ele>73.9</ele>
    <time>2022-02-10T16:13:19Z</time>
   </trkpt>
   <trkpt lat="53.8378360" lon="-1.5778400">
    <ele>73.6</ele>
    <time>2022-02-10T16:13:20Z</time>
   </trkpt>
   <trkpt lat="53.8378150" lon="-1.5777990">
    <ele>72.8</ele>
    <time>2022-02-10T16:13:21Z</time>
   </trkpt>
   <trkpt lat="53.8378080" lon="-1.5777850">
    <ele>72.5</ele>
    <time>2022-02-10T16:13:22Z</time>
   </trkpt>
   <trkpt lat="53.8377940" lon="-1.5777410">
    <ele>72.2</ele>
    <time>2022-02-10T16:13:23Z</time>
   </trkpt>
   <trkpt lat="53.8377910" lon="-1.5777270">
    <ele>72.0</ele>
    <time>2022-02-10T16:13:24Z</time>
   </trkpt>
   <trkpt lat="53.8377870" lon="-1.5777000">
    <ele>71.6</ele>
    <time>2022-02-10T16:13:25Z</time>
   </trkpt>
   <trkpt lat="53.8377870" lon="-1.5776700">
    <ele>71.3</ele>
    <time>2022-02-10T16:13:26Z</time>
   </trkpt>
   <trkpt lat="53.8377890" lon="-1.5776450">
    <ele>71.0</ele>
    <time>2022-02-10T16:13:27Z</time>
   </trkpt>
   <trkpt lat="53.8377890" lon="-1.5776230">
    <ele>70.7</ele>
    <time>2022-02-10T16:13:28Z</time>
   </trkpt>
   <trkpt lat="53.8377820" lon="-1.5775890">
    <ele>70.3</ele>
    <time>2022-02-10T16:13:29Z</time>
   </trkpt>
   <trkpt lat="53.8377770" lon="-1.5775750">
    <ele>70.1</ele>
    <time>2022-02-10T16:13:30Z</time>
   </trkpt>
   <trkpt lat="53.8377710" lon="-1.5775620">
    <ele>69.8</ele>
    <time>2022-02-10T16:13:31Z</time>
   </trkpt>
   <trkpt lat="53.8377620" lon="-1.5775440">
    <ele>69.1</ele>
    <time>2022-02-10T16:13:32Z</time>
   </trkpt>
   <trkpt lat="53.8377540" lon="-1.5775190">
    <ele>69.1</ele>
    <time>2022-02-10T16:13:33Z</time>
   </trkpt>
   <trkpt lat="53.8377510" lon="-1.5774920">
    <ele>69.1</ele>
    <time>2022-02-10T16:13:34Z</time>
   </trkpt>
   <trkpt lat="53.8377490" lon="-1.5774630">
    <ele>69.2</ele>
    <time>2022-02-10T16:13:35Z</time>
   </trkpt>
   <trkpt lat="53.8377530" lon="-1.5774170">
    <ele>69.2</ele>
    <time>2022-02-10T16:13:36Z</time>
   </trkpt>
   <trkpt lat="53.8377550" lon="-1.5774020">
    <ele>69.2</ele>
    <time>2022-02-10T16:13:37Z</time>
   </trkpt>
   <trkpt lat="53.8377670" lon="-1.5773590">
    <ele>69.2</ele>
    <time>2022-02-10T16:13:38Z</time>
   </trkpt>
   <trkpt lat="53.8377710" lon="-1.5773450">
    <ele>69.2</ele>
    <time>2022-02-10T16:13:39Z</time>
   </trkpt>
   <trkpt lat="53.8377870" lon="-1.5773040">
    <ele>69.3</ele>
    <time>2022-02-10T16:13:40Z</time>
   </trkpt>
   <trkpt lat="53.8377930" lon="-1.5772900">
    <ele>69.3</ele>
    <time>2022-02-10T16:13:41Z</time>
   </trkpt>
   <trkpt lat="53.8378160" lon="-1.5772420">
    <ele>69.4</ele>
    <time>2022-02-10T16:13:42Z</time>
   </trkpt>
   <trkpt lat="53.8378260" lon="-1.5772250">
    <ele>69.5</ele>
    <time>2022-02-10T16:13:43Z</time>
   </trkpt>
   <trkpt lat="53.8378480" lon="-1.5771920">
    <ele>69.6</ele>
    <time>2022-02-10T16:13:44Z</time>
   </trkpt>
   <trkpt lat="53.8378750" lon="-1.5771620">
    <ele>69.8</ele>
    <time>2022-02-10T16:13:45Z</time>
   </trkpt>
   <trkpt lat="53.8379000" lon="-1.5771330">
    <ele>69.9</ele>
    <time>2022-02-10T16:13:46Z</time>
   </trkpt>
   <trkpt lat="53.8379280" lon="-1.5771070">
    <ele>70.1</ele>
    <time>2022-02-10T16:13:47Z</time>
   </trkpt>
   <trkpt lat="53.8379550" lon="-1.5770810">
    <ele>70.2</ele>
    <time>2022-02-10T16:13:48Z</time>
   </trkpt>
   <trkpt lat="53.8379830" lon="-1.5770580">
    <ele>70.4</ele>
    <time>2022-02-10T16:13:49Z</time>
   </trkpt>
   <trkpt lat="53.8380100" lon="-1.5770350">
    <ele>70.5</ele>
    <time>2022-02-10T16:13:50Z</time>
   </trkpt>
   <trkpt lat="53.8380400" lon="-1.5770160">
    <ele>70.6</ele>
    <time>2022-02-10T16:13:51Z</time>
   </trkpt>
   <trkpt lat="53.8380710" lon="-1.5769990">
    <ele>70.7</ele>
    <time>2022-02-10T16:13:52Z</time>
   </trkpt>
   <trkpt lat="53.8381030" lon="-1.5769820">
    <ele>70.8</ele>
    <time>2022-02-10T16:13:53Z</time>
   </trkpt>
   <trkpt lat="53.8381370" lon="-1.5769610">
    <ele>70.9</ele>
    <time>2022-02-10T16:13:54Z</time>
   </trkpt>
   <trkpt lat="53.8381700" lon="-1.5769370">
    <ele>71.0</ele>
    <time>2022-02-10T16:13:55Z</time>
   </trkpt>
   <trkpt lat="53.8382010" lon="-1.5769120">
    <ele>71.1</ele>
    <time>2022-02-10T16:13:56Z</time>
   </trkpt>
   <trkpt lat="53.8382350" lon="-1.5768870">
    <ele>71.1</ele>
    <time>2022-02-10T16:13:57Z</time>
   </trkpt>
   <trkpt lat="53.8382700" lon="-1.5768640">
    <ele>71.2</ele>
    <time>2022-02-10T16:13:58Z</time>
   </trkpt>
   <trkpt lat="53.8383060" lon="-1.5768430">
    <ele>71.2</ele>
    <time>2022-02-10T16:13:59Z</time>
   </trkpt>
   <trkpt lat="53.8383410" lon="-1.5768240">
    <ele>71.3</ele>
    <time>2022-02-10T16:14:00Z</time>
   </trkpt>
   <trkpt lat="53.8383750" lon="-1.5768040">
    <ele>71.3</ele>
    <time>2022-02-10T16:14:01Z</time>
   </trkpt>
   <trkpt lat="53.8384070" lon="-1.5767880">
    <ele>71.4</ele>
    <time>2022-02-10T16:14:02Z</time>
   </trkpt>
   <trkpt lat="53.8384390" lon="-1.5767760">
    <ele>71.4</ele>
    <time>2022-02-10T16:14:03Z</time>
   </trkpt>
   <trkpt lat="53.8384710" lon="-1.5767680">
    <ele>71.4</ele>
    <time>2022-02-10T16:14:04Z</time>
   </trkpt>
   <trkpt lat="53.8385030" lon="-1.5767640">
    <ele>71.4</ele>
    <time>2022-02-10T16:14:05Z</time>
   </trkpt>
   <trkpt lat="53.8385350" lon="-1.5767600">
    <ele>71.4</ele>
    <time>2022-02-10T16:14:06Z</time>
   </trkpt>
   <trkpt lat="53.8385650" lon="-1.5767550">
    <ele>71.4</ele>
    <time>2022-02-10T16:14:07Z</time>
   </trkpt>
   <trkpt lat="53.8385940" lon="-1.5767470">
    <ele>71.4</ele>
    <time>2022-02-10T16:14:08Z</time>
   </trkpt>
   <trkpt lat="53.8386210" lon="-1.5767380">
    <ele>71.3</ele>
    <time>2022-02-10T16:14:09Z</time>
   </trkpt>
   <trkpt lat="53.8386490" lon="-1.5767320">
    <ele>71.3</ele>
    <time>2022-02-10T16:14:10Z</time>
   </trkpt>
   <trkpt lat="53.8386760" lon="-1.5767280">
    <ele>71.2</ele>
    <time>2022-02-10T16:14:11Z</time>
   </trkpt>
   <trkpt lat="53.8387170" lon="-1.5767250">
    <ele>71.2</ele>
    <time>2022-02-10T16:14:12Z</time>
   </trkpt>
   <trkpt lat="53.8387310" lon="-1.5767240">
    <ele>71.1</ele>
    <time>2022-02-10T16:14:13Z</time>
   </trkpt>
   <trkpt lat="53.8387590" lon="-1.5767240">
    <ele>71.1</ele>
    <time>2022-02-10T16:14:14Z</time>
   </trkpt>
   <trkpt lat="53.8387870" lon="-1.5767240">
    <ele>71.0</ele>
    <time>2022-02-10T16:14:15Z</time>
   </trkpt>
   <trkpt lat="53.8388150" lon="-1.5767250">
    <ele>70.9</ele>
    <time>2022-02-10T16:14:16Z</time>
   </trkpt>
   <trkpt lat="53.8388440" lon="-1.5767280">
    <ele>70.9</ele>
    <time>2022-02-10T16:14:17Z</time>
   </trkpt>
   <trkpt lat="53.8388720" lon="-1.5767310">
    <ele>70.8</ele>
    <time>2022-02-10T16:14:18Z</time>
   </trkpt>
   <trkpt lat="53.8389010" lon="-1.5767300">
    <ele>70.7</ele>
    <time>2022-02-10T16:14:19Z</time>
   </trkpt>
   <trkpt lat="53.8389290" lon="-1.5767260">
    <ele>70.7</ele>
    <time>2022-02-10T16:14:20Z</time>
   </trkpt>
   <trkpt lat="53.8389590" lon="-1.5767170">
    <ele>70.6</ele>
    <time>2022-02-10T16:14:21Z</time>
   </trkpt>
   <trkpt lat="53.8389880" lon="-1.5767070">
    <ele>70.5</ele>
    <time>2022-02-10T16:14:22Z</time>
   </trkpt>
   <trkpt lat="53.8390170" lon="-1.5766950">
    <ele>70.5</ele>
    <time>2022-02-10T16:14:23Z</time>
   </trkpt>
   <trkpt lat="53.8390480" lon="-1.5766810">
    <ele>70.4</ele>
    <time>2022-02-10T16:14:24Z</time>
   </trkpt>
   <trkpt lat="53.8390780" lon="-1.5766680">
    <ele>70.3</ele>
    <time>2022-02-10T16:14:25Z</time>
   </trkpt>
   <trkpt lat="53.8391080" lon="-1.5766530">
    <ele>70.2</ele>
    <time>2022-02-10T16:14:26Z</time>
   </trkpt>
   <trkpt lat="53.8391370" lon="-1.5766370">
    <ele>70.1</ele>
    <time>2022-02-10T16:14:27Z</time>
   </trkpt>
   <trkpt lat="53.8391660" lon="-1.5766210">
    <ele>70.0</ele>
    <time>2022-02-10T16:14:28Z</time>
   </trkpt>
   <trkpt lat="53.8391950" lon="-1.5766060">
    <ele>69.9</ele>
    <time>2022-02-10T16:14:29Z</time>
   </trkpt>
   <trkpt lat="53.8392210" lon="-1.5765890">
    <ele>69.8</ele>
    <time>2022-02-10T16:14:30Z</time>
   </trkpt>
   <trkpt lat="53.8392590" lon="-1.5765640">
    <ele>69.6</ele>
    <time>2022-02-10T16:14:31Z</time>
   </trkpt>
   <trkpt lat="53.8392710" lon="-1.5765560">
    <ele>69.6</ele>
    <time>2022-02-10T16:14:32Z</time>
   </trkpt>
   <trkpt lat="53.8392980" lon="-1.5765420">
    <ele>69.6</ele>
    <time>2022-02-10T16:14:33Z</time>
   </trkpt>
   <trkpt lat="53.8393360" lon="-1.5765230">
    <ele>69.6</ele>
    <time>2022-02-10T16:14:34Z</time>
   </trkpt>
   <trkpt lat="53.8393490" lon="-1.5765170">
    <ele>69.6</ele>
    <time>2022-02-10T16:14:35Z</time>
   </trkpt>
   <trkpt lat="53.8393770" lon="-1.5765080">
    <ele>69.6</ele>
    <time>2022-02-10T16:14:36Z</time>
   </trkpt>
   <trkpt lat="53.8394040" lon="-1.5765010">
    <ele>69.6</ele>
    <time>2022-02-10T16:14:37Z</time>
   </trkpt>
   <trkpt lat="53.8394440" lon="-1.5764920">
    <ele>69.6</ele>
    <time>2022-02-10T16:14:38Z</time>
   </trkpt>
   <trkpt lat="53.8394570" lon="-1.5764880">
    <ele>69.6</ele>
    <time>2022-02-10T16:14:39Z</time>
   </trkpt>
   <trkpt lat="53.8394950" lon="-1.5764770">
    <ele>69.6</ele>
    <time>2022-02-10T16:14:40Z</time>
   </trkpt>
   <trkpt lat="53.8395080" lon="-1.5764740">
    <ele>69.6</ele>
    <time>2022-02-10T16:14:41Z</time>
   </trkpt>
   <trkpt lat="53.8395480" lon="-1.5764640">
    <ele>69.6</ele>
    <time>2022-02-10T16:14:42Z</time>
   </trkpt>
   <trkpt lat="53.8395620" lon="-1.5764610">
    <ele>69.6</ele>
    <time>2022-02-10T16:14:43Z</time>
   </trkpt>
   <trkpt lat="53.8395900" lon="-1.5764550">
    <ele>69.7</ele>
    <time>2022-02-10T16:14:44Z</time>
   </trkpt>
   <trkpt lat="53.8396200" lon="-1.5764500">
    <ele>69.7</ele>
    <time>2022-02-10T16:14:45Z</time>
   </trkpt>
   <trkpt lat="53.8396500" lon="-1.5764510">
    <ele>69.8</ele>
    <time>2022-02-10T16:14:46Z</time>
   </trkpt>
   <trkpt lat="53.8396810" lon="-1.5764560">
    <ele>69.8</ele>
    <time>2022-02-10T16:14:47Z</time>
   </trkpt>
   <trkpt lat="53.8397110" lon="-1.5764630">
    <ele>69.8</ele>
    <time>2022-02-10T16:14:48Z</time>
   </trkpt>
   <trkpt lat="53.8397420" lon="-1.5764710">
    <ele>69.9</ele>
    <time>2022-02-10T16:14:49Z</time>
   </trkpt>
   <trkpt lat="53.8397730" lon="-1.5764760">
    <ele>69.9</ele>
    <time>2022-02-10T16:14:50Z</time>
   </trkpt>
   <trkpt lat="53.8398040" lon="-1.5764760">
    <ele>69.9</ele>
    <time>2022-02-10T16:14:51Z</time>
   </trkpt>
   <trkpt lat="53.8398350" lon="-1.5764710">
    <ele>70.0</ele>
    <time>2022-02-10T16:14:52Z</time>
   </trkpt>
   <trkpt lat="53.8398640" lon="-1.5764600">
    <ele>70.0</ele>
    <time>2022-02-10T16:14:53Z</time>
   </trkpt>
   <trkpt lat="53.8398930" lon="-1.5764460">
    <ele>70.1</ele>
    <time>2022-02-10T16:14:54Z</time>
   </trkpt>
   <trkpt lat="53.8399200" lon="-1.5764290">
    <ele>70.1</ele>
    <time>2022-02-10T16:14:55Z</time>
   </trkpt>
   <trkpt lat="53.8399470" lon="-1.5764090">
    <ele>70.1</ele>
    <time>2022-02-10T16:14:56Z</time>
   </trkpt>
   <trkpt lat="53.8399730" lon="-1.5763840">
    <ele>70.2</ele>
    <time>2022-02-10T16:14:57Z</time>
   </trkpt>
   <trkpt lat="53.8399970" lon="-1.5763540">
    <ele>70.2</ele>
    <time>2022-02-10T16:14:58Z</time>
   </trkpt>
   <trkpt lat="53.8400190" lon="-1.5763210">
    <ele>70.3</ele>
    <time>2022-02-10T16:14:59Z</time>
   </trkpt>
   <trkpt lat="53.8400390" lon="-1.5762840">
    <ele>70.3</ele>
    <time>2022-02-10T16:15:00Z</time>
   </trkpt>
   <trkpt lat="53.8400580" lon="-1.5762460">
    <ele>70.3</ele>
    <time>2022-02-10T16:15:01Z</time>
   </trkpt>
   <trkpt lat="53.8400770" lon="-1.5762070">
    <ele>70.4</ele>
    <time>2022-02-10T16:15:02Z</time>
   </trkpt>
   <trkpt lat="53.8400940" lon="-1.5761680">
    <ele>70.4</ele>
    <time>2022-02-10T16:15:03Z</time>
   </trkpt>
   <trkpt lat="53.8401110" lon="-1.5761280">
    <ele>70.4</ele>
    <time>2022-02-10T16:15:04Z</time>
   </trkpt>
   <trkpt lat="53.8401270" lon="-1.5760870">
    <ele>70.5</ele>
    <time>2022-02-10T16:15:05Z</time>
   </trkpt>
   <trkpt lat="53.8401430" lon="-1.5760430">
    <ele>70.6</ele>
    <time>2022-02-10T16:15:06Z</time>
   </trkpt>
   <trkpt lat="53.8401570" lon="-1.5759990">
    <ele>70.6</ele>
    <time>2022-02-10T16:15:07Z</time>
   </trkpt>
   <trkpt lat="53.8401720" lon="-1.5759560">
    <ele>70.7</ele>
    <time>2022-02-10T16:15:08Z</time>
   </trkpt>
   <trkpt lat="53.8401890" lon="-1.5759160">
    <ele>70.7</ele>
    <time>2022-02-10T16:15:09Z</time>
   </trkpt>
   <trkpt lat="53.8402090" lon="-1.5758820">
    <ele>70.8</ele>
    <time>2022-02-10T16:15:10Z</time>
   </trkpt>
   <trkpt lat="53.8402300" lon="-1.5758540">
    <ele>70.8</ele>
    <time>2022-02-10T16:15:11Z</time>
   </trkpt>
   <trkpt lat="53.8402670" lon="-1.5758290">
    <ele>70.9</ele>
    <time>2022-02-10T16:15:12Z</time>
   </trkpt>
   <trkpt lat="53.8402800" lon="-1.5758220">
    <ele>70.9</ele>
    <time>2022-02-10T16:15:13Z</time>
   </trkpt>
   <trkpt lat="53.8403070" lon="-1.5758170">
    <ele>70.9</ele>
    <time>2022-02-10T16:15:14Z</time>
   </trkpt>
   <trkpt lat="53.8403470" lon="-1.5758210">
    <ele>71.0</ele>
    <time>2022-02-10T16:15:15Z</time>
   </trkpt>
   <trkpt lat="53.8403610" lon="-1.5758240">
    <ele>71.0</ele>
    <time>2022-02-10T16:15:16Z</time>
   </trkpt>
   <trkpt lat="53.8403890" lon="-1.5758310">
    <ele>71.1</ele>
    <time>2022-02-10T16:15:17Z</time>
   </trkpt>
   <trkpt lat="53.8404170" lon="-1.5758380">
    <ele>71.2</ele>
    <time>2022-02-10T16:15:18Z</time>
   </trkpt>
   <trkpt lat="53.8404460" lon="-1.5758420">
    <ele>71.3</ele>
    <time>2022-02-10T16:15:19Z</time>
   </trkpt>
   <trkpt lat="53.8404740" lon="-1.5758430">
    <ele>71.4</ele>
    <time>2022-02-10T16:15:20Z</time>
   </trkpt>
   <trkpt lat="53.8405050" lon="-1.5758370">
    <ele>71.6</ele>
    <time>2022-02-10T16:15:21Z</time>
   </trkpt>
   <trkpt lat="53.8405580" lon="-1.5758190">
    <ele>71.9</ele>
    <time>2022-02-10T16:15:23Z</time>
   </trkpt>
   <trkpt lat="53.8405840" lon="-1.5758020">
    <ele>72.1</ele>
    <time>2022-02-10T16:15:24Z</time>
   </trkpt>
   <trkpt lat="53.8406100" lon="-1.5757800">
    <ele>72.3</ele>
    <time>2022-02-10T16:15:25Z</time>
   </trkpt>
   <trkpt lat="53.8406340" lon="-1.5757540">
    <ele>72.4</ele>
    <time>2022-02-10T16:15:26Z</time>
   </trkpt>
   <trkpt lat="53.8406590" lon="-1.5757270">
    <ele>72.6</ele>
    <time>2022-02-10T16:15:27Z</time>
   </trkpt>
   <trkpt lat="53.8406820" lon="-1.5757020">
    <ele>72.8</ele>
    <time>2022-02-10T16:15:28Z</time>
   </trkpt>
   <trkpt lat="53.8407160" lon="-1.5756660">
    <ele>73.0</ele>
    <time>2022-02-10T16:15:29Z</time>
   </trkpt>
   <trkpt lat="53.8407270" lon="-1.5756550">
    <ele>73.1</ele>
    <time>2022-02-10T16:15:30Z</time>
   </trkpt>
   <trkpt lat="53.8407600" lon="-1.5756250">
    <ele>73.3</ele>
    <time>2022-02-10T16:15:31Z</time>
   </trkpt>
   <trkpt lat="53.8407710" lon="-1.5756150">
    <ele>73.4</ele>
    <time>2022-02-10T16:15:32Z</time>
   </trkpt>
   <trkpt lat="53.8408030" lon="-1.5755940">
    <ele>73.6</ele>
    <time>2022-02-10T16:15:33Z</time>
   </trkpt>
   <trkpt lat="53.8408140" lon="-1.5755880">
    <ele>73.6</ele>
    <time>2022-02-10T16:15:34Z</time>
   </trkpt>
   <trkpt lat="53.8408480" lon="-1.5755860">
    <ele>73.8</ele>
    <time>2022-02-10T16:15:35Z</time>
   </trkpt>
   <trkpt lat="53.8408590" lon="-1.5755890">
    <ele>73.8</ele>
    <time>2022-02-10T16:15:36Z</time>
   </trkpt>
   <trkpt lat="53.8408930" lon="-1.5756120">
    <ele>73.9</ele>
    <time>2022-02-10T16:15:37Z</time>
   </trkpt>
   <trkpt lat="53.8409050" lon="-1.5756220">
    <ele>73.9</ele>
    <time>2022-02-10T16:15:38Z</time>
   </trkpt>
   <trkpt lat="53.8409290" lon="-1.5756450">
    <ele>73.9</ele>
    <time>2022-02-10T16:15:39Z</time>
   </trkpt>
   <trkpt lat="53.8409610" lon="-1.5756830">
    <ele>74.0</ele>
    <time>2022-02-10T16:15:40Z</time>
   </trkpt>
   <trkpt lat="53.8409710" lon="-1.5756960">
    <ele>74.0</ele>
    <time>2022-02-10T16:15:41Z</time>
   </trkpt>
   <trkpt lat="53.8409990" lon="-1.5757390">
    <ele>74.0</ele>
    <time>2022-02-10T16:15:42Z</time>
   </trkpt>
   <trkpt lat="53.8410080" lon="-1.5757530">
    <ele>74.0</ele>
    <time>2022-02-10T16:15:43Z</time>
   </trkpt>
   <trkpt lat="53.8410330" lon="-1.5758000">
    <ele>74.0</ele>
    <time>2022-02-10T16:15:44Z</time>
   </trkpt>
   <trkpt lat="53.8410400" lon="-1.5758150">
    <ele>74.0</ele>
    <time>2022-02-10T16:15:45Z</time>
   </trkpt>
   <trkpt lat="53.8410620" lon="-1.5758620">
    <ele>74.0</ele>
    <time>2022-02-10T16:15:46Z</time>
   </trkpt>
   <trkpt lat="53.8410690" lon="-1.5758780">
    <ele>74.0</ele>
    <time>2022-02-10T16:15:47Z</time>
   </trkpt>
   <trkpt lat="53.8410910" lon="-1.5759210">
    <ele>74.1</ele>
    <time>2022-02-10T16:15:48Z</time>
   </trkpt>
   <trkpt lat="53.8410990" lon="-1.5759340">
    <ele>74.1</ele>
    <time>2022-02-10T16:15:49Z</time>
   </trkpt>
   <trkpt lat="53.8411260" lon="-1.5759640">
    <ele>74.1</ele>
    <time>2022-02-10T16:15:50Z</time>
   </trkpt>
   <trkpt lat="53.8411350" lon="-1.5759710">
    <ele>74.1</ele>
    <time>2022-02-10T16:15:51Z</time>
   </trkpt>
   <trkpt lat="53.8411670" lon="-1.5759880">
    <ele>74.2</ele>
    <time>2022-02-10T16:15:52Z</time>
   </trkpt>
   <trkpt lat="53.8411780" lon="-1.5759930">
    <ele>74.2</ele>
    <time>2022-02-10T16:15:53Z</time>
   </trkpt>
   <trkpt lat="53.8412120" lon="-1.5760150">
    <ele>74.3</ele>
    <time>2022-02-10T16:15:54Z</time>
   </trkpt>
   <trkpt lat="53.8412230" lon="-1.5760240">
    <ele>74.4</ele>
    <time>2022-02-10T16:15:55Z</time>
   </trkpt>
   <trkpt lat="53.8412560" lon="-1.5760530">
    <ele>74.5</ele>
    <time>2022-02-10T16:15:56Z</time>
   </trkpt>
   <trkpt lat="53.8412670" lon="-1.5760630">
    <ele>74.6</ele>
    <time>2022-02-10T16:15:57Z</time>
   </trkpt>
   <trkpt lat="53.8413020" lon="-1.5760930">
    <ele>74.7</ele>
    <time>2022-02-10T16:15:58Z</time>
   </trkpt>
   <trkpt lat="53.8413150" lon="-1.5761030">
    <ele>74.8</ele>
    <time>2022-02-10T16:15:59Z</time>
   </trkpt>
   <trkpt lat="53.8413390" lon="-1.5761290">
    <ele>75.0</ele>
    <time>2022-02-10T16:16:00Z</time>
   </trkpt>
   <trkpt lat="53.8413650" lon="-1.5761560">
    <ele>75.1</ele>
    <time>2022-02-10T16:16:01Z</time>
   </trkpt>
   <trkpt lat="53.8413910" lon="-1.5761820">
    <ele>75.3</ele>
    <time>2022-02-10T16:16:02Z</time>
   </trkpt>
   <trkpt lat="53.8414180" lon="-1.5762080">
    <ele>75.5</ele>
    <time>2022-02-10T16:16:03Z</time>
   </trkpt>
   <trkpt lat="53.8414440" lon="-1.5762320">
    <ele>75.8</ele>
    <time>2022-02-10T16:16:04Z</time>
   </trkpt>
   <trkpt lat="53.8414710" lon="-1.5762550">
    <ele>76.0</ele>
    <time>2022-02-10T16:16:05Z</time>
   </trkpt>
   <trkpt lat="53.8414980" lon="-1.5762770">
    <ele>76.3</ele>
    <time>2022-02-10T16:16:06Z</time>
   </trkpt>
   <trkpt lat="53.8415250" lon="-1.5762980">
    <ele>76.5</ele>
    <time>2022-02-10T16:16:07Z</time>
   </trkpt>
   <trkpt lat="53.8415540" lon="-1.5763200">
    <ele>76.8</ele>
    <time>2022-02-10T16:16:08Z</time>
   </trkpt>
   <trkpt lat="53.8415820" lon="-1.5763430">
    <ele>77.1</ele>
    <time>2022-02-10T16:16:09Z</time>
   </trkpt>
   <trkpt lat="53.8416100" lon="-1.5763640">
    <ele>77.4</ele>
    <time>2022-02-10T16:16:10Z</time>
   </trkpt>
   <trkpt lat="53.8416380" lon="-1.5763850">
    <ele>77.6</ele>
    <time>2022-02-10T16:16:11Z</time>
   </trkpt>
   <trkpt lat="53.8416650" lon="-1.5764080">
    <ele>77.9</ele>
    <time>2022-02-10T16:16:12Z</time>
   </trkpt>
   <trkpt lat="53.8416910" lon="-1.5764320">
    <ele>78.2</ele>
    <time>2022-02-10T16:16:13Z</time>
   </trkpt>
   <trkpt lat="53.8417160" lon="-1.5764590">
    <ele>78.4</ele>
    <time>2022-02-10T16:16:14Z</time>
   </trkpt>
   <trkpt lat="53.8417400" lon="-1.5764850">
    <ele>78.7</ele>
    <time>2022-02-10T16:16:15Z</time>
   </trkpt>
   <trkpt lat="53.8417660" lon="-1.5765090">
    <ele>79.0</ele>
    <time>2022-02-10T16:16:16Z</time>
   </trkpt>
   <trkpt lat="53.8417920" lon="-1.5765300">
    <ele>79.2</ele>
    <time>2022-02-10T16:16:17Z</time>
   </trkpt>
   <trkpt lat="53.8418280" lon="-1.5765480">
    <ele>79.5</ele>
    <time>2022-02-10T16:16:18Z</time>
   </trkpt>
   <trkpt lat="53.8418390" lon="-1.5765500">
    <ele>79.9</ele>
    <time>2022-02-10T16:16:19Z</time>
   </trkpt>
   <trkpt lat="53.8418700" lon="-1.5765400">
    <ele>79.8</ele>
    <time>2022-02-10T16:16:20Z</time>
   </trkpt>
   <trkpt lat="53.8418790" lon="-1.5765330">
    <ele>79.8</ele>
    <time>2022-02-10T16:16:21Z</time>
   </trkpt>
   <trkpt lat="53.8419040" lon="-1.5765020">
    <ele>79.8</ele>
    <time>2022-02-10T16:16:22Z</time>
   </trkpt>
   <trkpt lat="53.8419110" lon="-1.5764890">
    <ele>79.7</ele>
    <time>2022-02-10T16:16:23Z</time>
   </trkpt>
   <trkpt lat="53.8419280" lon="-1.5764400">
    <ele>79.7</ele>
    <time>2022-02-10T16:16:24Z</time>
   </trkpt>
   <trkpt lat="53.8419330" lon="-1.5764190">
    <ele>79.6</ele>
    <time>2022-02-10T16:16:25Z</time>
   </trkpt>
   <trkpt lat="53.8419410" lon="-1.5763530">
    <ele>79.6</ele>
    <time>2022-02-10T16:16:26Z</time>
   </trkpt>
   <trkpt lat="53.8419420" lon="-1.5763280">
    <ele>79.5</ele>
    <time>2022-02-10T16:16:27Z</time>
   </trkpt>
   <trkpt lat="53.8419420" lon="-1.5762780">
    <ele>79.5</ele>
    <time>2022-02-10T16:16:28Z</time>
   </trkpt>
   <trkpt lat="53.8419400" lon="-1.5762280">
    <ele>79.4</ele>
    <time>2022-02-10T16:16:29Z</time>
   </trkpt>
   <trkpt lat="53.8419390" lon="-1.5761790">
    <ele>79.3</ele>
    <time>2022-02-10T16:16:30Z</time>
   </trkpt>
   <trkpt lat="53.8419400" lon="-1.5761330">
    <ele>79.3</ele>
    <time>2022-02-10T16:16:31Z</time>
   </trkpt>
   <trkpt lat="53.8419460" lon="-1.5760650">
    <ele>79.2</ele>
    <time>2022-02-10T16:16:32Z</time>
   </trkpt>
   <trkpt lat="53.8419480" lon="-1.5760420">
    <ele>79.2</ele>
    <time>2022-02-10T16:16:33Z</time>
   </trkpt>
   <trkpt lat="53.8419510" lon="-1.5759960">
    <ele>79.1</ele>
    <time>2022-02-10T16:16:34Z</time>
   </trkpt>
   <trkpt lat="53.8419550" lon="-1.5759500">
    <ele>79.1</ele>
    <time>2022-02-10T16:16:35Z</time>
   </trkpt>
   <trkpt lat="53.8419580" lon="-1.5759040">
    <ele>79.0</ele>
    <time>2022-02-10T16:16:36Z</time>
   </trkpt>
   <trkpt lat="53.8419620" lon="-1.5758560">
    <ele>79.0</ele>
    <time>2022-02-10T16:16:37Z</time>
   </trkpt>
   <trkpt lat="53.8419670" lon="-1.5758070">
    <ele>78.9</ele>
    <time>2022-02-10T16:16:38Z</time>
   </trkpt>
   <trkpt lat="53.8419720" lon="-1.5757540">
    <ele>78.8</ele>
    <time>2022-02-10T16:16:39Z</time>
   </trkpt>
   <trkpt lat="53.8419770" lon="-1.5757020">
    <ele>78.7</ele>
    <time>2022-02-10T16:16:40Z</time>
   </trkpt>
   <trkpt lat="53.8419830" lon="-1.5756480">
    <ele>78.6</ele>
    <time>2022-02-10T16:16:41Z</time>
   </trkpt>
   <trkpt lat="53.8419900" lon="-1.5755940">
    <ele>78.5</ele>
    <time>2022-02-10T16:16:42Z</time>
   </trkpt>
   <trkpt lat="53.8419970" lon="-1.5755400">
    <ele>78.4</ele>
    <time>2022-02-10T16:16:43Z</time>
   </trkpt>
   <trkpt lat="53.8420050" lon="-1.5754900">
    <ele>78.2</ele>
    <time>2022-02-10T16:16:44Z</time>
   </trkpt>
   <trkpt lat="53.8420120" lon="-1.5754410">
    <ele>78.1</ele>
    <time>2022-02-10T16:16:45Z</time>
   </trkpt>
   <trkpt lat="53.8420200" lon="-1.5753940">
    <ele>78.0</ele>
    <time>2022-02-10T16:16:46Z</time>
   </trkpt>
   <trkpt lat="53.8420280" lon="-1.5753490">
    <ele>77.8</ele>
    <time>2022-02-10T16:16:47Z</time>
   </trkpt>
   <trkpt lat="53.8420350" lon="-1.5753040">
    <ele>77.7</ele>
    <time>2022-02-10T16:16:48Z</time>
   </trkpt>
   <trkpt lat="53.8420420" lon="-1.5752580">
    <ele>77.5</ele>
    <time>2022-02-10T16:16:49Z</time>
   </trkpt>
   <trkpt lat="53.8420460" lon="-1.5752120">
    <ele>77.4</ele>
    <time>2022-02-10T16:16:50Z</time>
   </trkpt>
   <trkpt lat="53.8420500" lon="-1.5751650">
    <ele>77.2</ele>
    <time>2022-02-10T16:16:51Z</time>
   </trkpt>
   <trkpt lat="53.8420530" lon="-1.5751180">
    <ele>77.1</ele>
    <time>2022-02-10T16:16:52Z</time>
   </trkpt>
   <trkpt lat="53.8420580" lon="-1.5750710">
    <ele>77.0</ele>
    <time>2022-02-10T16:16:53Z</time>
   </trkpt>
   <trkpt lat="53.8420640" lon="-1.5750220">
    <ele>76.8</ele>
    <time>2022-02-10T16:16:54Z</time>
   </trkpt>
   <trkpt lat="53.8420700" lon="-1.5749740">
    <ele>76.7</ele>
    <time>2022-02-10T16:16:55Z</time>
   </trkpt>
   <trkpt lat="53.8420760" lon="-1.5749250">
    <ele>76.6</ele>
    <time>2022-02-10T16:16:56Z</time>
   </trkpt>
   <trkpt lat="53.8420820" lon="-1.5748770">
    <ele>76.5</ele>
    <time>2022-02-10T16:16:57Z</time>
   </trkpt>
   <trkpt lat="53.8420910" lon="-1.5748260">
    <ele>76.4</ele>
    <time>2022-02-10T16:16:58Z</time>
   </trkpt>
   <trkpt lat="53.8420990" lon="-1.5747740">
    <ele>76.4</ele>
    <time>2022-02-10T16:16:59Z</time>
   </trkpt>
   <trkpt lat="53.8421090" lon="-1.5747210">
    <ele>76.3</ele>
    <time>2022-02-10T16:17:00Z</time>
   </trkpt>
   <trkpt lat="53.8421180" lon="-1.5746690">
    <ele>76.3</ele>
    <time>2022-02-10T16:17:01Z</time>
   </trkpt>
   <trkpt lat="53.8421270" lon="-1.5746160">
    <ele>76.2</ele>
    <time>2022-02-10T16:17:02Z</time>
   </trkpt>
   <trkpt lat="53.8421360" lon="-1.5745630">
    <ele>76.2</ele>
    <time>2022-02-10T16:17:03Z</time>
   </trkpt>
   <trkpt lat="53.8421430" lon="-1.5745080">
    <ele>76.2</ele>
    <time>2022-02-10T16:17:04Z</time>
   </trkpt>
   <trkpt lat="53.8421480" lon="-1.5744530">
    <ele>76.1</ele>
    <time>2022-02-10T16:17:05Z</time>
   </trkpt>
   <trkpt lat="53.8421520" lon="-1.5743950">
    <ele>76.1</ele>
    <time>2022-02-10T16:17:06Z</time>
   </trkpt>
   <trkpt lat="53.8421570" lon="-1.5743400">
    <ele>76.1</ele>
    <time>2022-02-10T16:17:07Z</time>
   </trkpt>
   <trkpt lat="53.8421620" lon="-1.5742840">
    <ele>76.1</ele>
    <time>2022-02-10T16:17:08Z</time>
   </trkpt>
   <trkpt lat="53.8421670" lon="-1.5742270">
    <ele>76.1</ele>
    <time>2022-02-10T16:17:09Z</time>
   </trkpt>
   <trkpt lat="53.8421720" lon="-1.5741690">
    <ele>76.1</ele>
    <time>2022-02-10T16:17:10Z</time>
   </trkpt>
   <trkpt lat="53.8421770" lon="-1.5741100">
    <ele>76.1</ele>
    <time>2022-02-10T16:17:11Z</time>
   </trkpt>
   <trkpt lat="53.8421820" lon="-1.5740550">
    <ele>76.1</ele>
    <time>2022-02-10T16:17:12Z</time>
   </trkpt>
   <trkpt lat="53.8421890" lon="-1.5739990">
    <ele>76.1</ele>
    <time>2022-02-10T16:17:13Z</time>
   </trkpt>
   <trkpt lat="53.8421970" lon="-1.5739470">
    <ele>76.1</ele>
    <time>2022-02-10T16:17:14Z</time>
   </trkpt>
   <trkpt lat="53.8422050" lon="-1.5738950">
    <ele>76.1</ele>
    <time>2022-02-10T16:17:15Z</time>
   </trkpt>
   <trkpt lat="53.8422130" lon="-1.5738450">
    <ele>76.1</ele>
    <time>2022-02-10T16:17:16Z</time>
   </trkpt>
   <trkpt lat="53.8422210" lon="-1.5737960">
    <ele>76.2</ele>
    <time>2022-02-10T16:17:17Z</time>
   </trkpt>
   <trkpt lat="53.8422280" lon="-1.5737490">
    <ele>76.2</ele>
    <time>2022-02-10T16:17:18Z</time>
   </trkpt>
   <trkpt lat="53.8422350" lon="-1.5737020">
    <ele>76.3</ele>
    <time>2022-02-10T16:17:19Z</time>
   </trkpt>
   <trkpt lat="53.8422420" lon="-1.5736570">
    <ele>76.3</ele>
    <time>2022-02-10T16:17:20Z</time>
   </trkpt>
   <trkpt lat="53.8422490" lon="-1.5736120">
    <ele>76.4</ele>
    <time>2022-02-10T16:17:21Z</time>
   </trkpt>
   <trkpt lat="53.8422580" lon="-1.5735650">
    <ele>76.4</ele>
    <time>2022-02-10T16:17:22Z</time>
   </trkpt>
   <trkpt lat="53.8422720" lon="-1.5735040">
    <ele>76.5</ele>
    <time>2022-02-10T16:17:23Z</time>
   </trkpt>
   <trkpt lat="53.8422770" lon="-1.5734820">
    <ele>76.5</ele>
    <time>2022-02-10T16:17:24Z</time>
   </trkpt>
   <trkpt lat="53.8422900" lon="-1.5734170">
    <ele>76.7</ele>
    <time>2022-02-10T16:17:25Z</time>
   </trkpt>
   <trkpt lat="53.8422950" lon="-1.5733950">
    <ele>76.7</ele>
    <time>2022-02-10T16:17:26Z</time>
   </trkpt>
   <trkpt lat="53.8423030" lon="-1.5733470">
    <ele>76.8</ele>
    <time>2022-02-10T16:17:27Z</time>
   </trkpt>
   <trkpt lat="53.8423110" lon="-1.5732930">
    <ele>76.9</ele>
    <time>2022-02-10T16:17:28Z</time>
   </trkpt>
   <trkpt lat="53.8423180" lon="-1.5732450">
    <ele>77.0</ele>
    <time>2022-02-10T16:17:29Z</time>
   </trkpt>
   <trkpt lat="53.8423260" lon="-1.5731930">
    <ele>77.1</ele>
    <time>2022-02-10T16:17:30Z</time>
   </trkpt>
   <trkpt lat="53.8423340" lon="-1.5731420">
    <ele>77.2</ele>
    <time>2022-02-10T16:17:31Z</time>
   </trkpt>
   <trkpt lat="53.8423430" lon="-1.5730910">
    <ele>77.3</ele>
    <time>2022-02-10T16:17:32Z</time>
   </trkpt>
   <trkpt lat="53.8423530" lon="-1.5730460">
    <ele>77.4</ele>
    <time>2022-02-10T16:17:33Z</time>
   </trkpt>
   <trkpt lat="53.8423610" lon="-1.5729990">
    <ele>77.5</ele>
    <time>2022-02-10T16:17:34Z</time>
   </trkpt>
   <trkpt lat="53.8423670" lon="-1.5729530">
    <ele>77.7</ele>
    <time>2022-02-10T16:17:35Z</time>
   </trkpt>
   <trkpt lat="53.8423710" lon="-1.5729070">
    <ele>77.8</ele>
    <time>2022-02-10T16:17:36Z</time>
   </trkpt>
   <trkpt lat="53.8423740" lon="-1.5728610">
    <ele>77.9</ele>
    <time>2022-02-10T16:17:37Z</time>
   </trkpt>
   <trkpt lat="53.8423770" lon="-1.5727920">
    <ele>78.0</ele>
    <time>2022-02-10T16:17:38Z</time>
   </trkpt>
   <trkpt lat="53.8423780" lon="-1.5727680">
    <ele>78.1</ele>
    <time>2022-02-10T16:17:39Z</time>
   </trkpt>
   <trkpt lat="53.8423810" lon="-1.5727030">
    <ele>78.2</ele>
    <time>2022-02-10T16:17:40Z</time>
   </trkpt>
   <trkpt lat="53.8423830" lon="-1.5726800">
    <ele>78.3</ele>
    <time>2022-02-10T16:17:41Z</time>
   </trkpt>
   <trkpt lat="53.8423860" lon="-1.5726340">
    <ele>78.4</ele>
    <time>2022-02-10T16:17:42Z</time>
   </trkpt>
   <trkpt lat="53.8423900" lon="-1.5725880">
    <ele>78.5</ele>
    <time>2022-02-10T16:17:43Z</time>
   </trkpt>
   <trkpt lat="53.8423920" lon="-1.5725410">
    <ele>78.6</ele>
    <time>2022-02-10T16:17:44Z</time>
   </trkpt>
   <trkpt lat="53.8423940" lon="-1.5724920">
    <ele>78.6</ele>
    <time>2022-02-10T16:17:45Z</time>
   </trkpt>
   <trkpt lat="53.8423920" lon="-1.5724260">
    <ele>78.7</ele>
    <time>2022-02-10T16:17:46Z</time>
   </trkpt>
   <trkpt lat="53.8423920" lon="-1.5724030">
    <ele>78.7</ele>
    <time>2022-02-10T16:17:47Z</time>
   </trkpt>
   <trkpt lat="53.8423900" lon="-1.5723560">
    <ele>78.8</ele>
    <time>2022-02-10T16:17:48Z</time>
   </trkpt>
   <trkpt lat="53.8423880" lon="-1.5723100">
    <ele>78.8</ele>
    <time>2022-02-10T16:17:49Z</time>
   </trkpt>
   <trkpt lat="53.8423860" lon="-1.5722630">
    <ele>78.8</ele>
    <time>2022-02-10T16:17:50Z</time>
   </trkpt>
   <trkpt lat="53.8423810" lon="-1.5722160">
    <ele>78.8</ele>
    <time>2022-02-10T16:17:51Z</time>
   </trkpt>
   <trkpt lat="53.8423760" lon="-1.5721710">
    <ele>78.9</ele>
    <time>2022-02-10T16:17:52Z</time>
   </trkpt>
   <trkpt lat="53.8423710" lon="-1.5721250">
    <ele>78.9</ele>
    <time>2022-02-10T16:17:53Z</time>
   </trkpt>
   <trkpt lat="53.8423660" lon="-1.5720590">
    <ele>78.9</ele>
    <time>2022-02-10T16:17:54Z</time>
   </trkpt>
   <trkpt lat="53.8423640" lon="-1.5720380">
    <ele>78.8</ele>
    <time>2022-02-10T16:17:55Z</time>
   </trkpt>
   <trkpt lat="53.8423610" lon="-1.5719740">
    <ele>78.8</ele>
    <time>2022-02-10T16:17:56Z</time>
   </trkpt>
   <trkpt lat="53.8423600" lon="-1.5719530">
    <ele>78.8</ele>
    <time>2022-02-10T16:17:57Z</time>
   </trkpt>
   <trkpt lat="53.8423600" lon="-1.5718880">
    <ele>78.8</ele>
    <time>2022-02-10T16:17:58Z</time>
   </trkpt>
   <trkpt lat="53.8423600" lon="-1.5718670">
    <ele>78.8</ele>
    <time>2022-02-10T16:17:59Z</time>
   </trkpt>
   <trkpt lat="53.8423610" lon="-1.5718010">
    <ele>78.7</ele>
    <time>2022-02-10T16:18:00Z</time>
   </trkpt>
   <trkpt lat="53.8423620" lon="-1.5717790">
    <ele>78.7</ele>
    <time>2022-02-10T16:18:01Z</time>
   </trkpt>
   <trkpt lat="53.8423640" lon="-1.5717130">
    <ele>78.7</ele>
    <time>2022-02-10T16:18:02Z</time>
   </trkpt>
   <trkpt lat="53.8423640" lon="-1.5716910">
    <ele>78.7</ele>
    <time>2022-02-10T16:18:03Z</time>
   </trkpt>
   <trkpt lat="53.8423710" lon="-1.5716400">
    <ele>78.7</ele>
    <time>2022-02-10T16:18:04Z</time>
   </trkpt>
   <trkpt lat="53.8423740" lon="-1.5716220">
    <ele>78.7</ele>
    <time>2022-02-10T16:18:05Z</time>
   </trkpt>
   <trkpt lat="53.8423880" lon="-1.5715720">
    <ele>78.7</ele>
    <time>2022-02-10T16:18:06Z</time>
   </trkpt>
   <trkpt lat="53.8423930" lon="-1.5715550">
    <ele>78.7</ele>
    <time>2022-02-10T16:18:07Z</time>
   </trkpt>
   <trkpt lat="53.8424130" lon="-1.5715070">
    <ele>78.6</ele>
    <time>2022-02-10T16:18:08Z</time>
   </trkpt>
   <trkpt lat="53.8424200" lon="-1.5714900">
    <ele>78.6</ele>
    <time>2022-02-10T16:18:09Z</time>
   </trkpt>
   <trkpt lat="53.8424420" lon="-1.5714450">
    <ele>78.6</ele>
    <time>2022-02-10T16:18:10Z</time>
   </trkpt>
   <trkpt lat="53.8424490" lon="-1.5714280">
    <ele>78.6</ele>
    <time>2022-02-10T16:18:11Z</time>
   </trkpt>
   <trkpt lat="53.8424730" lon="-1.5713770">
    <ele>78.6</ele>
    <time>2022-02-10T16:18:12Z</time>
   </trkpt>
   <trkpt lat="53.8424810" lon="-1.5713620">
    <ele>78.6</ele>
    <time>2022-02-10T16:18:13Z</time>
   </trkpt>
   <trkpt lat="53.8425110" lon="-1.5713190">
    <ele>78.5</ele>
    <time>2022-02-10T16:18:14Z</time>
   </trkpt>
   <trkpt lat="53.8425220" lon="-1.5713060">
    <ele>78.5</ele>
    <time>2022-02-10T16:18:15Z</time>
   </trkpt>
   <trkpt lat="53.8425570" lon="-1.5712820">
    <ele>78.5</ele>
    <time>2022-02-10T16:18:16Z</time>
   </trkpt>
   <trkpt lat="53.8425680" lon="-1.5712750">
    <ele>78.5</ele>
    <time>2022-02-10T16:18:17Z</time>
   </trkpt>
   <trkpt lat="53.8426020" lon="-1.5712640">
    <ele>78.4</ele>
    <time>2022-02-10T16:18:18Z</time>
   </trkpt>
   <trkpt lat="53.8426130" lon="-1.5712620">
    <ele>78.4</ele>
    <time>2022-02-10T16:18:19Z</time>
   </trkpt>
   <trkpt lat="53.8426410" lon="-1.5712560">
    <ele>78.4</ele>
    <time>2022-02-10T16:18:20Z</time>
   </trkpt>
   <trkpt lat="53.8426500" lon="-1.5712520">
    <ele>78.3</ele>
    <time>2022-02-10T16:18:21Z</time>
   </trkpt>
   <trkpt lat="53.8426640" lon="-1.5712450">
    <ele>78.3</ele>
    <time>2022-02-10T16:18:22Z</time>
   </trkpt>
   <trkpt lat="53.8426760" lon="-1.5712340">
    <ele>78.4</ele>
    <time>2022-02-10T16:18:23Z</time>
   </trkpt>
   <trkpt lat="53.8426880" lon="-1.5712200">
    <ele>78.4</ele>
    <time>2022-02-10T16:18:24Z</time>
   </trkpt>
   <trkpt lat="53.8426990" lon="-1.5712060">
    <ele>78.4</ele>
    <time>2022-02-10T16:18:25Z</time>
   </trkpt>
   <trkpt lat="53.8427650" lon="-1.5710970">
    <ele>78.6</ele>
    <time>2022-02-10T16:18:32Z</time>
   </trkpt>
   <trkpt lat="53.8428720" lon="-1.5711120">
    <ele>78.8</ele>
    <time>2022-02-10T16:18:35Z</time>
   </trkpt>
   <trkpt lat="53.8429410" lon="-1.5711590">
    <ele>79.1</ele>
    <time>2022-02-10T16:18:36Z</time>
   </trkpt>
   <trkpt lat="53.8430180" lon="-1.5711870">
    <ele>79.3</ele>
    <time>2022-02-10T16:18:37Z</time>
   </trkpt>
   <trkpt lat="53.8430540" lon="-1.5711810">
    <ele>79.5</ele>
    <time>2022-02-10T16:18:38Z</time>
   </trkpt>
   <trkpt lat="53.8430800" lon="-1.5711650">
    <ele>79.6</ele>
    <time>2022-02-10T16:18:39Z</time>
   </trkpt>
   <trkpt lat="53.8431070" lon="-1.5711220">
    <ele>79.8</ele>
    <time>2022-02-10T16:18:40Z</time>
   </trkpt>
   <trkpt lat="53.8431140" lon="-1.5711050">
    <ele>79.9</ele>
    <time>2022-02-10T16:18:41Z</time>
   </trkpt>
   <trkpt lat="53.8431300" lon="-1.5710570">
    <ele>80.0</ele>
    <time>2022-02-10T16:18:42Z</time>
   </trkpt>
   <trkpt lat="53.8431420" lon="-1.5710090">
    <ele>80.1</ele>
    <time>2022-02-10T16:18:43Z</time>
   </trkpt>
   <trkpt lat="53.8431460" lon="-1.5709920">
    <ele>80.2</ele>
    <time>2022-02-10T16:18:44Z</time>
   </trkpt>
   <trkpt lat="53.8431560" lon="-1.5709370">
    <ele>80.3</ele>
    <time>2022-02-10T16:18:45Z</time>
   </trkpt>
   <trkpt lat="53.8431590" lon="-1.5709170">
    <ele>80.3</ele>
    <time>2022-02-10T16:18:46Z</time>
   </trkpt>
   <trkpt lat="53.8431690" lon="-1.5708600">
    <ele>80.3</ele>
    <time>2022-02-10T16:18:47Z</time>
   </trkpt>
   <trkpt lat="53.8431840" lon="-1.5708080">
    <ele>80.3</ele>
    <time>2022-02-10T16:18:48Z</time>
   </trkpt>
   <trkpt lat="53.8431920" lon="-1.5707910">
    <ele>80.3</ele>
    <time>2022-02-10T16:18:49Z</time>
   </trkpt>
   <trkpt lat="53.8432190" lon="-1.5707410">
    <ele>80.2</ele>
    <time>2022-02-10T16:18:50Z</time>
   </trkpt>
   <trkpt lat="53.8432280" lon="-1.5707230">
    <ele>80.2</ele>
    <time>2022-02-10T16:18:51Z</time>
   </trkpt>
   <trkpt lat="53.8432440" lon="-1.5706850">
    <ele>80.1</ele>
    <time>2022-02-10T16:18:52Z</time>
   </trkpt>
   <trkpt lat="53.8432560" lon="-1.5706430">
    <ele>80.0</ele>
    <time>2022-02-10T16:18:53Z</time>
   </trkpt>
   <trkpt lat="53.8432640" lon="-1.5705980">
    <ele>80.0</ele>
    <time>2022-02-10T16:18:54Z</time>
   </trkpt>
   <trkpt lat="53.8432680" lon="-1.5705510">
    <ele>79.9</ele>
    <time>2022-02-10T16:18:55Z</time>
   </trkpt>
   <trkpt lat="53.8432710" lon="-1.5705060">
    <ele>79.8</ele>
    <time>2022-02-10T16:18:56Z</time>
   </trkpt>
   <trkpt lat="53.8432770" lon="-1.5704600">
    <ele>79.8</ele>
    <time>2022-02-10T16:18:57Z</time>
   </trkpt>
   <trkpt lat="53.8432900" lon="-1.5704010">
    <ele>79.7</ele>
    <time>2022-02-10T16:18:58Z</time>
   </trkpt>
   <trkpt lat="53.8432950" lon="-1.5703840">
    <ele>79.7</ele>
    <time>2022-02-10T16:18:59Z</time>
   </trkpt>
   <trkpt lat="53.8433170" lon="-1.5703350">
    <ele>79.7</ele>
    <time>2022-02-10T16:19:00Z</time>
   </trkpt>
   <trkpt lat="53.8433250" lon="-1.5703170">
    <ele>79.6</ele>
    <time>2022-02-10T16:19:01Z</time>
   </trkpt>
   <trkpt lat="53.8433430" lon="-1.5702800">
    <ele>79.6</ele>
    <time>2022-02-10T16:19:02Z</time>
   </trkpt>
   <trkpt lat="53.8433610" lon="-1.5702420">
    <ele>79.6</ele>
    <time>2022-02-10T16:19:03Z</time>
   </trkpt>
   <trkpt lat="53.8433820" lon="-1.5702050">
    <ele>79.6</ele>
    <time>2022-02-10T16:19:04Z</time>
   </trkpt>
   <trkpt lat="53.8434040" lon="-1.5701700">
    <ele>79.6</ele>
    <time>2022-02-10T16:19:05Z</time>
   </trkpt>
   <trkpt lat="53.8434280" lon="-1.5701390">
    <ele>79.6</ele>
    <time>2022-02-10T16:19:06Z</time>
   </trkpt>
   <trkpt lat="53.8434540" lon="-1.5701110">
    <ele>79.7</ele>
    <time>2022-02-10T16:19:07Z</time>
   </trkpt>
   <trkpt lat="53.8434790" lon="-1.5700870">
    <ele>79.7</ele>
    <time>2022-02-10T16:19:08Z</time>
   </trkpt>
   <trkpt lat="53.8435040" lon="-1.5700640">
    <ele>79.7</ele>
    <time>2022-02-10T16:19:09Z</time>
   </trkpt>
   <trkpt lat="53.8435280" lon="-1.5700400">
    <ele>79.8</ele>
    <time>2022-02-10T16:19:10Z</time>
   </trkpt>
   <trkpt lat="53.8435510" lon="-1.5700150">
    <ele>79.8</ele>
    <time>2022-02-10T16:19:11Z</time>
   </trkpt>
   <trkpt lat="53.8435730" lon="-1.5699870">
    <ele>79.9</ele>
    <time>2022-02-10T16:19:12Z</time>
   </trkpt>
   <trkpt lat="53.8436040" lon="-1.5699490">
    <ele>79.9</ele>
    <time>2022-02-10T16:19:13Z</time>
   </trkpt>
   <trkpt lat="53.8436150" lon="-1.5699360">
    <ele>80.0</ele>
    <time>2022-02-10T16:19:14Z</time>
   </trkpt>
   <trkpt lat="53.8436480" lon="-1.5698990">
    <ele>80.1</ele>
    <time>2022-02-10T16:19:15Z</time>
   </trkpt>
   <trkpt lat="53.8436590" lon="-1.5698870">
    <ele>80.1</ele>
    <time>2022-02-10T16:19:16Z</time>
   </trkpt>
   <trkpt lat="53.8436820" lon="-1.5698620">
    <ele>80.2</ele>
    <time>2022-02-10T16:19:17Z</time>
   </trkpt>
   <trkpt lat="53.8437040" lon="-1.5698340">
    <ele>80.3</ele>
    <time>2022-02-10T16:19:18Z</time>
   </trkpt>
   <trkpt lat="53.8437300" lon="-1.5698030">
    <ele>80.4</ele>
    <time>2022-02-10T16:19:19Z</time>
   </trkpt>
   <trkpt lat="53.8437390" lon="-1.5697930">
    <ele>80.5</ele>
    <time>2022-02-10T16:19:20Z</time>
   </trkpt>
   <trkpt lat="53.8437690" lon="-1.5697670">
    <ele>80.6</ele>
    <time>2022-02-10T16:19:21Z</time>
   </trkpt>
   <trkpt lat="53.8437800" lon="-1.5697580">
    <ele>80.7</ele>
    <time>2022-02-10T16:19:22Z</time>
   </trkpt>
   <trkpt lat="53.8438130" lon="-1.5697250">
    <ele>80.8</ele>
    <time>2022-02-10T16:19:23Z</time>
   </trkpt>
   <trkpt lat="53.8438240" lon="-1.5697130">
    <ele>80.9</ele>
    <time>2022-02-10T16:19:24Z</time>
   </trkpt>
   <trkpt lat="53.8438590" lon="-1.5696820">
    <ele>81.0</ele>
    <time>2022-02-10T16:19:25Z</time>
   </trkpt>
   <trkpt lat="53.8438710" lon="-1.5696730">
    <ele>81.1</ele>
    <time>2022-02-10T16:19:26Z</time>
   </trkpt>
   <trkpt lat="53.8439080" lon="-1.5696510">
    <ele>81.3</ele>
    <time>2022-02-10T16:19:27Z</time>
   </trkpt>
   <trkpt lat="53.8439200" lon="-1.5696440">
    <ele>81.3</ele>
    <time>2022-02-10T16:19:28Z</time>
   </trkpt>
   <trkpt lat="53.8439460" lon="-1.5696290">
    <ele>81.4</ele>
    <time>2022-02-10T16:19:29Z</time>
   </trkpt>
   <trkpt lat="53.8439710" lon="-1.5696100">
    <ele>81.5</ele>
    <time>2022-02-10T16:19:30Z</time>
   </trkpt>
   <trkpt lat="53.8440030" lon="-1.5695720">
    <ele>81.6</ele>
    <time>2022-02-10T16:19:31Z</time>
   </trkpt>
   <trkpt lat="53.8440120" lon="-1.5695590">
    <ele>81.6</ele>
    <time>2022-02-10T16:19:32Z</time>
   </trkpt>
   <trkpt lat="53.8440350" lon="-1.5695190">
    <ele>81.7</ele>
    <time>2022-02-10T16:19:33Z</time>
   </trkpt>
   <trkpt lat="53.8440440" lon="-1.5695070">
    <ele>81.7</ele>
    <time>2022-02-10T16:19:34Z</time>
   </trkpt>
   <trkpt lat="53.8440690" lon="-1.5694560">
    <ele>81.8</ele>
    <time>2022-02-10T16:19:35Z</time>
   </trkpt>
   <trkpt lat="53.8440770" lon="-1.5694370">
    <ele>81.8</ele>
    <time>2022-02-10T16:19:36Z</time>
   </trkpt>
   <trkpt lat="53.8440920" lon="-1.5693950">
    <ele>81.9</ele>
    <time>2022-02-10T16:19:37Z</time>
   </trkpt>
   <trkpt lat="53.8441040" lon="-1.5693480">
    <ele>81.9</ele>
    <time>2022-02-10T16:19:38Z</time>
   </trkpt>
   <trkpt lat="53.8441150" lon="-1.5692980">
    <ele>82.0</ele>
    <time>2022-02-10T16:19:39Z</time>
   </trkpt>
   <trkpt lat="53.8441240" lon="-1.5692510">
    <ele>82.0</ele>
    <time>2022-02-10T16:19:40Z</time>
   </trkpt>
   <trkpt lat="53.8441320" lon="-1.5692070">
    <ele>82.1</ele>
    <time>2022-02-10T16:19:41Z</time>
   </trkpt>
   <trkpt lat="53.8441440" lon="-1.5691460">
    <ele>82.2</ele>
    <time>2022-02-10T16:19:42Z</time>
   </trkpt>
   <trkpt lat="53.8441480" lon="-1.5691260">
    <ele>82.3</ele>
    <time>2022-02-10T16:19:43Z</time>
   </trkpt>
   <trkpt lat="53.8441580" lon="-1.5690670">
    <ele>82.4</ele>
    <time>2022-02-10T16:19:44Z</time>
   </trkpt>
   <trkpt lat="53.8441600" lon="-1.5690480">
    <ele>82.4</ele>
    <time>2022-02-10T16:19:45Z</time>
   </trkpt>
   <trkpt lat="53.8441660" lon="-1.5689880">
    <ele>82.5</ele>
    <time>2022-02-10T16:19:46Z</time>
   </trkpt>
   <trkpt lat="53.8441670" lon="-1.5689680">
    <ele>82.6</ele>
    <time>2022-02-10T16:19:47Z</time>
   </trkpt>
   <trkpt lat="53.8441710" lon="-1.5689050">
    <ele>82.7</ele>
    <time>2022-02-10T16:19:48Z</time>
   </trkpt>
   <trkpt lat="53.8441720" lon="-1.5688830">
    <ele>82.8</ele>
    <time>2022-02-10T16:19:49Z</time>
   </trkpt>
   <trkpt lat="53.8441740" lon="-1.5688190">
    <ele>83.0</ele>
    <time>2022-02-10T16:19:50Z</time>
   </trkpt>
   <trkpt lat="53.8441760" lon="-1.5687970">
    <ele>83.1</ele>
    <time>2022-02-10T16:19:51Z</time>
   </trkpt>
   <trkpt lat="53.8441860" lon="-1.5687360">
    <ele>83.3</ele>
    <time>2022-02-10T16:19:52Z</time>
   </trkpt>
   <trkpt lat="53.8441900" lon="-1.5687170">
    <ele>83.4</ele>
    <time>2022-02-10T16:19:53Z</time>
   </trkpt>
   <trkpt lat="53.8442090" lon="-1.5686650">
    <ele>83.7</ele>
    <time>2022-02-10T16:19:54Z</time>
   </trkpt>
   <trkpt lat="53.8442160" lon="-1.5686490">
    <ele>83.8</ele>
    <time>2022-02-10T16:19:55Z</time>
   </trkpt>
   <trkpt lat="53.8442380" lon="-1.5686030">
    <ele>84.1</ele>
    <time>2022-02-10T16:19:56Z</time>
   </trkpt>
   <trkpt lat="53.8442460" lon="-1.5685890">
    <ele>84.2</ele>
    <time>2022-02-10T16:19:57Z</time>
   </trkpt>
   <trkpt lat="53.8442720" lon="-1.5685470">
    <ele>84.5</ele>
    <time>2022-02-10T16:19:58Z</time>
   </trkpt>
   <trkpt lat="53.8442800" lon="-1.5685330">
    <ele>84.6</ele>
    <time>2022-02-10T16:19:59Z</time>
   </trkpt>
   <trkpt lat="53.8443050" lon="-1.5684940">
    <ele>85.0</ele>
    <time>2022-02-10T16:20:00Z</time>
   </trkpt>
   <trkpt lat="53.8443130" lon="-1.5684820">
    <ele>85.1</ele>
    <time>2022-02-10T16:20:01Z</time>
   </trkpt>
   <trkpt lat="53.8443350" lon="-1.5684420">
    <ele>85.4</ele>
    <time>2022-02-10T16:20:02Z</time>
   </trkpt>
   <trkpt lat="53.8443420" lon="-1.5684280">
    <ele>85.6</ele>
    <time>2022-02-10T16:20:03Z</time>
   </trkpt>
   <trkpt lat="53.8443610" lon="-1.5683830">
    <ele>85.9</ele>
    <time>2022-02-10T16:20:04Z</time>
   </trkpt>
   <trkpt lat="53.8443680" lon="-1.5683670">
    <ele>86.0</ele>
    <time>2022-02-10T16:20:05Z</time>
   </trkpt>
   <trkpt lat="53.8443860" lon="-1.5683160">
    <ele>86.4</ele>
    <time>2022-02-10T16:20:06Z</time>
   </trkpt>
   <trkpt lat="53.8443920" lon="-1.5682970">
    <ele>86.6</ele>
    <time>2022-02-10T16:20:07Z</time>
   </trkpt>
   <trkpt lat="53.8444070" lon="-1.5682390">
    <ele>87.0</ele>
    <time>2022-02-10T16:20:08Z</time>
   </trkpt>
   <trkpt lat="53.8444110" lon="-1.5682190">
    <ele>87.1</ele>
    <time>2022-02-10T16:20:09Z</time>
   </trkpt>
   <trkpt lat="53.8444290" lon="-1.5681570">
    <ele>87.6</ele>
    <time>2022-02-10T16:20:10Z</time>
   </trkpt>
   <trkpt lat="53.8444360" lon="-1.5681370">
    <ele>87.7</ele>
    <time>2022-02-10T16:20:11Z</time>
   </trkpt>
   <trkpt lat="53.8444510" lon="-1.5680970">
    <ele>88.0</ele>
    <time>2022-02-10T16:20:12Z</time>
   </trkpt>
   <trkpt lat="53.8444750" lon="-1.5680440">
    <ele>88.3</ele>
    <time>2022-02-10T16:20:13Z</time>
   </trkpt>
   <trkpt lat="53.8444830" lon="-1.5680270">
    <ele>88.5</ele>
    <time>2022-02-10T16:20:14Z</time>
   </trkpt>
   <trkpt lat="53.8445020" lon="-1.5679720">
    <ele>88.8</ele>
    <time>2022-02-10T16:20:15Z</time>
   </trkpt>
   <trkpt lat="53.8445080" lon="-1.5679530">
    <ele>88.8</ele>
    <time>2022-02-10T16:20:16Z</time>
   </trkpt>
   <trkpt lat="53.8445150" lon="-1.5678970">
    <ele>89.0</ele>
    <time>2022-02-10T16:20:17Z</time>
   </trkpt>
   <trkpt lat="53.8445160" lon="-1.5678790">
    <ele>89.0</ele>
    <time>2022-02-10T16:20:18Z</time>
   </trkpt>
   <trkpt lat="53.8445150" lon="-1.5678220">
    <ele>89.1</ele>
    <time>2022-02-10T16:20:19Z</time>
   </trkpt>
   <trkpt lat="53.8445160" lon="-1.5678030">
    <ele>89.2</ele>
    <time>2022-02-10T16:20:20Z</time>
   </trkpt>
   <trkpt lat="53.8445190" lon="-1.5677530">
    <ele>89.3</ele>
    <time>2022-02-10T16:20:21Z</time>
   </trkpt>
   <trkpt lat="53.8445200" lon="-1.5677380">
    <ele>89.3</ele>
    <time>2022-02-10T16:20:22Z</time>
   </trkpt>
   <trkpt lat="53.8445240" lon="-1.5677100">
    <ele>89.3</ele>
    <time>2022-02-10T16:20:23Z</time>
   </trkpt>
   <trkpt lat="53.8445280" lon="-1.5676800">
    <ele>89.4</ele>
    <time>2022-02-10T16:20:24Z</time>
   </trkpt>
   <trkpt lat="53.8445370" lon="-1.5676330">
    <ele>89.4</ele>
    <time>2022-02-10T16:20:25Z</time>
   </trkpt>
   <trkpt lat="53.8445400" lon="-1.5676170">
    <ele>89.4</ele>
    <time>2022-02-10T16:20:26Z</time>
   </trkpt>
   <trkpt lat="53.8445520" lon="-1.5675710">
    <ele>89.5</ele>
    <time>2022-02-10T16:20:27Z</time>
   </trkpt>
   <trkpt lat="53.8445570" lon="-1.5675550">
    <ele>89.5</ele>
    <time>2022-02-10T16:20:28Z</time>
   </trkpt>
   <trkpt lat="53.8445730" lon="-1.5675030">
    <ele>89.5</ele>
    <time>2022-02-10T16:20:29Z</time>
   </trkpt>
   <trkpt lat="53.8445780" lon="-1.5674850">
    <ele>89.5</ele>
    <time>2022-02-10T16:20:30Z</time>
   </trkpt>
   <trkpt lat="53.8445970" lon="-1.5674330">
    <ele>89.5</ele>
    <time>2022-02-10T16:20:31Z</time>
   </trkpt>
   <trkpt lat="53.8446040" lon="-1.5674160">
    <ele>89.6</ele>
    <time>2022-02-10T16:20:32Z</time>
   </trkpt>
   <trkpt lat="53.8446250" lon="-1.5673670">
    <ele>89.6</ele>
    <time>2022-02-10T16:20:33Z</time>
   </trkpt>
   <trkpt lat="53.8446320" lon="-1.5673510">
    <ele>89.6</ele>
    <time>2022-02-10T16:20:34Z</time>
   </trkpt>
   <trkpt lat="53.8446510" lon="-1.5672990">
    <ele>89.6</ele>
    <time>2022-02-10T16:20:35Z</time>
   </trkpt>
   <trkpt lat="53.8446570" lon="-1.5672820">
    <ele>89.6</ele>
    <time>2022-02-10T16:20:36Z</time>
   </trkpt>
   <trkpt lat="53.8446730" lon="-1.5672350">
    <ele>89.6</ele>
    <time>2022-02-10T16:20:37Z</time>
   </trkpt>
   <trkpt lat="53.8446780" lon="-1.5672190">
    <ele>89.6</ele>
    <time>2022-02-10T16:20:38Z</time>
   </trkpt>
   <trkpt lat="53.8446970" lon="-1.5671720">
    <ele>89.7</ele>
    <time>2022-02-10T16:20:39Z</time>
   </trkpt>
   <trkpt lat="53.8447040" lon="-1.5671550">
    <ele>89.7</ele>
    <time>2022-02-10T16:20:40Z</time>
   </trkpt>
   <trkpt lat="53.8447270" lon="-1.5671030">
    <ele>89.7</ele>
    <time>2022-02-10T16:20:41Z</time>
   </trkpt>
   <trkpt lat="53.8447350" lon="-1.5670860">
    <ele>89.7</ele>
    <time>2022-02-10T16:20:42Z</time>
   </trkpt>
   <trkpt lat="53.8447580" lon="-1.5670330">
    <ele>89.7</ele>
    <time>2022-02-10T16:20:43Z</time>
   </trkpt>
   <trkpt lat="53.8447660" lon="-1.5670160">
    <ele>89.7</ele>
    <time>2022-02-10T16:20:44Z</time>
   </trkpt>
   <trkpt lat="53.8447910" lon="-1.5669660">
    <ele>89.7</ele>
    <time>2022-02-10T16:20:45Z</time>
   </trkpt>
   <trkpt lat="53.8447990" lon="-1.5669500">
    <ele>89.7</ele>
    <time>2022-02-10T16:20:46Z</time>
   </trkpt>
   <trkpt lat="53.8448250" lon="-1.5669040">
    <ele>89.7</ele>
    <time>2022-02-10T16:20:47Z</time>
   </trkpt>
   <trkpt lat="53.8448330" lon="-1.5668910">
    <ele>89.7</ele>
    <time>2022-02-10T16:20:48Z</time>
   </trkpt>
   <trkpt lat="53.8448590" lon="-1.5668560">
    <ele>89.8</ele>
    <time>2022-02-10T16:20:49Z</time>
   </trkpt>
   <trkpt lat="53.8448690" lon="-1.5668450">
    <ele>89.8</ele>
    <time>2022-02-10T16:20:50Z</time>
   </trkpt>
   <trkpt lat="53.8448990" lon="-1.5668100">
    <ele>89.8</ele>
    <time>2022-02-10T16:20:51Z</time>
   </trkpt>
   <trkpt lat="53.8449090" lon="-1.5667980">
    <ele>89.9</ele>
    <time>2022-02-10T16:20:52Z</time>
   </trkpt>
   <trkpt lat="53.8449390" lon="-1.5667590">
    <ele>89.9</ele>
    <time>2022-02-10T16:20:53Z</time>
   </trkpt>
   <trkpt lat="53.8449490" lon="-1.5667470">
    <ele>89.9</ele>
    <time>2022-02-10T16:20:54Z</time>
   </trkpt>
   <trkpt lat="53.8449780" lon="-1.5667090">
    <ele>90.0</ele>
    <time>2022-02-10T16:20:55Z</time>
   </trkpt>
   <trkpt lat="53.8449870" lon="-1.5666970">
    <ele>90.0</ele>
    <time>2022-02-10T16:20:56Z</time>
   </trkpt>
   <trkpt lat="53.8450100" lon="-1.5666680">
    <ele>90.0</ele>
    <time>2022-02-10T16:20:57Z</time>
   </trkpt>
   <trkpt lat="53.8450430" lon="-1.5666280">
    <ele>90.1</ele>
    <time>2022-02-10T16:20:59Z</time>
   </trkpt>
   <trkpt lat="53.8450680" lon="-1.5666000">
    <ele>90.2</ele>
    <time>2022-02-10T16:21:00Z</time>
   </trkpt>
   <trkpt lat="53.8450760" lon="-1.5665910">
    <ele>90.2</ele>
    <time>2022-02-10T16:21:01Z</time>
   </trkpt>
   <trkpt lat="53.8450900" lon="-1.5665730">
    <ele>90.2</ele>
    <time>2022-02-10T16:21:02Z</time>
   </trkpt>
   <trkpt lat="53.8451020" lon="-1.5665560">
    <ele>90.2</ele>
    <time>2022-02-10T16:21:03Z</time>
   </trkpt>
   <trkpt lat="53.8451140" lon="-1.5665390">
    <ele>90.2</ele>
    <time>2022-02-10T16:21:04Z</time>
   </trkpt>
   <trkpt lat="53.8451290" lon="-1.5665180">
    <ele>90.3</ele>
    <time>2022-02-10T16:21:05Z</time>
   </trkpt>
   <trkpt lat="53.8451520" lon="-1.5664790">
    <ele>90.3</ele>
    <time>2022-02-10T16:21:06Z</time>
   </trkpt>
   <trkpt lat="53.8451610" lon="-1.5664660">
    <ele>90.3</ele>
    <time>2022-02-10T16:21:07Z</time>
   </trkpt>
   <trkpt lat="53.8451910" lon="-1.5664220">
    <ele>90.4</ele>
    <time>2022-02-10T16:21:08Z</time>
   </trkpt>
   <trkpt lat="53.8452020" lon="-1.5664070">
    <ele>90.4</ele>
    <time>2022-02-10T16:21:09Z</time>
   </trkpt>
   <trkpt lat="53.8452240" lon="-1.5663770">
    <ele>90.4</ele>
    <time>2022-02-10T16:21:10Z</time>
   </trkpt>
   <trkpt lat="53.8452460" lon="-1.5663480">
    <ele>90.4</ele>
    <time>2022-02-10T16:21:11Z</time>
   </trkpt>
   <trkpt lat="53.8452680" lon="-1.5663210">
    <ele>90.4</ele>
    <time>2022-02-10T16:21:12Z</time>
   </trkpt>
   <trkpt lat="53.8452910" lon="-1.5662950">
    <ele>90.4</ele>
    <time>2022-02-10T16:21:13Z</time>
   </trkpt>
   <trkpt lat="53.8453140" lon="-1.5662690">
    <ele>90.4</ele>
    <time>2022-02-10T16:21:14Z</time>
   </trkpt>
   <trkpt lat="53.8453380" lon="-1.5662460">
    <ele>90.3</ele>
    <time>2022-02-10T16:21:15Z</time>
   </trkpt>
   <trkpt lat="53.8453630" lon="-1.5662260">
    <ele>90.3</ele>
    <time>2022-02-10T16:21:16Z</time>
   </trkpt>
   <trkpt lat="53.8453880" lon="-1.5662060">
    <ele>90.3</ele>
    <time>2022-02-10T16:21:17Z</time>
   </trkpt>
   <trkpt lat="53.8454230" lon="-1.5661720">
    <ele>90.3</ele>
    <time>2022-02-10T16:21:18Z</time>
   </trkpt>
   <trkpt lat="53.8454340" lon="-1.5661590">
    <ele>90.3</ele>
    <time>2022-02-10T16:21:19Z</time>
   </trkpt>
   <trkpt lat="53.8454560" lon="-1.5661310">
    <ele>90.3</ele>
    <time>2022-02-10T16:21:20Z</time>
   </trkpt>
   <trkpt lat="53.8454840" lon="-1.5660900">
    <ele>90.3</ele>
    <time>2022-02-10T16:21:21Z</time>
   </trkpt>
   <trkpt lat="53.8454940" lon="-1.5660750">
    <ele>90.3</ele>
    <time>2022-02-10T16:21:22Z</time>
   </trkpt>
   <trkpt lat="53.8455220" lon="-1.5660300">
    <ele>90.3</ele>
    <time>2022-02-10T16:21:23Z</time>
   </trkpt>
   <trkpt lat="53.8455310" lon="-1.5660150">
    <ele>90.3</ele>
    <time>2022-02-10T16:21:24Z</time>
   </trkpt>
   <trkpt lat="53.8455580" lon="-1.5659720">
    <ele>90.4</ele>
    <time>2022-02-10T16:21:25Z</time>
   </trkpt>
   <trkpt lat="53.8455670" lon="-1.5659580">
    <ele>90.4</ele>
    <time>2022-02-10T16:21:26Z</time>
   </trkpt>
   <trkpt lat="53.8455960" lon="-1.5659180">
    <ele>90.4</ele>
    <time>2022-02-10T16:21:27Z</time>
   </trkpt>
   <trkpt lat="53.8456070" lon="-1.5659050">
    <ele>90.4</ele>
    <time>2022-02-10T16:21:28Z</time>
   </trkpt>
   <trkpt lat="53.8456370" lon="-1.5658680">
    <ele>90.5</ele>
    <time>2022-02-10T16:21:29Z</time>
   </trkpt>
   <trkpt lat="53.8456470" lon="-1.5658560">
    <ele>90.5</ele>
    <time>2022-02-10T16:21:30Z</time>
   </trkpt>
   <trkpt lat="53.8456760" lon="-1.5658250">
    <ele>90.5</ele>
    <time>2022-02-10T16:21:31Z</time>
   </trkpt>
   <trkpt lat="53.8456850" lon="-1.5658150">
    <ele>90.5</ele>
    <time>2022-02-10T16:21:32Z</time>
   </trkpt>
   <trkpt lat="53.8457130" lon="-1.5657840">
    <ele>90.6</ele>
    <time>2022-02-10T16:21:33Z</time>
   </trkpt>
   <trkpt lat="53.8457220" lon="-1.5657730">
    <ele>90.6</ele>
    <time>2022-02-10T16:21:34Z</time>
   </trkpt>
   <trkpt lat="53.8457470" lon="-1.5657420">
    <ele>90.6</ele>
    <time>2022-02-10T16:21:35Z</time>
   </trkpt>
   <trkpt lat="53.8457550" lon="-1.5657300">
    <ele>90.6</ele>
    <time>2022-02-10T16:21:36Z</time>
   </trkpt>
   <trkpt lat="53.8457800" lon="-1.5656890">
    <ele>90.7</ele>
    <time>2022-02-10T16:21:37Z</time>
   </trkpt>
   <trkpt lat="53.8457890" lon="-1.5656750">
    <ele>90.7</ele>
    <time>2022-02-10T16:21:38Z</time>
   </trkpt>
   <trkpt lat="53.8458130" lon="-1.5656300">
    <ele>90.8</ele>
    <time>2022-02-10T16:21:39Z</time>
   </trkpt>
   <trkpt lat="53.8458210" lon="-1.5656150">
    <ele>90.8</ele>
    <time>2022-02-10T16:21:40Z</time>
   </trkpt>
   <trkpt lat="53.8458470" lon="-1.5655730">
    <ele>90.9</ele>
    <time>2022-02-10T16:21:41Z</time>
   </trkpt>
   <trkpt lat="53.8458560" lon="-1.5655600">
    <ele>90.9</ele>
    <time>2022-02-10T16:21:42Z</time>
   </trkpt>
   <trkpt lat="53.8458810" lon="-1.5655200">
    <ele>91.0</ele>
    <time>2022-02-10T16:21:43Z</time>
   </trkpt>
   <trkpt lat="53.8458890" lon="-1.5655070">
    <ele>91.0</ele>
    <time>2022-02-10T16:21:44Z</time>
   </trkpt>
   <trkpt lat="53.8459170" lon="-1.5654540">
    <ele>91.1</ele>
    <time>2022-02-10T16:21:45Z</time>
   </trkpt>
   <trkpt lat="53.8459270" lon="-1.5654360">
    <ele>91.1</ele>
    <time>2022-02-10T16:21:46Z</time>
   </trkpt>
   <trkpt lat="53.8459460" lon="-1.5653950">
    <ele>91.2</ele>
    <time>2022-02-10T16:21:47Z</time>
   </trkpt>
   <trkpt lat="53.8459660" lon="-1.5653560">
    <ele>91.2</ele>
    <time>2022-02-10T16:21:48Z</time>
   </trkpt>
   <trkpt lat="53.8460020" lon="-1.5652890">
    <ele>91.3</ele>
    <time>2022-02-10T16:21:50Z</time>
   </trkpt>
   <trkpt lat="53.8460220" lon="-1.5652580">
    <ele>91.4</ele>
    <time>2022-02-10T16:21:51Z</time>
   </trkpt>
   <trkpt lat="53.8460430" lon="-1.5652270">
    <ele>91.4</ele>
    <time>2022-02-10T16:21:52Z</time>
   </trkpt>
   <trkpt lat="53.8460730" lon="-1.5651840">
    <ele>91.5</ele>
    <time>2022-02-10T16:21:53Z</time>
   </trkpt>
   <trkpt lat="53.8460830" lon="-1.5651690">
    <ele>91.5</ele>
    <time>2022-02-10T16:21:54Z</time>
   </trkpt>
   <trkpt lat="53.8461110" lon="-1.5651270">
    <ele>91.5</ele>
    <time>2022-02-10T16:21:55Z</time>
   </trkpt>
   <trkpt lat="53.8461210" lon="-1.5651130">
    <ele>91.6</ele>
    <time>2022-02-10T16:21:56Z</time>
   </trkpt>
   <trkpt lat="53.8461520" lon="-1.5650730">
    <ele>91.6</ele>
    <time>2022-02-10T16:21:57Z</time>
   </trkpt>
   <trkpt lat="53.8461630" lon="-1.5650590">
    <ele>91.6</ele>
    <time>2022-02-10T16:21:58Z</time>
   </trkpt>
   <trkpt lat="53.8461850" lon="-1.5650300">
    <ele>91.6</ele>
    <time>2022-02-10T16:21:59Z</time>
   </trkpt>
   <trkpt lat="53.8462080" lon="-1.5649980">
    <ele>91.6</ele>
    <time>2022-02-10T16:22:00Z</time>
   </trkpt>
   <trkpt lat="53.8462290" lon="-1.5649650">
    <ele>91.6</ele>
    <time>2022-02-10T16:22:01Z</time>
   </trkpt>
   <trkpt lat="53.8462500" lon="-1.5649310">
    <ele>91.6</ele>
    <time>2022-02-10T16:22:02Z</time>
   </trkpt>
   <trkpt lat="53.8462710" lon="-1.5648950">
    <ele>91.6</ele>
    <time>2022-02-10T16:22:03Z</time>
   </trkpt>
   <trkpt lat="53.8462890" lon="-1.5648600">
    <ele>91.6</ele>
    <time>2022-02-10T16:22:04Z</time>
   </trkpt>
   <trkpt lat="53.8463080" lon="-1.5648240">
    <ele>91.5</ele>
    <time>2022-02-10T16:22:05Z</time>
   </trkpt>
   <trkpt lat="53.8463270" lon="-1.5647880">
    <ele>91.5</ele>
    <time>2022-02-10T16:22:06Z</time>
   </trkpt>
   <trkpt lat="53.8463550" lon="-1.5647420">
    <ele>91.5</ele>
    <time>2022-02-10T16:22:07Z</time>
   </trkpt>
   <trkpt lat="53.8463650" lon="-1.5647300">
    <ele>91.4</ele>
    <time>2022-02-10T16:22:08Z</time>
   </trkpt>
   <trkpt lat="53.8463950" lon="-1.5647030">
    <ele>91.4</ele>
    <time>2022-02-10T16:22:09Z</time>
   </trkpt>
   <trkpt lat="53.8464050" lon="-1.5646950">
    <ele>91.4</ele>
    <time>2022-02-10T16:22:10Z</time>
   </trkpt>
   <trkpt lat="53.8464280" lon="-1.5646700">
    <ele>91.4</ele>
    <time>2022-02-10T16:22:11Z</time>
   </trkpt>
   <trkpt lat="53.8464360" lon="-1.5646600">
    <ele>91.3</ele>
    <time>2022-02-10T16:22:12Z</time>
   </trkpt>
   <trkpt lat="53.8464610" lon="-1.5646290">
    <ele>91.3</ele>
    <time>2022-02-10T16:22:13Z</time>
   </trkpt>
   <trkpt lat="53.8464710" lon="-1.5646170">
    <ele>91.3</ele>
    <time>2022-02-10T16:22:14Z</time>
   </trkpt>
   <trkpt lat="53.8464980" lon="-1.5645790">
    <ele>91.3</ele>
    <time>2022-02-10T16:22:15Z</time>
   </trkpt>
   <trkpt lat="53.8465070" lon="-1.5645640">
    <ele>91.2</ele>
    <time>2022-02-10T16:22:16Z</time>
   </trkpt>
   <trkpt lat="53.8465350" lon="-1.5645190">
    <ele>91.2</ele>
    <time>2022-02-10T16:22:17Z</time>
   </trkpt>
   <trkpt lat="53.8465450" lon="-1.5645040">
    <ele>91.2</ele>
    <time>2022-02-10T16:22:18Z</time>
   </trkpt>
   <trkpt lat="53.8465740" lon="-1.5644600">
    <ele>91.2</ele>
    <time>2022-02-10T16:22:19Z</time>
   </trkpt>
   <trkpt lat="53.8465840" lon="-1.5644460">
    <ele>91.2</ele>
    <time>2022-02-10T16:22:20Z</time>
   </trkpt>
   <trkpt lat="53.8466060" lon="-1.5644160">
    <ele>91.1</ele>
    <time>2022-02-10T16:22:21Z</time>
   </trkpt>
   <trkpt lat="53.8466360" lon="-1.5643760">
    <ele>91.1</ele>
    <time>2022-02-10T16:22:22Z</time>
   </trkpt>
   <trkpt lat="53.8466460" lon="-1.5643630">
    <ele>91.1</ele>
    <time>2022-02-10T16:22:23Z</time>
   </trkpt>
   <trkpt lat="53.8466790" lon="-1.5643290">
    <ele>91.1</ele>
    <time>2022-02-10T16:22:24Z</time>
   </trkpt>
   <trkpt lat="53.8466910" lon="-1.5643190">
    <ele>91.1</ele>
    <time>2022-02-10T16:22:25Z</time>
   </trkpt>
   <trkpt lat="53.8467150" lon="-1.5642970">
    <ele>91.1</ele>
    <time>2022-02-10T16:22:26Z</time>
   </trkpt>
   <trkpt lat="53.8467390" lon="-1.5642750">
    <ele>91.1</ele>
    <time>2022-02-10T16:22:27Z</time>
   </trkpt>
   <trkpt lat="53.8467660" lon="-1.5642540">
    <ele>91.1</ele>
    <time>2022-02-10T16:22:28Z</time>
   </trkpt>
   <trkpt lat="53.8467940" lon="-1.5642360">
    <ele>91.0</ele>
    <time>2022-02-10T16:22:29Z</time>
   </trkpt>
   <trkpt lat="53.8468210" lon="-1.5642220">
    <ele>91.0</ele>
    <time>2022-02-10T16:22:30Z</time>
   </trkpt>
   <trkpt lat="53.8468490" lon="-1.5642090">
    <ele>91.0</ele>
    <time>2022-02-10T16:22:31Z</time>
   </trkpt>
   <trkpt lat="53.8468760" lon="-1.5641980">
    <ele>91.0</ele>
    <time>2022-02-10T16:22:32Z</time>
   </trkpt>
   <trkpt lat="53.8469030" lon="-1.5641840">
    <ele>91.0</ele>
    <time>2022-02-10T16:22:33Z</time>
   </trkpt>
   <trkpt lat="53.8469290" lon="-1.5641670">
    <ele>91.0</ele>
    <time>2022-02-10T16:22:34Z</time>
   </trkpt>
   <trkpt lat="53.8469550" lon="-1.5641500">
    <ele>91.0</ele>
    <time>2022-02-10T16:22:35Z</time>
   </trkpt>
   <trkpt lat="53.8469810" lon="-1.5641330">
    <ele>91.0</ele>
    <time>2022-02-10T16:22:36Z</time>
   </trkpt>
   <trkpt lat="53.8470070" lon="-1.5641180">
    <ele>91.1</ele>
    <time>2022-02-10T16:22:37Z</time>
   </trkpt>
   <trkpt lat="53.8470330" lon="-1.5641050">
    <ele>91.1</ele>
    <time>2022-02-10T16:22:38Z</time>
   </trkpt>
   <trkpt lat="53.8470590" lon="-1.5640930">
    <ele>91.2</ele>
    <time>2022-02-10T16:22:39Z</time>
   </trkpt>
   <trkpt lat="53.8470860" lon="-1.5640800">
    <ele>91.2</ele>
    <time>2022-02-10T16:22:40Z</time>
   </trkpt>
   <trkpt lat="53.8471120" lon="-1.5640650">
    <ele>91.3</ele>
    <time>2022-02-10T16:22:41Z</time>
   </trkpt>
   <trkpt lat="53.8471380" lon="-1.5640500">
    <ele>91.3</ele>
    <time>2022-02-10T16:22:42Z</time>
   </trkpt>
   <trkpt lat="53.8471750" lon="-1.5640300">
    <ele>91.4</ele>
    <time>2022-02-10T16:22:43Z</time>
   </trkpt>
   <trkpt lat="53.8471880" lon="-1.5640240">
    <ele>91.5</ele>
    <time>2022-02-10T16:22:44Z</time>
   </trkpt>
   <trkpt lat="53.8472250" lon="-1.5640140">
    <ele>91.5</ele>
    <time>2022-02-10T16:22:45Z</time>
   </trkpt>
   <trkpt lat="53.8472370" lon="-1.5640110">
    <ele>91.6</ele>
    <time>2022-02-10T16:22:46Z</time>
   </trkpt>
   <trkpt lat="53.8472750" lon="-1.5640060">
    <ele>91.7</ele>
    <time>2022-02-10T16:22:47Z</time>
   </trkpt>
   <trkpt lat="53.8472870" lon="-1.5640050">
    <ele>91.7</ele>
    <time>2022-02-10T16:22:48Z</time>
   </trkpt>
   <trkpt lat="53.8473250" lon="-1.5640030">
    <ele>91.8</ele>
    <time>2022-02-10T16:22:49Z</time>
   </trkpt>
   <trkpt lat="53.8473380" lon="-1.5640030">
    <ele>91.8</ele>
    <time>2022-02-10T16:22:50Z</time>
   </trkpt>
   <trkpt lat="53.8473770" lon="-1.5640110">
    <ele>92.0</ele>
    <time>2022-02-10T16:22:51Z</time>
   </trkpt>
   <trkpt lat="53.8473900" lon="-1.5640150">
    <ele>92.0</ele>
    <time>2022-02-10T16:22:52Z</time>
   </trkpt>
   <trkpt lat="53.8474260" lon="-1.5640380">
    <ele>92.3</ele>
    <time>2022-02-10T16:22:53Z</time>
   </trkpt>
   <trkpt lat="53.8474370" lon="-1.5640480">
    <ele>92.4</ele>
    <time>2022-02-10T16:22:54Z</time>
   </trkpt>
   <trkpt lat="53.8474640" lon="-1.5640880">
    <ele>92.6</ele>
    <time>2022-02-10T16:22:55Z</time>
   </trkpt>
   <trkpt lat="53.8474720" lon="-1.5641020">
    <ele>92.7</ele>
    <time>2022-02-10T16:22:56Z</time>
   </trkpt>
   <trkpt lat="53.8474890" lon="-1.5641450">
    <ele>93.0</ele>
    <time>2022-02-10T16:22:57Z</time>
   </trkpt>
   <trkpt lat="53.8474950" lon="-1.5641590">
    <ele>93.1</ele>
    <time>2022-02-10T16:22:58Z</time>
   </trkpt>
   <trkpt lat="53.8475070" lon="-1.5641840">
    <ele>93.3</ele>
    <time>2022-02-10T16:22:59Z</time>
   </trkpt>
   <trkpt lat="53.8475190" lon="-1.5642050">
    <ele>93.5</ele>
    <time>2022-02-10T16:23:00Z</time>
   </trkpt>
   <trkpt lat="53.8475390" lon="-1.5642350">
    <ele>93.7</ele>
    <time>2022-02-10T16:23:01Z</time>
   </trkpt>
   <trkpt lat="53.8475470" lon="-1.5642440">
    <ele>93.8</ele>
    <time>2022-02-10T16:23:02Z</time>
   </trkpt>
   <trkpt lat="53.8475730" lon="-1.5642690">
    <ele>94.1</ele>
    <time>2022-02-10T16:23:03Z</time>
   </trkpt>
   <trkpt lat="53.8475830" lon="-1.5642760">
    <ele>94.2</ele>
    <time>2022-02-10T16:23:04Z</time>
   </trkpt>
   <trkpt lat="53.8476110" lon="-1.5642940">
    <ele>94.4</ele>
    <time>2022-02-10T16:23:05Z</time>
   </trkpt>
   <trkpt lat="53.8476210" lon="-1.5643000">
    <ele>94.5</ele>
    <time>2022-02-10T16:23:06Z</time>
   </trkpt>
   <trkpt lat="53.8476510" lon="-1.5643180">
    <ele>94.8</ele>
    <time>2022-02-10T16:23:07Z</time>
   </trkpt>
   <trkpt lat="53.8476610" lon="-1.5643240">
    <ele>94.8</ele>
    <time>2022-02-10T16:23:08Z</time>
   </trkpt>
   <trkpt lat="53.8476900" lon="-1.5643430">
    <ele>95.0</ele>
    <time>2022-02-10T16:23:09Z</time>
   </trkpt>
   <trkpt lat="53.8476990" lon="-1.5643500">
    <ele>95.1</ele>
    <time>2022-02-10T16:23:10Z</time>
   </trkpt>
   <trkpt lat="53.8477270" lon="-1.5643870">
    <ele>95.3</ele>
    <time>2022-02-10T16:23:11Z</time>
   </trkpt>
   <trkpt lat="53.8477350" lon="-1.5644010">
    <ele>95.4</ele>
    <time>2022-02-10T16:23:12Z</time>
   </trkpt>
   <trkpt lat="53.8477590" lon="-1.5644530">
    <ele>95.6</ele>
    <time>2022-02-10T16:23:13Z</time>
   </trkpt>
   <trkpt lat="53.8477660" lon="-1.5644720">
    <ele>95.7</ele>
    <time>2022-02-10T16:23:14Z</time>
   </trkpt>
   <trkpt lat="53.8477900" lon="-1.5645220">
    <ele>96.0</ele>
    <time>2022-02-10T16:23:15Z</time>
   </trkpt>
   <trkpt lat="53.8477990" lon="-1.5645380">
    <ele>96.1</ele>
    <time>2022-02-10T16:23:16Z</time>
   </trkpt>
   <trkpt lat="53.8478260" lon="-1.5645820">
    <ele>96.4</ele>
    <time>2022-02-10T16:23:17Z</time>
   </trkpt>
   <trkpt lat="53.8478350" lon="-1.5645960">
    <ele>96.5</ele>
    <time>2022-02-10T16:23:18Z</time>
   </trkpt>
   <trkpt lat="53.8478600" lon="-1.5646380">
    <ele>96.8</ele>
    <time>2022-02-10T16:23:19Z</time>
   </trkpt>
   <trkpt lat="53.8478670" lon="-1.5646520">
    <ele>97.0</ele>
    <time>2022-02-10T16:23:20Z</time>
   </trkpt>
   <trkpt lat="53.8478850" lon="-1.5646980">
    <ele>97.3</ele>
    <time>2022-02-10T16:23:21Z</time>
   </trkpt>
   <trkpt lat="53.8478910" lon="-1.5647140">
    <ele>97.5</ele>
    <time>2022-02-10T16:23:22Z</time>
   </trkpt>
   <trkpt lat="53.8479110" lon="-1.5647630">
    <ele>97.9</ele>
    <time>2022-02-10T16:23:23Z</time>
   </trkpt>
   <trkpt lat="53.8479170" lon="-1.5647790">
    <ele>98.0</ele>
    <time>2022-02-10T16:23:24Z</time>
   </trkpt>
   <trkpt lat="53.8479370" lon="-1.5648300">
    <ele>98.5</ele>
    <time>2022-02-10T16:23:25Z</time>
   </trkpt>
   <trkpt lat="53.8479440" lon="-1.5648470">
    <ele>98.6</ele>
    <time>2022-02-10T16:23:26Z</time>
   </trkpt>
   <trkpt lat="53.8479670" lon="-1.5649010">
    <ele>99.1</ele>
    <time>2022-02-10T16:23:27Z</time>
   </trkpt>
   <trkpt lat="53.8479740" lon="-1.5649200">
    <ele>99.2</ele>
    <time>2022-02-10T16:23:28Z</time>
   </trkpt>
   <trkpt lat="53.8479930" lon="-1.5649720">
    <ele>99.6</ele>
    <time>2022-02-10T16:23:29Z</time>
   </trkpt>
   <trkpt lat="53.8480000" lon="-1.5649900">
    <ele>99.7</ele>
    <time>2022-02-10T16:23:30Z</time>
   </trkpt>
   <trkpt lat="53.8480170" lon="-1.5650380">
    <ele>100.0</ele>
    <time>2022-02-10T16:23:31Z</time>
   </trkpt>
   <trkpt lat="53.8480220" lon="-1.5650530">
    <ele>100.0</ele>
    <time>2022-02-10T16:23:32Z</time>
   </trkpt>
   <trkpt lat="53.8480390" lon="-1.5651000">
    <ele>100.3</ele>
    <time>2022-02-10T16:23:33Z</time>
   </trkpt>
   <trkpt lat="53.8480440" lon="-1.5651150">
    <ele>100.3</ele>
    <time>2022-02-10T16:23:34Z</time>
   </trkpt>
   <trkpt lat="53.8480620" lon="-1.5651610">
    <ele>100.5</ele>
    <time>2022-02-10T16:23:35Z</time>
   </trkpt>
   <trkpt lat="53.8480680" lon="-1.5651760">
    <ele>100.6</ele>
    <time>2022-02-10T16:23:36Z</time>
   </trkpt>
   <trkpt lat="53.8480880" lon="-1.5652220">
    <ele>100.7</ele>
    <time>2022-02-10T16:23:37Z</time>
   </trkpt>
   <trkpt lat="53.8480950" lon="-1.5652390">
    <ele>100.7</ele>
    <time>2022-02-10T16:23:38Z</time>
   </trkpt>
   <trkpt lat="53.8481170" lon="-1.5652980">
    <ele>100.9</ele>
    <time>2022-02-10T16:23:40Z</time>
   </trkpt>
   <trkpt lat="53.8481320" lon="-1.5653410">
    <ele>100.9</ele>
    <time>2022-02-10T16:23:41Z</time>
   </trkpt>
   <trkpt lat="53.8481370" lon="-1.5653550">
    <ele>100.9</ele>
    <time>2022-02-10T16:23:42Z</time>
   </trkpt>
   <trkpt lat="53.8481480" lon="-1.5653790">
    <ele>100.9</ele>
    <time>2022-02-10T16:23:43Z</time>
   </trkpt>
   <trkpt lat="53.8481590" lon="-1.5654010">
    <ele>100.9</ele>
    <time>2022-02-10T16:23:44Z</time>
   </trkpt>
   <trkpt lat="53.8481840" lon="-1.5654310">
    <ele>100.9</ele>
    <time>2022-02-10T16:23:45Z</time>
   </trkpt>
   <trkpt lat="53.8481930" lon="-1.5654390">
    <ele>100.8</ele>
    <time>2022-02-10T16:23:46Z</time>
   </trkpt>
   <trkpt lat="53.8482300" lon="-1.5654580">
    <ele>100.8</ele>
    <time>2022-02-10T16:23:47Z</time>
   </trkpt>
   <trkpt lat="53.8482430" lon="-1.5654630">
    <ele>100.7</ele>
    <time>2022-02-10T16:23:48Z</time>
   </trkpt>
   <trkpt lat="53.8482810" lon="-1.5654770">
    <ele>100.6</ele>
    <time>2022-02-10T16:23:49Z</time>
   </trkpt>
   <trkpt lat="53.8482930" lon="-1.5654810">
    <ele>100.6</ele>
    <time>2022-02-10T16:23:50Z</time>
   </trkpt>
   <trkpt lat="53.8483260" lon="-1.5654960">
    <ele>100.5</ele>
    <time>2022-02-10T16:23:51Z</time>
   </trkpt>
   <trkpt lat="53.8483370" lon="-1.5655020">
    <ele>100.5</ele>
    <time>2022-02-10T16:23:52Z</time>
   </trkpt>
   <trkpt lat="53.8483690" lon="-1.5655230">
    <ele>100.4</ele>
    <time>2022-02-10T16:23:53Z</time>
   </trkpt>
   <trkpt lat="53.8483800" lon="-1.5655310">
    <ele>100.4</ele>
    <time>2022-02-10T16:23:54Z</time>
   </trkpt>
   <trkpt lat="53.8484100" lon="-1.5655540">
    <ele>100.3</ele>
    <time>2022-02-10T16:23:55Z</time>
   </trkpt>
   <trkpt lat="53.8484200" lon="-1.5655620">
    <ele>100.3</ele>
    <time>2022-02-10T16:23:56Z</time>
   </trkpt>
   <trkpt lat="53.8484530" lon="-1.5655860">
    <ele>100.4</ele>
    <time>2022-02-10T16:23:57Z</time>
   </trkpt>
   <trkpt lat="53.8484640" lon="-1.5655950">
    <ele>100.4</ele>
    <time>2022-02-10T16:23:58Z</time>
   </trkpt>
   <trkpt lat="53.8484980" lon="-1.5656180">
    <ele>100.5</ele>
    <time>2022-02-10T16:23:59Z</time>
   </trkpt>
   <trkpt lat="53.8485090" lon="-1.5656260">
    <ele>100.5</ele>
    <time>2022-02-10T16:24:00Z</time>
   </trkpt>
   <trkpt lat="53.8485410" lon="-1.5656510">
    <ele>100.6</ele>
    <time>2022-02-10T16:24:01Z</time>
   </trkpt>
   <trkpt lat="53.8485520" lon="-1.5656590">
    <ele>100.7</ele>
    <time>2022-02-10T16:24:02Z</time>
   </trkpt>
   <trkpt lat="53.8485840" lon="-1.5656910">
    <ele>100.9</ele>
    <time>2022-02-10T16:24:03Z</time>
   </trkpt>
   <trkpt lat="53.8485940" lon="-1.5657020">
    <ele>101.0</ele>
    <time>2022-02-10T16:24:04Z</time>
   </trkpt>
   <trkpt lat="53.8486240" lon="-1.5657390">
    <ele>101.2</ele>
    <time>2022-02-10T16:24:05Z</time>
   </trkpt>
   <trkpt lat="53.8486340" lon="-1.5657510">
    <ele>101.3</ele>
    <time>2022-02-10T16:24:06Z</time>
   </trkpt>
   <trkpt lat="53.8486600" lon="-1.5657800">
    <ele>101.5</ele>
    <time>2022-02-10T16:24:07Z</time>
   </trkpt>
   <trkpt lat="53.8486670" lon="-1.5657870">
    <ele>101.6</ele>
    <time>2022-02-10T16:24:08Z</time>
   </trkpt>
   <trkpt lat="53.8486800" lon="-1.5658030">
    <ele>101.7</ele>
    <time>2022-02-10T16:24:09Z</time>
   </trkpt>
   <trkpt lat="53.8486900" lon="-1.5658190">
    <ele>101.8</ele>
    <time>2022-02-10T16:24:10Z</time>
   </trkpt>
   <trkpt lat="53.8486990" lon="-1.5658330">
    <ele>101.9</ele>
    <time>2022-02-10T16:24:11Z</time>
   </trkpt>
   <trkpt lat="53.8487050" lon="-1.5658460">
    <ele>102.0</ele>
    <time>2022-02-10T16:24:12Z</time>
   </trkpt>
   <trkpt lat="53.8487110" lon="-1.5658580">
    <ele>102.1</ele>
    <time>2022-02-10T16:24:13Z</time>
   </trkpt>
   <trkpt lat="53.8487170" lon="-1.5658740">
    <ele>102.2</ele>
    <time>2022-02-10T16:24:14Z</time>
   </trkpt>
   <trkpt lat="53.8487240" lon="-1.5658890">
    <ele>102.3</ele>
    <time>2022-02-10T16:24:15Z</time>
   </trkpt>
   <trkpt lat="53.8487320" lon="-1.5659050">
    <ele>102.4</ele>
    <time>2022-02-10T16:24:16Z</time>
   </trkpt>
   <trkpt lat="53.8487440" lon="-1.5659360">
    <ele>102.6</ele>
    <time>2022-02-10T16:24:17Z</time>
   </trkpt>
   <trkpt lat="53.8487490" lon="-1.5659490">
    <ele>102.7</ele>
    <time>2022-02-10T16:24:18Z</time>
   </trkpt>
   <trkpt lat="53.8487530" lon="-1.5659630">
    <ele>102.8</ele>
    <time>2022-02-10T16:24:19Z</time>
   </trkpt>
   <trkpt lat="53.8487590" lon="-1.5659850">
    <ele>102.9</ele>
    <time>2022-02-10T16:24:20Z</time>
   </trkpt>
   <trkpt lat="53.8487640" lon="-1.5660090">
    <ele>103.0</ele>
    <time>2022-02-10T16:24:21Z</time>
   </trkpt>
   <trkpt lat="53.8487680" lon="-1.5660340">
    <ele>103.1</ele>
    <time>2022-02-10T16:24:22Z</time>
   </trkpt>
   <trkpt lat="53.8487730" lon="-1.5660610">
    <ele>103.3</ele>
    <time>2022-02-10T16:24:23Z</time>
   </trkpt>
   <trkpt lat="53.8487820" lon="-1.5661050">
    <ele>103.4</ele>
    <time>2022-02-10T16:24:24Z</time>
   </trkpt>
   <trkpt lat="53.8487850" lon="-1.5661200">
    <ele>103.5</ele>
    <time>2022-02-10T16:24:25Z</time>
   </trkpt>
   <trkpt lat="53.8487940" lon="-1.5661460">
    <ele>103.6</ele>
    <time>2022-02-10T16:24:26Z</time>
   </trkpt>
   <trkpt lat="53.8488060" lon="-1.5661690">
    <ele>103.7</ele>
    <time>2022-02-10T16:24:27Z</time>
   </trkpt>
   <trkpt lat="53.8488280" lon="-1.5661950">
    <ele>103.9</ele>
    <time>2022-02-10T16:24:28Z</time>
   </trkpt>
   <trkpt lat="53.8488360" lon="-1.5662030">
    <ele>103.9</ele>
    <time>2022-02-10T16:24:29Z</time>
   </trkpt>
   <trkpt lat="53.8488630" lon="-1.5662230">
    <ele>104.1</ele>
    <time>2022-02-10T16:24:30Z</time>
   </trkpt>
   <trkpt lat="53.8488730" lon="-1.5662300">
    <ele>104.1</ele>
    <time>2022-02-10T16:24:31Z</time>
   </trkpt>
   <trkpt lat="53.8489070" lon="-1.5662450">
    <ele>104.2</ele>
    <time>2022-02-10T16:24:32Z</time>
   </trkpt>
   <trkpt lat="53.8489190" lon="-1.5662490">
    <ele>104.3</ele>
    <time>2022-02-10T16:24:33Z</time>
   </trkpt>
   <trkpt lat="53.8489580" lon="-1.5662620">
    <ele>104.3</ele>
    <time>2022-02-10T16:24:34Z</time>
   </trkpt>
   <trkpt lat="53.8489720" lon="-1.5662670">
    <ele>104.4</ele>
    <time>2022-02-10T16:24:35Z</time>
   </trkpt>
   <trkpt lat="53.8490010" lon="-1.5662790">
    <ele>104.4</ele>
    <time>2022-02-10T16:24:36Z</time>
   </trkpt>
   <trkpt lat="53.8490280" lon="-1.5662900">
    <ele>104.5</ele>
    <time>2022-02-10T16:24:37Z</time>
   </trkpt>
   <trkpt lat="53.8490660" lon="-1.5663060">
    <ele>104.5</ele>
    <time>2022-02-10T16:24:38Z</time>
   </trkpt>
   <trkpt lat="53.8490780" lon="-1.5663120">
    <ele>104.5</ele>
    <time>2022-02-10T16:24:39Z</time>
   </trkpt>
   <trkpt lat="53.8491150" lon="-1.5663330">
    <ele>104.5</ele>
    <time>2022-02-10T16:24:40Z</time>
   </trkpt>
   <trkpt lat="53.8491280" lon="-1.5663390">
    <ele>104.5</ele>
    <time>2022-02-10T16:24:41Z</time>
   </trkpt>
   <trkpt lat="53.8491660" lon="-1.5663520">
    <ele>104.6</ele>
    <time>2022-02-10T16:24:42Z</time>
   </trkpt>
   <trkpt lat="53.8491790" lon="-1.5663550">
    <ele>104.6</ele>
    <time>2022-02-10T16:24:43Z</time>
   </trkpt>
   <trkpt lat="53.8492200" lon="-1.5663650">
    <ele>104.6</ele>
    <time>2022-02-10T16:24:44Z</time>
   </trkpt>
   <trkpt lat="53.8492350" lon="-1.5663690">
    <ele>104.6</ele>
    <time>2022-02-10T16:24:45Z</time>
   </trkpt>
   <trkpt lat="53.8492640" lon="-1.5663810">
    <ele>104.6</ele>
    <time>2022-02-10T16:24:46Z</time>
   </trkpt>
   <trkpt lat="53.8492950" lon="-1.5663960">
    <ele>104.7</ele>
    <time>2022-02-10T16:24:47Z</time>
   </trkpt>
   <trkpt lat="53.8493250" lon="-1.5664110">
    <ele>104.7</ele>
    <time>2022-02-10T16:24:48Z</time>
   </trkpt>
   <trkpt lat="53.8493550" lon="-1.5664260">
    <ele>104.7</ele>
    <time>2022-02-10T16:24:49Z</time>
   </trkpt>
   <trkpt lat="53.8493860" lon="-1.5664380">
    <ele>104.7</ele>
    <time>2022-02-10T16:24:50Z</time>
   </trkpt>
   <trkpt lat="53.8494140" lon="-1.5664480">
    <ele>104.8</ele>
    <time>2022-02-10T16:24:51Z</time>
   </trkpt>
   <trkpt lat="53.8494420" lon="-1.5664580">
    <ele>104.8</ele>
    <time>2022-02-10T16:24:52Z</time>
   </trkpt>
   <trkpt lat="53.8494690" lon="-1.5664680">
    <ele>104.8</ele>
    <time>2022-02-10T16:24:53Z</time>
   </trkpt>
   <trkpt lat="53.8494970" lon="-1.5664760">
    <ele>104.9</ele>
    <time>2022-02-10T16:24:54Z</time>
   </trkpt>
   <trkpt lat="53.8495260" lon="-1.5664850">
    <ele>104.9</ele>
    <time>2022-02-10T16:24:55Z</time>
   </trkpt>
   <trkpt lat="53.8495540" lon="-1.5664950">
    <ele>105.0</ele>
    <time>2022-02-10T16:24:56Z</time>
   </trkpt>
   <trkpt lat="53.8495820" lon="-1.5665050">
    <ele>105.0</ele>
    <time>2022-02-10T16:24:57Z</time>
   </trkpt>
   <trkpt lat="53.8496090" lon="-1.5665160">
    <ele>105.1</ele>
    <time>2022-02-10T16:24:58Z</time>
   </trkpt>
   <trkpt lat="53.8496380" lon="-1.5665260">
    <ele>105.1</ele>
    <time>2022-02-10T16:24:59Z</time>
   </trkpt>
   <trkpt lat="53.8496660" lon="-1.5665360">
    <ele>105.2</ele>
    <time>2022-02-10T16:25:00Z</time>
   </trkpt>
   <trkpt lat="53.8496940" lon="-1.5665450">
    <ele>105.2</ele>
    <time>2022-02-10T16:25:01Z</time>
   </trkpt>
   <trkpt lat="53.8497330" lon="-1.5665590">
    <ele>105.2</ele>
    <time>2022-02-10T16:25:02Z</time>
   </trkpt>
   <trkpt lat="53.8497450" lon="-1.5665630">
    <ele>105.3</ele>
    <time>2022-02-10T16:25:03Z</time>
   </trkpt>
   <trkpt lat="53.8497860" lon="-1.5665730">
    <ele>105.3</ele>
    <time>2022-02-10T16:25:04Z</time>
   </trkpt>
   <trkpt lat="53.8498000" lon="-1.5665750">
    <ele>105.2</ele>
    <time>2022-02-10T16:25:05Z</time>
   </trkpt>
   <trkpt lat="53.8498290" lon="-1.5665790">
    <ele>105.2</ele>
    <time>2022-02-10T16:25:06Z</time>
   </trkpt>
   <trkpt lat="53.8498590" lon="-1.5665800">
    <ele>105.2</ele>
    <time>2022-02-10T16:25:07Z</time>
   </trkpt>
   <trkpt lat="53.8498900" lon="-1.5665760">
    <ele>105.1</ele>
    <time>2022-02-10T16:25:08Z</time>
   </trkpt>
   <trkpt lat="53.8499210" lon="-1.5665720">
    <ele>105.0</ele>
    <time>2022-02-10T16:25:09Z</time>
   </trkpt>
   <trkpt lat="53.8499530" lon="-1.5665670">
    <ele>104.8</ele>
    <time>2022-02-10T16:25:10Z</time>
   </trkpt>
   <trkpt lat="53.8499840" lon="-1.5665630">
    <ele>104.6</ele>
    <time>2022-02-10T16:25:11Z</time>
   </trkpt>
   <trkpt lat="53.8500130" lon="-1.5665620">
    <ele>104.4</ele>
    <time>2022-02-10T16:25:12Z</time>
   </trkpt>
   <trkpt lat="53.8500480" lon="-1.5665700">
    <ele>104.1</ele>
    <time>2022-02-10T16:25:13Z</time>
   </trkpt>
   <trkpt lat="53.8500590" lon="-1.5665750">
    <ele>104.0</ele>
    <time>2022-02-10T16:25:14Z</time>
   </trkpt>
   <trkpt lat="53.8500880" lon="-1.5665930">
    <ele>103.7</ele>
    <time>2022-02-10T16:25:15Z</time>
   </trkpt>
   <trkpt lat="53.8500970" lon="-1.5665990">
    <ele>103.6</ele>
    <time>2022-02-10T16:25:16Z</time>
   </trkpt>
   <trkpt lat="53.8501250" lon="-1.5666130">
    <ele>103.3</ele>
    <time>2022-02-10T16:25:17Z</time>
   </trkpt>
   <trkpt lat="53.8501350" lon="-1.5666170">
    <ele>103.2</ele>
    <time>2022-02-10T16:25:18Z</time>
   </trkpt>
   <trkpt lat="53.8501540" lon="-1.5666250">
    <ele>103.0</ele>
    <time>2022-02-10T16:25:19Z</time>
   </trkpt>
   <trkpt lat="53.8501680" lon="-1.5666330">
    <ele>102.8</ele>
    <time>2022-02-10T16:25:20Z</time>
   </trkpt>
   <trkpt lat="53.8501880" lon="-1.5666500">
    <ele>102.5</ele>
    <time>2022-02-10T16:25:21Z</time>
   </trkpt>
   <trkpt lat="53.8501950" lon="-1.5666580">
    <ele>102.4</ele>
    <time>2022-02-10T16:25:22Z</time>
   </trkpt>
   <trkpt lat="53.8502030" lon="-1.5666670">
    <ele>102.3</ele>
    <time>2022-02-10T16:25:23Z</time>
   </trkpt>
   <trkpt lat="53.8502170" lon="-1.5666780">
    <ele>102.1</ele>
    <time>2022-02-10T16:25:24Z</time>
   </trkpt>
   <trkpt lat="53.8502340" lon="-1.5666870">
    <ele>101.8</ele>
    <time>2022-02-10T16:25:25Z</time>
   </trkpt>
   <trkpt lat="53.8502520" lon="-1.5666940">
    <ele>101.6</ele>
    <time>2022-02-10T16:25:26Z</time>
   </trkpt>
   <trkpt lat="53.8502690" lon="-1.5667010">
    <ele>101.4</ele>
    <time>2022-02-10T16:25:27Z</time>
   </trkpt>
   <trkpt lat="53.8502960" lon="-1.5667100">
    <ele>101.1</ele>
    <time>2022-02-10T16:25:28Z</time>
   </trkpt>
   <trkpt lat="53.8503060" lon="-1.5667110">
    <ele>101.0</ele>
    <time>2022-02-10T16:25:29Z</time>
   </trkpt>
   <trkpt lat="53.8503390" lon="-1.5667070">
    <ele>100.6</ele>
    <time>2022-02-10T16:25:30Z</time>
   </trkpt>
   <trkpt lat="53.8503500" lon="-1.5667040">
    <ele>100.6</ele>
    <time>2022-02-10T16:25:31Z</time>
   </trkpt>
   <trkpt lat="53.8503810" lon="-1.5666970">
    <ele>100.3</ele>
    <time>2022-02-10T16:25:32Z</time>
   </trkpt>
   <trkpt lat="53.8503910" lon="-1.5666950">
    <ele>100.2</ele>
    <time>2022-02-10T16:25:33Z</time>
   </trkpt>
   <trkpt lat="53.8504260" lon="-1.5666880">
    <ele>100.0</ele>
    <time>2022-02-10T16:25:34Z</time>
   </trkpt>
   <trkpt lat="53.8504380" lon="-1.5666840">
    <ele>100.0</ele>
    <time>2022-02-10T16:25:35Z</time>
   </trkpt>
   <trkpt lat="53.8504760" lon="-1.5666740">
    <ele>99.9</ele>
    <time>2022-02-10T16:25:36Z</time>
   </trkpt>
   <trkpt lat="53.8504880" lon="-1.5666710">
    <ele>99.9</ele>
    <time>2022-02-10T16:25:37Z</time>
   </trkpt>
   <trkpt lat="53.8505220" lon="-1.5666480">
    <ele>99.9</ele>
    <time>2022-02-10T16:25:38Z</time>
   </trkpt>
   <trkpt lat="53.8505320" lon="-1.5666380">
    <ele>99.9</ele>
    <time>2022-02-10T16:25:39Z</time>
   </trkpt>
   <trkpt lat="53.8505530" lon="-1.5666040">
    <ele>99.9</ele>
    <time>2022-02-10T16:25:40Z</time>
   </trkpt>
   <trkpt lat="53.8505720" lon="-1.5665630">
    <ele>100.0</ele>
    <time>2022-02-10T16:25:41Z</time>
   </trkpt>
   <trkpt lat="53.8505890" lon="-1.5665210">
    <ele>100.6</ele>
    <time>2022-02-10T16:25:42Z</time>
   </trkpt>
   <trkpt lat="53.8506020" lon="-1.5664760">
    <ele>100.8</ele>
    <time>2022-02-10T16:25:43Z</time>
   </trkpt>
   <trkpt lat="53.8506130" lon="-1.5664300">
    <ele>101.0</ele>
    <time>2022-02-10T16:25:44Z</time>
   </trkpt>
   <trkpt lat="53.8506240" lon="-1.5663870">
    <ele>101.2</ele>
    <time>2022-02-10T16:25:45Z</time>
   </trkpt>
   <trkpt lat="53.8506430" lon="-1.5663290">
    <ele>101.6</ele>
    <time>2022-02-10T16:25:46Z</time>
   </trkpt>
   <trkpt lat="53.8506500" lon="-1.5663100">
    <ele>101.7</ele>
    <time>2022-02-10T16:25:47Z</time>
   </trkpt>
   <trkpt lat="53.8506730" lon="-1.5662620">
    <ele>102.2</ele>
    <time>2022-02-10T16:25:48Z</time>
   </trkpt>
   <trkpt lat="53.8506810" lon="-1.5662470">
    <ele>102.3</ele>
    <time>2022-02-10T16:25:49Z</time>
   </trkpt>
   <trkpt lat="53.8507070" lon="-1.5662030">
    <ele>102.8</ele>
    <time>2022-02-10T16:25:50Z</time>
   </trkpt>
   <trkpt lat="53.8507160" lon="-1.5661880">
    <ele>103.0</ele>
    <time>2022-02-10T16:25:51Z</time>
   </trkpt>
   <trkpt lat="53.8507380" lon="-1.5661430">
    <ele>103.5</ele>
    <time>2022-02-10T16:25:52Z</time>
   </trkpt>
   <trkpt lat="53.8507450" lon="-1.5661260">
    <ele>103.7</ele>
    <time>2022-02-10T16:25:53Z</time>
   </trkpt>
   <trkpt lat="53.8507620" lon="-1.5660750">
    <ele>104.2</ele>
    <time>2022-02-10T16:25:54Z</time>
   </trkpt>
   <trkpt lat="53.8507670" lon="-1.5660590">
    <ele>104.4</ele>
    <time>2022-02-10T16:25:55Z</time>
   </trkpt>
   <trkpt lat="53.8507870" lon="-1.5660140">
    <ele>104.9</ele>
    <time>2022-02-10T16:25:56Z</time>
   </trkpt>
   <trkpt lat="53.8507940" lon="-1.5660000">
    <ele>105.0</ele>
    <time>2022-02-10T16:25:57Z</time>
   </trkpt>
   <trkpt lat="53.8508190" lon="-1.5659630">
    <ele>105.5</ele>
    <time>2022-02-10T16:25:58Z</time>
   </trkpt>
   <trkpt lat="53.8508270" lon="-1.5659520">
    <ele>105.6</ele>
    <time>2022-02-10T16:25:59Z</time>
   </trkpt>
   <trkpt lat="53.8508520" lon="-1.5659190">
    <ele>106.0</ele>
    <time>2022-02-10T16:26:00Z</time>
   </trkpt>
   <trkpt lat="53.8508600" lon="-1.5659080">
    <ele>106.2</ele>
    <time>2022-02-10T16:26:01Z</time>
   </trkpt>
   <trkpt lat="53.8508880" lon="-1.5658760">
    <ele>106.6</ele>
    <time>2022-02-10T16:26:02Z</time>
   </trkpt>
   <trkpt lat="53.8508970" lon="-1.5658660">
    <ele>106.8</ele>
    <time>2022-02-10T16:26:03Z</time>
   </trkpt>
   <trkpt lat="53.8509250" lon="-1.5658420">
    <ele>107.2</ele>
    <time>2022-02-10T16:26:04Z</time>
   </trkpt>
   <trkpt lat="53.8509340" lon="-1.5658340">
    <ele>107.3</ele>
    <time>2022-02-10T16:26:05Z</time>
   </trkpt>
   <trkpt lat="53.8509610" lon="-1.5658100">
    <ele>107.7</ele>
    <time>2022-02-10T16:26:06Z</time>
   </trkpt>
   <trkpt lat="53.8509710" lon="-1.5658020">
    <ele>107.8</ele>
    <time>2022-02-10T16:26:07Z</time>
   </trkpt>
   <trkpt lat="53.8510000" lon="-1.5657780">
    <ele>108.2</ele>
    <time>2022-02-10T16:26:08Z</time>
   </trkpt>
   <trkpt lat="53.8510090" lon="-1.5657700">
    <ele>108.3</ele>
    <time>2022-02-10T16:26:09Z</time>
   </trkpt>
   <trkpt lat="53.8510400" lon="-1.5657450">
    <ele>108.8</ele>
    <time>2022-02-10T16:26:10Z</time>
   </trkpt>
   <trkpt lat="53.8510500" lon="-1.5657370">
    <ele>108.9</ele>
    <time>2022-02-10T16:26:11Z</time>
   </trkpt>
   <trkpt lat="53.8510790" lon="-1.5657070">
    <ele>109.0</ele>
    <time>2022-02-10T16:26:12Z</time>
   </trkpt>
   <trkpt lat="53.8510870" lon="-1.5656960">
    <ele>110.2</ele>
    <time>2022-02-10T16:26:13Z</time>
   </trkpt>
   <trkpt lat="53.8511120" lon="-1.5656510">
    <ele>110.5</ele>
    <time>2022-02-10T16:26:14Z</time>
   </trkpt>
   <trkpt lat="53.8511190" lon="-1.5656340">
    <ele>110.6</ele>
    <time>2022-02-10T16:26:15Z</time>
   </trkpt>
   <trkpt lat="53.8511340" lon="-1.5655730">
    <ele>110.9</ele>
    <time>2022-02-10T16:26:16Z</time>
   </trkpt>
   <trkpt lat="53.8511370" lon="-1.5655510">
    <ele>111.0</ele>
    <time>2022-02-10T16:26:17Z</time>
   </trkpt>
   <trkpt lat="53.8511430" lon="-1.5654830">
    <ele>111.3</ele>
    <time>2022-02-10T16:26:18Z</time>
   </trkpt>
   <trkpt lat="53.8511450" lon="-1.5654600">
    <ele>111.4</ele>
    <time>2022-02-10T16:26:19Z</time>
   </trkpt>
   <trkpt lat="53.8511490" lon="-1.5653770">
    <ele>111.7</ele>
    <time>2022-02-10T16:26:21Z</time>
   </trkpt>
   <trkpt lat="53.8511570" lon="-1.5653130">
    <ele>112.0</ele>
    <time>2022-02-10T16:26:22Z</time>
   </trkpt>
   <trkpt lat="53.8511590" lon="-1.5652920">
    <ele>112.1</ele>
    <time>2022-02-10T16:26:23Z</time>
   </trkpt>
   <trkpt lat="53.8511670" lon="-1.5652290">
    <ele>112.3</ele>
    <time>2022-02-10T16:26:24Z</time>
   </trkpt>
   <trkpt lat="53.8511700" lon="-1.5652080">
    <ele>112.4</ele>
    <time>2022-02-10T16:26:25Z</time>
   </trkpt>
   <trkpt lat="53.8511700" lon="-1.5651430">
    <ele>112.7</ele>
    <time>2022-02-10T16:26:26Z</time>
   </trkpt>
   <trkpt lat="53.8511690" lon="-1.5651210">
    <ele>112.8</ele>
    <time>2022-02-10T16:26:27Z</time>
   </trkpt>
   <trkpt lat="53.8511580" lon="-1.5650580">
    <ele>113.1</ele>
    <time>2022-02-10T16:26:28Z</time>
   </trkpt>
   <trkpt lat="53.8511530" lon="-1.5650360">
    <ele>113.2</ele>
    <time>2022-02-10T16:26:29Z</time>
   </trkpt>
   <trkpt lat="53.8511380" lon="-1.5649770">
    <ele>113.4</ele>
    <time>2022-02-10T16:26:30Z</time>
   </trkpt>
   <trkpt lat="53.8511320" lon="-1.5649580">
    <ele>113.5</ele>
    <time>2022-02-10T16:26:31Z</time>
   </trkpt>
   <trkpt lat="53.8511120" lon="-1.5649060">
    <ele>113.8</ele>
    <time>2022-02-10T16:26:32Z</time>
   </trkpt>
   <trkpt lat="53.8511060" lon="-1.5648900">
    <ele>113.9</ele>
    <time>2022-02-10T16:26:33Z</time>
   </trkpt>
   <trkpt lat="53.8510900" lon="-1.5648410">
    <ele>114.1</ele>
    <time>2022-02-10T16:26:34Z</time>
   </trkpt>
   <trkpt lat="53.8510840" lon="-1.5648250">
    <ele>114.2</ele>
    <time>2022-02-10T16:26:35Z</time>
   </trkpt>
   <trkpt lat="53.8510690" lon="-1.5647740">
    <ele>114.5</ele>
    <time>2022-02-10T16:26:36Z</time>
   </trkpt>
   <trkpt lat="53.8510630" lon="-1.5647570">
    <ele>114.6</ele>
    <time>2022-02-10T16:26:37Z</time>
   </trkpt>
   <trkpt lat="53.8510470" lon="-1.5647040">
    <ele>114.8</ele>
    <time>2022-02-10T16:26:38Z</time>
   </trkpt>
   <trkpt lat="53.8510430" lon="-1.5646860">
    <ele>114.9</ele>
    <time>2022-02-10T16:26:39Z</time>
   </trkpt>
   <trkpt lat="53.8510330" lon="-1.5646290">
    <ele>115.2</ele>
    <time>2022-02-10T16:26:40Z</time>
   </trkpt>
   <trkpt lat="53.8510300" lon="-1.5646090">
    <ele>115.3</ele>
    <time>2022-02-10T16:26:41Z</time>
   </trkpt>
   <trkpt lat="53.8510250" lon="-1.5645540">
    <ele>115.6</ele>
    <time>2022-02-10T16:26:42Z</time>
   </trkpt>
   <trkpt lat="53.8510230" lon="-1.5645340">
    <ele>115.7</ele>
    <time>2022-02-10T16:26:43Z</time>
   </trkpt>
   <trkpt lat="53.8510140" lon="-1.5644780">
    <ele>116.0</ele>
    <time>2022-02-10T16:26:44Z</time>
   </trkpt>
   <trkpt lat="53.8510100" lon="-1.5644610">
    <ele>116.0</ele>
    <time>2022-02-10T16:26:45Z</time>
   </trkpt>
   <trkpt lat="53.8509940" lon="-1.5644100">
    <ele>116.3</ele>
    <time>2022-02-10T16:26:46Z</time>
   </trkpt>
   <trkpt lat="53.8509890" lon="-1.5643940">
    <ele>116.4</ele>
    <time>2022-02-10T16:26:47Z</time>
   </trkpt>
   <trkpt lat="53.8509730" lon="-1.5643470">
    <ele>116.7</ele>
    <time>2022-02-10T16:26:48Z</time>
   </trkpt>
   <trkpt lat="53.8509680" lon="-1.5643310">
    <ele>116.8</ele>
    <time>2022-02-10T16:26:49Z</time>
   </trkpt>
   <trkpt lat="53.8509580" lon="-1.5642790">
    <ele>117.1</ele>
    <time>2022-02-10T16:26:50Z</time>
   </trkpt>
   <trkpt lat="53.8509560" lon="-1.5642620">
    <ele>117.1</ele>
    <time>2022-02-10T16:26:51Z</time>
   </trkpt>
   <trkpt lat="53.8509490" lon="-1.5642110">
    <ele>117.4</ele>
    <time>2022-02-10T16:26:52Z</time>
   </trkpt>
   <trkpt lat="53.8509460" lon="-1.5641950">
    <ele>117.5</ele>
    <time>2022-02-10T16:26:53Z</time>
   </trkpt>
   <trkpt lat="53.8509370" lon="-1.5641500">
    <ele>117.7</ele>
    <time>2022-02-10T16:26:54Z</time>
   </trkpt>
   <trkpt lat="53.8509340" lon="-1.5641350">
    <ele>117.8</ele>
    <time>2022-02-10T16:26:55Z</time>
   </trkpt>
   <trkpt lat="53.8509270" lon="-1.5640880">
    <ele>118.0</ele>
    <time>2022-02-10T16:26:56Z</time>
   </trkpt>
   <trkpt lat="53.8509240" lon="-1.5640720">
    <ele>118.1</ele>
    <time>2022-02-10T16:26:57Z</time>
   </trkpt>
   <trkpt lat="53.8509140" lon="-1.5640230">
    <ele>118.4</ele>
    <time>2022-02-10T16:26:58Z</time>
   </trkpt>
   <trkpt lat="53.8509100" lon="-1.5640070">
    <ele>118.5</ele>
    <time>2022-02-10T16:26:59Z</time>
   </trkpt>
   <trkpt lat="53.8508960" lon="-1.5639600">
    <ele>118.7</ele>
    <time>2022-02-10T16:27:00Z</time>
   </trkpt>
   <trkpt lat="53.8508910" lon="-1.5639440">
    <ele>118.8</ele>
    <time>2022-02-10T16:27:01Z</time>
   </trkpt>
   <trkpt lat="53.8508730" lon="-1.5638990">
    <ele>119.1</ele>
    <time>2022-02-10T16:27:02Z</time>
   </trkpt>
   <trkpt lat="53.8508670" lon="-1.5638840">
    <ele>119.2</ele>
    <time>2022-02-10T16:27:03Z</time>
   </trkpt>
   <trkpt lat="53.8508470" lon="-1.5638420">
    <ele>119.4</ele>
    <time>2022-02-10T16:27:04Z</time>
   </trkpt>
   <trkpt lat="53.8508410" lon="-1.5638290">
    <ele>119.5</ele>
    <time>2022-02-10T16:27:05Z</time>
   </trkpt>
   <trkpt lat="53.8508190" lon="-1.5637950">
    <ele>119.8</ele>
    <time>2022-02-10T16:27:06Z</time>
   </trkpt>
   <trkpt lat="53.8508110" lon="-1.5637850">
    <ele>119.8</ele>
    <time>2022-02-10T16:27:07Z</time>
   </trkpt>
   <trkpt lat="53.8507830" lon="-1.5637660">
    <ele>120.0</ele>
    <time>2022-02-10T16:27:08Z</time>
   </trkpt>
   <trkpt lat="53.8507730" lon="-1.5637620">
    <ele>119.9</ele>
    <time>2022-02-10T16:27:09Z</time>
   </trkpt>
   <trkpt lat="53.8507390" lon="-1.5637550">
    <ele>119.6</ele>
    <time>2022-02-10T16:27:10Z</time>
   </trkpt>
   <trkpt lat="53.8507270" lon="-1.5637530">
    <ele>119.5</ele>
    <time>2022-02-10T16:27:11Z</time>
   </trkpt>
   <trkpt lat="53.8506930" lon="-1.5637560">
    <ele>119.3</ele>
    <time>2022-02-10T16:27:12Z</time>
   </trkpt>
   <trkpt lat="53.8506820" lon="-1.5637570">
    <ele>119.2</ele>
    <time>2022-02-10T16:27:13Z</time>
   </trkpt>
   <trkpt lat="53.8506500" lon="-1.5637660">
    <ele>118.9</ele>
    <time>2022-02-10T16:27:14Z</time>
   </trkpt>
   <trkpt lat="53.8506390" lon="-1.5637700">
    <ele>118.8</ele>
    <time>2022-02-10T16:27:15Z</time>
   </trkpt>
   <trkpt lat="53.8506090" lon="-1.5637930">
    <ele>118.6</ele>
    <time>2022-02-10T16:27:16Z</time>
   </trkpt>
   <trkpt lat="53.8505980" lon="-1.5638010">
    <ele>118.5</ele>
    <time>2022-02-10T16:27:17Z</time>
   </trkpt>
   <trkpt lat="53.8505690" lon="-1.5638260">
    <ele>118.3</ele>
    <time>2022-02-10T16:27:18Z</time>
   </trkpt>
   <trkpt lat="53.8505590" lon="-1.5638330">
    <ele>118.2</ele>
    <time>2022-02-10T16:27:19Z</time>
   </trkpt>
   <trkpt lat="53.8505290" lon="-1.5638480">
    <ele>118.0</ele>
    <time>2022-02-10T16:27:20Z</time>
   </trkpt>
   <trkpt lat="53.8505190" lon="-1.5638530">
    <ele>117.9</ele>
    <time>2022-02-10T16:27:21Z</time>
   </trkpt>
   <trkpt lat="53.8504870" lon="-1.5638580">
    <ele>117.7</ele>
    <time>2022-02-10T16:27:22Z</time>
   </trkpt>
   <trkpt lat="53.8504760" lon="-1.5638590">
    <ele>117.7</ele>
    <time>2022-02-10T16:27:23Z</time>
   </trkpt>
   <trkpt lat="53.8504430" lon="-1.5638490">
    <ele>117.5</ele>
    <time>2022-02-10T16:27:24Z</time>
   </trkpt>
   <trkpt lat="53.8504320" lon="-1.5638430">
    <ele>117.4</ele>
    <time>2022-02-10T16:27:25Z</time>
   </trkpt>
   <trkpt lat="53.8503970" lon="-1.5638130">
    <ele>117.3</ele>
    <time>2022-02-10T16:27:26Z</time>
   </trkpt>
   <trkpt lat="53.8503860" lon="-1.5638000">
    <ele>117.2</ele>
    <time>2022-02-10T16:27:27Z</time>
   </trkpt>
   <trkpt lat="53.8503610" lon="-1.5637740">
    <ele>117.1</ele>
    <time>2022-02-10T16:27:28Z</time>
   </trkpt>
   <trkpt lat="53.8503340" lon="-1.5637500">
    <ele>117.0</ele>
    <time>2022-02-10T16:27:29Z</time>
   </trkpt>
   <trkpt lat="53.8503060" lon="-1.5637300">
    <ele>116.8</ele>
    <time>2022-02-10T16:27:30Z</time>
   </trkpt>
   <trkpt lat="53.8502780" lon="-1.5637160">
    <ele>116.7</ele>
    <time>2022-02-10T16:27:31Z</time>
   </trkpt>
   <trkpt lat="53.8502500" lon="-1.5637030">
    <ele>116.6</ele>
    <time>2022-02-10T16:27:32Z</time>
   </trkpt>
   <trkpt lat="53.8502240" lon="-1.5636910">
    <ele>116.5</ele>
    <time>2022-02-10T16:27:33Z</time>
   </trkpt>
   <trkpt lat="53.8501910" lon="-1.5636680">
    <ele>116.4</ele>
    <time>2022-02-10T16:27:34Z</time>
   </trkpt>
   <trkpt lat="53.8501810" lon="-1.5636590">
    <ele>116.3</ele>
    <time>2022-02-10T16:27:35Z</time>
   </trkpt>
   <trkpt lat="53.8501560" lon="-1.5636290">
    <ele>116.2</ele>
    <time>2022-02-10T16:27:36Z</time>
   </trkpt>
   <trkpt lat="53.8501480" lon="-1.5636190">
    <ele>116.1</ele>
    <time>2022-02-10T16:27:37Z</time>
   </trkpt>
   <trkpt lat="53.8501290" lon="-1.5635840">
    <ele>116.0</ele>
    <time>2022-02-10T16:27:38Z</time>
   </trkpt>
   <trkpt lat="53.8501230" lon="-1.5635720">
    <ele>115.9</ele>
    <time>2022-02-10T16:27:39Z</time>
   </trkpt>
   <trkpt lat="53.8501120" lon="-1.5635490">
    <ele>115.8</ele>
    <time>2022-02-10T16:27:40Z</time>
   </trkpt>
   <trkpt lat="53.8501000" lon="-1.5635260">
    <ele>115.7</ele>
    <time>2022-02-10T16:27:41Z</time>
   </trkpt>
   <trkpt lat="53.8500880" lon="-1.5635060">
    <ele>115.6</ele>
    <time>2022-02-10T16:27:42Z</time>
   </trkpt>
   <trkpt lat="53.8500750" lon="-1.5634860">
    <ele>115.4</ele>
    <time>2022-02-10T16:27:43Z</time>
   </trkpt>
   <trkpt lat="53.8500610" lon="-1.5634690">
    <ele>115.3</ele>
    <time>2022-02-10T16:27:44Z</time>
   </trkpt>
   <trkpt lat="53.8500450" lon="-1.5634540">
    <ele>115.1</ele>
    <time>2022-02-10T16:27:45Z</time>
   </trkpt>
   <trkpt lat="53.8500310" lon="-1.5634460">
    <ele>114.9</ele>
    <time>2022-02-10T16:27:46Z</time>
   </trkpt>
   <trkpt lat="53.8500130" lon="-1.5634420">
    <ele>114.7</ele>
    <time>2022-02-10T16:27:47Z</time>
   </trkpt>
   <trkpt lat="53.8499850" lon="-1.5634390">
    <ele>114.4</ele>
    <time>2022-02-10T16:27:48Z</time>
   </trkpt>
   <trkpt lat="53.8499760" lon="-1.5634370">
    <ele>114.3</ele>
    <time>2022-02-10T16:27:49Z</time>
   </trkpt>
   <trkpt lat="53.8499460" lon="-1.5634300">
    <ele>113.9</ele>
    <time>2022-02-10T16:27:50Z</time>
   </trkpt>
   <trkpt lat="53.8499360" lon="-1.5634270">
    <ele>113.8</ele>
    <time>2022-02-10T16:27:51Z</time>
   </trkpt>
   <trkpt lat="53.8499020" lon="-1.5634140">
    <ele>113.3</ele>
    <time>2022-02-10T16:27:52Z</time>
   </trkpt>
   <trkpt lat="53.8498910" lon="-1.5634090">
    <ele>113.2</ele>
    <time>2022-02-10T16:27:53Z</time>
   </trkpt>
   <trkpt lat="53.8498590" lon="-1.5633900">
    <ele>112.7</ele>
    <time>2022-02-10T16:27:54Z</time>
   </trkpt>
   <trkpt lat="53.8498490" lon="-1.5633830">
    <ele>112.5</ele>
    <time>2022-02-10T16:27:55Z</time>
   </trkpt>
   <trkpt lat="53.8498180" lon="-1.5633750">
    <ele>112.1</ele>
    <time>2022-02-10T16:27:56Z</time>
   </trkpt>
   <trkpt lat="53.8498080" lon="-1.5633730">
    <ele>111.9</ele>
    <time>2022-02-10T16:27:57Z</time>
   </trkpt>
   <trkpt lat="53.8497770" lon="-1.5633730">
    <ele>111.5</ele>
    <time>2022-02-10T16:27:58Z</time>
   </trkpt>
   <trkpt lat="53.8497670" lon="-1.5633720">
    <ele>111.4</ele>
    <time>2022-02-10T16:27:59Z</time>
   </trkpt>
   <trkpt lat="53.8497370" lon="-1.5633720">
    <ele>110.9</ele>
    <time>2022-02-10T16:28:00Z</time>
   </trkpt>
   <trkpt lat="53.8497270" lon="-1.5633720">
    <ele>110.8</ele>
    <time>2022-02-10T16:28:01Z</time>
   </trkpt>
   <trkpt lat="53.8496980" lon="-1.5633790">
    <ele>110.4</ele>
    <time>2022-02-10T16:28:02Z</time>
   </trkpt>
   <trkpt lat="53.8496880" lon="-1.5633820">
    <ele>110.2</ele>
    <time>2022-02-10T16:28:03Z</time>
   </trkpt>
   <trkpt lat="53.8496570" lon="-1.5633900">
    <ele>109.8</ele>
    <time>2022-02-10T16:28:04Z</time>
   </trkpt>
   <trkpt lat="53.8496460" lon="-1.5633920">
    <ele>109.7</ele>
    <time>2022-02-10T16:28:05Z</time>
   </trkpt>
   <trkpt lat="53.8496140" lon="-1.5633900">
    <ele>109.2</ele>
    <time>2022-02-10T16:28:06Z</time>
   </trkpt>
   <trkpt lat="53.8496030" lon="-1.5633880">
    <ele>109.1</ele>
    <time>2022-02-10T16:28:07Z</time>
   </trkpt>
   <trkpt lat="53.8495710" lon="-1.5633810">
    <ele>108.7</ele>
    <time>2022-02-10T16:28:08Z</time>
   </trkpt>
   <trkpt lat="53.8495610" lon="-1.5633790">
    <ele>108.6</ele>
    <time>2022-02-10T16:28:09Z</time>
   </trkpt>
   <trkpt lat="53.8495290" lon="-1.5633750">
    <ele>108.3</ele>
    <time>2022-02-10T16:28:10Z</time>
   </trkpt>
   <trkpt lat="53.8495190" lon="-1.5633740">
    <ele>108.1</ele>
    <time>2022-02-10T16:28:11Z</time>
   </trkpt>
   <trkpt lat="53.8494870" lon="-1.5633710">
    <ele>107.8</ele>
    <time>2022-02-10T16:28:12Z</time>
   </trkpt>
   <trkpt lat="53.8494760" lon="-1.5633710">
    <ele>107.7</ele>
    <time>2022-02-10T16:28:13Z</time>
   </trkpt>
   <trkpt lat="53.8494460" lon="-1.5633780">
    <ele>107.4</ele>
    <time>2022-02-10T16:28:14Z</time>
   </trkpt>
   <trkpt lat="53.8494370" lon="-1.5633820">
    <ele>107.3</ele>
    <time>2022-02-10T16:28:15Z</time>
   </trkpt>
   <trkpt lat="53.8494210" lon="-1.5633910">
    <ele>107.1</ele>
    <time>2022-02-10T16:28:16Z</time>
   </trkpt>
   <trkpt lat="53.8494070" lon="-1.5633990">
    <ele>107.0</ele>
    <time>2022-02-10T16:28:17Z</time>
   </trkpt>
   <trkpt lat="53.8493940" lon="-1.5634040">
    <ele>106.9</ele>
    <time>2022-02-10T16:28:18Z</time>
   </trkpt>
   <trkpt lat="53.8493810" lon="-1.5634120">
    <ele>106.7</ele>
    <time>2022-02-10T16:28:19Z</time>
   </trkpt>
   <trkpt lat="53.8493680" lon="-1.5634280">
    <ele>106.6</ele>
    <time>2022-02-10T16:28:20Z</time>
   </trkpt>
   <trkpt lat="53.8493550" lon="-1.5634500">
    <ele>106.4</ele>
    <time>2022-02-10T16:28:21Z</time>
   </trkpt>
   <trkpt lat="53.8493330" lon="-1.5634920">
    <ele>106.1</ele>
    <time>2022-02-10T16:28:22Z</time>
   </trkpt>
   <trkpt lat="53.8493250" lon="-1.5635060">
    <ele>105.9</ele>
    <time>2022-02-10T16:28:23Z</time>
   </trkpt>
   <trkpt lat="53.8493000" lon="-1.5635520">
    <ele>105.6</ele>
    <time>2022-02-10T16:28:24Z</time>
   </trkpt>
   <trkpt lat="53.8492930" lon="-1.5635680">
    <ele>105.5</ele>
    <time>2022-02-10T16:28:25Z</time>
   </trkpt>
   <trkpt lat="53.8492750" lon="-1.5636200">
    <ele>105.1</ele>
    <time>2022-02-10T16:28:26Z</time>
   </trkpt>
   <trkpt lat="53.8492700" lon="-1.5636380">
    <ele>105.0</ele>
    <time>2022-02-10T16:28:27Z</time>
   </trkpt>
   <trkpt lat="53.8492540" lon="-1.5636960">
    <ele>104.6</ele>
    <time>2022-02-10T16:28:28Z</time>
   </trkpt>
   <trkpt lat="53.8492480" lon="-1.5637140">
    <ele>104.5</ele>
    <time>2022-02-10T16:28:29Z</time>
   </trkpt>
   <trkpt lat="53.8492280" lon="-1.5637510">
    <ele>104.2</ele>
    <time>2022-02-10T16:28:30Z</time>
   </trkpt>
   <trkpt lat="53.8492200" lon="-1.5637600">
    <ele>104.1</ele>
    <time>2022-02-10T16:28:31Z</time>
   </trkpt>
   <trkpt lat="53.8491920" lon="-1.5637740">
    <ele>103.9</ele>
    <time>2022-02-10T16:28:32Z</time>
   </trkpt>
   <trkpt lat="53.8491830" lon="-1.5637760">
    <ele>103.8</ele>
    <time>2022-02-10T16:28:33Z</time>
   </trkpt>
   <trkpt lat="53.8491550" lon="-1.5637710">
    <ele>103.6</ele>
    <time>2022-02-10T16:28:34Z</time>
   </trkpt>
   <trkpt lat="53.8491450" lon="-1.5637690">
    <ele>103.6</ele>
    <time>2022-02-10T16:28:35Z</time>
   </trkpt>
   <trkpt lat="53.8491150" lon="-1.5637570">
    <ele>103.3</ele>
    <time>2022-02-10T16:28:36Z</time>
   </trkpt>
   <trkpt lat="53.8491040" lon="-1.5637530">
    <ele>103.3</ele>
    <time>2022-02-10T16:28:37Z</time>
   </trkpt>
   <trkpt lat="53.8490700" lon="-1.5637450">
    <ele>103.0</ele>
    <time>2022-02-10T16:28:38Z</time>
   </trkpt>
   <trkpt lat="53.8490580" lon="-1.5637430">
    <ele>103.0</ele>
    <time>2022-02-10T16:28:39Z</time>
   </trkpt>
   <trkpt lat="53.8490200" lon="-1.5637370">
    <ele>102.7</ele>
    <time>2022-02-10T16:28:40Z</time>
   </trkpt>
   <trkpt lat="53.8490070" lon="-1.5637350">
    <ele>102.6</ele>
    <time>2022-02-10T16:28:41Z</time>
   </trkpt>
   <trkpt lat="53.8489690" lon="-1.5637250">
    <ele>102.4</ele>
    <time>2022-02-10T16:28:42Z</time>
   </trkpt>
   <trkpt lat="53.8489560" lon="-1.5637210">
    <ele>102.3</ele>
    <time>2022-02-10T16:28:43Z</time>
   </trkpt>
   <trkpt lat="53.8489200" lon="-1.5637180">
    <ele>102.0</ele>
    <time>2022-02-10T16:28:44Z</time>
   </trkpt>
   <trkpt lat="53.8489090" lon="-1.5637190">
    <ele>102.0</ele>
    <time>2022-02-10T16:28:45Z</time>
   </trkpt>
   <trkpt lat="53.8488790" lon="-1.5637330">
    <ele>101.8</ele>
    <time>2022-02-10T16:28:46Z</time>
   </trkpt>
   <trkpt lat="53.8488700" lon="-1.5637390">
    <ele>101.7</ele>
    <time>2022-02-10T16:28:47Z</time>
   </trkpt>
   <trkpt lat="53.8488440" lon="-1.5637500">
    <ele>101.3</ele>
    <time>2022-02-10T16:28:48Z</time>
   </trkpt>
   <trkpt lat="53.8488350" lon="-1.5637510">
    <ele>101.2</ele>
    <time>2022-02-10T16:28:49Z</time>
   </trkpt>
   <trkpt lat="53.8488040" lon="-1.5637460">
    <ele>101.2</ele>
    <time>2022-02-10T16:28:50Z</time>
   </trkpt>
   <trkpt lat="53.8487930" lon="-1.5637430">
    <ele>101.1</ele>
    <time>2022-02-10T16:28:51Z</time>
   </trkpt>
   <trkpt lat="53.8487580" lon="-1.5637310">
    <ele>101.0</ele>
    <time>2022-02-10T16:28:52Z</time>
   </trkpt>
   <trkpt lat="53.8487450" lon="-1.5637270">
    <ele>101.0</ele>
    <time>2022-02-10T16:28:53Z</time>
   </trkpt>
   <trkpt lat="53.8487070" lon="-1.5637120">
    <ele>100.9</ele>
    <time>2022-02-10T16:28:54Z</time>
   </trkpt>
   <trkpt lat="53.8486940" lon="-1.5637070">
    <ele>100.9</ele>
    <time>2022-02-10T16:28:55Z</time>
   </trkpt>
   <trkpt lat="53.8486680" lon="-1.5636950">
    <ele>100.8</ele>
    <time>2022-02-10T16:28:56Z</time>
   </trkpt>
   <trkpt lat="53.8486420" lon="-1.5636790">
    <ele>100.8</ele>
    <time>2022-02-10T16:28:57Z</time>
   </trkpt>
   <trkpt lat="53.8486170" lon="-1.5636570">
    <ele>100.7</ele>
    <time>2022-02-10T16:28:58Z</time>
   </trkpt>
   <trkpt lat="53.8485910" lon="-1.5636300">
    <ele>100.7</ele>
    <time>2022-02-10T16:28:59Z</time>
   </trkpt>
   <trkpt lat="53.8485650" lon="-1.5636030">
    <ele>100.7</ele>
    <time>2022-02-10T16:29:00Z</time>
   </trkpt>
   <trkpt lat="53.8485390" lon="-1.5635770">
    <ele>100.7</ele>
    <time>2022-02-10T16:29:01Z</time>
   </trkpt>
   <trkpt lat="53.8485120" lon="-1.5635470">
    <ele>100.7</ele>
    <time>2022-02-10T16:29:02Z</time>
   </trkpt>
   <trkpt lat="53.8484860" lon="-1.5635140">
    <ele>100.6</ele>
    <time>2022-02-10T16:29:03Z</time>
   </trkpt>
   <trkpt lat="53.8484600" lon="-1.5634830">
    <ele>100.6</ele>
    <time>2022-02-10T16:29:04Z</time>
   </trkpt>
   <trkpt lat="53.8484350" lon="-1.5634520">
    <ele>100.6</ele>
    <time>2022-02-10T16:29:05Z</time>
   </trkpt>
   <trkpt lat="53.8484090" lon="-1.5634210">
    <ele>100.5</ele>
    <time>2022-02-10T16:29:06Z</time>
   </trkpt>
   <trkpt lat="53.8483860" lon="-1.5633910">
    <ele>100.5</ele>
    <time>2022-02-10T16:29:07Z</time>
   </trkpt>
   <trkpt lat="53.8483620" lon="-1.5633590">
    <ele>100.4</ele>
    <time>2022-02-10T16:29:08Z</time>
   </trkpt>
   <trkpt lat="53.8483370" lon="-1.5633260">
    <ele>100.4</ele>
    <time>2022-02-10T16:29:09Z</time>
   </trkpt>
   <trkpt lat="53.8483100" lon="-1.5632930">
    <ele>100.3</ele>
    <time>2022-02-10T16:29:10Z</time>
   </trkpt>
   <trkpt lat="53.8482820" lon="-1.5632640">
    <ele>100.3</ele>
    <time>2022-02-10T16:29:11Z</time>
   </trkpt>
   <trkpt lat="53.8482530" lon="-1.5632360">
    <ele>100.2</ele>
    <time>2022-02-10T16:29:12Z</time>
   </trkpt>
   <trkpt lat="53.8482230" lon="-1.5632100">
    <ele>100.2</ele>
    <time>2022-02-10T16:29:13Z</time>
   </trkpt>
   <trkpt lat="53.8481930" lon="-1.5631840">
    <ele>100.2</ele>
    <time>2022-02-10T16:29:14Z</time>
   </trkpt>
   <trkpt lat="53.8481630" lon="-1.5631610">
    <ele>100.2</ele>
    <time>2022-02-10T16:29:15Z</time>
   </trkpt>
   <trkpt lat="53.8481330" lon="-1.5631380">
    <ele>100.2</ele>
    <time>2022-02-10T16:29:16Z</time>
   </trkpt>
   <trkpt lat="53.8481030" lon="-1.5631180">
    <ele>100.3</ele>
    <time>2022-02-10T16:29:17Z</time>
   </trkpt>
   <trkpt lat="53.8480740" lon="-1.5630990">
    <ele>100.3</ele>
    <time>2022-02-10T16:29:18Z</time>
   </trkpt>
   <trkpt lat="53.8480450" lon="-1.5630830">
    <ele>100.4</ele>
    <time>2022-02-10T16:29:19Z</time>
   </trkpt>
   <trkpt lat="53.8480180" lon="-1.5630700">
    <ele>100.5</ele>
    <time>2022-02-10T16:29:20Z</time>
   </trkpt>
   <trkpt lat="53.8479900" lon="-1.5630560">
    <ele>100.6</ele>
    <time>2022-02-10T16:29:21Z</time>
   </trkpt>
   <trkpt lat="53.8479630" lon="-1.5630410">
    <ele>100.7</ele>
    <time>2022-02-10T16:29:22Z</time>
   </trkpt>
   <trkpt lat="53.8479380" lon="-1.5630220">
    <ele>100.8</ele>
    <time>2022-02-10T16:29:23Z</time>
   </trkpt>
   <trkpt lat="53.8479120" lon="-1.5630000">
    <ele>101.0</ele>
    <time>2022-02-10T16:29:24Z</time>
   </trkpt>
   <trkpt lat="53.8478890" lon="-1.5629760">
    <ele>101.1</ele>
    <time>2022-02-10T16:29:25Z</time>
   </trkpt>
   <trkpt lat="53.8478590" lon="-1.5629340">
    <ele>101.4</ele>
    <time>2022-02-10T16:29:26Z</time>
   </trkpt>
   <trkpt lat="53.8478500" lon="-1.5629190">
    <ele>101.5</ele>
    <time>2022-02-10T16:29:27Z</time>
   </trkpt>
   <trkpt lat="53.8478290" lon="-1.5628890">
    <ele>101.6</ele>
    <time>2022-02-10T16:29:28Z</time>
   </trkpt>
   <trkpt lat="53.8477980" lon="-1.5628490">
    <ele>101.9</ele>
    <time>2022-02-10T16:29:29Z</time>
   </trkpt>
   <trkpt lat="53.8477870" lon="-1.5628380">
    <ele>101.9</ele>
    <time>2022-02-10T16:29:30Z</time>
   </trkpt>
   <trkpt lat="53.8477520" lon="-1.5628110">
    <ele>102.1</ele>
    <time>2022-02-10T16:29:31Z</time>
   </trkpt>
   <trkpt lat="53.8477400" lon="-1.5628030">
    <ele>102.2</ele>
    <time>2022-02-10T16:29:32Z</time>
   </trkpt>
   <trkpt lat="53.8477030" lon="-1.5627850">
    <ele>102.4</ele>
    <time>2022-02-10T16:29:33Z</time>
   </trkpt>
   <trkpt lat="53.8476910" lon="-1.5627800">
    <ele>102.4</ele>
    <time>2022-02-10T16:29:34Z</time>
   </trkpt>
   <trkpt lat="53.8476520" lon="-1.5627750">
    <ele>102.5</ele>
    <time>2022-02-10T16:29:35Z</time>
   </trkpt>
   <trkpt lat="53.8476390" lon="-1.5627750">
    <ele>102.6</ele>
    <time>2022-02-10T16:29:36Z</time>
   </trkpt>
   <trkpt lat="53.8476120" lon="-1.5627790">
    <ele>102.6</ele>
    <time>2022-02-10T16:29:37Z</time>
   </trkpt>
   <trkpt lat="53.8475740" lon="-1.5627910">
    <ele>102.6</ele>
    <time>2022-02-10T16:29:38Z</time>
   </trkpt>
   <trkpt lat="53.8475620" lon="-1.5627950">
    <ele>102.7</ele>
    <time>2022-02-10T16:29:39Z</time>
   </trkpt>
   <trkpt lat="53.8475250" lon="-1.5628080">
    <ele>102.7</ele>
    <time>2022-02-10T16:29:40Z</time>
   </trkpt>
   <trkpt lat="53.8475130" lon="-1.5628120">
    <ele>102.7</ele>
    <time>2022-02-10T16:29:41Z</time>
   </trkpt>
   <trkpt lat="53.8474730" lon="-1.5628250">
    <ele>102.6</ele>
    <time>2022-02-10T16:29:42Z</time>
   </trkpt>
   <trkpt lat="53.8474590" lon="-1.5628290">
    <ele>102.6</ele>
    <time>2022-02-10T16:29:43Z</time>
   </trkpt>
   <trkpt lat="53.8474130" lon="-1.5628540">
    <ele>102.5</ele>
    <time>2022-02-10T16:29:45Z</time>
   </trkpt>
   <trkpt lat="53.8473790" lon="-1.5628660">
    <ele>102.4</ele>
    <time>2022-02-10T16:29:46Z</time>
   </trkpt>
   <trkpt lat="53.8473680" lon="-1.5628680">
    <ele>102.3</ele>
    <time>2022-02-10T16:29:47Z</time>
   </trkpt>
   <trkpt lat="53.8473290" lon="-1.5628760">
    <ele>102.2</ele>
    <time>2022-02-10T16:29:48Z</time>
   </trkpt>
   <trkpt lat="53.8473160" lon="-1.5628790">
    <ele>102.1</ele>
    <time>2022-02-10T16:29:49Z</time>
   </trkpt>
   <trkpt lat="53.8472760" lon="-1.5628900">
    <ele>101.9</ele>
    <time>2022-02-10T16:29:50Z</time>
   </trkpt>
   <trkpt lat="53.8472630" lon="-1.5628950">
    <ele>101.9</ele>
    <time>2022-02-10T16:29:51Z</time>
   </trkpt>
   <trkpt lat="53.8472360" lon="-1.5629050">
    <ele>101.7</ele>
    <time>2022-02-10T16:29:52Z</time>
   </trkpt>
   <trkpt lat="53.8472080" lon="-1.5629140">
    <ele>101.5</ele>
    <time>2022-02-10T16:29:53Z</time>
   </trkpt>
   <trkpt lat="53.8471820" lon="-1.5629200">
    <ele>101.3</ele>
    <time>2022-02-10T16:29:54Z</time>
   </trkpt>
   <trkpt lat="53.8471430" lon="-1.5629220">
    <ele>101.0</ele>
    <time>2022-02-10T16:29:55Z</time>
   </trkpt>
   <trkpt lat="53.8471300" lon="-1.5629210">
    <ele>100.9</ele>
    <time>2022-02-10T16:29:56Z</time>
   </trkpt>
   <trkpt lat="53.8470920" lon="-1.5629190">
    <ele>100.6</ele>
    <time>2022-02-10T16:29:57Z</time>
   </trkpt>
   <trkpt lat="53.8470800" lon="-1.5629180">
    <ele>100.5</ele>
    <time>2022-02-10T16:29:58Z</time>
   </trkpt>
   <trkpt lat="53.8470540" lon="-1.5629180">
    <ele>100.3</ele>
    <time>2022-02-10T16:29:59Z</time>
   </trkpt>
   <trkpt lat="53.8470110" lon="-1.5629200">
    <ele>100.0</ele>
    <time>2022-02-10T16:30:01Z</time>
   </trkpt>
   <trkpt lat="53.8469760" lon="-1.5629250">
    <ele>99.7</ele>
    <time>2022-02-10T16:30:02Z</time>
   </trkpt>
   <trkpt lat="53.8469650" lon="-1.5629280">
    <ele>99.7</ele>
    <time>2022-02-10T16:30:03Z</time>
   </trkpt>
   <trkpt lat="53.8469330" lon="-1.5629450">
    <ele>99.4</ele>
    <time>2022-02-10T16:30:04Z</time>
   </trkpt>
   <trkpt lat="53.8469220" lon="-1.5629520">
    <ele>99.4</ele>
    <time>2022-02-10T16:30:05Z</time>
   </trkpt>
   <trkpt lat="53.8468900" lon="-1.5629820">
    <ele>99.2</ele>
    <time>2022-02-10T16:30:06Z</time>
   </trkpt>
   <trkpt lat="53.8468790" lon="-1.5629940">
    <ele>99.1</ele>
    <time>2022-02-10T16:30:07Z</time>
   </trkpt>
   <trkpt lat="53.8468510" lon="-1.5630360">
    <ele>99.0</ele>
    <time>2022-02-10T16:30:08Z</time>
   </trkpt>
   <trkpt lat="53.8468420" lon="-1.5630530">
    <ele>98.9</ele>
    <time>2022-02-10T16:30:09Z</time>
   </trkpt>
   <trkpt lat="53.8468140" lon="-1.5630980">
    <ele>98.8</ele>
    <time>2022-02-10T16:30:10Z</time>
   </trkpt>
   <trkpt lat="53.8468030" lon="-1.5631120">
    <ele>98.8</ele>
    <time>2022-02-10T16:30:11Z</time>
   </trkpt>
   <trkpt lat="53.8467710" lon="-1.5631380">
    <ele>98.8</ele>
    <time>2022-02-10T16:30:12Z</time>
   </trkpt>
   <trkpt lat="53.8467600" lon="-1.5631440">
    <ele>98.8</ele>
    <time>2022-02-10T16:30:13Z</time>
   </trkpt>
   <trkpt lat="53.8467260" lon="-1.5631490">
    <ele>98.9</ele>
    <time>2022-02-10T16:30:14Z</time>
   </trkpt>
   <trkpt lat="53.8467150" lon="-1.5631490">
    <ele>98.9</ele>
    <time>2022-02-10T16:30:15Z</time>
   </trkpt>
   <trkpt lat="53.8466750" lon="-1.5631450">
    <ele>99.0</ele>
    <time>2022-02-10T16:30:17Z</time>
   </trkpt>
   <trkpt lat="53.8466440" lon="-1.5631460">
    <ele>99.1</ele>
    <time>2022-02-10T16:30:18Z</time>
   </trkpt>
   <trkpt lat="53.8466330" lon="-1.5631470">
    <ele>99.2</ele>
    <time>2022-02-10T16:30:19Z</time>
   </trkpt>
   <trkpt lat="53.8466150" lon="-1.5631520">
    <ele>99.2</ele>
    <time>2022-02-10T16:30:20Z</time>
   </trkpt>
   <trkpt lat="53.8465980" lon="-1.5631600">
    <ele>99.3</ele>
    <time>2022-02-10T16:30:21Z</time>
   </trkpt>
   <trkpt lat="53.8465820" lon="-1.5631720">
    <ele>99.4</ele>
    <time>2022-02-10T16:30:22Z</time>
   </trkpt>
   <trkpt lat="53.8465670" lon="-1.5631850">
    <ele>99.5</ele>
    <time>2022-02-10T16:30:23Z</time>
   </trkpt>
   <trkpt lat="53.8465410" lon="-1.5632120">
    <ele>99.6</ele>
    <time>2022-02-10T16:30:24Z</time>
   </trkpt>
   <trkpt lat="53.8465330" lon="-1.5632220">
    <ele>99.6</ele>
    <time>2022-02-10T16:30:25Z</time>
   </trkpt>
   <trkpt lat="53.8465150" lon="-1.5632440">
    <ele>99.7</ele>
    <time>2022-02-10T16:30:26Z</time>
   </trkpt>
   <trkpt lat="53.8464830" lon="-1.5632910">
    <ele>99.9</ele>
    <time>2022-02-10T16:30:28Z</time>
   </trkpt>
   <trkpt lat="53.8464590" lon="-1.5633310">
    <ele>100.0</ele>
    <time>2022-02-10T16:30:29Z</time>
   </trkpt>
   <trkpt lat="53.8464520" lon="-1.5633450">
    <ele>100.1</ele>
    <time>2022-02-10T16:30:30Z</time>
   </trkpt>
   <trkpt lat="53.8464310" lon="-1.5633930">
    <ele>100.2</ele>
    <time>2022-02-10T16:30:31Z</time>
   </trkpt>
   <trkpt lat="53.8464240" lon="-1.5634090">
    <ele>100.3</ele>
    <time>2022-02-10T16:30:32Z</time>
   </trkpt>
   <trkpt lat="53.8464010" lon="-1.5634500">
    <ele>100.4</ele>
    <time>2022-02-10T16:30:33Z</time>
   </trkpt>
   <trkpt lat="53.8463930" lon="-1.5634620">
    <ele>100.5</ele>
    <time>2022-02-10T16:30:34Z</time>
   </trkpt>
   <trkpt lat="53.8463650" lon="-1.5634930">
    <ele>100.7</ele>
    <time>2022-02-10T16:30:35Z</time>
   </trkpt>
   <trkpt lat="53.8463560" lon="-1.5635030">
    <ele>100.7</ele>
    <time>2022-02-10T16:30:36Z</time>
   </trkpt>
   <trkpt lat="53.8463270" lon="-1.5635270">
    <ele>100.9</ele>
    <time>2022-02-10T16:30:37Z</time>
   </trkpt>
   <trkpt lat="53.8463170" lon="-1.5635350">
    <ele>101.0</ele>
    <time>2022-02-10T16:30:38Z</time>
   </trkpt>
   <trkpt lat="53.8462860" lon="-1.5635650">
    <ele>101.2</ele>
    <time>2022-02-10T16:30:39Z</time>
   </trkpt>
   <trkpt lat="53.8462750" lon="-1.5635770">
    <ele>101.3</ele>
    <time>2022-02-10T16:30:40Z</time>
   </trkpt>
   <trkpt lat="53.8462420" lon="-1.5636160">
    <ele>101.5</ele>
    <time>2022-02-10T16:30:41Z</time>
   </trkpt>
   <trkpt lat="53.8462310" lon="-1.5636300">
    <ele>101.5</ele>
    <time>2022-02-10T16:30:42Z</time>
   </trkpt>
   <trkpt lat="53.8462100" lon="-1.5636610">
    <ele>101.6</ele>
    <time>2022-02-10T16:30:43Z</time>
   </trkpt>
   <trkpt lat="53.8461890" lon="-1.5636910">
    <ele>101.7</ele>
    <time>2022-02-10T16:30:44Z</time>
   </trkpt>
   <trkpt lat="53.8461610" lon="-1.5637340">
    <ele>101.8</ele>
    <time>2022-02-10T16:30:45Z</time>
   </trkpt>
   <trkpt lat="53.8461530" lon="-1.5637470">
    <ele>101.9</ele>
    <time>2022-02-10T16:30:46Z</time>
   </trkpt>
   <trkpt lat="53.8461300" lon="-1.5637850">
    <ele>101.9</ele>
    <time>2022-02-10T16:30:47Z</time>
   </trkpt>
   <trkpt lat="53.8461220" lon="-1.5637980">
    <ele>101.9</ele>
    <time>2022-02-10T16:30:48Z</time>
   </trkpt>
   <trkpt lat="53.8461000" lon="-1.5638320">
    <ele>101.9</ele>
    <time>2022-02-10T16:30:49Z</time>
   </trkpt>
   <trkpt lat="53.8460920" lon="-1.5638430">
    <ele>101.8</ele>
    <time>2022-02-10T16:30:50Z</time>
   </trkpt>
   <trkpt lat="53.8460690" lon="-1.5638750">
    <ele>101.8</ele>
    <time>2022-02-10T16:30:51Z</time>
   </trkpt>
   <trkpt lat="53.8460620" lon="-1.5638850">
    <ele>101.8</ele>
    <time>2022-02-10T16:30:52Z</time>
   </trkpt>
   <trkpt lat="53.8460400" lon="-1.5639180">
    <ele>101.7</ele>
    <time>2022-02-10T16:30:53Z</time>
   </trkpt>
   <trkpt lat="53.8460330" lon="-1.5639290">
    <ele>101.6</ele>
    <time>2022-02-10T16:30:54Z</time>
   </trkpt>
   <trkpt lat="53.8460120" lon="-1.5639630">
    <ele>101.5</ele>
    <time>2022-02-10T16:30:55Z</time>
   </trkpt>
   <trkpt lat="53.8460060" lon="-1.5639750">
    <ele>101.5</ele>
    <time>2022-02-10T16:30:56Z</time>
   </trkpt>
   <trkpt lat="53.8459850" lon="-1.5640120">
    <ele>101.3</ele>
    <time>2022-02-10T16:30:57Z</time>
   </trkpt>
   <trkpt lat="53.8459780" lon="-1.5640240">
    <ele>101.2</ele>
    <time>2022-02-10T16:30:58Z</time>
   </trkpt>
   <trkpt lat="53.8459590" lon="-1.5640640">
    <ele>101.1</ele>
    <time>2022-02-10T16:30:59Z</time>
   </trkpt>
   <trkpt lat="53.8459530" lon="-1.5640780">
    <ele>101.0</ele>
    <time>2022-02-10T16:31:00Z</time>
   </trkpt>
   <trkpt lat="53.8459390" lon="-1.5641210">
    <ele>100.9</ele>
    <time>2022-02-10T16:31:01Z</time>
   </trkpt>
   <trkpt lat="53.8459350" lon="-1.5641340">
    <ele>100.8</ele>
    <time>2022-02-10T16:31:02Z</time>
   </trkpt>
   <trkpt lat="53.8459210" lon="-1.5641720">
    <ele>100.7</ele>
    <time>2022-02-10T16:31:03Z</time>
   </trkpt>
   <trkpt lat="53.8459150" lon="-1.5641860">
    <ele>100.6</ele>
    <time>2022-02-10T16:31:04Z</time>
   </trkpt>
   <trkpt lat="53.8458920" lon="-1.5642200">
    <ele>100.4</ele>
    <time>2022-02-10T16:31:05Z</time>
   </trkpt>
   <trkpt lat="53.8458830" lon="-1.5642330">
    <ele>100.4</ele>
    <time>2022-02-10T16:31:06Z</time>
   </trkpt>
   <trkpt lat="53.8458550" lon="-1.5642750">
    <ele>100.1</ele>
    <time>2022-02-10T16:31:07Z</time>
   </trkpt>
   <trkpt lat="53.8458470" lon="-1.5642890">
    <ele>100.1</ele>
    <time>2022-02-10T16:31:08Z</time>
   </trkpt>
   <trkpt lat="53.8458230" lon="-1.5643390">
    <ele>99.9</ele>
    <time>2022-02-10T16:31:09Z</time>
   </trkpt>
   <trkpt lat="53.8458160" lon="-1.5643560">
    <ele>99.8</ele>
    <time>2022-02-10T16:31:10Z</time>
   </trkpt>
   <trkpt lat="53.8457910" lon="-1.5644090">
    <ele>99.6</ele>
    <time>2022-02-10T16:31:11Z</time>
   </trkpt>
   <trkpt lat="53.8457810" lon="-1.5644270">
    <ele>99.5</ele>
    <time>2022-02-10T16:31:12Z</time>
   </trkpt>
   <trkpt lat="53.8457630" lon="-1.5644630">
    <ele>99.4</ele>
    <time>2022-02-10T16:31:13Z</time>
   </trkpt>
   <trkpt lat="53.8457430" lon="-1.5644980">
    <ele>99.2</ele>
    <time>2022-02-10T16:31:14Z</time>
   </trkpt>
   <trkpt lat="53.8457220" lon="-1.5645330">
    <ele>99.1</ele>
    <time>2022-02-10T16:31:15Z</time>
   </trkpt>
   <trkpt lat="53.8457010" lon="-1.5645670">
    <ele>98.9</ele>
    <time>2022-02-10T16:31:16Z</time>
   </trkpt>
   <trkpt lat="53.8456780" lon="-1.5645990">
    <ele>98.8</ele>
    <time>2022-02-10T16:31:17Z</time>
   </trkpt>
   <trkpt lat="53.8456550" lon="-1.5646300">
    <ele>98.7</ele>
    <time>2022-02-10T16:31:18Z</time>
   </trkpt>
   <trkpt lat="53.8456310" lon="-1.5646590">
    <ele>98.6</ele>
    <time>2022-02-10T16:31:19Z</time>
   </trkpt>
   <trkpt lat="53.8456070" lon="-1.5646870">
    <ele>98.4</ele>
    <time>2022-02-10T16:31:20Z</time>
   </trkpt>
   <trkpt lat="53.8455830" lon="-1.5647160">
    <ele>98.3</ele>
    <time>2022-02-10T16:31:21Z</time>
   </trkpt>
   <trkpt lat="53.8455570" lon="-1.5647470">
    <ele>98.2</ele>
    <time>2022-02-10T16:31:22Z</time>
   </trkpt>
   <trkpt lat="53.8455310" lon="-1.5647800">
    <ele>98.1</ele>
    <time>2022-02-10T16:31:23Z</time>
   </trkpt>
   <trkpt lat="53.8455060" lon="-1.5648150">
    <ele>98.0</ele>
    <time>2022-02-10T16:31:24Z</time>
   </trkpt>
   <trkpt lat="53.8454790" lon="-1.5648520">
    <ele>97.9</ele>
    <time>2022-02-10T16:31:25Z</time>
   </trkpt>
   <trkpt lat="53.8454520" lon="-1.5648890">
    <ele>97.8</ele>
    <time>2022-02-10T16:31:26Z</time>
   </trkpt>
   <trkpt lat="53.8454240" lon="-1.5649260">
    <ele>97.7</ele>
    <time>2022-02-10T16:31:27Z</time>
   </trkpt>
   <trkpt lat="53.8453950" lon="-1.5649630">
    <ele>97.7</ele>
    <time>2022-02-10T16:31:28Z</time>
   </trkpt>
   <trkpt lat="53.8453670" lon="-1.5649980">
    <ele>97.6</ele>
    <time>2022-02-10T16:31:29Z</time>
   </trkpt>
   <trkpt lat="53.8453390" lon="-1.5650320">
    <ele>97.5</ele>
    <time>2022-02-10T16:31:30Z</time>
   </trkpt>
   <trkpt lat="53.8453120" lon="-1.5650670">
    <ele>97.5</ele>
    <time>2022-02-10T16:31:31Z</time>
   </trkpt>
   <trkpt lat="53.8452870" lon="-1.5651040">
    <ele>97.4</ele>
    <time>2022-02-10T16:31:32Z</time>
   </trkpt>
   <trkpt lat="53.8452640" lon="-1.5651370">
    <ele>97.4</ele>
    <time>2022-02-10T16:31:33Z</time>
   </trkpt>
   <trkpt lat="53.8452430" lon="-1.5651690">
    <ele>97.3</ele>
    <time>2022-02-10T16:31:34Z</time>
   </trkpt>
   <trkpt lat="53.8452130" lon="-1.5652090">
    <ele>97.3</ele>
    <time>2022-02-10T16:31:35Z</time>
   </trkpt>
   <trkpt lat="53.8452030" lon="-1.5652220">
    <ele>97.3</ele>
    <time>2022-02-10T16:31:36Z</time>
   </trkpt>
   <trkpt lat="53.8451720" lon="-1.5652620">
    <ele>97.2</ele>
    <time>2022-02-10T16:31:37Z</time>
   </trkpt>
   <trkpt lat="53.8451620" lon="-1.5652750">
    <ele>97.2</ele>
    <time>2022-02-10T16:31:38Z</time>
   </trkpt>
   <trkpt lat="53.8451320" lon="-1.5653110">
    <ele>97.2</ele>
    <time>2022-02-10T16:31:39Z</time>
   </trkpt>
   <trkpt lat="53.8451220" lon="-1.5653220">
    <ele>97.2</ele>
    <time>2022-02-10T16:31:40Z</time>
   </trkpt>
   <trkpt lat="53.8450910" lon="-1.5653520">
    <ele>97.2</ele>
    <time>2022-02-10T16:31:41Z</time>
   </trkpt>
   <trkpt lat="53.8450810" lon="-1.5653600">
    <ele>97.2</ele>
    <time>2022-02-10T16:31:42Z</time>
   </trkpt>
   <trkpt lat="53.8450560" lon="-1.5653790">
    <ele>97.2</ele>
    <time>2022-02-10T16:31:43Z</time>
   </trkpt>
   <trkpt lat="53.8450480" lon="-1.5653840">
    <ele>97.2</ele>
    <time>2022-02-10T16:31:44Z</time>
   </trkpt>
   <trkpt lat="53.8450200" lon="-1.5653980">
    <ele>97.2</ele>
    <time>2022-02-10T16:31:45Z</time>
   </trkpt>
   <trkpt lat="53.8450110" lon="-1.5654030">
    <ele>97.2</ele>
    <time>2022-02-10T16:31:46Z</time>
   </trkpt>
   <trkpt lat="53.8449800" lon="-1.5654240">
    <ele>97.2</ele>
    <time>2022-02-10T16:31:47Z</time>
   </trkpt>
   <trkpt lat="53.8449690" lon="-1.5654310">
    <ele>97.2</ele>
    <time>2022-02-10T16:31:48Z</time>
   </trkpt>
   <trkpt lat="53.8449320" lon="-1.5654610">
    <ele>97.3</ele>
    <time>2022-02-10T16:31:49Z</time>
   </trkpt>
   <trkpt lat="53.8449200" lon="-1.5654720">
    <ele>97.3</ele>
    <time>2022-02-10T16:31:50Z</time>
   </trkpt>
   <trkpt lat="53.8448970" lon="-1.5654970">
    <ele>97.4</ele>
    <time>2022-02-10T16:31:51Z</time>
   </trkpt>
   <trkpt lat="53.8448740" lon="-1.5655240">
    <ele>97.4</ele>
    <time>2022-02-10T16:31:52Z</time>
   </trkpt>
   <trkpt lat="53.8448440" lon="-1.5655730">
    <ele>97.5</ele>
    <time>2022-02-10T16:31:53Z</time>
   </trkpt>
   <trkpt lat="53.8448330" lon="-1.5655910">
    <ele>97.5</ele>
    <time>2022-02-10T16:31:54Z</time>
   </trkpt>
   <trkpt lat="53.8448110" lon="-1.5656270">
    <ele>97.5</ele>
    <time>2022-02-10T16:31:55Z</time>
   </trkpt>
   <trkpt lat="53.8447900" lon="-1.5656620">
    <ele>97.6</ele>
    <time>2022-02-10T16:31:56Z</time>
   </trkpt>
   <trkpt lat="53.8447700" lon="-1.5656950">
    <ele>97.6</ele>
    <time>2022-02-10T16:31:57Z</time>
   </trkpt>
   <trkpt lat="53.8447440" lon="-1.5657420">
    <ele>97.6</ele>
    <time>2022-02-10T16:31:58Z</time>
   </trkpt>
   <trkpt lat="53.8447360" lon="-1.5657570">
    <ele>97.6</ele>
    <time>2022-02-10T16:31:59Z</time>
   </trkpt>
   <trkpt lat="53.8447090" lon="-1.5657980">
    <ele>97.7</ele>
    <time>2022-02-10T16:32:00Z</time>
   </trkpt>
   <trkpt lat="53.8447000" lon="-1.5658100">
    <ele>97.7</ele>
    <time>2022-02-10T16:32:01Z</time>
   </trkpt>
   <trkpt lat="53.8446710" lon="-1.5658420">
    <ele>97.7</ele>
    <time>2022-02-10T16:32:02Z</time>
   </trkpt>
   <trkpt lat="53.8446600" lon="-1.5658520">
    <ele>97.7</ele>
    <time>2022-02-10T16:32:03Z</time>
   </trkpt>
   <trkpt lat="53.8446300" lon="-1.5658860">
    <ele>97.7</ele>
    <time>2022-02-10T16:32:04Z</time>
   </trkpt>
   <trkpt lat="53.8446200" lon="-1.5658990">
    <ele>97.7</ele>
    <time>2022-02-10T16:32:05Z</time>
   </trkpt>
   <trkpt lat="53.8445870" lon="-1.5659380">
    <ele>97.7</ele>
    <time>2022-02-10T16:32:06Z</time>
   </trkpt>
   <trkpt lat="53.8445760" lon="-1.5659520">
    <ele>97.7</ele>
    <time>2022-02-10T16:32:07Z</time>
   </trkpt>
   <trkpt lat="53.8445530" lon="-1.5659790">
    <ele>97.6</ele>
    <time>2022-02-10T16:32:08Z</time>
   </trkpt>
   <trkpt lat="53.8445310" lon="-1.5660070">
    <ele>97.6</ele>
    <time>2022-02-10T16:32:09Z</time>
   </trkpt>
   <trkpt lat="53.8444990" lon="-1.5660490">
    <ele>97.6</ele>
    <time>2022-02-10T16:32:10Z</time>
   </trkpt>
   <trkpt lat="53.8444880" lon="-1.5660630">
    <ele>97.6</ele>
    <time>2022-02-10T16:32:11Z</time>
   </trkpt>
   <trkpt lat="53.8444560" lon="-1.5661010">
    <ele>97.6</ele>
    <time>2022-02-10T16:32:12Z</time>
   </trkpt>
   <trkpt lat="53.8444450" lon="-1.5661130">
    <ele>97.6</ele>
    <time>2022-02-10T16:32:13Z</time>
   </trkpt>
   <trkpt lat="53.8444130" lon="-1.5661520">
    <ele>97.6</ele>
    <time>2022-02-10T16:32:14Z</time>
   </trkpt>
   <trkpt lat="53.8444030" lon="-1.5661650">
    <ele>97.5</ele>
    <time>2022-02-10T16:32:15Z</time>
   </trkpt>
   <trkpt lat="53.8443780" lon="-1.5662100">
    <ele>97.5</ele>
    <time>2022-02-10T16:32:16Z</time>
   </trkpt>
   <trkpt lat="53.8443700" lon="-1.5662260">
    <ele>97.5</ele>
    <time>2022-02-10T16:32:17Z</time>
   </trkpt>
   <trkpt lat="53.8443430" lon="-1.5662710">
    <ele>97.5</ele>
    <time>2022-02-10T16:32:18Z</time>
   </trkpt>
   <trkpt lat="53.8443330" lon="-1.5662860">
    <ele>97.5</ele>
    <time>2022-02-10T16:32:19Z</time>
   </trkpt>
   <trkpt lat="53.8443120" lon="-1.5663160">
    <ele>97.4</ele>
    <time>2022-02-10T16:32:20Z</time>
   </trkpt>
   <trkpt lat="53.8442890" lon="-1.5663440">
    <ele>97.4</ele>
    <time>2022-02-10T16:32:21Z</time>
   </trkpt>
   <trkpt lat="53.8442660" lon="-1.5663740">
    <ele>97.4</ele>
    <time>2022-02-10T16:32:22Z</time>
   </trkpt>
   <trkpt lat="53.8442340" lon="-1.5664140">
    <ele>97.4</ele>
    <time>2022-02-10T16:32:23Z</time>
   </trkpt>
   <trkpt lat="53.8442230" lon="-1.5664270">
    <ele>97.4</ele>
    <time>2022-02-10T16:32:24Z</time>
   </trkpt>
   <trkpt lat="53.8441930" lon="-1.5664670">
    <ele>97.3</ele>
    <time>2022-02-10T16:32:25Z</time>
   </trkpt>
   <trkpt lat="53.8441830" lon="-1.5664800">
    <ele>97.3</ele>
    <time>2022-02-10T16:32:26Z</time>
   </trkpt>
   <trkpt lat="53.8441530" lon="-1.5665240">
    <ele>97.3</ele>
    <time>2022-02-10T16:32:27Z</time>
   </trkpt>
   <trkpt lat="53.8441440" lon="-1.5665380">
    <ele>97.3</ele>
    <time>2022-02-10T16:32:28Z</time>
   </trkpt>
   <trkpt lat="53.8441160" lon="-1.5665800">
    <ele>97.3</ele>
    <time>2022-02-10T16:32:29Z</time>
   </trkpt>
   <trkpt lat="53.8441070" lon="-1.5665940">
    <ele>97.3</ele>
    <time>2022-02-10T16:32:30Z</time>
   </trkpt>
   <trkpt lat="53.8440790" lon="-1.5666360">
    <ele>97.2</ele>
    <time>2022-02-10T16:32:31Z</time>
   </trkpt>
   <trkpt lat="53.8440690" lon="-1.5666500">
    <ele>97.2</ele>
    <time>2022-02-10T16:32:32Z</time>
   </trkpt>
   <trkpt lat="53.8440360" lon="-1.5666840">
    <ele>97.2</ele>
    <time>2022-02-10T16:32:33Z</time>
   </trkpt>
   <trkpt lat="53.8440240" lon="-1.5666940">
    <ele>97.2</ele>
    <time>2022-02-10T16:32:34Z</time>
   </trkpt>
   <trkpt lat="53.8439870" lon="-1.5667200">
    <ele>97.1</ele>
    <time>2022-02-10T16:32:35Z</time>
   </trkpt>
   <trkpt lat="53.8439740" lon="-1.5667270">
    <ele>97.1</ele>
    <time>2022-02-10T16:32:36Z</time>
   </trkpt>
   <trkpt lat="53.8439360" lon="-1.5667450">
    <ele>97.0</ele>
    <time>2022-02-10T16:32:37Z</time>
   </trkpt>
   <trkpt lat="53.8439230" lon="-1.5667490">
    <ele>97.0</ele>
    <time>2022-02-10T16:32:38Z</time>
   </trkpt>
   <trkpt lat="53.8438850" lon="-1.5667600">
    <ele>96.9</ele>
    <time>2022-02-10T16:32:39Z</time>
   </trkpt>
   <trkpt lat="53.8438720" lon="-1.5667640">
    <ele>96.9</ele>
    <time>2022-02-10T16:32:40Z</time>
   </trkpt>
   <trkpt lat="53.8438340" lon="-1.5667770">
    <ele>96.7</ele>
    <time>2022-02-10T16:32:41Z</time>
   </trkpt>
   <trkpt lat="53.8438210" lon="-1.5667820">
    <ele>96.6</ele>
    <time>2022-02-10T16:32:42Z</time>
   </trkpt>
   <trkpt lat="53.8437850" lon="-1.5667960">
    <ele>96.4</ele>
    <time>2022-02-10T16:32:43Z</time>
   </trkpt>
   <trkpt lat="53.8437720" lon="-1.5668010">
    <ele>96.3</ele>
    <time>2022-02-10T16:32:44Z</time>
   </trkpt>
   <trkpt lat="53.8437350" lon="-1.5668090">
    <ele>96.0</ele>
    <time>2022-02-10T16:32:45Z</time>
   </trkpt>
   <trkpt lat="53.8437220" lon="-1.5668120">
    <ele>95.9</ele>
    <time>2022-02-10T16:32:46Z</time>
   </trkpt>
   <trkpt lat="53.8436850" lon="-1.5668230">
    <ele>95.6</ele>
    <time>2022-02-10T16:32:47Z</time>
   </trkpt>
   <trkpt lat="53.8436730" lon="-1.5668280">
    <ele>95.5</ele>
    <time>2022-02-10T16:32:48Z</time>
   </trkpt>
   <trkpt lat="53.8436400" lon="-1.5668400">
    <ele>95.1</ele>
    <time>2022-02-10T16:32:49Z</time>
   </trkpt>
   <trkpt lat="53.8436280" lon="-1.5668430">
    <ele>95.0</ele>
    <time>2022-02-10T16:32:50Z</time>
   </trkpt>
   <trkpt lat="53.8435930" lon="-1.5668490">
    <ele>94.7</ele>
    <time>2022-02-10T16:32:51Z</time>
   </trkpt>
   <trkpt lat="53.8435810" lon="-1.5668510">
    <ele>94.5</ele>
    <time>2022-02-10T16:32:52Z</time>
   </trkpt>
   <trkpt lat="53.8435460" lon="-1.5668600">
    <ele>94.2</ele>
    <time>2022-02-10T16:32:53Z</time>
   </trkpt>
   <trkpt lat="53.8435340" lon="-1.5668630">
    <ele>94.0</ele>
    <time>2022-02-10T16:32:54Z</time>
   </trkpt>
   <trkpt lat="53.8434990" lon="-1.5668750">
    <ele>93.8</ele>
    <time>2022-02-10T16:32:55Z</time>
   </trkpt>
   <trkpt lat="53.8434870" lon="-1.5668800">
    <ele>93.8</ele>
    <time>2022-02-10T16:32:56Z</time>
   </trkpt>
   <trkpt lat="53.8434520" lon="-1.5668960">
    <ele>93.6</ele>
    <time>2022-02-10T16:32:57Z</time>
   </trkpt>
   <trkpt lat="53.8434400" lon="-1.5669020">
    <ele>93.5</ele>
    <time>2022-02-10T16:32:58Z</time>
   </trkpt>
   <trkpt lat="53.8434010" lon="-1.5669120">
    <ele>93.4</ele>
    <time>2022-02-10T16:32:59Z</time>
   </trkpt>
   <trkpt lat="53.8433890" lon="-1.5669140">
    <ele>93.4</ele>
    <time>2022-02-10T16:33:00Z</time>
   </trkpt>
   <trkpt lat="53.8433520" lon="-1.5669080">
    <ele>93.3</ele>
    <time>2022-02-10T16:33:01Z</time>
   </trkpt>
   <trkpt lat="53.8433400" lon="-1.5669030">
    <ele>93.3</ele>
    <time>2022-02-10T16:33:02Z</time>
   </trkpt>
   <trkpt lat="53.8433060" lon="-1.5668780">
    <ele>93.2</ele>
    <time>2022-02-10T16:33:03Z</time>
   </trkpt>
   <trkpt lat="53.8432940" lon="-1.5668690">
    <ele>93.2</ele>
    <time>2022-02-10T16:33:04Z</time>
   </trkpt>
   <trkpt lat="53.8432700" lon="-1.5668450">
    <ele>93.4</ele>
    <time>2022-02-10T16:33:05Z</time>
   </trkpt>
   <trkpt lat="53.8432290" lon="-1.5667890">
    <ele>93.7</ele>
    <time>2022-02-10T16:33:07Z</time>
   </trkpt>
   <trkpt lat="53.8432100" lon="-1.5667540">
    <ele>93.9</ele>
    <time>2022-02-10T16:33:08Z</time>
   </trkpt>
   <trkpt lat="53.8431930" lon="-1.5667140">
    <ele>94.1</ele>
    <time>2022-02-10T16:33:09Z</time>
   </trkpt>
   <trkpt lat="53.8431780" lon="-1.5666720">
    <ele>94.3</ele>
    <time>2022-02-10T16:33:10Z</time>
   </trkpt>
   <trkpt lat="53.8431600" lon="-1.5666120">
    <ele>94.7</ele>
    <time>2022-02-10T16:33:11Z</time>
   </trkpt>
   <trkpt lat="53.8431550" lon="-1.5665910">
    <ele>94.8</ele>
    <time>2022-02-10T16:33:12Z</time>
   </trkpt>
   <trkpt lat="53.8431450" lon="-1.5665310">
    <ele>95.1</ele>
    <time>2022-02-10T16:33:13Z</time>
   </trkpt>
   <trkpt lat="53.8431420" lon="-1.5665120">
    <ele>95.3</ele>
    <time>2022-02-10T16:33:14Z</time>
   </trkpt>
   <trkpt lat="53.8431270" lon="-1.5664590">
    <ele>95.6</ele>
    <time>2022-02-10T16:33:15Z</time>
   </trkpt>
   <trkpt lat="53.8431190" lon="-1.5664420">
    <ele>95.7</ele>
    <time>2022-02-10T16:33:16Z</time>
   </trkpt>
   <trkpt lat="53.8430920" lon="-1.5663980">
    <ele>96.0</ele>
    <time>2022-02-10T16:33:17Z</time>
   </trkpt>
   <trkpt lat="53.8430820" lon="-1.5663820">
    <ele>96.1</ele>
    <time>2022-02-10T16:33:18Z</time>
   </trkpt>
   <trkpt lat="53.8430600" lon="-1.5663490">
    <ele>96.4</ele>
    <time>2022-02-10T16:33:19Z</time>
   </trkpt>
   <trkpt lat="53.8430380" lon="-1.5663130">
    <ele>96.5</ele>
    <time>2022-02-10T16:33:20Z</time>
   </trkpt>
   <trkpt lat="53.8430170" lon="-1.5662750">
    <ele>96.6</ele>
    <time>2022-02-10T16:33:21Z</time>
   </trkpt>
   <trkpt lat="53.8429980" lon="-1.5662360">
    <ele>96.8</ele>
    <time>2022-02-10T16:33:22Z</time>
   </trkpt>
   <trkpt lat="53.8429810" lon="-1.5661970">
    <ele>96.9</ele>
    <time>2022-02-10T16:33:23Z</time>
   </trkpt>
   <trkpt lat="53.8429640" lon="-1.5661570">
    <ele>97.0</ele>
    <time>2022-02-10T16:33:24Z</time>
   </trkpt>
   <trkpt lat="53.8429480" lon="-1.5661160">
    <ele>97.1</ele>
    <time>2022-02-10T16:33:25Z</time>
   </trkpt>
   <trkpt lat="53.8429340" lon="-1.5660750">
    <ele>97.3</ele>
    <time>2022-02-10T16:33:26Z</time>
   </trkpt>
   <trkpt lat="53.8429210" lon="-1.5660330">
    <ele>97.4</ele>
    <time>2022-02-10T16:33:27Z</time>
   </trkpt>
   <trkpt lat="53.8429070" lon="-1.5659710">
    <ele>97.5</ele>
    <time>2022-02-10T16:33:28Z</time>
   </trkpt>
   <trkpt lat="53.8429030" lon="-1.5659500">
    <ele>97.5</ele>
    <time>2022-02-10T16:33:29Z</time>
   </trkpt>
   <trkpt lat="53.8428950" lon="-1.5658880">
    <ele>97.7</ele>
    <time>2022-02-10T16:33:30Z</time>
   </trkpt>
   <trkpt lat="53.8428920" lon="-1.5658670">
    <ele>97.7</ele>
    <time>2022-02-10T16:33:31Z</time>
   </trkpt>
   <trkpt lat="53.8428860" lon="-1.5658020">
    <ele>97.8</ele>
    <time>2022-02-10T16:33:32Z</time>
   </trkpt>
   <trkpt lat="53.8428840" lon="-1.5657800">
    <ele>97.9</ele>
    <time>2022-02-10T16:33:33Z</time>
   </trkpt>
   <trkpt lat="53.8428800" lon="-1.5657340">
    <ele>98.0</ele>
    <time>2022-02-10T16:33:34Z</time>
   </trkpt>
   <trkpt lat="53.8428750" lon="-1.5656870">
    <ele>98.1</ele>
    <time>2022-02-10T16:33:35Z</time>
   </trkpt>
   <trkpt lat="53.8428700" lon="-1.5656400">
    <ele>98.2</ele>
    <time>2022-02-10T16:33:36Z</time>
   </trkpt>
   <trkpt lat="53.8428650" lon="-1.5655940">
    <ele>98.3</ele>
    <time>2022-02-10T16:33:37Z</time>
   </trkpt>
   <trkpt lat="53.8428590" lon="-1.5655470">
    <ele>98.4</ele>
    <time>2022-02-10T16:33:38Z</time>
   </trkpt>
   <trkpt lat="53.8428540" lon="-1.5655020">
    <ele>98.4</ele>
    <time>2022-02-10T16:33:39Z</time>
   </trkpt>
   <trkpt lat="53.8428480" lon="-1.5654370">
    <ele>98.6</ele>
    <time>2022-02-10T16:33:40Z</time>
   </trkpt>
   <trkpt lat="53.8428450" lon="-1.5654160">
    <ele>98.6</ele>
    <time>2022-02-10T16:33:41Z</time>
   </trkpt>
   <trkpt lat="53.8428350" lon="-1.5653640">
    <ele>98.7</ele>
    <time>2022-02-10T16:33:42Z</time>
   </trkpt>
   <trkpt lat="53.8428320" lon="-1.5653490">
    <ele>98.7</ele>
    <time>2022-02-10T16:33:43Z</time>
   </trkpt>
   <trkpt lat="53.8428210" lon="-1.5653270">
    <ele>98.7</ele>
    <time>2022-02-10T16:33:44Z</time>
   </trkpt>
   <trkpt lat="53.8428050" lon="-1.5653140">
    <ele>98.7</ele>
    <time>2022-02-10T16:33:45Z</time>
   </trkpt>
   <trkpt lat="53.8427670" lon="-1.5653270">
    <ele>98.7</ele>
    <time>2022-02-10T16:33:46Z</time>
   </trkpt>
   <trkpt lat="53.8427500" lon="-1.5653440">
    <ele>98.7</ele>
    <time>2022-02-10T16:33:47Z</time>
   </trkpt>
   <trkpt lat="53.8427180" lon="-1.5653670">
    <ele>98.8</ele>
    <time>2022-02-10T16:33:48Z</time>
   </trkpt>
   <trkpt lat="53.8427080" lon="-1.5653750">
    <ele>98.8</ele>
    <time>2022-02-10T16:33:49Z</time>
   </trkpt>
   <trkpt lat="53.8426940" lon="-1.5653890">
    <ele>98.8</ele>
    <time>2022-02-10T16:33:50Z</time>
   </trkpt>
   <trkpt lat="53.8426860" lon="-1.5654020">
    <ele>98.8</ele>
    <time>2022-02-10T16:33:51Z</time>
   </trkpt>
   <trkpt lat="53.8426780" lon="-1.5654110">
    <ele>98.9</ele>
    <time>2022-02-10T16:33:52Z</time>
   </trkpt>
   <trkpt lat="53.8426750" lon="-1.5654140">
    <ele>98.9</ele>
    <time>2022-02-10T16:33:53Z</time>
   </trkpt>
   <trkpt lat="53.8426720" lon="-1.5654170">
    <ele>98.9</ele>
    <time>2022-02-10T16:33:54Z</time>
   </trkpt>
   <trkpt lat="53.8426690" lon="-1.5654200">
    <ele>98.9</ele>
    <time>2022-02-10T16:33:55Z</time>
   </trkpt>
   <trkpt lat="53.8426670" lon="-1.5654230">
    <ele>98.9</ele>
    <time>2022-02-10T16:33:56Z</time>
   </trkpt>
   <trkpt lat="53.8426640" lon="-1.5654260">
    <ele>98.9</ele>
    <time>2022-02-10T16:33:57Z</time>
   </trkpt>
   <trkpt lat="53.8426610" lon="-1.5654290">
    <ele>98.9</ele>
    <time>2022-02-10T16:33:58Z</time>
   </trkpt>
   <trkpt lat="53.8426580" lon="-1.5654320">
    <ele>98.9</ele>
    <time>2022-02-10T16:33:59Z</time>
   </trkpt>
   <trkpt lat="53.8426550" lon="-1.5654340">
    <ele>98.9</ele>
    <time>2022-02-10T16:34:00Z</time>
   </trkpt>
   <trkpt lat="53.8426180" lon="-1.5654410">
    <ele>99.1</ele>
    <time>2022-02-10T16:34:01Z</time>
   </trkpt>
   <trkpt lat="53.8426040" lon="-1.5654430">
    <ele>99.1</ele>
    <time>2022-02-10T16:34:02Z</time>
   </trkpt>
   <trkpt lat="53.8425730" lon="-1.5654450">
    <ele>99.3</ele>
    <time>2022-02-10T16:34:03Z</time>
   </trkpt>
   <trkpt lat="53.8425420" lon="-1.5654480">
    <ele>99.5</ele>
    <time>2022-02-10T16:34:04Z</time>
   </trkpt>
   <trkpt lat="53.8425100" lon="-1.5654490">
    <ele>99.7</ele>
    <time>2022-02-10T16:34:05Z</time>
   </trkpt>
   <trkpt lat="53.8424750" lon="-1.5654480">
    <ele>100.0</ele>
    <time>2022-02-10T16:34:06Z</time>
   </trkpt>
   <trkpt lat="53.8424410" lon="-1.5654440">
    <ele>100.4</ele>
    <time>2022-02-10T16:34:07Z</time>
   </trkpt>
   <trkpt lat="53.8424060" lon="-1.5654370">
    <ele>100.8</ele>
    <time>2022-02-10T16:34:08Z</time>
   </trkpt>
   <trkpt lat="53.8423780" lon="-1.5654270">
    <ele>101.1</ele>
    <time>2022-02-10T16:34:09Z</time>
   </trkpt>
   <trkpt lat="53.8423470" lon="-1.5654040">
    <ele>101.5</ele>
    <time>2022-02-10T16:34:10Z</time>
   </trkpt>
   <trkpt lat="53.8423380" lon="-1.5653950">
    <ele>101.7</ele>
    <time>2022-02-10T16:34:11Z</time>
   </trkpt>
   <trkpt lat="53.8423140" lon="-1.5653690">
    <ele>102.0</ele>
    <time>2022-02-10T16:34:12Z</time>
   </trkpt>
   <trkpt lat="53.8423070" lon="-1.5653610">
    <ele>102.1</ele>
    <time>2022-02-10T16:34:13Z</time>
   </trkpt>
   <trkpt lat="53.8422930" lon="-1.5653470">
    <ele>102.3</ele>
    <time>2022-02-10T16:34:14Z</time>
   </trkpt>
   <trkpt lat="53.8422780" lon="-1.5653370">
    <ele>102.5</ele>
    <time>2022-02-10T16:34:15Z</time>
   </trkpt>
   <trkpt lat="53.8422620" lon="-1.5653300">
    <ele>102.7</ele>
    <time>2022-02-10T16:34:16Z</time>
   </trkpt>
   <trkpt lat="53.8422450" lon="-1.5653240">
    <ele>103.0</ele>
    <time>2022-02-10T16:34:17Z</time>
   </trkpt>
   <trkpt lat="53.8422290" lon="-1.5653170">
    <ele>103.2</ele>
    <time>2022-02-10T16:34:18Z</time>
   </trkpt>
   <trkpt lat="53.8422130" lon="-1.5653050">
    <ele>103.4</ele>
    <time>2022-02-10T16:34:19Z</time>
   </trkpt>
   <trkpt lat="53.8421980" lon="-1.5652890">
    <ele>103.6</ele>
    <time>2022-02-10T16:34:20Z</time>
   </trkpt>
   <trkpt lat="53.8421850" lon="-1.5652710">
    <ele>103.8</ele>
    <time>2022-02-10T16:34:21Z</time>
   </trkpt>
   <trkpt lat="53.8421700" lon="-1.5652530">
    <ele>104.0</ele>
    <time>2022-02-10T16:34:22Z</time>
   </trkpt>
   <trkpt lat="53.8421570" lon="-1.5652360">
    <ele>104.2</ele>
    <time>2022-02-10T16:34:23Z</time>
   </trkpt>
   <trkpt lat="53.8421430" lon="-1.5652180">
    <ele>104.4</ele>
    <time>2022-02-10T16:34:24Z</time>
   </trkpt>
   <trkpt lat="53.8421280" lon="-1.5652010">
    <ele>104.6</ele>
    <time>2022-02-10T16:34:25Z</time>
   </trkpt>
   <trkpt lat="53.8421130" lon="-1.5651890">
    <ele>104.8</ele>
    <time>2022-02-10T16:34:26Z</time>
   </trkpt>
   <trkpt lat="53.8420980" lon="-1.5651840">
    <ele>105.0</ele>
    <time>2022-02-10T16:34:27Z</time>
   </trkpt>
   <trkpt lat="53.8420840" lon="-1.5651840">
    <ele>105.2</ele>
    <time>2022-02-10T16:34:28Z</time>
   </trkpt>
   <trkpt lat="53.8420670" lon="-1.5651870">
    <ele>105.4</ele>
    <time>2022-02-10T16:34:29Z</time>
   </trkpt>
   <trkpt lat="53.8420500" lon="-1.5651900">
    <ele>105.6</ele>
    <time>2022-02-10T16:34:30Z</time>
   </trkpt>
   <trkpt lat="53.8420340" lon="-1.5651970">
    <ele>105.8</ele>
    <time>2022-02-10T16:34:31Z</time>
   </trkpt>
   <trkpt lat="53.8420190" lon="-1.5652070">
    <ele>107.1</ele>
    <time>2022-02-10T16:34:32Z</time>
   </trkpt>
   <trkpt lat="53.8420030" lon="-1.5652220">
    <ele>107.6</ele>
    <time>2022-02-10T16:34:33Z</time>
   </trkpt>
   <trkpt lat="53.8419780" lon="-1.5652450">
    <ele>108.2</ele>
    <time>2022-02-10T16:34:34Z</time>
   </trkpt>
   <trkpt lat="53.8419690" lon="-1.5652520">
    <ele>108.5</ele>
    <time>2022-02-10T16:34:35Z</time>
   </trkpt>
   <trkpt lat="53.8419420" lon="-1.5652740">
    <ele>109.2</ele>
    <time>2022-02-10T16:34:36Z</time>
   </trkpt>
   <trkpt lat="53.8419330" lon="-1.5652800">
    <ele>109.4</ele>
    <time>2022-02-10T16:34:37Z</time>
   </trkpt>
   <trkpt lat="53.8419160" lon="-1.5652910">
    <ele>109.8</ele>
    <time>2022-02-10T16:34:38Z</time>
   </trkpt>
   <trkpt lat="53.8419020" lon="-1.5652980">
    <ele>110.2</ele>
    <time>2022-02-10T16:34:39Z</time>
   </trkpt>
   <trkpt lat="53.8418800" lon="-1.5652980">
    <ele>110.7</ele>
    <time>2022-02-10T16:34:40Z</time>
   </trkpt>
   <trkpt lat="53.8418720" lon="-1.5652980">
    <ele>110.9</ele>
    <time>2022-02-10T16:34:41Z</time>
   </trkpt>
   <trkpt lat="53.8418650" lon="-1.5652970">
    <ele>111.1</ele>
    <time>2022-02-10T16:34:42Z</time>
   </trkpt>
   <trkpt lat="53.8418520" lon="-1.5653000">
    <ele>111.4</ele>
    <time>2022-02-10T16:34:43Z</time>
   </trkpt>
   <trkpt lat="53.8418360" lon="-1.5653040">
    <ele>111.8</ele>
    <time>2022-02-10T16:34:44Z</time>
   </trkpt>
   <trkpt lat="53.8418060" lon="-1.5653130">
    <ele>112.5</ele>
    <time>2022-02-10T16:34:45Z</time>
   </trkpt>
   <trkpt lat="53.8417950" lon="-1.5653160">
    <ele>112.7</ele>
    <time>2022-02-10T16:34:46Z</time>
   </trkpt>
   <trkpt lat="53.8417590" lon="-1.5653220">
    <ele>113.5</ele>
    <time>2022-02-10T16:34:47Z</time>
   </trkpt>
   <trkpt lat="53.8417460" lon="-1.5653240">
    <ele>113.8</ele>
    <time>2022-02-10T16:34:48Z</time>
   </trkpt>
   <trkpt lat="53.8417130" lon="-1.5653310">
    <ele>114.5</ele>
    <time>2022-02-10T16:34:49Z</time>
   </trkpt>
   <trkpt lat="53.8417010" lon="-1.5653340">
    <ele>114.8</ele>
    <time>2022-02-10T16:34:50Z</time>
   </trkpt>
   <trkpt lat="53.8416640" lon="-1.5653380">
    <ele>115.6</ele>
    <time>2022-02-10T16:34:51Z</time>
   </trkpt>
   <trkpt lat="53.8416510" lon="-1.5653390">
    <ele>115.8</ele>
    <time>2022-02-10T16:34:52Z</time>
   </trkpt>
   <trkpt lat="53.8416210" lon="-1.5653410">
    <ele>116.2</ele>
    <time>2022-02-10T16:34:53Z</time>
   </trkpt>
   <trkpt lat="53.8416120" lon="-1.5653430">
    <ele>116.2</ele>
    <time>2022-02-10T16:34:54Z</time>
   </trkpt>
   <trkpt lat="53.8415960" lon="-1.5653520">
    <ele>116.2</ele>
    <time>2022-02-10T16:34:55Z</time>
   </trkpt>
   <trkpt lat="53.8415830" lon="-1.5653690">
    <ele>116.3</ele>
    <time>2022-02-10T16:34:56Z</time>
   </trkpt>
   <trkpt lat="53.8415730" lon="-1.5653900">
    <ele>116.3</ele>
    <time>2022-02-10T16:34:57Z</time>
   </trkpt>
   <trkpt lat="53.8415650" lon="-1.5654170">
    <ele>116.3</ele>
    <time>2022-02-10T16:34:58Z</time>
   </trkpt>
   <trkpt lat="53.8415520" lon="-1.5654650">
    <ele>116.4</ele>
    <time>2022-02-10T16:34:59Z</time>
   </trkpt>
   <trkpt lat="53.8415470" lon="-1.5654810">
    <ele>116.4</ele>
    <time>2022-02-10T16:35:00Z</time>
   </trkpt>
   <trkpt lat="53.8415310" lon="-1.5655340">
    <ele>116.5</ele>
    <time>2022-02-10T16:35:01Z</time>
   </trkpt>
   <trkpt lat="53.8415250" lon="-1.5655520">
    <ele>116.5</ele>
    <time>2022-02-10T16:35:02Z</time>
   </trkpt>
   <trkpt lat="53.8415100" lon="-1.5656080">
    <ele>116.5</ele>
    <time>2022-02-10T16:35:03Z</time>
   </trkpt>
   <trkpt lat="53.8415060" lon="-1.5656270">
    <ele>116.5</ele>
    <time>2022-02-10T16:35:04Z</time>
   </trkpt>
   <trkpt lat="53.8414950" lon="-1.5656860">
    <ele>116.6</ele>
    <time>2022-02-10T16:35:05Z</time>
   </trkpt>
   <trkpt lat="53.8414910" lon="-1.5657050">
    <ele>116.6</ele>
    <time>2022-02-10T16:35:06Z</time>
   </trkpt>
   <trkpt lat="53.8414820" lon="-1.5657600">
    <ele>116.6</ele>
    <time>2022-02-10T16:35:07Z</time>
   </trkpt>
   <trkpt lat="53.8414780" lon="-1.5657790">
    <ele>116.6</ele>
    <time>2022-02-10T16:35:08Z</time>
   </trkpt>
   <trkpt lat="53.8414680" lon="-1.5658420">
    <ele>116.7</ele>
    <time>2022-02-10T16:35:09Z</time>
   </trkpt>
   <trkpt lat="53.8414640" lon="-1.5658630">
    <ele>116.7</ele>
    <time>2022-02-10T16:35:10Z</time>
   </trkpt>
   <trkpt lat="53.8414530" lon="-1.5659230">
    <ele>116.7</ele>
    <time>2022-02-10T16:35:11Z</time>
   </trkpt>
   <trkpt lat="53.8414490" lon="-1.5659430">
    <ele>116.7</ele>
    <time>2022-02-10T16:35:12Z</time>
   </trkpt>
   <trkpt lat="53.8414410" lon="-1.5659970">
    <ele>116.7</ele>
    <time>2022-02-10T16:35:13Z</time>
   </trkpt>
   <trkpt lat="53.8414380" lon="-1.5660140">
    <ele>116.7</ele>
    <time>2022-02-10T16:35:14Z</time>
   </trkpt>
   <trkpt lat="53.8414290" lon="-1.5660690">
    <ele>116.7</ele>
    <time>2022-02-10T16:35:15Z</time>
   </trkpt>
   <trkpt lat="53.8414250" lon="-1.5660870">
    <ele>116.7</ele>
    <time>2022-02-10T16:35:16Z</time>
   </trkpt>
   <trkpt lat="53.8414090" lon="-1.5661370">
    <ele>116.7</ele>
    <time>2022-02-10T16:35:17Z</time>
   </trkpt>
   <trkpt lat="53.8414030" lon="-1.5661520">
    <ele>116.6</ele>
    <time>2022-02-10T16:35:18Z</time>
   </trkpt>
   <trkpt lat="53.8413850" lon="-1.5661960">
    <ele>116.6</ele>
    <time>2022-02-10T16:35:19Z</time>
   </trkpt>
   <trkpt lat="53.8413790" lon="-1.5662100">
    <ele>116.6</ele>
    <time>2022-02-10T16:35:20Z</time>
   </trkpt>
   <trkpt lat="53.8413610" lon="-1.5662470">
    <ele>116.6</ele>
    <time>2022-02-10T16:35:21Z</time>
   </trkpt>
   <trkpt lat="53.8413550" lon="-1.5662610">
    <ele>116.5</ele>
    <time>2022-02-10T16:35:22Z</time>
   </trkpt>
   <trkpt lat="53.8413390" lon="-1.5663010">
    <ele>116.5</ele>
    <time>2022-02-10T16:35:23Z</time>
   </trkpt>
   <trkpt lat="53.8413340" lon="-1.5663150">
    <ele>116.5</ele>
    <time>2022-02-10T16:35:24Z</time>
   </trkpt>
   <trkpt lat="53.8413200" lon="-1.5663550">
    <ele>116.4</ele>
    <time>2022-02-10T16:35:25Z</time>
   </trkpt>
   <trkpt lat="53.8413150" lon="-1.5663700">
    <ele>116.4</ele>
    <time>2022-02-10T16:35:26Z</time>
   </trkpt>
   <trkpt lat="53.8413020" lon="-1.5664160">
    <ele>116.3</ele>
    <time>2022-02-10T16:35:27Z</time>
   </trkpt>
   <trkpt lat="53.8412990" lon="-1.5664320">
    <ele>116.3</ele>
    <time>2022-02-10T16:35:28Z</time>
   </trkpt>
   <trkpt lat="53.8412900" lon="-1.5664820">
    <ele>116.3</ele>
    <time>2022-02-10T16:35:29Z</time>
   </trkpt>
   <trkpt lat="53.8412870" lon="-1.5664990">
    <ele>116.2</ele>
    <time>2022-02-10T16:35:30Z</time>
   </trkpt>
   <trkpt lat="53.8412740" lon="-1.5665520">
    <ele>116.2</ele>
    <time>2022-02-10T16:35:31Z</time>
   </trkpt>
   <trkpt lat="53.8412690" lon="-1.5665700">
    <ele>116.1</ele>
    <time>2022-02-10T16:35:32Z</time>
   </trkpt>
   <trkpt lat="53.8412510" lon="-1.5666260">
    <ele>116.1</ele>
    <time>2022-02-10T16:35:33Z</time>
   </trkpt>
   <trkpt lat="53.8412460" lon="-1.5666450">
    <ele>116.0</ele>
    <time>2022-02-10T16:35:34Z</time>
   </trkpt>
   <trkpt lat="53.8412290" lon="-1.5667060">
    <ele>116.0</ele>
    <time>2022-02-10T16:35:35Z</time>
   </trkpt>
   <trkpt lat="53.8412240" lon="-1.5667270">
    <ele>115.9</ele>
    <time>2022-02-10T16:35:36Z</time>
   </trkpt>
   <trkpt lat="53.8412110" lon="-1.5667910">
    <ele>115.9</ele>
    <time>2022-02-10T16:35:37Z</time>
   </trkpt>
   <trkpt lat="53.8412070" lon="-1.5668130">
    <ele>115.8</ele>
    <time>2022-02-10T16:35:38Z</time>
   </trkpt>
   <trkpt lat="53.8412010" lon="-1.5668570">
    <ele>115.8</ele>
    <time>2022-02-10T16:35:39Z</time>
   </trkpt>
   <trkpt lat="53.8411950" lon="-1.5669030">
    <ele>115.8</ele>
    <time>2022-02-10T16:35:40Z</time>
   </trkpt>
   <trkpt lat="53.8411900" lon="-1.5669490">
    <ele>115.7</ele>
    <time>2022-02-10T16:35:41Z</time>
   </trkpt>
   <trkpt lat="53.8411830" lon="-1.5670150">
    <ele>115.6</ele>
    <time>2022-02-10T16:35:42Z</time>
   </trkpt>
   <trkpt lat="53.8411800" lon="-1.5670370">
    <ele>115.6</ele>
    <time>2022-02-10T16:35:43Z</time>
   </trkpt>
   <trkpt lat="53.8411730" lon="-1.5670870">
    <ele>115.6</ele>
    <time>2022-02-10T16:35:44Z</time>
   </trkpt>
   <trkpt lat="53.8411700" lon="-1.5671020">
    <ele>115.5</ele>
    <time>2022-02-10T16:35:45Z</time>
   </trkpt>
   <trkpt lat="53.8411650" lon="-1.5671310">
    <ele>115.5</ele>
    <time>2022-02-10T16:35:46Z</time>
   </trkpt>
   <trkpt lat="53.8411590" lon="-1.5671590">
    <ele>115.5</ele>
    <time>2022-02-10T16:35:47Z</time>
   </trkpt>
   <trkpt lat="53.8411490" lon="-1.5672050">
    <ele>115.4</ele>
    <time>2022-02-10T16:35:48Z</time>
   </trkpt>
   <trkpt lat="53.8411460" lon="-1.5672200">
    <ele>115.4</ele>
    <time>2022-02-10T16:35:49Z</time>
   </trkpt>
   <trkpt lat="53.8411360" lon="-1.5672710">
    <ele>115.4</ele>
    <time>2022-02-10T16:35:50Z</time>
   </trkpt>
   <trkpt lat="53.8411330" lon="-1.5672880">
    <ele>115.3</ele>
    <time>2022-02-10T16:35:51Z</time>
   </trkpt>
   <trkpt lat="53.8411260" lon="-1.5673390">
    <ele>115.3</ele>
    <time>2022-02-10T16:35:52Z</time>
   </trkpt>
   <trkpt lat="53.8411240" lon="-1.5673560">
    <ele>115.3</ele>
    <time>2022-02-10T16:35:53Z</time>
   </trkpt>
   <trkpt lat="53.8411180" lon="-1.5674110">
    <ele>115.2</ele>
    <time>2022-02-10T16:35:54Z</time>
   </trkpt>
   <trkpt lat="53.8411150" lon="-1.5674280">
    <ele>115.2</ele>
    <time>2022-02-10T16:35:55Z</time>
   </trkpt>
   <trkpt lat="53.8411040" lon="-1.5674910">
    <ele>115.1</ele>
    <time>2022-02-10T16:35:56Z</time>
   </trkpt>
   <trkpt lat="53.8410990" lon="-1.5675120">
    <ele>115.1</ele>
    <time>2022-02-10T16:35:57Z</time>
   </trkpt>
   <trkpt lat="53.8410880" lon="-1.5675550">
    <ele>115.0</ele>
    <time>2022-02-10T16:35:58Z</time>
   </trkpt>
   <trkpt lat="53.8410770" lon="-1.5675980">
    <ele>115.0</ele>
    <time>2022-02-10T16:35:59Z</time>
   </trkpt>
   <trkpt lat="53.8410650" lon="-1.5676430">
    <ele>115.0</ele>
    <time>2022-02-10T16:36:00Z</time>
   </trkpt>
   <trkpt lat="53.8410530" lon="-1.5676890">
    <ele>115.0</ele>
    <time>2022-02-10T16:36:01Z</time>
   </trkpt>
   <trkpt lat="53.8410430" lon="-1.5677360">
    <ele>114.9</ele>
    <time>2022-02-10T16:36:02Z</time>
   </trkpt>
   <trkpt lat="53.8410330" lon="-1.5677820">
    <ele>114.9</ele>
    <time>2022-02-10T16:36:03Z</time>
   </trkpt>
   <trkpt lat="53.8410240" lon="-1.5678270">
    <ele>114.9</ele>
    <time>2022-02-10T16:36:04Z</time>
   </trkpt>
   <trkpt lat="53.8410120" lon="-1.5678870">
    <ele>114.8</ele>
    <time>2022-02-10T16:36:05Z</time>
   </trkpt>
   <trkpt lat="53.8410090" lon="-1.5679070">
    <ele>114.7</ele>
    <time>2022-02-10T16:36:06Z</time>
   </trkpt>
   <trkpt lat="53.8410030" lon="-1.5679680">
    <ele>114.6</ele>
    <time>2022-02-10T16:36:07Z</time>
   </trkpt>
   <trkpt lat="53.8410020" lon="-1.5679880">
    <ele>114.5</ele>
    <time>2022-02-10T16:36:08Z</time>
   </trkpt>
   <trkpt lat="53.8409980" lon="-1.5680500">
    <ele>114.4</ele>
    <time>2022-02-10T16:36:09Z</time>
   </trkpt>
   <trkpt lat="53.8409970" lon="-1.5680700">
    <ele>114.3</ele>
    <time>2022-02-10T16:36:10Z</time>
   </trkpt>
   <trkpt lat="53.8409950" lon="-1.5681300">
    <ele>114.1</ele>
    <time>2022-02-10T16:36:11Z</time>
   </trkpt>
   <trkpt lat="53.8409940" lon="-1.5681510">
    <ele>114.1</ele>
    <time>2022-02-10T16:36:12Z</time>
   </trkpt>
   <trkpt lat="53.8409930" lon="-1.5682120">
    <ele>113.9</ele>
    <time>2022-02-10T16:36:13Z</time>
   </trkpt>
   <trkpt lat="53.8409920" lon="-1.5682320">
    <ele>113.8</ele>
    <time>2022-02-10T16:36:14Z</time>
   </trkpt>
   <trkpt lat="53.8409890" lon="-1.5683000">
    <ele>113.6</ele>
    <time>2022-02-10T16:36:15Z</time>
   </trkpt>
   <trkpt lat="53.8409880" lon="-1.5683230">
    <ele>113.6</ele>
    <time>2022-02-10T16:36:16Z</time>
   </trkpt>
   <trkpt lat="53.8409880" lon="-1.5683850">
    <ele>113.4</ele>
    <time>2022-02-10T16:36:17Z</time>
   </trkpt>
   <trkpt lat="53.8409890" lon="-1.5684040">
    <ele>113.3</ele>
    <time>2022-02-10T16:36:18Z</time>
   </trkpt>
   <trkpt lat="53.8409900" lon="-1.5684610">
    <ele>113.1</ele>
    <time>2022-02-10T16:36:19Z</time>
   </trkpt>
   <trkpt lat="53.8409920" lon="-1.5684820">
    <ele>113.1</ele>
    <time>2022-02-10T16:36:20Z</time>
   </trkpt>
   <trkpt lat="53.8410000" lon="-1.5685430">
    <ele>112.9</ele>
    <time>2022-02-10T16:36:21Z</time>
   </trkpt>
   <trkpt lat="53.8410030" lon="-1.5685630">
    <ele>112.8</ele>
    <time>2022-02-10T16:36:22Z</time>
   </trkpt>
   <trkpt lat="53.8410130" lon="-1.5686240">
    <ele>112.6</ele>
    <time>2022-02-10T16:36:23Z</time>
   </trkpt>
   <trkpt lat="53.8410160" lon="-1.5686450">
    <ele>112.6</ele>
    <time>2022-02-10T16:36:24Z</time>
   </trkpt>
   <trkpt lat="53.8410250" lon="-1.5687010">
    <ele>112.4</ele>
    <time>2022-02-10T16:36:25Z</time>
   </trkpt>
   <trkpt lat="53.8410270" lon="-1.5687210">
    <ele>112.3</ele>
    <time>2022-02-10T16:36:26Z</time>
   </trkpt>
   <trkpt lat="53.8410270" lon="-1.5687810">
    <ele>112.1</ele>
    <time>2022-02-10T16:36:27Z</time>
   </trkpt>
   <trkpt lat="53.8410270" lon="-1.5688010">
    <ele>112.0</ele>
    <time>2022-02-10T16:36:28Z</time>
   </trkpt>
   <trkpt lat="53.8410260" lon="-1.5688630">
    <ele>111.7</ele>
    <time>2022-02-10T16:36:29Z</time>
   </trkpt>
   <trkpt lat="53.8410260" lon="-1.5688830">
    <ele>111.7</ele>
    <time>2022-02-10T16:36:30Z</time>
   </trkpt>
   <trkpt lat="53.8410280" lon="-1.5689430">
    <ele>111.4</ele>
    <time>2022-02-10T16:36:31Z</time>
   </trkpt>
   <trkpt lat="53.8410280" lon="-1.5689620">
    <ele>111.3</ele>
    <time>2022-02-10T16:36:32Z</time>
   </trkpt>
   <trkpt lat="53.8410320" lon="-1.5690030">
    <ele>111.1</ele>
    <time>2022-02-10T16:36:33Z</time>
   </trkpt>
   <trkpt lat="53.8410430" lon="-1.5690810">
    <ele>110.7</ele>
    <time>2022-02-10T16:36:35Z</time>
   </trkpt>
   <trkpt lat="53.8410480" lon="-1.5691280">
    <ele>110.5</ele>
    <time>2022-02-10T16:36:36Z</time>
   </trkpt>
   <trkpt lat="53.8410500" lon="-1.5691790">
    <ele>110.2</ele>
    <time>2022-02-10T16:36:37Z</time>
   </trkpt>
   <trkpt lat="53.8410510" lon="-1.5692290">
    <ele>109.9</ele>
    <time>2022-02-10T16:36:38Z</time>
   </trkpt>
   <trkpt lat="53.8410490" lon="-1.5692780">
    <ele>109.7</ele>
    <time>2022-02-10T16:36:39Z</time>
   </trkpt>
   <trkpt lat="53.8410460" lon="-1.5693250">
    <ele>109.4</ele>
    <time>2022-02-10T16:36:40Z</time>
   </trkpt>
   <trkpt lat="53.8410430" lon="-1.5693730">
    <ele>109.2</ele>
    <time>2022-02-10T16:36:41Z</time>
   </trkpt>
   <trkpt lat="53.8410410" lon="-1.5694190">
    <ele>109.0</ele>
    <time>2022-02-10T16:36:42Z</time>
   </trkpt>
   <trkpt lat="53.8410400" lon="-1.5694860">
    <ele>108.7</ele>
    <time>2022-02-10T16:36:43Z</time>
   </trkpt>
   <trkpt lat="53.8410400" lon="-1.5695080">
    <ele>108.6</ele>
    <time>2022-02-10T16:36:44Z</time>
   </trkpt>
   <trkpt lat="53.8410390" lon="-1.5695740">
    <ele>108.3</ele>
    <time>2022-02-10T16:36:45Z</time>
   </trkpt>
   <trkpt lat="53.8410380" lon="-1.5695960">
    <ele>108.2</ele>
    <time>2022-02-10T16:36:46Z</time>
   </trkpt>
   <trkpt lat="53.8410360" lon="-1.5696430">
    <ele>108.0</ele>
    <time>2022-02-10T16:36:47Z</time>
   </trkpt>
   <trkpt lat="53.8410300" lon="-1.5697050">
    <ele>107.7</ele>
    <time>2022-02-10T16:36:48Z</time>
   </trkpt>
   <trkpt lat="53.8410280" lon="-1.5697260">
    <ele>107.6</ele>
    <time>2022-02-10T16:36:49Z</time>
   </trkpt>
   <trkpt lat="53.8410200" lon="-1.5697810">
    <ele>107.3</ele>
    <time>2022-02-10T16:36:50Z</time>
   </trkpt>
   <trkpt lat="53.8410180" lon="-1.5698000">
    <ele>107.2</ele>
    <time>2022-02-10T16:36:51Z</time>
   </trkpt>
   <trkpt lat="53.8410160" lon="-1.5698640">
    <ele>106.9</ele>
    <time>2022-02-10T16:36:52Z</time>
   </trkpt>
   <trkpt lat="53.8410160" lon="-1.5698870">
    <ele>106.8</ele>
    <time>2022-02-10T16:36:53Z</time>
   </trkpt>
   <trkpt lat="53.8410180" lon="-1.5699550">
    <ele>106.4</ele>
    <time>2022-02-10T16:36:54Z</time>
   </trkpt>
   <trkpt lat="53.8410190" lon="-1.5699780">
    <ele>106.3</ele>
    <time>2022-02-10T16:36:55Z</time>
   </trkpt>
   <trkpt lat="53.8410200" lon="-1.5700460">
    <ele>105.9</ele>
    <time>2022-02-10T16:36:56Z</time>
   </trkpt>
   <trkpt lat="53.8410200" lon="-1.5700680">
    <ele>105.8</ele>
    <time>2022-02-10T16:36:57Z</time>
   </trkpt>
   <trkpt lat="53.8410130" lon="-1.5701350">
    <ele>105.5</ele>
    <time>2022-02-10T16:36:58Z</time>
   </trkpt>
   <trkpt lat="53.8410100" lon="-1.5701560">
    <ele>105.4</ele>
    <time>2022-02-10T16:36:59Z</time>
   </trkpt>
   <trkpt lat="53.8409950" lon="-1.5702180">
    <ele>105.0</ele>
    <time>2022-02-10T16:37:00Z</time>
   </trkpt>
   <trkpt lat="53.8409890" lon="-1.5702380">
    <ele>104.9</ele>
    <time>2022-02-10T16:37:01Z</time>
   </trkpt>
   <trkpt lat="53.8409710" lon="-1.5702990">
    <ele>104.6</ele>
    <time>2022-02-10T16:37:02Z</time>
   </trkpt>
   <trkpt lat="53.8409640" lon="-1.5703190">
    <ele>104.5</ele>
    <time>2022-02-10T16:37:03Z</time>
   </trkpt>
   <trkpt lat="53.8409520" lon="-1.5703600">
    <ele>104.3</ele>
    <time>2022-02-10T16:37:04Z</time>
   </trkpt>
   <trkpt lat="53.8409400" lon="-1.5704020">
    <ele>104.1</ele>
    <time>2022-02-10T16:37:05Z</time>
   </trkpt>
   <trkpt lat="53.8409300" lon="-1.5704450">
    <ele>103.9</ele>
    <time>2022-02-10T16:37:06Z</time>
   </trkpt>
   <trkpt lat="53.8409220" lon="-1.5704890">
    <ele>103.7</ele>
    <time>2022-02-10T16:37:07Z</time>
   </trkpt>
   <trkpt lat="53.8409140" lon="-1.5705540">
    <ele>103.4</ele>
    <time>2022-02-10T16:37:08Z</time>
   </trkpt>
   <trkpt lat="53.8409120" lon="-1.5705760">
    <ele>103.3</ele>
    <time>2022-02-10T16:37:09Z</time>
   </trkpt>
   <trkpt lat="53.8409070" lon="-1.5706420">
    <ele>103.0</ele>
    <time>2022-02-10T16:37:10Z</time>
   </trkpt>
   <trkpt lat="53.8409060" lon="-1.5706640">
    <ele>102.8</ele>
    <time>2022-02-10T16:37:11Z</time>
   </trkpt>
   <trkpt lat="53.8409070" lon="-1.5707290">
    <ele>102.5</ele>
    <time>2022-02-10T16:37:12Z</time>
   </trkpt>
   <trkpt lat="53.8409080" lon="-1.5707500">
    <ele>102.4</ele>
    <time>2022-02-10T16:37:13Z</time>
   </trkpt>
   <trkpt lat="53.8409140" lon="-1.5708160">
    <ele>102.0</ele>
    <time>2022-02-10T16:37:14Z</time>
   </trkpt>
   <trkpt lat="53.8409170" lon="-1.5708380">
    <ele>101.9</ele>
    <time>2022-02-10T16:37:15Z</time>
   </trkpt>
   <trkpt lat="53.8409240" lon="-1.5709030">
    <ele>101.5</ele>
    <time>2022-02-10T16:37:16Z</time>
   </trkpt>
   <trkpt lat="53.8409250" lon="-1.5709230">
    <ele>101.4</ele>
    <time>2022-02-10T16:37:17Z</time>
   </trkpt>
   <trkpt lat="53.8409300" lon="-1.5709820">
    <ele>101.1</ele>
    <time>2022-02-10T16:37:18Z</time>
   </trkpt>
   <trkpt lat="53.8409310" lon="-1.5710010">
    <ele>101.0</ele>
    <time>2022-02-10T16:37:19Z</time>
   </trkpt>
   <trkpt lat="53.8409340" lon="-1.5710550">
    <ele>100.6</ele>
    <time>2022-02-10T16:37:20Z</time>
   </trkpt>
   <trkpt lat="53.8409350" lon="-1.5710720">
    <ele>100.6</ele>
    <time>2022-02-10T16:37:21Z</time>
   </trkpt>
   <trkpt lat="53.8409360" lon="-1.5711220">
    <ele>100.3</ele>
    <time>2022-02-10T16:37:22Z</time>
   </trkpt>
   <trkpt lat="53.8409360" lon="-1.5711370">
    <ele>100.2</ele>
    <time>2022-02-10T16:37:23Z</time>
   </trkpt>
   <trkpt lat="53.8409360" lon="-1.5711670">
    <ele>100.0</ele>
    <time>2022-02-10T16:37:24Z</time>
   </trkpt>
   <trkpt lat="53.8409330" lon="-1.5711980">
    <ele>99.9</ele>
    <time>2022-02-10T16:37:25Z</time>
   </trkpt>
   <trkpt lat="53.8409300" lon="-1.5712270">
    <ele>99.7</ele>
    <time>2022-02-10T16:37:26Z</time>
   </trkpt>
   <trkpt lat="53.8409260" lon="-1.5712560">
    <ele>99.6</ele>
    <time>2022-02-10T16:37:27Z</time>
   </trkpt>
   <trkpt lat="53.8409210" lon="-1.5713060">
    <ele>99.3</ele>
    <time>2022-02-10T16:37:28Z</time>
   </trkpt>
   <trkpt lat="53.8409190" lon="-1.5713230">
    <ele>99.2</ele>
    <time>2022-02-10T16:37:29Z</time>
   </trkpt>
   <trkpt lat="53.8409160" lon="-1.5713780">
    <ele>99.0</ele>
    <time>2022-02-10T16:37:30Z</time>
   </trkpt>
   <trkpt lat="53.8409140" lon="-1.5713970">
    <ele>98.9</ele>
    <time>2022-02-10T16:37:31Z</time>
   </trkpt>
   <trkpt lat="53.8409060" lon="-1.5714490">
    <ele>98.7</ele>
    <time>2022-02-10T16:37:32Z</time>
   </trkpt>
   <trkpt lat="53.8409010" lon="-1.5714670">
    <ele>98.6</ele>
    <time>2022-02-10T16:37:33Z</time>
   </trkpt>
   <trkpt lat="53.8408730" lon="-1.5715180">
    <ele>98.4</ele>
    <time>2022-02-10T16:37:35Z</time>
   </trkpt>
   <trkpt lat="53.8408470" lon="-1.5715490">
    <ele>98.3</ele>
    <time>2022-02-10T16:37:36Z</time>
   </trkpt>
   <trkpt lat="53.8408380" lon="-1.5715590">
    <ele>98.2</ele>
    <time>2022-02-10T16:37:37Z</time>
   </trkpt>
   <trkpt lat="53.8408080" lon="-1.5715870">
    <ele>98.1</ele>
    <time>2022-02-10T16:37:38Z</time>
   </trkpt>
   <trkpt lat="53.8407970" lon="-1.5715960">
    <ele>98.1</ele>
    <time>2022-02-10T16:37:39Z</time>
   </trkpt>
   <trkpt lat="53.8407650" lon="-1.5716280">
    <ele>98.0</ele>
    <time>2022-02-10T16:37:40Z</time>
   </trkpt>
   <trkpt lat="53.8407540" lon="-1.5716400">
    <ele>97.9</ele>
    <time>2022-02-10T16:37:41Z</time>
   </trkpt>
   <trkpt lat="53.8407300" lon="-1.5716640">
    <ele>97.9</ele>
    <time>2022-02-10T16:37:42Z</time>
   </trkpt>
   <trkpt lat="53.8407050" lon="-1.5716900">
    <ele>97.8</ele>
    <time>2022-02-10T16:37:43Z</time>
   </trkpt>
   <trkpt lat="53.8406800" lon="-1.5717140">
    <ele>97.8</ele>
    <time>2022-02-10T16:37:44Z</time>
   </trkpt>
   <trkpt lat="53.8406550" lon="-1.5717350">
    <ele>97.8</ele>
    <time>2022-02-10T16:37:45Z</time>
   </trkpt>
   <trkpt lat="53.8406200" lon="-1.5717630">
    <ele>97.8</ele>
    <time>2022-02-10T16:37:46Z</time>
   </trkpt>
   <trkpt lat="53.8406090" lon="-1.5717720">
    <ele>97.8</ele>
    <time>2022-02-10T16:37:47Z</time>
   </trkpt>
   <trkpt lat="53.8405830" lon="-1.5717900">
    <ele>97.8</ele>
    <time>2022-02-10T16:37:48Z</time>
   </trkpt>
   <trkpt lat="53.8405570" lon="-1.5718120">
    <ele>97.8</ele>
    <time>2022-02-10T16:37:49Z</time>
   </trkpt>
   <trkpt lat="53.8405310" lon="-1.5718340">
    <ele>97.8</ele>
    <time>2022-02-10T16:37:50Z</time>
   </trkpt>
   <trkpt lat="53.8405050" lon="-1.5718600">
    <ele>97.8</ele>
    <time>2022-02-10T16:37:51Z</time>
   </trkpt>
   <trkpt lat="53.8404790" lon="-1.5718860">
    <ele>97.8</ele>
    <time>2022-02-10T16:37:52Z</time>
   </trkpt>
   <trkpt lat="53.8404520" lon="-1.5719120">
    <ele>97.8</ele>
    <time>2022-02-10T16:37:53Z</time>
   </trkpt>
   <trkpt lat="53.8404260" lon="-1.5719370">
    <ele>97.8</ele>
    <time>2022-02-10T16:37:54Z</time>
   </trkpt>
   <trkpt lat="53.8404000" lon="-1.5719630">
    <ele>97.8</ele>
    <time>2022-02-10T16:37:55Z</time>
   </trkpt>
   <trkpt lat="53.8403740" lon="-1.5719880">
    <ele>97.8</ele>
    <time>2022-02-10T16:37:56Z</time>
   </trkpt>
   <trkpt lat="53.8403480" lon="-1.5720130">
    <ele>97.8</ele>
    <time>2022-02-10T16:37:57Z</time>
   </trkpt>
   <trkpt lat="53.8403220" lon="-1.5720360">
    <ele>97.8</ele>
    <time>2022-02-10T16:37:58Z</time>
   </trkpt>
   <trkpt lat="53.8402930" lon="-1.5720590">
    <ele>97.8</ele>
    <time>2022-02-10T16:37:59Z</time>
   </trkpt>
   <trkpt lat="53.8402610" lon="-1.5720810">
    <ele>97.8</ele>
    <time>2022-02-10T16:38:00Z</time>
   </trkpt>
   <trkpt lat="53.8402340" lon="-1.5721020">
    <ele>97.8</ele>
    <time>2022-02-10T16:38:01Z</time>
   </trkpt>
   <trkpt lat="53.8402060" lon="-1.5721280">
    <ele>97.8</ele>
    <time>2022-02-10T16:38:02Z</time>
   </trkpt>
   <trkpt lat="53.8401800" lon="-1.5721570">
    <ele>97.8</ele>
    <time>2022-02-10T16:38:03Z</time>
   </trkpt>
   <trkpt lat="53.8401550" lon="-1.5721900">
    <ele>97.9</ele>
    <time>2022-02-10T16:38:04Z</time>
   </trkpt>
   <trkpt lat="53.8401280" lon="-1.5722240">
    <ele>97.9</ele>
    <time>2022-02-10T16:38:05Z</time>
   </trkpt>
   <trkpt lat="53.8401020" lon="-1.5722570">
    <ele>97.9</ele>
    <time>2022-02-10T16:38:06Z</time>
   </trkpt>
   <trkpt lat="53.8400750" lon="-1.5722880">
    <ele>98.0</ele>
    <time>2022-02-10T16:38:07Z</time>
   </trkpt>
   <trkpt lat="53.8400500" lon="-1.5723170">
    <ele>98.0</ele>
    <time>2022-02-10T16:38:08Z</time>
   </trkpt>
   <trkpt lat="53.8400260" lon="-1.5723430">
    <ele>98.0</ele>
    <time>2022-02-10T16:38:09Z</time>
   </trkpt>
   <trkpt lat="53.8400030" lon="-1.5723680">
    <ele>97.9</ele>
    <time>2022-02-10T16:38:10Z</time>
   </trkpt>
   <trkpt lat="53.8399700" lon="-1.5724060">
    <ele>97.9</ele>
    <time>2022-02-10T16:38:11Z</time>
   </trkpt>
   <trkpt lat="53.8399590" lon="-1.5724190">
    <ele>97.9</ele>
    <time>2022-02-10T16:38:12Z</time>
   </trkpt>
   <trkpt lat="53.8399300" lon="-1.5724610">
    <ele>97.9</ele>
    <time>2022-02-10T16:38:13Z</time>
   </trkpt>
   <trkpt lat="53.8399200" lon="-1.5724740">
    <ele>97.9</ele>
    <time>2022-02-10T16:38:14Z</time>
   </trkpt>
   <trkpt lat="53.8398910" lon="-1.5725160">
    <ele>97.9</ele>
    <time>2022-02-10T16:38:15Z</time>
   </trkpt>
   <trkpt lat="53.8398800" lon="-1.5725300">
    <ele>97.9</ele>
    <time>2022-02-10T16:38:16Z</time>
   </trkpt>
   <trkpt lat="53.8398520" lon="-1.5725670">
    <ele>97.9</ele>
    <time>2022-02-10T16:38:17Z</time>
   </trkpt>
   <trkpt lat="53.8398430" lon="-1.5725780">
    <ele>97.9</ele>
    <time>2022-02-10T16:38:18Z</time>
   </trkpt>
   <trkpt lat="53.8398150" lon="-1.5726150">
    <ele>98.0</ele>
    <time>2022-02-10T16:38:19Z</time>
   </trkpt>
   <trkpt lat="53.8398050" lon="-1.5726290">
    <ele>98.0</ele>
    <time>2022-02-10T16:38:20Z</time>
   </trkpt>
   <trkpt lat="53.8397850" lon="-1.5726610">
    <ele>98.1</ele>
    <time>2022-02-10T16:38:21Z</time>
   </trkpt>
   <trkpt lat="53.8397650" lon="-1.5726960">
    <ele>98.2</ele>
    <time>2022-02-10T16:38:22Z</time>
   </trkpt>
   <trkpt lat="53.8397390" lon="-1.5727470">
    <ele>98.4</ele>
    <time>2022-02-10T16:38:23Z</time>
   </trkpt>
   <trkpt lat="53.8397310" lon="-1.5727650">
    <ele>98.4</ele>
    <time>2022-02-10T16:38:24Z</time>
   </trkpt>
   <trkpt lat="53.8397090" lon="-1.5728190">
    <ele>98.7</ele>
    <time>2022-02-10T16:38:25Z</time>
   </trkpt>
   <trkpt lat="53.8397020" lon="-1.5728370">
    <ele>98.8</ele>
    <time>2022-02-10T16:38:26Z</time>
   </trkpt>
   <trkpt lat="53.8396820" lon="-1.5728900">
    <ele>99.0</ele>
    <time>2022-02-10T16:38:27Z</time>
   </trkpt>
   <trkpt lat="53.8396750" lon="-1.5729070">
    <ele>99.1</ele>
    <time>2022-02-10T16:38:28Z</time>
   </trkpt>
   <trkpt lat="53.8396510" lon="-1.5729570">
    <ele>99.3</ele>
    <time>2022-02-10T16:38:29Z</time>
   </trkpt>
   <trkpt lat="53.8396430" lon="-1.5729740">
    <ele>99.4</ele>
    <time>2022-02-10T16:38:30Z</time>
   </trkpt>
   <trkpt lat="53.8396220" lon="-1.5730180">
    <ele>99.3</ele>
    <time>2022-02-10T16:38:31Z</time>
   </trkpt>
   <trkpt lat="53.8396150" lon="-1.5730320">
    <ele>99.2</ele>
    <time>2022-02-10T16:38:32Z</time>
   </trkpt>
   <trkpt lat="53.8395950" lon="-1.5730730">
    <ele>98.9</ele>
    <time>2022-02-10T16:38:33Z</time>
   </trkpt>
   <trkpt lat="53.8395890" lon="-1.5730860">
    <ele>98.8</ele>
    <time>2022-02-10T16:38:34Z</time>
   </trkpt>
   <trkpt lat="53.8395690" lon="-1.5731220">
    <ele>98.4</ele>
    <time>2022-02-10T16:38:35Z</time>
   </trkpt>
   <trkpt lat="53.8395620" lon="-1.5731340">
    <ele>98.3</ele>
    <time>2022-02-10T16:38:36Z</time>
   </trkpt>
   <trkpt lat="53.8395390" lon="-1.5731640">
    <ele>98.2</ele>
    <time>2022-02-10T16:38:37Z</time>
   </trkpt>
   <trkpt lat="53.8395300" lon="-1.5731730">
    <ele>98.1</ele>
    <time>2022-02-10T16:38:38Z</time>
   </trkpt>
   <trkpt lat="53.8395030" lon="-1.5731870">
    <ele>98.0</ele>
    <time>2022-02-10T16:38:39Z</time>
   </trkpt>
   <trkpt lat="53.8394930" lon="-1.5731890">
    <ele>97.9</ele>
    <time>2022-02-10T16:38:40Z</time>
   </trkpt>
   <trkpt lat="53.8394620" lon="-1.5731820">
    <ele>99.7</ele>
    <time>2022-02-10T16:38:41Z</time>
   </trkpt>
   <trkpt lat="53.8394500" lon="-1.5731760">
    <ele>99.6</ele>
    <time>2022-02-10T16:38:42Z</time>
   </trkpt>
   <trkpt lat="53.8394240" lon="-1.5731620">
    <ele>99.5</ele>
    <time>2022-02-10T16:38:43Z</time>
   </trkpt>
   <trkpt lat="53.8393950" lon="-1.5731470">
    <ele>99.4</ele>
    <time>2022-02-10T16:38:44Z</time>
   </trkpt>
   <trkpt lat="53.8393650" lon="-1.5731350">
    <ele>99.3</ele>
    <time>2022-02-10T16:38:45Z</time>
   </trkpt>
   <trkpt lat="53.8393350" lon="-1.5731250">
    <ele>99.9</ele>
    <time>2022-02-10T16:38:46Z</time>
   </trkpt>
   <trkpt lat="53.8393060" lon="-1.5731170">
    <ele>100.5</ele>
    <time>2022-02-10T16:38:47Z</time>
   </trkpt>
   <trkpt lat="53.8392780" lon="-1.5731120">
    <ele>101.0</ele>
    <time>2022-02-10T16:38:48Z</time>
   </trkpt>
   <trkpt lat="53.8392400" lon="-1.5731110">
    <ele>101.7</ele>
    <time>2022-02-10T16:38:49Z</time>
   </trkpt>
   <trkpt lat="53.8392280" lon="-1.5731110">
    <ele>101.9</ele>
    <time>2022-02-10T16:38:50Z</time>
   </trkpt>
   <trkpt lat="53.8391960" lon="-1.5731110">
    <ele>102.5</ele>
    <time>2022-02-10T16:38:51Z</time>
   </trkpt>
   <trkpt lat="53.8391860" lon="-1.5731110">
    <ele>102.7</ele>
    <time>2022-02-10T16:38:52Z</time>
   </trkpt>
   <trkpt lat="53.8391590" lon="-1.5731030">
    <ele>103.1</ele>
    <time>2022-02-10T16:38:53Z</time>
   </trkpt>
   <trkpt lat="53.8391500" lon="-1.5731010">
    <ele>103.3</ele>
    <time>2022-02-10T16:38:54Z</time>
   </trkpt>
   <trkpt lat="53.8391220" lon="-1.5730950">
    <ele>103.8</ele>
    <time>2022-02-10T16:38:55Z</time>
   </trkpt>
   <trkpt lat="53.8391130" lon="-1.5730940">
    <ele>103.9</ele>
    <time>2022-02-10T16:38:56Z</time>
   </trkpt>
   <trkpt lat="53.8390850" lon="-1.5730910">
    <ele>104.4</ele>
    <time>2022-02-10T16:38:57Z</time>
   </trkpt>
   <trkpt lat="53.8390760" lon="-1.5730900">
    <ele>104.5</ele>
    <time>2022-02-10T16:38:58Z</time>
   </trkpt>
   <trkpt lat="53.8390480" lon="-1.5730800">
    <ele>104.9</ele>
    <time>2022-02-10T16:38:59Z</time>
   </trkpt>
   <trkpt lat="53.8390390" lon="-1.5730760">
    <ele>105.1</ele>
    <time>2022-02-10T16:39:00Z</time>
   </trkpt>
   <trkpt lat="53.8390080" lon="-1.5730620">
    <ele>105.6</ele>
    <time>2022-02-10T16:39:01Z</time>
   </trkpt>
   <trkpt lat="53.8389980" lon="-1.5730570">
    <ele>105.7</ele>
    <time>2022-02-10T16:39:02Z</time>
   </trkpt>
   <trkpt lat="53.8389650" lon="-1.5730450">
    <ele>106.2</ele>
    <time>2022-02-10T16:39:03Z</time>
   </trkpt>
   <trkpt lat="53.8389530" lon="-1.5730410">
    <ele>106.4</ele>
    <time>2022-02-10T16:39:04Z</time>
   </trkpt>
   <trkpt lat="53.8389200" lon="-1.5730250">
    <ele>106.9</ele>
    <time>2022-02-10T16:39:05Z</time>
   </trkpt>
   <trkpt lat="53.8389100" lon="-1.5730180">
    <ele>107.0</ele>
    <time>2022-02-10T16:39:06Z</time>
   </trkpt>
   <trkpt lat="53.8388790" lon="-1.5729950">
    <ele>107.5</ele>
    <time>2022-02-10T16:39:07Z</time>
   </trkpt>
   <trkpt lat="53.8388690" lon="-1.5729860">
    <ele>107.6</ele>
    <time>2022-02-10T16:39:08Z</time>
   </trkpt>
   <trkpt lat="53.8388360" lon="-1.5729610">
    <ele>108.1</ele>
    <time>2022-02-10T16:39:09Z</time>
   </trkpt>
   <trkpt lat="53.8388250" lon="-1.5729530">
    <ele>108.2</ele>
    <time>2022-02-10T16:39:10Z</time>
   </trkpt>
   <trkpt lat="53.8387910" lon="-1.5729280">
    <ele>108.7</ele>
    <time>2022-02-10T16:39:11Z</time>
   </trkpt>
   <trkpt lat="53.8387800" lon="-1.5729200">
    <ele>108.8</ele>
    <time>2022-02-10T16:39:12Z</time>
   </trkpt>
   <trkpt lat="53.8387500" lon="-1.5728950">
    <ele>109.1</ele>
    <time>2022-02-10T16:39:13Z</time>
   </trkpt>
   <trkpt lat="53.8387400" lon="-1.5728860">
    <ele>109.3</ele>
    <time>2022-02-10T16:39:14Z</time>
   </trkpt>
   <trkpt lat="53.8387100" lon="-1.5728580">
    <ele>109.6</ele>
    <time>2022-02-10T16:39:15Z</time>
   </trkpt>
   <trkpt lat="53.8387010" lon="-1.5728490">
    <ele>109.7</ele>
    <time>2022-02-10T16:39:16Z</time>
   </trkpt>
   <trkpt lat="53.8386760" lon="-1.5728240">
    <ele>109.9</ele>
    <time>2022-02-10T16:39:17Z</time>
   </trkpt>
   <trkpt lat="53.8386680" lon="-1.5728170">
    <ele>110.0</ele>
    <time>2022-02-10T16:39:18Z</time>
   </trkpt>
   <trkpt lat="53.8386430" lon="-1.5727930">
    <ele>110.2</ele>
    <time>2022-02-10T16:39:19Z</time>
   </trkpt>
   <trkpt lat="53.8386340" lon="-1.5727850">
    <ele>110.3</ele>
    <time>2022-02-10T16:39:20Z</time>
   </trkpt>
   <trkpt lat="53.8386060" lon="-1.5727590">
    <ele>110.5</ele>
    <time>2022-02-10T16:39:21Z</time>
   </trkpt>
   <trkpt lat="53.8385960" lon="-1.5727500">
    <ele>110.6</ele>
    <time>2022-02-10T16:39:22Z</time>
   </trkpt>
   <trkpt lat="53.8385640" lon="-1.5727190">
    <ele>110.9</ele>
    <time>2022-02-10T16:39:23Z</time>
   </trkpt>
   <trkpt lat="53.8385540" lon="-1.5727090">
    <ele>110.9</ele>
    <time>2022-02-10T16:39:24Z</time>
   </trkpt>
   <trkpt lat="53.8385210" lon="-1.5726730">
    <ele>111.2</ele>
    <time>2022-02-10T16:39:25Z</time>
   </trkpt>
   <trkpt lat="53.8385090" lon="-1.5726620">
    <ele>111.2</ele>
    <time>2022-02-10T16:39:26Z</time>
   </trkpt>
   <trkpt lat="53.8384850" lon="-1.5726380">
    <ele>111.4</ele>
    <time>2022-02-10T16:39:27Z</time>
   </trkpt>
   <trkpt lat="53.8384600" lon="-1.5726160">
    <ele>111.5</ele>
    <time>2022-02-10T16:39:28Z</time>
   </trkpt>
   <trkpt lat="53.8384350" lon="-1.5725940">
    <ele>111.7</ele>
    <time>2022-02-10T16:39:29Z</time>
   </trkpt>
   <trkpt lat="53.8384100" lon="-1.5725710">
    <ele>111.8</ele>
    <time>2022-02-10T16:39:30Z</time>
   </trkpt>
   <trkpt lat="53.8383840" lon="-1.5725490">
    <ele>111.9</ele>
    <time>2022-02-10T16:39:31Z</time>
   </trkpt>
   <trkpt lat="53.8383600" lon="-1.5725280">
    <ele>112.0</ele>
    <time>2022-02-10T16:39:32Z</time>
   </trkpt>
   <trkpt lat="53.8383240" lon="-1.5725030">
    <ele>112.1</ele>
    <time>2022-02-10T16:39:33Z</time>
   </trkpt>
   <trkpt lat="53.8383110" lon="-1.5724940">
    <ele>112.1</ele>
    <time>2022-02-10T16:39:34Z</time>
   </trkpt>
   <trkpt lat="53.8382840" lon="-1.5724780">
    <ele>112.2</ele>
    <time>2022-02-10T16:39:35Z</time>
   </trkpt>
   <trkpt lat="53.8382550" lon="-1.5724630">
    <ele>112.3</ele>
    <time>2022-02-10T16:39:36Z</time>
   </trkpt>
   <trkpt lat="53.8382250" lon="-1.5724490">
    <ele>112.3</ele>
    <time>2022-02-10T16:39:37Z</time>
   </trkpt>
   <trkpt lat="53.8381950" lon="-1.5724370">
    <ele>112.4</ele>
    <time>2022-02-10T16:39:38Z</time>
   </trkpt>
   <trkpt lat="53.8381650" lon="-1.5724240">
    <ele>112.4</ele>
    <time>2022-02-10T16:39:39Z</time>
   </trkpt>
   <trkpt lat="53.8381350" lon="-1.5724080">
    <ele>112.4</ele>
    <time>2022-02-10T16:39:40Z</time>
   </trkpt>
   <trkpt lat="53.8381070" lon="-1.5723910">
    <ele>112.5</ele>
    <time>2022-02-10T16:39:41Z</time>
   </trkpt>
   <trkpt lat="53.8380790" lon="-1.5723710">
    <ele>112.5</ele>
    <time>2022-02-10T16:39:42Z</time>
   </trkpt>
   <trkpt lat="53.8380530" lon="-1.5723490">
    <ele>112.5</ele>
    <time>2022-02-10T16:39:43Z</time>
   </trkpt>
   <trkpt lat="53.8380280" lon="-1.5723260">
    <ele>112.5</ele>
    <time>2022-02-10T16:39:44Z</time>
   </trkpt>
   <trkpt lat="53.8380020" lon="-1.5723020">
    <ele>112.6</ele>
    <time>2022-02-10T16:39:45Z</time>
   </trkpt>
   <trkpt lat="53.8379770" lon="-1.5722780">
    <ele>112.6</ele>
    <time>2022-02-10T16:39:46Z</time>
   </trkpt>
   <trkpt lat="53.8379530" lon="-1.5722540">
    <ele>112.6</ele>
    <time>2022-02-10T16:39:47Z</time>
   </trkpt>
   <trkpt lat="53.8379300" lon="-1.5722280">
    <ele>112.6</ele>
    <time>2022-02-10T16:39:48Z</time>
   </trkpt>
   <trkpt lat="53.8379080" lon="-1.5722030">
    <ele>112.6</ele>
    <time>2022-02-10T16:39:49Z</time>
   </trkpt>
   <trkpt lat="53.8378730" lon="-1.5721670">
    <ele>112.6</ele>
    <time>2022-02-10T16:39:50Z</time>
   </trkpt>
   <trkpt lat="53.8378610" lon="-1.5721560">
    <ele>112.6</ele>
    <time>2022-02-10T16:39:51Z</time>
   </trkpt>
   <trkpt lat="53.8378260" lon="-1.5721220">
    <ele>112.6</ele>
    <time>2022-02-10T16:39:52Z</time>
   </trkpt>
   <trkpt lat="53.8378150" lon="-1.5721110">
    <ele>112.6</ele>
    <time>2022-02-10T16:39:53Z</time>
   </trkpt>
   <trkpt lat="53.8377810" lon="-1.5720790">
    <ele>112.5</ele>
    <time>2022-02-10T16:39:54Z</time>
   </trkpt>
   <trkpt lat="53.8377690" lon="-1.5720670">
    <ele>112.5</ele>
    <time>2022-02-10T16:39:55Z</time>
   </trkpt>
   <trkpt lat="53.8377370" lon="-1.5720330">
    <ele>112.5</ele>
    <time>2022-02-10T16:39:56Z</time>
   </trkpt>
   <trkpt lat="53.8377270" lon="-1.5720210">
    <ele>112.5</ele>
    <time>2022-02-10T16:39:57Z</time>
   </trkpt>
   <trkpt lat="53.8376960" lon="-1.5719850">
    <ele>112.5</ele>
    <time>2022-02-10T16:39:58Z</time>
   </trkpt>
   <trkpt lat="53.8376860" lon="-1.5719730">
    <ele>112.5</ele>
    <time>2022-02-10T16:39:59Z</time>
   </trkpt>
   <trkpt lat="53.8376550" lon="-1.5719350">
    <ele>112.5</ele>
    <time>2022-02-10T16:40:00Z</time>
   </trkpt>
   <trkpt lat="53.8376440" lon="-1.5719230">
    <ele>112.5</ele>
    <time>2022-02-10T16:40:01Z</time>
   </trkpt>
   <trkpt lat="53.8376130" lon="-1.5718840">
    <ele>112.4</ele>
    <time>2022-02-10T16:40:02Z</time>
   </trkpt>
   <trkpt lat="53.8376030" lon="-1.5718710">
    <ele>112.4</ele>
    <time>2022-02-10T16:40:03Z</time>
   </trkpt>
   <trkpt lat="53.8375730" lon="-1.5718330">
    <ele>112.4</ele>
    <time>2022-02-10T16:40:04Z</time>
   </trkpt>
   <trkpt lat="53.8375620" lon="-1.5718210">
    <ele>112.4</ele>
    <time>2022-02-10T16:40:05Z</time>
   </trkpt>
   <trkpt lat="53.8375320" lon="-1.5717840">
    <ele>112.4</ele>
    <time>2022-02-10T16:40:06Z</time>
   </trkpt>
   <trkpt lat="53.8375210" lon="-1.5717720">
    <ele>112.4</ele>
    <time>2022-02-10T16:40:07Z</time>
   </trkpt>
   <trkpt lat="53.8374910" lon="-1.5717370">
    <ele>112.4</ele>
    <time>2022-02-10T16:40:08Z</time>
   </trkpt>
   <trkpt lat="53.8374810" lon="-1.5717260">
    <ele>112.4</ele>
    <time>2022-02-10T16:40:09Z</time>
   </trkpt>
   <trkpt lat="53.8374500" lon="-1.5716910">
    <ele>112.3</ele>
    <time>2022-02-10T16:40:10Z</time>
   </trkpt>
   <trkpt lat="53.8374400" lon="-1.5716790">
    <ele>112.3</ele>
    <time>2022-02-10T16:40:11Z</time>
   </trkpt>
   <trkpt lat="53.8374090" lon="-1.5716450">
    <ele>112.2</ele>
    <time>2022-02-10T16:40:12Z</time>
   </trkpt>
   <trkpt lat="53.8373990" lon="-1.5716340">
    <ele>112.2</ele>
    <time>2022-02-10T16:40:13Z</time>
   </trkpt>
   <trkpt lat="53.8373690" lon="-1.5716000">
    <ele>112.1</ele>
    <time>2022-02-10T16:40:14Z</time>
   </trkpt>
   <trkpt lat="53.8373590" lon="-1.5715890">
    <ele>112.1</ele>
    <time>2022-02-10T16:40:15Z</time>
   </trkpt>
   <trkpt lat="53.8373300" lon="-1.5715530">
    <ele>112.0</ele>
    <time>2022-02-10T16:40:16Z</time>
   </trkpt>
   <trkpt lat="53.8373200" lon="-1.5715400">
    <ele>111.9</ele>
    <time>2022-02-10T16:40:17Z</time>
   </trkpt>
   <trkpt lat="53.8372910" lon="-1.5715120">
    <ele>111.9</ele>
    <time>2022-02-10T16:40:18Z</time>
   </trkpt>
   <trkpt lat="53.8372810" lon="-1.5715050">
    <ele>111.8</ele>
    <time>2022-02-10T16:40:19Z</time>
   </trkpt>
   <trkpt lat="53.8372490" lon="-1.5715020">
    <ele>111.8</ele>
    <time>2022-02-10T16:40:20Z</time>
   </trkpt>
   <trkpt lat="53.8372380" lon="-1.5715040">
    <ele>111.7</ele>
    <time>2022-02-10T16:40:21Z</time>
   </trkpt>
   <trkpt lat="53.8372030" lon="-1.5715210">
    <ele>111.4</ele>
    <time>2022-02-10T16:40:22Z</time>
   </trkpt>
   <trkpt lat="53.8371920" lon="-1.5715290">
    <ele>111.4</ele>
    <time>2022-02-10T16:40:23Z</time>
   </trkpt>
   <trkpt lat="53.8371690" lon="-1.5715540">
    <ele>111.2</ele>
    <time>2022-02-10T16:40:24Z</time>
   </trkpt>
   <trkpt lat="53.8371470" lon="-1.5715870">
    <ele>111.1</ele>
    <time>2022-02-10T16:40:25Z</time>
   </trkpt>
   <trkpt lat="53.8371270" lon="-1.5716260">
    <ele>111.0</ele>
    <time>2022-02-10T16:40:26Z</time>
   </trkpt>
   <trkpt lat="53.8371090" lon="-1.5716670">
    <ele>110.8</ele>
    <time>2022-02-10T16:40:27Z</time>
   </trkpt>
   <trkpt lat="53.8370920" lon="-1.5717090">
    <ele>110.7</ele>
    <time>2022-02-10T16:40:28Z</time>
   </trkpt>
   <trkpt lat="53.8370760" lon="-1.5717520">
    <ele>110.6</ele>
    <time>2022-02-10T16:40:29Z</time>
   </trkpt>
   <trkpt lat="53.8370590" lon="-1.5717930">
    <ele>110.5</ele>
    <time>2022-02-10T16:40:30Z</time>
   </trkpt>
   <trkpt lat="53.8370410" lon="-1.5718340">
    <ele>110.3</ele>
    <time>2022-02-10T16:40:31Z</time>
   </trkpt>
   <trkpt lat="53.8370230" lon="-1.5718720">
    <ele>110.2</ele>
    <time>2022-02-10T16:40:32Z</time>
   </trkpt>
   <trkpt lat="53.8369940" lon="-1.5719190">
    <ele>110.1</ele>
    <time>2022-02-10T16:40:33Z</time>
   </trkpt>
   <trkpt lat="53.8369840" lon="-1.5719330">
    <ele>110.0</ele>
    <time>2022-02-10T16:40:34Z</time>
   </trkpt>
   <trkpt lat="53.8369540" lon="-1.5719680">
    <ele>109.9</ele>
    <time>2022-02-10T16:40:35Z</time>
   </trkpt>
   <trkpt lat="53.8369440" lon="-1.5719780">
    <ele>109.9</ele>
    <time>2022-02-10T16:40:36Z</time>
   </trkpt>
   <trkpt lat="53.8369140" lon="-1.5720050">
    <ele>109.7</ele>
    <time>2022-02-10T16:40:37Z</time>
   </trkpt>
   <trkpt lat="53.8369050" lon="-1.5720140">
    <ele>109.7</ele>
    <time>2022-02-10T16:40:38Z</time>
   </trkpt>
   <trkpt lat="53.8368770" lon="-1.5720440">
    <ele>109.5</ele>
    <time>2022-02-10T16:40:39Z</time>
   </trkpt>
   <trkpt lat="53.8368680" lon="-1.5720550">
    <ele>109.4</ele>
    <time>2022-02-10T16:40:40Z</time>
   </trkpt>
   <trkpt lat="53.8368400" lon="-1.5720870">
    <ele>109.3</ele>
    <time>2022-02-10T16:40:41Z</time>
   </trkpt>
   <trkpt lat="53.8368300" lon="-1.5720970">
    <ele>109.2</ele>
    <time>2022-02-10T16:40:42Z</time>
   </trkpt>
   <trkpt lat="53.8367980" lon="-1.5721220">
    <ele>109.0</ele>
    <time>2022-02-10T16:40:43Z</time>
   </trkpt>
   <trkpt lat="53.8367870" lon="-1.5721290">
    <ele>108.9</ele>
    <time>2022-02-10T16:40:44Z</time>
   </trkpt>
   <trkpt lat="53.8367540" lon="-1.5721440">
    <ele>108.7</ele>
    <time>2022-02-10T16:40:45Z</time>
   </trkpt>
   <trkpt lat="53.8367430" lon="-1.5721480">
    <ele>108.7</ele>
    <time>2022-02-10T16:40:46Z</time>
   </trkpt>
   <trkpt lat="53.8367090" lon="-1.5721590">
    <ele>108.4</ele>
    <time>2022-02-10T16:40:47Z</time>
   </trkpt>
   <trkpt lat="53.8366960" lon="-1.5721630">
    <ele>108.4</ele>
    <time>2022-02-10T16:40:48Z</time>
   </trkpt>
   <trkpt lat="53.8366630" lon="-1.5721780">
    <ele>108.2</ele>
    <time>2022-02-10T16:40:49Z</time>
   </trkpt>
   <trkpt lat="53.8366510" lon="-1.5721850">
    <ele>108.1</ele>
    <time>2022-02-10T16:40:50Z</time>
   </trkpt>
   <trkpt lat="53.8366170" lon="-1.5722120">
    <ele>107.9</ele>
    <time>2022-02-10T16:40:51Z</time>
   </trkpt>
   <trkpt lat="53.8366060" lon="-1.5722230">
    <ele>107.8</ele>
    <time>2022-02-10T16:40:52Z</time>
   </trkpt>
   <trkpt lat="53.8365730" lon="-1.5722560">
    <ele>107.6</ele>
    <time>2022-02-10T16:40:53Z</time>
   </trkpt>
   <trkpt lat="53.8365630" lon="-1.5722670">
    <ele>107.5</ele>
    <time>2022-02-10T16:40:54Z</time>
   </trkpt>
   <trkpt lat="53.8365300" lon="-1.5722990">
    <ele>107.3</ele>
    <time>2022-02-10T16:40:55Z</time>
   </trkpt>
   <trkpt lat="53.8365190" lon="-1.5723090">
    <ele>107.3</ele>
    <time>2022-02-10T16:40:56Z</time>
   </trkpt>
   <trkpt lat="53.8364830" lon="-1.5723340">
    <ele>107.1</ele>
    <time>2022-02-10T16:40:57Z</time>
   </trkpt>
   <trkpt lat="53.8364710" lon="-1.5723430">
    <ele>107.1</ele>
    <time>2022-02-10T16:40:58Z</time>
   </trkpt>
   <trkpt lat="53.8364440" lon="-1.5723590">
    <ele>106.9</ele>
    <time>2022-02-10T16:40:59Z</time>
   </trkpt>
   <trkpt lat="53.8364140" lon="-1.5723760">
    <ele>106.8</ele>
    <time>2022-02-10T16:41:00Z</time>
   </trkpt>
   <trkpt lat="53.8363840" lon="-1.5723950">
    <ele>106.7</ele>
    <time>2022-02-10T16:41:01Z</time>
   </trkpt>
   <trkpt lat="53.8363540" lon="-1.5724120">
    <ele>106.6</ele>
    <time>2022-02-10T16:41:02Z</time>
   </trkpt>
   <trkpt lat="53.8363230" lon="-1.5724300">
    <ele>106.4</ele>
    <time>2022-02-10T16:41:03Z</time>
   </trkpt>
   <trkpt lat="53.8362960" lon="-1.5724460">
    <ele>106.3</ele>
    <time>2022-02-10T16:41:04Z</time>
   </trkpt>
   <trkpt lat="53.8362690" lon="-1.5724590">
    <ele>106.2</ele>
    <time>2022-02-10T16:41:05Z</time>
   </trkpt>
   <trkpt lat="53.8362430" lon="-1.5724720">
    <ele>106.2</ele>
    <time>2022-02-10T16:41:06Z</time>
   </trkpt>
   <trkpt lat="53.8362040" lon="-1.5724880">
    <ele>106.0</ele>
    <time>2022-02-10T16:41:07Z</time>
   </trkpt>
   <trkpt lat="53.8361910" lon="-1.5724940">
    <ele>106.0</ele>
    <time>2022-02-10T16:41:08Z</time>
   </trkpt>
   <trkpt lat="53.8361640" lon="-1.5725050">
    <ele>105.9</ele>
    <time>2022-02-10T16:41:09Z</time>
   </trkpt>
   <trkpt lat="53.8361280" lon="-1.5725160">
    <ele>105.8</ele>
    <time>2022-02-10T16:41:10Z</time>
   </trkpt>
   <trkpt lat="53.8361160" lon="-1.5725190">
    <ele>105.8</ele>
    <time>2022-02-10T16:41:11Z</time>
   </trkpt>
   <trkpt lat="53.8360780" lon="-1.5725280">
    <ele>105.7</ele>
    <time>2022-02-10T16:41:12Z</time>
   </trkpt>
   <trkpt lat="53.8360650" lon="-1.5725310">
    <ele>105.6</ele>
    <time>2022-02-10T16:41:13Z</time>
   </trkpt>
   <trkpt lat="53.8360280" lon="-1.5725400">
    <ele>105.5</ele>
    <time>2022-02-10T16:41:14Z</time>
   </trkpt>
   <trkpt lat="53.8360160" lon="-1.5725420">
    <ele>105.5</ele>
    <time>2022-02-10T16:41:15Z</time>
   </trkpt>
   <trkpt lat="53.8359770" lon="-1.5725490">
    <ele>105.3</ele>
    <time>2022-02-10T16:41:16Z</time>
   </trkpt>
   <trkpt lat="53.8359640" lon="-1.5725520">
    <ele>105.3</ele>
    <time>2022-02-10T16:41:17Z</time>
   </trkpt>
   <trkpt lat="53.8359250" lon="-1.5725650">
    <ele>105.1</ele>
    <time>2022-02-10T16:41:18Z</time>
   </trkpt>
   <trkpt lat="53.8359120" lon="-1.5725710">
    <ele>105.1</ele>
    <time>2022-02-10T16:41:19Z</time>
   </trkpt>
   <trkpt lat="53.8358850" lon="-1.5725850">
    <ele>105.0</ele>
    <time>2022-02-10T16:41:20Z</time>
   </trkpt>
   <trkpt lat="53.8358500" lon="-1.5726090">
    <ele>104.8</ele>
    <time>2022-02-10T16:41:21Z</time>
   </trkpt>
   <trkpt lat="53.8358380" lon="-1.5726190">
    <ele>104.8</ele>
    <time>2022-02-10T16:41:22Z</time>
   </trkpt>
   <trkpt lat="53.8358130" lon="-1.5726410">
    <ele>104.7</ele>
    <time>2022-02-10T16:41:23Z</time>
   </trkpt>
   <trkpt lat="53.8357890" lon="-1.5726640">
    <ele>104.6</ele>
    <time>2022-02-10T16:41:24Z</time>
   </trkpt>
   <trkpt lat="53.8357530" lon="-1.5726950">
    <ele>104.4</ele>
    <time>2022-02-10T16:41:25Z</time>
   </trkpt>
   <trkpt lat="53.8357410" lon="-1.5727050">
    <ele>104.3</ele>
    <time>2022-02-10T16:41:26Z</time>
   </trkpt>
   <trkpt lat="53.8357040" lon="-1.5727310">
    <ele>104.2</ele>
    <time>2022-02-10T16:41:27Z</time>
   </trkpt>
   <trkpt lat="53.8356920" lon="-1.5727400">
    <ele>104.1</ele>
    <time>2022-02-10T16:41:28Z</time>
   </trkpt>
   <trkpt lat="53.8356660" lon="-1.5727540">
    <ele>104.0</ele>
    <time>2022-02-10T16:41:29Z</time>
   </trkpt>
   <trkpt lat="53.8356400" lon="-1.5727670">
    <ele>103.9</ele>
    <time>2022-02-10T16:41:30Z</time>
   </trkpt>
   <trkpt lat="53.8356130" lon="-1.5727800">
    <ele>103.8</ele>
    <time>2022-02-10T16:41:31Z</time>
   </trkpt>
   <trkpt lat="53.8355860" lon="-1.5727940">
    <ele>103.6</ele>
    <time>2022-02-10T16:41:32Z</time>
   </trkpt>
   <trkpt lat="53.8355580" lon="-1.5728090">
    <ele>103.5</ele>
    <time>2022-02-10T16:41:33Z</time>
   </trkpt>
   <trkpt lat="53.8355290" lon="-1.5728210">
    <ele>103.4</ele>
    <time>2022-02-10T16:41:34Z</time>
   </trkpt>
   <trkpt lat="53.8354990" lon="-1.5728320">
    <ele>103.3</ele>
    <time>2022-02-10T16:41:35Z</time>
   </trkpt>
   <trkpt lat="53.8354710" lon="-1.5728410">
    <ele>103.1</ele>
    <time>2022-02-10T16:41:36Z</time>
   </trkpt>
   <trkpt lat="53.8354400" lon="-1.5728510">
    <ele>102.9</ele>
    <time>2022-02-10T16:41:37Z</time>
   </trkpt>
   <trkpt lat="53.8354100" lon="-1.5728600">
    <ele>102.8</ele>
    <time>2022-02-10T16:41:38Z</time>
   </trkpt>
   <trkpt lat="53.8353770" lon="-1.5728680">
    <ele>102.7</ele>
    <time>2022-02-10T16:41:39Z</time>
   </trkpt>
   <trkpt lat="53.8353440" lon="-1.5728730">
    <ele>102.5</ele>
    <time>2022-02-10T16:41:40Z</time>
   </trkpt>
   <trkpt lat="53.8353110" lon="-1.5728770">
    <ele>102.4</ele>
    <time>2022-02-10T16:41:41Z</time>
   </trkpt>
   <trkpt lat="53.8352780" lon="-1.5728770">
    <ele>102.2</ele>
    <time>2022-02-10T16:41:42Z</time>
   </trkpt>
   <trkpt lat="53.8352470" lon="-1.5728730">
    <ele>102.0</ele>
    <time>2022-02-10T16:41:43Z</time>
   </trkpt>
   <trkpt lat="53.8352170" lon="-1.5728650">
    <ele>101.9</ele>
    <time>2022-02-10T16:41:44Z</time>
   </trkpt>
   <trkpt lat="53.8351870" lon="-1.5728560">
    <ele>101.7</ele>
    <time>2022-02-10T16:41:45Z</time>
   </trkpt>
   <trkpt lat="53.8351580" lon="-1.5728490">
    <ele>101.6</ele>
    <time>2022-02-10T16:41:46Z</time>
   </trkpt>
   <trkpt lat="53.8351290" lon="-1.5728440">
    <ele>101.4</ele>
    <time>2022-02-10T16:41:47Z</time>
   </trkpt>
   <trkpt lat="53.8351000" lon="-1.5728420">
    <ele>101.3</ele>
    <time>2022-02-10T16:41:48Z</time>
   </trkpt>
   <trkpt lat="53.8350720" lon="-1.5728380">
    <ele>101.2</ele>
    <time>2022-02-10T16:41:49Z</time>
   </trkpt>
   <trkpt lat="53.8350330" lon="-1.5728330">
    <ele>101.0</ele>
    <time>2022-02-10T16:41:50Z</time>
   </trkpt>
   <trkpt lat="53.8350200" lon="-1.5728310">
    <ele>101.0</ele>
    <time>2022-02-10T16:41:51Z</time>
   </trkpt>
   <trkpt lat="53.8349800" lon="-1.5728190">
    <ele>100.8</ele>
    <time>2022-02-10T16:41:52Z</time>
   </trkpt>
   <trkpt lat="53.8349670" lon="-1.5728140">
    <ele>100.8</ele>
    <time>2022-02-10T16:41:53Z</time>
   </trkpt>
   <trkpt lat="53.8349320" lon="-1.5728030">
    <ele>100.7</ele>
    <time>2022-02-10T16:41:54Z</time>
   </trkpt>
   <trkpt lat="53.8349200" lon="-1.5728010">
    <ele>100.6</ele>
    <time>2022-02-10T16:41:55Z</time>
   </trkpt>
   <trkpt lat="53.8348900" lon="-1.5727990">
    <ele>100.6</ele>
    <time>2022-02-10T16:41:56Z</time>
   </trkpt>
   <trkpt lat="53.8348810" lon="-1.5727990">
    <ele>100.5</ele>
    <time>2022-02-10T16:41:57Z</time>
   </trkpt>
   <trkpt lat="53.8348520" lon="-1.5728030">
    <ele>100.4</ele>
    <time>2022-02-10T16:41:58Z</time>
   </trkpt>
   <trkpt lat="53.8348430" lon="-1.5728040">
    <ele>100.4</ele>
    <time>2022-02-10T16:41:59Z</time>
   </trkpt>
   <trkpt lat="53.8348170" lon="-1.5728060">
    <ele>100.3</ele>
    <time>2022-02-10T16:42:00Z</time>
   </trkpt>
   <trkpt lat="53.8348070" lon="-1.5728050">
    <ele>100.3</ele>
    <time>2022-02-10T16:42:01Z</time>
   </trkpt>
   <trkpt lat="53.8347770" lon="-1.5728000">
    <ele>100.2</ele>
    <time>2022-02-10T16:42:02Z</time>
   </trkpt>
   <trkpt lat="53.8347660" lon="-1.5727970">
    <ele>100.2</ele>
    <time>2022-02-10T16:42:03Z</time>
   </trkpt>
   <trkpt lat="53.8347340" lon="-1.5727870">
    <ele>100.1</ele>
    <time>2022-02-10T16:42:04Z</time>
   </trkpt>
   <trkpt lat="53.8347220" lon="-1.5727830">
    <ele>100.1</ele>
    <time>2022-02-10T16:42:05Z</time>
   </trkpt>
   <trkpt lat="53.8346890" lon="-1.5727610">
    <ele>100.0</ele>
    <time>2022-02-10T16:42:06Z</time>
   </trkpt>
   <trkpt lat="53.8346770" lon="-1.5727520">
    <ele>100.0</ele>
    <time>2022-02-10T16:42:07Z</time>
   </trkpt>
   <trkpt lat="53.8346490" lon="-1.5727110">
    <ele>99.9</ele>
    <time>2022-02-10T16:42:08Z</time>
   </trkpt>
   <trkpt lat="53.8346410" lon="-1.5726960">
    <ele>99.8</ele>
    <time>2022-02-10T16:42:09Z</time>
   </trkpt>
   <trkpt lat="53.8346210" lon="-1.5726370">
    <ele>99.7</ele>
    <time>2022-02-10T16:42:10Z</time>
   </trkpt>
   <trkpt lat="53.8346140" lon="-1.5726160">
    <ele>99.7</ele>
    <time>2022-02-10T16:42:11Z</time>
   </trkpt>
   <trkpt lat="53.8346030" lon="-1.5725720">
    <ele>99.7</ele>
    <time>2022-02-10T16:42:12Z</time>
   </trkpt>
   <trkpt lat="53.8345930" lon="-1.5725260">
    <ele>99.6</ele>
    <time>2022-02-10T16:42:13Z</time>
   </trkpt>
   <trkpt lat="53.8345850" lon="-1.5724810">
    <ele>99.5</ele>
    <time>2022-02-10T16:42:14Z</time>
   </trkpt>
   <trkpt lat="53.8345770" lon="-1.5724380">
    <ele>99.5</ele>
    <time>2022-02-10T16:42:15Z</time>
   </trkpt>
   <trkpt lat="53.8345620" lon="-1.5723750">
    <ele>99.4</ele>
    <time>2022-02-10T16:42:16Z</time>
   </trkpt>
   <trkpt lat="53.8345560" lon="-1.5723540">
    <ele>99.4</ele>
    <time>2022-02-10T16:42:17Z</time>
   </trkpt>
   <trkpt lat="53.8345440" lon="-1.5723090">
    <ele>99.4</ele>
    <time>2022-02-10T16:42:18Z</time>
   </trkpt>
   <trkpt lat="53.8345320" lon="-1.5722650">
    <ele>99.3</ele>
    <time>2022-02-10T16:42:19Z</time>
   </trkpt>
   <trkpt lat="53.8345220" lon="-1.5722230">
    <ele>99.3</ele>
    <time>2022-02-10T16:42:20Z</time>
   </trkpt>
   <trkpt lat="53.8345110" lon="-1.5721590">
    <ele>99.2</ele>
    <time>2022-02-10T16:42:21Z</time>
   </trkpt>
   <trkpt lat="53.8345070" lon="-1.5721380">
    <ele>99.2</ele>
    <time>2022-02-10T16:42:22Z</time>
   </trkpt>
   <trkpt lat="53.8344970" lon="-1.5720780">
    <ele>99.1</ele>
    <time>2022-02-10T16:42:23Z</time>
   </trkpt>
   <trkpt lat="53.8344940" lon="-1.5720590">
    <ele>99.1</ele>
    <time>2022-02-10T16:42:24Z</time>
   </trkpt>
   <trkpt lat="53.8344910" lon="-1.5720060">
    <ele>99.0</ele>
    <time>2022-02-10T16:42:25Z</time>
   </trkpt>
   <trkpt lat="53.8344910" lon="-1.5719910">
    <ele>99.0</ele>
    <time>2022-02-10T16:42:26Z</time>
   </trkpt>
   <trkpt lat="53.8344940" lon="-1.5719610">
    <ele>99.0</ele>
    <time>2022-02-10T16:42:27Z</time>
   </trkpt>
   <trkpt lat="53.8345000" lon="-1.5719350">
    <ele>98.9</ele>
    <time>2022-02-10T16:42:28Z</time>
   </trkpt>
   <trkpt lat="53.8345170" lon="-1.5719010">
    <ele>98.9</ele>
    <time>2022-02-10T16:42:29Z</time>
   </trkpt>
   <trkpt lat="53.8345250" lon="-1.5718890">
    <ele>98.8</ele>
    <time>2022-02-10T16:42:30Z</time>
   </trkpt>
   <trkpt lat="53.8345460" lon="-1.5718580">
    <ele>98.7</ele>
    <time>2022-02-10T16:42:31Z</time>
   </trkpt>
   <trkpt lat="53.8345520" lon="-1.5718470">
    <ele>98.7</ele>
    <time>2022-02-10T16:42:32Z</time>
   </trkpt>
   <trkpt lat="53.8345590" lon="-1.5718230">
    <ele>98.6</ele>
    <time>2022-02-10T16:42:33Z</time>
   </trkpt>
   <trkpt lat="53.8345580" lon="-1.5717970">
    <ele>98.6</ele>
    <time>2022-02-10T16:42:34Z</time>
   </trkpt>
   <trkpt lat="53.8345430" lon="-1.5717590">
    <ele>98.5</ele>
    <time>2022-02-10T16:42:35Z</time>
   </trkpt>
   <trkpt lat="53.8345370" lon="-1.5717460">
    <ele>98.4</ele>
    <time>2022-02-10T16:42:36Z</time>
   </trkpt>
   <trkpt lat="53.8345070" lon="-1.5717110">
    <ele>98.2</ele>
    <time>2022-02-10T16:42:37Z</time>
   </trkpt>
   <trkpt lat="53.8344960" lon="-1.5716990">
    <ele>98.2</ele>
    <time>2022-02-10T16:42:38Z</time>
   </trkpt>
   <trkpt lat="53.8344690" lon="-1.5716810">
    <ele>98.0</ele>
    <time>2022-02-10T16:42:39Z</time>
   </trkpt>
   <trkpt lat="53.8344380" lon="-1.5716640">
    <ele>97.8</ele>
    <time>2022-02-10T16:42:40Z</time>
   </trkpt>
   <trkpt lat="53.8344060" lon="-1.5716490">
    <ele>97.6</ele>
    <time>2022-02-10T16:42:41Z</time>
   </trkpt>
   <trkpt lat="53.8343750" lon="-1.5716350">
    <ele>97.4</ele>
    <time>2022-02-10T16:42:42Z</time>
   </trkpt>
   <trkpt lat="53.8343430" lon="-1.5716220">
    <ele>97.2</ele>
    <time>2022-02-10T16:42:43Z</time>
   </trkpt>
   <trkpt lat="53.8343120" lon="-1.5716100">
    <ele>96.9</ele>
    <time>2022-02-10T16:42:44Z</time>
   </trkpt>
   <trkpt lat="53.8342830" lon="-1.5716040">
    <ele>96.7</ele>
    <time>2022-02-10T16:42:45Z</time>
   </trkpt>
   <trkpt lat="53.8342480" lon="-1.5716060">
    <ele>96.4</ele>
    <time>2022-02-10T16:42:46Z</time>
   </trkpt>
   <trkpt lat="53.8342380" lon="-1.5716090">
    <ele>96.3</ele>
    <time>2022-02-10T16:42:47Z</time>
   </trkpt>
   <trkpt lat="53.8342140" lon="-1.5716350">
    <ele>96.1</ele>
    <time>2022-02-10T16:42:48Z</time>
   </trkpt>
   <trkpt lat="53.8342070" lon="-1.5716450">
    <ele>96.0</ele>
    <time>2022-02-10T16:42:49Z</time>
   </trkpt>
   <trkpt lat="53.8341890" lon="-1.5716900">
    <ele>95.7</ele>
    <time>2022-02-10T16:42:50Z</time>
   </trkpt>
   <trkpt lat="53.8341830" lon="-1.5717070">
    <ele>95.6</ele>
    <time>2022-02-10T16:42:51Z</time>
   </trkpt>
   <trkpt lat="53.8341630" lon="-1.5717610">
    <ele>95.0</ele>
    <time>2022-02-10T16:42:52Z</time>
   </trkpt>
   <trkpt lat="53.8341570" lon="-1.5717800">
    <ele>94.6</ele>
    <time>2022-02-10T16:42:53Z</time>
   </trkpt>
   <trkpt lat="53.8341330" lon="-1.5718290">
    <ele>93.7</ele>
    <time>2022-02-10T16:42:54Z</time>
   </trkpt>
   <trkpt lat="53.8341250" lon="-1.5718440">
    <ele>93.4</ele>
    <time>2022-02-10T16:42:55Z</time>
   </trkpt>
   <trkpt lat="53.8340980" lon="-1.5718800">
    <ele>92.6</ele>
    <time>2022-02-10T16:42:56Z</time>
   </trkpt>
   <trkpt lat="53.8340890" lon="-1.5718900">
    <ele>92.4</ele>
    <time>2022-02-10T16:42:57Z</time>
   </trkpt>
   <trkpt lat="53.8340630" lon="-1.5719180">
    <ele>91.7</ele>
    <time>2022-02-10T16:42:58Z</time>
   </trkpt>
   <trkpt lat="53.8340550" lon="-1.5719270">
    <ele>91.5</ele>
    <time>2022-02-10T16:42:59Z</time>
   </trkpt>
   <trkpt lat="53.8340280" lon="-1.5719540">
    <ele>90.8</ele>
    <time>2022-02-10T16:43:00Z</time>
   </trkpt>
   <trkpt lat="53.8340190" lon="-1.5719630">
    <ele>90.6</ele>
    <time>2022-02-10T16:43:01Z</time>
   </trkpt>
   <trkpt lat="53.8339920" lon="-1.5719820">
    <ele>90.0</ele>
    <time>2022-02-10T16:43:02Z</time>
   </trkpt>
   <trkpt lat="53.8339830" lon="-1.5719870">
    <ele>89.8</ele>
    <time>2022-02-10T16:43:03Z</time>
   </trkpt>
   <trkpt lat="53.8339560" lon="-1.5720000">
    <ele>89.2</ele>
    <time>2022-02-10T16:43:04Z</time>
   </trkpt>
   <trkpt lat="53.8339460" lon="-1.5720040">
    <ele>88.9</ele>
    <time>2022-02-10T16:43:05Z</time>
   </trkpt>
   <trkpt lat="53.8339180" lon="-1.5720240">
    <ele>88.3</ele>
    <time>2022-02-10T16:43:06Z</time>
   </trkpt>
   <trkpt lat="53.8339090" lon="-1.5720310">
    <ele>88.1</ele>
    <time>2022-02-10T16:43:07Z</time>
   </trkpt>
   <trkpt lat="53.8338780" lon="-1.5720550">
    <ele>87.4</ele>
    <time>2022-02-10T16:43:08Z</time>
   </trkpt>
   <trkpt lat="53.8338680" lon="-1.5720630">
    <ele>87.2</ele>
    <time>2022-02-10T16:43:09Z</time>
   </trkpt>
   <trkpt lat="53.8338320" lon="-1.5720880">
    <ele>86.4</ele>
    <time>2022-02-10T16:43:10Z</time>
   </trkpt>
   <trkpt lat="53.8338200" lon="-1.5720950">
    <ele>86.2</ele>
    <time>2022-02-10T16:43:11Z</time>
   </trkpt>
   <trkpt lat="53.8337940" lon="-1.5721100">
    <ele>85.7</ele>
    <time>2022-02-10T16:43:12Z</time>
   </trkpt>
   <trkpt lat="53.8337640" lon="-1.5721240">
    <ele>85.1</ele>
    <time>2022-02-10T16:43:13Z</time>
   </trkpt>
   <trkpt lat="53.8337350" lon="-1.5721360">
    <ele>84.7</ele>
    <time>2022-02-10T16:43:14Z</time>
   </trkpt>
   <trkpt lat="53.8337060" lon="-1.5721450">
    <ele>84.3</ele>
    <time>2022-02-10T16:43:15Z</time>
   </trkpt>
   <trkpt lat="53.8336760" lon="-1.5721530">
    <ele>83.9</ele>
    <time>2022-02-10T16:43:16Z</time>
   </trkpt>
   <trkpt lat="53.8336480" lon="-1.5721590">
    <ele>83.5</ele>
    <time>2022-02-10T16:43:17Z</time>
   </trkpt>
   <trkpt lat="53.8336180" lon="-1.5721620">
    <ele>83.2</ele>
    <time>2022-02-10T16:43:18Z</time>
   </trkpt>
   <trkpt lat="53.8335900" lon="-1.5721650">
    <ele>82.9</ele>
    <time>2022-02-10T16:43:19Z</time>
   </trkpt>
   <trkpt lat="53.8335620" lon="-1.5721690">
    <ele>82.6</ele>
    <time>2022-02-10T16:43:20Z</time>
   </trkpt>
   <trkpt lat="53.8335300" lon="-1.5721730">
    <ele>82.2</ele>
    <time>2022-02-10T16:43:21Z</time>
   </trkpt>
   <trkpt lat="53.8334990" lon="-1.5721760">
    <ele>81.9</ele>
    <time>2022-02-10T16:43:22Z</time>
   </trkpt>
   <trkpt lat="53.8334660" lon="-1.5721780">
    <ele>81.5</ele>
    <time>2022-02-10T16:43:23Z</time>
   </trkpt>
   <trkpt lat="53.8334350" lon="-1.5721770">
    <ele>81.2</ele>
    <time>2022-02-10T16:43:24Z</time>
   </trkpt>
   <trkpt lat="53.8334020" lon="-1.5721770">
    <ele>80.8</ele>
    <time>2022-02-10T16:43:25Z</time>
   </trkpt>
   <trkpt lat="53.8333700" lon="-1.5721790">
    <ele>80.4</ele>
    <time>2022-02-10T16:43:26Z</time>
   </trkpt>
   <trkpt lat="53.8333370" lon="-1.5721860">
    <ele>80.0</ele>
    <time>2022-02-10T16:43:27Z</time>
   </trkpt>
   <trkpt lat="53.8333060" lon="-1.5721980">
    <ele>79.6</ele>
    <time>2022-02-10T16:43:28Z</time>
   </trkpt>
   <trkpt lat="53.8332740" lon="-1.5722160">
    <ele>79.2</ele>
    <time>2022-02-10T16:43:29Z</time>
   </trkpt>
   <trkpt lat="53.8332440" lon="-1.5722380">
    <ele>78.9</ele>
    <time>2022-02-10T16:43:30Z</time>
   </trkpt>
   <trkpt lat="53.8332140" lon="-1.5722630">
    <ele>78.5</ele>
    <time>2022-02-10T16:43:31Z</time>
   </trkpt>
   <trkpt lat="53.8331860" lon="-1.5722920">
    <ele>78.1</ele>
    <time>2022-02-10T16:43:32Z</time>
   </trkpt>
   <trkpt lat="53.8331600" lon="-1.5723260">
    <ele>77.7</ele>
    <time>2022-02-10T16:43:33Z</time>
   </trkpt>
   <trkpt lat="53.8331360" lon="-1.5723630">
    <ele>77.4</ele>
    <time>2022-02-10T16:43:34Z</time>
   </trkpt>
   <trkpt lat="53.8331130" lon="-1.5724010">
    <ele>77.0</ele>
    <time>2022-02-10T16:43:35Z</time>
   </trkpt>
   <trkpt lat="53.8330900" lon="-1.5724410">
    <ele>76.7</ele>
    <time>2022-02-10T16:43:36Z</time>
   </trkpt>
   <trkpt lat="53.8330690" lon="-1.5724810">
    <ele>76.3</ele>
    <time>2022-02-10T16:43:37Z</time>
   </trkpt>
   <trkpt lat="53.8330470" lon="-1.5725190">
    <ele>76.0</ele>
    <time>2022-02-10T16:43:38Z</time>
   </trkpt>
   <trkpt lat="53.8330240" lon="-1.5725550">
    <ele>75.7</ele>
    <time>2022-02-10T16:43:39Z</time>
   </trkpt>
   <trkpt lat="53.8330000" lon="-1.5725880">
    <ele>75.4</ele>
    <time>2022-02-10T16:43:40Z</time>
   </trkpt>
   <trkpt lat="53.8329750" lon="-1.5726210">
    <ele>75.0</ele>
    <time>2022-02-10T16:43:41Z</time>
   </trkpt>
   <trkpt lat="53.8329500" lon="-1.5726510">
    <ele>74.8</ele>
    <time>2022-02-10T16:43:42Z</time>
   </trkpt>
   <trkpt lat="53.8329240" lon="-1.5726810">
    <ele>74.4</ele>
    <time>2022-02-10T16:43:43Z</time>
   </trkpt>
   <trkpt lat="53.8328980" lon="-1.5727100">
    <ele>74.1</ele>
    <time>2022-02-10T16:43:44Z</time>
   </trkpt>
   <trkpt lat="53.8328720" lon="-1.5727390">
    <ele>73.8</ele>
    <time>2022-02-10T16:43:45Z</time>
   </trkpt>
   <trkpt lat="53.8328450" lon="-1.5727710">
    <ele>73.6</ele>
    <time>2022-02-10T16:43:46Z</time>
   </trkpt>
   <trkpt lat="53.8328210" lon="-1.5728010">
    <ele>73.3</ele>
    <time>2022-02-10T16:43:47Z</time>
   </trkpt>
   <trkpt lat="53.8327960" lon="-1.5728330">
    <ele>73.0</ele>
    <time>2022-02-10T16:43:48Z</time>
   </trkpt>
   <trkpt lat="53.8327710" lon="-1.5728650">
    <ele>72.7</ele>
    <time>2022-02-10T16:43:49Z</time>
   </trkpt>
   <trkpt lat="53.8327470" lon="-1.5728970">
    <ele>72.5</ele>
    <time>2022-02-10T16:43:50Z</time>
   </trkpt>
   <trkpt lat="53.8327220" lon="-1.5729280">
    <ele>72.2</ele>
    <time>2022-02-10T16:43:51Z</time>
   </trkpt>
   <trkpt lat="53.8326970" lon="-1.5729580">
    <ele>71.9</ele>
    <time>2022-02-10T16:43:52Z</time>
   </trkpt>
   <trkpt lat="53.8326720" lon="-1.5729880">
    <ele>71.7</ele>
    <time>2022-02-10T16:43:53Z</time>
   </trkpt>
   <trkpt lat="53.8326460" lon="-1.5730200">
    <ele>71.4</ele>
    <time>2022-02-10T16:43:54Z</time>
   </trkpt>
   <trkpt lat="53.8326210" lon="-1.5730500">
    <ele>71.2</ele>
    <time>2022-02-10T16:43:55Z</time>
   </trkpt>
   <trkpt lat="53.8325970" lon="-1.5730800">
    <ele>71.0</ele>
    <time>2022-02-10T16:43:56Z</time>
   </trkpt>
   <trkpt lat="53.8325730" lon="-1.5731090">
    <ele>70.8</ele>
    <time>2022-02-10T16:43:57Z</time>
   </trkpt>
   <trkpt lat="53.8325480" lon="-1.5731380">
    <ele>70.6</ele>
    <time>2022-02-10T16:43:58Z</time>
   </trkpt>
   <trkpt lat="53.8325240" lon="-1.5731660">
    <ele>70.4</ele>
    <time>2022-02-10T16:43:59Z</time>
   </trkpt>
   <trkpt lat="53.8324990" lon="-1.5731940">
    <ele>70.2</ele>
    <time>2022-02-10T16:44:00Z</time>
   </trkpt>
   <trkpt lat="53.8324740" lon="-1.5732210">
    <ele>70.1</ele>
    <time>2022-02-10T16:44:01Z</time>
   </trkpt>
   <trkpt lat="53.8324490" lon="-1.5732480">
    <ele>69.9</ele>
    <time>2022-02-10T16:44:02Z</time>
   </trkpt>
   <trkpt lat="53.8324250" lon="-1.5732760">
    <ele>69.7</ele>
    <time>2022-02-10T16:44:03Z</time>
   </trkpt>
   <trkpt lat="53.8324010" lon="-1.5733070">
    <ele>69.5</ele>
    <time>2022-02-10T16:44:04Z</time>
   </trkpt>
   <trkpt lat="53.8323780" lon="-1.5733390">
    <ele>69.3</ele>
    <time>2022-02-10T16:44:05Z</time>
   </trkpt>
   <trkpt lat="53.8323560" lon="-1.5733710">
    <ele>69.2</ele>
    <time>2022-02-10T16:44:06Z</time>
   </trkpt>
   <trkpt lat="53.8323340" lon="-1.5734020">
    <ele>69.0</ele>
    <time>2022-02-10T16:44:07Z</time>
   </trkpt>
   <trkpt lat="53.8323090" lon="-1.5734350">
    <ele>68.8</ele>
    <time>2022-02-10T16:44:08Z</time>
   </trkpt>
   <trkpt lat="53.8322650" lon="-1.5734950">
    <ele>68.5</ele>
    <time>2022-02-10T16:44:10Z</time>
   </trkpt>
   <trkpt lat="53.8322420" lon="-1.5735260">
    <ele>68.4</ele>
    <time>2022-02-10T16:44:11Z</time>
   </trkpt>
   <trkpt lat="53.8322190" lon="-1.5735560">
    <ele>68.2</ele>
    <time>2022-02-10T16:44:12Z</time>
   </trkpt>
   <trkpt lat="53.8321960" lon="-1.5735840">
    <ele>68.1</ele>
    <time>2022-02-10T16:44:13Z</time>
   </trkpt>
   <trkpt lat="53.8321720" lon="-1.5736120">
    <ele>67.9</ele>
    <time>2022-02-10T16:44:14Z</time>
   </trkpt>
   <trkpt lat="53.8321470" lon="-1.5736390">
    <ele>67.8</ele>
    <time>2022-02-10T16:44:15Z</time>
   </trkpt>
   <trkpt lat="53.8321230" lon="-1.5736660">
    <ele>67.5</ele>
    <time>2022-02-10T16:44:16Z</time>
   </trkpt>
   <trkpt lat="53.8320980" lon="-1.5736910">
    <ele>67.3</ele>
    <time>2022-02-10T16:44:17Z</time>
   </trkpt>
   <trkpt lat="53.8320720" lon="-1.5737130">
    <ele>67.2</ele>
    <time>2022-02-10T16:44:18Z</time>
   </trkpt>
   <trkpt lat="53.8320440" lon="-1.5737340">
    <ele>67.0</ele>
    <time>2022-02-10T16:44:19Z</time>
   </trkpt>
   <trkpt lat="53.8320180" lon="-1.5737490">
    <ele>66.9</ele>
    <time>2022-02-10T16:44:20Z</time>
   </trkpt>
   <trkpt lat="53.8319900" lon="-1.5737640">
    <ele>66.7</ele>
    <time>2022-02-10T16:44:21Z</time>
   </trkpt>
   <trkpt lat="53.8319620" lon="-1.5737760">
    <ele>66.6</ele>
    <time>2022-02-10T16:44:22Z</time>
   </trkpt>
   <trkpt lat="53.8319320" lon="-1.5737880">
    <ele>66.4</ele>
    <time>2022-02-10T16:44:23Z</time>
   </trkpt>
   <trkpt lat="53.8319040" lon="-1.5737980">
    <ele>66.2</ele>
    <time>2022-02-10T16:44:24Z</time>
   </trkpt>
   <trkpt lat="53.8318740" lon="-1.5738070">
    <ele>66.1</ele>
    <time>2022-02-10T16:44:25Z</time>
   </trkpt>
   <trkpt lat="53.8318450" lon="-1.5738150">
    <ele>65.9</ele>
    <time>2022-02-10T16:44:26Z</time>
   </trkpt>
   <trkpt lat="53.8318160" lon="-1.5738180">
    <ele>65.8</ele>
    <time>2022-02-10T16:44:27Z</time>
   </trkpt>
   <trkpt lat="53.8317880" lon="-1.5738180">
    <ele>65.6</ele>
    <time>2022-02-10T16:44:28Z</time>
   </trkpt>
   <trkpt lat="53.8317480" lon="-1.5738130">
    <ele>65.4</ele>
    <time>2022-02-10T16:44:29Z</time>
   </trkpt>
   <trkpt lat="53.8317350" lon="-1.5738120">
    <ele>65.3</ele>
    <time>2022-02-10T16:44:30Z</time>
   </trkpt>
   <trkpt lat="53.8316950" lon="-1.5738080">
    <ele>65.2</ele>
    <time>2022-02-10T16:44:31Z</time>
   </trkpt>
   <trkpt lat="53.8316820" lon="-1.5738070">
    <ele>65.1</ele>
    <time>2022-02-10T16:44:32Z</time>
   </trkpt>
   <trkpt lat="53.8316420" lon="-1.5738000">
    <ele>64.9</ele>
    <time>2022-02-10T16:44:33Z</time>
   </trkpt>
   <trkpt lat="53.8316280" lon="-1.5737970">
    <ele>64.8</ele>
    <time>2022-02-10T16:44:34Z</time>
   </trkpt>
   <trkpt lat="53.8315980" lon="-1.5737940">
    <ele>64.7</ele>
    <time>2022-02-10T16:44:35Z</time>
   </trkpt>
   <trkpt lat="53.8315680" lon="-1.5737930">
    <ele>64.5</ele>
    <time>2022-02-10T16:44:36Z</time>
   </trkpt>
   <trkpt lat="53.8315380" lon="-1.5737970">
    <ele>64.4</ele>
    <time>2022-02-10T16:44:37Z</time>
   </trkpt>
   <trkpt lat="53.8315080" lon="-1.5738070">
    <ele>64.2</ele>
    <time>2022-02-10T16:44:38Z</time>
   </trkpt>
   <trkpt lat="53.8314800" lon="-1.5738300">
    <ele>63.6</ele>
    <time>2022-02-10T16:44:39Z</time>
   </trkpt>
   <trkpt lat="53.8314550" lon="-1.5738650">
    <ele>63.5</ele>
    <time>2022-02-10T16:44:40Z</time>
   </trkpt>
   <trkpt lat="53.8314330" lon="-1.5739090">
    <ele>63.3</ele>
    <time>2022-02-10T16:44:41Z</time>
   </trkpt>
   <trkpt lat="53.8314120" lon="-1.5739560">
    <ele>63.1</ele>
    <time>2022-02-10T16:44:42Z</time>
   </trkpt>
   <trkpt lat="53.8313920" lon="-1.5740070">
    <ele>62.9</ele>
    <time>2022-02-10T16:44:43Z</time>
   </trkpt>
   <trkpt lat="53.8313740" lon="-1.5740550">
    <ele>62.8</ele>
    <time>2022-02-10T16:44:44Z</time>
   </trkpt>
   <trkpt lat="53.8313550" lon="-1.5741040">
    <ele>62.6</ele>
    <time>2022-02-10T16:44:45Z</time>
   </trkpt>
   <trkpt lat="53.8313370" lon="-1.5741520">
    <ele>62.5</ele>
    <time>2022-02-10T16:44:46Z</time>
   </trkpt>
   <trkpt lat="53.8313190" lon="-1.5741980">
    <ele>62.4</ele>
    <time>2022-02-10T16:44:47Z</time>
   </trkpt>
   <trkpt lat="53.8313010" lon="-1.5742400">
    <ele>62.3</ele>
    <time>2022-02-10T16:44:48Z</time>
   </trkpt>
   <trkpt lat="53.8312850" lon="-1.5742780">
    <ele>62.2</ele>
    <time>2022-02-10T16:44:49Z</time>
   </trkpt>
   <trkpt lat="53.8312590" lon="-1.5743300">
    <ele>62.0</ele>
    <time>2022-02-10T16:44:50Z</time>
   </trkpt>
   <trkpt lat="53.8312500" lon="-1.5743470">
    <ele>62.0</ele>
    <time>2022-02-10T16:44:51Z</time>
   </trkpt>
   <trkpt lat="53.8312300" lon="-1.5743920">
    <ele>61.9</ele>
    <time>2022-02-10T16:44:52Z</time>
   </trkpt>
   <trkpt lat="53.8312250" lon="-1.5744080">
    <ele>61.8</ele>
    <time>2022-02-10T16:44:53Z</time>
   </trkpt>
   <trkpt lat="53.8312040" lon="-1.5744540">
    <ele>61.7</ele>
    <time>2022-02-10T16:44:54Z</time>
   </trkpt>
   <trkpt lat="53.8311960" lon="-1.5744700">
    <ele>61.7</ele>
    <time>2022-02-10T16:44:55Z</time>
   </trkpt>
   <trkpt lat="53.8311750" lon="-1.5745170">
    <ele>61.5</ele>
    <time>2022-02-10T16:44:56Z</time>
   </trkpt>
   <trkpt lat="53.8311680" lon="-1.5745340">
    <ele>61.5</ele>
    <time>2022-02-10T16:44:57Z</time>
   </trkpt>
   <trkpt lat="53.8311480" lon="-1.5745850">
    <ele>61.4</ele>
    <time>2022-02-10T16:44:58Z</time>
   </trkpt>
   <trkpt lat="53.8311410" lon="-1.5746030">
    <ele>61.4</ele>
    <time>2022-02-10T16:44:59Z</time>
   </trkpt>
   <trkpt lat="53.8311190" lon="-1.5746560">
    <ele>61.3</ele>
    <time>2022-02-10T16:45:00Z</time>
   </trkpt>
   <trkpt lat="53.8311120" lon="-1.5746740">
    <ele>61.2</ele>
    <time>2022-02-10T16:45:01Z</time>
   </trkpt>
   <trkpt lat="53.8310890" lon="-1.5747260">
    <ele>61.1</ele>
    <time>2022-02-10T16:45:02Z</time>
   </trkpt>
   <trkpt lat="53.8310810" lon="-1.5747430">
    <ele>61.1</ele>
    <time>2022-02-10T16:45:03Z</time>
   </trkpt>
   <trkpt lat="53.8310550" lon="-1.5747940">
    <ele>61.0</ele>
    <time>2022-02-10T16:45:04Z</time>
   </trkpt>
   <trkpt lat="53.8310460" lon="-1.5748100">
    <ele>61.0</ele>
    <time>2022-02-10T16:45:05Z</time>
   </trkpt>
   <trkpt lat="53.8310210" lon="-1.5748620">
    <ele>61.0</ele>
    <time>2022-02-10T16:45:06Z</time>
   </trkpt>
   <trkpt lat="53.8310130" lon="-1.5748800">
    <ele>60.9</ele>
    <time>2022-02-10T16:45:07Z</time>
   </trkpt>
   <trkpt lat="53.8309920" lon="-1.5749370">
    <ele>60.9</ele>
    <time>2022-02-10T16:45:08Z</time>
   </trkpt>
   <trkpt lat="53.8309850" lon="-1.5749570">
    <ele>60.9</ele>
    <time>2022-02-10T16:45:09Z</time>
   </trkpt>
   <trkpt lat="53.8309730" lon="-1.5749990">
    <ele>60.9</ele>
    <time>2022-02-10T16:45:10Z</time>
   </trkpt>
   <trkpt lat="53.8309620" lon="-1.5750410">
    <ele>60.9</ele>
    <time>2022-02-10T16:45:11Z</time>
   </trkpt>
   <trkpt lat="53.8309490" lon="-1.5750830">
    <ele>60.9</ele>
    <time>2022-02-10T16:45:12Z</time>
   </trkpt>
   <trkpt lat="53.8309330" lon="-1.5751200">
    <ele>61.0</ele>
    <time>2022-02-10T16:45:13Z</time>
   </trkpt>
   <trkpt lat="53.8309070" lon="-1.5751690">
    <ele>61.0</ele>
    <time>2022-02-10T16:45:14Z</time>
   </trkpt>
   <trkpt lat="53.8308990" lon="-1.5751840">
    <ele>61.0</ele>
    <time>2022-02-10T16:45:15Z</time>
   </trkpt>
   <trkpt lat="53.8308810" lon="-1.5752260">
    <ele>61.1</ele>
    <time>2022-02-10T16:45:16Z</time>
   </trkpt>
   <trkpt lat="53.8308750" lon="-1.5752400">
    <ele>61.1</ele>
    <time>2022-02-10T16:45:17Z</time>
   </trkpt>
   <trkpt lat="53.8308580" lon="-1.5752900">
    <ele>61.1</ele>
    <time>2022-02-10T16:45:18Z</time>
   </trkpt>
   <trkpt lat="53.8308510" lon="-1.5753070">
    <ele>61.1</ele>
    <time>2022-02-10T16:45:19Z</time>
   </trkpt>
   <trkpt lat="53.8308310" lon="-1.5753510">
    <ele>61.2</ele>
    <time>2022-02-10T16:45:20Z</time>
   </trkpt>
   <trkpt lat="53.8308250" lon="-1.5753640">
    <ele>61.2</ele>
    <time>2022-02-10T16:45:21Z</time>
   </trkpt>
   <trkpt lat="53.8308090" lon="-1.5754120">
    <ele>61.2</ele>
    <time>2022-02-10T16:45:22Z</time>
   </trkpt>
   <trkpt lat="53.8308040" lon="-1.5754290">
    <ele>61.2</ele>
    <time>2022-02-10T16:45:23Z</time>
   </trkpt>
   <trkpt lat="53.8308100" lon="-1.5754760">
    <ele>61.2</ele>
    <time>2022-02-10T16:45:24Z</time>
   </trkpt>
   <trkpt lat="53.8308130" lon="-1.5754920">
    <ele>61.2</ele>
    <time>2022-02-10T16:45:25Z</time>
   </trkpt>
   <trkpt lat="53.8308280" lon="-1.5755480">
    <ele>61.2</ele>
    <time>2022-02-10T16:45:26Z</time>
   </trkpt>
   <trkpt lat="53.8308320" lon="-1.5755690">
    <ele>61.3</ele>
    <time>2022-02-10T16:45:27Z</time>
   </trkpt>
   <trkpt lat="53.8308380" lon="-1.5756160">
    <ele>61.3</ele>
    <time>2022-02-10T16:45:28Z</time>
   </trkpt>
   <trkpt lat="53.8308430" lon="-1.5756810">
    <ele>61.3</ele>
    <time>2022-02-10T16:45:29Z</time>
   </trkpt>
   <trkpt lat="53.8308450" lon="-1.5757020">
    <ele>61.3</ele>
    <time>2022-02-10T16:45:30Z</time>
   </trkpt>
   <trkpt lat="53.8308520" lon="-1.5757600">
    <ele>61.4</ele>
    <time>2022-02-10T16:45:31Z</time>
   </trkpt>
   <trkpt lat="53.8308540" lon="-1.5757790">
    <ele>61.4</ele>
    <time>2022-02-10T16:45:32Z</time>
   </trkpt>
   <trkpt lat="53.8308630" lon="-1.5758370">
    <ele>61.5</ele>
    <time>2022-02-10T16:45:33Z</time>
   </trkpt>
   <trkpt lat="53.8308670" lon="-1.5758550">
    <ele>61.5</ele>
    <time>2022-02-10T16:45:34Z</time>
   </trkpt>
   <trkpt lat="53.8308740" lon="-1.5759080">
    <ele>61.6</ele>
    <time>2022-02-10T16:45:35Z</time>
   </trkpt>
   <trkpt lat="53.8308770" lon="-1.5759260">
    <ele>61.6</ele>
    <time>2022-02-10T16:45:36Z</time>
   </trkpt>
   <trkpt lat="53.8308850" lon="-1.5759870">
    <ele>61.7</ele>
    <time>2022-02-10T16:45:37Z</time>
   </trkpt>
   <trkpt lat="53.8308870" lon="-1.5760080">
    <ele>61.8</ele>
    <time>2022-02-10T16:45:38Z</time>
   </trkpt>
   <trkpt lat="53.8308950" lon="-1.5760560">
    <ele>61.8</ele>
    <time>2022-02-10T16:45:39Z</time>
   </trkpt>
   <trkpt lat="53.8309020" lon="-1.5761210">
    <ele>62.0</ele>
    <time>2022-02-10T16:45:40Z</time>
   </trkpt>
   <trkpt lat="53.8309040" lon="-1.5761430">
    <ele>62.0</ele>
    <time>2022-02-10T16:45:41Z</time>
   </trkpt>
   <trkpt lat="53.8309060" lon="-1.5762010">
    <ele>62.2</ele>
    <time>2022-02-10T16:45:42Z</time>
   </trkpt>
   <trkpt lat="53.8309060" lon="-1.5762200">
    <ele>62.2</ele>
    <time>2022-02-10T16:45:43Z</time>
   </trkpt>
   <trkpt lat="53.8309010" lon="-1.5762770">
    <ele>62.3</ele>
    <time>2022-02-10T16:45:44Z</time>
   </trkpt>
   <trkpt lat="53.8308990" lon="-1.5762960">
    <ele>62.4</ele>
    <time>2022-02-10T16:45:45Z</time>
   </trkpt>
   <trkpt lat="53.8308850" lon="-1.5763500">
    <ele>62.5</ele>
    <time>2022-02-10T16:45:46Z</time>
   </trkpt>
   <trkpt lat="53.8308800" lon="-1.5763670">
    <ele>62.5</ele>
    <time>2022-02-10T16:45:47Z</time>
   </trkpt>
   <trkpt lat="53.8308630" lon="-1.5764190">
    <ele>62.7</ele>
    <time>2022-02-10T16:45:48Z</time>
   </trkpt>
   <trkpt lat="53.8308570" lon="-1.5764370">
    <ele>62.7</ele>
    <time>2022-02-10T16:45:49Z</time>
   </trkpt>
   <trkpt lat="53.8308410" lon="-1.5764940">
    <ele>62.9</ele>
    <time>2022-02-10T16:45:50Z</time>
   </trkpt>
   <trkpt lat="53.8308370" lon="-1.5765130">
    <ele>62.9</ele>
    <time>2022-02-10T16:45:51Z</time>
   </trkpt>
   <trkpt lat="53.8308270" lon="-1.5765630">
    <ele>63.1</ele>
    <time>2022-02-10T16:45:52Z</time>
   </trkpt>
   <trkpt lat="53.8308240" lon="-1.5765800">
    <ele>63.1</ele>
    <time>2022-02-10T16:45:53Z</time>
   </trkpt>
   <trkpt lat="53.8308080" lon="-1.5766300">
    <ele>63.3</ele>
    <time>2022-02-10T16:45:54Z</time>
   </trkpt>
   <trkpt lat="53.8308010" lon="-1.5766470">
    <ele>63.4</ele>
    <time>2022-02-10T16:45:55Z</time>
   </trkpt>
   <trkpt lat="53.8307820" lon="-1.5766890">
    <ele>63.5</ele>
    <time>2022-02-10T16:45:56Z</time>
   </trkpt>
   <trkpt lat="53.8307570" lon="-1.5767370">
    <ele>63.7</ele>
    <time>2022-02-10T16:45:57Z</time>
   </trkpt>
   <trkpt lat="53.8307280" lon="-1.5767830">
    <ele>64.0</ele>
    <time>2022-02-10T16:45:58Z</time>
   </trkpt>
   <trkpt lat="53.8306960" lon="-1.5768230">
    <ele>64.2</ele>
    <time>2022-02-10T16:45:59Z</time>
   </trkpt>
   <trkpt lat="53.8306750" lon="-1.5768550">
    <ele>64.3</ele>
    <time>2022-02-10T16:46:00Z</time>
   </trkpt>
   <trkpt lat="53.8306500" lon="-1.5768870">
    <ele>64.4</ele>
    <time>2022-02-10T16:46:01Z</time>
   </trkpt>
   <trkpt lat="53.8306220" lon="-1.5769170">
    <ele>64.5</ele>
    <time>2022-02-10T16:46:02Z</time>
   </trkpt>
   <trkpt lat="53.8305920" lon="-1.5769450">
    <ele>64.7</ele>
    <time>2022-02-10T16:46:03Z</time>
   </trkpt>
   <trkpt lat="53.8305620" lon="-1.5769690">
    <ele>64.9</ele>
    <time>2022-02-10T16:46:04Z</time>
   </trkpt>
   <trkpt lat="53.8305310" lon="-1.5769900">
    <ele>65.2</ele>
    <time>2022-02-10T16:46:05Z</time>
   </trkpt>
   <trkpt lat="53.8305010" lon="-1.5770100">
    <ele>65.4</ele>
    <time>2022-02-10T16:46:06Z</time>
   </trkpt>
   <trkpt lat="53.8304710" lon="-1.5770270">
    <ele>65.7</ele>
    <time>2022-02-10T16:46:07Z</time>
   </trkpt>
   <trkpt lat="53.8304420" lon="-1.5770410">
    <ele>66.0</ele>
    <time>2022-02-10T16:46:08Z</time>
   </trkpt>
   <trkpt lat="53.8304130" lon="-1.5770510">
    <ele>66.2</ele>
    <time>2022-02-10T16:46:09Z</time>
   </trkpt>
   <trkpt lat="53.8303840" lon="-1.5770610">
    <ele>66.5</ele>
    <time>2022-02-10T16:46:10Z</time>
   </trkpt>
   <trkpt lat="53.8303570" lon="-1.5770690">
    <ele>66.8</ele>
    <time>2022-02-10T16:46:11Z</time>
   </trkpt>
   <trkpt lat="53.8303290" lon="-1.5770780">
    <ele>67.0</ele>
    <time>2022-02-10T16:46:12Z</time>
   </trkpt>
   <trkpt lat="53.8303020" lon="-1.5770860">
    <ele>67.3</ele>
    <time>2022-02-10T16:46:13Z</time>
   </trkpt>
   <trkpt lat="53.8302640" lon="-1.5771050">
    <ele>67.7</ele>
    <time>2022-02-10T16:46:14Z</time>
   </trkpt>
   <trkpt lat="53.8302520" lon="-1.5771120">
    <ele>67.8</ele>
    <time>2022-02-10T16:46:15Z</time>
   </trkpt>
   <trkpt lat="53.8302170" lon="-1.5771390">
    <ele>68.2</ele>
    <time>2022-02-10T16:46:16Z</time>
   </trkpt>
   <trkpt lat="53.8302050" lon="-1.5771480">
    <ele>68.3</ele>
    <time>2022-02-10T16:46:17Z</time>
   </trkpt>
   <trkpt lat="53.8301720" lon="-1.5771700">
    <ele>68.6</ele>
    <time>2022-02-10T16:46:18Z</time>
   </trkpt>
   <trkpt lat="53.8301600" lon="-1.5771770">
    <ele>68.8</ele>
    <time>2022-02-10T16:46:19Z</time>
   </trkpt>
   <trkpt lat="53.8301290" lon="-1.5771990">
    <ele>69.1</ele>
    <time>2022-02-10T16:46:20Z</time>
   </trkpt>
   <trkpt lat="53.8301190" lon="-1.5772070">
    <ele>69.8</ele>
    <time>2022-02-10T16:46:21Z</time>
   </trkpt>
   <trkpt lat="53.8300930" lon="-1.5772360">
    <ele>70.1</ele>
    <time>2022-02-10T16:46:22Z</time>
   </trkpt>
   <trkpt lat="53.8300850" lon="-1.5772470">
    <ele>70.2</ele>
    <time>2022-02-10T16:46:23Z</time>
   </trkpt>
   <trkpt lat="53.8300660" lon="-1.5772870">
    <ele>70.4</ele>
    <time>2022-02-10T16:46:24Z</time>
   </trkpt>
   <trkpt lat="53.8300600" lon="-1.5773010">
    <ele>70.5</ele>
    <time>2022-02-10T16:46:25Z</time>
   </trkpt>
   <trkpt lat="53.8300460" lon="-1.5773490">
    <ele>70.7</ele>
    <time>2022-02-10T16:46:26Z</time>
   </trkpt>
   <trkpt lat="53.8300420" lon="-1.5773660">
    <ele>70.8</ele>
    <time>2022-02-10T16:46:27Z</time>
   </trkpt>
   <trkpt lat="53.8300350" lon="-1.5774140">
    <ele>71.0</ele>
    <time>2022-02-10T16:46:28Z</time>
   </trkpt>
   <trkpt lat="53.8300320" lon="-1.5774300">
    <ele>71.1</ele>
    <time>2022-02-10T16:46:29Z</time>
   </trkpt>
   <trkpt lat="53.8300240" lon="-1.5774810">
    <ele>71.3</ele>
    <time>2022-02-10T16:46:30Z</time>
   </trkpt>
   <trkpt lat="53.8300220" lon="-1.5774990">
    <ele>71.4</ele>
    <time>2022-02-10T16:46:31Z</time>
   </trkpt>
   <trkpt lat="53.8300150" lon="-1.5775540">
    <ele>71.6</ele>
    <time>2022-02-10T16:46:32Z</time>
   </trkpt>
   <trkpt lat="53.8300120" lon="-1.5775720">
    <ele>71.7</ele>
    <time>2022-02-10T16:46:33Z</time>
   </trkpt>
   <trkpt lat="53.8300030" lon="-1.5776290">
    <ele>72.0</ele>
    <time>2022-02-10T16:46:34Z</time>
   </trkpt>
   <trkpt lat="53.8300000" lon="-1.5776470">
    <ele>72.0</ele>
    <time>2022-02-10T16:46:35Z</time>
   </trkpt>
   <trkpt lat="53.8299880" lon="-1.5777000">
    <ele>72.3</ele>
    <time>2022-02-10T16:46:36Z</time>
   </trkpt>
   <trkpt lat="53.8299840" lon="-1.5777170">
    <ele>72.4</ele>
    <time>2022-02-10T16:46:37Z</time>
   </trkpt>
   <trkpt lat="53.8299750" lon="-1.5777620">
    <ele>72.5</ele>
    <time>2022-02-10T16:46:38Z</time>
   </trkpt>
   <trkpt lat="53.8299720" lon="-1.5777770">
    <ele>72.6</ele>
    <time>2022-02-10T16:46:39Z</time>
   </trkpt>
   <trkpt lat="53.8299650" lon="-1.5778260">
    <ele>72.8</ele>
    <time>2022-02-10T16:46:40Z</time>
   </trkpt>
   <trkpt lat="53.8299630" lon="-1.5778420">
    <ele>72.9</ele>
    <time>2022-02-10T16:46:41Z</time>
   </trkpt>
   <trkpt lat="53.8299550" lon="-1.5778920">
    <ele>73.1</ele>
    <time>2022-02-10T16:46:42Z</time>
   </trkpt>
   <trkpt lat="53.8299520" lon="-1.5779090">
    <ele>73.2</ele>
    <time>2022-02-10T16:46:43Z</time>
   </trkpt>
   <trkpt lat="53.8299420" lon="-1.5779590">
    <ele>73.4</ele>
    <time>2022-02-10T16:46:44Z</time>
   </trkpt>
   <trkpt lat="53.8299390" lon="-1.5779760">
    <ele>73.4</ele>
    <time>2022-02-10T16:46:45Z</time>
   </trkpt>
   <trkpt lat="53.8299280" lon="-1.5780260">
    <ele>73.6</ele>
    <time>2022-02-10T16:46:46Z</time>
   </trkpt>
   <trkpt lat="53.8299240" lon="-1.5780430">
    <ele>73.7</ele>
    <time>2022-02-10T16:46:47Z</time>
   </trkpt>
   <trkpt lat="53.8299140" lon="-1.5780950">
    <ele>73.9</ele>
    <time>2022-02-10T16:46:48Z</time>
   </trkpt>
   <trkpt lat="53.8299110" lon="-1.5781130">
    <ele>74.0</ele>
    <time>2022-02-10T16:46:49Z</time>
   </trkpt>
   <trkpt lat="53.8299000" lon="-1.5781730">
    <ele>74.2</ele>
    <time>2022-02-10T16:46:50Z</time>
   </trkpt>
   <trkpt lat="53.8298950" lon="-1.5781940">
    <ele>74.3</ele>
    <time>2022-02-10T16:46:51Z</time>
   </trkpt>
   <trkpt lat="53.8298800" lon="-1.5782550">
    <ele>74.5</ele>
    <time>2022-02-10T16:46:52Z</time>
   </trkpt>
   <trkpt lat="53.8298740" lon="-1.5782750">
    <ele>74.6</ele>
    <time>2022-02-10T16:46:53Z</time>
   </trkpt>
   <trkpt lat="53.8298580" lon="-1.5783330">
    <ele>74.9</ele>
    <time>2022-02-10T16:46:54Z</time>
   </trkpt>
   <trkpt lat="53.8298520" lon="-1.5783520">
    <ele>74.9</ele>
    <time>2022-02-10T16:46:55Z</time>
   </trkpt>
   <trkpt lat="53.8298360" lon="-1.5784060">
    <ele>75.1</ele>
    <time>2022-02-10T16:46:56Z</time>
   </trkpt>
   <trkpt lat="53.8298310" lon="-1.5784240">
    <ele>75.2</ele>
    <time>2022-02-10T16:46:57Z</time>
   </trkpt>
   <trkpt lat="53.8298150" lon="-1.5784780">
    <ele>75.4</ele>
    <time>2022-02-10T16:46:58Z</time>
   </trkpt>
   <trkpt lat="53.8298100" lon="-1.5784960">
    <ele>75.5</ele>
    <time>2022-02-10T16:46:59Z</time>
   </trkpt>
   <trkpt lat="53.8297950" lon="-1.5785550">
    <ele>75.7</ele>
    <time>2022-02-10T16:47:00Z</time>
   </trkpt>
   <trkpt lat="53.8297900" lon="-1.5785750">
    <ele>75.8</ele>
    <time>2022-02-10T16:47:01Z</time>
   </trkpt>
   <trkpt lat="53.8297800" lon="-1.5786350">
    <ele>76.0</ele>
    <time>2022-02-10T16:47:02Z</time>
   </trkpt>
   <trkpt lat="53.8297770" lon="-1.5786550">
    <ele>76.0</ele>
    <time>2022-02-10T16:47:03Z</time>
   </trkpt>
   <trkpt lat="53.8297690" lon="-1.5787090">
    <ele>76.2</ele>
    <time>2022-02-10T16:47:04Z</time>
   </trkpt>
   <trkpt lat="53.8297670" lon="-1.5787260">
    <ele>76.3</ele>
    <time>2022-02-10T16:47:05Z</time>
   </trkpt>
   <trkpt lat="53.8297610" lon="-1.5787730">
    <ele>76.4</ele>
    <time>2022-02-10T16:47:06Z</time>
   </trkpt>
   <trkpt lat="53.8297590" lon="-1.5787890">
    <ele>76.5</ele>
    <time>2022-02-10T16:47:07Z</time>
   </trkpt>
   <trkpt lat="53.8297500" lon="-1.5788430">
    <ele>76.6</ele>
    <time>2022-02-10T16:47:08Z</time>
   </trkpt>
   <trkpt lat="53.8297470" lon="-1.5788610">
    <ele>76.7</ele>
    <time>2022-02-10T16:47:09Z</time>
   </trkpt>
   <trkpt lat="53.8297360" lon="-1.5789210">
    <ele>76.9</ele>
    <time>2022-02-10T16:47:10Z</time>
   </trkpt>
   <trkpt lat="53.8297320" lon="-1.5789410">
    <ele>76.9</ele>
    <time>2022-02-10T16:47:11Z</time>
   </trkpt>
   <trkpt lat="53.8297190" lon="-1.5790040">
    <ele>77.1</ele>
    <time>2022-02-10T16:47:12Z</time>
   </trkpt>
   <trkpt lat="53.8297140" lon="-1.5790260">
    <ele>77.2</ele>
    <time>2022-02-10T16:47:13Z</time>
   </trkpt>
   <trkpt lat="53.8297040" lon="-1.5790690">
    <ele>77.3</ele>
    <time>2022-02-10T16:47:14Z</time>
   </trkpt>
   <trkpt lat="53.8296940" lon="-1.5791130">
    <ele>77.4</ele>
    <time>2022-02-10T16:47:15Z</time>
   </trkpt>
   <trkpt lat="53.8296840" lon="-1.5791570">
    <ele>77.5</ele>
    <time>2022-02-10T16:47:16Z</time>
   </trkpt>
   <trkpt lat="53.8296750" lon="-1.5792020">
    <ele>77.6</ele>
    <time>2022-02-10T16:47:17Z</time>
   </trkpt>
   <trkpt lat="53.8296660" lon="-1.5792460">
    <ele>77.7</ele>
    <time>2022-02-10T16:47:18Z</time>
   </trkpt>
   <trkpt lat="53.8296570" lon="-1.5792890">
    <ele>77.8</ele>
    <time>2022-02-10T16:47:19Z</time>
   </trkpt>
   <trkpt lat="53.8296460" lon="-1.5793320">
    <ele>78.0</ele>
    <time>2022-02-10T16:47:20Z</time>
   </trkpt>
   <trkpt lat="53.8296280" lon="-1.5793900">
    <ele>78.1</ele>
    <time>2022-02-10T16:47:21Z</time>
   </trkpt>
   <trkpt lat="53.8296220" lon="-1.5794080">
    <ele>78.2</ele>
    <time>2022-02-10T16:47:22Z</time>
   </trkpt>
   <trkpt lat="53.8296000" lon="-1.5794650">
    <ele>78.4</ele>
    <time>2022-02-10T16:47:23Z</time>
   </trkpt>
   <trkpt lat="53.8295920" lon="-1.5794840">
    <ele>78.5</ele>
    <time>2022-02-10T16:47:24Z</time>
   </trkpt>
   <trkpt lat="53.8295780" lon="-1.5795270">
    <ele>78.6</ele>
    <time>2022-02-10T16:47:25Z</time>
   </trkpt>
   <trkpt lat="53.8295610" lon="-1.5795880">
    <ele>78.8</ele>
    <time>2022-02-10T16:47:26Z</time>
   </trkpt>
   <trkpt lat="53.8295550" lon="-1.5796080">
    <ele>78.8</ele>
    <time>2022-02-10T16:47:27Z</time>
   </trkpt>
   <trkpt lat="53.8295440" lon="-1.5796500">
    <ele>79.0</ele>
    <time>2022-02-10T16:47:28Z</time>
   </trkpt>
   <trkpt lat="53.8295270" lon="-1.5797110">
    <ele>79.2</ele>
    <time>2022-02-10T16:47:29Z</time>
   </trkpt>
   <trkpt lat="53.8295210" lon="-1.5797310">
    <ele>79.3</ele>
    <time>2022-02-10T16:47:30Z</time>
   </trkpt>
   <trkpt lat="53.8295040" lon="-1.5797840">
    <ele>79.5</ele>
    <time>2022-02-10T16:47:31Z</time>
   </trkpt>
   <trkpt lat="53.8294980" lon="-1.5798010">
    <ele>79.5</ele>
    <time>2022-02-10T16:47:32Z</time>
   </trkpt>
   <trkpt lat="53.8294810" lon="-1.5798550">
    <ele>79.7</ele>
    <time>2022-02-10T16:47:33Z</time>
   </trkpt>
   <trkpt lat="53.8294760" lon="-1.5798740">
    <ele>79.8</ele>
    <time>2022-02-10T16:47:34Z</time>
   </trkpt>
   <trkpt lat="53.8294580" lon="-1.5799350">
    <ele>80.0</ele>
    <time>2022-02-10T16:47:35Z</time>
   </trkpt>
   <trkpt lat="53.8294520" lon="-1.5799550">
    <ele>80.1</ele>
    <time>2022-02-10T16:47:36Z</time>
   </trkpt>
   <trkpt lat="53.8294410" lon="-1.5799970">
    <ele>80.2</ele>
    <time>2022-02-10T16:47:37Z</time>
   </trkpt>
   <trkpt lat="53.8294290" lon="-1.5800420">
    <ele>80.4</ele>
    <time>2022-02-10T16:47:38Z</time>
   </trkpt>
   <trkpt lat="53.8294170" lon="-1.5800860">
    <ele>80.6</ele>
    <time>2022-02-10T16:47:39Z</time>
   </trkpt>
   <trkpt lat="53.8294050" lon="-1.5801300">
    <ele>80.7</ele>
    <time>2022-02-10T16:47:40Z</time>
   </trkpt>
   <trkpt lat="53.8293920" lon="-1.5801740">
    <ele>80.9</ele>
    <time>2022-02-10T16:47:41Z</time>
   </trkpt>
   <trkpt lat="53.8293790" lon="-1.5802180">
    <ele>81.1</ele>
    <time>2022-02-10T16:47:42Z</time>
   </trkpt>
   <trkpt lat="53.8293660" lon="-1.5802610">
    <ele>81.2</ele>
    <time>2022-02-10T16:47:43Z</time>
   </trkpt>
   <trkpt lat="53.8293520" lon="-1.5803020">
    <ele>81.4</ele>
    <time>2022-02-10T16:47:44Z</time>
   </trkpt>
   <trkpt lat="53.8293390" lon="-1.5803430">
    <ele>81.6</ele>
    <time>2022-02-10T16:47:45Z</time>
   </trkpt>
   <trkpt lat="53.8293270" lon="-1.5803850">
    <ele>81.7</ele>
    <time>2022-02-10T16:47:46Z</time>
   </trkpt>
   <trkpt lat="53.8293150" lon="-1.5804270">
    <ele>81.9</ele>
    <time>2022-02-10T16:47:47Z</time>
   </trkpt>
   <trkpt lat="53.8293000" lon="-1.5804870">
    <ele>82.1</ele>
    <time>2022-02-10T16:47:48Z</time>
   </trkpt>
   <trkpt lat="53.8292950" lon="-1.5805070">
    <ele>82.1</ele>
    <time>2022-02-10T16:47:49Z</time>
   </trkpt>
   <trkpt lat="53.8292790" lon="-1.5805650">
    <ele>82.3</ele>
    <time>2022-02-10T16:47:50Z</time>
   </trkpt>
   <trkpt lat="53.8292740" lon="-1.5805840">
    <ele>82.3</ele>
    <time>2022-02-10T16:47:51Z</time>
   </trkpt>
   <trkpt lat="53.8292580" lon="-1.5806400">
    <ele>82.5</ele>
    <time>2022-02-10T16:47:52Z</time>
   </trkpt>
   <trkpt lat="53.8292520" lon="-1.5806580">
    <ele>82.6</ele>
    <time>2022-02-10T16:47:53Z</time>
   </trkpt>
   <trkpt lat="53.8292370" lon="-1.5807120">
    <ele>82.7</ele>
    <time>2022-02-10T16:47:54Z</time>
   </trkpt>
   <trkpt lat="53.8292320" lon="-1.5807300">
    <ele>82.7</ele>
    <time>2022-02-10T16:47:55Z</time>
   </trkpt>
   <trkpt lat="53.8292160" lon="-1.5807820">
    <ele>82.9</ele>
    <time>2022-02-10T16:47:56Z</time>
   </trkpt>
   <trkpt lat="53.8292110" lon="-1.5808000">
    <ele>82.9</ele>
    <time>2022-02-10T16:47:57Z</time>
   </trkpt>
   <trkpt lat="53.8291930" lon="-1.5808530">
    <ele>83.0</ele>
    <time>2022-02-10T16:47:58Z</time>
   </trkpt>
   <trkpt lat="53.8291870" lon="-1.5808700">
    <ele>83.1</ele>
    <time>2022-02-10T16:47:59Z</time>
   </trkpt>
   <trkpt lat="53.8291670" lon="-1.5809200">
    <ele>83.2</ele>
    <time>2022-02-10T16:48:00Z</time>
   </trkpt>
   <trkpt lat="53.8291600" lon="-1.5809360">
    <ele>83.2</ele>
    <time>2022-02-10T16:48:01Z</time>
   </trkpt>
   <trkpt lat="53.8291380" lon="-1.5809880">
    <ele>83.4</ele>
    <time>2022-02-10T16:48:02Z</time>
   </trkpt>
   <trkpt lat="53.8291310" lon="-1.5810050">
    <ele>83.4</ele>
    <time>2022-02-10T16:48:03Z</time>
   </trkpt>
   <trkpt lat="53.8291100" lon="-1.5810550">
    <ele>83.5</ele>
    <time>2022-02-10T16:48:04Z</time>
   </trkpt>
   <trkpt lat="53.8291020" lon="-1.5810710">
    <ele>83.6</ele>
    <time>2022-02-10T16:48:05Z</time>
   </trkpt>
   <trkpt lat="53.8290810" lon="-1.5811190">
    <ele>83.7</ele>
    <time>2022-02-10T16:48:06Z</time>
   </trkpt>
   <trkpt lat="53.8290730" lon="-1.5811350">
    <ele>83.7</ele>
    <time>2022-02-10T16:48:07Z</time>
   </trkpt>
   <trkpt lat="53.8290550" lon="-1.5811840">
    <ele>83.8</ele>
    <time>2022-02-10T16:48:08Z</time>
   </trkpt>
   <trkpt lat="53.8290490" lon="-1.5812000">
    <ele>83.8</ele>
    <time>2022-02-10T16:48:09Z</time>
   </trkpt>
   <trkpt lat="53.8290310" lon="-1.5812440">
    <ele>83.9</ele>
    <time>2022-02-10T16:48:10Z</time>
   </trkpt>
   <trkpt lat="53.8290250" lon="-1.5812590">
    <ele>83.9</ele>
    <time>2022-02-10T16:48:11Z</time>
   </trkpt>
   <trkpt lat="53.8290090" lon="-1.5813030">
    <ele>84.0</ele>
    <time>2022-02-10T16:48:12Z</time>
   </trkpt>
   <trkpt lat="53.8290040" lon="-1.5813180">
    <ele>84.0</ele>
    <time>2022-02-10T16:48:13Z</time>
   </trkpt>
   <trkpt lat="53.8289900" lon="-1.5813660">
    <ele>84.0</ele>
    <time>2022-02-10T16:48:14Z</time>
   </trkpt>
   <trkpt lat="53.8289860" lon="-1.5813830">
    <ele>84.0</ele>
    <time>2022-02-10T16:48:15Z</time>
   </trkpt>
   <trkpt lat="53.8289740" lon="-1.5814370">
    <ele>84.1</ele>
    <time>2022-02-10T16:48:16Z</time>
   </trkpt>
   <trkpt lat="53.8289700" lon="-1.5814560">
    <ele>84.1</ele>
    <time>2022-02-10T16:48:17Z</time>
   </trkpt>
   <trkpt lat="53.8289540" lon="-1.5815120">
    <ele>84.2</ele>
    <time>2022-02-10T16:48:18Z</time>
   </trkpt>
   <trkpt lat="53.8289480" lon="-1.5815300">
    <ele>84.2</ele>
    <time>2022-02-10T16:48:19Z</time>
   </trkpt>
   <trkpt lat="53.8289270" lon="-1.5815830">
    <ele>84.3</ele>
    <time>2022-02-10T16:48:20Z</time>
   </trkpt>
   <trkpt lat="53.8289200" lon="-1.5816010">
    <ele>84.3</ele>
    <time>2022-02-10T16:48:21Z</time>
   </trkpt>
   <trkpt lat="53.8288980" lon="-1.5816580">
    <ele>84.4</ele>
    <time>2022-02-10T16:48:22Z</time>
   </trkpt>
   <trkpt lat="53.8288910" lon="-1.5816770">
    <ele>84.4</ele>
    <time>2022-02-10T16:48:23Z</time>
   </trkpt>
   <trkpt lat="53.8288760" lon="-1.5817170">
    <ele>84.4</ele>
    <time>2022-02-10T16:48:24Z</time>
   </trkpt>
   <trkpt lat="53.8288530" lon="-1.5817680">
    <ele>84.7</ele>
    <time>2022-02-10T16:48:25Z</time>
   </trkpt>
   <trkpt lat="53.8288450" lon="-1.5817830">
    <ele>84.8</ele>
    <time>2022-02-10T16:48:26Z</time>
   </trkpt>
   <trkpt lat="53.8288140" lon="-1.5818250">
    <ele>84.9</ele>
    <time>2022-02-10T16:48:27Z</time>
   </trkpt>
   <trkpt lat="53.8288030" lon="-1.5818380">
    <ele>84.9</ele>
    <time>2022-02-10T16:48:28Z</time>
   </trkpt>
   <trkpt lat="53.8287790" lon="-1.5818620">
    <ele>85.0</ele>
    <time>2022-02-10T16:48:29Z</time>
   </trkpt>
   <trkpt lat="53.8287530" lon="-1.5818830">
    <ele>85.1</ele>
    <time>2022-02-10T16:48:30Z</time>
   </trkpt>
   <trkpt lat="53.8287270" lon="-1.5819030">
    <ele>85.2</ele>
    <time>2022-02-10T16:48:31Z</time>
   </trkpt>
   <trkpt lat="53.8286990" lon="-1.5819220">
    <ele>85.3</ele>
    <time>2022-02-10T16:48:32Z</time>
   </trkpt>
   <trkpt lat="53.8286730" lon="-1.5819410">
    <ele>85.4</ele>
    <time>2022-02-10T16:48:33Z</time>
   </trkpt>
   <trkpt lat="53.8286460" lon="-1.5819590">
    <ele>85.6</ele>
    <time>2022-02-10T16:48:34Z</time>
   </trkpt>
   <trkpt lat="53.8286180" lon="-1.5819770">
    <ele>85.7</ele>
    <time>2022-02-10T16:48:35Z</time>
   </trkpt>
   <trkpt lat="53.8285910" lon="-1.5819950">
    <ele>85.8</ele>
    <time>2022-02-10T16:48:36Z</time>
   </trkpt>
   <trkpt lat="53.8285630" lon="-1.5820120">
    <ele>85.9</ele>
    <time>2022-02-10T16:48:37Z</time>
   </trkpt>
   <trkpt lat="53.8285350" lon="-1.5820300">
    <ele>86.0</ele>
    <time>2022-02-10T16:48:38Z</time>
   </trkpt>
   <trkpt lat="53.8285070" lon="-1.5820480">
    <ele>86.1</ele>
    <time>2022-02-10T16:48:39Z</time>
   </trkpt>
   <trkpt lat="53.8284790" lon="-1.5820660">
    <ele>86.3</ele>
    <time>2022-02-10T16:48:40Z</time>
   </trkpt>
   <trkpt lat="53.8284520" lon="-1.5820840">
    <ele>86.3</ele>
    <time>2022-02-10T16:48:41Z</time>
   </trkpt>
   <trkpt lat="53.8284230" lon="-1.5821010">
    <ele>86.4</ele>
    <time>2022-02-10T16:48:42Z</time>
   </trkpt>
   <trkpt lat="53.8283830" lon="-1.5821180">
    <ele>86.5</ele>
    <time>2022-02-10T16:48:43Z</time>
   </trkpt>
   <trkpt lat="53.8283700" lon="-1.5821230">
    <ele>86.6</ele>
    <time>2022-02-10T16:48:44Z</time>
   </trkpt>
   <trkpt lat="53.8283410" lon="-1.5821340">
    <ele>86.6</ele>
    <time>2022-02-10T16:48:45Z</time>
   </trkpt>
   <trkpt lat="53.8283120" lon="-1.5821450">
    <ele>86.7</ele>
    <time>2022-02-10T16:48:46Z</time>
   </trkpt>
   <trkpt lat="53.8282850" lon="-1.5821590">
    <ele>86.8</ele>
    <time>2022-02-10T16:48:47Z</time>
   </trkpt>
   <trkpt lat="53.8282580" lon="-1.5821760">
    <ele>86.8</ele>
    <time>2022-02-10T16:48:48Z</time>
   </trkpt>
   <trkpt lat="53.8282330" lon="-1.5821970">
    <ele>86.9</ele>
    <time>2022-02-10T16:48:49Z</time>
   </trkpt>
   <trkpt lat="53.8282080" lon="-1.5822200">
    <ele>86.9</ele>
    <time>2022-02-10T16:48:50Z</time>
   </trkpt>
   <trkpt lat="53.8281850" lon="-1.5822430">
    <ele>86.9</ele>
    <time>2022-02-10T16:48:51Z</time>
   </trkpt>
   <trkpt lat="53.8281550" lon="-1.5822620">
    <ele>86.9</ele>
    <time>2022-02-10T16:48:52Z</time>
   </trkpt>
   <trkpt lat="53.8281450" lon="-1.5822660">
    <ele>86.9</ele>
    <time>2022-02-10T16:48:53Z</time>
   </trkpt>
   <trkpt lat="53.8281150" lon="-1.5822700">
    <ele>86.9</ele>
    <time>2022-02-10T16:48:54Z</time>
   </trkpt>
   <trkpt lat="53.8281050" lon="-1.5822730">
    <ele>86.9</ele>
    <time>2022-02-10T16:48:55Z</time>
   </trkpt>
   <trkpt lat="53.8280760" lon="-1.5822890">
    <ele>86.9</ele>
    <time>2022-02-10T16:48:56Z</time>
   </trkpt>
   <trkpt lat="53.8280670" lon="-1.5822950">
    <ele>86.9</ele>
    <time>2022-02-10T16:48:57Z</time>
   </trkpt>
   <trkpt lat="53.8280370" lon="-1.5823170">
    <ele>86.9</ele>
    <time>2022-02-10T16:48:58Z</time>
   </trkpt>
   <trkpt lat="53.8280260" lon="-1.5823240">
    <ele>86.9</ele>
    <time>2022-02-10T16:48:59Z</time>
   </trkpt>
   <trkpt lat="53.8279930" lon="-1.5823410">
    <ele>86.8</ele>
    <time>2022-02-10T16:49:00Z</time>
   </trkpt>
   <trkpt lat="53.8279810" lon="-1.5823450">
    <ele>86.8</ele>
    <time>2022-02-10T16:49:01Z</time>
   </trkpt>
   <trkpt lat="53.8279490" lon="-1.5823590">
    <ele>86.8</ele>
    <time>2022-02-10T16:49:02Z</time>
   </trkpt>
   <trkpt lat="53.8279380" lon="-1.5823650">
    <ele>86.8</ele>
    <time>2022-02-10T16:49:03Z</time>
   </trkpt>
   <trkpt lat="53.8279100" lon="-1.5823930">
    <ele>86.7</ele>
    <time>2022-02-10T16:49:04Z</time>
   </trkpt>
   <trkpt lat="53.8279010" lon="-1.5824040">
    <ele>86.7</ele>
    <time>2022-02-10T16:49:05Z</time>
   </trkpt>
   <trkpt lat="53.8278730" lon="-1.5824480">
    <ele>86.7</ele>
    <time>2022-02-10T16:49:06Z</time>
   </trkpt>
   <trkpt lat="53.8278640" lon="-1.5824630">
    <ele>86.7</ele>
    <time>2022-02-10T16:49:07Z</time>
   </trkpt>
   <trkpt lat="53.8278350" lon="-1.5825040">
    <ele>86.6</ele>
    <time>2022-02-10T16:49:08Z</time>
   </trkpt>
   <trkpt lat="53.8278240" lon="-1.5825160">
    <ele>86.6</ele>
    <time>2022-02-10T16:49:09Z</time>
   </trkpt>
   <trkpt lat="53.8277810" lon="-1.5825360">
    <ele>86.6</ele>
    <time>2022-02-10T16:49:11Z</time>
   </trkpt>
   <trkpt lat="53.8277450" lon="-1.5825320">
    <ele>86.5</ele>
    <time>2022-02-10T16:49:12Z</time>
   </trkpt>
   <trkpt lat="53.8277330" lon="-1.5825290">
    <ele>86.5</ele>
    <time>2022-02-10T16:49:13Z</time>
   </trkpt>
   <trkpt lat="53.8276950" lon="-1.5825230">
    <ele>86.5</ele>
    <time>2022-02-10T16:49:14Z</time>
   </trkpt>
   <trkpt lat="53.8276830" lon="-1.5825230">
    <ele>86.5</ele>
    <time>2022-02-10T16:49:15Z</time>
   </trkpt>
   <trkpt lat="53.8276540" lon="-1.5825400">
    <ele>86.4</ele>
    <time>2022-02-10T16:49:16Z</time>
   </trkpt>
   <trkpt lat="53.8276460" lon="-1.5825490">
    <ele>86.4</ele>
    <time>2022-02-10T16:49:17Z</time>
   </trkpt>
   <trkpt lat="53.8276340" lon="-1.5825920">
    <ele>86.4</ele>
    <time>2022-02-10T16:49:18Z</time>
   </trkpt>
   <trkpt lat="53.8276310" lon="-1.5826090">
    <ele>86.3</ele>
    <time>2022-02-10T16:49:19Z</time>
   </trkpt>
   <trkpt lat="53.8276300" lon="-1.5826620">
    <ele>86.3</ele>
    <time>2022-02-10T16:49:20Z</time>
   </trkpt>
   <trkpt lat="53.8276300" lon="-1.5826790">
    <ele>86.3</ele>
    <time>2022-02-10T16:49:21Z</time>
   </trkpt>
   <trkpt lat="53.8276390" lon="-1.5827070">
    <ele>86.3</ele>
    <time>2022-02-10T16:49:22Z</time>
   </trkpt>
   <trkpt lat="53.8276440" lon="-1.5827310">
    <ele>86.2</ele>
    <time>2022-02-10T16:49:23Z</time>
   </trkpt>
   <trkpt lat="53.8276470" lon="-1.5827520">
    <ele>86.2</ele>
    <time>2022-02-10T16:49:24Z</time>
   </trkpt>
   <trkpt lat="53.8276510" lon="-1.5827710">
    <ele>86.2</ele>
    <time>2022-02-10T16:49:25Z</time>
   </trkpt>
   <trkpt lat="53.8276540" lon="-1.5827850">
    <ele>86.2</ele>
    <time>2022-02-10T16:49:26Z</time>
   </trkpt>
   <trkpt lat="53.8276570" lon="-1.5827960">
    <ele>86.2</ele>
    <time>2022-02-10T16:49:27Z</time>
   </trkpt>
   <trkpt lat="53.8276600" lon="-1.5828030">
    <ele>86.2</ele>
    <time>2022-02-10T16:49:28Z</time>
   </trkpt>
   <trkpt lat="53.8276570" lon="-1.5828210">
    <ele>86.2</ele>
    <time>2022-02-10T16:49:29Z</time>
   </trkpt>
   <trkpt lat="53.8276510" lon="-1.5828440">
    <ele>86.1</ele>
    <time>2022-02-10T16:49:30Z</time>
   </trkpt>
   <trkpt lat="53.8276330" lon="-1.5828770">
    <ele>86.1</ele>
    <time>2022-02-10T16:49:31Z</time>
   </trkpt>
   <trkpt lat="53.8276240" lon="-1.5828860">
    <ele>86.1</ele>
    <time>2022-02-10T16:49:32Z</time>
   </trkpt>
   <trkpt lat="53.8275920" lon="-1.5828950">
    <ele>86.0</ele>
    <time>2022-02-10T16:49:33Z</time>
   </trkpt>
   <trkpt lat="53.8275810" lon="-1.5828940">
    <ele>86.0</ele>
    <time>2022-02-10T16:49:34Z</time>
   </trkpt>
   <trkpt lat="53.8275430" lon="-1.5828790">
    <ele>86.0</ele>
    <time>2022-02-10T16:49:35Z</time>
   </trkpt>
   <trkpt lat="53.8275290" lon="-1.5828720">
    <ele>85.9</ele>
    <time>2022-02-10T16:49:36Z</time>
   </trkpt>
   <trkpt lat="53.8275010" lon="-1.5828550">
    <ele>85.9</ele>
    <time>2022-02-10T16:49:37Z</time>
   </trkpt>
   <trkpt lat="53.8274730" lon="-1.5828370">
    <ele>85.8</ele>
    <time>2022-02-10T16:49:38Z</time>
   </trkpt>
   <trkpt lat="53.8274440" lon="-1.5828170">
    <ele>85.8</ele>
    <time>2022-02-10T16:49:39Z</time>
   </trkpt>
   <trkpt lat="53.8274140" lon="-1.5827970">
    <ele>85.7</ele>
    <time>2022-02-10T16:49:40Z</time>
   </trkpt>
   <trkpt lat="53.8273840" lon="-1.5827790">
    <ele>85.7</ele>
    <time>2022-02-10T16:49:41Z</time>
   </trkpt>
   <trkpt lat="53.8273550" lon="-1.5827610">
    <ele>85.6</ele>
    <time>2022-02-10T16:49:42Z</time>
   </trkpt>
   <trkpt lat="53.8273280" lon="-1.5827460">
    <ele>85.6</ele>
    <time>2022-02-10T16:49:43Z</time>
   </trkpt>
   <trkpt lat="53.8272990" lon="-1.5827410">
    <ele>85.5</ele>
    <time>2022-02-10T16:49:44Z</time>
   </trkpt>
   <trkpt lat="53.8272620" lon="-1.5827540">
    <ele>85.5</ele>
    <time>2022-02-10T16:49:45Z</time>
   </trkpt>
   <trkpt lat="53.8272510" lon="-1.5827620">
    <ele>85.4</ele>
    <time>2022-02-10T16:49:46Z</time>
   </trkpt>
   <trkpt lat="53.8272370" lon="-1.5827800">
    <ele>85.4</ele>
    <time>2022-02-10T16:49:47Z</time>
   </trkpt>
   <trkpt lat="53.8272260" lon="-1.5828040">
    <ele>85.4</ele>
    <time>2022-02-10T16:49:48Z</time>
   </trkpt>
   <trkpt lat="53.8272160" lon="-1.5828540">
    <ele>85.4</ele>
    <time>2022-02-10T16:49:49Z</time>
   </trkpt>
   <trkpt lat="53.8272120" lon="-1.5828710">
    <ele>85.4</ele>
    <time>2022-02-10T16:49:50Z</time>
   </trkpt>
   <trkpt lat="53.8272030" lon="-1.5829270">
    <ele>85.3</ele>
    <time>2022-02-10T16:49:51Z</time>
   </trkpt>
   <trkpt lat="53.8272000" lon="-1.5829460">
    <ele>85.3</ele>
    <time>2022-02-10T16:49:52Z</time>
   </trkpt>
   <trkpt lat="53.8271900" lon="-1.5830080">
    <ele>85.3</ele>
    <time>2022-02-10T16:49:53Z</time>
   </trkpt>
   <trkpt lat="53.8271860" lon="-1.5830290">
    <ele>85.3</ele>
    <time>2022-02-10T16:49:54Z</time>
   </trkpt>
   <trkpt lat="53.8271790" lon="-1.5830760">
    <ele>85.3</ele>
    <time>2022-02-10T16:49:55Z</time>
   </trkpt>
   <trkpt lat="53.8271730" lon="-1.5831210">
    <ele>85.3</ele>
    <time>2022-02-10T16:49:56Z</time>
   </trkpt>
   <trkpt lat="53.8271650" lon="-1.5831660">
    <ele>85.3</ele>
    <time>2022-02-10T16:49:57Z</time>
   </trkpt>
   <trkpt lat="53.8271560" lon="-1.5832090">
    <ele>85.3</ele>
    <time>2022-02-10T16:49:58Z</time>
   </trkpt>
   <trkpt lat="53.8271410" lon="-1.5832730">
    <ele>85.3</ele>
    <time>2022-02-10T16:49:59Z</time>
   </trkpt>
   <trkpt lat="53.8271360" lon="-1.5832940">
    <ele>85.3</ele>
    <time>2022-02-10T16:50:00Z</time>
   </trkpt>
   <trkpt lat="53.8271190" lon="-1.5833520">
    <ele>85.3</ele>
    <time>2022-02-10T16:50:01Z</time>
   </trkpt>
   <trkpt lat="53.8271130" lon="-1.5833720">
    <ele>85.3</ele>
    <time>2022-02-10T16:50:02Z</time>
   </trkpt>
   <trkpt lat="53.8270950" lon="-1.5834290">
    <ele>85.3</ele>
    <time>2022-02-10T16:50:03Z</time>
   </trkpt>
   <trkpt lat="53.8270890" lon="-1.5834480">
    <ele>85.2</ele>
    <time>2022-02-10T16:50:04Z</time>
   </trkpt>
   <trkpt lat="53.8270710" lon="-1.5835060">
    <ele>85.2</ele>
    <time>2022-02-10T16:50:05Z</time>
   </trkpt>
   <trkpt lat="53.8270650" lon="-1.5835250">
    <ele>85.2</ele>
    <time>2022-02-10T16:50:06Z</time>
   </trkpt>
   <trkpt lat="53.8270490" lon="-1.5835820">
    <ele>85.2</ele>
    <time>2022-02-10T16:50:07Z</time>
   </trkpt>
   <trkpt lat="53.8270440" lon="-1.5836010">
    <ele>85.2</ele>
    <time>2022-02-10T16:50:08Z</time>
   </trkpt>
   <trkpt lat="53.8270290" lon="-1.5836570">
    <ele>85.2</ele>
    <time>2022-02-10T16:50:09Z</time>
   </trkpt>
   <trkpt lat="53.8270240" lon="-1.5836750">
    <ele>85.2</ele>
    <time>2022-02-10T16:50:10Z</time>
   </trkpt>
   <trkpt lat="53.8270180" lon="-1.5837000">
    <ele>85.2</ele>
    <time>2022-02-10T16:50:11Z</time>
   </trkpt>
   <trkpt lat="53.8270090" lon="-1.5837250">
    <ele>85.2</ele>
    <time>2022-02-10T16:50:12Z</time>
   </trkpt>
   <trkpt lat="53.8269820" lon="-1.5837480">
    <ele>85.2</ele>
    <time>2022-02-10T16:50:13Z</time>
   </trkpt>
   <trkpt lat="53.8269710" lon="-1.5837520">
    <ele>85.1</ele>
    <time>2022-02-10T16:50:14Z</time>
   </trkpt>
   <trkpt lat="53.8269290" lon="-1.5837470">
    <ele>85.0</ele>
    <time>2022-02-10T16:50:15Z</time>
   </trkpt>
   <trkpt lat="53.8269140" lon="-1.5837410">
    <ele>85.0</ele>
    <time>2022-02-10T16:50:16Z</time>
   </trkpt>
   <trkpt lat="53.8268830" lon="-1.5837250">
    <ele>84.9</ele>
    <time>2022-02-10T16:50:17Z</time>
   </trkpt>
   <trkpt lat="53.8268500" lon="-1.5837020">
    <ele>84.8</ele>
    <time>2022-02-10T16:50:18Z</time>
   </trkpt>
   <trkpt lat="53.8268160" lon="-1.5836780">
    <ele>84.7</ele>
    <time>2022-02-10T16:50:19Z</time>
   </trkpt>
   <trkpt lat="53.8267820" lon="-1.5836560">
    <ele>84.6</ele>
    <time>2022-02-10T16:50:20Z</time>
   </trkpt>
   <trkpt lat="53.8267490" lon="-1.5836340">
    <ele>84.5</ele>
    <time>2022-02-10T16:50:21Z</time>
   </trkpt>
   <trkpt lat="53.8267170" lon="-1.5836140">
    <ele>84.4</ele>
    <time>2022-02-10T16:50:22Z</time>
   </trkpt>
   <trkpt lat="53.8266850" lon="-1.5835940">
    <ele>84.4</ele>
    <time>2022-02-10T16:50:23Z</time>
   </trkpt>
   <trkpt lat="53.8266540" lon="-1.5835750">
    <ele>84.3</ele>
    <time>2022-02-10T16:50:24Z</time>
   </trkpt>
   <trkpt lat="53.8266230" lon="-1.5835570">
    <ele>84.2</ele>
    <time>2022-02-10T16:50:25Z</time>
   </trkpt>
   <trkpt lat="53.8265920" lon="-1.5835400">
    <ele>84.1</ele>
    <time>2022-02-10T16:50:26Z</time>
   </trkpt>
   <trkpt lat="53.8265610" lon="-1.5835250">
    <ele>84.1</ele>
    <time>2022-02-10T16:50:27Z</time>
   </trkpt>
   <trkpt lat="53.8265310" lon="-1.5835140">
    <ele>84.0</ele>
    <time>2022-02-10T16:50:28Z</time>
   </trkpt>
   <trkpt lat="53.8265010" lon="-1.5835050">
    <ele>83.9</ele>
    <time>2022-02-10T16:50:29Z</time>
   </trkpt>
   <trkpt lat="53.8264710" lon="-1.5835000">
    <ele>83.9</ele>
    <time>2022-02-10T16:50:30Z</time>
   </trkpt>
   <trkpt lat="53.8264420" lon="-1.5834960">
    <ele>83.8</ele>
    <time>2022-02-10T16:50:31Z</time>
   </trkpt>
   <trkpt lat="53.8264130" lon="-1.5834940">
    <ele>83.8</ele>
    <time>2022-02-10T16:50:32Z</time>
   </trkpt>
   <trkpt lat="53.8263840" lon="-1.5834940">
    <ele>83.7</ele>
    <time>2022-02-10T16:50:33Z</time>
   </trkpt>
   <trkpt lat="53.8263550" lon="-1.5834930">
    <ele>83.6</ele>
    <time>2022-02-10T16:50:34Z</time>
   </trkpt>
   <trkpt lat="53.8263240" lon="-1.5834910">
    <ele>83.6</ele>
    <time>2022-02-10T16:50:35Z</time>
   </trkpt>
   <trkpt lat="53.8262950" lon="-1.5834890">
    <ele>83.5</ele>
    <time>2022-02-10T16:50:36Z</time>
   </trkpt>
   <trkpt lat="53.8262650" lon="-1.5834840">
    <ele>83.5</ele>
    <time>2022-02-10T16:50:37Z</time>
   </trkpt>
   <trkpt lat="53.8262360" lon="-1.5834780">
    <ele>83.4</ele>
    <time>2022-02-10T16:50:38Z</time>
   </trkpt>
   <trkpt lat="53.8262070" lon="-1.5834680">
    <ele>83.3</ele>
    <time>2022-02-10T16:50:39Z</time>
   </trkpt>
   <trkpt lat="53.8261790" lon="-1.5834560">
    <ele>83.3</ele>
    <time>2022-02-10T16:50:40Z</time>
   </trkpt>
   <trkpt lat="53.8261510" lon="-1.5834420">
    <ele>83.2</ele>
    <time>2022-02-10T16:50:41Z</time>
   </trkpt>
   <trkpt lat="53.8261230" lon="-1.5834270">
    <ele>83.2</ele>
    <time>2022-02-10T16:50:42Z</time>
   </trkpt>
   <trkpt lat="53.8260950" lon="-1.5834110">
    <ele>83.1</ele>
    <time>2022-02-10T16:50:43Z</time>
   </trkpt>
   <trkpt lat="53.8260680" lon="-1.5833940">
    <ele>83.1</ele>
    <time>2022-02-10T16:50:44Z</time>
   </trkpt>
   <trkpt lat="53.8260410" lon="-1.5833770">
    <ele>83.0</ele>
    <time>2022-02-10T16:50:45Z</time>
   </trkpt>
   <trkpt lat="53.8260150" lon="-1.5833610">
    <ele>83.0</ele>
    <time>2022-02-10T16:50:46Z</time>
   </trkpt>
   <trkpt lat="53.8259890" lon="-1.5833450">
    <ele>82.9</ele>
    <time>2022-02-10T16:50:47Z</time>
   </trkpt>
   <trkpt lat="53.8259620" lon="-1.5833310">
    <ele>82.9</ele>
    <time>2022-02-10T16:50:48Z</time>
   </trkpt>
   <trkpt lat="53.8259330" lon="-1.5833180">
    <ele>82.8</ele>
    <time>2022-02-10T16:50:49Z</time>
   </trkpt>
   <trkpt lat="53.8258840" lon="-1.5832970">
    <ele>82.8</ele>
    <time>2022-02-10T16:50:51Z</time>
   </trkpt>
   <trkpt lat="53.8258580" lon="-1.5832860">
    <ele>82.7</ele>
    <time>2022-02-10T16:50:52Z</time>
   </trkpt>
   <trkpt lat="53.8258310" lon="-1.5832770">
    <ele>82.7</ele>
    <time>2022-02-10T16:50:53Z</time>
   </trkpt>
   <trkpt lat="53.8258030" lon="-1.5832680">
    <ele>82.7</ele>
    <time>2022-02-10T16:50:54Z</time>
   </trkpt>
   <trkpt lat="53.8257760" lon="-1.5832620">
    <ele>82.6</ele>
    <time>2022-02-10T16:50:55Z</time>
   </trkpt>
   <trkpt lat="53.8257480" lon="-1.5832590">
    <ele>82.6</ele>
    <time>2022-02-10T16:50:56Z</time>
   </trkpt>
   <trkpt lat="53.8257110" lon="-1.5832700">
    <ele>82.6</ele>
    <time>2022-02-10T16:50:57Z</time>
   </trkpt>
   <trkpt lat="53.8256990" lon="-1.5832770">
    <ele>82.6</ele>
    <time>2022-02-10T16:50:58Z</time>
   </trkpt>
   <trkpt lat="53.8256680" lon="-1.5833160">
    <ele>82.6</ele>
    <time>2022-02-10T16:50:59Z</time>
   </trkpt>
   <trkpt lat="53.8256590" lon="-1.5833320">
    <ele>82.6</ele>
    <time>2022-02-10T16:51:00Z</time>
   </trkpt>
   <trkpt lat="53.8256430" lon="-1.5833720">
    <ele>82.8</ele>
    <time>2022-02-10T16:51:01Z</time>
   </trkpt>
   <trkpt lat="53.8256290" lon="-1.5834180">
    <ele>82.9</ele>
    <time>2022-02-10T16:51:02Z</time>
   </trkpt>
   <trkpt lat="53.8256180" lon="-1.5834680">
    <ele>82.9</ele>
    <time>2022-02-10T16:51:03Z</time>
   </trkpt>
   <trkpt lat="53.8256110" lon="-1.5835210">
    <ele>83.0</ele>
    <time>2022-02-10T16:51:04Z</time>
   </trkpt>
   <trkpt lat="53.8256080" lon="-1.5835740">
    <ele>83.1</ele>
    <time>2022-02-10T16:51:05Z</time>
   </trkpt>
   <trkpt lat="53.8256090" lon="-1.5836340">
    <ele>83.2</ele>
    <time>2022-02-10T16:51:06Z</time>
   </trkpt>
   <trkpt lat="53.8256140" lon="-1.5836960">
    <ele>83.3</ele>
    <time>2022-02-10T16:51:07Z</time>
   </trkpt>
   <trkpt lat="53.8256190" lon="-1.5837560">
    <ele>83.4</ele>
    <time>2022-02-10T16:51:08Z</time>
   </trkpt>
   <trkpt lat="53.8256240" lon="-1.5838160">
    <ele>83.5</ele>
    <time>2022-02-10T16:51:09Z</time>
   </trkpt>
   <trkpt lat="53.8256280" lon="-1.5838760">
    <ele>83.6</ele>
    <time>2022-02-10T16:51:10Z</time>
   </trkpt>
   <trkpt lat="53.8256300" lon="-1.5839340">
    <ele>83.7</ele>
    <time>2022-02-10T16:51:11Z</time>
   </trkpt>
   <trkpt lat="53.8256310" lon="-1.5839920">
    <ele>83.8</ele>
    <time>2022-02-10T16:51:12Z</time>
   </trkpt>
   <trkpt lat="53.8256260" lon="-1.5840450">
    <ele>84.0</ele>
    <time>2022-02-10T16:51:13Z</time>
   </trkpt>
   <trkpt lat="53.8256160" lon="-1.5840890">
    <ele>84.0</ele>
    <time>2022-02-10T16:51:14Z</time>
   </trkpt>
   <trkpt lat="53.8255890" lon="-1.5841330">
    <ele>83.9</ele>
    <time>2022-02-10T16:51:15Z</time>
   </trkpt>
   <trkpt lat="53.8255780" lon="-1.5841450">
    <ele>83.9</ele>
    <time>2022-02-10T16:51:16Z</time>
   </trkpt>
   <trkpt lat="53.8255370" lon="-1.5841600">
    <ele>83.8</ele>
    <time>2022-02-10T16:51:17Z</time>
   </trkpt>
   <trkpt lat="53.8255210" lon="-1.5841620">
    <ele>83.8</ele>
    <time>2022-02-10T16:51:18Z</time>
   </trkpt>
   <trkpt lat="53.8254900" lon="-1.5841640">
    <ele>83.8</ele>
    <time>2022-02-10T16:51:19Z</time>
   </trkpt>
   <trkpt lat="53.8254570" lon="-1.5841670">
    <ele>83.7</ele>
    <time>2022-02-10T16:51:20Z</time>
   </trkpt>
   <trkpt lat="53.8254240" lon="-1.5841680">
    <ele>83.7</ele>
    <time>2022-02-10T16:51:21Z</time>
   </trkpt>
   <trkpt lat="53.8253910" lon="-1.5841710">
    <ele>83.7</ele>
    <time>2022-02-10T16:51:22Z</time>
   </trkpt>
   <trkpt lat="53.8253570" lon="-1.5841740">
    <ele>83.7</ele>
    <time>2022-02-10T16:51:23Z</time>
   </trkpt>
   <trkpt lat="53.8253240" lon="-1.5841770">
    <ele>83.6</ele>
    <time>2022-02-10T16:51:24Z</time>
   </trkpt>
   <trkpt lat="53.8252910" lon="-1.5841800">
    <ele>83.6</ele>
    <time>2022-02-10T16:51:25Z</time>
   </trkpt>
   <trkpt lat="53.8252580" lon="-1.5841830">
    <ele>83.6</ele>
    <time>2022-02-10T16:51:26Z</time>
   </trkpt>
   <trkpt lat="53.8252260" lon="-1.5841890">
    <ele>83.6</ele>
    <time>2022-02-10T16:51:27Z</time>
   </trkpt>
   <trkpt lat="53.8251960" lon="-1.5841990">
    <ele>83.6</ele>
    <time>2022-02-10T16:51:28Z</time>
   </trkpt>
   <trkpt lat="53.8251660" lon="-1.5842120">
    <ele>83.6</ele>
    <time>2022-02-10T16:51:29Z</time>
   </trkpt>
   <trkpt lat="53.8251380" lon="-1.5842270">
    <ele>83.7</ele>
    <time>2022-02-10T16:51:30Z</time>
   </trkpt>
   <trkpt lat="53.8251100" lon="-1.5842400">
    <ele>83.7</ele>
    <time>2022-02-10T16:51:31Z</time>
   </trkpt>
   <trkpt lat="53.8250820" lon="-1.5842520">
    <ele>83.7</ele>
    <time>2022-02-10T16:51:32Z</time>
   </trkpt>
   <trkpt lat="53.8250530" lon="-1.5842620">
    <ele>83.8</ele>
    <time>2022-02-10T16:51:33Z</time>
   </trkpt>
   <trkpt lat="53.8250240" lon="-1.5842720">
    <ele>83.8</ele>
    <time>2022-02-10T16:51:34Z</time>
   </trkpt>
   <trkpt lat="53.8249940" lon="-1.5842800">
    <ele>83.9</ele>
    <time>2022-02-10T16:51:35Z</time>
   </trkpt>
   <trkpt lat="53.8249640" lon="-1.5842870">
    <ele>83.9</ele>
    <time>2022-02-10T16:51:36Z</time>
   </trkpt>
   <trkpt lat="53.8249340" lon="-1.5842930">
    <ele>84.0</ele>
    <time>2022-02-10T16:51:37Z</time>
   </trkpt>
   <trkpt lat="53.8249030" lon="-1.5842990">
    <ele>84.0</ele>
    <time>2022-02-10T16:51:38Z</time>
   </trkpt>
   <trkpt lat="53.8248620" lon="-1.5843100">
    <ele>84.1</ele>
    <time>2022-02-10T16:51:39Z</time>
   </trkpt>
   <trkpt lat="53.8248480" lon="-1.5843140">
    <ele>84.2</ele>
    <time>2022-02-10T16:51:40Z</time>
   </trkpt>
   <trkpt lat="53.8248190" lon="-1.5843220">
    <ele>84.3</ele>
    <time>2022-02-10T16:51:41Z</time>
   </trkpt>
   <trkpt lat="53.8247900" lon="-1.5843300">
    <ele>84.4</ele>
    <time>2022-02-10T16:51:42Z</time>
   </trkpt>
   <trkpt lat="53.8247600" lon="-1.5843390">
    <ele>84.4</ele>
    <time>2022-02-10T16:51:43Z</time>
   </trkpt>
   <trkpt lat="53.8247300" lon="-1.5843480">
    <ele>84.5</ele>
    <time>2022-02-10T16:51:44Z</time>
   </trkpt>
   <trkpt lat="53.8246990" lon="-1.5843560">
    <ele>84.6</ele>
    <time>2022-02-10T16:51:45Z</time>
   </trkpt>
   <trkpt lat="53.8246700" lon="-1.5843630">
    <ele>84.7</ele>
    <time>2022-02-10T16:51:46Z</time>
   </trkpt>
   <trkpt lat="53.8246400" lon="-1.5843690">
    <ele>84.8</ele>
    <time>2022-02-10T16:51:47Z</time>
   </trkpt>
   <trkpt lat="53.8246110" lon="-1.5843740">
    <ele>84.9</ele>
    <time>2022-02-10T16:51:48Z</time>
   </trkpt>
   <trkpt lat="53.8245820" lon="-1.5843780">
    <ele>85.0</ele>
    <time>2022-02-10T16:51:49Z</time>
   </trkpt>
   <trkpt lat="53.8245410" lon="-1.5843790">
    <ele>85.1</ele>
    <time>2022-02-10T16:51:50Z</time>
   </trkpt>
   <trkpt lat="53.8245280" lon="-1.5843790">
    <ele>85.2</ele>
    <time>2022-02-10T16:51:51Z</time>
   </trkpt>
   <trkpt lat="53.8244870" lon="-1.5843760">
    <ele>85.3</ele>
    <time>2022-02-10T16:51:52Z</time>
   </trkpt>
   <trkpt lat="53.8244730" lon="-1.5843740">
    <ele>85.4</ele>
    <time>2022-02-10T16:51:53Z</time>
   </trkpt>
   <trkpt lat="53.8244460" lon="-1.5843720">
    <ele>85.5</ele>
    <time>2022-02-10T16:51:54Z</time>
   </trkpt>
   <trkpt lat="53.8244190" lon="-1.5843690">
    <ele>85.6</ele>
    <time>2022-02-10T16:51:55Z</time>
   </trkpt>
   <trkpt lat="53.8243910" lon="-1.5843670">
    <ele>85.7</ele>
    <time>2022-02-10T16:51:56Z</time>
   </trkpt>
   <trkpt lat="53.8243630" lon="-1.5843670">
    <ele>85.9</ele>
    <time>2022-02-10T16:51:57Z</time>
   </trkpt>
   <trkpt lat="53.8243360" lon="-1.5843680">
    <ele>86.0</ele>
    <time>2022-02-10T16:51:58Z</time>
   </trkpt>
   <trkpt lat="53.8242960" lon="-1.5843690">
    <ele>86.2</ele>
    <time>2022-02-10T16:51:59Z</time>
   </trkpt>
   <trkpt lat="53.8242830" lon="-1.5843700">
    <ele>86.2</ele>
    <time>2022-02-10T16:52:00Z</time>
   </trkpt>
   <trkpt lat="53.8242490" lon="-1.5843730">
    <ele>86.4</ele>
    <time>2022-02-10T16:52:01Z</time>
   </trkpt>
   <trkpt lat="53.8242370" lon="-1.5843740">
    <ele>86.4</ele>
    <time>2022-02-10T16:52:02Z</time>
   </trkpt>
   <trkpt lat="53.8242040" lon="-1.5843810">
    <ele>86.6</ele>
    <time>2022-02-10T16:52:03Z</time>
   </trkpt>
   <trkpt lat="53.8241930" lon="-1.5843840">
    <ele>86.6</ele>
    <time>2022-02-10T16:52:04Z</time>
   </trkpt>
   <trkpt lat="53.8241620" lon="-1.5844020">
    <ele>86.7</ele>
    <time>2022-02-10T16:52:05Z</time>
   </trkpt>
   <trkpt lat="53.8241520" lon="-1.5844100">
    <ele>86.8</ele>
    <time>2022-02-10T16:52:06Z</time>
   </trkpt>
   <trkpt lat="53.8241300" lon="-1.5844420">
    <ele>86.9</ele>
    <time>2022-02-10T16:52:07Z</time>
   </trkpt>
   <trkpt lat="53.8241230" lon="-1.5844540">
    <ele>87.8</ele>
    <time>2022-02-10T16:52:08Z</time>
   </trkpt>
   <trkpt lat="53.8241080" lon="-1.5844990">
    <ele>88.1</ele>
    <time>2022-02-10T16:52:09Z</time>
   </trkpt>
   <trkpt lat="53.8241040" lon="-1.5845160">
    <ele>88.2</ele>
    <time>2022-02-10T16:52:10Z</time>
   </trkpt>
   <trkpt lat="53.8240960" lon="-1.5845710">
    <ele>88.4</ele>
    <time>2022-02-10T16:52:11Z</time>
   </trkpt>
   <trkpt lat="53.8240940" lon="-1.5845900">
    <ele>88.5</ele>
    <time>2022-02-10T16:52:12Z</time>
   </trkpt>
   <trkpt lat="53.8240900" lon="-1.5846490">
    <ele>88.8</ele>
    <time>2022-02-10T16:52:13Z</time>
   </trkpt>
   <trkpt lat="53.8240890" lon="-1.5846690">
    <ele>88.9</ele>
    <time>2022-02-10T16:52:14Z</time>
   </trkpt>
   <trkpt lat="53.8240820" lon="-1.5847310">
    <ele>89.2</ele>
    <time>2022-02-10T16:52:15Z</time>
   </trkpt>
   <trkpt lat="53.8240800" lon="-1.5847520">
    <ele>89.3</ele>
    <time>2022-02-10T16:52:16Z</time>
   </trkpt>
   <trkpt lat="53.8240710" lon="-1.5848110">
    <ele>89.6</ele>
    <time>2022-02-10T16:52:17Z</time>
   </trkpt>
   <trkpt lat="53.8240670" lon="-1.5848310">
    <ele>89.8</ele>
    <time>2022-02-10T16:52:18Z</time>
   </trkpt>
   <trkpt lat="53.8240530" lon="-1.5848890">
    <ele>90.1</ele>
    <time>2022-02-10T16:52:19Z</time>
   </trkpt>
   <trkpt lat="53.8240480" lon="-1.5849080">
    <ele>90.2</ele>
    <time>2022-02-10T16:52:20Z</time>
   </trkpt>
   <trkpt lat="53.8240330" lon="-1.5849640">
    <ele>90.6</ele>
    <time>2022-02-10T16:52:21Z</time>
   </trkpt>
   <trkpt lat="53.8240270" lon="-1.5849830">
    <ele>90.7</ele>
    <time>2022-02-10T16:52:22Z</time>
   </trkpt>
   <trkpt lat="53.8240120" lon="-1.5850410">
    <ele>91.1</ele>
    <time>2022-02-10T16:52:23Z</time>
   </trkpt>
   <trkpt lat="53.8240070" lon="-1.5850610">
    <ele>91.2</ele>
    <time>2022-02-10T16:52:24Z</time>
   </trkpt>
   <trkpt lat="53.8239880" lon="-1.5851180">
    <ele>91.6</ele>
    <time>2022-02-10T16:52:25Z</time>
   </trkpt>
   <trkpt lat="53.8239820" lon="-1.5851360">
    <ele>91.7</ele>
    <time>2022-02-10T16:52:26Z</time>
   </trkpt>
   <trkpt lat="53.8239660" lon="-1.5851730">
    <ele>91.9</ele>
    <time>2022-02-10T16:52:27Z</time>
   </trkpt>
   <trkpt lat="53.8239360" lon="-1.5852380">
    <ele>92.4</ele>
    <time>2022-02-10T16:52:29Z</time>
   </trkpt>
   <trkpt lat="53.8239100" lon="-1.5852880">
    <ele>92.8</ele>
    <time>2022-02-10T16:52:30Z</time>
   </trkpt>
   <trkpt lat="53.8239010" lon="-1.5853050">
    <ele>92.9</ele>
    <time>2022-02-10T16:52:31Z</time>
   </trkpt>
   <trkpt lat="53.8238720" lon="-1.5853520">
    <ele>93.2</ele>
    <time>2022-02-10T16:52:32Z</time>
   </trkpt>
   <trkpt lat="53.8238630" lon="-1.5853670">
    <ele>93.3</ele>
    <time>2022-02-10T16:52:33Z</time>
   </trkpt>
   <trkpt lat="53.8238320" lon="-1.5854080">
    <ele>93.7</ele>
    <time>2022-02-10T16:52:34Z</time>
   </trkpt>
   <trkpt lat="53.8238210" lon="-1.5854210">
    <ele>93.8</ele>
    <time>2022-02-10T16:52:35Z</time>
   </trkpt>
   <trkpt lat="53.8237880" lon="-1.5854570">
    <ele>94.2</ele>
    <time>2022-02-10T16:52:36Z</time>
   </trkpt>
   <trkpt lat="53.8237770" lon="-1.5854680">
    <ele>94.3</ele>
    <time>2022-02-10T16:52:37Z</time>
   </trkpt>
   <trkpt lat="53.8237520" lon="-1.5854920">
    <ele>94.5</ele>
    <time>2022-02-10T16:52:38Z</time>
   </trkpt>
   <trkpt lat="53.8237030" lon="-1.5855250">
    <ele>95.0</ele>
    <time>2022-02-10T16:52:40Z</time>
   </trkpt>
   <trkpt lat="53.8236780" lon="-1.5855420">
    <ele>95.1</ele>
    <time>2022-02-10T16:52:41Z</time>
   </trkpt>
   <trkpt lat="53.8236520" lon="-1.5855570">
    <ele>95.3</ele>
    <time>2022-02-10T16:52:42Z</time>
   </trkpt>
   <trkpt lat="53.8236260" lon="-1.5855700">
    <ele>95.5</ele>
    <time>2022-02-10T16:52:43Z</time>
   </trkpt>
   <trkpt lat="53.8235870" lon="-1.5855870">
    <ele>95.8</ele>
    <time>2022-02-10T16:52:44Z</time>
   </trkpt>
   <trkpt lat="53.8235740" lon="-1.5855920">
    <ele>95.9</ele>
    <time>2022-02-10T16:52:45Z</time>
   </trkpt>
   <trkpt lat="53.8235340" lon="-1.5855980">
    <ele>96.1</ele>
    <time>2022-02-10T16:52:46Z</time>
   </trkpt>
   <trkpt lat="53.8235200" lon="-1.5855990">
    <ele>96.2</ele>
    <time>2022-02-10T16:52:47Z</time>
   </trkpt>
   <trkpt lat="53.8234800" lon="-1.5855970">
    <ele>96.3</ele>
    <time>2022-02-10T16:52:48Z</time>
   </trkpt>
   <trkpt lat="53.8234670" lon="-1.5855950">
    <ele>96.4</ele>
    <time>2022-02-10T16:52:49Z</time>
   </trkpt>
   <trkpt lat="53.8234410" lon="-1.5855860">
    <ele>96.5</ele>
    <time>2022-02-10T16:52:50Z</time>
   </trkpt>
   <trkpt lat="53.8234020" lon="-1.5855670">
    <ele>96.6</ele>
    <time>2022-02-10T16:52:51Z</time>
   </trkpt>
   <trkpt lat="53.8233890" lon="-1.5855600">
    <ele>96.7</ele>
    <time>2022-02-10T16:52:52Z</time>
   </trkpt>
   <trkpt lat="53.8233510" lon="-1.5855350">
    <ele>96.8</ele>
    <time>2022-02-10T16:52:53Z</time>
   </trkpt>
   <trkpt lat="53.8233390" lon="-1.5855260">
    <ele>96.8</ele>
    <time>2022-02-10T16:52:54Z</time>
   </trkpt>
   <trkpt lat="53.8233130" lon="-1.5855040">
    <ele>96.8</ele>
    <time>2022-02-10T16:52:55Z</time>
   </trkpt>
   <trkpt lat="53.8232880" lon="-1.5854780">
    <ele>96.9</ele>
    <time>2022-02-10T16:52:56Z</time>
   </trkpt>
   <trkpt lat="53.8232640" lon="-1.5854470">
    <ele>96.9</ele>
    <time>2022-02-10T16:52:57Z</time>
   </trkpt>
   <trkpt lat="53.8232410" lon="-1.5854150">
    <ele>96.8</ele>
    <time>2022-02-10T16:52:58Z</time>
   </trkpt>
   <trkpt lat="53.8232200" lon="-1.5853800">
    <ele>96.8</ele>
    <time>2022-02-10T16:52:59Z</time>
   </trkpt>
   <trkpt lat="53.8231990" lon="-1.5853440">
    <ele>96.7</ele>
    <time>2022-02-10T16:53:00Z</time>
   </trkpt>
   <trkpt lat="53.8231800" lon="-1.5853080">
    <ele>96.7</ele>
    <time>2022-02-10T16:53:01Z</time>
   </trkpt>
   <trkpt lat="53.8231610" lon="-1.5852710">
    <ele>96.6</ele>
    <time>2022-02-10T16:53:02Z</time>
   </trkpt>
   <trkpt lat="53.8231440" lon="-1.5852350">
    <ele>96.6</ele>
    <time>2022-02-10T16:53:03Z</time>
   </trkpt>
   <trkpt lat="53.8231280" lon="-1.5851970">
    <ele>96.5</ele>
    <time>2022-02-10T16:53:04Z</time>
   </trkpt>
   <trkpt lat="53.8231100" lon="-1.5851540">
    <ele>96.4</ele>
    <time>2022-02-10T16:53:05Z</time>
   </trkpt>
   <trkpt lat="53.8230920" lon="-1.5850950">
    <ele>96.3</ele>
    <time>2022-02-10T16:53:06Z</time>
   </trkpt>
   <trkpt lat="53.8230860" lon="-1.5850740">
    <ele>96.2</ele>
    <time>2022-02-10T16:53:07Z</time>
   </trkpt>
   <trkpt lat="53.8230690" lon="-1.5850110">
    <ele>96.1</ele>
    <time>2022-02-10T16:53:08Z</time>
   </trkpt>
   <trkpt lat="53.8230630" lon="-1.5849910">
    <ele>96.1</ele>
    <time>2022-02-10T16:53:09Z</time>
   </trkpt>
   <trkpt lat="53.8230520" lon="-1.5849490">
    <ele>96.0</ele>
    <time>2022-02-10T16:53:10Z</time>
   </trkpt>
   <trkpt lat="53.8230390" lon="-1.5849090">
    <ele>95.9</ele>
    <time>2022-02-10T16:53:11Z</time>
   </trkpt>
   <trkpt lat="53.8230240" lon="-1.5848700">
    <ele>95.8</ele>
    <time>2022-02-10T16:53:12Z</time>
   </trkpt>
   <trkpt lat="53.8230060" lon="-1.5848340">
    <ele>95.7</ele>
    <time>2022-02-10T16:53:13Z</time>
   </trkpt>
   <trkpt lat="53.8229850" lon="-1.5848030">
    <ele>95.6</ele>
    <time>2022-02-10T16:53:14Z</time>
   </trkpt>
   <trkpt lat="53.8229620" lon="-1.5847740">
    <ele>95.5</ele>
    <time>2022-02-10T16:53:15Z</time>
   </trkpt>
   <trkpt lat="53.8229390" lon="-1.5847410">
    <ele>95.4</ele>
    <time>2022-02-10T16:53:16Z</time>
   </trkpt>
   <trkpt lat="53.8229070" lon="-1.5846740">
    <ele>95.2</ele>
    <time>2022-02-10T16:53:18Z</time>
   </trkpt>
   <trkpt lat="53.8228900" lon="-1.5846230">
    <ele>95.1</ele>
    <time>2022-02-10T16:53:19Z</time>
   </trkpt>
   <trkpt lat="53.8228850" lon="-1.5846080">
    <ele>95.0</ele>
    <time>2022-02-10T16:53:20Z</time>
   </trkpt>
   <trkpt lat="53.8228760" lon="-1.5845870">
    <ele>95.0</ele>
    <time>2022-02-10T16:53:21Z</time>
   </trkpt>
   <trkpt lat="53.8228660" lon="-1.5845740">
    <ele>94.9</ele>
    <time>2022-02-10T16:53:22Z</time>
   </trkpt>
   <trkpt lat="53.8228540" lon="-1.5845680">
    <ele>94.9</ele>
    <time>2022-02-10T16:53:23Z</time>
   </trkpt>
   <trkpt lat="53.8228440" lon="-1.5845880">
    <ele>94.8</ele>
    <time>2022-02-10T16:53:24Z</time>
   </trkpt>
   <trkpt lat="53.8228360" lon="-1.5845970">
    <ele>94.8</ele>
    <time>2022-02-10T16:53:25Z</time>
   </trkpt>
   <trkpt lat="53.8228320" lon="-1.5846040">
    <ele>94.7</ele>
    <time>2022-02-10T16:53:26Z</time>
   </trkpt>
   <trkpt lat="53.8228300" lon="-1.5846080">
    <ele>94.7</ele>
    <time>2022-02-10T16:53:27Z</time>
   </trkpt>
   <trkpt lat="53.8228300" lon="-1.5846100">
    <ele>94.7</ele>
    <time>2022-02-10T16:53:28Z</time>
   </trkpt>
  </trkseg>
 </trk>
</gpx>
