<?xml version="1.0" encoding="UTF-8"?>
<gpx xmlns="http://www.topografix.com/GPX/1/1" xmlns:xsi="http://www.w3.org/2001/XMLSchema-instance" xsi:schemaLocation="http://www.topografix.com/GPX/1/1 http://www.topografix.com/GPX/1/1/gpx.xsd" version="1.1" creator="gpx.py -- https://github.com/tkrajina/gpxpy">
  <trk>
    <trkseg>
      <trkpt lat="46.495796805247664" lon="22.55097622051835">
        <ele>397.4</ele>
        <time>2025-05-08T06:12:21</time>
      </trkpt>
      <trkpt lat="46.49573704227805" lon="22.55077983252704">
        <ele>396.6</ele>
        <time>2025-05-08T06:12:28</time>
      </trkpt>
      <trkpt lat="46.49572907947004" lon="22.5507509149611">
        <ele>396.4</ele>
        <time>2025-05-08T06:12:29</time>
      </trkpt>
      <trkpt lat="46.49568373337388" lon="22.550594760105014">
        <ele>395.79999999999995</ele>
        <time>2025-05-08T06:12:35</time>
      </trkpt>
      <trkpt lat="46.49563285522163" lon="22.550464756786823">
        <ele>395.4</ele>
        <time>2025-05-08T06:12:40</time>
      </trkpt>
      <trkpt lat="46.49560804478824" lon="22.55042360164225">
        <ele>395.0</ele>
        <time>2025-05-08T06:12:42</time>
      </trkpt>
      <trkpt lat="46.495535960420966" lon="22.55028337240219">
        <ele>394.20000000000005</ele>
        <time>2025-05-08T06:12:48</time>
      </trkpt>
      <trkpt lat="46.49551802314818" lon="22.550233835354447">
        <ele>394.0</ele>
        <time>2025-05-08T06:12:50</time>
      </trkpt>
      <trkpt lat="46.49543001316488" lon="22.550124870613217">
        <ele>393.20000000000005</ele>
        <time>2025-05-08T06:12:56</time>
      </trkpt>
      <trkpt lat="46.49540713056922" lon="22.550128642469645">
        <ele>393.20000000000005</ele>
        <time>2025-05-08T06:12:57</time>
      </trkpt>
      <trkpt lat="46.49530830793083" lon="22.550206007435918">
        <ele>392.79999999999995</ele>
        <time>2025-05-08T06:13:01</time>
      </trkpt>
      <trkpt lat="46.49511937983334" lon="22.550385799258947">
        <ele>392.79999999999995</ele>
        <time>2025-05-08T06:13:08</time>
      </trkpt>
      <trkpt lat="46.49487211368978" lon="22.55057942122221">
        <ele>392.79999999999995</ele>
        <time>2025-05-08T06:13:15</time>
      </trkpt>
      <trkpt lat="46.4946240093559" lon="22.550743957981467">
        <ele>393.20000000000005</ele>
        <time>2025-05-08T06:13:22</time>
      </trkpt>
      <trkpt lat="46.494294349104166" lon="22.550969598814845">
        <ele>393.6</ele>
        <time>2025-05-08T06:13:31</time>
      </trkpt>
      <trkpt lat="46.4940042514354" lon="22.551185013726354">
        <ele>394.20000000000005</ele>
        <time>2025-05-08T06:13:39</time>
      </trkpt>
      <trkpt lat="46.493799816817045" lon="22.55140319466591">
        <ele>394.6</ele>
        <time>2025-05-08T06:13:46</time>
      </trkpt>
      <trkpt lat="46.493612648919225" lon="22.551685832440853">
        <ele>395.6</ele>
        <time>2025-05-08T06:13:54</time>
      </trkpt>
      <trkpt lat="46.493588760495186" lon="22.551724389195442">
        <ele>395.6</ele>
        <time>2025-05-08T06:13:55</time>
      </trkpt>
      <trkpt lat="46.49342983961105" lon="22.551991688087583">
        <ele>396.4</ele>
        <time>2025-05-08T06:14:01</time>
      </trkpt>
      <trkpt lat="46.4932859223336" lon="22.55226611159742">
        <ele>396.79999999999995</ele>
        <time>2025-05-08T06:14:07</time>
      </trkpt>
      <trkpt lat="46.49325951933861" lon="22.55231447517872">
        <ele>396.79999999999995</ele>
        <time>2025-05-08T06:14:08</time>
      </trkpt>
      <trkpt lat="46.493060532957315" lon="22.55263458006084">
        <ele>397.0</ele>
        <time>2025-05-08T06:14:15</time>
      </trkpt>
      <trkpt lat="46.49279918521643" lon="22.552983686327934">
        <ele>397.79999999999995</ele>
        <time>2025-05-08T06:14:24</time>
      </trkpt>
      <trkpt lat="46.492687622085214" lon="22.55313204601407">
        <ele>398.0</ele>
        <time>2025-05-08T06:14:28</time>
      </trkpt>
      <trkpt lat="46.49257840588689" lon="22.553277220577">
        <ele>398.4</ele>
        <time>2025-05-08T06:14:32</time>
      </trkpt>
      <trkpt lat="46.49244362488389" lon="22.553480062633753">
        <ele>399.20000000000005</ele>
        <time>2025-05-08T06:14:37</time>
      </trkpt>
      <trkpt lat="46.49236936122179" lon="22.55359078757465">
        <ele>399.6</ele>
        <time>2025-05-08T06:14:40</time>
      </trkpt>
      <trkpt lat="46.492236256599426" lon="22.553843669593334">
        <ele>400.20000000000005</ele>
        <time>2025-05-08T06:14:46</time>
      </trkpt>
      <trkpt lat="46.49221245199442" lon="22.553886836394668">
        <ele>400.20000000000005</ele>
        <time>2025-05-08T06:14:47</time>
      </trkpt>
      <trkpt lat="46.49208999238908" lon="22.55417089909315">
        <ele>400.6</ele>
        <time>2025-05-08T06:14:53</time>
      </trkpt>
      <trkpt lat="46.49191003292799" lon="22.554565267637372">
        <ele>400.79999999999995</ele>
        <time>2025-05-08T06:15:01</time>
      </trkpt>
      <trkpt lat="46.49181389249861" lon="22.554765846580267">
        <ele>401.20000000000005</ele>
        <time>2025-05-08T06:15:05</time>
      </trkpt>
      <trkpt lat="46.491712806746364" lon="22.554959720000625">
        <ele>401.4</ele>
        <time>2025-05-08T06:15:09</time>
      </trkpt>
      <trkpt lat="46.49147115647793" lon="22.555356100201607">
        <ele>401.79999999999995</ele>
        <time>2025-05-08T06:15:18</time>
      </trkpt>
      <trkpt lat="46.49130905047059" lon="22.555610993877053">
        <ele>402.20000000000005</ele>
        <time>2025-05-08T06:15:24</time>
      </trkpt>
      <trkpt lat="46.49120779708028" lon="22.55576823838055">
        <ele>402.6</ele>
        <time>2025-05-08T06:15:28</time>
      </trkpt>
      <trkpt lat="46.49107293225825" lon="22.55600905045867">
        <ele>403.20000000000005</ele>
        <time>2025-05-08T06:15:34</time>
      </trkpt>
      <trkpt lat="46.491030687466264" lon="22.556087002158165">
        <ele>403.4</ele>
        <time>2025-05-08T06:15:36</time>
      </trkpt>
      <trkpt lat="46.490861205384135" lon="22.556391265243292">
        <ele>404.4</ele>
        <time>2025-05-08T06:15:44</time>
      </trkpt>
      <trkpt lat="46.49084058590233" lon="22.556432923302054">
        <ele>404.4</ele>
        <time>2025-05-08T06:15:45</time>
      </trkpt>
      <trkpt lat="46.49069088511169" lon="22.556716986000538">
        <ele>405.0</ele>
        <time>2025-05-08T06:15:52</time>
      </trkpt>
      <trkpt lat="46.49062575772405" lon="22.556847911328077">
        <ele>405.4</ele>
        <time>2025-05-08T06:15:55</time>
      </trkpt>
      <trkpt lat="46.4905540086329" lon="22.556984536349773">
        <ele>405.4</ele>
        <time>2025-05-08T06:15:58</time>
      </trkpt>
      <trkpt lat="46.490339348092675" lon="22.557419557124376">
        <ele>406.0</ele>
        <time>2025-05-08T06:16:07</time>
      </trkpt>
      <trkpt lat="46.49007732979953" lon="22.55793772637844">
        <ele>406.4</ele>
        <time>2025-05-08T06:16:18</time>
      </trkpt>
      <trkpt lat="46.48998253047466" lon="22.558113327249885">
        <ele>406.6</ele>
        <time>2025-05-08T06:16:22</time>
      </trkpt>
      <trkpt lat="46.48986216634512" lon="22.558323461562395">
        <ele>407.0</ele>
        <time>2025-05-08T06:16:27</time>
      </trkpt>
      <trkpt lat="46.48973115719855" lon="22.55852102302015">
        <ele>407.6</ele>
        <time>2025-05-08T06:16:32</time>
      </trkpt>
      <trkpt lat="46.48964876309037" lon="22.55863107740879">
        <ele>408.20000000000005</ele>
        <time>2025-05-08T06:16:35</time>
      </trkpt>
      <trkpt lat="46.48951079696417" lon="22.558812126517296">
        <ele>408.6</ele>
        <time>2025-05-08T06:16:40</time>
      </trkpt>
      <trkpt lat="46.48939445614815" lon="22.558953864499927">
        <ele>409.20000000000005</ele>
        <time>2025-05-08T06:16:44</time>
      </trkpt>
      <trkpt lat="46.48922589607537" lon="22.55916894413531">
        <ele>409.6</ele>
        <time>2025-05-08T06:16:50</time>
      </trkpt>
      <trkpt lat="46.48908516392112" lon="22.55934538319707">
        <ele>410.4</ele>
        <time>2025-05-08T06:16:55</time>
      </trkpt>
      <trkpt lat="46.48889481090009" lon="22.559581082314253">
        <ele>411.0</ele>
        <time>2025-05-08T06:17:02</time>
      </trkpt>
      <trkpt lat="46.48883806541562" lon="22.55962450057268">
        <ele>411.20000000000005</ele>
        <time>2025-05-08T06:17:04</time>
      </trkpt>
      <trkpt lat="46.488652070984244" lon="22.55971100181341">
        <ele>411.79999999999995</ele>
        <time>2025-05-08T06:17:10</time>
      </trkpt>
      <trkpt lat="46.48851879872382" lon="22.559612095355988">
        <ele>411.79999999999995</ele>
        <time>2025-05-08T06:17:14</time>
      </trkpt>
      <trkpt lat="46.48827496916056" lon="22.559379329904914">
        <ele>411.79999999999995</ele>
        <time>2025-05-08T06:17:21</time>
      </trkpt>
      <trkpt lat="46.48824295029044" lon="22.55934152752161">
        <ele>411.79999999999995</ele>
        <time>2025-05-08T06:17:22</time>
      </trkpt>
      <trkpt lat="46.488024685531855" lon="22.559128627181053">
        <ele>411.79999999999995</ele>
        <time>2025-05-08T06:17:29</time>
      </trkpt>
      <trkpt lat="46.487966515123844" lon="22.559068277478218">
        <ele>412.20000000000005</ele>
        <time>2025-05-08T06:17:31</time>
      </trkpt>
      <trkpt lat="46.487716902047396" lon="22.55883375182748">
        <ele>413.4</ele>
        <time>2025-05-08T06:17:39</time>
      </trkpt>
      <trkpt lat="46.487439377233386" lon="22.558572152629495">
        <ele>413.79999999999995</ele>
        <time>2025-05-08T06:17:47</time>
      </trkpt>
      <trkpt lat="46.487301578745246" lon="22.55842530168593">
        <ele>413.79999999999995</ele>
        <time>2025-05-08T06:17:52</time>
      </trkpt>
      <trkpt lat="46.48710737004876" lon="22.55825330503285">
        <ele>414.0</ele>
        <time>2025-05-08T06:18:00</time>
      </trkpt>
      <trkpt lat="46.48702665232122" lon="22.558160852640867">
        <ele>414.79999999999995</ele>
        <time>2025-05-08T06:18:04</time>
      </trkpt>
      <trkpt lat="46.48698063567281" lon="22.55813411436975">
        <ele>414.79999999999995</ele>
        <time>2025-05-08T06:18:06</time>
      </trkpt>
      <trkpt lat="46.486879382282495" lon="22.558068903163075">
        <ele>415.6</ele>
        <time>2025-05-08T06:18:11</time>
      </trkpt>
      <trkpt lat="46.486840825527906" lon="22.558081140741706">
        <ele>415.79999999999995</ele>
        <time>2025-05-08T06:18:13</time>
      </trkpt>
      <trkpt lat="46.486785085871816" lon="22.5581297557801">
        <ele>416.0</ele>
        <time>2025-05-08T06:18:16</time>
      </trkpt>
      <trkpt lat="46.48670562542975" lon="22.558248108252883">
        <ele>417.0</ele>
        <time>2025-05-08T06:18:22</time>
      </trkpt>
      <trkpt lat="46.48669489659369" lon="22.558262441307306">
        <ele>417.20000000000005</ele>
        <time>2025-05-08T06:18:23</time>
      </trkpt>
      <trkpt lat="46.486625745892525" lon="22.558382470160723">
        <ele>417.6</ele>
        <time>2025-05-08T06:18:28</time>
      </trkpt>
      <trkpt lat="46.48647151887417" lon="22.55862571299076">
        <ele>418.20000000000005</ele>
        <time>2025-05-08T06:18:37</time>
      </trkpt>
      <trkpt lat="46.48630438372493" lon="22.558887982741">
        <ele>418.6</ele>
        <time>2025-05-08T06:18:46</time>
      </trkpt>
      <trkpt lat="46.486198268830776" lon="22.55907179787755">
        <ele>419.4</ele>
        <time>2025-05-08T06:18:52</time>
      </trkpt>
      <trkpt lat="46.48618200793862" lon="22.559097446501255">
        <ele>419.6</ele>
        <time>2025-05-08T06:18:53</time>
      </trkpt>
      <trkpt lat="46.486027613282204" lon="22.559368098154664">
        <ele>420.20000000000005</ele>
        <time>2025-05-08T06:19:02</time>
      </trkpt>
      <trkpt lat="46.485896687954664" lon="22.55958443507552">
        <ele>420.6</ele>
        <time>2025-05-08T06:19:09</time>
      </trkpt>
      <trkpt lat="46.48583918809891" lon="22.55967814475298">
        <ele>420.6</ele>
        <time>2025-05-08T06:19:12</time>
      </trkpt>
      <trkpt lat="46.48570155724883" lon="22.559890123084188">
        <ele>421.20000000000005</ele>
        <time>2025-05-08T06:19:19</time>
      </trkpt>
      <trkpt lat="46.485566860064864" lon="22.560077542439103">
        <ele>421.6</ele>
        <time>2025-05-08T06:19:26</time>
      </trkpt>
      <trkpt lat="46.48552696220577" lon="22.560180388391018">
        <ele>421.6</ele>
        <time>2025-05-08T06:19:29</time>
      </trkpt>
      <trkpt lat="46.4854493457824" lon="22.560390857979655">
        <ele>422.0</ele>
        <time>2025-05-08T06:19:35</time>
      </trkpt>
      <trkpt lat="46.48534080013633" lon="22.560612810775638">
        <ele>422.6</ele>
        <time>2025-05-08T06:19:42</time>
      </trkpt>
      <trkpt lat="46.48532445542514" lon="22.560640387237072">
        <ele>422.6</ele>
        <time>2025-05-08T06:19:43</time>
      </trkpt>
      <trkpt lat="46.48528045043349" lon="22.56070911884308">
        <ele>423.4</ele>
        <time>2025-05-08T06:19:47</time>
      </trkpt>
      <trkpt lat="46.485234182327986" lon="22.560810204595327">
        <ele>423.79999999999995</ele>
        <time>2025-05-08T06:19:53</time>
      </trkpt>
      <trkpt lat="46.48521909490228" lon="22.560847671702504">
        <ele>423.79999999999995</ele>
        <time>2025-05-08T06:19:55</time>
      </trkpt>
      <trkpt lat="46.4852093718946" lon="22.56087533198297">
        <ele>424.20000000000005</ele>
        <time>2025-05-08T06:19:59</time>
      </trkpt>
      <trkpt lat="46.48525002412498" lon="22.560921097174287">
        <ele>424.79999999999995</ele>
        <time>2025-05-08T06:20:08</time>
      </trkpt>
      <trkpt lat="46.48526385426521" lon="22.56092763505876">
        <ele>424.79999999999995</ele>
        <time>2025-05-08T06:20:16</time>
      </trkpt>
      <trkpt lat="46.48527190089226" lon="22.56095596589148">
        <ele>424.6</ele>
        <time>2025-05-08T06:20:29</time>
      </trkpt>
      <trkpt lat="46.48528128862381" lon="22.5609428063035">
        <ele>424.6</ele>
        <time>2025-05-08T06:20:40</time>
      </trkpt>
      <trkpt lat="46.485280031338334" lon="22.56093978881836">
        <ele>424.4</ele>
        <time>2025-05-08T06:20:52</time>
      </trkpt>
      <trkpt lat="46.4852868206799" lon="22.56094423122704">
        <ele>424.4</ele>
        <time>2025-05-08T06:21:01</time>
      </trkpt>
      <trkpt lat="46.4852905087173" lon="22.560944817960262">
        <ele>424.6</ele>
        <time>2025-05-08T06:21:14</time>
      </trkpt>
      <trkpt lat="46.48529503494501" lon="22.560944817960262">
        <ele>424.4</ele>
        <time>2025-05-08T06:21:23</time>
      </trkpt>
      <trkpt lat="46.485308445990086" lon="22.56095646880567">
        <ele>424.4</ele>
        <time>2025-05-08T06:21:37</time>
      </trkpt>
      <trkpt lat="46.48530920036137" lon="22.560956301167607">
        <ele>424.6</ele>
        <time>2025-05-08T06:21:43</time>
      </trkpt>
      <trkpt lat="46.4853129722178" lon="22.56095739081502">
        <ele>424.4</ele>
        <time>2025-05-08T06:21:49</time>
      </trkpt>
      <trkpt lat="46.48530660197139" lon="22.56095244549215">
        <ele>424.4</ele>
        <time>2025-05-08T06:21:57</time>
      </trkpt>
      <trkpt lat="46.485304506495595" lon="22.560952780768275">
        <ele>424.20000000000005</ele>
        <time>2025-05-08T06:22:06</time>
      </trkpt>
      <trkpt lat="46.485298220068216" lon="22.560945823788643">
        <ele>424.4</ele>
        <time>2025-05-08T06:22:16</time>
      </trkpt>
      <trkpt lat="46.485305009409785" lon="22.56094330921769">
        <ele>424.4</ele>
        <time>2025-05-08T06:22:28</time>
      </trkpt>
      <trkpt lat="46.48530526086688" lon="22.560941632837057">
        <ele>424.6</ele>
        <time>2025-05-08T06:22:39</time>
      </trkpt>
      <trkpt lat="46.48530475795269" lon="22.560924030840397">
        <ele>424.4</ele>
        <time>2025-05-08T06:22:49</time>
      </trkpt>
      <trkpt lat="46.48529252037406" lon="22.560893772169948">
        <ele>424.6</ele>
        <time>2025-05-08T06:23:03</time>
      </trkpt>
      <trkpt lat="46.4852627646178" lon="22.56087231449783">
        <ele>424.6</ele>
        <time>2025-05-08T06:23:12</time>
      </trkpt>
      <trkpt lat="46.48522705771029" lon="22.560869632288814">
        <ele>424.79999999999995</ele>
        <time>2025-05-08T06:23:22</time>
      </trkpt>
      <trkpt lat="46.48518607020378" lon="22.56087440997362">
        <ele>425.0</ele>
        <time>2025-05-08T06:23:27</time>
      </trkpt>
      <trkpt lat="46.485164780169725" lon="22.56088899448514">
        <ele>425.0</ele>
        <time>2025-05-08T06:23:30</time>
      </trkpt>
      <trkpt lat="46.48513946682215" lon="22.560928808525205">
        <ele>425.0</ele>
        <time>2025-05-08T06:23:38</time>
      </trkpt>
      <trkpt lat="46.485130582004786" lon="22.56095454096794">
        <ele>425.0</ele>
        <time>2025-05-08T06:23:44</time>
      </trkpt>
      <trkpt lat="46.48511968553066" lon="22.560984883457422">
        <ele>425.0</ele>
        <time>2025-05-08T06:23:46</time>
      </trkpt>
      <trkpt lat="46.48505690507591" lon="22.561112036928535">
        <ele>425.0</ele>
        <time>2025-05-08T06:23:52</time>
      </trkpt>
      <trkpt lat="46.4849606808275" lon="22.56131320260465">
        <ele>425.0</ele>
        <time>2025-05-08T06:23:59</time>
      </trkpt>
      <trkpt lat="46.48483562283218" lon="22.561595421284437">
        <ele>425.20000000000005</ele>
        <time>2025-05-08T06:24:07</time>
      </trkpt>
      <trkpt lat="46.484787091612816" lon="22.561664823442698">
        <ele>425.6</ele>
        <time>2025-05-08T06:24:12</time>
      </trkpt>
      <trkpt lat="46.484769070521" lon="22.56170597858727">
        <ele>425.6</ele>
        <time>2025-05-08T06:24:20</time>
      </trkpt>
      <trkpt lat="46.48471944965422" lon="22.56183153949678">
        <ele>425.6</ele>
        <time>2025-05-08T06:24:24</time>
      </trkpt>
      <trkpt lat="46.48460662923753" lon="22.56205047480762">
        <ele>425.79999999999995</ele>
        <time>2025-05-08T06:24:30</time>
      </trkpt>
      <trkpt lat="46.48447059094906" lon="22.562329256907105">
        <ele>426.20000000000005</ele>
        <time>2025-05-08T06:24:37</time>
      </trkpt>
      <trkpt lat="46.48435844108462" lon="22.56259328685701">
        <ele>426.4</ele>
        <time>2025-05-08T06:24:43</time>
      </trkpt>
      <trkpt lat="46.484242770820856" lon="22.562886904925108">
        <ele>426.6</ele>
        <time>2025-05-08T06:24:49</time>
      </trkpt>
      <trkpt lat="46.4841263461858" lon="22.563240872696042">
        <ele>426.79999999999995</ele>
        <time>2025-05-08T06:24:56</time>
      </trkpt>
      <trkpt lat="46.484106397256255" lon="22.563292756676674">
        <ele>426.79999999999995</ele>
        <time>2025-05-08T06:24:57</time>
      </trkpt>
      <trkpt lat="46.48403397761285" lon="22.563519906252623">
        <ele>426.79999999999995</ele>
        <time>2025-05-08T06:25:01</time>
      </trkpt>
      <trkpt lat="46.48396356962621" lon="22.563738590106368">
        <ele>427.0</ele>
        <time>2025-05-08T06:25:05</time>
      </trkpt>
      <trkpt lat="46.48386374115944" lon="22.564056431874633">
        <ele>427.6</ele>
        <time>2025-05-08T06:25:11</time>
      </trkpt>
      <trkpt lat="46.48377137258649" lon="22.564329681918025">
        <ele>428.20000000000005</ele>
        <time>2025-05-08T06:25:17</time>
      </trkpt>
      <trkpt lat="46.483647990971804" lon="22.56472329609096">
        <ele>429.4</ele>
        <time>2025-05-08T06:25:26</time>
      </trkpt>
      <trkpt lat="46.48363692685962" lon="22.56476193666458">
        <ele>429.6</ele>
        <time>2025-05-08T06:25:27</time>
      </trkpt>
      <trkpt lat="46.48361421190202" lon="22.565002078190446">
        <ele>430.0</ele>
        <time>2025-05-08T06:25:33</time>
      </trkpt>
      <trkpt lat="46.48360541090369" lon="22.565344898030162">
        <ele>430.0</ele>
        <time>2025-05-08T06:25:40</time>
      </trkpt>
      <trkpt lat="46.48360130377114" lon="22.565720323473215">
        <ele>430.20000000000005</ele>
        <time>2025-05-08T06:25:45</time>
      </trkpt>
      <trkpt lat="46.48361798375845" lon="22.566193314269185">
        <ele>429.20000000000005</ele>
        <time>2025-05-08T06:25:51</time>
      </trkpt>
      <trkpt lat="46.483640195801854" lon="22.566401604562998">
        <ele>428.4</ele>
        <time>2025-05-08T06:25:54</time>
      </trkpt>
      <trkpt lat="46.48366584442556" lon="22.566593550145626">
        <ele>428.0</ele>
        <time>2025-05-08T06:25:57</time>
      </trkpt>
      <trkpt lat="46.48377908393741" lon="22.566998898983">
        <ele>428.0</ele>
        <time>2025-05-08T06:26:04</time>
      </trkpt>
      <trkpt lat="46.48393398150802" lon="22.567480690777302">
        <ele>428.20000000000005</ele>
        <time>2025-05-08T06:26:12</time>
      </trkpt>
      <trkpt lat="46.48405174724758" lon="22.56783734075725">
        <ele>428.4</ele>
        <time>2025-05-08T06:26:18</time>
      </trkpt>
      <trkpt lat="46.484193317592144" lon="22.568254424259067">
        <ele>428.4</ele>
        <time>2025-05-08T06:26:25</time>
      </trkpt>
      <trkpt lat="46.484251990914345" lon="22.568506971001625">
        <ele>428.4</ele>
        <time>2025-05-08T06:26:30</time>
      </trkpt>
      <trkpt lat="46.484280405566096" lon="22.568699335679412">
        <ele>428.4</ele>
        <time>2025-05-08T06:26:35</time>
      </trkpt>
      <trkpt lat="46.4842214807868" lon="22.568910559639335">
        <ele>428.6</ele>
        <time>2025-05-08T06:26:40</time>
      </trkpt>
      <trkpt lat="46.484033055603504" lon="22.569341640919447">
        <ele>429.0</ele>
        <time>2025-05-08T06:26:50</time>
      </trkpt>
      <trkpt lat="46.48391981609166" lon="22.569607263430953">
        <ele>429.20000000000005</ele>
        <time>2025-05-08T06:26:56</time>
      </trkpt>
      <trkpt lat="46.48385929875076" lon="22.569757383316755">
        <ele>429.6</ele>
        <time>2025-05-08T06:26:59</time>
      </trkpt>
      <trkpt lat="46.48378713056445" lon="22.569958800449967">
        <ele>430.0</ele>
        <time>2025-05-08T06:27:03</time>
      </trkpt>
      <trkpt lat="46.48369358852506" lon="22.570192236453295">
        <ele>430.20000000000005</ele>
        <time>2025-05-08T06:27:08</time>
      </trkpt>
      <trkpt lat="46.48359032347798" lon="22.570464899763465">
        <ele>430.79999999999995</ele>
        <time>2025-05-08T06:27:14</time>
      </trkpt>
      <trkpt lat="46.48353441618383" lon="22.57060043513775">
        <ele>431.0</ele>
        <time>2025-05-08T06:27:17</time>
      </trkpt>
      <trkpt lat="46.4833752438426" lon="22.570989271625876">
        <ele>431.6</ele>
        <time>2025-05-08T06:27:26</time>
      </trkpt>
      <trkpt lat="46.483361748978496" lon="22.571036210283637">
        <ele>431.79999999999995</ele>
        <time>2025-05-08T06:27:27</time>
      </trkpt>
      <trkpt lat="46.483279606327415" lon="22.571378024294972">
        <ele>432.4</ele>
        <time>2025-05-08T06:27:34</time>
      </trkpt>
      <trkpt lat="46.48324063047767" lon="22.571637108922005">
        <ele>432.79999999999995</ele>
        <time>2025-05-08T06:27:40</time>
      </trkpt>
      <trkpt lat="46.483215149492025" lon="22.571928966790438">
        <ele>433.20000000000005</ele>
        <time>2025-05-08T06:27:46</time>
      </trkpt>
      <trkpt lat="46.483179442584515" lon="22.572398269549012">
        <ele>433.6</ele>
        <time>2025-05-08T06:27:55</time>
      </trkpt>
      <trkpt lat="46.48316603153944" lon="22.572495248168707">
        <ele>433.79999999999995</ele>
        <time>2025-05-08T06:27:57</time>
      </trkpt>
      <trkpt lat="46.48313325829804" lon="22.572751734405756">
        <ele>434.0</ele>
        <time>2025-05-08T06:28:02</time>
      </trkpt>
      <trkpt lat="46.483072489500046" lon="22.573096062988043">
        <ele>434.79999999999995</ele>
        <time>2025-05-08T06:28:09</time>
      </trkpt>
      <trkpt lat="46.48306192830205" lon="22.573143420740962">
        <ele>434.79999999999995</ele>
        <time>2025-05-08T06:28:10</time>
      </trkpt>
      <trkpt lat="46.48298464715481" lon="22.57348691113293">
        <ele>435.20000000000005</ele>
        <time>2025-05-08T06:28:17</time>
      </trkpt>
      <trkpt lat="46.48290887475014" lon="22.573819421231747">
        <ele>435.6</ele>
        <time>2025-05-08T06:28:24</time>
      </trkpt>
      <trkpt lat="46.482834527269006" lon="22.57416165433824">
        <ele>436.0</ele>
        <time>2025-05-08T06:28:31</time>
      </trkpt>
      <trkpt lat="46.48281516507268" lon="22.574261566624045">
        <ele>436.20000000000005</ele>
        <time>2025-05-08T06:28:33</time>
      </trkpt>
      <trkpt lat="46.48272422142327" lon="22.574773281812668">
        <ele>437.0</ele>
        <time>2025-05-08T06:28:43</time>
      </trkpt>
      <trkpt lat="46.48271466605365" lon="22.574823405593634">
        <ele>437.0</ele>
        <time>2025-05-08T06:28:44</time>
      </trkpt>
      <trkpt lat="46.48263537324965" lon="22.575218360871077">
        <ele>438.0</ele>
        <time>2025-05-08T06:28:52</time>
      </trkpt>
      <trkpt lat="46.482607712969184" lon="22.575361942872405">
        <ele>438.20000000000005</ele>
        <time>2025-05-08T06:28:55</time>
      </trkpt>
      <trkpt lat="46.48257150314748" lon="22.575557744130492">
        <ele>438.79999999999995</ele>
        <time>2025-05-08T06:28:59</time>
      </trkpt>
      <trkpt lat="46.4825258217752" lon="22.575809536501765">
        <ele>439.20000000000005</ele>
        <time>2025-05-08T06:29:04</time>
      </trkpt>
      <trkpt lat="46.482496401295066" lon="22.575959907844663">
        <ele>439.4</ele>
        <time>2025-05-08T06:29:07</time>
      </trkpt>
      <trkpt lat="46.48239942267537" lon="22.576397191733122">
        <ele>440.0</ele>
        <time>2025-05-08T06:29:16</time>
      </trkpt>
      <trkpt lat="46.482381066307425" lon="22.576491655781865">
        <ele>440.20000000000005</ele>
        <time>2025-05-08T06:29:18</time>
      </trkpt>
      <trkpt lat="46.48231979459524" lon="22.57677538320422">
        <ele>440.6</ele>
        <time>2025-05-08T06:29:24</time>
      </trkpt>
      <trkpt lat="46.48227076046169" lon="22.577072605490685">
        <ele>441.20000000000005</ele>
        <time>2025-05-08T06:29:30</time>
      </trkpt>
      <trkpt lat="46.482246704399586" lon="22.577287182211876">
        <ele>442.0</ele>
        <time>2025-05-08T06:29:34</time>
      </trkpt>
      <trkpt lat="46.48219767026603" lon="22.57759077474475">
        <ele>442.20000000000005</ele>
        <time>2025-05-08T06:29:40</time>
      </trkpt>
      <trkpt lat="46.48217931389809" lon="22.577689848840237">
        <ele>442.6</ele>
        <time>2025-05-08T06:29:42</time>
      </trkpt>
      <trkpt lat="46.48214469663799" lon="22.577988244593143">
        <ele>443.20000000000005</ele>
        <time>2025-05-08T06:29:48</time>
      </trkpt>
      <trkpt lat="46.4821198862046" lon="22.578222770243883">
        <ele>443.6</ele>
        <time>2025-05-08T06:29:53</time>
      </trkpt>
      <trkpt lat="46.48209440521896" lon="22.57841798476875">
        <ele>443.79999999999995</ele>
        <time>2025-05-08T06:29:57</time>
      </trkpt>
      <trkpt lat="46.48204277269542" lon="22.578810341656208">
        <ele>444.6</ele>
        <time>2025-05-08T06:30:05</time>
      </trkpt>
      <trkpt lat="46.48203623481095" lon="22.578858537599444">
        <ele>444.6</ele>
        <time>2025-05-08T06:30:06</time>
      </trkpt>
      <trkpt lat="46.48197529837489" lon="22.57924293167889">
        <ele>445.20000000000005</ele>
        <time>2025-05-08T06:30:14</time>
      </trkpt>
      <trkpt lat="46.481919726356864" lon="22.579661440104246">
        <ele>445.6</ele>
        <time>2025-05-08T06:30:23</time>
      </trkpt>
      <trkpt lat="46.48184764198959" lon="22.580022951588035">
        <ele>446.79999999999995</ele>
        <time>2025-05-08T06:30:31</time>
      </trkpt>
      <trkpt lat="46.48182869888842" lon="22.58011607453227">
        <ele>446.79999999999995</ele>
        <time>2025-05-08T06:30:33</time>
      </trkpt>
      <trkpt lat="46.48173532448709" lon="22.580370968207717">
        <ele>447.6</ele>
        <time>2025-05-08T06:30:39</time>
      </trkpt>
      <trkpt lat="46.481625102460384" lon="22.58055285550654">
        <ele>448.0</ele>
        <time>2025-05-08T06:30:44</time>
      </trkpt>
      <trkpt lat="46.48158528842032" lon="22.580614797770977">
        <ele>448.20000000000005</ele>
        <time>2025-05-08T06:30:46</time>
      </trkpt>
      <trkpt lat="46.48145687766373" lon="22.58078352548182">
        <ele>448.79999999999995</ele>
        <time>2025-05-08T06:30:52</time>
      </trkpt>
      <trkpt lat="46.481394013389945" lon="22.580871200188994">
        <ele>449.0</ele>
        <time>2025-05-08T06:30:55</time>
      </trkpt>
      <trkpt lat="46.481335842981935" lon="22.580980751663446">
        <ele>449.20000000000005</ele>
        <time>2025-05-08T06:30:58</time>
      </trkpt>
      <trkpt lat="46.48120114579797" lon="22.581341927871108">
        <ele>449.79999999999995</ele>
        <time>2025-05-08T06:31:07</time>
      </trkpt>
      <trkpt lat="46.481177592650056" lon="22.581566143780947">
        <ele>450.0</ele>
        <time>2025-05-08T06:31:12</time>
      </trkpt>
      <trkpt lat="46.48117289878428" lon="22.58166102692485">
        <ele>450.20000000000005</ele>
        <time>2025-05-08T06:31:14</time>
      </trkpt>
      <trkpt lat="46.481186896562576" lon="22.58204852230847">
        <ele>450.79999999999995</ele>
        <time>2025-05-08T06:31:22</time>
      </trkpt>
      <trkpt lat="46.481209779158235" lon="22.582430988550186">
        <ele>450.79999999999995</ele>
        <time>2025-05-08T06:31:30</time>
      </trkpt>
      <trkpt lat="46.481226375326514" lon="22.582657048478723">
        <ele>451.20000000000005</ele>
        <time>2025-05-08T06:31:35</time>
      </trkpt>
      <trkpt lat="46.481228303164244" lon="22.582749668508768">
        <ele>451.4</ele>
        <time>2025-05-08T06:31:37</time>
      </trkpt>
      <trkpt lat="46.48123802617192" lon="22.583105815574527">
        <ele>452.4</ele>
        <time>2025-05-08T06:31:45</time>
      </trkpt>
      <trkpt lat="46.48123878054321" lon="22.583148647099733">
        <ele>452.4</ele>
        <time>2025-05-08T06:31:46</time>
      </trkpt>
      <trkpt lat="46.48124607279897" lon="22.58351393043995">
        <ele>453.20000000000005</ele>
        <time>2025-05-08T06:31:54</time>
      </trkpt>
      <trkpt lat="46.48124632425606" lon="22.58370017632842">
        <ele>453.4</ele>
        <time>2025-05-08T06:31:58</time>
      </trkpt>
      <trkpt lat="46.48124263621867" lon="22.58384183049202">
        <ele>453.6</ele>
        <time>2025-05-08T06:32:01</time>
      </trkpt>
      <trkpt lat="46.48128982633352" lon="22.584127485752106">
        <ele>454.0</ele>
        <time>2025-05-08T06:32:07</time>
      </trkpt>
      <trkpt lat="46.48134087212384" lon="22.58434114046395">
        <ele>454.6</ele>
        <time>2025-05-08T06:32:12</time>
      </trkpt>
      <trkpt lat="46.481354366987944" lon="22.58443116210401">
        <ele>454.79999999999995</ele>
        <time>2025-05-08T06:32:14</time>
      </trkpt>
      <trkpt lat="46.48142008110881" lon="22.58473651483655">
        <ele>455.6</ele>
        <time>2025-05-08T06:32:21</time>
      </trkpt>
      <trkpt lat="46.48145964369178" lon="22.58489241823554">
        <ele>455.79999999999995</ele>
        <time>2025-05-08T06:32:25</time>
      </trkpt>
      <trkpt lat="46.48148311302066" lon="22.585054272785783">
        <ele>456.20000000000005</ele>
        <time>2025-05-08T06:32:29</time>
      </trkpt>
      <trkpt lat="46.48147867061198" lon="22.585373371839523">
        <ele>456.6</ele>
        <time>2025-05-08T06:32:36</time>
      </trkpt>
      <trkpt lat="46.48141589015722" lon="22.585614016279578">
        <ele>456.79999999999995</ele>
        <time>2025-05-08T06:32:41</time>
      </trkpt>
      <trkpt lat="46.48138789460063" lon="22.585708228871226">
        <ele>456.79999999999995</ele>
        <time>2025-05-08T06:32:43</time>
      </trkpt>
      <trkpt lat="46.48128722794354" lon="22.58599128574133">
        <ele>457.4</ele>
        <time>2025-05-08T06:32:50</time>
      </trkpt>
      <trkpt lat="46.481264512985945" lon="22.586135286837816">
        <ele>457.4</ele>
        <time>2025-05-08T06:32:55</time>
      </trkpt>
      <trkpt lat="46.4812583103776" lon="22.5863416492939">
        <ele>457.79999999999995</ele>
        <time>2025-05-08T06:33:01</time>
      </trkpt>
      <trkpt lat="46.481263590976596" lon="22.58640417829156">
        <ele>457.79999999999995</ele>
        <time>2025-05-08T06:33:03</time>
      </trkpt>
      <trkpt lat="46.481268368661404" lon="22.586462181061506">
        <ele>458.0</ele>
        <time>2025-05-08T06:33:06</time>
      </trkpt>
      <trkpt lat="46.4812945201993" lon="22.586475927382708">
        <ele>458.6</ele>
        <time>2025-05-08T06:33:15</time>
      </trkpt>
      <trkpt lat="46.481295777484775" lon="22.58647257462144">
        <ele>458.79999999999995</ele>
        <time>2025-05-08T06:33:31</time>
      </trkpt>
      <trkpt lat="46.48127323016524" lon="22.58647416718304">
        <ele>458.79999999999995</ele>
        <time>2025-05-08T06:33:42</time>
      </trkpt>
      <trkpt lat="46.48127004504204" lon="22.58647014386952">
        <ele>458.79999999999995</ele>
        <time>2025-05-08T06:33:59</time>
      </trkpt>
      <trkpt lat="46.4812702126801" lon="22.586468886584044">
        <ele>459.0</ele>
        <time>2025-05-08T06:34:19</time>
      </trkpt>
      <trkpt lat="46.48127884604037" lon="22.58646377362311">
        <ele>459.0</ele>
        <time>2025-05-08T06:34:41</time>
      </trkpt>
      <trkpt lat="46.481280606240034" lon="22.586468551307917">
        <ele>459.0</ele>
        <time>2025-05-08T06:34:55</time>
      </trkpt>
      <trkpt lat="46.48128094151616" lon="22.58646829985082">
        <ele>458.79999999999995</ele>
        <time>2025-05-08T06:35:26</time>
      </trkpt>
      <trkpt lat="46.481282114982605" lon="22.586468383669853">
        <ele>459.0</ele>
        <time>2025-05-08T06:36:03</time>
      </trkpt>
      <trkpt lat="46.48128228262067" lon="22.58646779693663">
        <ele>458.79999999999995</ele>
        <time>2025-05-08T06:36:26</time>
      </trkpt>
      <trkpt lat="46.48128219880164" lon="22.586468551307917">
        <ele>458.79999999999995</ele>
        <time>2025-05-08T06:37:23</time>
      </trkpt>
      <trkpt lat="46.481282617896795" lon="22.58646821603179">
        <ele>458.79999999999995</ele>
        <time>2025-05-08T06:38:01</time>
      </trkpt>
      <trkpt lat="46.48128337226808" lon="22.586469473317266">
        <ele>458.79999999999995</ele>
        <time>2025-05-08T06:38:46</time>
      </trkpt>
      <trkpt lat="46.48128387518227" lon="22.58647022768855">
        <ele>458.79999999999995</ele>
        <time>2025-05-08T06:39:32</time>
      </trkpt>
      <trkpt lat="46.48128429427743" lon="22.586469557136297">
        <ele>458.4</ele>
        <time>2025-05-08T06:40:04</time>
      </trkpt>
      <trkpt lat="46.48128379136324" lon="22.586468970403075">
        <ele>458.4</ele>
        <time>2025-05-08T06:40:17</time>
      </trkpt>
      <trkpt lat="46.481285048648715" lon="22.586470982059836">
        <ele>458.6</ele>
        <time>2025-05-08T06:40:33</time>
      </trkpt>
      <trkpt lat="46.481284545734525" lon="22.58647123351693">
        <ele>459.0</ele>
        <time>2025-05-08T06:41:19</time>
      </trkpt>
      <trkpt lat="46.48128521628678" lon="22.586466372013092">
        <ele>459.0</ele>
        <time>2025-05-08T06:42:19</time>
      </trkpt>
      <trkpt lat="46.48129032924771" lon="22.586528230458498">
        <ele>459.0</ele>
        <time>2025-05-08T06:42:32</time>
      </trkpt>
      <trkpt lat="46.48129854351282" lon="22.586548514664173">
        <ele>459.0</ele>
        <time>2025-05-08T06:42:33</time>
      </trkpt>
      <trkpt lat="46.481320168823004" lon="22.586714141070843">
        <ele>459.0</ele>
        <time>2025-05-08T06:42:38</time>
      </trkpt>
      <trkpt lat="46.481325617060065" lon="22.586758313700557">
        <ele>459.0</ele>
        <time>2025-05-08T06:42:39</time>
      </trkpt>
      <trkpt lat="46.48130030371249" lon="22.586991246789694">
        <ele>459.20000000000005</ele>
        <time>2025-05-08T06:42:45</time>
      </trkpt>
      <trkpt lat="46.48125210776925" lon="22.587233651429415">
        <ele>459.6</ele>
        <time>2025-05-08T06:42:51</time>
      </trkpt>
      <trkpt lat="46.48124489933252" lon="22.587273633107543">
        <ele>459.79999999999995</ele>
        <time>2025-05-08T06:42:52</time>
      </trkpt>
      <trkpt lat="46.481178011745214" lon="22.587571861222386">
        <ele>460.4</ele>
        <time>2025-05-08T06:43:00</time>
      </trkpt>
      <trkpt lat="46.48116024211049" lon="22.58763749152422">
        <ele>460.79999999999995</ele>
        <time>2025-05-08T06:43:02</time>
      </trkpt>
      <trkpt lat="46.48111908696592" lon="22.587806805968285">
        <ele>461.20000000000005</ele>
        <time>2025-05-08T06:43:07</time>
      </trkpt>
      <trkpt lat="46.481111375615" lon="22.587979892268777">
        <ele>461.79999999999995</ele>
        <time>2025-05-08T06:43:12</time>
      </trkpt>
      <trkpt lat="46.48111531510949" lon="22.58804460056126">
        <ele>462.0</ele>
        <time>2025-05-08T06:43:14</time>
      </trkpt>
      <trkpt lat="46.4811684563756" lon="22.58823319338262">
        <ele>462.79999999999995</ele>
        <time>2025-05-08T06:43:20</time>
      </trkpt>
      <trkpt lat="46.48118949495256" lon="22.588293878361583">
        <ele>463.20000000000005</ele>
        <time>2025-05-08T06:43:22</time>
      </trkpt>
      <trkpt lat="46.48126535117626" lon="22.5884691439569">
        <ele>463.79999999999995</ele>
        <time>2025-05-08T06:43:28</time>
      </trkpt>
      <trkpt lat="46.4812807738781" lon="22.588497390970588">
        <ele>464.0</ele>
        <time>2025-05-08T06:43:29</time>
      </trkpt>
      <trkpt lat="46.481375405564904" lon="22.58867341093719">
        <ele>464.79999999999995</ele>
        <time>2025-05-08T06:43:35</time>
      </trkpt>
      <trkpt lat="46.481407759711146" lon="22.588733760640025">
        <ele>465.0</ele>
        <time>2025-05-08T06:43:37</time>
      </trkpt>
      <trkpt lat="46.48147531785071" lon="22.588856890797615">
        <ele>465.4</ele>
        <time>2025-05-08T06:43:41</time>
      </trkpt>
      <trkpt lat="46.48157715797424" lon="22.589151179417968">
        <ele>466.0</ele>
        <time>2025-05-08T06:43:48</time>
      </trkpt>
      <trkpt lat="46.48156072944403" lon="22.589392997324467">
        <ele>466.20000000000005</ele>
        <time>2025-05-08T06:43:53</time>
      </trkpt>
      <trkpt lat="46.48147716186941" lon="22.589651495218277">
        <ele>466.4</ele>
        <time>2025-05-08T06:43:59</time>
      </trkpt>
      <trkpt lat="46.4813772495836" lon="22.589916279539466">
        <ele>466.79999999999995</ele>
        <time>2025-05-08T06:44:05</time>
      </trkpt>
      <trkpt lat="46.481322180479765" lon="22.590117026120424">
        <ele>467.0</ele>
        <time>2025-05-08T06:44:10</time>
      </trkpt>
      <trkpt lat="46.481315810233355" lon="22.590157007798553">
        <ele>467.20000000000005</ele>
        <time>2025-05-08T06:44:11</time>
      </trkpt>
      <trkpt lat="46.48127079941332" lon="22.590442411601543">
        <ele>468.0</ele>
        <time>2025-05-08T06:44:18</time>
      </trkpt>
      <trkpt lat="46.481260154396296" lon="22.590519776567817">
        <ele>468.20000000000005</ele>
        <time>2025-05-08T06:44:20</time>
      </trkpt>
      <trkpt lat="46.48123735561967" lon="22.590856896713376">
        <ele>469.20000000000005</ele>
        <time>2025-05-08T06:44:28</time>
      </trkpt>
      <trkpt lat="46.481238612905145" lon="22.590899225324392">
        <ele>469.4</ele>
        <time>2025-05-08T06:44:29</time>
      </trkpt>
      <trkpt lat="46.48124632425606" lon="22.591215642169118">
        <ele>469.79999999999995</ele>
        <time>2025-05-08T06:44:36</time>
      </trkpt>
      <trkpt lat="46.481303656473756" lon="22.59155292995274">
        <ele>470.20000000000005</ele>
        <time>2025-05-08T06:44:43</time>
      </trkpt>
      <trkpt lat="46.48132243193686" lon="22.591646555811167">
        <ele>470.4</ele>
        <time>2025-05-08T06:44:45</time>
      </trkpt>
      <trkpt lat="46.4814084302634" lon="22.591954339295626">
        <ele>470.79999999999995</ele>
        <time>2025-05-08T06:44:52</time>
      </trkpt>
      <trkpt lat="46.48148805834353" lon="22.592169251292944">
        <ele>471.0</ele>
        <time>2025-05-08T06:44:57</time>
      </trkpt>
      <trkpt lat="46.4815017208457" lon="22.5922095682472">
        <ele>471.20000000000005</ele>
        <time>2025-05-08T06:44:58</time>
      </trkpt>
      <trkpt lat="46.481595849618316" lon="22.592506371438503">
        <ele>471.6</ele>
        <time>2025-05-08T06:45:05</time>
      </trkpt>
      <trkpt lat="46.481661228463054" lon="22.592753302305937">
        <ele>472.0</ele>
        <time>2025-05-08T06:45:11</time>
      </trkpt>
      <trkpt lat="46.48167631588876" lon="22.592833852395415">
        <ele>472.20000000000005</ele>
        <time>2025-05-08T06:45:13</time>
      </trkpt>
      <trkpt lat="46.48171680048108" lon="22.5930539611727">
        <ele>472.79999999999995</ele>
        <time>2025-05-08T06:45:19</time>
      </trkpt>
      <trkpt lat="46.4817348215729" lon="22.593160159885883">
        <ele>473.4</ele>
        <time>2025-05-08T06:45:22</time>
      </trkpt>
      <trkpt lat="46.481754602864385" lon="22.59326753206551">
        <ele>473.6</ele>
        <time>2025-05-08T06:45:25</time>
      </trkpt>
      <trkpt lat="46.481788298115134" lon="22.593468613922596">
        <ele>474.4</ele>
        <time>2025-05-08T06:45:31</time>
      </trkpt>
      <trkpt lat="46.48181989789009" lon="22.59359886869788">
        <ele>474.79999999999995</ele>
        <time>2025-05-08T06:45:35</time>
      </trkpt>
      <trkpt lat="46.48185317404568" lon="22.59376105852425">
        <ele>475.4</ele>
        <time>2025-05-08T06:45:40</time>
      </trkpt>
      <trkpt lat="46.481869015842676" lon="22.59382895193994">
        <ele>475.6</ele>
        <time>2025-05-08T06:45:42</time>
      </trkpt>
      <trkpt lat="46.48191721178591" lon="22.59407135657966">
        <ele>476.4</ele>
        <time>2025-05-08T06:45:49</time>
      </trkpt>
      <trkpt lat="46.48192450404167" lon="22.594103375449777">
        <ele>476.6</ele>
        <time>2025-05-08T06:45:50</time>
      </trkpt>
      <trkpt lat="46.48195283487439" lon="22.594220973551273">
        <ele>477.0</ele>
        <time>2025-05-08T06:45:54</time>
      </trkpt>
      <trkpt lat="46.481974544003606" lon="22.594310995191336">
        <ele>477.6</ele>
        <time>2025-05-08T06:45:57</time>
      </trkpt>
      <trkpt lat="46.48199826478958" lon="22.594398837536573">
        <ele>478.0</ele>
        <time>2025-05-08T06:46:00</time>
      </trkpt>
      <trkpt lat="46.48203179240227" lon="22.59454132989049">
        <ele>478.4</ele>
        <time>2025-05-08T06:46:05</time>
      </trkpt>
      <trkpt lat="46.48204159922898" lon="22.594597237184644">
        <ele>478.79999999999995</ele>
        <time>2025-05-08T06:46:07</time>
      </trkpt>
      <trkpt lat="46.48206070996821" lon="22.59467527270317">
        <ele>479.20000000000005</ele>
        <time>2025-05-08T06:46:10</time>
      </trkpt>
      <trkpt lat="46.48206221871078" lon="22.594701256603003">
        <ele>479.20000000000005</ele>
        <time>2025-05-08T06:46:11</time>
      </trkpt>
      <trkpt lat="46.482093734666705" lon="22.594830505549908">
        <ele>479.79999999999995</ele>
        <time>2025-05-08T06:46:16</time>
      </trkpt>
      <trkpt lat="46.482102032750845" lon="22.594856321811676">
        <ele>479.79999999999995</ele>
        <time>2025-05-08T06:46:17</time>
      </trkpt>
      <trkpt lat="46.48210949264467" lon="22.594880713149905">
        <ele>480.0</ele>
        <time>2025-05-08T06:46:18</time>
      </trkpt>
      <trkpt lat="46.48216053843498" lon="22.595019936561584">
        <ele>481.0</ele>
        <time>2025-05-08T06:46:24</time>
      </trkpt>
      <trkpt lat="46.48216632194817" lon="22.59504223242402">
        <ele>481.20000000000005</ele>
        <time>2025-05-08T06:46:25</time>
      </trkpt>
      <trkpt lat="46.48221560753882" lon="22.59514189325273">
        <ele>482.0</ele>
        <time>2025-05-08T06:46:30</time>
      </trkpt>
      <trkpt lat="46.48224041797221" lon="22.595179611817002">
        <ele>482.4</ele>
        <time>2025-05-08T06:46:32</time>
      </trkpt>
      <trkpt lat="46.48230596445501" lon="22.595276506617665">
        <ele>483.20000000000005</ele>
        <time>2025-05-08T06:46:37</time>
      </trkpt>
      <trkpt lat="46.48232230916619" lon="22.595293438062072">
        <ele>483.6</ele>
        <time>2025-05-08T06:46:38</time>
      </trkpt>
      <trkpt lat="46.48241207934916" lon="22.595386477187276">
        <ele>484.4</ele>
        <time>2025-05-08T06:46:44</time>
      </trkpt>
      <trkpt lat="46.48250042460859" lon="22.595490161329508">
        <ele>485.20000000000005</ele>
        <time>2025-05-08T06:46:50</time>
      </trkpt>
      <trkpt lat="46.48251777514815" lon="22.595504829660058">
        <ele>485.6</ele>
        <time>2025-05-08T06:46:51</time>
      </trkpt>
      <trkpt lat="46.48262020200491" lon="22.595604825764894">
        <ele>486.4</ele>
        <time>2025-05-08T06:46:57</time>
      </trkpt>
      <trkpt lat="46.48265523836017" lon="22.595640532672405">
        <ele>486.6</ele>
        <time>2025-05-08T06:46:59</time>
      </trkpt>
      <trkpt lat="46.48272053338587" lon="22.595712365582585">
        <ele>487.20000000000005</ele>
        <time>2025-05-08T06:47:03</time>
      </trkpt>
      <trkpt lat="46.482759173959494" lon="22.59575796313584">
        <ele>487.79999999999995</ele>
        <time>2025-05-08T06:47:06</time>
      </trkpt>
      <trkpt lat="46.482796892523766" lon="22.59580255486071">
        <ele>488.0</ele>
        <time>2025-05-08T06:47:09</time>
      </trkpt>
      <trkpt lat="46.48287149146199" lon="22.59587145410478">
        <ele>488.6</ele>
        <time>2025-05-08T06:47:14</time>
      </trkpt>
      <trkpt lat="46.4828849863261" lon="22.595888804644346">
        <ele>488.79999999999995</ele>
        <time>2025-05-08T06:47:15</time>
      </trkpt>
      <trkpt lat="46.48293192498386" lon="22.595944041386247">
        <ele>489.79999999999995</ele>
        <time>2025-05-08T06:47:19</time>
      </trkpt>
      <trkpt lat="46.48298137821257" lon="22.595990812405944">
        <ele>490.20000000000005</ele>
        <time>2025-05-08T06:47:22</time>
      </trkpt>
      <trkpt lat="46.48306083865464" lon="22.596045713871717">
        <ele>490.79999999999995</ele>
        <time>2025-05-08T06:47:27</time>
      </trkpt>
      <trkpt lat="46.48309696465731" lon="22.59606725536287">
        <ele>491.0</ele>
        <time>2025-05-08T06:47:29</time>
      </trkpt>
      <trkpt lat="46.483164355158806" lon="22.59612986817956">
        <ele>491.79999999999995</ele>
        <time>2025-05-08T06:47:34</time>
      </trkpt>
      <trkpt lat="46.48324959911406" lon="22.596191307529807">
        <ele>492.6</ele>
        <time>2025-05-08T06:47:40</time>
      </trkpt>
      <trkpt lat="46.48328639566898" lon="22.596205724403262">
        <ele>492.6</ele>
        <time>2025-05-08T06:47:42</time>
      </trkpt>
      <trkpt lat="46.48334532044828" lon="22.59623732417822">
        <ele>493.4</ele>
        <time>2025-05-08T06:47:46</time>
      </trkpt>
      <trkpt lat="46.48336258716881" lon="22.59625358507037">
        <ele>493.6</ele>
        <time>2025-05-08T06:47:47</time>
      </trkpt>
      <trkpt lat="46.48337826132774" lon="22.596264649182558">
        <ele>493.79999999999995</ele>
        <time>2025-05-08T06:47:48</time>
      </trkpt>
      <trkpt lat="46.483439868316054" lon="22.59633463807404">
        <ele>494.6</ele>
        <time>2025-05-08T06:47:53</time>
      </trkpt>
      <trkpt lat="46.483455961570144" lon="22.59636975824833">
        <ele>494.79999999999995</ele>
        <time>2025-05-08T06:47:55</time>
      </trkpt>
      <trkpt lat="46.483510695397854" lon="22.596423402428627">
        <ele>495.4</ele>
        <time>2025-05-08T06:47:59</time>
      </trkpt>
      <trkpt lat="46.48357875645161" lon="22.596476208418608">
        <ele>496.0</ele>
        <time>2025-05-08T06:48:04</time>
      </trkpt>
      <trkpt lat="46.483590910211205" lon="22.59648852981627">
        <ele>496.20000000000005</ele>
        <time>2025-05-08T06:48:05</time>
      </trkpt>
      <trkpt lat="46.48367330431938" lon="22.596529265865684">
        <ele>496.79999999999995</ele>
        <time>2025-05-08T06:48:10</time>
      </trkpt>
      <trkpt lat="46.48368755355477" lon="22.596542006358504">
        <ele>497.0</ele>
        <time>2025-05-08T06:48:11</time>
      </trkpt>
      <trkpt lat="46.48374597541988" lon="22.59658039547503">
        <ele>498.0</ele>
        <time>2025-05-08T06:48:15</time>
      </trkpt>
      <trkpt lat="46.4837706182152" lon="22.596595818176866">
        <ele>498.4</ele>
        <time>2025-05-08T06:48:17</time>
      </trkpt>
      <trkpt lat="46.48385494016111" lon="22.596638649702072">
        <ele>499.0</ele>
        <time>2025-05-08T06:48:22</time>
      </trkpt>
      <trkpt lat="46.48386675864458" lon="22.596649043262005">
        <ele>499.20000000000005</ele>
        <time>2025-05-08T06:48:23</time>
      </trkpt>
      <trkpt lat="46.48390732705593" lon="22.596681732684374">
        <ele>499.79999999999995</ele>
        <time>2025-05-08T06:48:26</time>
      </trkpt>
      <trkpt lat="46.48393792100251" lon="22.596687516197562">
        <ele>500.0</ele>
        <time>2025-05-08T06:48:28</time>
      </trkpt>
      <trkpt lat="46.483955942094326" lon="22.596696568652987">
        <ele>500.20000000000005</ele>
        <time>2025-05-08T06:48:29</time>
      </trkpt>
      <trkpt lat="46.484028697013855" lon="22.596768150106072">
        <ele>501.0</ele>
        <time>2025-05-08T06:48:34</time>
      </trkpt>
      <trkpt lat="46.484105726704" lon="22.596821542829275">
        <ele>502.0</ele>
        <time>2025-05-08T06:48:39</time>
      </trkpt>
      <trkpt lat="46.484122574329376" lon="22.596830343827605">
        <ele>502.20000000000005</ele>
        <time>2025-05-08T06:48:40</time>
      </trkpt>
      <trkpt lat="46.48417697288096" lon="22.596868900582194">
        <ele>502.79999999999995</ele>
        <time>2025-05-08T06:48:44</time>
      </trkpt>
      <trkpt lat="46.48420882411301" lon="22.596894297748804">
        <ele>503.20000000000005</ele>
        <time>2025-05-08T06:48:46</time>
      </trkpt>
      <trkpt lat="46.48427378386259" lon="22.59693662635982">
        <ele>503.79999999999995</ele>
        <time>2025-05-08T06:48:50</time>
      </trkpt>
      <trkpt lat="46.48432248272002" lon="22.596971914172173">
        <ele>504.20000000000005</ele>
        <time>2025-05-08T06:48:53</time>
      </trkpt>
      <trkpt lat="46.484371265396476" lon="22.597022373229265">
        <ele>505.0</ele>
        <time>2025-05-08T06:48:57</time>
      </trkpt>
      <trkpt lat="46.484416695311666" lon="22.59705087170005">
        <ele>505.4</ele>
        <time>2025-05-08T06:49:00</time>
      </trkpt>
      <trkpt lat="46.48444175720215" lon="22.59705975651741">
        <ele>505.6</ele>
        <time>2025-05-08T06:49:02</time>
      </trkpt>
      <trkpt lat="46.48453027009964" lon="22.597102504223585">
        <ele>506.20000000000005</ele>
        <time>2025-05-08T06:49:08</time>
      </trkpt>
      <trkpt lat="46.48459430783987" lon="22.59714919142425">
        <ele>507.20000000000005</ele>
        <time>2025-05-08T06:49:13</time>
      </trkpt>
      <trkpt lat="46.484638564288616" lon="22.59717894718051">
        <ele>507.6</ele>
        <time>2025-05-08T06:49:16</time>
      </trkpt>
      <trkpt lat="46.48472372442484" lon="22.597225718200207">
        <ele>508.20000000000005</ele>
        <time>2025-05-08T06:49:21</time>
      </trkpt>
      <trkpt lat="46.48473026230931" lon="22.597243739292026">
        <ele>508.4</ele>
        <time>2025-05-08T06:49:22</time>
      </trkpt>
      <trkpt lat="46.48479857482016" lon="22.597322780638933">
        <ele>509.20000000000005</ele>
        <time>2025-05-08T06:49:28</time>
      </trkpt>
      <trkpt lat="46.48481416516006" lon="22.597329318523407">
        <ele>509.4</ele>
        <time>2025-05-08T06:49:29</time>
      </trkpt>
      <trkpt lat="46.484873006120324" lon="22.59737391024828">
        <ele>510.20000000000005</ele>
        <time>2025-05-08T06:49:34</time>
      </trkpt>
      <trkpt lat="46.48489471524954" lon="22.59739779867232">
        <ele>510.6</ele>
        <time>2025-05-08T06:49:36</time>
      </trkpt>
      <trkpt lat="46.484911646693945" lon="22.59740374982357">
        <ele>511.4</ele>
        <time>2025-05-08T06:49:40</time>
      </trkpt>
      <trkpt lat="46.484930673614144" lon="22.597405007109046">
        <ele>511.79999999999995</ele>
        <time>2025-05-08T06:49:43</time>
      </trkpt>
      <trkpt lat="46.48498272523284" lon="22.59739293716848">
        <ele>512.0</ele>
        <time>2025-05-08T06:49:55</time>
      </trkpt>
      <trkpt lat="46.48499982431531" lon="22.59737298823893">
        <ele>512.2</ele>
        <time>2025-05-08T06:50:04</time>
      </trkpt>
      <trkpt lat="46.48499940522015" lon="22.59736862964928">
        <ele>512.2</ele>
        <time>2025-05-08T06:50:06</time>
      </trkpt>
      <trkpt lat="46.485013319179416" lon="22.59737743064761">
        <ele>512.0</ele>
        <time>2025-05-08T06:50:16</time>
      </trkpt>
      <trkpt lat="46.4849952980876" lon="22.597413891926408">
        <ele>512.0</ele>
        <time>2025-05-08T06:50:29</time>
      </trkpt>
      <trkpt lat="46.48504617623985" lon="22.597479103133082">
        <ele>512.2</ele>
        <time>2025-05-08T06:50:38</time>
      </trkpt>
      <trkpt lat="46.485140305012465" lon="22.59755085222423">
        <ele>512.2</ele>
        <time>2025-05-08T06:50:44</time>
      </trkpt>
      <trkpt lat="46.48520836606622" lon="22.597593599930406">
        <ele>512.8</ele>
        <time>2025-05-08T06:50:49</time>
      </trkpt>
      <trkpt lat="46.48522085510194" lon="22.597607094794512">
        <ele>513.2</ele>
        <time>2025-05-08T06:50:50</time>
      </trkpt>
      <trkpt lat="46.48527776822448" lon="22.597645316272974">
        <ele>514.0</ele>
        <time>2025-05-08T06:50:54</time>
      </trkpt>
      <trkpt lat="46.48531255312264" lon="22.59767289273441">
        <ele>514.4</ele>
        <time>2025-05-08T06:50:56</time>
      </trkpt>
      <trkpt lat="46.48538924753666" lon="22.597736259922385">
        <ele>515.2</ele>
        <time>2025-05-08T06:51:01</time>
      </trkpt>
      <trkpt lat="46.485416572541" lon="22.59776182472706">
        <ele>515.4</ele>
        <time>2025-05-08T06:51:03</time>
      </trkpt>
      <trkpt lat="46.48547231219709" lon="22.59782393462956">
        <ele>516.2</ele>
        <time>2025-05-08T06:51:07</time>
      </trkpt>
      <trkpt lat="46.48551925085485" lon="22.597863161936402">
        <ele>516.6</ele>
        <time>2025-05-08T06:51:10</time>
      </trkpt>
      <trkpt lat="46.48563324473798" lon="22.597909765318036">
        <ele>517.2</ele>
        <time>2025-05-08T06:51:16</time>
      </trkpt>
      <trkpt lat="46.48577464744449" lon="22.597925774753094">
        <ele>518.0</ele>
        <time>2025-05-08T06:51:23</time>
      </trkpt>
      <trkpt lat="46.485794177278876" lon="22.597923846915364">
        <ele>518.0</ele>
        <time>2025-05-08T06:51:24</time>
      </trkpt>
      <trkpt lat="46.48593700490892" lon="22.597921499982476">
        <ele>519.0</ele>
        <time>2025-05-08T06:51:31</time>
      </trkpt>
      <trkpt lat="46.48595837876201" lon="22.597923427820206">
        <ele>519.2</ele>
        <time>2025-05-08T06:51:32</time>
      </trkpt>
      <trkpt lat="46.4860762283206" lon="22.597932731732726">
        <ele>520.0</ele>
        <time>2025-05-08T06:51:38</time>
      </trkpt>
      <trkpt lat="46.48613356053829" lon="22.597944466397166">
        <ele>520.2</ele>
        <time>2025-05-08T06:51:41</time>
      </trkpt>
      <trkpt lat="46.48621302098036" lon="22.597943376749754">
        <ele>520.6</ele>
        <time>2025-05-08T06:51:45</time>
      </trkpt>
      <trkpt lat="46.48631419055164" lon="22.597941448912024">
        <ele>521.0</ele>
        <time>2025-05-08T06:51:50</time>
      </trkpt>
      <trkpt lat="46.48633288219571" lon="22.597941951826215">
        <ele>521.2</ele>
        <time>2025-05-08T06:51:51</time>
      </trkpt>
      <trkpt lat="46.48643044754863" lon="22.59794262237847">
        <ele>522.0</ele>
        <time>2025-05-08T06:51:56</time>
      </trkpt>
      <trkpt lat="46.4864544197917" lon="22.597948238253593">
        <ele>522.2</ele>
        <time>2025-05-08T06:51:57</time>
      </trkpt>
      <trkpt lat="46.48657386191189" lon="22.597961900755763">
        <ele>522.8</ele>
        <time>2025-05-08T06:52:02</time>
      </trkpt>
      <trkpt lat="46.48663194850087" lon="22.597974305972457">
        <ele>523.0</ele>
        <time>2025-05-08T06:52:05</time>
      </trkpt>
      <trkpt lat="46.48671048693359" lon="22.597989896312356">
        <ele>523.6</ele>
        <time>2025-05-08T06:52:09</time>
      </trkpt>
      <trkpt lat="46.48678625933826" lon="22.598002552986145">
        <ele>524.2</ele>
        <time>2025-05-08T06:52:13</time>
      </trkpt>
      <trkpt lat="46.4868582598865" lon="22.598008336499333">
        <ele>524.5999999999999</ele>
        <time>2025-05-08T06:52:17</time>
      </trkpt>
      <trkpt lat="46.4869137480855" lon="22.598028453066945">
        <ele>525.2</ele>
        <time>2025-05-08T06:52:20</time>
      </trkpt>
      <trkpt lat="46.48697543889284" lon="22.598035242408514">
        <ele>525.5999999999999</ele>
        <time>2025-05-08T06:52:23</time>
      </trkpt>
      <trkpt lat="46.487036207690835" lon="22.5980877969414">
        <ele>526.2</ele>
        <time>2025-05-08T06:52:27</time>
      </trkpt>
      <trkpt lat="46.48704618215561" lon="22.598114954307675">
        <ele>526.4000000000001</ele>
        <time>2025-05-08T06:52:28</time>
      </trkpt>
      <trkpt lat="46.487047439441085" lon="22.598248897120357">
        <ele>527.0</ele>
        <time>2025-05-08T06:52:33</time>
      </trkpt>
      <trkpt lat="46.48701248690486" lon="22.59835844859481">
        <ele>527.4000000000001</ele>
        <time>2025-05-08T06:52:37</time>
      </trkpt>
      <trkpt lat="46.48697451688349" lon="22.59839616715908">
        <ele>527.4000000000001</ele>
        <time>2025-05-08T06:52:39</time>
      </trkpt>
      <trkpt lat="46.4868669770658" lon="22.598423324525356">
        <ele>527.8</ele>
        <time>2025-05-08T06:52:44</time>
      </trkpt>
      <trkpt lat="46.48674133233726" lon="22.59841226041317">
        <ele>528.0</ele>
        <time>2025-05-08T06:52:49</time>
      </trkpt>
      <trkpt lat="46.48662784136832" lon="22.5983726978302">
        <ele>528.2</ele>
        <time>2025-05-08T06:52:54</time>
      </trkpt>
      <trkpt lat="46.486604707315564" lon="22.5983605440706">
        <ele>528.2</ele>
        <time>2025-05-08T06:52:55</time>
      </trkpt>
      <trkpt lat="46.48649423383176" lon="22.598322657868266">
        <ele>528.8</ele>
        <time>2025-05-08T06:53:00</time>
      </trkpt>
      <trkpt lat="46.486402954906225" lon="22.5983105879277">
        <ele>529.4000000000001</ele>
        <time>2025-05-08T06:53:04</time>
      </trkpt>
      <trkpt lat="46.48636129684746" lon="22.598300613462925">
        <ele>529.5999999999999</ele>
        <time>2025-05-08T06:53:06</time>
      </trkpt>
      <trkpt lat="46.48627764545381" lon="22.598295584321022">
        <ele>530.4000000000001</ele>
        <time>2025-05-08T06:53:11</time>
      </trkpt>
      <trkpt lat="46.48626398295164" lon="22.598301032558084">
        <ele>530.4000000000001</ele>
        <time>2025-05-08T06:53:12</time>
      </trkpt>
      <trkpt lat="46.48623615503311" lon="22.598312934860587">
        <ele>530.5999999999999</ele>
        <time>2025-05-08T06:53:14</time>
      </trkpt>
      <trkpt lat="46.48617597296834" lon="22.598336823284626">
        <ele>531.2</ele>
        <time>2025-05-08T06:53:18</time>
      </trkpt>
      <trkpt lat="46.48613892495632" lon="22.598347133025527">
        <ele>531.4000000000001</ele>
        <time>2025-05-08T06:53:20</time>
      </trkpt>
      <trkpt lat="46.48607589304447" lon="22.59837370365858">
        <ele>531.8</ele>
        <time>2025-05-08T06:53:24</time>
      </trkpt>
      <trkpt lat="46.486005233600736" lon="22.598386192694306">
        <ele>532.2</ele>
        <time>2025-05-08T06:53:28</time>
      </trkpt>
      <trkpt lat="46.485928455367684" lon="22.59839524514973">
        <ele>532.5999999999999</ele>
        <time>2025-05-08T06:53:32</time>
      </trkpt>
      <trkpt lat="46.485868440940976" lon="22.598401280120015">
        <ele>533.4000000000001</ele>
        <time>2025-05-08T06:53:36</time>
      </trkpt>
      <trkpt lat="46.48584723472595" lon="22.598396250978112">
        <ele>533.4000000000001</ele>
        <time>2025-05-08T06:53:37</time>
      </trkpt>
      <trkpt lat="46.48577129468322" lon="22.59838535450399">
        <ele>534.4000000000001</ele>
        <time>2025-05-08T06:53:41</time>
      </trkpt>
      <trkpt lat="46.485731564462185" lon="22.598381163552403">
        <ele>534.5999999999999</ele>
        <time>2025-05-08T06:53:43</time>
      </trkpt>
      <trkpt lat="46.48560483008623" lon="22.598366159945726">
        <ele>535.5999999999999</ele>
        <time>2025-05-08T06:53:48</time>
      </trkpt>
      <trkpt lat="46.48558094166219" lon="22.598354844376445">
        <ele>535.8</ele>
        <time>2025-05-08T06:53:49</time>
      </trkpt>
      <trkpt lat="46.485395366325974" lon="22.59830723516643">
        <ele>536.8</ele>
        <time>2025-05-08T06:53:56</time>
      </trkpt>
      <trkpt lat="46.485280031338334" lon="22.59823489934206">
        <ele>537.4000000000001</ele>
        <time>2025-05-08T06:54:02</time>
      </trkpt>
      <trkpt lat="46.4852162450552" lon="22.598203886300325">
        <ele>537.8</ele>
        <time>2025-05-08T06:54:05</time>
      </trkpt>
      <trkpt lat="46.48515807464719" lon="22.598171113058925">
        <ele>538.4000000000001</ele>
        <time>2025-05-08T06:54:08</time>
      </trkpt>
      <trkpt lat="46.48504475131631" lon="22.59809668175876">
        <ele>538.8</ele>
        <time>2025-05-08T06:54:14</time>
      </trkpt>
      <trkpt lat="46.485025556758046" lon="22.59808385744691">
        <ele>539.0</ele>
        <time>2025-05-08T06:54:15</time>
      </trkpt>
      <trkpt lat="46.4849313441664" lon="22.598045133054256">
        <ele>539.4000000000001</ele>
        <time>2025-05-08T06:54:19</time>
      </trkpt>
      <trkpt lat="46.48483327589929" lon="22.597981682047248">
        <ele>540.2</ele>
        <time>2025-05-08T06:54:24</time>
      </trkpt>
      <trkpt lat="46.48479329422116" lon="22.597960475832224">
        <ele>540.4000000000001</ele>
        <time>2025-05-08T06:54:26</time>
      </trkpt>
      <trkpt lat="46.48463370278478" lon="22.597924517467618">
        <ele>541.2</ele>
        <time>2025-05-08T06:54:33</time>
      </trkpt>
      <trkpt lat="46.484518786892295" lon="22.597894091159105">
        <ele>542.0</ele>
        <time>2025-05-08T06:54:39</time>
      </trkpt>
      <trkpt lat="46.48445072583854" lon="22.597877830266953">
        <ele>542.4000000000001</ele>
        <time>2025-05-08T06:54:42</time>
      </trkpt>
      <trkpt lat="46.48439054377377" lon="22.59786299429834">
        <ele>542.5999999999999</ele>
        <time>2025-05-08T06:54:45</time>
      </trkpt>
      <trkpt lat="46.48424847051501" lon="22.597808428108692">
        <ele>543.4000000000001</ele>
        <time>2025-05-08T06:54:53</time>
      </trkpt>
      <trkpt lat="46.484226593747735" lon="22.59780247695744">
        <ele>543.5999999999999</ele>
        <time>2025-05-08T06:54:54</time>
      </trkpt>
      <trkpt lat="46.48412852548063" lon="22.597780097275972">
        <ele>544.0</ele>
        <time>2025-05-08T06:54:59</time>
      </trkpt>
      <trkpt lat="46.48399441502988" lon="22.59773315861821">
        <ele>544.5999999999999</ele>
        <time>2025-05-08T06:55:06</time>
      </trkpt>
      <trkpt lat="46.48387396708131" lon="22.597667947411537">
        <ele>545.5999999999999</ele>
        <time>2025-05-08T06:55:13</time>
      </trkpt>
      <trkpt lat="46.48385586217046" lon="22.597663505002856">
        <ele>545.8</ele>
        <time>2025-05-08T06:55:14</time>
      </trkpt>
      <trkpt lat="46.48375905118883" lon="22.597651770338416">
        <ele>546.5999999999999</ele>
        <time>2025-05-08T06:55:19</time>
      </trkpt>
      <trkpt lat="46.483698366209865" lon="22.59762796573341">
        <ele>547.0</ele>
        <time>2025-05-08T06:55:22</time>
      </trkpt>
      <trkpt lat="46.4836117811501" lon="22.597609106451273">
        <ele>547.5999999999999</ele>
        <time>2025-05-08T06:55:26</time>
      </trkpt>
      <trkpt lat="46.48353802040219" lon="22.59759091772139">
        <ele>548.2</ele>
        <time>2025-05-08T06:55:30</time>
      </trkpt>
      <trkpt lat="46.4834754075855" lon="22.59756392799318">
        <ele>548.4000000000001</ele>
        <time>2025-05-08T06:55:33</time>
      </trkpt>
      <trkpt lat="46.48338790051639" lon="22.59754842147231">
        <ele>549.2</ele>
        <time>2025-05-08T06:55:37</time>
      </trkpt>
      <trkpt lat="46.48330860771239" lon="22.597521180287004">
        <ele>549.5999999999999</ele>
        <time>2025-05-08T06:55:41</time>
      </trkpt>
      <trkpt lat="46.483190171420574" lon="22.59745605289936">
        <ele>550.2</ele>
        <time>2025-05-08T06:55:47</time>
      </trkpt>
      <trkpt lat="46.483167205005884" lon="22.597442222759128">
        <ele>550.4000000000001</ele>
        <time>2025-05-08T06:55:48</time>
      </trkpt>
      <trkpt lat="46.48306737653911" lon="22.597387488931417">
        <ele>550.8</ele>
        <time>2025-05-08T06:55:53</time>
      </trkpt>
      <trkpt lat="46.482968805357814" lon="22.59733577258885">
        <ele>551.4000000000001</ele>
        <time>2025-05-08T06:55:58</time>
      </trkpt>
      <trkpt lat="46.48292840458453" lon="22.597314985468984">
        <ele>551.8</ele>
        <time>2025-05-08T06:56:00</time>
      </trkpt>
      <trkpt lat="46.48284777067602" lon="22.597282379865646">
        <ele>552.4000000000001</ele>
        <time>2025-05-08T06:56:04</time>
      </trkpt>
      <trkpt lat="46.48280938155949" lon="22.597257820889354">
        <ele>552.8</ele>
        <time>2025-05-08T06:56:06</time>
      </trkpt>
      <trkpt lat="46.48272438906133" lon="22.597238207235932">
        <ele>553.4000000000001</ele>
        <time>2025-05-08T06:56:11</time>
      </trkpt>
      <trkpt lat="46.48270444013178" lon="22.59722789749503">
        <ele>553.5999999999999</ele>
        <time>2025-05-08T06:56:12</time>
      </trkpt>
      <trkpt lat="46.48259329609573" lon="22.5971604231745">
        <ele>554.0</ele>
        <time>2025-05-08T06:56:18</time>
      </trkpt>
      <trkpt lat="46.48251945152879" lon="22.59712178260088">
        <ele>554.5999999999999</ele>
        <time>2025-05-08T06:56:22</time>
      </trkpt>
      <trkpt lat="46.48248634301126" lon="22.597095211967826">
        <ele>554.8</ele>
        <time>2025-05-08T06:56:24</time>
      </trkpt>
      <trkpt lat="46.48242121562362" lon="22.59703243151307">
        <ele>555.5999999999999</ele>
        <time>2025-05-08T06:56:29</time>
      </trkpt>
      <trkpt lat="46.48240461945534" lon="22.59701667353511">
        <ele>555.8</ele>
        <time>2025-05-08T06:56:30</time>
      </trkpt>
      <trkpt lat="46.482339492067695" lon="22.596954060718417">
        <ele>556.5999999999999</ele>
        <time>2025-05-08T06:56:34</time>
      </trkpt>
      <trkpt lat="46.48229389451444" lon="22.59693520143628">
        <ele>557.0</ele>
        <time>2025-05-08T06:56:36</time>
      </trkpt>
      <trkpt lat="46.48218811489642" lon="22.596869571134448">
        <ele>557.8</ele>
        <time>2025-05-08T06:56:41</time>
      </trkpt>
      <trkpt lat="46.48216531611979" lon="22.59685398079455">
        <ele>557.8</ele>
        <time>2025-05-08T06:56:42</time>
      </trkpt>
      <trkpt lat="46.48204109631479" lon="22.596747279167175">
        <ele>558.8</ele>
        <time>2025-05-08T06:56:49</time>
      </trkpt>
      <trkpt lat="46.482022907584906" lon="22.596729760989547">
        <ele>559.0</ele>
        <time>2025-05-08T06:56:50</time>
      </trkpt>
      <trkpt lat="46.48195954039693" lon="22.596652815118432">
        <ele>559.5999999999999</ele>
        <time>2025-05-08T06:56:56</time>
      </trkpt>
      <trkpt lat="46.48194604553282" lon="22.59665767662227">
        <ele>560.2</ele>
        <time>2025-05-08T06:57:00</time>
      </trkpt>
      <trkpt lat="46.481940345838666" lon="22.596657844260335">
        <ele>560.8</ele>
        <time>2025-05-08T06:57:07</time>
      </trkpt>
      <trkpt lat="46.48192106746137" lon="22.596646193414927">
        <ele>560.8</ele>
        <time>2025-05-08T06:57:13</time>
      </trkpt>
      <trkpt lat="46.48188695311546" lon="22.59661903604865">
        <ele>560.8</ele>
        <time>2025-05-08T06:57:15</time>
      </trkpt>
      <trkpt lat="46.48175275884569" lon="22.596553405746818">
        <ele>560.8</ele>
        <time>2025-05-08T06:57:21</time>
      </trkpt>
      <trkpt lat="46.48164773359895" lon="22.596629094332457">
        <ele>560.8</ele>
        <time>2025-05-08T06:57:26</time>
      </trkpt>
      <trkpt lat="46.48153734393418" lon="22.596888849511743">
        <ele>561.4000000000001</ele>
        <time>2025-05-08T06:57:33</time>
      </trkpt>
      <trkpt lat="46.481472635641694" lon="22.597136786207557">
        <ele>561.5999999999999</ele>
        <time>2025-05-08T06:57:39</time>
      </trkpt>
      <trkpt lat="46.48146106861532" lon="22.597177857533097">
        <ele>561.8</ele>
        <time>2025-05-08T06:57:40</time>
      </trkpt>
      <trkpt lat="46.48142997175455" lon="22.597344741225243">
        <ele>562.0</ele>
        <time>2025-05-08T06:57:44</time>
      </trkpt>
      <trkpt lat="46.48138529621065" lon="22.59747943840921">
        <ele>562.2</ele>
        <time>2025-05-08T06:57:49</time>
      </trkpt>
      <trkpt lat="46.48137113079429" lon="22.597665013745427">
        <ele>562.8</ele>
        <time>2025-05-08T06:57:55</time>
      </trkpt>
      <trkpt lat="46.48137163370848" lon="22.5976992957294">
        <ele>563.0</ele>
        <time>2025-05-08T06:57:56</time>
      </trkpt>
      <trkpt lat="46.48136844858527" lon="22.5978840328753">
        <ele>563.5999999999999</ele>
        <time>2025-05-08T06:58:02</time>
      </trkpt>
      <trkpt lat="46.48136341944337" lon="22.597999954596162">
        <ele>564.2</ele>
        <time>2025-05-08T06:58:06</time>
      </trkpt>
      <trkpt lat="46.481378423050046" lon="22.598104141652584">
        <ele>564.4000000000001</ele>
        <time>2025-05-08T06:58:09</time>
      </trkpt>
      <trkpt lat="46.48136149160564" lon="22.59828862734139">
        <ele>565.0</ele>
        <time>2025-05-08T06:58:15</time>
      </trkpt>
      <trkpt lat="46.48135906085372" lon="22.598320143297315">
        <ele>565.2</ele>
        <time>2025-05-08T06:58:16</time>
      </trkpt>
      <trkpt lat="46.48137020878494" lon="22.598410667851567">
        <ele>565.5999999999999</ele>
        <time>2025-05-08T06:58:19</time>
      </trkpt>
      <trkpt lat="46.48137079551816" lon="22.598435478284955">
        <ele>565.5999999999999</ele>
        <time>2025-05-08T06:58:20</time>
      </trkpt>
      <trkpt lat="46.48136090487242" lon="22.598520973697305">
        <ele>566.2</ele>
        <time>2025-05-08T06:58:23</time>
      </trkpt>
      <trkpt lat="46.48135520517826" lon="22.598545784130692">
        <ele>566.2</ele>
        <time>2025-05-08T06:58:24</time>
      </trkpt>
      <trkpt lat="46.481338860467076" lon="22.598618119955063">
        <ele>566.8</ele>
        <time>2025-05-08T06:58:27</time>
      </trkpt>
      <trkpt lat="46.48133265785873" lon="22.598692132160068">
        <ele>566.8</ele>
        <time>2025-05-08T06:58:30</time>
      </trkpt>
      <trkpt lat="46.48133953101933" lon="22.59879430755973">
        <ele>567.2</ele>
        <time>2025-05-08T06:58:33</time>
      </trkpt>
      <trkpt lat="46.48133852519095" lon="22.598823560401797">
        <ele>567.4000000000001</ele>
        <time>2025-05-08T06:58:34</time>
      </trkpt>
      <trkpt lat="46.48133458569646" lon="22.59887837804854">
        <ele>567.5999999999999</ele>
        <time>2025-05-08T06:58:36</time>
      </trkpt>
      <trkpt lat="46.48133307695389" lon="22.59894736111164">
        <ele>567.5999999999999</ele>
        <time>2025-05-08T06:58:38</time>
      </trkpt>
      <trkpt lat="46.48132863454521" lon="22.598974937573075">
        <ele>567.8</ele>
        <time>2025-05-08T06:58:39</time>
      </trkpt>
      <trkpt lat="46.48136635310948" lon="22.599212732166052">
        <ele>568.4000000000001</ele>
        <time>2025-05-08T06:58:44</time>
      </trkpt>
      <trkpt lat="46.481375489383936" lon="22.599256234243512">
        <ele>568.4000000000001</ele>
        <time>2025-05-08T06:58:45</time>
      </trkpt>
      <trkpt lat="46.48137959651649" lon="22.599504506215453">
        <ele>569.4000000000001</ele>
        <time>2025-05-08T06:58:52</time>
      </trkpt>
      <trkpt lat="46.4813740644604" lon="22.59953761473298">
        <ele>569.5999999999999</ele>
        <time>2025-05-08T06:58:53</time>
      </trkpt>
      <trkpt lat="46.48135679773986" lon="22.599705504253507">
        <ele>570.5999999999999</ele>
        <time>2025-05-08T06:58:58</time>
      </trkpt>
      <trkpt lat="46.48135034367442" lon="22.599735595285892">
        <ele>570.5999999999999</ele>
        <time>2025-05-08T06:58:59</time>
      </trkpt>
      <trkpt lat="46.481388648971915" lon="22.599852941930294">
        <ele>571.2</ele>
        <time>2025-05-08T06:59:03</time>
      </trkpt>
      <trkpt lat="46.48146467283368" lon="22.599963163957">
        <ele>571.8</ele>
        <time>2025-05-08T06:59:07</time>
      </trkpt>
      <trkpt lat="46.48148889653385" lon="22.600019657984376">
        <ele>572.2</ele>
        <time>2025-05-08T06:59:09</time>
      </trkpt>
      <trkpt lat="46.48157305084169" lon="22.60014396160841">
        <ele>572.8</ele>
        <time>2025-05-08T06:59:14</time>
      </trkpt>
      <trkpt lat="46.48158579133451" lon="22.600165167823434">
        <ele>573.0</ele>
        <time>2025-05-08T06:59:15</time>
      </trkpt>
      <trkpt lat="46.4816415309906" lon="22.60025099851191">
        <ele>574.0</ele>
        <time>2025-05-08T06:59:19</time>
      </trkpt>
      <trkpt lat="46.48167480714619" lon="22.600311348214746">
        <ele>574.2</ele>
        <time>2025-05-08T06:59:22</time>
      </trkpt>
      <trkpt lat="46.481738425791264" lon="22.600427186116576">
        <ele>574.5999999999999</ele>
        <time>2025-05-08T06:59:28</time>
      </trkpt>
      <trkpt lat="46.48179332725704" lon="22.600487284362316">
        <ele>575.0</ele>
        <time>2025-05-08T06:59:31</time>
      </trkpt>
      <trkpt lat="46.48183439858258" lon="22.600531289353967">
        <ele>575.5999999999999</ele>
        <time>2025-05-08T06:59:34</time>
      </trkpt>
      <trkpt lat="46.48193892091513" lon="22.600616700947285">
        <ele>576.0</ele>
        <time>2025-05-08T06:59:40</time>
      </trkpt>
      <trkpt lat="46.48195702582598" lon="22.60063849389553">
        <ele>576.2</ele>
        <time>2025-05-08T06:59:41</time>
      </trkpt>
      <trkpt lat="46.48210974410176" lon="22.60077914223075">
        <ele>576.5999999999999</ele>
        <time>2025-05-08T06:59:48</time>
      </trkpt>
      <trkpt lat="46.48225910961628" lon="22.600911492481828">
        <ele>577.0</ele>
        <time>2025-05-08T06:59:54</time>
      </trkpt>
      <trkpt lat="46.4823358040303" lon="22.60098827071488">
        <ele>577.2</ele>
        <time>2025-05-08T06:59:57</time>
      </trkpt>
      <trkpt lat="46.48248357698321" lon="22.601154651492834">
        <ele>578.0</ele>
        <time>2025-05-08T07:00:04</time>
      </trkpt>
      <trkpt lat="46.48250402882695" lon="22.60118038393557">
        <ele>578.2</ele>
        <time>2025-05-08T07:00:05</time>
      </trkpt>
      <trkpt lat="46.48258399218321" lon="22.60129169560969">
        <ele>578.8</ele>
        <time>2025-05-08T07:00:10</time>
      </trkpt>
      <trkpt lat="46.48261525668204" lon="22.601354392245412">
        <ele>579.2</ele>
        <time>2025-05-08T07:00:13</time>
      </trkpt>
      <trkpt lat="46.482667895033956" lon="22.601468469947577">
        <ele>579.8</ele>
        <time>2025-05-08T07:00:18</time>
      </trkpt>
      <trkpt lat="46.4826915320009" lon="22.601508619263768">
        <ele>580.2</ele>
        <time>2025-05-08T07:00:20</time>
      </trkpt>
      <trkpt lat="46.48276302963495" lon="22.601619847118855">
        <ele>580.8</ele>
        <time>2025-05-08T07:00:25</time>
      </trkpt>
      <trkpt lat="46.482833940535784" lon="22.601685477420688">
        <ele>581.4000000000001</ele>
        <time>2025-05-08T07:00:29</time>
      </trkpt>
      <trkpt lat="46.482870653271675" lon="22.601702157408">
        <ele>581.8</ele>
        <time>2025-05-08T07:00:31</time>
      </trkpt>
      <trkpt lat="46.48297190666199" lon="22.601730152964592">
        <ele>582.2</ele>
        <time>2025-05-08T07:00:36</time>
      </trkpt>
      <trkpt lat="46.482990849763155" lon="22.601736187934875">
        <ele>582.5999999999999</ele>
        <time>2025-05-08T07:00:37</time>
      </trkpt>
      <trkpt lat="46.48311146534979" lon="22.60174331255257">
        <ele>583.2</ele>
        <time>2025-05-08T07:00:43</time>
      </trkpt>
      <trkpt lat="46.4831733237952" lon="22.601760160177946">
        <ele>583.5999999999999</ele>
        <time>2025-05-08T07:00:46</time>
      </trkpt>
      <trkpt lat="46.483249347656965" lon="22.601766362786293">
        <ele>583.8</ele>
        <time>2025-05-08T07:00:49</time>
      </trkpt>
      <trkpt lat="46.48333526216447" lon="22.601767871528864">
        <ele>584.5999999999999</ele>
        <time>2025-05-08T07:00:53</time>
      </trkpt>
      <trkpt lat="46.48344196379185" lon="22.6018023211509">
        <ele>585.4000000000001</ele>
        <time>2025-05-08T07:00:58</time>
      </trkpt>
      <trkpt lat="46.48353240452707" lon="22.601811038330197">
        <ele>585.8</ele>
        <time>2025-05-08T07:01:02</time>
      </trkpt>
      <trkpt lat="46.483594346791506" lon="22.601824197918177">
        <ele>586.0</ele>
        <time>2025-05-08T07:01:05</time>
      </trkpt>
      <trkpt lat="46.483725272119045" lon="22.601849511265755">
        <ele>586.5999999999999</ele>
        <time>2025-05-08T07:01:11</time>
      </trkpt>
      <trkpt lat="46.48374689742923" lon="22.60186007246375">
        <ele>586.8</ele>
        <time>2025-05-08T07:01:12</time>
      </trkpt>
      <trkpt lat="46.483897771686316" lon="22.601934671401978">
        <ele>587.5999999999999</ele>
        <time>2025-05-08T07:01:19</time>
      </trkpt>
      <trkpt lat="46.48395133204758" lon="22.601975575089455">
        <ele>587.8</ele>
        <time>2025-05-08T07:01:22</time>
      </trkpt>
      <trkpt lat="46.48402450606227" lon="22.60201203636825">
        <ele>588.2</ele>
        <time>2025-05-08T07:01:25</time>
      </trkpt>
      <trkpt lat="46.48416389711201" lon="22.60207456536591">
        <ele>588.8</ele>
        <time>2025-05-08T07:01:31</time>
      </trkpt>
      <trkpt lat="46.484293481335044" lon="22.602156791836023">
        <ele>589.8</ele>
        <time>2025-05-08T07:01:37</time>
      </trkpt>
      <trkpt lat="46.48433924652636" lon="22.602190738543868">
        <ele>590.0</ele>
        <time>2025-05-08T07:01:39</time>
      </trkpt>
      <trkpt lat="46.48447050713003" lon="22.602279419079423">
        <ele>590.4000000000001</ele>
        <time>2025-05-08T07:01:45</time>
      </trkpt>
      <trkpt lat="46.48457276634872" lon="22.602368937805295">
        <ele>591.0</ele>
        <time>2025-05-08T07:01:50</time>
      </trkpt>
      <trkpt lat="46.48459774442017" lon="22.60238578543067">
        <ele>591.2</ele>
        <time>2025-05-08T07:01:51</time>
      </trkpt>
      <trkpt lat="46.484745517373085" lon="22.602475052699447">
        <ele>592.0</ele>
        <time>2025-05-08T07:01:57</time>
      </trkpt>
      <trkpt lat="46.48476043716073" lon="22.60250405408442">
        <ele>592.0</ele>
        <time>2025-05-08T07:01:58</time>
      </trkpt>
      <trkpt lat="46.48488256148994" lon="22.60262383148074">
        <ele>592.8</ele>
        <time>2025-05-08T07:02:04</time>
      </trkpt>
      <trkpt lat="46.4849070366472" lon="22.602667082101107">
        <ele>593.2</ele>
        <time>2025-05-08T07:02:06</time>
      </trkpt>
      <trkpt lat="46.48496847599745" lon="22.602726509794593">
        <ele>593.8</ele>
        <time>2025-05-08T07:02:09</time>
      </trkpt>
      <trkpt lat="46.48504106327891" lon="22.6027952414006">
        <ele>594.2</ele>
        <time>2025-05-08T07:02:13</time>
      </trkpt>
      <trkpt lat="46.48511113598943" lon="22.602857016026974">
        <ele>594.5999999999999</ele>
        <time>2025-05-08T07:02:17</time>
      </trkpt>
      <trkpt lat="46.48524088785052" lon="22.602915102615952">
        <ele>595.2</ele>
        <time>2025-05-08T07:02:23</time>
      </trkpt>
      <trkpt lat="46.485377848148346" lon="22.602972937747836">
        <ele>595.8</ele>
        <time>2025-05-08T07:02:29</time>
      </trkpt>
      <trkpt lat="46.48544498719275" lon="22.603007135912776">
        <ele>596.4000000000001</ele>
        <time>2025-05-08T07:02:32</time>
      </trkpt>
      <trkpt lat="46.48549661971629" lon="22.603053906932473">
        <ele>596.5999999999999</ele>
        <time>2025-05-08T07:02:35</time>
      </trkpt>
      <trkpt lat="46.485555209219456" lon="22.603155998513103">
        <ele>597.4000000000001</ele>
        <time>2025-05-08T07:02:40</time>
      </trkpt>
      <trkpt lat="46.48557431995869" lon="22.603208804503083">
        <ele>597.5999999999999</ele>
        <time>2025-05-08T07:02:42</time>
      </trkpt>
      <trkpt lat="46.48562083952129" lon="22.603413658216596">
        <ele>598.0</ele>
        <time>2025-05-08T07:02:48</time>
      </trkpt>
      <trkpt lat="46.485630478709936" lon="22.60344559326768">
        <ele>598.2</ele>
        <time>2025-05-08T07:02:49</time>
      </trkpt>
      <trkpt lat="46.485639195889235" lon="22.60347342118621">
        <ele>598.2</ele>
        <time>2025-05-08T07:02:50</time>
      </trkpt>
      <trkpt lat="46.4856512658298" lon="22.603559335693717">
        <ele>598.5999999999999</ele>
        <time>2025-05-08T07:02:53</time>
      </trkpt>
      <trkpt lat="46.48564573377371" lon="22.603684309870005">
        <ele>599.0</ele>
        <time>2025-05-08T07:02:57</time>
      </trkpt>
      <trkpt lat="46.4856443926692" lon="22.60371934622526">
        <ele>599.2</ele>
        <time>2025-05-08T07:02:58</time>
      </trkpt>
      <trkpt lat="46.48564204573631" lon="22.60374801233411">
        <ele>599.4000000000001</ele>
        <time>2025-05-08T07:02:59</time>
      </trkpt>
      <trkpt lat="46.48562201298773" lon="22.603874830529094">
        <ele>600.0</ele>
        <time>2025-05-08T07:03:04</time>
      </trkpt>
      <trkpt lat="46.48563056252897" lon="22.603949513286352">
        <ele>600.4000000000001</ele>
        <time>2025-05-08T07:03:07</time>
      </trkpt>
      <trkpt lat="46.48567968048155" lon="22.604056717827916">
        <ele>601.0</ele>
        <time>2025-05-08T07:03:11</time>
      </trkpt>
      <trkpt lat="46.48577464744449" lon="22.60412771254778">
        <ele>601.5999999999999</ele>
        <time>2025-05-08T07:03:15</time>
      </trkpt>
      <trkpt lat="46.485794596374035" lon="22.604136848822236">
        <ele>601.5999999999999</ele>
        <time>2025-05-08T07:03:16</time>
      </trkpt>
      <trkpt lat="46.48592376150191" lon="22.604136178269982">
        <ele>602.4000000000001</ele>
        <time>2025-05-08T07:03:22</time>
      </trkpt>
      <trkpt lat="46.485944632440805" lon="22.60413215495646">
        <ele>602.5999999999999</ele>
        <time>2025-05-08T07:03:23</time>
      </trkpt>
      <trkpt lat="46.48610279895365" lon="22.60406761430204">
        <ele>603.5999999999999</ele>
        <time>2025-05-08T07:03:31</time>
      </trkpt>
      <trkpt lat="46.48612165823579" lon="22.604063004255295">
        <ele>603.8</ele>
        <time>2025-05-08T07:03:32</time>
      </trkpt>
      <trkpt lat="46.48624545894563" lon="22.60405294597149">
        <ele>604.5999999999999</ele>
        <time>2025-05-08T07:03:38</time>
      </trkpt>
      <trkpt lat="46.48629114031792" lon="22.604052359238267">
        <ele>604.8</ele>
        <time>2025-05-08T07:03:40</time>
      </trkpt>
      <trkpt lat="46.48637537844479" lon="22.604062166064978">
        <ele>605.5999999999999</ele>
        <time>2025-05-08T07:03:44</time>
      </trkpt>
      <trkpt lat="46.4864248316735" lon="22.60406761430204">
        <ele>606.0</ele>
        <time>2025-05-08T07:03:46</time>
      </trkpt>
      <trkpt lat="46.48648132570088" lon="22.604067530483007">
        <ele>606.2</ele>
        <time>2025-05-08T07:03:49</time>
      </trkpt>
      <trkpt lat="46.48659523576498" lon="22.604064345359802">
        <ele>607.0</ele>
        <time>2025-05-08T07:03:54</time>
      </trkpt>
      <trkpt lat="46.48663789965212" lon="22.604059567674994">
        <ele>607.4000000000001</ele>
        <time>2025-05-08T07:03:56</time>
      </trkpt>
      <trkpt lat="46.48678416386247" lon="22.604049257934093">
        <ele>608.0</ele>
        <time>2025-05-08T07:04:02</time>
      </trkpt>
      <trkpt lat="46.48684769868851" lon="22.60403400287032">
        <ele>608.2</ele>
        <time>2025-05-08T07:04:05</time>
      </trkpt>
      <trkpt lat="46.48692699149251" lon="22.604019083082676">
        <ele>608.4000000000001</ele>
        <time>2025-05-08T07:04:08</time>
      </trkpt>
      <trkpt lat="46.487104604020715" lon="22.604013299569488">
        <ele>608.8</ele>
        <time>2025-05-08T07:04:15</time>
      </trkpt>
      <trkpt lat="46.48724743165076" lon="22.603995027020574">
        <ele>609.2</ele>
        <time>2025-05-08T07:04:20</time>
      </trkpt>
      <trkpt lat="46.48729529231787" lon="22.603993685916066">
        <ele>609.8</ele>
        <time>2025-05-08T07:04:22</time>
      </trkpt>
      <trkpt lat="46.487387996166945" lon="22.6040022354573">
        <ele>610.4000000000001</ele>
        <time>2025-05-08T07:04:27</time>
      </trkpt>
      <trkpt lat="46.48740735836327" lon="22.60400508530438">
        <ele>610.4000000000001</ele>
        <time>2025-05-08T07:04:28</time>
      </trkpt>
      <trkpt lat="46.48752420209348" lon="22.604032158851624">
        <ele>611.2</ele>
        <time>2025-05-08T07:04:34</time>
      </trkpt>
      <trkpt lat="46.48756233975291" lon="22.604037523269653">
        <ele>611.5999999999999</ele>
        <time>2025-05-08T07:04:36</time>
      </trkpt>
      <trkpt lat="46.487641129642725" lon="22.60406920686364">
        <ele>612.2</ele>
        <time>2025-05-08T07:04:40</time>
      </trkpt>
      <trkpt lat="46.48771354928613" lon="22.604105584323406">
        <ele>612.5999999999999</ele>
        <time>2025-05-08T07:04:44</time>
      </trkpt>
      <trkpt lat="46.48773416876793" lon="22.60411891154945">
        <ele>612.8</ele>
        <time>2025-05-08T07:04:45</time>
      </trkpt>
      <trkpt lat="46.48782301694155" lon="22.604194097220898">
        <ele>613.5999999999999</ele>
        <time>2025-05-08T07:04:50</time>
      </trkpt>
      <trkpt lat="46.48786609992385" lon="22.60422896593809">
        <ele>614.0</ele>
        <time>2025-05-08T07:04:52</time>
      </trkpt>
      <trkpt lat="46.48801722563803" lon="22.60436726734042">
        <ele>614.8</ele>
        <time>2025-05-08T07:04:59</time>
      </trkpt>
      <trkpt lat="46.488096518442035" lon="22.604515124112368">
        <ele>615.8</ele>
        <time>2025-05-08T07:05:06</time>
      </trkpt>
      <trkpt lat="46.48809878155589" lon="22.604535659775138">
        <ele>615.8</ele>
        <time>2025-05-08T07:05:07</time>
      </trkpt>
      <trkpt lat="46.48807522840798" lon="22.604646971449256">
        <ele>616.5999999999999</ele>
        <time>2025-05-08T07:05:12</time>
      </trkpt>
      <trkpt lat="46.488067181780934" lon="22.604671446606517">
        <ele>616.8</ele>
        <time>2025-05-08T07:05:13</time>
      </trkpt>
      <trkpt lat="46.48805460892618" lon="22.604691395536065">
        <ele>617.2</ele>
        <time>2025-05-08T07:05:14</time>
      </trkpt>
      <trkpt lat="46.488008089363575" lon="22.604744536802173">
        <ele>617.8</ele>
        <time>2025-05-08T07:05:17</time>
      </trkpt>
      <trkpt lat="46.48795151151717" lon="22.604799857363105">
        <ele>618.8</ele>
        <time>2025-05-08T07:05:21</time>
      </trkpt>
      <trkpt lat="46.48794187232852" lon="22.60481234639883">
        <ele>619.0</ele>
        <time>2025-05-08T07:05:22</time>
      </trkpt>
      <trkpt lat="46.487928377464414" lon="22.604821985587478">
        <ele>619.2</ele>
        <time>2025-05-08T07:05:23</time>
      </trkpt>
      <trkpt lat="46.48788428865373" lon="22.60485392063856">
        <ele>620.0</ele>
        <time>2025-05-08T07:05:27</time>
      </trkpt>
      <trkpt lat="46.48787138052285" lon="22.604860961437225">
        <ele>620.2</ele>
        <time>2025-05-08T07:05:28</time>
      </trkpt>
      <trkpt lat="46.48780692368746" lon="22.6049140188843">
        <ele>620.5999999999999</ele>
        <time>2025-05-08T07:05:33</time>
      </trkpt>
      <trkpt lat="46.487740790471435" lon="22.604974452406168">
        <ele>621.4000000000001</ele>
        <time>2025-05-08T07:05:37</time>
      </trkpt>
      <trkpt lat="46.4877235237509" lon="22.604989120736718">
        <ele>621.5999999999999</ele>
        <time>2025-05-08T07:05:38</time>
      </trkpt>
      <trkpt lat="46.48765521124005" lon="22.605107808485627">
        <ele>622.4000000000001</ele>
        <time>2025-05-08T07:05:44</time>
      </trkpt>
      <trkpt lat="46.487641632556915" lon="22.605130774900317">
        <ele>622.8</ele>
        <time>2025-05-08T07:05:45</time>
      </trkpt>
      <trkpt lat="46.48762394674122" lon="22.605186514556408">
        <ele>623.2</ele>
        <time>2025-05-08T07:05:47</time>
      </trkpt>
      <trkpt lat="46.487581534311175" lon="22.605291875079274">
        <ele>623.4000000000001</ele>
        <time>2025-05-08T07:05:51</time>
      </trkpt>
      <trkpt lat="46.48755496367812" lon="22.605339316651225">
        <ele>623.8</ele>
        <time>2025-05-08T07:05:53</time>
      </trkpt>
      <trkpt lat="46.487531159073114" lon="22.60538592003286">
        <ele>624.2</ele>
        <time>2025-05-08T07:05:55</time>
      </trkpt>
      <trkpt lat="46.48751540109515" lon="22.60543294250965">
        <ele>624.4000000000001</ele>
        <time>2025-05-08T07:05:57</time>
      </trkpt>
      <trkpt lat="46.487496541813016" lon="22.605502931401134">
        <ele>624.5999999999999</ele>
        <time>2025-05-08T07:06:00</time>
      </trkpt>
      <trkpt lat="46.48748707026243" lon="22.6055202819407">
        <ele>624.8</ele>
        <time>2025-05-08T07:06:01</time>
      </trkpt>
      <trkpt lat="46.48743971250951" lon="22.605606112629175">
        <ele>625.4000000000001</ele>
        <time>2025-05-08T07:06:06</time>
      </trkpt>
      <trkpt lat="46.48741716518998" lon="22.605672162026167">
        <ele>625.8</ele>
        <time>2025-05-08T07:06:09</time>
      </trkpt>
      <trkpt lat="46.487392941489816" lon="22.605743994936347">
        <ele>626.4000000000001</ele>
        <time>2025-05-08T07:06:12</time>
      </trkpt>
      <trkpt lat="46.48737911134958" lon="22.60580719448626">
        <ele>626.8</ele>
        <time>2025-05-08T07:06:15</time>
      </trkpt>
      <trkpt lat="46.48737701587379" lon="22.605837117880583">
        <ele>627.0</ele>
        <time>2025-05-08T07:06:16</time>
      </trkpt>
      <trkpt lat="46.48736737668514" lon="22.605898724868894">
        <ele>627.2</ele>
        <time>2025-05-08T07:06:18</time>
      </trkpt>
      <trkpt lat="46.487352373078465" lon="22.606022274121642">
        <ele>628.0</ele>
        <time>2025-05-08T07:06:23</time>
      </trkpt>
      <trkpt lat="46.48735212162137" lon="22.606067452579737">
        <ele>628.0</ele>
        <time>2025-05-08T07:06:25</time>
      </trkpt>
      <trkpt lat="46.48734759539366" lon="22.606164263561368">
        <ele>628.5999999999999</ele>
        <time>2025-05-08T07:06:29</time>
      </trkpt>
      <trkpt lat="46.48734776303172" lon="22.60618823580444">
        <ele>628.8</ele>
        <time>2025-05-08T07:06:30</time>
      </trkpt>
      <trkpt lat="46.487345499917865" lon="22.606212040409446">
        <ele>629.0</ele>
        <time>2025-05-08T07:06:31</time>
      </trkpt>
      <trkpt lat="46.48734482936561" lon="22.606356712058187">
        <ele>629.8</ele>
        <time>2025-05-08T07:06:37</time>
      </trkpt>
      <trkpt lat="46.48735103197396" lon="22.60642963461578">
        <ele>630.4000000000001</ele>
        <time>2025-05-08T07:06:40</time>
      </trkpt>
      <trkpt lat="46.48735371418297" lon="22.606458719819784">
        <ele>630.5999999999999</ele>
        <time>2025-05-08T07:06:41</time>
      </trkpt>
      <trkpt lat="46.4873540494591" lon="22.60648487135768">
        <ele>630.5999999999999</ele>
        <time>2025-05-08T07:06:42</time>
      </trkpt>
      <trkpt lat="46.48735756985843" lon="22.606517309322953">
        <ele>630.8</ele>
        <time>2025-05-08T07:06:43</time>
      </trkpt>
      <trkpt lat="46.48736234754324" lon="22.606681091710925">
        <ele>631.2</ele>
        <time>2025-05-08T07:06:48</time>
      </trkpt>
      <trkpt lat="46.48736000061035" lon="22.606706991791725">
        <ele>631.4000000000001</ele>
        <time>2025-05-08T07:06:49</time>
      </trkpt>
      <trkpt lat="46.48735363036394" lon="22.606759294867516">
        <ele>631.5999999999999</ele>
        <time>2025-05-08T07:06:51</time>
      </trkpt>
      <trkpt lat="46.48735798895359" lon="22.60686599649489">
        <ele>632.4000000000001</ele>
        <time>2025-05-08T07:06:55</time>
      </trkpt>
      <trkpt lat="46.48738531395793" lon="22.606925005093217">
        <ele>633.0</ele>
        <time>2025-05-08T07:06:57</time>
      </trkpt>
      <trkpt lat="46.48744599893689" lon="22.607038076967">
        <ele>633.4000000000001</ele>
        <time>2025-05-08T07:07:01</time>
      </trkpt>
      <trkpt lat="46.4874869864434" lon="22.607115441933274">
        <ele>634.0</ele>
        <time>2025-05-08T07:07:05</time>
      </trkpt>
      <trkpt lat="46.48749872110784" lon="22.607136145234108">
        <ele>634.2</ele>
        <time>2025-05-08T07:07:06</time>
      </trkpt>
      <trkpt lat="46.48751540109515" lon="22.60715332813561">
        <ele>634.5999999999999</ele>
        <time>2025-05-08T07:07:07</time>
      </trkpt>
      <trkpt lat="46.48755429312587" lon="22.607207307592034">
        <ele>635.2</ele>
        <time>2025-05-08T07:07:10</time>
      </trkpt>
      <trkpt lat="46.4876011479646" lon="22.607287941500545">
        <ele>635.4000000000001</ele>
        <time>2025-05-08T07:07:14</time>
      </trkpt>
      <trkpt lat="46.48766686208546" lon="22.607432026416063">
        <ele>636.2</ele>
        <time>2025-05-08T07:07:20</time>
      </trkpt>
      <trkpt lat="46.48770005442202" lon="22.60758432559669">
        <ele>637.2</ele>
        <time>2025-05-08T07:07:26</time>
      </trkpt>
      <trkpt lat="46.487704664468765" lon="22.607612404972315">
        <ele>637.2</ele>
        <time>2025-05-08T07:07:27</time>
      </trkpt>
      <trkpt lat="46.487707933411" lon="22.607749365270138">
        <ele>638.0</ele>
        <time>2025-05-08T07:07:32</time>
      </trkpt>
      <trkpt lat="46.48769619874656" lon="22.607825640589">
        <ele>638.4000000000001</ele>
        <time>2025-05-08T07:07:35</time>
      </trkpt>
      <trkpt lat="46.487676333636045" lon="22.60789697058499">
        <ele>639.0</ele>
        <time>2025-05-08T07:07:38</time>
      </trkpt>
      <trkpt lat="46.487648421898484" lon="22.608026722446084">
        <ele>639.5999999999999</ele>
        <time>2025-05-08T07:07:43</time>
      </trkpt>
      <trkpt lat="46.487644985318184" lon="22.608051281422377">
        <ele>640.0</ele>
        <time>2025-05-08T07:07:44</time>
      </trkpt>
      <trkpt lat="46.48768681101501" lon="22.608235515654087">
        <ele>641.0</ele>
        <time>2025-05-08T07:07:51</time>
      </trkpt>
      <trkpt lat="46.48775554262102" lon="22.608365016058087">
        <ele>641.8</ele>
        <time>2025-05-08T07:07:57</time>
      </trkpt>
      <trkpt lat="46.487765768542886" lon="22.608389910310507">
        <ele>642.0</ele>
        <time>2025-05-08T07:07:58</time>
      </trkpt>
      <trkpt lat="46.48778948932886" lon="22.608428969979286">
        <ele>642.2</ele>
        <time>2025-05-08T07:08:00</time>
      </trkpt>
      <trkpt lat="46.48782419040799" lon="22.60844338685274">
        <ele>642.4000000000001</ele>
        <time>2025-05-08T07:08:02</time>
      </trkpt>
      <trkpt lat="46.48789334110916" lon="22.608444392681122">
        <ele>643.0</ele>
        <time>2025-05-08T07:08:06</time>
      </trkpt>
      <trkpt lat="46.487927287817" lon="22.60844632051885">
        <ele>643.8</ele>
        <time>2025-05-08T07:08:08</time>
      </trkpt>
      <trkpt lat="46.48796156980097" lon="22.60845696553588">
        <ele>644.4000000000001</ele>
        <time>2025-05-08T07:08:10</time>
      </trkpt>
      <trkpt lat="46.48805955424905" lon="22.608466017991304">
        <ele>645.0</ele>
        <time>2025-05-08T07:08:15</time>
      </trkpt>
      <trkpt lat="46.48811931721866" lon="22.60846978984773">
        <ele>645.4000000000001</ele>
        <time>2025-05-08T07:08:18</time>
      </trkpt>
      <trkpt lat="46.48817648179829" lon="22.608474316075444">
        <ele>645.8</ele>
        <time>2025-05-08T07:08:21</time>
      </trkpt>
      <trkpt lat="46.488232892006636" lon="22.608485547825694">
        <ele>646.4000000000001</ele>
        <time>2025-05-08T07:08:25</time>
      </trkpt>
      <trkpt lat="46.48825007490814" lon="22.608492588624358">
        <ele>646.8</ele>
        <time>2025-05-08T07:08:27</time>
      </trkpt>
      <trkpt lat="46.48826499469578" lon="22.608495522290468">
        <ele>647.4000000000001</ele>
        <time>2025-05-08T07:08:33</time>
      </trkpt>
      <trkpt lat="46.48826977238059" lon="22.60849862359464">
        <ele>647.5999999999999</ele>
        <time>2025-05-08T07:08:34</time>
      </trkpt>
      <trkpt lat="46.48827991448343" lon="22.608490409329534">
        <ele>648.0</ele>
        <time>2025-05-08T07:08:45</time>
      </trkpt>
      <trkpt lat="46.48827480152249" lon="22.60849661193788">
        <ele>648.2</ele>
        <time>2025-05-08T07:08:52</time>
      </trkpt>
      <trkpt lat="46.48827916011214" lon="22.60849267244339">
        <ele>648.0</ele>
        <time>2025-05-08T07:09:01</time>
      </trkpt>
      <trkpt lat="46.488281171768904" lon="22.60848931968212">
        <ele>647.8</ele>
        <time>2025-05-08T07:09:13</time>
      </trkpt>
      <trkpt lat="46.48828435689211" lon="22.608484541997313">
        <ele>648.0</ele>
        <time>2025-05-08T07:09:23</time>
      </trkpt>
      <trkpt lat="46.48829072713852" lon="22.608481692150235">
        <ele>647.8</ele>
        <time>2025-05-08T07:09:33</time>
      </trkpt>
      <trkpt lat="46.48829039186239" lon="22.608481692150235">
        <ele>648.2</ele>
        <time>2025-05-08T07:10:03</time>
      </trkpt>
      <trkpt lat="46.48828938603401" lon="22.608484122902155">
        <ele>648.4000000000001</ele>
        <time>2025-05-08T07:10:41</time>
      </trkpt>
      <trkpt lat="46.488296426832676" lon="22.608482614159584">
        <ele>648.4000000000001</ele>
        <time>2025-05-08T07:10:55</time>
      </trkpt>
      <trkpt lat="46.48838795721531" lon="22.608505161479115">
        <ele>648.4000000000001</ele>
        <time>2025-05-08T07:11:03</time>
      </trkpt>
      <trkpt lat="46.48849926888943" lon="22.608534581959248">
        <ele>648.5999999999999</ele>
        <time>2025-05-08T07:11:10</time>
      </trkpt>
      <trkpt lat="46.48861820809543" lon="22.60856165550649">
        <ele>649.4000000000001</ele>
        <time>2025-05-08T07:11:17</time>
      </trkpt>
      <trkpt lat="46.48866657167673" lon="22.60857959277928">
        <ele>649.5999999999999</ele>
        <time>2025-05-08T07:11:20</time>
      </trkpt>
      <trkpt lat="46.48870998993516" lon="22.608602726832032">
        <ele>650.2</ele>
        <time>2025-05-08T07:11:23</time>
      </trkpt>
      <trkpt lat="46.488769333809614" lon="22.608612785115838">
        <ele>650.5999999999999</ele>
        <time>2025-05-08T07:11:26</time>
      </trkpt>
      <trkpt lat="46.48878861218691" lon="22.608620999380946">
        <ele>651.0</ele>
        <time>2025-05-08T07:11:27</time>
      </trkpt>
      <trkpt lat="46.48890981450677" lon="22.608744464814663">
        <ele>651.8</ele>
        <time>2025-05-08T07:11:35</time>
      </trkpt>
      <trkpt lat="46.48890579119325" lon="22.608864661306143">
        <ele>652.2</ele>
        <time>2025-05-08T07:11:41</time>
      </trkpt>
      <trkpt lat="46.488894894719124" lon="22.60887874290347">
        <ele>652.2</ele>
        <time>2025-05-08T07:11:42</time>
      </trkpt>
      <trkpt lat="46.4888321980834" lon="22.608932303264737">
        <ele>652.5999999999999</ele>
        <time>2025-05-08T07:11:46</time>
      </trkpt>
      <trkpt lat="46.4888010174036" lon="22.60895736515522">
        <ele>652.8</ele>
        <time>2025-05-08T07:11:48</time>
      </trkpt>
      <trkpt lat="46.488737650215626" lon="22.609034730121493">
        <ele>653.4000000000001</ele>
        <time>2025-05-08T07:11:53</time>
      </trkpt>
      <trkpt lat="46.48870160803199" lon="22.60907806456089">
        <ele>653.8</ele>
        <time>2025-05-08T07:11:56</time>
      </trkpt>
      <trkpt lat="46.48867771960795" lon="22.6091172080487">
        <ele>654.0</ele>
        <time>2025-05-08T07:11:58</time>
      </trkpt>
      <trkpt lat="46.48861426860094" lon="22.609191639348865">
        <ele>654.8</ele>
        <time>2025-05-08T07:12:03</time>
      </trkpt>
      <trkpt lat="46.48860588669777" lon="22.60920756496489">
        <ele>655.0</ele>
        <time>2025-05-08T07:12:04</time>
      </trkpt>
      <trkpt lat="46.488590631634" lon="22.60923681780696">
        <ele>655.2</ele>
        <time>2025-05-08T07:12:06</time>
      </trkpt>
      <trkpt lat="46.48856230080128" lon="22.609290461987257">
        <ele>655.4000000000001</ele>
        <time>2025-05-08T07:12:09</time>
      </trkpt>
      <trkpt lat="46.48851209320128" lon="22.60936447419226">
        <ele>656.0</ele>
        <time>2025-05-08T07:12:13</time>
      </trkpt>
      <trkpt lat="46.48848921060562" lon="22.609406635165215">
        <ele>656.2</ele>
        <time>2025-05-08T07:12:15</time>
      </trkpt>
      <trkpt lat="46.488427352160215" lon="22.609484000131488">
        <ele>657.0</ele>
        <time>2025-05-08T07:12:20</time>
      </trkpt>
      <trkpt lat="46.48840011097491" lon="22.60951492935419">
        <ele>657.2</ele>
        <time>2025-05-08T07:12:22</time>
      </trkpt>
      <trkpt lat="46.48833959363401" lon="22.609630599617958">
        <ele>657.8</ele>
        <time>2025-05-08T07:12:27</time>
      </trkpt>
      <trkpt lat="46.488310592249036" lon="22.609715089201927">
        <ele>658.4000000000001</ele>
        <time>2025-05-08T07:12:30</time>
      </trkpt>
      <trkpt lat="46.48828058503568" lon="22.609777450561523">
        <ele>658.8</ele>
        <time>2025-05-08T07:12:33</time>
      </trkpt>
      <trkpt lat="46.488233311101794" lon="22.60985833592713">
        <ele>659.4000000000001</ele>
        <time>2025-05-08T07:12:37</time>
      </trkpt>
      <trkpt lat="46.48820774629712" lon="22.609922038391232">
        <ele>659.5999999999999</ele>
        <time>2025-05-08T07:12:40</time>
      </trkpt>
      <trkpt lat="46.48819710128009" lon="22.610120438039303">
        <ele>660.4000000000001</ele>
        <time>2025-05-08T07:12:46</time>
      </trkpt>
      <trkpt lat="46.48819944821298" lon="22.61014759540558">
        <ele>660.5999999999999</ele>
        <time>2025-05-08T07:12:47</time>
      </trkpt>
      <trkpt lat="46.488230880349874" lon="22.61024583131075">
        <ele>661.2</ele>
        <time>2025-05-08T07:12:51</time>
      </trkpt>
      <trkpt lat="46.48826524615288" lon="22.610343480482697">
        <ele>661.8</ele>
        <time>2025-05-08T07:12:55</time>
      </trkpt>
      <trkpt lat="46.48830346763134" lon="22.610431406646967">
        <ele>662.5999999999999</ele>
        <time>2025-05-08T07:12:59</time>
      </trkpt>
      <trkpt lat="46.488315789029" lon="22.610447835177183">
        <ele>662.8</ele>
        <time>2025-05-08T07:13:00</time>
      </trkpt>
      <trkpt lat="46.488395081833005" lon="22.610549926757812">
        <ele>663.8</ele>
        <time>2025-05-08T07:13:06</time>
      </trkpt>
      <trkpt lat="46.4884592872113" lon="22.610602397471666">
        <ele>664.0</ele>
        <time>2025-05-08T07:13:10</time>
      </trkpt>
      <trkpt lat="46.48849004879594" lon="22.610625782981515">
        <ele>664.2</ele>
        <time>2025-05-08T07:13:12</time>
      </trkpt>
      <trkpt lat="46.488593900576234" lon="22.610706500709057">
        <ele>665.0</ele>
        <time>2025-05-08T07:13:18</time>
      </trkpt>
      <trkpt lat="46.48866766132414" lon="22.610781099647284">
        <ele>666.0</ele>
        <time>2025-05-08T07:13:24</time>
      </trkpt>
      <trkpt lat="46.48868056945503" lon="22.610789062455297">
        <ele>666.0</ele>
        <time>2025-05-08T07:13:25</time>
      </trkpt>
      <trkpt lat="46.48875391110778" lon="22.610841784626245">
        <ele>666.8</ele>
        <time>2025-05-08T07:13:30</time>
      </trkpt>
      <trkpt lat="46.48879406042397" lon="22.610868019983172">
        <ele>667.0</ele>
        <time>2025-05-08T07:13:33</time>
      </trkpt>
      <trkpt lat="46.48885474540293" lon="22.610908085480332">
        <ele>667.8</ele>
        <time>2025-05-08T07:13:37</time>
      </trkpt>
      <trkpt lat="46.4889011811465" lon="22.610938930884004">
        <ele>668.4000000000001</ele>
        <time>2025-05-08T07:13:40</time>
      </trkpt>
      <trkpt lat="46.48894300684333" lon="22.61100229807198">
        <ele>668.8</ele>
        <time>2025-05-08T07:13:43</time>
      </trkpt>
      <trkpt lat="46.4889860060066" lon="22.611097265034914">
        <ele>669.4000000000001</ele>
        <time>2025-05-08T07:13:47</time>
      </trkpt>
      <trkpt lat="46.488980976864696" lon="22.61113867163658">
        <ele>669.5999999999999</ele>
        <time>2025-05-08T07:13:49</time>
      </trkpt>
      <trkpt lat="46.48892456665635" lon="22.611280493438244">
        <ele>670.4000000000001</ele>
        <time>2025-05-08T07:13:55</time>
      </trkpt>
      <trkpt lat="46.488894559443" lon="22.61131745763123">
        <ele>670.5999999999999</ele>
        <time>2025-05-08T07:13:57</time>
      </trkpt>
      <trkpt lat="46.488816775381565" lon="22.61143522337079">
        <ele>671.0</ele>
        <time>2025-05-08T07:14:03</time>
      </trkpt>
      <trkpt lat="46.48879305459559" lon="22.61150068603456">
        <ele>671.4000000000001</ele>
        <time>2025-05-08T07:14:06</time>
      </trkpt>
      <trkpt lat="46.48877805098891" lon="22.611577296629548">
        <ele>671.8</ele>
        <time>2025-05-08T07:14:09</time>
      </trkpt>
      <trkpt lat="46.48878341540694" lon="22.611659187823534">
        <ele>672.0</ele>
        <time>2025-05-08T07:14:12</time>
      </trkpt>
      <trkpt lat="46.48880587890744" lon="22.61174007318914">
        <ele>672.8</ele>
        <time>2025-05-08T07:14:15</time>
      </trkpt>
      <trkpt lat="46.48886773735285" lon="22.611861610785127">
        <ele>673.5999999999999</ele>
        <time>2025-05-08T07:14:21</time>
      </trkpt>
      <trkpt lat="46.488894894719124" lon="22.611881475895643">
        <ele>673.8</ele>
        <time>2025-05-08T07:14:23</time>
      </trkpt>
      <trkpt lat="46.48890704847872" lon="22.611893294379115">
        <ele>673.8</ele>
        <time>2025-05-08T07:14:24</time>
      </trkpt>
      <trkpt lat="46.48898902349174" lon="22.611917266622186">
        <ele>674.5999999999999</ele>
        <time>2025-05-08T07:14:29</time>
      </trkpt>
      <trkpt lat="46.48902330547571" lon="22.611921289935708">
        <ele>675.0</ele>
        <time>2025-05-08T07:14:31</time>
      </trkpt>
      <trkpt lat="46.48909471929073" lon="22.611927827820182">
        <ele>675.8</ele>
        <time>2025-05-08T07:14:35</time>
      </trkpt>
      <trkpt lat="46.489159846678376" lon="22.611923553049564">
        <ele>676.4000000000001</ele>
        <time>2025-05-08T07:14:39</time>
      </trkpt>
      <trkpt lat="46.48922170512378" lon="22.611899496987462">
        <ele>677.2</ele>
        <time>2025-05-08T07:14:43</time>
      </trkpt>
      <trkpt lat="46.4892484433949" lon="22.611884409561753">
        <ele>677.4000000000001</ele>
        <time>2025-05-08T07:14:45</time>
      </trkpt>
      <trkpt lat="46.48930946364999" lon="22.611840153113008">
        <ele>678.0</ele>
        <time>2025-05-08T07:14:49</time>
      </trkpt>
      <trkpt lat="46.48937031626701" lon="22.611801931634545">
        <ele>678.8</ele>
        <time>2025-05-08T07:14:53</time>
      </trkpt>
      <trkpt lat="46.48939755745232" lon="22.611779384315014">
        <ele>679.0</ele>
        <time>2025-05-08T07:14:55</time>
      </trkpt>
      <trkpt lat="46.489467127248645" lon="22.61170294135809">
        <ele>679.8</ele>
        <time>2025-05-08T07:15:00</time>
      </trkpt>
      <trkpt lat="46.48948238231242" lon="22.61167955584824">
        <ele>680.0</ele>
        <time>2025-05-08T07:15:01</time>
      </trkpt>
      <trkpt lat="46.48955689743161" lon="22.611592886969447">
        <ele>680.8</ele>
        <time>2025-05-08T07:15:06</time>
      </trkpt>
      <trkpt lat="46.489572152495384" lon="22.61157880537212">
        <ele>680.8</ele>
        <time>2025-05-08T07:15:07</time>
      </trkpt>
      <trkpt lat="46.489643566310406" lon="22.61152063496411">
        <ele>681.5999999999999</ele>
        <time>2025-05-08T07:15:12</time>
      </trkpt>
      <trkpt lat="46.489687571302056" lon="22.611469756811857">
        <ele>682.0</ele>
        <time>2025-05-08T07:15:15</time>
      </trkpt>
      <trkpt lat="46.48972914554179" lon="22.61142935603857">
        <ele>682.4000000000001</ele>
        <time>2025-05-08T07:15:18</time>
      </trkpt>
      <trkpt lat="46.48983190767467" lon="22.611354840919375">
        <ele>683.2</ele>
        <time>2025-05-08T07:15:25</time>
      </trkpt>
      <trkpt lat="46.48990432731807" lon="22.611256688833237">
        <ele>684.0</ele>
        <time>2025-05-08T07:15:31</time>
      </trkpt>
      <trkpt lat="46.489963084459305" lon="22.611187202855945">
        <ele>684.5999999999999</ele>
        <time>2025-05-08T07:15:35</time>
      </trkpt>
      <trkpt lat="46.489978255704045" lon="22.61116691865027">
        <ele>684.8</ele>
        <time>2025-05-08T07:15:36</time>
      </trkpt>
      <trkpt lat="46.49009509943426" lon="22.61102383956313">
        <ele>685.5999999999999</ele>
        <time>2025-05-08T07:15:43</time>
      </trkpt>
      <trkpt lat="46.49011177942157" lon="22.611003555357456">
        <ele>685.8</ele>
        <time>2025-05-08T07:15:44</time>
      </trkpt>
      <trkpt lat="46.49018813855946" lon="22.6108752284199">
        <ele>686.4000000000001</ele>
        <time>2025-05-08T07:15:50</time>
      </trkpt>
      <trkpt lat="46.49021445773542" lon="22.61077171191573">
        <ele>686.8</ele>
        <time>2025-05-08T07:15:54</time>
      </trkpt>
      <trkpt lat="46.49018964730203" lon="22.610662579536438">
        <ele>687.2</ele>
        <time>2025-05-08T07:15:58</time>
      </trkpt>
      <trkpt lat="46.490137092769146" lon="22.610567025840282">
        <ele>687.8</ele>
        <time>2025-05-08T07:16:02</time>
      </trkpt>
      <trkpt lat="46.49009183049202" lon="22.610518913716078">
        <ele>688.2</ele>
        <time>2025-05-08T07:16:05</time>
      </trkpt>
      <trkpt lat="46.4900132920593" lon="22.610480524599552">
        <ele>689.0</ele>
        <time>2025-05-08T07:16:10</time>
      </trkpt>
      <trkpt lat="46.489996276795864" lon="22.610477339476347">
        <ele>689.2</ele>
        <time>2025-05-08T07:16:11</time>
      </trkpt>
      <trkpt lat="46.48989058099687" lon="22.610473819077015">
        <ele>690.2</ele>
        <time>2025-05-08T07:16:17</time>
      </trkpt>
      <trkpt lat="46.489855628460646" lon="22.6104745734483">
        <ele>690.4000000000001</ele>
        <time>2025-05-08T07:16:19</time>
      </trkpt>
      <trkpt lat="46.489734845235944" lon="22.610475746914744">
        <ele>691.2</ele>
        <time>2025-05-08T07:16:26</time>
      </trkpt>
      <trkpt lat="46.48972235620022" lon="22.61047264561057">
        <ele>691.2</ele>
        <time>2025-05-08T07:16:27</time>
      </trkpt>
      <trkpt lat="46.489628897979856" lon="22.610477088019252">
        <ele>691.8</ele>
        <time>2025-05-08T07:16:32</time>
      </trkpt>
      <trkpt lat="46.48951641283929" lon="22.610428389161825">
        <ele>692.4000000000001</ele>
        <time>2025-05-08T07:16:38</time>
      </trkpt>
      <trkpt lat="46.489480873569846" lon="22.610400896519423">
        <ele>692.8</ele>
        <time>2025-05-08T07:16:40</time>
      </trkpt>
      <trkpt lat="46.489429576322436" lon="22.610261673107743">
        <ele>693.2</ele>
        <time>2025-05-08T07:16:46</time>
      </trkpt>
      <trkpt lat="46.489425050094724" lon="22.610176848247647">
        <ele>693.5999999999999</ele>
        <time>2025-05-08T07:16:49</time>
      </trkpt>
      <trkpt lat="46.4894347731024" lon="22.610085820779204">
        <ele>694.0</ele>
        <time>2025-05-08T07:16:52</time>
      </trkpt>
      <trkpt lat="46.48947961628437" lon="22.609958248212934">
        <ele>694.5999999999999</ele>
        <time>2025-05-08T07:16:57</time>
      </trkpt>
      <trkpt lat="46.48950509727001" lon="22.609918098896742">
        <ele>694.8</ele>
        <time>2025-05-08T07:16:59</time>
      </trkpt>
      <trkpt lat="46.48957131430507" lon="22.60980469174683">
        <ele>695.5999999999999</ele>
        <time>2025-05-08T07:17:05</time>
      </trkpt>
      <trkpt lat="46.48966686800122" lon="22.609676532447338">
        <ele>696.4000000000001</ele>
        <time>2025-05-08T07:17:12</time>
      </trkpt>
      <trkpt lat="46.489698216319084" lon="22.609647028148174">
        <ele>696.8</ele>
        <time>2025-05-08T07:17:14</time>
      </trkpt>
      <trkpt lat="46.48975554853678" lon="22.609589025378227">
        <ele>697.4000000000001</ele>
        <time>2025-05-08T07:17:18</time>
      </trkpt>
      <trkpt lat="46.48979184217751" lon="22.609533704817295">
        <ele>697.8</ele>
        <time>2025-05-08T07:17:21</time>
      </trkpt>
      <trkpt lat="46.48983869701624" lon="22.609484922140837">
        <ele>698.5999999999999</ele>
        <time>2025-05-08T07:17:24</time>
      </trkpt>
      <trkpt lat="46.48988672532141" lon="22.609382830560207">
        <ele>699.0</ele>
        <time>2025-05-08T07:17:29</time>
      </trkpt>
      <trkpt lat="46.48989116773009" lon="22.609353996813297">
        <ele>699.2</ele>
        <time>2025-05-08T07:17:30</time>
      </trkpt>
      <trkpt lat="46.48992385715246" lon="22.609094576910138">
        <ele>700.0</ele>
        <time>2025-05-08T07:17:38</time>
      </trkpt>
      <trkpt lat="46.489935843274" lon="22.60903699323535">
        <ele>700.0</ele>
        <time>2025-05-08T07:17:40</time>
      </trkpt>
      <trkpt lat="46.48996341973543" lon="22.60887044481933">
        <ele>700.4000000000001</ele>
        <time>2025-05-08T07:17:45</time>
      </trkpt>
      <trkpt lat="46.49000943638384" lon="22.60868470184505">
        <ele>701.2</ele>
        <time>2025-05-08T07:17:51</time>
      </trkpt>
      <trkpt lat="46.49005084298551" lon="22.608476830646396">
        <ele>702.0</ele>
        <time>2025-05-08T07:17:58</time>
      </trkpt>
      <trkpt lat="46.490053525194526" lon="22.608443219214678">
        <ele>702.2</ele>
        <time>2025-05-08T07:17:59</time>
      </trkpt>
      <trkpt lat="46.490024188533425" lon="22.60827189311385">
        <ele>702.5999999999999</ele>
        <time>2025-05-08T07:18:04</time>
      </trkpt>
      <trkpt lat="46.4899892359972" lon="22.608145158737898">
        <ele>703.2</ele>
        <time>2025-05-08T07:18:09</time>
      </trkpt>
      <trkpt lat="46.48998429067433" lon="22.608122695237398">
        <ele>703.2</ele>
        <time>2025-05-08T07:18:10</time>
      </trkpt>
      <trkpt lat="46.48992720991373" lon="22.607965702190995">
        <ele>703.8</ele>
        <time>2025-05-08T07:18:16</time>
      </trkpt>
      <trkpt lat="46.489895693957806" lon="22.607878111302853">
        <ele>704.2</ele>
        <time>2025-05-08T07:18:19</time>
      </trkpt>
      <trkpt lat="46.48983174003661" lon="22.60771323926747">
        <ele>704.8</ele>
        <time>2025-05-08T07:18:24</time>
      </trkpt>
      <trkpt lat="46.48977817967534" lon="22.607495225965977">
        <ele>705.4000000000001</ele>
        <time>2025-05-08T07:18:30</time>
      </trkpt>
      <trkpt lat="46.489777928218246" lon="22.6074611954391">
        <ele>705.4000000000001</ele>
        <time>2025-05-08T07:18:31</time>
      </trkpt>
      <trkpt lat="46.489838026463985" lon="22.60731752961874">
        <ele>706.2</ele>
        <time>2025-05-08T07:18:36</time>
      </trkpt>
      <trkpt lat="46.4898959454149" lon="22.60728576220572">
        <ele>706.4000000000001</ele>
        <time>2025-05-08T07:18:39</time>
      </trkpt>
      <trkpt lat="46.48995218798518" lon="22.607259778305888">
        <ele>707.0</ele>
        <time>2025-05-08T07:18:42</time>
      </trkpt>
      <trkpt lat="46.490030558779836" lon="22.607237566262484">
        <ele>707.5999999999999</ele>
        <time>2025-05-08T07:18:46</time>
      </trkpt>
      <trkpt lat="46.49007322266698" lon="22.607233375310898">
        <ele>708.0</ele>
        <time>2025-05-08T07:18:48</time>
      </trkpt>
      <trkpt lat="46.49013843387365" lon="22.60721988044679">
        <ele>708.8</ele>
        <time>2025-05-08T07:18:51</time>
      </trkpt>
      <trkpt lat="46.490217642858624" lon="22.607211163267493">
        <ele>709.4000000000001</ele>
        <time>2025-05-08T07:18:55</time>
      </trkpt>
      <trkpt lat="46.490315459668636" lon="22.60720605030656">
        <ele>710.0</ele>
        <time>2025-05-08T07:19:00</time>
      </trkpt>
      <trkpt lat="46.49036122485995" lon="22.6072056312114">
        <ele>710.2</ele>
        <time>2025-05-08T07:19:02</time>
      </trkpt>
      <trkpt lat="46.49047186598182" lon="22.607224071398377">
        <ele>711.0</ele>
        <time>2025-05-08T07:19:07</time>
      </trkpt>
      <trkpt lat="46.490489803254604" lon="22.60723060928285">
        <ele>711.2</ele>
        <time>2025-05-08T07:19:08</time>
      </trkpt>
      <trkpt lat="46.49061402305961" lon="22.607281571254134">
        <ele>712.0</ele>
        <time>2025-05-08T07:19:15</time>
      </trkpt>
      <trkpt lat="46.49063162505627" lon="22.607293808832765">
        <ele>712.4000000000001</ele>
        <time>2025-05-08T07:19:16</time>
      </trkpt>
      <trkpt lat="46.490729274228215" lon="22.607358349487185">
        <ele>713.2</ele>
        <time>2025-05-08T07:19:22</time>
      </trkpt>
      <trkpt lat="46.49076045490801" lon="22.607388021424413">
        <ele>713.4000000000001</ele>
        <time>2025-05-08T07:19:24</time>
      </trkpt>
      <trkpt lat="46.49083790369332" lon="22.607439318671823">
        <ele>713.8</ele>
        <time>2025-05-08T07:19:28</time>
      </trkpt>
      <trkpt lat="46.49090093560517" lon="22.607463458552957">
        <ele>714.4000000000001</ele>
        <time>2025-05-08T07:19:31</time>
      </trkpt>
      <trkpt lat="46.49096757173538" lon="22.607486927881837">
        <ele>715.0</ele>
        <time>2025-05-08T07:19:34</time>
      </trkpt>
      <trkpt lat="46.491026328876615" lon="22.607487179338932">
        <ele>715.4000000000001</ele>
        <time>2025-05-08T07:19:37</time>
      </trkpt>
      <trkpt lat="46.491065975278616" lon="22.607468403875828">
        <ele>715.8</ele>
        <time>2025-05-08T07:19:39</time>
      </trkpt>
      <trkpt lat="46.49115364998579" lon="22.607424231246114">
        <ele>716.5999999999999</ele>
        <time>2025-05-08T07:19:44</time>
      </trkpt>
      <trkpt lat="46.49117619730532" lon="22.607414172962308">
        <ele>716.5999999999999</ele>
        <time>2025-05-08T07:19:45</time>
      </trkpt>
      <trkpt lat="46.49119514040649" lon="22.60740344412625">
        <ele>716.5999999999999</ele>
        <time>2025-05-08T07:19:46</time>
      </trkpt>
      <trkpt lat="46.49128960445523" lon="22.607353068888187">
        <ele>717.2</ele>
        <time>2025-05-08T07:19:51</time>
      </trkpt>
      <trkpt lat="46.49133536964655" lon="22.60733471252024">
        <ele>717.4000000000001</ele>
        <time>2025-05-08T07:19:53</time>
      </trkpt>
      <trkpt lat="46.49139052256942" lon="22.60730621404946">
        <ele>717.5999999999999</ele>
        <time>2025-05-08T07:19:56</time>
      </trkpt>
      <trkpt lat="46.49142966605723" lon="22.607294227927923">
        <ele>717.8</ele>
        <time>2025-05-08T07:19:58</time>
      </trkpt>
      <trkpt lat="46.49154885672033" lon="22.607274362817407">
        <ele>718.8</ele>
        <time>2025-05-08T07:20:04</time>
      </trkpt>
      <trkpt lat="46.49157157167792" lon="22.60727654211223">
        <ele>718.8</ele>
        <time>2025-05-08T07:20:05</time>
      </trkpt>
      <trkpt lat="46.49171356111765" lon="22.607320547103882">
        <ele>719.8</ele>
        <time>2025-05-08T07:20:12</time>
      </trkpt>
      <trkpt lat="46.49174968712032" lon="22.607338400557637">
        <ele>720.4000000000001</ele>
        <time>2025-05-08T07:20:14</time>
      </trkpt>
      <trkpt lat="46.49189829826355" lon="22.607379890978336">
        <ele>721.0</ele>
        <time>2025-05-08T07:20:21</time>
      </trkpt>
      <trkpt lat="46.49194221943617" lon="22.60740260593593">
        <ele>721.0</ele>
        <time>2025-05-08T07:20:23</time>
      </trkpt>
      <trkpt lat="46.492078425362706" lon="22.607429679483175">
        <ele>721.5999999999999</ele>
        <time>2025-05-08T07:20:28</time>
      </trkpt>
      <trkpt lat="46.49217330850661" lon="22.607433535158634">
        <ele>722.2</ele>
        <time>2025-05-08T07:20:32</time>
      </trkpt>
      <trkpt lat="46.492194598540664" lon="22.607428254559636">
        <ele>722.4000000000001</ele>
        <time>2025-05-08T07:20:33</time>
      </trkpt>
      <trkpt lat="46.492310520261526" lon="22.60739665478468">
        <ele>722.8</ele>
        <time>2025-05-08T07:20:38</time>
      </trkpt>
      <trkpt lat="46.49237036705017" lon="22.60738743469119">
        <ele>723.2</ele>
        <time>2025-05-08T07:20:41</time>
      </trkpt>
      <trkpt lat="46.49242945946753" lon="22.60739028453827">
        <ele>723.5999999999999</ele>
        <time>2025-05-08T07:20:44</time>
      </trkpt>
      <trkpt lat="46.49253490380943" lon="22.607356254011393">
        <ele>724.0</ele>
        <time>2025-05-08T07:20:50</time>
      </trkpt>
      <trkpt lat="46.49257941171527" lon="22.607331862673163">
        <ele>724.4000000000001</ele>
        <time>2025-05-08T07:20:53</time>
      </trkpt>
      <trkpt lat="46.492633894085884" lon="22.607295820489526">
        <ele>724.5999999999999</ele>
        <time>2025-05-08T07:20:56</time>
      </trkpt>
      <trkpt lat="46.49273732677102" lon="22.60717428289354">
        <ele>725.2</ele>
        <time>2025-05-08T07:21:02</time>
      </trkpt>
      <trkpt lat="46.492758113890886" lon="22.60715282522142">
        <ele>725.4000000000001</ele>
        <time>2025-05-08T07:21:03</time>
      </trkpt>
      <trkpt lat="46.4928974211216" lon="22.607002621516585">
        <ele>726.4000000000001</ele>
        <time>2025-05-08T07:21:10</time>
      </trkpt>
      <trkpt lat="46.49304502643645" lon="22.6068499032408">
        <ele>727.4000000000001</ele>
        <time>2025-05-08T07:21:17</time>
      </trkpt>
      <trkpt lat="46.49306371808052" lon="22.606830541044474">
        <ele>727.5999999999999</ele>
        <time>2025-05-08T07:21:18</time>
      </trkpt>
      <trkpt lat="46.49310948327184" lon="22.606690982356668">
        <ele>728.0</ele>
        <time>2025-05-08T07:21:24</time>
      </trkpt>
      <trkpt lat="46.493122139945626" lon="22.606580005958676">
        <ele>728.4000000000001</ele>
        <time>2025-05-08T07:21:27</time>
      </trkpt>
      <trkpt lat="46.49312096647918" lon="22.606467017903924">
        <ele>729.0</ele>
        <time>2025-05-08T07:21:30</time>
      </trkpt>
      <trkpt lat="46.49309925734997" lon="22.60634807869792">
        <ele>729.4000000000001</ele>
        <time>2025-05-08T07:21:34</time>
      </trkpt>
      <trkpt lat="46.493065394461155" lon="22.60627725161612">
        <ele>730.0</ele>
        <time>2025-05-08T07:21:37</time>
      </trkpt>
      <trkpt lat="46.49299666285515" lon="22.606161162257195">
        <ele>730.5999999999999</ele>
        <time>2025-05-08T07:21:42</time>
      </trkpt>
      <trkpt lat="46.492964727804065" lon="22.60611883364618">
        <ele>730.8</ele>
        <time>2025-05-08T07:21:44</time>
      </trkpt>
      <trkpt lat="46.49287462234497" lon="22.605985729023814">
        <ele>731.5999999999999</ele>
        <time>2025-05-08T07:21:50</time>
      </trkpt>
      <trkpt lat="46.49281309917569" lon="22.605832926928997">
        <ele>732.5999999999999</ele>
        <time>2025-05-08T07:21:56</time>
      </trkpt>
      <trkpt lat="46.49280287325382" lon="22.605800153687596">
        <ele>732.8</ele>
        <time>2025-05-08T07:21:57</time>
      </trkpt>
      <trkpt lat="46.49278719909489" lon="22.605619439855218">
        <ele>733.5999999999999</ele>
        <time>2025-05-08T07:22:03</time>
      </trkpt>
      <trkpt lat="46.49279155768454" lon="22.605593288317323">
        <ele>733.8</ele>
        <time>2025-05-08T07:22:04</time>
      </trkpt>
      <trkpt lat="46.492802537977695" lon="22.605573842301965">
        <ele>734.0</ele>
        <time>2025-05-08T07:22:05</time>
      </trkpt>
      <trkpt lat="46.492840172722936" lon="22.605497986078262">
        <ele>734.8</ele>
        <time>2025-05-08T07:22:09</time>
      </trkpt>
      <trkpt lat="46.492851907387376" lon="22.605482060462236">
        <ele>734.8</ele>
        <time>2025-05-08T07:22:10</time>
      </trkpt>
      <trkpt lat="46.492916867136955" lon="22.60541131719947">
        <ele>735.8</ele>
        <time>2025-05-08T07:22:15</time>
      </trkpt>
      <trkpt lat="46.492938408628106" lon="22.605378879234195">
        <ele>736.2</ele>
        <time>2025-05-08T07:22:17</time>
      </trkpt>
      <trkpt lat="46.493016108870506" lon="22.605356834828854">
        <ele>737.2</ele>
        <time>2025-05-08T07:22:22</time>
      </trkpt>
      <trkpt lat="46.49303396232426" lon="22.6053561642766">
        <ele>737.4000000000001</ele>
        <time>2025-05-08T07:22:23</time>
      </trkpt>
      <trkpt lat="46.49310923181474" lon="22.60540360584855">
        <ele>738.0</ele>
        <time>2025-05-08T07:22:28</time>
      </trkpt>
      <trkpt lat="46.49314334616065" lon="22.60544509626925">
        <ele>738.5999999999999</ele>
        <time>2025-05-08T07:22:31</time>
      </trkpt>
      <trkpt lat="46.4931855071336" lon="22.605529502034187">
        <ele>739.8</ele>
        <time>2025-05-08T07:22:36</time>
      </trkpt>
      <trkpt lat="46.49324635975063" lon="22.60562052950263">
        <ele>740.5999999999999</ele>
        <time>2025-05-08T07:22:42</time>
      </trkpt>
      <trkpt lat="46.49325666949153" lon="22.605636455118656">
        <ele>740.8</ele>
        <time>2025-05-08T07:22:43</time>
      </trkpt>
      <trkpt lat="46.493317103013396" lon="22.60576419532299">
        <ele>741.8</ele>
        <time>2025-05-08T07:22:50</time>
      </trkpt>
      <trkpt lat="46.49332908913493" lon="22.605779534205794">
        <ele>741.8</ele>
        <time>2025-05-08T07:22:51</time>
      </trkpt>
      <trkpt lat="46.49337401613593" lon="22.60587508790195">
        <ele>742.8</ele>
        <time>2025-05-08T07:22:56</time>
      </trkpt>
      <trkpt lat="46.493396647274494" lon="22.605932001024485">
        <ele>743.2</ele>
        <time>2025-05-08T07:22:59</time>
      </trkpt>
      <trkpt lat="46.49342858232558" lon="22.60599042288959">
        <ele>743.8</ele>
        <time>2025-05-08T07:23:02</time>
      </trkpt>
      <trkpt lat="46.49344693869352" lon="22.60602311231196">
        <ele>744.2</ele>
        <time>2025-05-08T07:23:04</time>
      </trkpt>
      <trkpt lat="46.493451464921236" lon="22.606038954108953">
        <ele>744.4000000000001</ele>
        <time>2025-05-08T07:23:06</time>
      </trkpt>
      <trkpt lat="46.49345071054995" lon="22.60604222305119">
        <ele>744.4000000000001</ele>
        <time>2025-05-08T07:23:07</time>
      </trkpt>
      <trkpt lat="46.493456829339266" lon="22.606068290770054">
        <ele>745.4000000000001</ele>
        <time>2025-05-08T07:23:14</time>
      </trkpt>
      <trkpt lat="46.49345657788217" lon="22.60607005096972">
        <ele>745.4000000000001</ele>
        <time>2025-05-08T07:23:18</time>
      </trkpt>
      <trkpt lat="46.49345749989152" lon="22.606081031262875">
        <ele>745.5999999999999</ele>
        <time>2025-05-08T07:23:28</time>
      </trkpt>
      <trkpt lat="46.49345699697733" lon="22.606085473671556">
        <ele>745.5999999999999</ele>
        <time>2025-05-08T07:23:42</time>
      </trkpt>
      <trkpt lat="46.493451884016395" lon="22.606092682108283">
        <ele>745.4000000000001</ele>
        <time>2025-05-08T07:23:56</time>
      </trkpt>
      <trkpt lat="46.49346789345145" lon="22.606114223599434">
        <ele>745.4000000000001</ele>
        <time>2025-05-08T07:24:11</time>
      </trkpt>
      <trkpt lat="46.4934600982815" lon="22.60612084530294">
        <ele>745.4000000000001</ele>
        <time>2025-05-08T07:24:29</time>
      </trkpt>
      <trkpt lat="46.493455320596695" lon="22.606141045689583">
        <ele>745.8</ele>
        <time>2025-05-08T07:24:43</time>
      </trkpt>
      <trkpt lat="46.493455823510885" lon="22.606142554432154">
        <ele>745.8</ele>
        <time>2025-05-08T07:25:04</time>
      </trkpt>
      <trkpt lat="46.49346143938601" lon="22.60613987222314">
        <ele>745.8</ele>
        <time>2025-05-08T07:25:13</time>
      </trkpt>
      <trkpt lat="46.49345942772925" lon="22.606122102588415">
        <ele>746.0</ele>
        <time>2025-05-08T07:25:21</time>
      </trkpt>
      <trkpt lat="46.49346060119569" lon="22.606097292155027">
        <ele>746.0</ele>
        <time>2025-05-08T07:25:35</time>
      </trkpt>
      <trkpt lat="46.493501756340265" lon="22.606132831424475">
        <ele>746.2</ele>
        <time>2025-05-08T07:25:41</time>
      </trkpt>
      <trkpt lat="46.49353025481105" lon="22.606175411492586">
        <ele>746.2</ele>
        <time>2025-05-08T07:25:44</time>
      </trkpt>
      <trkpt lat="46.49358658120036" lon="22.606282699853182">
        <ele>746.5999999999999</ele>
        <time>2025-05-08T07:25:51</time>
      </trkpt>
      <trkpt lat="46.493587754666805" lon="22.606300385668874">
        <ele>746.5999999999999</ele>
        <time>2025-05-08T07:25:52</time>
      </trkpt>
      <trkpt lat="46.49359923787415" lon="22.606427539139986">
        <ele>747.5999999999999</ele>
        <time>2025-05-08T07:25:59</time>
      </trkpt>
      <trkpt lat="46.493596471846104" lon="22.606446901336312">
        <ele>747.8</ele>
        <time>2025-05-08T07:26:00</time>
      </trkpt>
      <trkpt lat="46.49358306080103" lon="22.606499372050166">
        <ele>748.2</ele>
        <time>2025-05-08T07:26:03</time>
      </trkpt>
      <trkpt lat="46.4935792889446" lon="22.606589645147324">
        <ele>748.8</ele>
        <time>2025-05-08T07:26:08</time>
      </trkpt>
      <trkpt lat="46.49355959147215" lon="22.60675359517336">
        <ele>749.8</ele>
        <time>2025-05-08T07:26:15</time>
      </trkpt>
      <trkpt lat="46.493555484339595" lon="22.60688661597669">
        <ele>750.4000000000001</ele>
        <time>2025-05-08T07:26:19</time>
      </trkpt>
      <trkpt lat="46.493560429662466" lon="22.606947384774685">
        <ele>750.5999999999999</ele>
        <time>2025-05-08T07:26:21</time>
      </trkpt>
      <trkpt lat="46.49355674162507" lon="22.606973284855485">
        <ele>750.5999999999999</ele>
        <time>2025-05-08T07:26:22</time>
      </trkpt>
      <trkpt lat="46.493548611178994" lon="22.607033802196383">
        <ele>750.8</ele>
        <time>2025-05-08T07:26:24</time>
      </trkpt>
      <trkpt lat="46.49354542605579" lon="22.607085267081857">
        <ele>751.2</ele>
        <time>2025-05-08T07:26:26</time>
      </trkpt>
      <trkpt lat="46.493530590087175" lon="22.60730193927884">
        <ele>752.0</ele>
        <time>2025-05-08T07:26:34</time>
      </trkpt>
      <trkpt lat="46.49350837804377" lon="22.607468403875828">
        <ele>752.8</ele>
        <time>2025-05-08T07:26:40</time>
      </trkpt>
      <trkpt lat="46.4935034327209" lon="22.607541577890515">
        <ele>753.0</ele>
        <time>2025-05-08T07:26:43</time>
      </trkpt>
      <trkpt lat="46.49349236860871" lon="22.607676023617387">
        <ele>753.5999999999999</ele>
        <time>2025-05-08T07:26:48</time>
      </trkpt>
      <trkpt lat="46.49348348379135" lon="22.60779437609017">
        <ele>754.0</ele>
        <time>2025-05-08T07:26:52</time>
      </trkpt>
      <trkpt lat="46.49347518570721" lon="22.607884481549263">
        <ele>754.2</ele>
        <time>2025-05-08T07:26:55</time>
      </trkpt>
      <trkpt lat="46.49344693869352" lon="22.608094196766615">
        <ele>755.2</ele>
        <time>2025-05-08T07:27:02</time>
      </trkpt>
      <trkpt lat="46.49342874996364" lon="22.60814473964274">
        <ele>755.4000000000001</ele>
        <time>2025-05-08T07:27:04</time>
      </trkpt>
      <trkpt lat="46.493394719436765" lon="22.608257979154587">
        <ele>756.2</ele>
        <time>2025-05-08T07:27:08</time>
      </trkpt>
      <trkpt lat="46.49334719404578" lon="22.608361328020692">
        <ele>756.5999999999999</ele>
        <time>2025-05-08T07:27:12</time>
      </trkpt>
      <trkpt lat="46.49328709580004" lon="22.6084593962878">
        <ele>757.4000000000001</ele>
        <time>2025-05-08T07:27:17</time>
      </trkpt>
      <trkpt lat="46.49325968697667" lon="22.6085024792701">
        <ele>757.5999999999999</ele>
        <time>2025-05-08T07:27:19</time>
      </trkpt>
      <trkpt lat="46.49314736947417" lon="22.608636673539877">
        <ele>758.5999999999999</ele>
        <time>2025-05-08T07:27:26</time>
      </trkpt>
      <trkpt lat="46.493131360039115" lon="22.6086578797549">
        <ele>758.5999999999999</ele>
        <time>2025-05-08T07:27:27</time>
      </trkpt>
      <trkpt lat="46.49300831370056" lon="22.608860889449716">
        <ele>759.5999999999999</ele>
        <time>2025-05-08T07:27:35</time>
      </trkpt>
      <trkpt lat="46.49298752658069" lon="22.608880503103137">
        <ele>759.5999999999999</ele>
        <time>2025-05-08T07:27:36</time>
      </trkpt>
      <trkpt lat="46.492879986763" lon="22.60899692773819">
        <ele>760.5999999999999</ele>
        <time>2025-05-08T07:27:42</time>
      </trkpt>
      <trkpt lat="46.49276314303279" lon="22.609119806438684">
        <ele>761.5999999999999</ele>
        <time>2025-05-08T07:27:49</time>
      </trkpt>
      <trkpt lat="46.49274646304548" lon="22.609136486425996">
        <ele>761.5999999999999</ele>
        <time>2025-05-08T07:27:50</time>
      </trkpt>
      <trkpt lat="46.4926727861166" lon="22.609215527772903">
        <ele>762.4000000000001</ele>
        <time>2025-05-08T07:27:55</time>
      </trkpt>
      <trkpt lat="46.49263506755233" lon="22.609274117276073">
        <ele>762.5999999999999</ele>
        <time>2025-05-08T07:27:58</time>
      </trkpt>
      <trkpt lat="46.49259743280709" lon="22.609343100339174">
        <ele>763.2</ele>
        <time>2025-05-08T07:28:01</time>
      </trkpt>
      <trkpt lat="46.49255510419607" lon="22.609436055645347">
        <ele>763.5999999999999</ele>
        <time>2025-05-08T07:28:05</time>
      </trkpt>
      <trkpt lat="46.49254965595901" lon="22.609462961554527">
        <ele>763.8</ele>
        <time>2025-05-08T07:28:06</time>
      </trkpt>
      <trkpt lat="46.49255124852061" lon="22.609517946839333">
        <ele>764.0</ele>
        <time>2025-05-08T07:28:08</time>
      </trkpt>
      <trkpt lat="46.492571951821446" lon="22.609657840803266">
        <ele>764.8</ele>
        <time>2025-05-08T07:28:13</time>
      </trkpt>
      <trkpt lat="46.49259131401777" lon="22.609711149707437">
        <ele>765.0</ele>
        <time>2025-05-08T07:28:15</time>
      </trkpt>
      <trkpt lat="46.492682760581374" lon="22.609819611534476">
        <ele>765.8</ele>
        <time>2025-05-08T07:28:21</time>
      </trkpt>
      <trkpt lat="46.49269851855934" lon="22.609835704788566">
        <ele>766.0</ele>
        <time>2025-05-08T07:28:22</time>
      </trkpt>
      <trkpt lat="46.492811841890216" lon="22.609896138310432">
        <ele>767.0</ele>
        <time>2025-05-08T07:28:28</time>
      </trkpt>
      <trkpt lat="46.49283254519105" lon="22.609899742528796">
        <ele>767.2</ele>
        <time>2025-05-08T07:28:29</time>
      </trkpt>
      <trkpt lat="46.49294645525515" lon="22.609900329262018">
        <ele>768.2</ele>
        <time>2025-05-08T07:28:35</time>
      </trkpt>
      <trkpt lat="46.49298400618136" lon="22.60988130234182">
        <ele>768.5999999999999</ele>
        <time>2025-05-08T07:28:37</time>
      </trkpt>
      <trkpt lat="46.493095653131604" lon="22.609798572957516">
        <ele>769.2</ele>
        <time>2025-05-08T07:28:43</time>
      </trkpt>
      <trkpt lat="46.49324359372258" lon="22.609686590731144">
        <ele>770.0</ele>
        <time>2025-05-08T07:28:51</time>
      </trkpt>
      <trkpt lat="46.49328047409654" lon="22.60965373367071">
        <ele>770.2</ele>
        <time>2025-05-08T07:28:53</time>
      </trkpt>
      <trkpt lat="46.49338633753359" lon="22.609549211338162">
        <ele>771.4000000000001</ele>
        <time>2025-05-08T07:28:59</time>
      </trkpt>
      <trkpt lat="46.49340435862541" lon="22.609533118084073">
        <ele>771.5999999999999</ele>
        <time>2025-05-08T07:29:00</time>
      </trkpt>
      <trkpt lat="46.493512485176325" lon="22.609429853037">
        <ele>772.5999999999999</ele>
        <time>2025-05-08T07:29:06</time>
      </trkpt>
      <trkpt lat="46.49353000335395" lon="22.609412670135498">
        <ele>772.4000000000001</ele>
        <time>2025-05-08T07:29:07</time>
      </trkpt>
      <trkpt lat="46.49365489371121" lon="22.609280068427324">
        <ele>773.4000000000001</ele>
        <time>2025-05-08T07:29:14</time>
      </trkpt>
      <trkpt lat="46.493687918409705" lon="22.609240589663386">
        <ele>773.5999999999999</ele>
        <time>2025-05-08T07:29:16</time>
      </trkpt>
      <trkpt lat="46.493798810988665" lon="22.60908342897892">
        <ele>774.5999999999999</ele>
        <time>2025-05-08T07:29:23</time>
      </trkpt>
      <trkpt lat="46.49381482042372" lon="22.60905903764069">
        <ele>774.8</ele>
        <time>2025-05-08T07:29:24</time>
      </trkpt>
      <trkpt lat="46.49390894919634" lon="22.608918976038694">
        <ele>775.5999999999999</ele>
        <time>2025-05-08T07:29:30</time>
      </trkpt>
      <trkpt lat="46.493954211473465" lon="22.60884596966207">
        <ele>775.8</ele>
        <time>2025-05-08T07:29:33</time>
      </trkpt>
      <trkpt lat="46.49400441907346" lon="22.60874136351049">
        <ele>776.2</ele>
        <time>2025-05-08T07:29:37</time>
      </trkpt>
      <trkpt lat="46.494017243385315" lon="22.608714876696467">
        <ele>776.4000000000001</ele>
        <time>2025-05-08T07:29:38</time>
      </trkpt>
      <trkpt lat="46.49408790282905" lon="22.60859183035791">
        <ele>776.8</ele>
        <time>2025-05-08T07:29:43</time>
      </trkpt>
      <trkpt lat="46.494098883122206" lon="22.608563331887126">
        <ele>777.0</ele>
        <time>2025-05-08T07:29:44</time>
      </trkpt>
      <trkpt lat="46.49416929110885" lon="22.60840030387044">
        <ele>777.4000000000001</ele>
        <time>2025-05-08T07:29:50</time>
      </trkpt>
      <trkpt lat="46.494224444031715" lon="22.608251525089145">
        <ele>778.0</ele>
        <time>2025-05-08T07:29:55</time>
      </trkpt>
      <trkpt lat="46.49423542432487" lon="22.60822151787579">
        <ele>778.0</ele>
        <time>2025-05-08T07:29:56</time>
      </trkpt>
      <trkpt lat="46.49432050064206" lon="22.608064021915197">
        <ele>778.5999999999999</ele>
        <time>2025-05-08T07:30:02</time>
      </trkpt>
      <trkpt lat="46.49434036575258" lon="22.60800752788782">
        <ele>779.0</ele>
        <time>2025-05-08T07:30:04</time>
      </trkpt>
      <trkpt lat="46.49438353255391" lon="22.607890432700515">
        <ele>779.8</ele>
        <time>2025-05-08T07:30:08</time>
      </trkpt>
      <trkpt lat="46.49440750479698" lon="22.607834776863456">
        <ele>780.0</ele>
        <time>2025-05-08T07:30:10</time>
      </trkpt>
      <trkpt lat="46.494483947753906" lon="22.607683232054114">
        <ele>780.8</ele>
        <time>2025-05-08T07:30:16</time>
      </trkpt>
      <trkpt lat="46.49449693970382" lon="22.60765900835395">
        <ele>781.0</ele>
        <time>2025-05-08T07:30:17</time>
      </trkpt>
      <trkpt lat="46.494578160345554" lon="22.607492292299867">
        <ele>782.0</ele>
        <time>2025-05-08T07:30:24</time>
      </trkpt>
      <trkpt lat="46.49459098465741" lon="22.607465889304876">
        <ele>782.2</ele>
        <time>2025-05-08T07:30:25</time>
      </trkpt>
      <trkpt lat="46.4946760609746" lon="22.60727251879871">
        <ele>783.0</ele>
        <time>2025-05-08T07:30:32</time>
      </trkpt>
      <trkpt lat="46.494683185592294" lon="22.60724125429988">
        <ele>783.2</ele>
        <time>2025-05-08T07:30:33</time>
      </trkpt>
      <trkpt lat="46.494783433154225" lon="22.607046961784363">
        <ele>784.2</ele>
        <time>2025-05-08T07:30:41</time>
      </trkpt>
      <trkpt lat="46.49479650892317" lon="22.60702491737902">
        <ele>784.2</ele>
        <time>2025-05-08T07:30:42</time>
      </trkpt>
      <trkpt lat="46.494846381247044" lon="22.606923077255487">
        <ele>785.2</ele>
        <time>2025-05-08T07:30:46</time>
      </trkpt>
      <trkpt lat="46.49487504735589" lon="22.6068430300802">
        <ele>786.0</ele>
        <time>2025-05-08T07:30:49</time>
      </trkpt>
      <trkpt lat="46.494909496977925" lon="22.606774549931288">
        <ele>786.2</ele>
        <time>2025-05-08T07:30:52</time>
      </trkpt>
      <trkpt lat="46.49495232850313" lon="22.606645803898573">
        <ele>787.2</ele>
        <time>2025-05-08T07:30:58</time>
      </trkpt>
      <trkpt lat="46.49495953693986" lon="22.6066202390939">
        <ele>787.4000000000001</ele>
        <time>2025-05-08T07:30:59</time>
      </trkpt>
      <trkpt lat="46.49500513449311" lon="22.606464587152004">
        <ele>788.4000000000001</ele>
        <time>2025-05-08T07:31:05</time>
      </trkpt>
      <trkpt lat="46.49500882253051" lon="22.606435921043158">
        <ele>788.5999999999999</ele>
        <time>2025-05-08T07:31:06</time>
      </trkpt>
      <trkpt lat="46.49504218250513" lon="22.606280352920294">
        <ele>789.5999999999999</ele>
        <time>2025-05-08T07:31:12</time>
      </trkpt>
      <trkpt lat="46.49512927047908" lon="22.6061487570405">
        <ele>790.8</ele>
        <time>2025-05-08T07:31:19</time>
      </trkpt>
      <trkpt lat="46.49514318443835" lon="22.606136184185743">
        <ele>790.8</ele>
        <time>2025-05-08T07:31:20</time>
      </trkpt>
      <trkpt lat="46.49526799097657" lon="22.606022274121642">
        <ele>791.8</ele>
        <time>2025-05-08T07:31:28</time>
      </trkpt>
      <trkpt lat="46.49541635066271" lon="22.605908196419477">
        <ele>792.8</ele>
        <time>2025-05-08T07:31:36</time>
      </trkpt>
      <trkpt lat="46.49543512612581" lon="22.605894869193435">
        <ele>793.0</ele>
        <time>2025-05-08T07:31:37</time>
      </trkpt>
      <trkpt lat="46.49558122269809" lon="22.60578221641481">
        <ele>793.8</ele>
        <time>2025-05-08T07:31:45</time>
      </trkpt>
      <trkpt lat="46.49560108780861" lon="22.605769224464893">
        <ele>794.0</ele>
        <time>2025-05-08T07:31:46</time>
      </trkpt>
      <trkpt lat="46.495781214907765" lon="22.605667300522327">
        <ele>795.2</ele>
        <time>2025-05-08T07:31:55</time>
      </trkpt>
      <trkpt lat="46.49597056210041" lon="22.60557459667325">
        <ele>796.2</ele>
        <time>2025-05-08T07:32:04</time>
      </trkpt>
      <trkpt lat="46.49598975665867" lon="22.605567555874586">
        <ele>796.2</ele>
        <time>2025-05-08T07:32:05</time>
      </trkpt>
      <trkpt lat="46.4961436484009" lon="22.605540733784437">
        <ele>797.2</ele>
        <time>2025-05-08T07:32:13</time>
      </trkpt>
      <trkpt lat="46.496162759140134" lon="22.605541069060564">
        <ele>797.2</ele>
        <time>2025-05-08T07:32:14</time>
      </trkpt>
      <trkpt lat="46.49629443883896" lon="22.605519276112318">
        <ele>798.4000000000001</ele>
        <time>2025-05-08T07:32:20</time>
      </trkpt>
      <trkpt lat="46.49631748907268" lon="22.605512235313654">
        <ele>798.5999999999999</ele>
        <time>2025-05-08T07:32:21</time>
      </trkpt>
      <trkpt lat="46.49645562283695" lon="22.60545833967626">
        <ele>799.4000000000001</ele>
        <time>2025-05-08T07:32:27</time>
      </trkpt>
      <trkpt lat="46.49652301333845" lon="22.605451131239533">
        <ele>799.5999999999999</ele>
        <time>2025-05-08T07:32:30</time>
      </trkpt>
      <trkpt lat="46.49660808965564" lon="22.60543637908995">
        <ele>800.2</ele>
        <time>2025-05-08T07:32:34</time>
      </trkpt>
      <trkpt lat="46.496673468500376" lon="22.605411652475595">
        <ele>800.5999999999999</ele>
        <time>2025-05-08T07:32:37</time>
      </trkpt>
      <trkpt lat="46.49677715264261" lon="22.605392038822174">
        <ele>801.0</ele>
        <time>2025-05-08T07:32:42</time>
      </trkpt>
      <trkpt lat="46.496912855654955" lon="22.60538944043219">
        <ele>801.8</ele>
        <time>2025-05-08T07:32:48</time>
      </trkpt>
      <trkpt lat="46.49704688228667" lon="22.605430679395795">
        <ele>802.5999999999999</ele>
        <time>2025-05-08T07:32:54</time>
      </trkpt>
      <trkpt lat="46.49706666357815" lon="22.605440486222506">
        <ele>802.8</ele>
        <time>2025-05-08T07:32:55</time>
      </trkpt>
      <trkpt lat="46.49720856919885" lon="22.605493795126677">
        <ele>803.4000000000001</ele>
        <time>2025-05-08T07:33:02</time>
      </trkpt>
      <trkpt lat="46.49727327749133" lon="22.605535788461566">
        <ele>804.0</ele>
        <time>2025-05-08T07:33:05</time>
      </trkpt>
      <trkpt lat="46.49733169935644" lon="22.605595970526338">
        <ele>804.4000000000001</ele>
        <time>2025-05-08T07:33:09</time>
      </trkpt>
      <trkpt lat="46.49739682674408" lon="22.60566151700914">
        <ele>805.0</ele>
        <time>2025-05-08T07:33:13</time>
      </trkpt>
      <trkpt lat="46.49742716923356" lon="22.605704432353377">
        <ele>805.2</ele>
        <time>2025-05-08T07:33:15</time>
      </trkpt>
      <trkpt lat="46.497509479522705" lon="22.605866538360715">
        <ele>806.0</ele>
        <time>2025-05-08T07:33:21</time>
      </trkpt>
      <trkpt lat="46.49758089333773" lon="22.606061920523643">
        <ele>807.0</ele>
        <time>2025-05-08T07:33:28</time>
      </trkpt>
      <trkpt lat="46.49759329855442" lon="22.60609494522214">
        <ele>807.2</ele>
        <time>2025-05-08T07:33:29</time>
      </trkpt>
      <trkpt lat="46.497646272182465" lon="22.60629426687956">
        <ele>808.2</ele>
        <time>2025-05-08T07:33:35</time>
      </trkpt>
      <trkpt lat="46.497657503932714" lon="22.60631480254233">
        <ele>808.2</ele>
        <time>2025-05-08T07:33:36</time>
      </trkpt>
      <trkpt lat="46.49771559052169" lon="22.6064320653677">
        <ele>808.8</ele>
        <time>2025-05-08T07:33:42</time>
      </trkpt>
      <trkpt lat="46.49775557219982" lon="22.606511609628797">
        <ele>809.2</ele>
        <time>2025-05-08T07:33:46</time>
      </trkpt>
      <trkpt lat="46.4977980684489" lon="22.606578413397074">
        <ele>809.5999999999999</ele>
        <time>2025-05-08T07:33:49</time>
      </trkpt>
      <trkpt lat="46.49784886278212" lon="22.606686456128955">
        <ele>810.4000000000001</ele>
        <time>2025-05-08T07:33:54</time>
      </trkpt>
      <trkpt lat="46.49786805734038" lon="22.60672685690224">
        <ele>810.5999999999999</ele>
        <time>2025-05-08T07:33:56</time>
      </trkpt>
      <trkpt lat="46.49794265627861" lon="22.60685132816434">
        <ele>811.4000000000001</ele>
        <time>2025-05-08T07:34:02</time>
      </trkpt>
      <trkpt lat="46.49800082668662" lon="22.606914611533284">
        <ele>811.8</ele>
        <time>2025-05-08T07:34:06</time>
      </trkpt>
      <trkpt lat="46.49805111810565" lon="22.606932381168008">
        <ele>812.0</ele>
        <time>2025-05-08T07:34:08</time>
      </trkpt>
      <trkpt lat="46.498129488900304" lon="22.60695895180106">
        <ele>812.4000000000001</ele>
        <time>2025-05-08T07:34:11</time>
      </trkpt>
      <trkpt lat="46.49819243699312" lon="22.60699356906116">
        <ele>812.8</ele>
        <time>2025-05-08T07:34:15</time>
      </trkpt>
      <trkpt lat="46.49829628877342" lon="22.60700731538236">
        <ele>813.4000000000001</ele>
        <time>2025-05-08T07:34:21</time>
      </trkpt>
      <trkpt lat="46.498310789465904" lon="22.607010835781693">
        <ele>813.5999999999999</ele>
        <time>2025-05-08T07:34:22</time>
      </trkpt>
      <trkpt lat="46.498363092541695" lon="22.607020139694214">
        <ele>814.5999999999999</ele>
        <time>2025-05-08T07:34:26</time>
      </trkpt>
      <trkpt lat="46.49841086938977" lon="22.607028605416417">
        <ele>815.2</ele>
        <time>2025-05-08T07:34:29</time>
      </trkpt>
      <trkpt lat="46.49847272783518" lon="22.607020810246468">
        <ele>815.8</ele>
        <time>2025-05-08T07:34:33</time>
      </trkpt>
      <trkpt lat="46.49854112416506" lon="22.607013685628772">
        <ele>816.2</ele>
        <time>2025-05-08T07:34:36</time>
      </trkpt>
      <trkpt lat="46.49866375140846" lon="22.60701502673328">
        <ele>816.8</ele>
        <time>2025-05-08T07:34:42</time>
      </trkpt>
      <trkpt lat="46.49870239198208" lon="22.607023157179356">
        <ele>817.2</ele>
        <time>2025-05-08T07:34:44</time>
      </trkpt>
      <trkpt lat="46.49880398064852" lon="22.60700580663979">
        <ele>818.0</ele>
        <time>2025-05-08T07:34:49</time>
      </trkpt>
      <trkpt lat="46.49884312413633" lon="22.607003124430776">
        <ele>818.2</ele>
        <time>2025-05-08T07:34:51</time>
      </trkpt>
      <trkpt lat="46.49895560927689" lon="22.60697747580707">
        <ele>818.8</ele>
        <time>2025-05-08T07:34:57</time>
      </trkpt>
      <trkpt lat="46.49899232201278" lon="22.606965573504567">
        <ele>819.0</ele>
        <time>2025-05-08T07:34:59</time>
      </trkpt>
      <trkpt lat="46.4990742970258" lon="22.60697605088353">
        <ele>819.5999999999999</ele>
        <time>2025-05-08T07:35:04</time>
      </trkpt>
      <trkpt lat="46.49913791567087" lon="22.60697931982577">
        <ele>820.2</ele>
        <time>2025-05-08T07:35:08</time>
      </trkpt>
      <trkpt lat="46.49917823262513" lon="22.60701108723879">
        <ele>820.4000000000001</ele>
        <time>2025-05-08T07:35:10</time>
      </trkpt>
      <trkpt lat="46.49928434751928" lon="22.607037322595716">
        <ele>821.0</ele>
        <time>2025-05-08T07:35:16</time>
      </trkpt>
      <trkpt lat="46.49932935833931" lon="22.607035981491208">
        <ele>821.2</ele>
        <time>2025-05-08T07:35:18</time>
      </trkpt>
      <trkpt lat="46.49941451847553" lon="22.607043189927936">
        <ele>821.8</ele>
        <time>2025-05-08T07:35:23</time>
      </trkpt>
      <trkpt lat="46.499474281445146" lon="22.607044111937284">
        <ele>822.2</ele>
        <time>2025-05-08T07:35:26</time>
      </trkpt>
      <trkpt lat="46.49955499917269" lon="22.607068419456482">
        <ele>822.5999999999999</ele>
        <time>2025-05-08T07:35:30</time>
      </trkpt>
      <trkpt lat="46.49965868331492" lon="22.607083758339286">
        <ele>823.2</ele>
        <time>2025-05-08T07:35:35</time>
      </trkpt>
      <trkpt lat="46.49973671883345" lon="22.60708057321608">
        <ele>823.4000000000001</ele>
        <time>2025-05-08T07:35:38</time>
      </trkpt>
      <trkpt lat="46.4998409897089" lon="22.607124662026763">
        <ele>824.2</ele>
        <time>2025-05-08T07:35:44</time>
      </trkpt>
      <trkpt lat="46.499946266412735" lon="22.607226334512234">
        <ele>825.0</ele>
        <time>2025-05-08T07:35:50</time>
      </trkpt>
      <trkpt lat="46.499984906986356" lon="22.607263131067157">
        <ele>825.2</ele>
        <time>2025-05-08T07:35:52</time>
      </trkpt>
      <trkpt lat="46.50005900301039" lon="22.60736740194261">
        <ele>826.2</ele>
        <time>2025-05-08T07:35:58</time>
      </trkpt>
      <trkpt lat="46.50006822310388" lon="22.60739623568952">
        <ele>826.4000000000001</ele>
        <time>2025-05-08T07:35:59</time>
      </trkpt>
      <trkpt lat="46.50011021643877" lon="22.60755155235529">
        <ele>827.2</ele>
        <time>2025-05-08T07:36:04</time>
      </trkpt>
      <trkpt lat="46.50014055892825" lon="22.607614248991013">
        <ele>827.4000000000001</ele>
        <time>2025-05-08T07:36:06</time>
      </trkpt>
      <trkpt lat="46.500147096812725" lon="22.607794040814042">
        <ele>828.4000000000001</ele>
        <time>2025-05-08T07:36:13</time>
      </trkpt>
      <trkpt lat="46.500103091821074" lon="22.607984310016036">
        <ele>829.4000000000001</ele>
        <time>2025-05-08T07:36:20</time>
      </trkpt>
      <trkpt lat="46.50009705685079" lon="22.60801088064909">
        <ele>829.5999999999999</ele>
        <time>2025-05-08T07:36:21</time>
      </trkpt>
      <trkpt lat="46.500027906149626" lon="22.60807634331286">
        <ele>830.4000000000001</ele>
        <time>2025-05-08T07:36:26</time>
      </trkpt>
      <trkpt lat="46.50001105852425" lon="22.608079360798">
        <ele>830.4000000000001</ele>
        <time>2025-05-08T07:36:27</time>
      </trkpt>
      <trkpt lat="46.49992698803544" lon="22.60802898555994">
        <ele>831.2</ele>
        <time>2025-05-08T07:36:32</time>
      </trkpt>
      <trkpt lat="46.499831015244126" lon="22.60793033055961">
        <ele>831.4000000000001</ele>
        <time>2025-05-08T07:36:38</time>
      </trkpt>
      <trkpt lat="46.499785752967" lon="22.60787693783641">
        <ele>831.5999999999999</ele>
        <time>2025-05-08T07:36:41</time>
      </trkpt>
      <trkpt lat="46.49974711239338" lon="22.6078237965703">
        <ele>832.0</ele>
        <time>2025-05-08T07:36:44</time>
      </trkpt>
      <trkpt lat="46.49969824589789" lon="22.607751209288836">
        <ele>832.5999999999999</ele>
        <time>2025-05-08T07:36:48</time>
      </trkpt>
      <trkpt lat="46.49964300915599" lon="22.607697313651443">
        <ele>833.4000000000001</ele>
        <time>2025-05-08T07:36:52</time>
      </trkpt>
      <trkpt lat="46.499586096033454" lon="22.6076702401042">
        <ele>833.5999999999999</ele>
        <time>2025-05-08T07:36:55</time>
      </trkpt>
      <trkpt lat="46.499532451853156" lon="22.607642747461796">
        <ele>834.2</ele>
        <time>2025-05-08T07:36:59</time>
      </trkpt>
      <trkpt lat="46.49948174133897" lon="22.60761508718133">
        <ele>834.8</ele>
        <time>2025-05-08T07:37:03</time>
      </trkpt>
      <trkpt lat="46.499417535960674" lon="22.607619361951947">
        <ele>835.4000000000001</ele>
        <time>2025-05-08T07:37:07</time>
      </trkpt>
      <trkpt lat="46.49937193840742" lon="22.607628162950277">
        <ele>835.8</ele>
        <time>2025-05-08T07:37:10</time>
      </trkpt>
      <trkpt lat="46.49927512742579" lon="22.6076683960855">
        <ele>836.5999999999999</ele>
        <time>2025-05-08T07:37:15</time>
      </trkpt>
      <trkpt lat="46.49924176745117" lon="22.607696978375316">
        <ele>836.8</ele>
        <time>2025-05-08T07:37:17</time>
      </trkpt>
      <trkpt lat="46.49915241636336" lon="22.607761854305863">
        <ele>837.4000000000001</ele>
        <time>2025-05-08T07:37:21</time>
      </trkpt>
      <trkpt lat="46.499058958142996" lon="22.607820527628064">
        <ele>838.0</ele>
        <time>2025-05-08T07:37:25</time>
      </trkpt>
      <trkpt lat="46.499001290649176" lon="22.6078687235713">
        <ele>838.4000000000001</ele>
        <time>2025-05-08T07:37:28</time>
      </trkpt>
      <trkpt lat="46.498888889327645" lon="22.607930582016706">
        <ele>839.0</ele>
        <time>2025-05-08T07:37:34</time>
      </trkpt>
      <trkpt lat="46.498871790245175" lon="22.607942149043083">
        <ele>839.2</ele>
        <time>2025-05-08T07:37:35</time>
      </trkpt>
      <trkpt lat="46.49881286546588" lon="22.607993697747588">
        <ele>840.0</ele>
        <time>2025-05-08T07:37:40</time>
      </trkpt>
      <trkpt lat="46.49880356155336" lon="22.607993446290493">
        <ele>840.4000000000001</ele>
        <time>2025-05-08T07:37:44</time>
      </trkpt>
      <trkpt lat="46.498812697827816" lon="22.607986070215702">
        <ele>841.0</ele>
        <time>2025-05-08T07:37:53</time>
      </trkpt>
      <trkpt lat="46.49881194345653" lon="22.607989674434066">
        <ele>841.0</ele>
        <time>2025-05-08T07:37:55</time>
      </trkpt>
      <trkpt lat="46.49877958931029" lon="22.607982214540243">
        <ele>841.0</ele>
        <time>2025-05-08T07:38:08</time>
      </trkpt>
      <trkpt lat="46.49873868562281" lon="22.60795229114592">
        <ele>841.2</ele>
        <time>2025-05-08T07:38:21</time>
      </trkpt>
      <trkpt lat="46.49873709306121" lon="22.607955140993">
        <ele>841.0</ele>
        <time>2025-05-08T07:38:29</time>
      </trkpt>
      <trkpt lat="46.498746648430824" lon="22.607951872050762">
        <ele>841.0</ele>
        <time>2025-05-08T07:38:39</time>
      </trkpt>
      <trkpt lat="46.4987738057971" lon="22.60795614682138">
        <ele>841.0</ele>
        <time>2025-05-08T07:38:53</time>
      </trkpt>
      <trkpt lat="46.498774560168386" lon="22.60795271024108">
        <ele>841.0</ele>
        <time>2025-05-08T07:39:02</time>
      </trkpt>
      <trkpt lat="46.49877782911062" lon="22.607972407713532">
        <ele>840.4000000000001</ele>
        <time>2025-05-08T07:39:13</time>
      </trkpt>
      <trkpt lat="46.49877766147256" lon="22.60798690840602">
        <ele>840.4000000000001</ele>
        <time>2025-05-08T07:39:18</time>
      </trkpt>
      <trkpt lat="46.49877095595002" lon="22.607981292530894">
        <ele>840.8</ele>
        <time>2025-05-08T07:39:27</time>
      </trkpt>
      <trkpt lat="46.49876785464585" lon="22.607980370521545">
        <ele>840.5999999999999</ele>
        <time>2025-05-08T07:39:37</time>
      </trkpt>
      <trkpt lat="46.49877120740712" lon="22.607984310016036">
        <ele>840.5999999999999</ele>
        <time>2025-05-08T07:39:44</time>
      </trkpt>
      <trkpt lat="46.49877045303583" lon="22.607985232025385">
        <ele>840.4000000000001</ele>
        <time>2025-05-08T07:39:53</time>
      </trkpt>
      <trkpt lat="46.49877179414034" lon="22.607994535937905">
        <ele>840.4000000000001</ele>
        <time>2025-05-08T07:40:02</time>
      </trkpt>
      <trkpt lat="46.498773135244846" lon="22.608000235632062">
        <ele>840.4000000000001</ele>
        <time>2025-05-08T07:40:10</time>
      </trkpt>
      <trkpt lat="46.498773135244846" lon="22.608006857335567">
        <ele>840.2</ele>
        <time>2025-05-08T07:40:21</time>
      </trkpt>
      <trkpt lat="46.498772045597434" lon="22.608017083257437">
        <ele>840.2</ele>
        <time>2025-05-08T07:40:31</time>
      </trkpt>
      <trkpt lat="46.49877271614969" lon="22.608032673597336">
        <ele>840.2</ele>
        <time>2025-05-08T07:40:40</time>
      </trkpt>
      <trkpt lat="46.49875871837139" lon="22.608032757416368">
        <ele>840.4000000000001</ele>
        <time>2025-05-08T07:40:50</time>
      </trkpt>
      <trkpt lat="46.49875083938241" lon="22.60801574215293">
        <ele>840.2</ele>
        <time>2025-05-08T07:41:02</time>
      </trkpt>
      <trkpt lat="46.49874899536371" lon="22.60801624506712">
        <ele>840.2</ele>
        <time>2025-05-08T07:41:14</time>
      </trkpt>
      <trkpt lat="46.49874899536371" lon="22.608017921447754">
        <ele>840.2</ele>
        <time>2025-05-08T07:41:27</time>
      </trkpt>
      <trkpt lat="46.49874195456505" lon="22.608018089085817">
        <ele>840.4000000000001</ele>
        <time>2025-05-08T07:41:39</time>
      </trkpt>
      <trkpt lat="46.49872343055904" lon="22.607995122671127">
        <ele>840.4000000000001</ele>
        <time>2025-05-08T07:41:50</time>
      </trkpt>
      <trkpt lat="46.49872192181647" lon="22.607998894527555">
        <ele>840.4000000000001</ele>
        <time>2025-05-08T07:42:06</time>
      </trkpt>
      <trkpt lat="46.498720748350024" lon="22.608001995831728">
        <ele>840.4000000000001</ele>
        <time>2025-05-08T07:42:14</time>
      </trkpt>
      <trkpt lat="46.498724184930325" lon="22.608000067994">
        <ele>840.4000000000001</ele>
        <time>2025-05-08T07:42:25</time>
      </trkpt>
      <trkpt lat="46.49872502312064" lon="22.608000738546252">
        <ele>840.4000000000001</ele>
        <time>2025-05-08T07:42:49</time>
      </trkpt>
      <trkpt lat="46.49872502312064" lon="22.608000906184316">
        <ele>840.4000000000001</ele>
        <time>2025-05-08T07:43:16</time>
      </trkpt>
      <trkpt lat="46.49872049689293" lon="22.608005851507187">
        <ele>840.4000000000001</ele>
        <time>2025-05-08T07:43:27</time>
      </trkpt>
      <trkpt lat="46.49872099980712" lon="22.608008198440075">
        <ele>840.4000000000001</ele>
        <time>2025-05-08T07:43:41</time>
      </trkpt>
      <trkpt lat="46.49872058071196" lon="22.608008114621043">
        <ele>840.4000000000001</ele>
        <time>2025-05-08T07:43:58</time>
      </trkpt>
      <trkpt lat="46.49872116744518" lon="22.60800895281136">
        <ele>840.4000000000001</ele>
        <time>2025-05-08T07:44:21</time>
      </trkpt>
      <trkpt lat="46.49872141890228" lon="22.608003756031394">
        <ele>840.4000000000001</ele>
        <time>2025-05-08T07:44:34</time>
      </trkpt>
      <trkpt lat="46.49872192181647" lon="22.608003169298172">
        <ele>840.4000000000001</ele>
        <time>2025-05-08T07:45:10</time>
      </trkpt>
      <trkpt lat="46.498714881017804" lon="22.607997469604015">
        <ele>840.4000000000001</ele>
        <time>2025-05-08T07:45:22</time>
      </trkpt>
      <trkpt lat="46.49871161207557" lon="22.607987578958273">
        <ele>840.4000000000001</ele>
        <time>2025-05-08T07:45:35</time>
      </trkpt>
      <trkpt lat="46.49872443638742" lon="22.608000906184316">
        <ele>840.4000000000001</ele>
        <time>2025-05-08T07:45:48</time>
      </trkpt>
      <trkpt lat="46.49872485548258" lon="22.60800207965076">
        <ele>840.2</ele>
        <time>2025-05-08T07:46:20</time>
      </trkpt>
      <trkpt lat="46.49872628040612" lon="22.608003672212362">
        <ele>840.4000000000001</ele>
        <time>2025-05-08T07:46:40</time>
      </trkpt>
      <trkpt lat="46.4987272862345" lon="22.608006857335567">
        <ele>840.4000000000001</ele>
        <time>2025-05-08T07:47:12</time>
      </trkpt>
      <trkpt lat="46.498725609853864" lon="22.608008533716202">
        <ele>840.2</ele>
        <time>2025-05-08T07:47:45</time>
      </trkpt>
      <trkpt lat="46.49871555157006" lon="22.60799713432789">
        <ele>840.5999999999999</ele>
        <time>2025-05-08T07:48:05</time>
      </trkpt>
      <trkpt lat="46.498712450265884" lon="22.607987159863114">
        <ele>840.5999999999999</ele>
        <time>2025-05-08T07:48:20</time>
      </trkpt>
      <trkpt lat="46.498712450265884" lon="22.607987662777305">
        <ele>840.8</ele>
        <time>2025-05-08T07:48:41</time>
      </trkpt>
      <trkpt lat="46.49871027097106" lon="22.60798892006278">
        <ele>841.0</ele>
        <time>2025-05-08T07:49:12</time>
      </trkpt>
      <trkpt lat="46.49870448745787" lon="22.607989171519876">
        <ele>841.0</ele>
        <time>2025-05-08T07:49:44</time>
      </trkpt>
      <trkpt lat="46.498695351183414" lon="22.6079723238945">
        <ele>841.0</ele>
        <time>2025-05-08T07:50:02</time>
      </trkpt>
      <trkpt lat="46.4987045712769" lon="22.60798648931086">
        <ele>841.0</ele>
        <time>2025-05-08T07:50:13</time>
      </trkpt>
      <trkpt lat="46.49869811721146" lon="22.607995541766286">
        <ele>841.0</ele>
        <time>2025-05-08T07:50:29</time>
      </trkpt>
      <trkpt lat="46.49869987741113" lon="22.607994871214032">
        <ele>841.0</ele>
        <time>2025-05-08T07:50:57</time>
      </trkpt>
      <trkpt lat="46.4986961055547" lon="22.60800065472722">
        <ele>841.0</ele>
        <time>2025-05-08T07:51:10</time>
      </trkpt>
      <trkpt lat="46.4987064152956" lon="22.608019430190325">
        <ele>841.5999999999999</ele>
        <time>2025-05-08T07:51:25</time>
      </trkpt>
      <trkpt lat="46.49870197288692" lon="22.608015406876802">
        <ele>841.5999999999999</ele>
        <time>2025-05-08T07:51:36</time>
      </trkpt>
      <trkpt lat="46.49870817549527" lon="22.60802018456161">
        <ele>841.8</ele>
        <time>2025-05-08T07:51:46</time>
      </trkpt>
      <trkpt lat="46.498714964836836" lon="22.608023704960942">
        <ele>841.8</ele>
        <time>2025-05-08T07:52:04</time>
      </trkpt>
      <trkpt lat="46.49871504865587" lon="22.60802311822772">
        <ele>842.0</ele>
        <time>2025-05-08T07:52:26</time>
      </trkpt>
      <trkpt lat="46.49871479719877" lon="22.6080206874758">
        <ele>841.8</ele>
        <time>2025-05-08T07:52:48</time>
      </trkpt>
      <trkpt lat="46.498714461922646" lon="22.60802018456161">
        <ele>841.8</ele>
        <time>2025-05-08T07:53:01</time>
      </trkpt>
      <trkpt lat="46.498719742521644" lon="22.60801473632455">
        <ele>841.8</ele>
        <time>2025-05-08T07:53:15</time>
      </trkpt>
      <trkpt lat="46.49871949106455" lon="22.608012640848756">
        <ele>841.8</ele>
        <time>2025-05-08T07:53:31</time>
      </trkpt>
      <trkpt lat="46.49872116744518" lon="22.608015490695834">
        <ele>841.8</ele>
        <time>2025-05-08T07:53:42</time>
      </trkpt>
      <trkpt lat="46.49873357266188" lon="22.608008785173297">
        <ele>842.0</ele>
        <time>2025-05-08T07:53:54</time>
      </trkpt>
      <trkpt lat="46.49874111637473" lon="22.608022950589657">
        <ele>842.0</ele>
        <time>2025-05-08T07:54:06</time>
      </trkpt>
      <trkpt lat="46.498751593753695" lon="22.6080309972167">
        <ele>842.0</ele>
        <time>2025-05-08T07:54:28</time>
      </trkpt>
      <trkpt lat="46.49875100702047" lon="22.608035020530224">
        <ele>842.0</ele>
        <time>2025-05-08T07:54:42</time>
      </trkpt>
      <trkpt lat="46.498748576268554" lon="22.60806117206812">
        <ele>842.0</ele>
        <time>2025-05-08T07:55:01</time>
      </trkpt>
      <trkpt lat="46.49873139336705" lon="22.608092604205012">
        <ele>841.8</ele>
        <time>2025-05-08T07:55:05</time>
      </trkpt>
      <trkpt lat="46.49870943278074" lon="22.608122443780303">
        <ele>841.8</ele>
        <time>2025-05-08T07:55:07</time>
      </trkpt>
      <trkpt lat="46.49861890822649" lon="22.608245322480798">
        <ele>841.8</ele>
        <time>2025-05-08T07:55:14</time>
      </trkpt>
      <trkpt lat="46.49854397401214" lon="22.608371302485466">
        <ele>842.4000000000001</ele>
        <time>2025-05-08T07:55:20</time>
      </trkpt>
      <trkpt lat="46.498477505519986" lon="22.608477752655745">
        <ele>843.0</ele>
        <time>2025-05-08T07:55:26</time>
      </trkpt>
      <trkpt lat="46.49845026433468" lon="22.60853768326342">
        <ele>843.5999999999999</ele>
        <time>2025-05-08T07:55:29</time>
      </trkpt>
      <trkpt lat="46.49838983081281" lon="22.608617143705487">
        <ele>844.2</ele>
        <time>2025-05-08T07:55:34</time>
      </trkpt>
      <trkpt lat="46.49833048693836" lon="22.608675649389625">
        <ele>844.5999999999999</ele>
        <time>2025-05-08T07:55:38</time>
      </trkpt>
      <trkpt lat="46.49829687550664" lon="22.608695598319173">
        <ele>844.8</ele>
        <time>2025-05-08T07:55:40</time>
      </trkpt>
      <trkpt lat="46.49820308201015" lon="22.608708757907152">
        <ele>845.4000000000001</ele>
        <time>2025-05-08T07:55:46</time>
      </trkpt>
      <trkpt lat="46.49816653691232" lon="22.608683947473764">
        <ele>845.8</ele>
        <time>2025-05-08T07:55:48</time>
      </trkpt>
      <trkpt lat="46.4980742521584" lon="22.608607336878777">
        <ele>846.2</ele>
        <time>2025-05-08T07:55:53</time>
      </trkpt>
      <trkpt lat="46.498009292408824" lon="22.6085215061903">
        <ele>846.8</ele>
        <time>2025-05-08T07:55:57</time>
      </trkpt>
      <trkpt lat="46.49799479171634" lon="22.60849753394723">
        <ele>846.8</ele>
        <time>2025-05-08T07:55:58</time>
      </trkpt>
      <trkpt lat="46.49793980643153" lon="22.60839552618563">
        <ele>847.8</ele>
        <time>2025-05-08T07:56:02</time>
      </trkpt>
      <trkpt lat="46.49787903763354" lon="22.60830357670784">
        <ele>848.4000000000001</ele>
        <time>2025-05-08T07:56:06</time>
      </trkpt>
      <trkpt lat="46.49784039705992" lon="22.608224535360932">
        <ele>848.8</ele>
        <time>2025-05-08T07:56:09</time>
      </trkpt>
      <trkpt lat="46.49777661077678" lon="22.608096543699503">
        <ele>849.4000000000001</ele>
        <time>2025-05-08T07:56:14</time>
      </trkpt>
      <trkpt lat="46.49768901988864" lon="22.607964612543583">
        <ele>850.0</ele>
        <time>2025-05-08T07:56:20</time>
      </trkpt>
      <trkpt lat="46.49767275899649" lon="22.60794449597597">
        <ele>850.0</ele>
        <time>2025-05-08T07:56:21</time>
      </trkpt>
      <trkpt lat="46.49757519364357" lon="22.607843661680818">
        <ele>850.8</ele>
        <time>2025-05-08T07:56:27</time>
      </trkpt>
      <trkpt lat="46.497524064034224" lon="22.607808373868465">
        <ele>851.0</ele>
        <time>2025-05-08T07:56:30</time>
      </trkpt>
      <trkpt lat="46.497464971616864" lon="22.607786497101188">
        <ele>851.4000000000001</ele>
        <time>2025-05-08T07:56:33</time>
      </trkpt>
      <trkpt lat="46.49735634215176" lon="22.60779437609017">
        <ele>852.0</ele>
        <time>2025-05-08T07:56:39</time>
      </trkpt>
      <trkpt lat="46.497336560860276" lon="22.607804518193007">
        <ele>852.2</ele>
        <time>2025-05-08T07:56:40</time>
      </trkpt>
      <trkpt lat="46.49722130969167" lon="22.60787853039801">
        <ele>853.0</ele>
        <time>2025-05-08T07:56:46</time>
      </trkpt>
      <trkpt lat="46.49718820117414" lon="22.607912980020046">
        <ele>853.2</ele>
        <time>2025-05-08T07:56:48</time>
      </trkpt>
      <trkpt lat="46.49711544625461" lon="22.607998894527555">
        <ele>853.4000000000001</ele>
        <time>2025-05-08T07:56:52</time>
      </trkpt>
      <trkpt lat="46.49701067246497" lon="22.60812185704708">
        <ele>854.0</ele>
        <time>2025-05-08T07:56:58</time>
      </trkpt>
      <trkpt lat="46.49699315428734" lon="22.608145577833056">
        <ele>854.2</ele>
        <time>2025-05-08T07:56:59</time>
      </trkpt>
      <trkpt lat="46.49690925143659" lon="22.608241802081466">
        <ele>854.8</ele>
        <time>2025-05-08T07:57:04</time>
      </trkpt>
      <trkpt lat="46.49682987481356" lon="22.60837054811418">
        <ele>855.4000000000001</ele>
        <time>2025-05-08T07:57:09</time>
      </trkpt>
      <trkpt lat="46.49681294336915" lon="22.608391754329205">
        <ele>855.4000000000001</ele>
        <time>2025-05-08T07:57:10</time>
      </trkpt>
      <trkpt lat="46.4967049844563" lon="22.60857037268579">
        <ele>856.4000000000001</ele>
        <time>2025-05-08T07:57:17</time>
      </trkpt>
      <trkpt lat="46.49668796919286" lon="22.608597362414002">
        <ele>856.5999999999999</ele>
        <time>2025-05-08T07:57:18</time>
      </trkpt>
      <trkpt lat="46.496618231758475" lon="22.60869551450014">
        <ele>857.2</ele>
        <time>2025-05-08T07:57:22</time>
      </trkpt>
      <trkpt lat="46.49655184708536" lon="22.608810514211655">
        <ele>857.5999999999999</ele>
        <time>2025-05-08T07:57:26</time>
      </trkpt>
      <trkpt lat="46.49649049155414" lon="22.60891880840063">
        <ele>858.0</ele>
        <time>2025-05-08T07:57:30</time>
      </trkpt>
      <trkpt lat="46.49644950404763" lon="22.60902534238994">
        <ele>858.8</ele>
        <time>2025-05-08T07:57:34</time>
      </trkpt>
      <trkpt lat="46.49640742689371" lon="22.609095247462392">
        <ele>859.0</ele>
        <time>2025-05-08T07:57:37</time>
      </trkpt>
      <trkpt lat="46.49635311216116" lon="22.609230112284422">
        <ele>860.0</ele>
        <time>2025-05-08T07:57:42</time>
      </trkpt>
      <trkpt lat="46.496341209858656" lon="22.609259197488427">
        <ele>860.2</ele>
        <time>2025-05-08T07:57:43</time>
      </trkpt>
      <trkpt lat="46.49629460647702" lon="22.609483497217298">
        <ele>860.8</ele>
        <time>2025-05-08T07:57:50</time>
      </trkpt>
      <trkpt lat="46.49627977050841" lon="22.60954468511045">
        <ele>861.2</ele>
        <time>2025-05-08T07:57:52</time>
      </trkpt>
      <trkpt lat="46.49626803584397" lon="22.60963856242597">
        <ele>861.5999999999999</ele>
        <time>2025-05-08T07:57:55</time>
      </trkpt>
      <trkpt lat="46.49626032449305" lon="22.609729589894414">
        <ele>862.2</ele>
        <time>2025-05-08T07:57:58</time>
      </trkpt>
      <trkpt lat="46.496270298957825" lon="22.609855653718114">
        <ele>862.5999999999999</ele>
        <time>2025-05-08T07:58:02</time>
      </trkpt>
      <trkpt lat="46.496289409697056" lon="22.609984064474702">
        <ele>863.2</ele>
        <time>2025-05-08T07:58:06</time>
      </trkpt>
      <trkpt lat="46.49629879742861" lon="22.610043827444315">
        <ele>863.8</ele>
        <time>2025-05-08T07:58:08</time>
      </trkpt>
      <trkpt lat="46.49631245993078" lon="22.61022739112377">
        <ele>864.5999999999999</ele>
        <time>2025-05-08T07:58:14</time>
      </trkpt>
      <trkpt lat="46.49632419459522" lon="22.610318418592215">
        <ele>864.8</ele>
        <time>2025-05-08T07:58:17</time>
      </trkpt>
      <trkpt lat="46.496325954794884" lon="22.610434591770172">
        <ele>865.2</ele>
        <time>2025-05-08T07:58:21</time>
      </trkpt>
      <trkpt lat="46.49632587097585" lon="22.61049695312977">
        <ele>865.5999999999999</ele>
        <time>2025-05-08T07:58:23</time>
      </trkpt>
      <trkpt lat="46.4963252004236" lon="22.61057859286666">
        <ele>865.5999999999999</ele>
        <time>2025-05-08T07:58:26</time>
      </trkpt>
      <trkpt lat="46.496334336698055" lon="22.6108458917588">
        <ele>866.8</ele>
        <time>2025-05-08T07:58:35</time>
      </trkpt>
      <trkpt lat="46.496321177110076" lon="22.611010260879993">
        <ele>867.4000000000001</ele>
        <time>2025-05-08T07:58:41</time>
      </trkpt>
      <trkpt lat="46.49631497450173" lon="22.611126517876983">
        <ele>867.8</ele>
        <time>2025-05-08T07:58:45</time>
      </trkpt>
      <trkpt lat="46.496313381940126" lon="22.61115375906229">
        <ele>867.8</ele>
        <time>2025-05-08T07:58:46</time>
      </trkpt>
      <trkpt lat="46.49632779881358" lon="22.611418459564447">
        <ele>868.8</ele>
        <time>2025-05-08T07:58:54</time>
      </trkpt>
      <trkpt lat="46.49634908884764" lon="22.611614679917693">
        <ele>869.4000000000001</ele>
        <time>2025-05-08T07:59:00</time>
      </trkpt>
      <trkpt lat="46.49636451154947" lon="22.611739737913013">
        <ele>869.8</ele>
        <time>2025-05-08T07:59:04</time>
      </trkpt>
      <trkpt lat="46.4963957760483" lon="22.61183579452336">
        <ele>870.4000000000001</ele>
        <time>2025-05-08T07:59:07</time>
      </trkpt>
      <trkpt lat="46.49643701501191" lon="22.611983567476273">
        <ele>871.0</ele>
        <time>2025-05-08T07:59:12</time>
      </trkpt>
      <trkpt lat="46.49644749239087" lon="22.61201709508896">
        <ele>871.0</ele>
        <time>2025-05-08T07:59:13</time>
      </trkpt>
      <trkpt lat="46.49652267806232" lon="22.612144583836198">
        <ele>871.8</ele>
        <time>2025-05-08T07:59:18</time>
      </trkpt>
      <trkpt lat="46.4965546131134" lon="22.61219060048461">
        <ele>872.2</ele>
        <time>2025-05-08T07:59:20</time>
      </trkpt>
      <trkpt lat="46.49663306772709" lon="22.612262265756726">
        <ele>872.5999999999999</ele>
        <time>2025-05-08T07:59:24</time>
      </trkpt>
      <trkpt lat="46.4967343211174" lon="22.612307611852884">
        <ele>873.2</ele>
        <time>2025-05-08T07:59:29</time>
      </trkpt>
      <trkpt lat="46.49676642380655" lon="22.612310461699963">
        <ele>873.4000000000001</ele>
        <time>2025-05-08T07:59:31</time>
      </trkpt>
      <trkpt lat="46.496905982494354" lon="22.61231674812734">
        <ele>874.2</ele>
        <time>2025-05-08T07:59:38</time>
      </trkpt>
      <trkpt lat="46.496932888403535" lon="22.61231423355639">
        <ele>874.2</ele>
        <time>2025-05-08T07:59:39</time>
      </trkpt>
      <trkpt lat="46.49708786979318" lon="22.6122809574008">
        <ele>875.0</ele>
        <time>2025-05-08T07:59:46</time>
      </trkpt>
      <trkpt lat="46.497162552550435" lon="22.612277856096625">
        <ele>875.2</ele>
        <time>2025-05-08T07:59:49</time>
      </trkpt>
      <trkpt lat="46.49722935631871" lon="22.612267211079597">
        <ele>875.5999999999999</ele>
        <time>2025-05-08T07:59:52</time>
      </trkpt>
      <trkpt lat="46.497354581952095" lon="22.61229277588427">
        <ele>876.2</ele>
        <time>2025-05-08T07:59:58</time>
      </trkpt>
      <trkpt lat="46.497493805363774" lon="22.61235815472901">
        <ele>876.8</ele>
        <time>2025-05-08T08:00:04</time>
      </trkpt>
      <trkpt lat="46.497541749849916" lon="22.6123983040452">
        <ele>877.4000000000001</ele>
        <time>2025-05-08T08:00:06</time>
      </trkpt>
      <trkpt lat="46.497656581923366" lon="22.61252528987825">
        <ele>878.0</ele>
        <time>2025-05-08T08:00:11</time>
      </trkpt>
      <trkpt lat="46.49771148338914" lon="22.612608270719647">
        <ele>878.5999999999999</ele>
        <time>2025-05-08T08:00:14</time>
      </trkpt>
      <trkpt lat="46.497831512242556" lon="22.612830977886915">
        <ele>879.5999999999999</ele>
        <time>2025-05-08T08:00:22</time>
      </trkpt>
      <trkpt lat="46.4979328494519" lon="22.613020492717624">
        <ele>880.5999999999999</ele>
        <time>2025-05-08T08:00:29</time>
      </trkpt>
      <trkpt lat="46.49797040037811" lon="22.61309852823615">
        <ele>881.0</ele>
        <time>2025-05-08T08:00:32</time>
      </trkpt>
      <trkpt lat="46.498032845556736" lon="22.61322752572596">
        <ele>881.5999999999999</ele>
        <time>2025-05-08T08:00:37</time>
      </trkpt>
      <trkpt lat="46.498098224401474" lon="22.61335300281644">
        <ele>882.0</ele>
        <time>2025-05-08T08:00:42</time>
      </trkpt>
      <trkpt lat="46.49815807119012" lon="22.61344595812261">
        <ele>882.8</ele>
        <time>2025-05-08T08:00:46</time>
      </trkpt>
      <trkpt lat="46.49824465624988" lon="22.61357042938471">
        <ele>883.5999999999999</ele>
        <time>2025-05-08T08:00:52</time>
      </trkpt>
      <trkpt lat="46.498256642371416" lon="22.6135933957994">
        <ele>883.8</ele>
        <time>2025-05-08T08:00:53</time>
      </trkpt>
      <trkpt lat="46.498343143612146" lon="22.613724321126938">
        <ele>884.4000000000001</ele>
        <time>2025-05-08T08:00:59</time>
      </trkpt>
      <trkpt lat="46.49838773533702" lon="22.61379280127585">
        <ele>884.8</ele>
        <time>2025-05-08T08:01:02</time>
      </trkpt>
      <trkpt lat="46.49852419272065" lon="22.6139853335917">
        <ele>885.8</ele>
        <time>2025-05-08T08:01:11</time>
      </trkpt>
      <trkpt lat="46.498641623184085" lon="22.61415389366448">
        <ele>887.2</ele>
        <time>2025-05-08T08:01:19</time>
      </trkpt>
      <trkpt lat="46.49865662679076" lon="22.614174345508218">
        <ele>887.2</ele>
        <time>2025-05-08T08:01:20</time>
      </trkpt>
      <trkpt lat="46.498804818838835" lon="22.614342318847775">
        <ele>888.2</ele>
        <time>2025-05-08T08:01:29</time>
      </trkpt>
      <trkpt lat="46.49881940335035" lon="22.61436067521572">
        <ele>888.4000000000001</ele>
        <time>2025-05-08T08:01:30</time>
      </trkpt>
      <trkpt lat="46.498938761651516" lon="22.614470226690173">
        <ele>889.0</ele>
        <time>2025-05-08T08:01:37</time>
      </trkpt>
      <trkpt lat="46.49900933727622" lon="22.614520601928234">
        <ele>889.2</ele>
        <time>2025-05-08T08:01:41</time>
      </trkpt>
      <trkpt lat="46.499100448563695" lon="22.614560667425394">
        <ele>889.8</ele>
        <time>2025-05-08T08:01:46</time>
      </trkpt>
      <trkpt lat="46.49915509857237" lon="22.61458246037364">
        <ele>890.4000000000001</ele>
        <time>2025-05-08T08:01:49</time>
      </trkpt>
      <trkpt lat="46.49922416545451" lon="22.614609533920884">
        <ele>890.8</ele>
        <time>2025-05-08T08:01:53</time>
      </trkpt>
      <trkpt lat="46.499302284792066" lon="22.614599391818047">
        <ele>891.2</ele>
        <time>2025-05-08T08:01:57</time>
      </trkpt>
      <trkpt lat="46.499360455200076" lon="22.614593021571636">
        <ele>891.4000000000001</ele>
        <time>2025-05-08T08:02:00</time>
      </trkpt>
      <trkpt lat="46.499454164877534" lon="22.61455371044576">
        <ele>892.2</ele>
        <time>2025-05-08T08:02:05</time>
      </trkpt>
      <trkpt lat="46.49947302415967" lon="22.614542143419385">
        <ele>892.4000000000001</ele>
        <time>2025-05-08T08:02:06</time>
      </trkpt>
      <trkpt lat="46.499669160693884" lon="22.614395543932915">
        <ele>893.4000000000001</ele>
        <time>2025-05-08T08:02:16</time>
      </trkpt>
      <trkpt lat="46.49968860670924" lon="22.61437475681305">
        <ele>893.4000000000001</ele>
        <time>2025-05-08T08:02:17</time>
      </trkpt>
      <trkpt lat="46.49977695196867" lon="22.614280879497528">
        <ele>894.0</ele>
        <time>2025-05-08T08:02:22</time>
      </trkpt>
      <trkpt lat="46.499895974993706" lon="22.61418515816331">
        <ele>894.5999999999999</ele>
        <time>2025-05-08T08:02:28</time>
      </trkpt>
      <trkpt lat="46.50003637187183" lon="22.61412992142141">
        <ele>895.4000000000001</ele>
        <time>2025-05-08T08:02:35</time>
      </trkpt>
      <trkpt lat="46.500134356319904" lon="22.614097064360976">
        <ele>895.5999999999999</ele>
        <time>2025-05-08T08:02:40</time>
      </trkpt>
      <trkpt lat="46.50017375126481" lon="22.614077366888523">
        <ele>896.0</ele>
        <time>2025-05-08T08:02:42</time>
      </trkpt>
      <trkpt lat="46.50027324445546" lon="22.614013412967324">
        <ele>896.8</ele>
        <time>2025-05-08T08:02:47</time>
      </trkpt>
      <trkpt lat="46.50029059499502" lon="22.613996481522918">
        <ele>896.5999999999999</ele>
        <time>2025-05-08T08:02:48</time>
      </trkpt>
      <trkpt lat="46.50043409317732" lon="22.61383051984012">
        <ele>897.5999999999999</ele>
        <time>2025-05-08T08:02:56</time>
      </trkpt>
      <trkpt lat="46.500451443716884" lon="22.613808307796717">
        <ele>897.8</ele>
        <time>2025-05-08T08:02:57</time>
      </trkpt>
      <trkpt lat="46.50058999657631" lon="22.613720381632447">
        <ele>898.5999999999999</ele>
        <time>2025-05-08T08:03:04</time>
      </trkpt>
      <trkpt lat="46.50064825080335" lon="22.613702192902565">
        <ele>898.8</ele>
        <time>2025-05-08T08:03:07</time>
      </trkpt>
      <trkpt lat="46.50075729936361" lon="22.613679142668843">
        <ele>899.2</ele>
        <time>2025-05-08T08:03:12</time>
      </trkpt>
      <trkpt lat="46.5008650906384" lon="22.61370001360774">
        <ele>899.8</ele>
        <time>2025-05-08T08:03:17</time>
      </trkpt>
      <trkpt lat="46.50100112892687" lon="22.61376539245248">
        <ele>901.0</ele>
        <time>2025-05-08T08:03:24</time>
      </trkpt>
      <trkpt lat="46.50101940147579" lon="22.61378006078303">
        <ele>901.0</ele>
        <time>2025-05-08T08:03:25</time>
      </trkpt>
      <trkpt lat="46.50113197043538" lon="22.613874105736613">
        <ele>901.5999999999999</ele>
        <time>2025-05-08T08:03:31</time>
      </trkpt>
      <trkpt lat="46.50118821300566" lon="22.6138973236084">
        <ele>902.2</ele>
        <time>2025-05-08T08:03:34</time>
      </trkpt>
      <trkpt lat="46.50127119384706" lon="22.613909309729934">
        <ele>902.5999999999999</ele>
        <time>2025-05-08T08:03:38</time>
      </trkpt>
      <trkpt lat="46.50140563957393" lon="22.61391894891858">
        <ele>903.0</ele>
        <time>2025-05-08T08:03:44</time>
      </trkpt>
      <trkpt lat="46.501429611817" lon="22.61391886509955">
        <ele>903.0</ele>
        <time>2025-05-08T08:03:45</time>
      </trkpt>
      <trkpt lat="46.501576881855726" lon="22.61392381042242">
        <ele>903.4000000000001</ele>
        <time>2025-05-08T08:03:51</time>
      </trkpt>
      <trkpt lat="46.50170571170747" lon="22.613944932818413">
        <ele>903.5999999999999</ele>
        <time>2025-05-08T08:03:57</time>
      </trkpt>
      <trkpt lat="46.501760110259056" lon="22.613953398540616">
        <ele>904.0</ele>
        <time>2025-05-08T08:04:00</time>
      </trkpt>
      <trkpt lat="46.501812832430005" lon="22.613960774615407">
        <ele>904.5999999999999</ele>
        <time>2025-05-08T08:04:03</time>
      </trkpt>
      <trkpt lat="46.50188868865371" lon="22.61397410184145">
        <ele>905.2</ele>
        <time>2025-05-08T08:04:07</time>
      </trkpt>
      <trkpt lat="46.5019600186497" lon="22.61397996917367">
        <ele>905.8</ele>
        <time>2025-05-08T08:04:10</time>
      </trkpt>
      <trkpt lat="46.50201969780028" lon="22.613988686352968">
        <ele>906.4000000000001</ele>
        <time>2025-05-08T08:04:13</time>
      </trkpt>
      <trkpt lat="46.5020755212754" lon="22.613988099619746">
        <ele>906.5999999999999</ele>
        <time>2025-05-08T08:04:16</time>
      </trkpt>
      <trkpt lat="46.50220409967005" lon="22.613986926153302">
        <ele>907.4000000000001</ele>
        <time>2025-05-08T08:04:22</time>
      </trkpt>
      <trkpt lat="46.502246763557196" lon="22.613982316106558">
        <ele>907.8</ele>
        <time>2025-05-08T08:04:24</time>
      </trkpt>
      <trkpt lat="46.50235530920327" lon="22.613951051607728">
        <ele>908.4000000000001</ele>
        <time>2025-05-08T08:04:29</time>
      </trkpt>
      <trkpt lat="46.502419179305434" lon="22.61393604800105">
        <ele>908.4000000000001</ele>
        <time>2025-05-08T08:04:32</time>
      </trkpt>
      <trkpt lat="46.50253283791244" lon="22.613901430740952">
        <ele>909.2</ele>
        <time>2025-05-08T08:04:37</time>
      </trkpt>
      <trkpt lat="46.50257206521928" lon="22.613894641399384">
        <ele>909.5999999999999</ele>
        <time>2025-05-08T08:04:39</time>
      </trkpt>
      <trkpt lat="46.50266409851611" lon="22.6138782966882">
        <ele>910.0</ele>
        <time>2025-05-08T08:04:43</time>
      </trkpt>
      <trkpt lat="46.502763675525784" lon="22.613855162635446">
        <ele>910.4000000000001</ele>
        <time>2025-05-08T08:04:48</time>
      </trkpt>
      <trkpt lat="46.50279896333814" lon="22.61385097168386">
        <ele>910.5999999999999</ele>
        <time>2025-05-08T08:04:50</time>
      </trkpt>
      <trkpt lat="46.50295025669038" lon="22.613860527053475">
        <ele>911.4000000000001</ele>
        <time>2025-05-08T08:04:57</time>
      </trkpt>
      <trkpt lat="46.50310104712844" lon="22.613921547308564">
        <ele>912.4000000000001</ele>
        <time>2025-05-08T08:05:04</time>
      </trkpt>
      <trkpt lat="46.50320422835648" lon="22.614024812355638">
        <ele>913.4000000000001</ele>
        <time>2025-05-08T08:05:10</time>
      </trkpt>
      <trkpt lat="46.50322375819087" lon="22.61404392309487">
        <ele>913.4000000000001</ele>
        <time>2025-05-08T08:05:11</time>
      </trkpt>
      <trkpt lat="46.50330732576549" lon="22.61419638991356">
        <ele>914.2</ele>
        <time>2025-05-08T08:05:17</time>
      </trkpt>
      <trkpt lat="46.50332191027701" lon="22.614221619442105">
        <ele>914.2</ele>
        <time>2025-05-08T08:05:18</time>
      </trkpt>
      <trkpt lat="46.503366669639945" lon="22.61436059139669">
        <ele>915.4000000000001</ele>
        <time>2025-05-08T08:05:23</time>
      </trkpt>
      <trkpt lat="46.50337337516248" lon="22.614389676600695">
        <ele>915.4000000000001</ele>
        <time>2025-05-08T08:05:24</time>
      </trkpt>
      <trkpt lat="46.50339122861624" lon="22.614525882527232">
        <ele>916.4000000000001</ele>
        <time>2025-05-08T08:05:29</time>
      </trkpt>
      <trkpt lat="46.50339189916849" lon="22.614551028236747">
        <ele>916.5999999999999</ele>
        <time>2025-05-08T08:05:30</time>
      </trkpt>
      <trkpt lat="46.50340790860355" lon="22.614708356559277">
        <ele>917.4000000000001</ele>
        <time>2025-05-08T08:05:36</time>
      </trkpt>
      <trkpt lat="46.50341277010739" lon="22.61473341844976">
        <ele>917.5999999999999</ele>
        <time>2025-05-08T08:05:37</time>
      </trkpt>
      <trkpt lat="46.503423331305385" lon="22.614885633811355">
        <ele>918.2</ele>
        <time>2025-05-08T08:05:43</time>
      </trkpt>
      <trkpt lat="46.50343137793243" lon="22.615017229691148">
        <ele>919.2</ele>
        <time>2025-05-08T08:05:48</time>
      </trkpt>
      <trkpt lat="46.50343883782625" lon="22.61507112532854">
        <ele>919.5999999999999</ele>
        <time>2025-05-08T08:05:50</time>
      </trkpt>
      <trkpt lat="46.50345811620355" lon="22.615237422287464">
        <ele>920.4000000000001</ele>
        <time>2025-05-08T08:05:56</time>
      </trkpt>
      <trkpt lat="46.50347244925797" lon="22.61534471064806">
        <ele>921.0</ele>
        <time>2025-05-08T08:06:00</time>
      </trkpt>
      <trkpt lat="46.503482926636934" lon="22.615422159433365">
        <ele>921.4000000000001</ele>
        <time>2025-05-08T08:06:03</time>
      </trkpt>
      <trkpt lat="46.50350865907967" lon="22.615572111681104">
        <ele>922.0</ele>
        <time>2025-05-08T08:06:09</time>
      </trkpt>
      <trkpt lat="46.50353983975947" lon="22.61570672504604">
        <ele>922.2</ele>
        <time>2025-05-08T08:06:14</time>
      </trkpt>
      <trkpt lat="46.50357118807733" lon="22.61581283994019">
        <ele>923.0</ele>
        <time>2025-05-08T08:06:18</time>
      </trkpt>
      <trkpt lat="46.50360396131873" lon="22.615882828831673">
        <ele>923.4000000000001</ele>
        <time>2025-05-08T08:06:21</time>
      </trkpt>
      <trkpt lat="46.50367830879986" lon="22.616011993959546">
        <ele>924.2</ele>
        <time>2025-05-08T08:06:27</time>
      </trkpt>
      <trkpt lat="46.503703873604536" lon="22.616050131618977">
        <ele>924.4000000000001</ele>
        <time>2025-05-08T08:06:29</time>
      </trkpt>
      <trkpt lat="46.50377193465829" lon="22.616140320897102">
        <ele>925.2</ele>
        <time>2025-05-08T08:06:34</time>
      </trkpt>
      <trkpt lat="46.503835218027234" lon="22.616210812702775">
        <ele>925.5999999999999</ele>
        <time>2025-05-08T08:06:38</time>
      </trkpt>
      <trkpt lat="46.50388299487531" lon="22.616239562630653">
        <ele>926.0</ele>
        <time>2025-05-08T08:06:41</time>
      </trkpt>
      <trkpt lat="46.50398257188499" lon="22.616262193769217">
        <ele>926.4000000000001</ele>
        <time>2025-05-08T08:06:46</time>
      </trkpt>
      <trkpt lat="46.50404887273908" lon="22.616272419691086">
        <ele>926.8</ele>
        <time>2025-05-08T08:06:49</time>
      </trkpt>
      <trkpt lat="46.5041530597955" lon="22.61630435474217">
        <ele>927.2</ele>
        <time>2025-05-08T08:06:54</time>
      </trkpt>
      <trkpt lat="46.50425272062421" lon="22.61626378633082">
        <ele>927.8</ele>
        <time>2025-05-08T08:07:00</time>
      </trkpt>
      <trkpt lat="46.504354225471616" lon="22.61618910357356">
        <ele>928.8</ele>
        <time>2025-05-08T08:07:07</time>
      </trkpt>
      <trkpt lat="46.50438381358981" lon="22.61615624651313">
        <ele>929.0</ele>
        <time>2025-05-08T08:07:09</time>
      </trkpt>
      <trkpt lat="46.50449713692069" lon="22.616047617048025">
        <ele>930.0</ele>
        <time>2025-05-08T08:07:16</time>
      </trkpt>
      <trkpt lat="46.504514487460256" lon="22.616032529622316">
        <ele>930.2</ele>
        <time>2025-05-08T08:07:17</time>
      </trkpt>
      <trkpt lat="46.50460702367127" lon="22.61592675000429">
        <ele>931.2</ele>
        <time>2025-05-08T08:07:23</time>
      </trkpt>
      <trkpt lat="46.504620937630534" lon="22.615913758054376">
        <ele>931.4000000000001</ele>
        <time>2025-05-08T08:07:24</time>
      </trkpt>
      <trkpt lat="46.504729483276606" lon="22.615808313712478">
        <ele>932.2</ele>
        <time>2025-05-08T08:07:31</time>
      </trkpt>
      <trkpt lat="46.5047469176352" lon="22.615798339247704">
        <ele>932.4000000000001</ele>
        <time>2025-05-08T08:07:32</time>
      </trkpt>
      <trkpt lat="46.504834927618504" lon="22.61573849245906">
        <ele>933.0</ele>
        <time>2025-05-08T08:07:37</time>
      </trkpt>
      <trkpt lat="46.50491061620414" lon="22.615713346749544">
        <ele>933.4000000000001</ele>
        <time>2025-05-08T08:07:41</time>
      </trkpt>
      <trkpt lat="46.50496535003185" lon="22.615695744752884">
        <ele>933.8</ele>
        <time>2025-05-08T08:07:44</time>
      </trkpt>
      <trkpt lat="46.50502352043986" lon="22.61569415219128">
        <ele>934.4000000000001</ele>
        <time>2025-05-08T08:07:47</time>
      </trkpt>
      <trkpt lat="46.50509141385555" lon="22.615698343142867">
        <ele>935.2</ele>
        <time>2025-05-08T08:07:51</time>
      </trkpt>
      <trkpt lat="46.505126198753715" lon="22.61570437811315">
        <ele>935.5999999999999</ele>
        <time>2025-05-08T08:07:53</time>
      </trkpt>
      <trkpt lat="46.50519258342683" lon="22.615724578499794">
        <ele>936.0</ele>
        <time>2025-05-08T08:07:57</time>
      </trkpt>
      <trkpt lat="46.505242036655545" lon="22.615742096677423">
        <ele>936.5999999999999</ele>
        <time>2025-05-08T08:08:00</time>
      </trkpt>
      <trkpt lat="46.50532233528793" lon="22.61579222045839">
        <ele>937.5999999999999</ele>
        <time>2025-05-08T08:08:05</time>
      </trkpt>
      <trkpt lat="46.50536214932799" lon="22.615813175216317">
        <ele>937.8</ele>
        <time>2025-05-08T08:08:07</time>
      </trkpt>
      <trkpt lat="46.505473209545016" lon="22.61587494984269">
        <ele>938.8</ele>
        <time>2025-05-08T08:08:13</time>
      </trkpt>
      <trkpt lat="46.505598267540336" lon="22.615960529074073">
        <ele>939.5999999999999</ele>
        <time>2025-05-08T08:08:20</time>
      </trkpt>
      <trkpt lat="46.50569197721779" lon="22.61605708859861">
        <ele>940.4000000000001</ele>
        <time>2025-05-08T08:08:26</time>
      </trkpt>
      <trkpt lat="46.50571963749826" lon="22.616101009771228">
        <ele>940.8</ele>
        <time>2025-05-08T08:08:28</time>
      </trkpt>
      <trkpt lat="46.50578258559108" lon="22.616218775510788">
        <ele>941.4000000000001</ele>
        <time>2025-05-08T08:08:33</time>
      </trkpt>
      <trkpt lat="46.50582684203982" lon="22.616305025294423">
        <ele>941.8</ele>
        <time>2025-05-08T08:08:37</time>
      </trkpt>
      <trkpt lat="46.505845952779055" lon="22.616378869861364">
        <ele>942.2</ele>
        <time>2025-05-08T08:08:40</time>
      </trkpt>
      <trkpt lat="46.50589984841645" lon="22.616519099101424">
        <ele>942.8</ele>
        <time>2025-05-08T08:08:46</time>
      </trkpt>
      <trkpt lat="46.50590538047254" lon="22.616543071344495">
        <ele>943.0</ele>
        <time>2025-05-08T08:08:47</time>
      </trkpt>
      <trkpt lat="46.50597260333598" lon="22.616733759641647">
        <ele>943.5999999999999</ele>
        <time>2025-05-08T08:08:55</time>
      </trkpt>
      <trkpt lat="46.50599003769457" lon="22.616785895079374">
        <ele>943.8</ele>
        <time>2025-05-08T08:08:57</time>
      </trkpt>
      <trkpt lat="46.50603043846786" lon="22.61690349318087">
        <ele>944.2</ele>
        <time>2025-05-08T08:09:02</time>
      </trkpt>
      <trkpt lat="46.50607553310692" lon="22.61703299358487">
        <ele>945.0</ele>
        <time>2025-05-08T08:09:07</time>
      </trkpt>
      <trkpt lat="46.5060905367136" lon="22.61708420701325">
        <ele>945.0</ele>
        <time>2025-05-08T08:09:09</time>
      </trkpt>
      <trkpt lat="46.506153820082545" lon="22.61727715842426">
        <ele>946.0</ele>
        <time>2025-05-08T08:09:16</time>
      </trkpt>
      <trkpt lat="46.5062250662595" lon="22.617421662434936">
        <ele>947.0</ele>
        <time>2025-05-08T08:09:22</time>
      </trkpt>
      <trkpt lat="46.5063236374408" lon="22.617599945515394">
        <ele>948.0</ele>
        <time>2025-05-08T08:09:30</time>
      </trkpt>
      <trkpt lat="46.50633696466684" lon="22.617619140073657">
        <ele>948.2</ele>
        <time>2025-05-08T08:09:31</time>
      </trkpt>
      <trkpt lat="46.50637946091592" lon="22.61771410703659">
        <ele>949.2</ele>
        <time>2025-05-08T08:09:35</time>
      </trkpt>
      <trkpt lat="46.506398655474186" lon="22.617765571922064">
        <ele>949.5999999999999</ele>
        <time>2025-05-08T08:09:37</time>
      </trkpt>
      <trkpt lat="46.50647803209722" lon="22.6178983412683">
        <ele>950.0</ele>
        <time>2025-05-08T08:09:43</time>
      </trkpt>
      <trkpt lat="46.50658406317234" lon="22.618052484467626">
        <ele>951.0</ele>
        <time>2025-05-08T08:09:51</time>
      </trkpt>
      <trkpt lat="46.506673665717244" lon="22.61817871592939">
        <ele>952.0</ele>
        <time>2025-05-08T08:09:58</time>
      </trkpt>
      <trkpt lat="46.50670375674963" lon="22.618207214400172">
        <ele>952.2</ele>
        <time>2025-05-08T08:10:00</time>
      </trkpt>
      <trkpt lat="46.506781624630094" lon="22.618278544396162">
        <ele>953.2</ele>
        <time>2025-05-08T08:10:05</time>
      </trkpt>
      <trkpt lat="46.5067985560745" lon="22.61829120106995">
        <ele>953.2</ele>
        <time>2025-05-08T08:10:06</time>
      </trkpt>
      <trkpt lat="46.50692076422274" lon="22.61838348582387">
        <ele>953.8</ele>
        <time>2025-05-08T08:10:13</time>
      </trkpt>
      <trkpt lat="46.50700273923576" lon="22.61845196597278">
        <ele>954.2</ele>
        <time>2025-05-08T08:10:18</time>
      </trkpt>
      <trkpt lat="46.507071470841765" lon="22.618504101410508">
        <ele>954.5999999999999</ele>
        <time>2025-05-08T08:10:22</time>
      </trkpt>
      <trkpt lat="46.50717339478433" lon="22.61857903562486">
        <ele>955.2</ele>
        <time>2025-05-08T08:10:28</time>
      </trkpt>
      <trkpt lat="46.507192086428404" lon="22.618590854108334">
        <ele>955.2</ele>
        <time>2025-05-08T08:10:29</time>
      </trkpt>
      <trkpt lat="46.507307505235076" lon="22.618680456653237">
        <ele>956.2</ele>
        <time>2025-05-08T08:10:36</time>
      </trkpt>
      <trkpt lat="46.50732544250786" lon="22.61869085021317">
        <ele>956.4000000000001</ele>
        <time>2025-05-08T08:10:37</time>
      </trkpt>
      <trkpt lat="46.507410099729896" lon="22.61877542361617">
        <ele>957.0</ele>
        <time>2025-05-08T08:10:42</time>
      </trkpt>
      <trkpt lat="46.507464749738574" lon="22.61882185935974">
        <ele>957.4000000000001</ele>
        <time>2025-05-08T08:10:45</time>
      </trkpt>
      <trkpt lat="46.50753205642104" lon="22.6188878249377">
        <ele>958.0</ele>
        <time>2025-05-08T08:10:49</time>
      </trkpt>
      <trkpt lat="46.5075964294374" lon="22.618959825485945">
        <ele>958.5999999999999</ele>
        <time>2025-05-08T08:10:53</time>
      </trkpt>
      <trkpt lat="46.50763247162104" lon="22.618987653404474">
        <ele>959.0</ele>
        <time>2025-05-08T08:10:55</time>
      </trkpt>
      <trkpt lat="46.507685193791986" lon="22.61903140693903">
        <ele>959.5999999999999</ele>
        <time>2025-05-08T08:10:58</time>
      </trkpt>
      <trkpt lat="46.50773850269616" lon="22.619079686701298">
        <ele>960.2</ele>
        <time>2025-05-08T08:11:01</time>
      </trkpt>
      <trkpt lat="46.50779524818063" lon="22.619126373901963">
        <ele>960.8</ele>
        <time>2025-05-08T08:11:04</time>
      </trkpt>
      <trkpt lat="46.50785492733121" lon="22.619185047224164">
        <ele>961.0</ele>
        <time>2025-05-08T08:11:08</time>
      </trkpt>
      <trkpt lat="46.50798509828746" lon="22.619274482131004">
        <ele>961.8</ele>
        <time>2025-05-08T08:11:15</time>
      </trkpt>
      <trkpt lat="46.50800169445574" lon="22.619292167946696">
        <ele>962.0</ele>
        <time>2025-05-08T08:11:16</time>
      </trkpt>
      <trkpt lat="46.50810219347477" lon="22.6193920802325">
        <ele>962.8</ele>
        <time>2025-05-08T08:11:22</time>
      </trkpt>
      <trkpt lat="46.50822054594755" lon="22.619512863457203">
        <ele>963.5999999999999</ele>
        <time>2025-05-08T08:11:29</time>
      </trkpt>
      <trkpt lat="46.5083509683609" lon="22.619630210101604">
        <ele>964.8</ele>
        <time>2025-05-08T08:11:36</time>
      </trkpt>
      <trkpt lat="46.50838223285973" lon="22.61966415680945">
        <ele>964.8</ele>
        <time>2025-05-08T08:11:38</time>
      </trkpt>
      <trkpt lat="46.508491365239024" lon="22.61977848596871">
        <ele>965.5999999999999</ele>
        <time>2025-05-08T08:11:45</time>
      </trkpt>
      <trkpt lat="46.508508548140526" lon="22.619799189269543">
        <ele>966.0</ele>
        <time>2025-05-08T08:11:46</time>
      </trkpt>
      <trkpt lat="46.50859613902867" lon="22.61992651037872">
        <ele>966.5999999999999</ele>
        <time>2025-05-08T08:11:52</time>
      </trkpt>
      <trkpt lat="46.508623799309134" lon="22.61996464803815">
        <ele>967.0</ele>
        <time>2025-05-08T08:11:54</time>
      </trkpt>
      <trkpt lat="46.508675096556544" lon="22.62005894444883">
        <ele>967.5999999999999</ele>
        <time>2025-05-08T08:11:58</time>
      </trkpt>
      <trkpt lat="46.508722035214305" lon="22.62012206017971">
        <ele>968.0</ele>
        <time>2025-05-08T08:12:01</time>
      </trkpt>
      <trkpt lat="46.508775344118476" lon="22.620216943323612">
        <ele>968.4000000000001</ele>
        <time>2025-05-08T08:12:05</time>
      </trkpt>
      <trkpt lat="46.508832424879074" lon="22.620309982448816">
        <ele>969.2</ele>
        <time>2025-05-08T08:12:10</time>
      </trkpt>
      <trkpt lat="46.508851032704115" lon="22.62033747509122">
        <ele>969.4000000000001</ele>
        <time>2025-05-08T08:12:12</time>
      </trkpt>
      <trkpt lat="46.508862264454365" lon="22.620352981612086">
        <ele>970.0</ele>
        <time>2025-05-08T08:12:17</time>
      </trkpt>
      <trkpt lat="46.50886167772114" lon="22.62035273015499">
        <ele>970.2</ele>
        <time>2025-05-08T08:12:18</time>
      </trkpt>
      <trkpt lat="46.50886251591146" lon="22.620349880307913">
        <ele>970.4000000000001</ele>
        <time>2025-05-08T08:12:30</time>
      </trkpt>
      <trkpt lat="46.508887242525816" lon="22.620383156463504">
        <ele>970.5999999999999</ele>
        <time>2025-05-08T08:12:39</time>
      </trkpt>
      <trkpt lat="46.50893837213516" lon="22.620469070971012">
        <ele>970.5999999999999</ele>
        <time>2025-05-08T08:12:44</time>
      </trkpt>
      <trkpt lat="46.50899411179125" lon="22.620564624667168">
        <ele>970.8</ele>
        <time>2025-05-08T08:12:49</time>
      </trkpt>
      <trkpt lat="46.509015737101436" lon="22.62060427106917">
        <ele>971.0</ele>
        <time>2025-05-08T08:12:51</time>
      </trkpt>
      <trkpt lat="46.50909184478223" lon="22.620735364034772">
        <ele>971.5999999999999</ele>
        <time>2025-05-08T08:12:58</time>
      </trkpt>
      <trkpt lat="46.509110452607274" lon="22.620776602998376">
        <ele>972.0</ele>
        <time>2025-05-08T08:13:00</time>
      </trkpt>
      <trkpt lat="46.509185303002596" lon="22.620925717055798">
        <ele>972.8</ele>
        <time>2025-05-08T08:13:07</time>
      </trkpt>
      <trkpt lat="46.50921036489308" lon="22.6209688000381">
        <ele>973.0</ele>
        <time>2025-05-08T08:13:09</time>
      </trkpt>
      <trkpt lat="46.509259063750505" lon="22.621043818071485">
        <ele>973.8</ele>
        <time>2025-05-08T08:13:13</time>
      </trkpt>
      <trkpt lat="46.5092714689672" lon="22.6210620906204">
        <ele>974.0</ele>
        <time>2025-05-08T08:13:14</time>
      </trkpt>
      <trkpt lat="46.50936769321561" lon="22.62117792852223">
        <ele>974.8</ele>
        <time>2025-05-08T08:13:21</time>
      </trkpt>
      <trkpt lat="46.50938336737454" lon="22.621194273233414">
        <ele>975.0</ele>
        <time>2025-05-08T08:13:22</time>
      </trkpt>
      <trkpt lat="46.50948059745133" lon="22.621266692876816">
        <ele>975.8</ele>
        <time>2025-05-08T08:13:28</time>
      </trkpt>
      <trkpt lat="46.50955595076084" lon="22.621319079771638">
        <ele>976.0</ele>
        <time>2025-05-08T08:13:32</time>
      </trkpt>
      <trkpt lat="46.50957313366234" lon="22.621332574635744">
        <ele>976.4000000000001</ele>
        <time>2025-05-08T08:13:33</time>
      </trkpt>
      <trkpt lat="46.50967069901526" lon="22.62140658684075">
        <ele>977.0</ele>
        <time>2025-05-08T08:13:39</time>
      </trkpt>
      <trkpt lat="46.509702298790216" lon="22.621430726721883">
        <ele>977.2</ele>
        <time>2025-05-08T08:13:41</time>
      </trkpt>
      <trkpt lat="46.509760804474354" lon="22.62147070840001">
        <ele>977.8</ele>
        <time>2025-05-08T08:13:44</time>
      </trkpt>
      <trkpt lat="46.50983674451709" lon="22.621546229347587">
        <ele>978.4000000000001</ele>
        <time>2025-05-08T08:13:49</time>
      </trkpt>
      <trkpt lat="46.50986406952143" lon="22.621578248217702">
        <ele>978.5999999999999</ele>
        <time>2025-05-08T08:13:51</time>
      </trkpt>
      <trkpt lat="46.509922156110406" lon="22.62167346663773">
        <ele>979.4000000000001</ele>
        <time>2025-05-08T08:13:56</time>
      </trkpt>
      <trkpt lat="46.5099361538887" lon="22.62169693596661">
        <ele>979.5999999999999</ele>
        <time>2025-05-08T08:13:57</time>
      </trkpt>
      <trkpt lat="46.510047633200884" lon="22.621814450249076">
        <ele>980.4000000000001</ele>
        <time>2025-05-08T08:14:03</time>
      </trkpt>
      <trkpt lat="46.51008719578385" lon="22.62185904197395">
        <ele>980.5999999999999</ele>
        <time>2025-05-08T08:14:05</time>
      </trkpt>
      <trkpt lat="46.5101969987154" lon="22.6219720300287">
        <ele>981.8</ele>
        <time>2025-05-08T08:14:11</time>
      </trkpt>
      <trkpt lat="46.51032633148134" lon="22.62209901586175">
        <ele>982.8</ele>
        <time>2025-05-08T08:14:18</time>
      </trkpt>
      <trkpt lat="46.5103436820209" lon="22.622118880972266">
        <ele>982.8</ele>
        <time>2025-05-08T08:14:19</time>
      </trkpt>
      <trkpt lat="46.51043211109936" lon="22.62221426703036">
        <ele>983.8</ele>
        <time>2025-05-08T08:14:25</time>
      </trkpt>
      <trkpt lat="46.51044870726764" lon="22.622230192646384">
        <ele>984.0</ele>
        <time>2025-05-08T08:14:26</time>
      </trkpt>
      <trkpt lat="46.51053353212774" lon="22.62234033085406">
        <ele>984.8</ele>
        <time>2025-05-08T08:14:32</time>
      </trkpt>
      <trkpt lat="46.51056278496981" lon="22.622381234541535">
        <ele>985.0</ele>
        <time>2025-05-08T08:14:34</time>
      </trkpt>
      <trkpt lat="46.51062271557748" lon="22.622455833479762">
        <ele>985.8</ele>
        <time>2025-05-08T08:14:38</time>
      </trkpt>
      <trkpt lat="46.51066839694977" lon="22.622541999444366">
        <ele>986.4000000000001</ele>
        <time>2025-05-08T08:14:42</time>
      </trkpt>
      <trkpt lat="46.510736122727394" lon="22.622628500685096">
        <ele>986.8</ele>
        <time>2025-05-08T08:14:47</time>
      </trkpt>
      <trkpt lat="46.51077493093908" lon="22.62268432416022">
        <ele>987.4000000000001</ele>
        <time>2025-05-08T08:14:50</time>
      </trkpt>
      <trkpt lat="46.510812817141414" lon="22.62273570522666">
        <ele>987.8</ele>
        <time>2025-05-08T08:14:53</time>
      </trkpt>
      <trkpt lat="46.510840309783816" lon="22.62276898138225">
        <ele>988.0</ele>
        <time>2025-05-08T08:14:55</time>
      </trkpt>
      <trkpt lat="46.510865120217204" lon="22.62280510738492">
        <ele>988.2</ele>
        <time>2025-05-08T08:14:57</time>
      </trkpt>
      <trkpt lat="46.51092295534909" lon="22.622879706323147">
        <ele>988.8</ele>
        <time>2025-05-08T08:15:01</time>
      </trkpt>
      <trkpt lat="46.510971151292324" lon="22.622928824275732">
        <ele>989.2</ele>
        <time>2025-05-08T08:15:04</time>
      </trkpt>
      <trkpt lat="46.51103845797479" lon="22.622973332181573">
        <ele>990.0</ele>
        <time>2025-05-08T08:15:08</time>
      </trkpt>
      <trkpt lat="46.51108958758414" lon="22.623006021603942">
        <ele>990.4000000000001</ele>
        <time>2025-05-08T08:15:11</time>
      </trkpt>
      <trkpt lat="46.5111933555454" lon="22.623082548379898">
        <ele>991.0</ele>
        <time>2025-05-08T08:15:17</time>
      </trkpt>
      <trkpt lat="46.51122897863388" lon="22.623109705746174">
        <ele>991.2</ele>
        <time>2025-05-08T08:15:19</time>
      </trkpt>
      <trkpt lat="46.5113558806479" lon="22.6232033316046">
        <ele>991.8</ele>
        <time>2025-05-08T08:15:26</time>
      </trkpt>
      <trkpt lat="46.51139569468796" lon="22.623227890580893">
        <ele>992.0</ele>
        <time>2025-05-08T08:15:28</time>
      </trkpt>
      <trkpt lat="46.511504743248224" lon="22.623310117051005">
        <ele>993.0</ele>
        <time>2025-05-08T08:15:34</time>
      </trkpt>
      <trkpt lat="46.51152452453971" lon="22.623320929706097">
        <ele>993.2</ele>
        <time>2025-05-08T08:15:35</time>
      </trkpt>
      <trkpt lat="46.51165192946792" lon="22.623366862535477">
        <ele>993.8</ele>
        <time>2025-05-08T08:15:41</time>
      </trkpt>
      <trkpt lat="46.51170926168561" lon="22.623406508937478">
        <ele>994.4000000000001</ele>
        <time>2025-05-08T08:15:44</time>
      </trkpt>
      <trkpt lat="46.51176148094237" lon="22.62343785725534">
        <ele>994.8</ele>
        <time>2025-05-08T08:15:47</time>
      </trkpt>
      <trkpt lat="46.511837588623166" lon="22.623487478122115">
        <ele>995.4000000000001</ele>
        <time>2025-05-08T08:15:51</time>
      </trkpt>
      <trkpt lat="46.51187505573034" lon="22.62350876815617">
        <ele>995.8</ele>
        <time>2025-05-08T08:15:53</time>
      </trkpt>
      <trkpt lat="46.5119706094265" lon="22.62357473373413">
        <ele>996.4000000000001</ele>
        <time>2025-05-08T08:15:58</time>
      </trkpt>
      <trkpt lat="46.512004639953375" lon="22.6236005499959">
        <ele>996.4000000000001</ele>
        <time>2025-05-08T08:16:00</time>
      </trkpt>
      <trkpt lat="46.51207907125354" lon="22.62366416864097">
        <ele>997.2</ele>
        <time>2025-05-08T08:16:05</time>
      </trkpt>
      <trkpt lat="46.51212307624519" lon="22.623707251623273">
        <ele>997.5999999999999</ele>
        <time>2025-05-08T08:16:08</time>
      </trkpt>
      <trkpt lat="46.512168757617474" lon="22.623752932995558">
        <ele>998.0</ele>
        <time>2025-05-08T08:16:11</time>
      </trkpt>
      <trkpt lat="46.51221829466522" lon="22.623829459771514">
        <ele>998.8</ele>
        <time>2025-05-08T08:16:15</time>
      </trkpt>
      <trkpt lat="46.51225064881146" lon="22.623890731483698">
        <ele>998.8</ele>
        <time>2025-05-08T08:16:18</time>
      </trkpt>
      <trkpt lat="46.51229155249894" lon="22.62404906563461">
        <ele>999.5999999999999</ele>
        <time>2025-05-08T08:16:24</time>
      </trkpt>
      <trkpt lat="46.512294402346015" lon="22.624079324305058">
        <ele>999.5999999999999</ele>
        <time>2025-05-08T08:16:25</time>
      </trkpt>
      <trkpt lat="46.51233580894768" lon="22.62427537702024">
        <ele>1000.5999999999999</ele>
        <time>2025-05-08T08:16:32</time>
      </trkpt>
      <trkpt lat="46.5123591106385" lon="22.62444787658751">
        <ele>1001.8</ele>
        <time>2025-05-08T08:16:38</time>
      </trkpt>
      <trkpt lat="46.51237729936838" lon="22.624552147462964">
        <ele>1002.4000000000001</ele>
        <time>2025-05-08T08:16:42</time>
      </trkpt>
      <trkpt lat="46.51238115504384" lon="22.62463110499084">
        <ele>1003.0</ele>
        <time>2025-05-08T08:16:45</time>
      </trkpt>
      <trkpt lat="46.51238408870995" lon="22.62474308721721">
        <ele>1003.5999999999999</ele>
        <time>2025-05-08T08:16:49</time>
      </trkpt>
      <trkpt lat="46.51238794438541" lon="22.624920532107353">
        <ele>1004.0</ele>
        <time>2025-05-08T08:16:55</time>
      </trkpt>
      <trkpt lat="46.512390207499266" lon="22.624950036406517">
        <ele>1004.2</ele>
        <time>2025-05-08T08:16:56</time>
      </trkpt>
      <trkpt lat="46.51241200044751" lon="22.625131169334054">
        <ele>1005.2</ele>
        <time>2025-05-08T08:17:03</time>
      </trkpt>
      <trkpt lat="46.51241376064718" lon="22.625156482681632">
        <ele>1005.2</ele>
        <time>2025-05-08T08:17:04</time>
      </trkpt>
      <trkpt lat="46.512451311573386" lon="22.62529998086393">
        <ele>1006.0</ele>
        <time>2025-05-08T08:17:10</time>
      </trkpt>
      <trkpt lat="46.51246991939843" lon="22.62534750625491">
        <ele>1006.2</ele>
        <time>2025-05-08T08:17:12</time>
      </trkpt>
      <trkpt lat="46.51250705122948" lon="22.62547206133604">
        <ele>1006.8</ele>
        <time>2025-05-08T08:17:17</time>
      </trkpt>
      <trkpt lat="46.512527922168374" lon="22.62553702108562">
        <ele>1007.2</ele>
        <time>2025-05-08T08:17:20</time>
      </trkpt>
      <trkpt lat="46.512536723166704" lon="22.625578679144382">
        <ele>1007.4000000000001</ele>
        <time>2025-05-08T08:17:22</time>
      </trkpt>
      <trkpt lat="46.512542674317956" lon="22.62561623007059">
        <ele>1007.5999999999999</ele>
        <time>2025-05-08T08:17:24</time>
      </trkpt>
      <trkpt lat="46.51255323551595" lon="22.625677166506648">
        <ele>1008.2</ele>
        <time>2025-05-08T08:17:27</time>
      </trkpt>
      <trkpt lat="46.51256052777171" lon="22.625721506774426">
        <ele>1008.5999999999999</ele>
        <time>2025-05-08T08:17:29</time>
      </trkpt>
      <trkpt lat="46.51255080476403" lon="22.625835416838527">
        <ele>1009.2</ele>
        <time>2025-05-08T08:17:34</time>
      </trkpt>
      <trkpt lat="46.51254191994667" lon="22.62585561722517">
        <ele>1009.4000000000001</ele>
        <time>2025-05-08T08:17:35</time>
      </trkpt>
      <trkpt lat="46.51254057884216" lon="22.62587615288794">
        <ele>1009.5999999999999</ele>
        <time>2025-05-08T08:17:36</time>
      </trkpt>
      <trkpt lat="46.512527922168374" lon="22.625943878665566">
        <ele>1010.0</ele>
        <time>2025-05-08T08:17:39</time>
      </trkpt>
      <trkpt lat="46.51251937262714" lon="22.62598553672433">
        <ele>1010.4000000000001</ele>
        <time>2025-05-08T08:17:41</time>
      </trkpt>
      <trkpt lat="46.51250411756337" lon="22.62606516480446">
        <ele>1010.8</ele>
        <time>2025-05-08T08:17:44</time>
      </trkpt>
      <trkpt lat="46.512493807822466" lon="22.6260872092098">
        <ele>1011.0</ele>
        <time>2025-05-08T08:17:45</time>
      </trkpt>
      <trkpt lat="46.51245776563883" lon="22.626156779006124">
        <ele>1011.4000000000001</ele>
        <time>2025-05-08T08:17:48</time>
      </trkpt>
      <trkpt lat="46.51243823580444" lon="22.62623188085854">
        <ele>1012.0</ele>
        <time>2025-05-08T08:17:51</time>
      </trkpt>
      <trkpt lat="46.51240705512464" lon="22.62632768601179">
        <ele>1012.4000000000001</ele>
        <time>2025-05-08T08:17:55</time>
      </trkpt>
      <trkpt lat="46.512381825596094" lon="22.626396920531988">
        <ele>1012.5999999999999</ele>
        <time>2025-05-08T08:17:58</time>
      </trkpt>
      <trkpt lat="46.512338323518634" lon="22.62651141732931">
        <ele>1013.4000000000001</ele>
        <time>2025-05-08T08:18:04</time>
      </trkpt>
      <trkpt lat="46.512329606339335" lon="22.626537568867207">
        <ele>1013.5999999999999</ele>
        <time>2025-05-08T08:18:05</time>
      </trkpt>
      <trkpt lat="46.51230781339109" lon="22.626636810600758">
        <ele>1014.2</ele>
        <time>2025-05-08T08:18:09</time>
      </trkpt>
      <trkpt lat="46.51230286806822" lon="22.626686096191406">
        <ele>1014.4000000000001</ele>
        <time>2025-05-08T08:18:11</time>
      </trkpt>
      <trkpt lat="46.512295408174396" lon="22.626707134768367">
        <ele>1014.5999999999999</ele>
        <time>2025-05-08T08:18:12</time>
      </trkpt>
      <trkpt lat="46.51228392496705" lon="22.626750469207764">
        <ele>1014.5999999999999</ele>
        <time>2025-05-08T08:18:14</time>
      </trkpt>
      <trkpt lat="46.512273866683245" lon="22.62679480947554">
        <ele>1015.0</ele>
        <time>2025-05-08T08:18:16</time>
      </trkpt>
      <trkpt lat="46.51226573623717" lon="22.626888267695904">
        <ele>1015.5999999999999</ele>
        <time>2025-05-08T08:18:20</time>
      </trkpt>
      <trkpt lat="46.51226498186588" lon="22.6269075460732">
        <ele>1015.8</ele>
        <time>2025-05-08T08:18:21</time>
      </trkpt>
      <trkpt lat="46.51225911453366" lon="22.626938307657838">
        <ele>1016.2</ele>
        <time>2025-05-08T08:18:23</time>
      </trkpt>
      <trkpt lat="46.51225685141981" lon="22.626953814178705">
        <ele>1016.4000000000001</ele>
        <time>2025-05-08T08:18:26</time>
      </trkpt>
      <trkpt lat="46.5122449491173" lon="22.62696487829089">
        <ele>1016.8</ele>
        <time>2025-05-08T08:18:31</time>
      </trkpt>
      <trkpt lat="46.51221636682749" lon="22.62704006396234">
        <ele>1017.0</ele>
        <time>2025-05-08T08:18:38</time>
      </trkpt>
      <trkpt lat="46.51222625747323" lon="22.627186998724937">
        <ele>1017.0</ele>
        <time>2025-05-08T08:18:45</time>
      </trkpt>
      <trkpt lat="46.51224008761346" lon="22.627281630411744">
        <ele>1017.8</ele>
        <time>2025-05-08T08:18:49</time>
      </trkpt>
      <trkpt lat="46.51227319613099" lon="22.62737223878503">
        <ele>1018.0</ele>
        <time>2025-05-08T08:18:53</time>
      </trkpt>
      <trkpt lat="46.51230580173433" lon="22.627476509660482">
        <ele>1018.8</ele>
        <time>2025-05-08T08:18:58</time>
      </trkpt>
      <trkpt lat="46.51231477037072" lon="22.627498134970665">
        <ele>1019.0</ele>
        <time>2025-05-08T08:18:59</time>
      </trkpt>
      <trkpt lat="46.512368163093925" lon="22.627639872953296">
        <ele>1020.0</ele>
        <time>2025-05-08T08:19:05</time>
      </trkpt>
      <trkpt lat="46.51239423081279" lon="22.627757973968983">
        <ele>1020.4000000000001</ele>
        <time>2025-05-08T08:19:10</time>
      </trkpt>
      <trkpt lat="46.512401355430484" lon="22.627779934555292">
        <ele>1020.5999999999999</ele>
        <time>2025-05-08T08:19:11</time>
      </trkpt>
      <trkpt lat="46.51241451501846" lon="22.62785118073225">
        <ele>1021.2</ele>
        <time>2025-05-08T08:19:14</time>
      </trkpt>
      <trkpt lat="46.512418538331985" lon="22.62787314131856">
        <ele>1021.2</ele>
        <time>2025-05-08T08:19:15</time>
      </trkpt>
      <trkpt lat="46.512421388179064" lon="22.62789761647582">
        <ele>1021.2</ele>
        <time>2025-05-08T08:19:16</time>
      </trkpt>
      <trkpt lat="46.51242842897773" lon="22.628037929534912">
        <ele>1022.0</ele>
        <time>2025-05-08T08:19:22</time>
      </trkpt>
      <trkpt lat="46.51238216087222" lon="22.628157371655107">
        <ele>1022.5999999999999</ele>
        <time>2025-05-08T08:19:27</time>
      </trkpt>
      <trkpt lat="46.51231812313199" lon="22.62821772135794">
        <ele>1023.2</ele>
        <time>2025-05-08T08:19:31</time>
      </trkpt>
      <trkpt lat="46.512285182252526" lon="22.628250746056437">
        <ele>1023.4000000000001</ele>
        <time>2025-05-08T08:19:33</time>
      </trkpt>
      <trkpt lat="46.5121865272522" lon="22.628318304196">
        <ele>1024.0</ele>
        <time>2025-05-08T08:19:39</time>
      </trkpt>
      <trkpt lat="46.51217378675938" lon="22.628333223983645">
        <ele>1024.2</ele>
        <time>2025-05-08T08:19:40</time>
      </trkpt>
      <trkpt lat="46.51208887808025" lon="22.628386951982975">
        <ele>1025.2</ele>
        <time>2025-05-08T08:19:45</time>
      </trkpt>
      <trkpt lat="46.51206758804619" lon="22.62840044684708">
        <ele>1025.2</ele>
        <time>2025-05-08T08:19:46</time>
      </trkpt>
      <trkpt lat="46.5119893848896" lon="22.628434393554926">
        <ele>1025.8</ele>
        <time>2025-05-08T08:19:50</time>
      </trkpt>
      <trkpt lat="46.51193054392934" lon="22.62847814708948">
        <ele>1026.4</ele>
        <time>2025-05-08T08:19:53</time>
      </trkpt>
      <trkpt lat="46.51188670657575" lon="22.628536401316524">
        <ele>1026.8</ele>
        <time>2025-05-08T08:19:56</time>
      </trkpt>
      <trkpt lat="46.51183574460447" lon="22.628642935305834">
        <ele>1027.4</ele>
        <time>2025-05-08T08:20:00</time>
      </trkpt>
      <trkpt lat="46.511809676885605" lon="22.628734968602657">
        <ele>1027.8</ele>
        <time>2025-05-08T08:20:03</time>
      </trkpt>
      <trkpt lat="46.51178025640547" lon="22.628902103751898">
        <ele>1028.4</ele>
        <time>2025-05-08T08:20:09</time>
      </trkpt>
      <trkpt lat="46.511779921129346" lon="22.628926998004317">
        <ele>1028.6</ele>
        <time>2025-05-08T08:20:10</time>
      </trkpt>
      <trkpt lat="46.51178419589996" lon="22.628971757367253">
        <ele>1029.0</ele>
        <time>2025-05-08T08:20:12</time>
      </trkpt>
      <trkpt lat="46.51180749759078" lon="22.629040824249387">
        <ele>1029.2</ele>
        <time>2025-05-08T08:20:15</time>
      </trkpt>
      <trkpt lat="46.51182811707258" lon="22.629111064597964">
        <ele>1029.8</ele>
        <time>2025-05-08T08:20:18</time>
      </trkpt>
      <trkpt lat="46.51188142597675" lon="22.62921198271215">
        <ele>1030.4</ele>
        <time>2025-05-08T08:20:23</time>
      </trkpt>
      <trkpt lat="46.51194781064987" lon="22.629299238324165">
        <ele>1030.8</ele>
        <time>2025-05-08T08:20:28</time>
      </trkpt>
      <trkpt lat="46.5119671728462" lon="22.629334945231676">
        <ele>1031.2</ele>
        <time>2025-05-08T08:20:30</time>
      </trkpt>
      <trkpt lat="46.51203406043351" lon="22.62940987944603">
        <ele>1032.0</ele>
        <time>2025-05-08T08:20:35</time>
      </trkpt>
      <trkpt lat="46.512044705450535" lon="22.629426391795278">
        <ele>1032.2</ele>
        <time>2025-05-08T08:20:36</time>
      </trkpt>
      <trkpt lat="46.512081334367394" lon="22.62947886250913">
        <ele>1033.2</ele>
        <time>2025-05-08T08:20:39</time>
      </trkpt>
      <trkpt lat="46.51214763522148" lon="22.629538541659713">
        <ele>1033.8</ele>
        <time>2025-05-08T08:20:43</time>
      </trkpt>
      <trkpt lat="46.512198178097606" lon="22.62957994826138">
        <ele>1034.2</ele>
        <time>2025-05-08T08:20:46</time>
      </trkpt>
      <trkpt lat="46.512254755944014" lon="22.629629904404283">
        <ele>1034.6</ele>
        <time>2025-05-08T08:20:50</time>
      </trkpt>
      <trkpt lat="46.512309489771724" lon="22.629692433401942">
        <ele>1035.2</ele>
        <time>2025-05-08T08:20:54</time>
      </trkpt>
      <trkpt lat="46.51237461715937" lon="22.62975932098925">
        <ele>1036.0</ele>
        <time>2025-05-08T08:20:59</time>
      </trkpt>
      <trkpt lat="46.51240076869726" lon="22.629786226898432">
        <ele>1036.2</ele>
        <time>2025-05-08T08:21:01</time>
      </trkpt>
      <trkpt lat="46.51244955137372" lon="22.629879685118794">
        <ele>1037.0</ele>
        <time>2025-05-08T08:21:06</time>
      </trkpt>
      <trkpt lat="46.51245868764818" lon="22.62992151081562">
        <ele>1037.4</ele>
        <time>2025-05-08T08:21:08</time>
      </trkpt>
      <trkpt lat="46.512485425919294" lon="22.63001731596887">
        <ele>1038.0</ele>
        <time>2025-05-08T08:21:12</time>
      </trkpt>
      <trkpt lat="46.5124920476228" lon="22.630085377022624">
        <ele>1038.6</ele>
        <time>2025-05-08T08:21:15</time>
      </trkpt>
      <trkpt lat="46.51248525828123" lon="22.630162574350834">
        <ele>1038.8</ele>
        <time>2025-05-08T08:21:18</time>
      </trkpt>
      <trkpt lat="46.512426333501935" lon="22.630324345082045">
        <ele>1039.6</ele>
        <time>2025-05-08T08:21:25</time>
      </trkpt>
      <trkpt lat="46.51233287528157" lon="22.63047907501459">
        <ele>1040.8</ele>
        <time>2025-05-08T08:21:32</time>
      </trkpt>
      <trkpt lat="46.51223321445286" lon="22.630654592067003">
        <ele>1041.0</ele>
        <time>2025-05-08T08:21:39</time>
      </trkpt>
      <trkpt lat="46.512175714597106" lon="22.630752911791205">
        <ele>1041.6</ele>
        <time>2025-05-08T08:21:43</time>
      </trkpt>
      <trkpt lat="46.51213992387056" lon="22.630830444395542">
        <ele>1041.8</ele>
        <time>2025-05-08T08:21:46</time>
      </trkpt>
      <trkpt lat="46.512036910280585" lon="22.63100286014378">
        <ele>1042.4</ele>
        <time>2025-05-08T08:21:53</time>
      </trkpt>
      <trkpt lat="46.51199080981314" lon="22.631098916754127">
        <ele>1042.8</ele>
        <time>2025-05-08T08:21:57</time>
      </trkpt>
      <trkpt lat="46.511977231130004" lon="22.631115512922406">
        <ele>1042.8</ele>
        <time>2025-05-08T08:21:58</time>
      </trkpt>
      <trkpt lat="46.51188746094704" lon="22.63124031946063">
        <ele>1043.6</ele>
        <time>2025-05-08T08:22:04</time>
      </trkpt>
      <trkpt lat="46.511807749047875" lon="22.63137032277882">
        <ele>1043.8</ele>
        <time>2025-05-08T08:22:09</time>
      </trkpt>
      <trkpt lat="46.511789141222835" lon="22.631397312507033">
        <ele>1044.0</ele>
        <time>2025-05-08T08:22:10</time>
      </trkpt>
      <trkpt lat="46.51169618591666" lon="22.63156034052372">
        <ele>1044.8</ele>
        <time>2025-05-08T08:22:17</time>
      </trkpt>
      <trkpt lat="46.511681685224175" lon="22.63158582150936">
        <ele>1045.0</ele>
        <time>2025-05-08T08:22:18</time>
      </trkpt>
      <trkpt lat="46.51162167079747" lon="22.63175438158214">
        <ele>1045.4</ele>
        <time>2025-05-08T08:22:24</time>
      </trkpt>
      <trkpt lat="46.51158562861383" lon="22.631866112351418">
        <ele>1046.0</ele>
        <time>2025-05-08T08:22:28</time>
      </trkpt>
      <trkpt lat="46.511579509824514" lon="22.631897628307343">
        <ele>1046.0</ele>
        <time>2025-05-08T08:22:29</time>
      </trkpt>
      <trkpt lat="46.51157297194004" lon="22.632120167836547">
        <ele>1047.0</ele>
        <time>2025-05-08T08:22:36</time>
      </trkpt>
      <trkpt lat="46.511576576158404" lon="22.632153695449233">
        <ele>1047.2</ele>
        <time>2025-05-08T08:22:37</time>
      </trkpt>
      <trkpt lat="46.511621586978436" lon="22.63232703320682">
        <ele>1048.0</ele>
        <time>2025-05-08T08:22:43</time>
      </trkpt>
      <trkpt lat="46.51162954978645" lon="22.63235343620181">
        <ele>1048.2</ele>
        <time>2025-05-08T08:22:44</time>
      </trkpt>
      <trkpt lat="46.511682607233524" lon="22.632475225254893">
        <ele>1049.2</ele>
        <time>2025-05-08T08:22:49</time>
      </trkpt>
      <trkpt lat="46.51170540601015" lon="22.63251847587526">
        <ele>1049.4</ele>
        <time>2025-05-08T08:22:51</time>
      </trkpt>
      <trkpt lat="46.51173164136708" lon="22.632613107562065">
        <ele>1050.2</ele>
        <time>2025-05-08T08:22:55</time>
      </trkpt>
      <trkpt lat="46.511753937229514" lon="22.632680581882596">
        <ele>1050.8</ele>
        <time>2025-05-08T08:22:58</time>
      </trkpt>
      <trkpt lat="46.511791571974754" lon="22.632755851373076">
        <ele>1051.2</ele>
        <time>2025-05-08T08:23:02</time>
      </trkpt>
      <trkpt lat="46.51182266883552" lon="22.632821733132005">
        <ele>1051.8</ele>
        <time>2025-05-08T08:23:05</time>
      </trkpt>
      <trkpt lat="46.51186306960881" lon="22.63293145224452">
        <ele>1052.4</ele>
        <time>2025-05-08T08:23:10</time>
      </trkpt>
      <trkpt lat="46.51189332827926" lon="22.633001105859876">
        <ele>1053.0</ele>
        <time>2025-05-08T08:23:13</time>
      </trkpt>
      <trkpt lat="46.51190866716206" lon="22.63304720632732">
        <ele>1053.6</ele>
        <time>2025-05-08T08:23:15</time>
      </trkpt>
      <trkpt lat="46.51193557307124" lon="22.633170587942004">
        <ele>1054.4</ele>
        <time>2025-05-08T08:23:20</time>
      </trkpt>
      <trkpt lat="46.51193741708994" lon="22.633227920159698">
        <ele>1054.8</ele>
        <time>2025-05-08T08:23:23</time>
      </trkpt>
      <trkpt lat="46.511942110955715" lon="22.633289694786072">
        <ele>1055.2</ele>
        <time>2025-05-08T08:23:26</time>
      </trkpt>
      <trkpt lat="46.51193121448159" lon="22.6333936303854">
        <ele>1055.8</ele>
        <time>2025-05-08T08:23:31</time>
      </trkpt>
      <trkpt lat="46.511927442625165" lon="22.63340829871595">
        <ele>1056.0</ele>
        <time>2025-05-08T08:23:32</time>
      </trkpt>
      <trkpt lat="46.511913780122995" lon="22.633458087220788">
        <ele>1057.0</ele>
        <time>2025-05-08T08:23:38</time>
      </trkpt>
      <trkpt lat="46.51190950535238" lon="22.63347585685551">
        <ele>1057.2</ele>
        <time>2025-05-08T08:23:49</time>
      </trkpt>
      <trkpt lat="46.51190606877208" lon="22.633483232930303">
        <ele>1057.2</ele>
        <time>2025-05-08T08:24:04</time>
      </trkpt>
      <trkpt lat="46.511906404048204" lon="22.633487172424793">
        <ele>1057.0</ele>
        <time>2025-05-08T08:24:34</time>
      </trkpt>
      <trkpt lat="46.5119066555053" lon="22.633489854633808">
        <ele>1057.0</ele>
        <time>2025-05-08T08:24:45</time>
      </trkpt>
      <trkpt lat="46.51190430857241" lon="22.633489267900586">
        <ele>1056.8</ele>
        <time>2025-05-08T08:25:11</time>
      </trkpt>
      <trkpt lat="46.51190472766757" lon="22.633489770814776">
        <ele>1056.8</ele>
        <time>2025-05-08T08:25:19</time>
      </trkpt>
      <trkpt lat="46.51190632022917" lon="22.633490273728967">
        <ele>1057.0</ele>
        <time>2025-05-08T08:26:06</time>
      </trkpt>
      <trkpt lat="46.51190523058176" lon="22.633487340062857">
        <ele>1057.0</ele>
        <time>2025-05-08T08:26:49</time>
      </trkpt>
      <trkpt lat="46.5119050629437" lon="22.63348658569157">
        <ele>1057.2</ele>
        <time>2025-05-08T08:27:25</time>
      </trkpt>
      <trkpt lat="46.51190456002951" lon="22.63348599895835">
        <ele>1057.0</ele>
        <time>2025-05-08T08:28:09</time>
      </trkpt>
      <trkpt lat="46.51190456002951" lon="22.633485160768032">
        <ele>1056.8</ele>
        <time>2025-05-08T08:28:32</time>
      </trkpt>
      <trkpt lat="46.51190238073468" lon="22.6334816403687">
        <ele>1056.8</ele>
        <time>2025-05-08T08:29:51</time>
      </trkpt>
      <trkpt lat="46.5119013749063" lon="22.63348021544516">
        <ele>1057.0</ele>
        <time>2025-05-08T08:30:30</time>
      </trkpt>
      <trkpt lat="46.51190070435405" lon="22.63348063454032">
        <ele>1057.2</ele>
        <time>2025-05-08T08:31:10</time>
      </trkpt>
      <trkpt lat="46.511901542544365" lon="22.63348013162613">
        <ele>1057.6</ele>
        <time>2025-05-08T08:31:38</time>
      </trkpt>
      <trkpt lat="46.51190472766757" lon="22.633487675338984">
        <ele>1057.8</ele>
        <time>2025-05-08T08:31:58</time>
      </trkpt>
      <trkpt lat="46.51189927943051" lon="22.633607033640146">
        <ele>1057.8</ele>
        <time>2025-05-08T08:32:15</time>
      </trkpt>
      <trkpt lat="46.511866338551044" lon="22.633788669481874">
        <ele>1058.0</ele>
        <time>2025-05-08T08:32:23</time>
      </trkpt>
      <trkpt lat="46.51183499023318" lon="22.633898304775357">
        <ele>1058.6</ele>
        <time>2025-05-08T08:32:28</time>
      </trkpt>
      <trkpt lat="46.51182803325355" lon="22.63392336666584">
        <ele>1058.6</ele>
        <time>2025-05-08T08:32:29</time>
      </trkpt>
      <trkpt lat="46.511788638308644" lon="22.634055046364665">
        <ele>1059.8</ele>
        <time>2025-05-08T08:32:35</time>
      </trkpt>
      <trkpt lat="46.51178251951933" lon="22.6340773422271">
        <ele>1060.0</ele>
        <time>2025-05-08T08:32:36</time>
      </trkpt>
      <trkpt lat="46.511745722964406" lon="22.63422628864646">
        <ele>1061.2</ele>
        <time>2025-05-08T08:32:43</time>
      </trkpt>
      <trkpt lat="46.511744633316994" lon="22.634246656671166">
        <ele>1061.2</ele>
        <time>2025-05-08T08:32:44</time>
      </trkpt>
      <trkpt lat="46.511722169816494" lon="22.634374145418406">
        <ele>1061.8</ele>
        <time>2025-05-08T08:32:50</time>
      </trkpt>
      <trkpt lat="46.51170984841883" lon="22.63446483761072">
        <ele>1062.2</ele>
        <time>2025-05-08T08:32:54</time>
      </trkpt>
      <trkpt lat="46.51170716620982" lon="22.634534239768982">
        <ele>1062.8</ele>
        <time>2025-05-08T08:32:57</time>
      </trkpt>
      <trkpt lat="46.51169811375439" lon="22.634604899212718">
        <ele>1063.4</ele>
        <time>2025-05-08T08:33:00</time>
      </trkpt>
      <trkpt lat="46.51168813928962" lon="22.63469986617565">
        <ele>1063.8</ele>
        <time>2025-05-08T08:33:04</time>
      </trkpt>
      <trkpt lat="46.51170892640948" lon="22.634788043797016">
        <ele>1064.4</ele>
        <time>2025-05-08T08:33:08</time>
      </trkpt>
      <trkpt lat="46.51172627694905" lon="22.63483766466379">
        <ele>1064.6</ele>
        <time>2025-05-08T08:33:10</time>
      </trkpt>
      <trkpt lat="46.511775059625506" lon="22.634923746809363">
        <ele>1065.2</ele>
        <time>2025-05-08T08:33:14</time>
      </trkpt>
      <trkpt lat="46.511815041303635" lon="22.634934727102518">
        <ele>1065.4</ele>
        <time>2025-05-08T08:33:16</time>
      </trkpt>
      <trkpt lat="46.51183633133769" lon="22.634935062378645">
        <ele>1065.8</ele>
        <time>2025-05-08T08:33:17</time>
      </trkpt>
      <trkpt lat="46.51192861609161" lon="22.634882424026728">
        <ele>1066.2</ele>
        <time>2025-05-08T08:33:23</time>
      </trkpt>
      <trkpt lat="46.51195803657174" lon="22.634714702144265">
        <ele>1066.8</ele>
        <time>2025-05-08T08:33:29</time>
      </trkpt>
      <trkpt lat="46.5119722019881" lon="22.634429382160306">
        <ele>1067.4</ele>
        <time>2025-05-08T08:33:38</time>
      </trkpt>
      <trkpt lat="46.51198636740446" lon="22.634339947253466">
        <ele>1067.8</ele>
        <time>2025-05-08T08:33:41</time>
      </trkpt>
      <trkpt lat="46.51200472377241" lon="22.634237939491868">
        <ele>1068.2</ele>
        <time>2025-05-08T08:33:45</time>
      </trkpt>
      <trkpt lat="46.5120446216315" lon="22.6340963691473">
        <ele>1069.0</ele>
        <time>2025-05-08T08:33:50</time>
      </trkpt>
      <trkpt lat="46.5120499022305" lon="22.634071726351976">
        <ele>1069.2</ele>
        <time>2025-05-08T08:33:51</time>
      </trkpt>
      <trkpt lat="46.51210371404886" lon="22.633917247876525">
        <ele>1070.6</ele>
        <time>2025-05-08T08:33:58</time>
      </trkpt>
      <trkpt lat="46.512148724868894" lon="22.633817000314593">
        <ele>1071.6</ele>
        <time>2025-05-08T08:34:03</time>
      </trkpt>
      <trkpt lat="46.51217990554869" lon="22.633760841563344">
        <ele>1072.2</ele>
        <time>2025-05-08T08:34:06</time>
      </trkpt>
      <trkpt lat="46.51220723055303" lon="22.633705772459507">
        <ele>1072.6</ele>
        <time>2025-05-08T08:34:09</time>
      </trkpt>
      <trkpt lat="46.51224486529827" lon="22.633629916235805">
        <ele>1073.2</ele>
        <time>2025-05-08T08:34:13</time>
      </trkpt>
      <trkpt lat="46.51228635571897" lon="22.633529668673873">
        <ele>1073.8</ele>
        <time>2025-05-08T08:34:18</time>
      </trkpt>
      <trkpt lat="46.51230303570628" lon="22.633485663682222">
        <ele>1074.0</ele>
        <time>2025-05-08T08:34:20</time>
      </trkpt>
      <trkpt lat="46.512336982414126" lon="22.633376866579056">
        <ele>1074.8</ele>
        <time>2025-05-08T08:34:25</time>
      </trkpt>
      <trkpt lat="46.512342263013124" lon="22.63335607945919">
        <ele>1075.0</ele>
        <time>2025-05-08T08:34:26</time>
      </trkpt>
      <trkpt lat="46.5123678278178" lon="22.633233284577727">
        <ele>1075.6</ele>
        <time>2025-05-08T08:34:31</time>
      </trkpt>
      <trkpt lat="46.512376461178064" lon="22.633181903511286">
        <ele>1075.8</ele>
        <time>2025-05-08T08:34:33</time>
      </trkpt>
      <trkpt lat="46.51237721554935" lon="22.633095402270555">
        <ele>1076.2</ele>
        <time>2025-05-08T08:34:36</time>
      </trkpt>
      <trkpt lat="46.51234704069793" lon="22.632935475558043">
        <ele>1076.6</ele>
        <time>2025-05-08T08:34:41</time>
      </trkpt>
      <trkpt lat="46.512338910251856" lon="22.63290454633534">
        <ele>1076.8</ele>
        <time>2025-05-08T08:34:42</time>
      </trkpt>
      <trkpt lat="46.51228149421513" lon="22.632757863029838">
        <ele>1077.2</ele>
        <time>2025-05-08T08:34:47</time>
      </trkpt>
      <trkpt lat="46.51226280257106" lon="22.6326113473624">
        <ele>1077.8</ele>
        <time>2025-05-08T08:34:52</time>
      </trkpt>
      <trkpt lat="46.51225978508592" lon="22.63255124911666">
        <ele>1078.0</ele>
        <time>2025-05-08T08:34:54</time>
      </trkpt>
      <trkpt lat="46.51225148700178" lon="22.632400458678603">
        <ele>1078.4</ele>
        <time>2025-05-08T08:34:59</time>
      </trkpt>
      <trkpt lat="46.51226196438074" lon="22.63234170153737">
        <ele>1078.6</ele>
        <time>2025-05-08T08:35:01</time>
      </trkpt>
      <trkpt lat="46.51226934045553" lon="22.632284620776772">
        <ele>1078.8</ele>
        <time>2025-05-08T08:35:03</time>
      </trkpt>
      <trkpt lat="46.51228107511997" lon="22.632229970768094">
        <ele>1079.0</ele>
        <time>2025-05-08T08:35:05</time>
      </trkpt>
      <trkpt lat="46.512307645753026" lon="22.63215503655374">
        <ele>1079.2</ele>
        <time>2025-05-08T08:35:08</time>
      </trkpt>
      <trkpt lat="46.51233379729092" lon="22.632074151188135">
        <ele>1079.8</ele>
        <time>2025-05-08T08:35:11</time>
      </trkpt>
      <trkpt lat="46.51237319223583" lon="22.63197273015976">
        <ele>1080.2</ele>
        <time>2025-05-08T08:35:15</time>
      </trkpt>
      <trkpt lat="46.51244502514601" lon="22.63183007016778">
        <ele>1080.8</ele>
        <time>2025-05-08T08:35:21</time>
      </trkpt>
      <trkpt lat="46.51247385889292" lon="22.63179092667997">
        <ele>1081.2</ele>
        <time>2025-05-08T08:35:23</time>
      </trkpt>
      <trkpt lat="46.51254342868924" lon="22.631696546450257">
        <ele>1082.0</ele>
        <time>2025-05-08T08:35:28</time>
      </trkpt>
      <trkpt lat="46.51257410645485" lon="22.631659414619207">
        <ele>1082.4</ele>
        <time>2025-05-08T08:35:30</time>
      </trkpt>
      <trkpt lat="46.512658931314945" lon="22.631545923650265">
        <ele>1082.8</ele>
        <time>2025-05-08T08:35:36</time>
      </trkpt>
      <trkpt lat="46.512690195813775" lon="22.631513318046927">
        <ele>1083.0</ele>
        <time>2025-05-08T08:35:38</time>
      </trkpt>
      <trkpt lat="46.51275901123881" lon="22.631429079920053">
        <ele>1083.6</ele>
        <time>2025-05-08T08:35:43</time>
      </trkpt>
      <trkpt lat="46.51281793601811" lon="22.631358923390508">
        <ele>1084.2</ele>
        <time>2025-05-08T08:35:47</time>
      </trkpt>
      <trkpt lat="46.51285666041076" lon="22.63130427338183">
        <ele>1084.6</ele>
        <time>2025-05-08T08:35:50</time>
      </trkpt>
      <trkpt lat="46.51291214860976" lon="22.631223388016224">
        <ele>1085.2</ele>
        <time>2025-05-08T08:35:54</time>
      </trkpt>
      <trkpt lat="46.512943748384714" lon="22.631180975586176">
        <ele>1085.4</ele>
        <time>2025-05-08T08:35:56</time>
      </trkpt>
      <trkpt lat="46.51304709725082" lon="22.631102353334427">
        <ele>1086.0</ele>
        <time>2025-05-08T08:36:02</time>
      </trkpt>
      <trkpt lat="46.513094790279865" lon="22.63107326813042">
        <ele>1086.4</ele>
        <time>2025-05-08T08:36:05</time>
      </trkpt>
      <trkpt lat="46.51314055547118" lon="22.631047451868653">
        <ele>1086.6</ele>
        <time>2025-05-08T08:36:08</time>
      </trkpt>
      <trkpt lat="46.51322261430323" lon="22.63103705830872">
        <ele>1087.4</ele>
        <time>2025-05-08T08:36:13</time>
      </trkpt>
      <trkpt lat="46.513255052268505" lon="22.631027419120073">
        <ele>1087.8</ele>
        <time>2025-05-08T08:36:15</time>
      </trkpt>
      <trkpt lat="46.51330769062042" lon="22.631014930084348">
        <ele>1088.4</ele>
        <time>2025-05-08T08:36:18</time>
      </trkpt>
      <trkpt lat="46.51335747912526" lon="22.631025407463312">
        <ele>1089.0</ele>
        <time>2025-05-08T08:36:21</time>
      </trkpt>
      <trkpt lat="46.5134313236922" lon="22.63101937249303">
        <ele>1089.6</ele>
        <time>2025-05-08T08:36:25</time>
      </trkpt>
      <trkpt lat="46.51345252990723" lon="22.631017779931426">
        <ele>1089.6</ele>
        <time>2025-05-08T08:36:26</time>
      </trkpt>
      <trkpt lat="46.51356074027717" lon="22.63102632947266">
        <ele>1090.4</ele>
        <time>2025-05-08T08:36:32</time>
      </trkpt>
      <trkpt lat="46.5135764144361" lon="22.63102574273944">
        <ele>1090.6</ele>
        <time>2025-05-08T08:36:33</time>
      </trkpt>
      <trkpt lat="46.5136438049376" lon="22.63101157732308">
        <ele>1091.2</ele>
        <time>2025-05-08T08:36:37</time>
      </trkpt>
      <trkpt lat="46.513654282316566" lon="22.63100570999086">
        <ele>1091.4</ele>
        <time>2025-05-08T08:36:38</time>
      </trkpt>
      <trkpt lat="46.513694766908884" lon="22.630986431613564">
        <ele>1091.8</ele>
        <time>2025-05-08T08:36:41</time>
      </trkpt>
      <trkpt lat="46.51371203362942" lon="22.630978720262647">
        <ele>1091.8</ele>
        <time>2025-05-08T08:36:42</time>
      </trkpt>
      <trkpt lat="46.51378847658634" lon="22.63093739748001">
        <ele>1092.8</ele>
        <time>2025-05-08T08:36:47</time>
      </trkpt>
      <trkpt lat="46.513871708884835" lon="22.630864391103387">
        <ele>1093.8</ele>
        <time>2025-05-08T08:36:53</time>
      </trkpt>
      <trkpt lat="46.513887885957956" lon="22.630855841562152">
        <ele>1094.0</ele>
        <time>2025-05-08T08:36:54</time>
      </trkpt>
      <trkpt lat="46.513980673626065" lon="22.630795994773507">
        <ele>1094.4</ele>
        <time>2025-05-08T08:37:00</time>
      </trkpt>
      <trkpt lat="46.514012860134244" lon="22.630765652284026">
        <ele>1094.8</ele>
        <time>2025-05-08T08:37:02</time>
      </trkpt>
      <trkpt lat="46.51407438330352" lon="22.630727346986532">
        <ele>1095.2</ele>
        <time>2025-05-08T08:37:06</time>
      </trkpt>
      <trkpt lat="46.5141068212688" lon="22.63070035725832">
        <ele>1095.4</ele>
        <time>2025-05-08T08:37:08</time>
      </trkpt>
      <trkpt lat="46.514162980020046" lon="22.630672780796885">
        <ele>1095.8</ele>
        <time>2025-05-08T08:37:11</time>
      </trkpt>
      <trkpt lat="46.51417521759868" lon="22.630668254569173">
        <ele>1095.8</ele>
        <time>2025-05-08T08:37:12</time>
      </trkpt>
      <trkpt lat="46.514243613928556" lon="22.63064713217318">
        <ele>1096.4</ele>
        <time>2025-05-08T08:37:16</time>
      </trkpt>
      <trkpt lat="46.51430882513523" lon="22.63063296675682">
        <ele>1097.0</ele>
        <time>2025-05-08T08:37:20</time>
      </trkpt>
      <trkpt lat="46.51432542130351" lon="22.63062701560557">
        <ele>1097.2</ele>
        <time>2025-05-08T08:37:21</time>
      </trkpt>
      <trkpt lat="46.514356937259436" lon="22.630621818825603">
        <ele>1097.6</ele>
        <time>2025-05-08T08:37:23</time>
      </trkpt>
      <trkpt lat="46.51440605521202" lon="22.630610670894384">
        <ele>1097.8</ele>
        <time>2025-05-08T08:37:26</time>
      </trkpt>
      <trkpt lat="46.51441971771419" lon="22.630606312304735">
        <ele>1098.0</ele>
        <time>2025-05-08T08:37:27</time>
      </trkpt>
      <trkpt lat="46.51447545737028" lon="22.630593739449978">
        <ele>1098.8</ele>
        <time>2025-05-08T08:37:31</time>
      </trkpt>
      <trkpt lat="46.51449431665242" lon="22.630586195737123">
        <ele>1098.8</ele>
        <time>2025-05-08T08:37:32</time>
      </trkpt>
      <trkpt lat="46.51454092003405" lon="22.63057085685432">
        <ele>1099.2</ele>
        <time>2025-05-08T08:37:35</time>
      </trkpt>
      <trkpt lat="46.51458727195859" lon="22.630562307313085">
        <ele>1099.4</ele>
        <time>2025-05-08T08:37:38</time>
      </trkpt>
      <trkpt lat="46.514631947502494" lon="22.630565240979195">
        <ele>1099.8</ele>
        <time>2025-05-08T08:37:41</time>
      </trkpt>
      <trkpt lat="46.5146644692868" lon="22.63057722710073">
        <ele>1100.0</ele>
        <time>2025-05-08T08:37:43</time>
      </trkpt>
      <trkpt lat="46.51468114927411" lon="22.630587872117758">
        <ele>1100.2</ele>
        <time>2025-05-08T08:37:44</time>
      </trkpt>
      <trkpt lat="46.514701349660754" lon="22.630599606782198">
        <ele>1100.2</ele>
        <time>2025-05-08T08:37:45</time>
      </trkpt>
      <trkpt lat="46.51473521254957" lon="22.63064277358353">
        <ele>1101.0</ele>
        <time>2025-05-08T08:37:49</time>
      </trkpt>
      <trkpt lat="46.51475482620299" lon="22.63067244552076">
        <ele>1101.4</ele>
        <time>2025-05-08T08:37:51</time>
      </trkpt>
      <trkpt lat="46.514802519232035" lon="22.630787109956145">
        <ele>1102.6</ele>
        <time>2025-05-08T08:37:57</time>
      </trkpt>
      <trkpt lat="46.51484040543437" lon="22.630942929536104">
        <ele>1103.4</ele>
        <time>2025-05-08T08:38:03</time>
      </trkpt>
      <trkpt lat="46.514839651063085" lon="22.630966985598207">
        <ele>1103.6</ele>
        <time>2025-05-08T08:38:04</time>
      </trkpt>
      <trkpt lat="46.514844093471766" lon="22.63103655539453">
        <ele>1104.2</ele>
        <time>2025-05-08T08:38:07</time>
      </trkpt>
      <trkpt lat="46.514842668548226" lon="22.6310864277184">
        <ele>1104.4</ele>
        <time>2025-05-08T08:38:09</time>
      </trkpt>
      <trkpt lat="46.51483805850148" lon="22.631129762157798">
        <ele>1104.6</ele>
        <time>2025-05-08T08:38:11</time>
      </trkpt>
      <trkpt lat="46.51483344845474" lon="22.631150297820568">
        <ele>1104.8</ele>
        <time>2025-05-08T08:38:12</time>
      </trkpt>
      <trkpt lat="46.514820121228695" lon="22.631169660016894">
        <ele>1104.8</ele>
        <time>2025-05-08T08:38:13</time>
      </trkpt>
      <trkpt lat="46.514714090153575" lon="22.63126278296113">
        <ele>1105.4</ele>
        <time>2025-05-08T08:38:19</time>
      </trkpt>
      <trkpt lat="46.51467863470316" lon="22.63129396364093">
        <ele>1105.4</ele>
        <time>2025-05-08T08:38:21</time>
      </trkpt>
      <trkpt lat="46.5145849250257" lon="22.631328832358122">
        <ele>1106.2</ele>
        <time>2025-05-08T08:38:25</time>
      </trkpt>
      <trkpt lat="46.51450420729816" lon="22.631322713568807">
        <ele>1106.6</ele>
        <time>2025-05-08T08:38:29</time>
      </trkpt>
      <trkpt lat="46.514469254761934" lon="22.631304943934083">
        <ele>1106.8</ele>
        <time>2025-05-08T08:38:31</time>
      </trkpt>
      <trkpt lat="46.51435559615493" lon="22.63122607022524">
        <ele>1107.4</ele>
        <time>2025-05-08T08:38:38</time>
      </trkpt>
      <trkpt lat="46.514340844005346" lon="22.631214670836926">
        <ele>1107.6</ele>
        <time>2025-05-08T08:38:39</time>
      </trkpt>
      <trkpt lat="46.5142294485122" lon="22.631141748279333">
        <ele>1108.6</ele>
        <time>2025-05-08T08:38:46</time>
      </trkpt>
      <trkpt lat="46.51421268470585" lon="22.631129762157798">
        <ele>1108.6</ele>
        <time>2025-05-08T08:38:47</time>
      </trkpt>
      <trkpt lat="46.51408318430185" lon="22.63112112879753">
        <ele>1109.8</ele>
        <time>2025-05-08T08:38:54</time>
      </trkpt>
      <trkpt lat="46.51395703665912" lon="22.631163960322738">
        <ele>1110.8</ele>
        <time>2025-05-08T08:39:01</time>
      </trkpt>
      <trkpt lat="46.51392241939902" lon="22.631182903423905">
        <ele>1111.0</ele>
        <time>2025-05-08T08:39:03</time>
      </trkpt>
      <trkpt lat="46.513817897066474" lon="22.631269991397858">
        <ele>1111.8</ele>
        <time>2025-05-08T08:39:09</time>
      </trkpt>
      <trkpt lat="46.51380339637399" lon="22.631285917013884">
        <ele>1111.8</ele>
        <time>2025-05-08T08:39:10</time>
      </trkpt>
      <trkpt lat="46.5137077588588" lon="22.631374429911375">
        <ele>1112.6</ele>
        <time>2025-05-08T08:39:16</time>
      </trkpt>
      <trkpt lat="46.5136802662164" lon="22.631394462659955">
        <ele>1113.0</ele>
        <time>2025-05-08T08:39:18</time>
      </trkpt>
      <trkpt lat="46.513600470498204" lon="22.63145439326763">
        <ele>1113.8</ele>
        <time>2025-05-08T08:39:23</time>
      </trkpt>
      <trkpt lat="46.51357549242675" lon="22.63148356229067">
        <ele>1114.0</ele>
        <time>2025-05-08T08:39:25</time>
      </trkpt>
      <trkpt lat="46.51350198313594" lon="22.631548522040248">
        <ele>1114.8</ele>
        <time>2025-05-08T08:39:30</time>
      </trkpt>
      <trkpt lat="46.513457894325256" lon="22.631588838994503">
        <ele>1115.2</ele>
        <time>2025-05-08T08:39:33</time>
      </trkpt>
      <trkpt lat="46.51341405697167" lon="22.631635442376137">
        <ele>1115.6</ele>
        <time>2025-05-08T08:39:36</time>
      </trkpt>
      <trkpt lat="46.513327388092875" lon="22.631714902818203">
        <ele>1116.2</ele>
        <time>2025-05-08T08:39:42</time>
      </trkpt>
      <trkpt lat="46.51326636783779" lon="22.631793525069952">
        <ele>1116.8</ele>
        <time>2025-05-08T08:39:47</time>
      </trkpt>
      <trkpt lat="46.51325672864914" lon="22.631811797618866">
        <ele>1117.0</ele>
        <time>2025-05-08T08:39:48</time>
      </trkpt>
      <trkpt lat="46.51320828124881" lon="22.63189452700317">
        <ele>1117.4</ele>
        <time>2025-05-08T08:39:52</time>
      </trkpt>
      <trkpt lat="46.51317064650357" lon="22.631955463439226">
        <ele>1117.8</ele>
        <time>2025-05-08T08:39:55</time>
      </trkpt>
      <trkpt lat="46.513133430853486" lon="22.632086807861924">
        <ele>1118.4</ele>
        <time>2025-05-08T08:40:00</time>
      </trkpt>
      <trkpt lat="46.51311700232327" lon="22.632167609408498">
        <ele>1119.0</ele>
        <time>2025-05-08T08:40:03</time>
      </trkpt>
      <trkpt lat="46.51308372616768" lon="22.632295852527022">
        <ele>1119.6</ele>
        <time>2025-05-08T08:40:09</time>
      </trkpt>
      <trkpt lat="46.51307752355933" lon="22.632318483665586">
        <ele>1119.6</ele>
        <time>2025-05-08T08:40:10</time>
      </trkpt>
      <trkpt lat="46.51305363513529" lon="22.632510596886277">
        <ele>1120.2</ele>
        <time>2025-05-08T08:40:17</time>
      </trkpt>
      <trkpt lat="46.51305355131626" lon="22.632595002651215">
        <ele>1120.8</ele>
        <time>2025-05-08T08:40:20</time>
      </trkpt>
      <trkpt lat="46.5130533836782" lon="22.632672283798456">
        <ele>1121.4</ele>
        <time>2025-05-08T08:40:23</time>
      </trkpt>
      <trkpt lat="46.513073751702905" lon="22.632789043709636">
        <ele>1121.8</ele>
        <time>2025-05-08T08:40:27</time>
      </trkpt>
      <trkpt lat="46.51307651773095" lon="22.632820308208466">
        <ele>1121.8</ele>
        <time>2025-05-08T08:40:28</time>
      </trkpt>
      <trkpt lat="46.51308766566217" lon="22.63298325240612">
        <ele>1122.4</ele>
        <time>2025-05-08T08:40:34</time>
      </trkpt>
      <trkpt lat="46.513106022030115" lon="22.633099425584078">
        <ele>1122.8</ele>
        <time>2025-05-08T08:40:38</time>
      </trkpt>
      <trkpt lat="46.5131154935807" lon="22.633151141926646">
        <ele>1123.0</ele>
        <time>2025-05-08T08:40:40</time>
      </trkpt>
      <trkpt lat="46.51313653215766" lon="22.633337806910276">
        <ele>1123.8</ele>
        <time>2025-05-08T08:40:47</time>
      </trkpt>
      <trkpt lat="46.51314340531826" lon="22.633366473019123">
        <ele>1124.0</ele>
        <time>2025-05-08T08:40:48</time>
      </trkpt>
      <trkpt lat="46.51316100731492" lon="22.633491782471538">
        <ele>1125.0</ele>
        <time>2025-05-08T08:40:53</time>
      </trkpt>
      <trkpt lat="46.51317651383579" lon="22.633634358644485">
        <ele>1126.0</ele>
        <time>2025-05-08T08:40:59</time>
      </trkpt>
      <trkpt lat="46.513183219358325" lon="22.63368104584515">
        <ele>1126.2</ele>
        <time>2025-05-08T08:41:01</time>
      </trkpt>
      <trkpt lat="46.513210628181696" lon="22.63383342884481">
        <ele>1127.2</ele>
        <time>2025-05-08T08:41:07</time>
      </trkpt>
      <trkpt lat="46.51320978999138" lon="22.633859748020768">
        <ele>1127.2</ele>
        <time>2025-05-08T08:41:08</time>
      </trkpt>
      <trkpt lat="46.51325169950724" lon="22.633981620892882">
        <ele>1127.8</ele>
        <time>2025-05-08T08:41:13</time>
      </trkpt>
      <trkpt lat="46.51327743194997" lon="22.63402109965682">
        <ele>1128.2</ele>
        <time>2025-05-08T08:41:15</time>
      </trkpt>
      <trkpt lat="46.513344403356314" lon="22.6341085229069">
        <ele>1129.4</ele>
        <time>2025-05-08T08:41:20</time>
      </trkpt>
      <trkpt lat="46.51345940306783" lon="22.634194269776344">
        <ele>1130.4</ele>
        <time>2025-05-08T08:41:27</time>
      </trkpt>
      <trkpt lat="46.51348505169153" lon="22.63420768082142">
        <ele>1130.6</ele>
        <time>2025-05-08T08:41:29</time>
      </trkpt>
      <trkpt lat="46.51353316381574" lon="22.63424590229988">
        <ele>1131.0</ele>
        <time>2025-05-08T08:41:32</time>
      </trkpt>
      <trkpt lat="46.51364179328084" lon="22.63425604440272">
        <ele>1131.6</ele>
        <time>2025-05-08T08:41:37</time>
      </trkpt>
      <trkpt lat="46.51375377550721" lon="22.634256212040782">
        <ele>1132.4</ele>
        <time>2025-05-08T08:41:43</time>
      </trkpt>
      <trkpt lat="46.513810604810715" lon="22.63424933888018">
        <ele>1132.8</ele>
        <time>2025-05-08T08:41:46</time>
      </trkpt>
      <trkpt lat="46.513862907886505" lon="22.634253948926926">
        <ele>1133.2</ele>
        <time>2025-05-08T08:41:49</time>
      </trkpt>
      <trkpt lat="46.513969944790006" lon="22.634241543710232">
        <ele>1133.8</ele>
        <time>2025-05-08T08:41:55</time>
      </trkpt>
      <trkpt lat="46.51398813351989" lon="22.634235005825758">
        <ele>1133.8</ele>
        <time>2025-05-08T08:41:56</time>
      </trkpt>
      <trkpt lat="46.514057368040085" lon="22.634234922006726">
        <ele>1134.0</ele>
        <time>2025-05-08T08:42:00</time>
      </trkpt>
      <trkpt lat="46.51418502442539" lon="22.634233748540282">
        <ele>1135.2</ele>
        <time>2025-05-08T08:42:07</time>
      </trkpt>
      <trkpt lat="46.51427797973156" lon="22.634245231747627">
        <ele>1136.2</ele>
        <time>2025-05-08T08:42:12</time>
      </trkpt>
      <trkpt lat="46.51433078572154" lon="22.634251434355974">
        <ele>1136.6</ele>
        <time>2025-05-08T08:42:15</time>
      </trkpt>
      <trkpt lat="46.51443027891219" lon="22.634276831522584">
        <ele>1137.2</ele>
        <time>2025-05-08T08:42:21</time>
      </trkpt>
      <trkpt lat="46.51444813236594" lon="22.634283872321248">
        <ele>1137.4</ele>
        <time>2025-05-08T08:42:22</time>
      </trkpt>
      <trkpt lat="46.51454251259565" lon="22.63434262946248">
        <ele>1137.8</ele>
        <time>2025-05-08T08:42:27</time>
      </trkpt>
      <trkpt lat="46.51457947678864" lon="22.63436945155263">
        <ele>1138.2</ele>
        <time>2025-05-08T08:42:29</time>
      </trkpt>
      <trkpt lat="46.51467427611351" lon="22.6344280410558">
        <ele>1138.8</ele>
        <time>2025-05-08T08:42:34</time>
      </trkpt>
      <trkpt lat="46.51472892612219" lon="22.634455114603043">
        <ele>1139.2</ele>
        <time>2025-05-08T08:42:37</time>
      </trkpt>
      <trkpt lat="46.51480570435524" lon="22.634479254484177">
        <ele>1140.0</ele>
        <time>2025-05-08T08:42:41</time>
      </trkpt>
      <trkpt lat="46.51486177928746" lon="22.6344798412174">
        <ele>1140.4</ele>
        <time>2025-05-08T08:42:43</time>
      </trkpt>
      <trkpt lat="46.51493042707443" lon="22.634479673579335">
        <ele>1141.0</ele>
        <time>2025-05-08T08:42:46</time>
      </trkpt>
      <trkpt lat="46.51501592248678" lon="22.63442904688418">
        <ele>1141.6</ele>
        <time>2025-05-08T08:42:50</time>
      </trkpt>
      <trkpt lat="46.51503385975957" lon="22.63441354036331">
        <ele>1141.6</ele>
        <time>2025-05-08T08:42:51</time>
      </trkpt>
      <trkpt lat="46.515177777037024" lon="22.634253865107894">
        <ele>1142.6</ele>
        <time>2025-05-08T08:42:59</time>
      </trkpt>
      <trkpt lat="46.515198815613985" lon="22.63422922231257">
        <ele>1143.0</ele>
        <time>2025-05-08T08:43:00</time>
      </trkpt>
      <trkpt lat="46.51532320305705" lon="22.634034175425768">
        <ele>1143.8</ele>
        <time>2025-05-08T08:43:07</time>
      </trkpt>
      <trkpt lat="46.515406016260386" lon="22.633861172944307">
        <ele>1144.2</ele>
        <time>2025-05-08T08:43:13</time>
      </trkpt>
      <trkpt lat="46.51554238982499" lon="22.633636789396405">
        <ele>1144.6</ele>
        <time>2025-05-08T08:43:21</time>
      </trkpt>
      <trkpt lat="46.51555999182165" lon="22.633607452735305">
        <ele>1144.8</ele>
        <time>2025-05-08T08:43:22</time>
      </trkpt>
      <trkpt lat="46.51566191576421" lon="22.633406119421124">
        <ele>1145.0</ele>
        <time>2025-05-08T08:43:28</time>
      </trkpt>
      <trkpt lat="46.51579770259559" lon="22.63317813165486">
        <ele>1145.6</ele>
        <time>2025-05-08T08:43:35</time>
      </trkpt>
      <trkpt lat="46.515842797234654" lon="22.633124236017466">
        <ele>1145.8</ele>
        <time>2025-05-08T08:43:37</time>
      </trkpt>
      <trkpt lat="46.51593441143632" lon="22.633014600723982">
        <ele>1146.0</ele>
        <time>2025-05-08T08:43:41</time>
      </trkpt>
      <trkpt lat="46.51607698760927" lon="22.63296472840011">
        <ele>1146.6</ele>
        <time>2025-05-08T08:43:47</time>
      </trkpt>
      <trkpt lat="46.516143875196576" lon="22.632957603782415">
        <ele>1146.8</ele>
        <time>2025-05-08T08:43:50</time>
      </trkpt>
      <trkpt lat="46.51619131676853" lon="22.632957436144352">
        <ele>1147.2</ele>
        <time>2025-05-08T08:43:52</time>
      </trkpt>
      <trkpt lat="46.51634571142495" lon="22.632934134453535">
        <ele>1148.0</ele>
        <time>2025-05-08T08:43:59</time>
      </trkpt>
      <trkpt lat="46.516366163268685" lon="22.632927680388093">
        <ele>1148.2</ele>
        <time>2025-05-08T08:44:00</time>
      </trkpt>
      <trkpt lat="46.51647328399122" lon="22.632877975702286">
        <ele>1149.2</ele>
        <time>2025-05-08T08:44:05</time>
      </trkpt>
      <trkpt lat="46.51649541221559" lon="22.632860708981752">
        <ele>1149.4</ele>
        <time>2025-05-08T08:44:06</time>
      </trkpt>
      <trkpt lat="46.516627091914415" lon="22.632703632116318">
        <ele>1150.2</ele>
        <time>2025-05-08T08:44:12</time>
      </trkpt>
      <trkpt lat="46.51664745993912" lon="22.63267152942717">
        <ele>1150.4</ele>
        <time>2025-05-08T08:44:13</time>
      </trkpt>
      <trkpt lat="46.51674150489271" lon="22.632473381236196">
        <ele>1151.2</ele>
        <time>2025-05-08T08:44:19</time>
      </trkpt>
      <trkpt lat="46.51676304638386" lon="22.63244421221316">
        <ele>1151.4</ele>
        <time>2025-05-08T08:44:20</time>
      </trkpt>
      <trkpt lat="46.51689648628235" lon="22.63233038596809">
        <ele>1151.8</ele>
        <time>2025-05-08T08:44:26</time>
      </trkpt>
      <trkpt lat="46.51700704358518" lon="22.632271461188793">
        <ele>1152.4</ele>
        <time>2025-05-08T08:44:31</time>
      </trkpt>
      <trkpt lat="46.517029255628586" lon="22.632262827828526">
        <ele>1152.6</ele>
        <time>2025-05-08T08:44:32</time>
      </trkpt>
      <trkpt lat="46.517138723284006" lon="22.63220289722085">
        <ele>1153.6</ele>
        <time>2025-05-08T08:44:38</time>
      </trkpt>
      <trkpt lat="46.517172334715724" lon="22.632177835330367">
        <ele>1153.8</ele>
        <time>2025-05-08T08:44:40</time>
      </trkpt>
      <trkpt lat="46.517235450446606" lon="22.632127376273274">
        <ele>1154.4</ele>
        <time>2025-05-08T08:44:43</time>
      </trkpt>
      <trkpt lat="46.51725615374744" lon="22.6321139652282">
        <ele>1154.6</ele>
        <time>2025-05-08T08:44:44</time>
      </trkpt>
      <trkpt lat="46.51739152148366" lon="22.63202503323555">
        <ele>1155.0</ele>
        <time>2025-05-08T08:44:50</time>
      </trkpt>
      <trkpt lat="46.517446506768465" lon="22.631981447339058">
        <ele>1155.2</ele>
        <time>2025-05-08T08:44:53</time>
      </trkpt>
      <trkpt lat="46.51747131720185" lon="22.63196594081819">
        <ele>1155.4</ele>
        <time>2025-05-08T08:44:54</time>
      </trkpt>
      <trkpt lat="46.517524626106024" lon="22.631935430690646">
        <ele>1155.6</ele>
        <time>2025-05-08T08:44:56</time>
      </trkpt>
      <trkpt lat="46.51759805157781" lon="22.631889581680298">
        <ele>1156.0</ele>
        <time>2025-05-08T08:44:59</time>
      </trkpt>
      <trkpt lat="46.517620431259274" lon="22.63187893666327">
        <ele>1156.0</ele>
        <time>2025-05-08T08:45:00</time>
      </trkpt>
      <trkpt lat="46.5177642647177" lon="22.631796039640903">
        <ele>1156.6</ele>
        <time>2025-05-08T08:45:06</time>
      </trkpt>
      <trkpt lat="46.517789578065276" lon="22.631784891709685">
        <ele>1156.6</ele>
        <time>2025-05-08T08:45:07</time>
      </trkpt>
      <trkpt lat="46.51794087141752" lon="22.631705766543746">
        <ele>1157.6</ele>
        <time>2025-05-08T08:45:13</time>
      </trkpt>
      <trkpt lat="46.51799015700817" lon="22.631679195910692">
        <ele>1157.8</ele>
        <time>2025-05-08T08:45:15</time>
      </trkpt>
      <trkpt lat="46.51809660717845" lon="22.63162923976779">
        <ele>1158.0</ele>
        <time>2025-05-08T08:45:19</time>
      </trkpt>
      <trkpt lat="46.518232729285955" lon="22.631584480404854">
        <ele>1158.4</ele>
        <time>2025-05-08T08:45:24</time>
      </trkpt>
      <trkpt lat="46.518280087038875" lon="22.63159353286028">
        <ele>1159.0</ele>
        <time>2025-05-08T08:45:26</time>
      </trkpt>
      <trkpt lat="46.51839600875974" lon="22.631621696054935">
        <ele>1159.6</ele>
        <time>2025-05-08T08:45:31</time>
      </trkpt>
      <trkpt lat="46.51850120164454" lon="22.63165229000151">
        <ele>1160.0</ele>
        <time>2025-05-08T08:45:35</time>
      </trkpt>
      <trkpt lat="46.51857605203986" lon="22.631673831492662">
        <ele>1160.4</ele>
        <time>2025-05-08T08:45:38</time>
      </trkpt>
      <trkpt lat="46.5187468752265" lon="22.631720937788486">
        <ele>1161.0</ele>
        <time>2025-05-08T08:45:44</time>
      </trkpt>
      <trkpt lat="46.518774116411805" lon="22.631725799292326">
        <ele>1161.4</ele>
        <time>2025-05-08T08:45:45</time>
      </trkpt>
      <trkpt lat="46.518935300409794" lon="22.63177491724491">
        <ele>1162.2</ele>
        <time>2025-05-08T08:45:51</time>
      </trkpt>
      <trkpt lat="46.51899238117039" lon="22.631789166480303">
        <ele>1162.4</ele>
        <time>2025-05-08T08:45:53</time>
      </trkpt>
      <trkpt lat="46.519084330648184" lon="22.63183342292905">
        <ele>1162.8</ele>
        <time>2025-05-08T08:45:57</time>
      </trkpt>
      <trkpt lat="46.51923855766654" lon="22.63189855031669">
        <ele>1163.6</ele>
        <time>2025-05-08T08:46:04</time>
      </trkpt>
      <trkpt lat="46.51925758458674" lon="22.631909614428878">
        <ele>1163.6</ele>
        <time>2025-05-08T08:46:05</time>
      </trkpt>
      <trkpt lat="46.519391192123294" lon="22.632005335763097">
        <ele>1164.0</ele>
        <time>2025-05-08T08:46:12</time>
      </trkpt>
      <trkpt lat="46.51944634504616" lon="22.632080521434546">
        <ele>1164.4</ele>
        <time>2025-05-08T08:46:16</time>
      </trkpt>
      <trkpt lat="46.51947098784149" lon="22.632130812853575">
        <ele>1164.8</ele>
        <time>2025-05-08T08:46:18</time>
      </trkpt>
      <trkpt lat="46.519461181014776" lon="22.632270622998476">
        <ele>1165.6</ele>
        <time>2025-05-08T08:46:23</time>
      </trkpt>
      <trkpt lat="46.51939496397972" lon="22.632483690977097">
        <ele>1166.6</ele>
        <time>2025-05-08T08:46:30</time>
      </trkpt>
      <trkpt lat="46.519348276779056" lon="22.63261863961816">
        <ele>1167.6</ele>
        <time>2025-05-08T08:46:35</time>
      </trkpt>
      <trkpt lat="46.51933930814266" lon="22.632640600204468">
        <ele>1167.6</ele>
        <time>2025-05-08T08:46:36</time>
      </trkpt>
      <trkpt lat="46.51927879080176" lon="22.632774375379086">
        <ele>1168.2</ele>
        <time>2025-05-08T08:46:42</time>
      </trkpt>
      <trkpt lat="46.519272504374385" lon="22.6327960845083">
        <ele>1168.4</ele>
        <time>2025-05-08T08:46:43</time>
      </trkpt>
      <trkpt lat="46.519241742789745" lon="22.632856434211135">
        <ele>1168.8</ele>
        <time>2025-05-08T08:46:46</time>
      </trkpt>
      <trkpt lat="46.519223218783736" lon="22.632899098098278">
        <ele>1169.0</ele>
        <time>2025-05-08T08:46:48</time>
      </trkpt>
      <trkpt lat="46.5191834885627" lon="22.63296858407557">
        <ele>1169.2</ele>
        <time>2025-05-08T08:46:51</time>
      </trkpt>
      <trkpt lat="46.51916094124317" lon="22.6330085657537">
        <ele>1169.4</ele>
        <time>2025-05-08T08:46:53</time>
      </trkpt>
      <trkpt lat="46.5191248152405" lon="22.633097413927317">
        <ele>1169.8</ele>
        <time>2025-05-08T08:46:57</time>
      </trkpt>
      <trkpt lat="46.51912062428892" lon="22.633107639849186">
        <ele>1169.8</ele>
        <time>2025-05-08T08:46:58</time>
      </trkpt>
      <trkpt lat="46.519132694229484" lon="22.63314602896571">
        <ele>1170.8</ele>
        <time>2025-05-08T08:47:04</time>
      </trkpt>
      <trkpt lat="46.51913294568658" lon="22.633149214088917">
        <ele>1171.0</ele>
        <time>2025-05-08T08:47:05</time>
      </trkpt>
      <trkpt lat="46.519144512712955" lon="22.633156590163708">
        <ele>1171.8</ele>
        <time>2025-05-08T08:47:14</time>
      </trkpt>
      <trkpt lat="46.51914660818875" lon="22.63315424323082">
        <ele>1172.2</ele>
        <time>2025-05-08T08:47:27</time>
      </trkpt>
      <trkpt lat="46.51915046386421" lon="22.633155500516295">
        <ele>1172.8</ele>
        <time>2025-05-08T08:47:35</time>
      </trkpt>
      <trkpt lat="46.51915105059743" lon="22.633155835792422">
        <ele>1173.8</ele>
        <time>2025-05-08T08:47:46</time>
      </trkpt>
      <trkpt lat="46.51915113441646" lon="22.633155919611454">
        <ele>1173.8</ele>
        <time>2025-05-08T08:47:47</time>
      </trkpt>
      <trkpt lat="46.519153816625476" lon="22.633158518001437">
        <ele>1174.8</ele>
        <time>2025-05-08T08:48:06</time>
      </trkpt>
      <trkpt lat="46.519154319539666" lon="22.633158350363374">
        <ele>1175.0</ele>
        <time>2025-05-08T08:48:07</time>
      </trkpt>
      <trkpt lat="46.51915406808257" lon="22.633159356191754">
        <ele>1175.4</ele>
        <time>2025-05-08T08:48:18</time>
      </trkpt>
      <trkpt lat="46.519119115546346" lon="22.633210234344006">
        <ele>1175.2</ele>
        <time>2025-05-08T08:48:32</time>
      </trkpt>
      <trkpt lat="46.51902414858341" lon="22.633307883515954">
        <ele>1175.2</ele>
        <time>2025-05-08T08:48:40</time>
      </trkpt>
      <trkpt lat="46.51890923269093" lon="22.63341181911528">
        <ele>1175.6</ele>
        <time>2025-05-08T08:48:48</time>
      </trkpt>
      <trkpt lat="46.51880278252065" lon="22.633563112467527">
        <ele>1176.0</ele>
        <time>2025-05-08T08:48:55</time>
      </trkpt>
      <trkpt lat="46.51875081472099" lon="22.63365749269724">
        <ele>1176.2</ele>
        <time>2025-05-08T08:48:59</time>
      </trkpt>
      <trkpt lat="46.518714521080256" lon="22.633745251223445">
        <ele>1176.6</ele>
        <time>2025-05-08T08:49:02</time>
      </trkpt>
      <trkpt lat="46.518675880506635" lon="22.63386083766818">
        <ele>1177.2</ele>
        <time>2025-05-08T08:49:06</time>
      </trkpt>
      <trkpt lat="46.51866699568927" lon="22.633888414129615">
        <ele>1177.4</ele>
        <time>2025-05-08T08:49:07</time>
      </trkpt>
      <trkpt lat="46.51862835511565" lon="22.634077928960323">
        <ele>1178.4</ele>
        <time>2025-05-08T08:49:13</time>
      </trkpt>
      <trkpt lat="46.51862567290664" lon="22.63410709798336">
        <ele>1178.4</ele>
        <time>2025-05-08T08:49:14</time>
      </trkpt>
      <trkpt lat="46.51863698847592" lon="22.634319914504886">
        <ele>1179.0</ele>
        <time>2025-05-08T08:49:20</time>
      </trkpt>
      <trkpt lat="46.518680825829506" lon="22.63444086536765">
        <ele>1179.4</ele>
        <time>2025-05-08T08:49:24</time>
      </trkpt>
      <trkpt lat="46.51871276088059" lon="22.634497359395027">
        <ele>1179.6</ele>
        <time>2025-05-08T08:49:26</time>
      </trkpt>
      <trkpt lat="46.518869334831834" lon="22.63463582843542">
        <ele>1180.2</ele>
        <time>2025-05-08T08:49:33</time>
      </trkpt>
      <trkpt lat="46.51902758516371" lon="22.63476323336363">
        <ele>1180.4</ele>
        <time>2025-05-08T08:49:40</time>
      </trkpt>
      <trkpt lat="46.51920628733933" lon="22.634876053780317">
        <ele>1180.8</ele>
        <time>2025-05-08T08:49:48</time>
      </trkpt>
      <trkpt lat="46.519351126626134" lon="22.63494268991053">
        <ele>1180.8</ele>
        <time>2025-05-08T08:49:55</time>
      </trkpt>
      <trkpt lat="46.51947442442179" lon="22.63498761691153">
        <ele>1180.8</ele>
        <time>2025-05-08T08:50:01</time>
      </trkpt>
      <trkpt lat="46.51962018571794" lon="22.635029442608356">
        <ele>1180.8</ele>
        <time>2025-05-08T08:50:07</time>
      </trkpt>
      <trkpt lat="46.51974951848388" lon="22.635041009634733">
        <ele>1181.0</ele>
        <time>2025-05-08T08:50:12</time>
      </trkpt>
      <trkpt lat="46.5198917593807" lon="22.635073950514197">
        <ele>1180.8</ele>
        <time>2025-05-08T08:50:19</time>
      </trkpt>
      <trkpt lat="46.52005612850189" lon="22.635097419843078">
        <ele>1181.0</ele>
        <time>2025-05-08T08:50:26</time>
      </trkpt>
      <trkpt lat="46.5201713796705" lon="22.635093731805682">
        <ele>1181.2</ele>
        <time>2025-05-08T08:50:31</time>
      </trkpt>
      <trkpt lat="46.520273722708225" lon="22.63509465381503">
        <ele>1181.2</ele>
        <time>2025-05-08T08:50:36</time>
      </trkpt>
      <trkpt lat="46.52040649205446" lon="22.635089959949255">
        <ele>1181.6</ele>
        <time>2025-05-08T08:50:43</time>
      </trkpt>
      <trkpt lat="46.52050372213125" lon="22.635079566389322">
        <ele>1181.6</ele>
        <time>2025-05-08T08:50:48</time>
      </trkpt>
      <trkpt lat="46.52058376930654" lon="22.63506229966879">
        <ele>1181.8</ele>
        <time>2025-05-08T08:50:52</time>
      </trkpt>
      <trkpt lat="46.52062961831689" lon="22.635050984099507">
        <ele>1181.8</ele>
        <time>2025-05-08T08:50:54</time>
      </trkpt>
      <trkpt lat="46.52077688835561" lon="22.635009912773967">
        <ele>1182.0</ele>
        <time>2025-05-08T08:51:01</time>
      </trkpt>
      <trkpt lat="46.52091569267213" lon="22.634919472038746">
        <ele>1182.2</ele>
        <time>2025-05-08T08:51:08</time>
      </trkpt>
      <trkpt lat="46.52104938402772" lon="22.63479793444276">
        <ele>1182.2</ele>
        <time>2025-05-08T08:51:15</time>
      </trkpt>
      <trkpt lat="46.52117343619466" lon="22.63469433411956">
        <ele>1182.2</ele>
        <time>2025-05-08T08:51:21</time>
      </trkpt>
      <trkpt lat="46.52130796574056" lon="22.634719731286168">
        <ele>1182.4</ele>
        <time>2025-05-08T08:51:26</time>
      </trkpt>
      <trkpt lat="46.52143528684974" lon="22.634843783453107">
        <ele>1182.6</ele>
        <time>2025-05-08T08:51:32</time>
      </trkpt>
      <trkpt lat="46.52155799791217" lon="22.635025335475802">
        <ele>1182.8</ele>
        <time>2025-05-08T08:51:39</time>
      </trkpt>
      <trkpt lat="46.5216754283756" lon="22.635179730132222">
        <ele>1183.0</ele>
        <time>2025-05-08T08:51:46</time>
      </trkpt>
      <trkpt lat="46.521771904081106" lon="22.635276038199663">
        <ele>1183.6</ele>
        <time>2025-05-08T08:51:51</time>
      </trkpt>
      <trkpt lat="46.52179570868611" lon="22.635295065119863">
        <ele>1184.0</ele>
        <time>2025-05-08T08:51:52</time>
      </trkpt>
      <trkpt lat="46.52190341614187" lon="22.635421715676785">
        <ele>1184.8</ele>
        <time>2025-05-08T08:51:57</time>
      </trkpt>
      <trkpt lat="46.521952198818326" lon="22.635533194988966">
        <ele>1184.8</ele>
        <time>2025-05-08T08:52:00</time>
      </trkpt>
      <trkpt lat="46.5219603292644" lon="22.63561894185841">
        <ele>1185.0</ele>
        <time>2025-05-08T08:52:02</time>
      </trkpt>
      <trkpt lat="46.521925209090114" lon="22.63580451719463">
        <ele>1185.2</ele>
        <time>2025-05-08T08:52:07</time>
      </trkpt>
      <trkpt lat="46.52184876613319" lon="22.6359701436013">
        <ele>1185.4</ele>
        <time>2025-05-08T08:52:13</time>
      </trkpt>
      <trkpt lat="46.52179545722902" lon="22.63612512499094">
        <ele>1185.8</ele>
        <time>2025-05-08T08:52:18</time>
      </trkpt>
      <trkpt lat="46.521774753928185" lon="22.636197544634342">
        <ele>1186.0</ele>
        <time>2025-05-08T08:52:20</time>
      </trkpt>
      <trkpt lat="46.52170526795089" lon="22.636449253186584">
        <ele>1186.6</ele>
        <time>2025-05-08T08:52:27</time>
      </trkpt>
      <trkpt lat="46.52169244363904" lon="22.636485043913126">
        <ele>1186.8</ele>
        <time>2025-05-08T08:52:28</time>
      </trkpt>
      <trkpt lat="46.52159747667611" lon="22.636674139648676">
        <ele>1187.2</ele>
        <time>2025-05-08T08:52:34</time>
      </trkpt>
      <trkpt lat="46.52151441201568" lon="22.636831803247333">
        <ele>1187.4</ele>
        <time>2025-05-08T08:52:39</time>
      </trkpt>
      <trkpt lat="46.521483063697815" lon="22.63688586652279">
        <ele>1187.6</ele>
        <time>2025-05-08T08:52:41</time>
      </trkpt>
      <trkpt lat="46.52145825326443" lon="22.63695183210075">
        <ele>1187.6</ele>
        <time>2025-05-08T08:52:43</time>
      </trkpt>
      <trkpt lat="46.52142615057528" lon="22.63705694116652">
        <ele>1187.8</ele>
        <time>2025-05-08T08:52:46</time>
      </trkpt>
      <trkpt lat="46.521410308778286" lon="22.637126427143812">
        <ele>1187.8</ele>
        <time>2025-05-08T08:52:48</time>
      </trkpt>
      <trkpt lat="46.52133830823004" lon="22.637375369668007">
        <ele>1188.2</ele>
        <time>2025-05-08T08:52:55</time>
      </trkpt>
      <trkpt lat="46.52125080116093" lon="22.63764032162726">
        <ele>1188.8</ele>
        <time>2025-05-08T08:53:03</time>
      </trkpt>
      <trkpt lat="46.52123948559165" lon="22.637671921402216">
        <ele>1188.8</ele>
        <time>2025-05-08T08:53:04</time>
      </trkpt>
      <trkpt lat="46.521158600226045" lon="22.63792907819152">
        <ele>1189.4</ele>
        <time>2025-05-08T08:53:12</time>
      </trkpt>
      <trkpt lat="46.52110646478832" lon="22.638121526688337">
        <ele>1189.6</ele>
        <time>2025-05-08T08:53:18</time>
      </trkpt>
      <trkpt lat="46.52104955166578" lon="22.63839184306562">
        <ele>1190.6</ele>
        <time>2025-05-08T08:53:26</time>
      </trkpt>
      <trkpt lat="46.5210160240531" lon="22.6385775860399">
        <ele>1191.8</ele>
        <time>2025-05-08T08:53:31</time>
      </trkpt>
      <trkpt lat="46.521000266075134" lon="22.638690657913685">
        <ele>1192.4</ele>
        <time>2025-05-08T08:53:34</time>
      </trkpt>
      <trkpt lat="46.520993476733565" lon="22.638808507472277">
        <ele>1192.8</ele>
        <time>2025-05-08T08:53:37</time>
      </trkpt>
      <trkpt lat="46.52096975594759" lon="22.63898846693337">
        <ele>1193.6</ele>
        <time>2025-05-08T08:53:42</time>
      </trkpt>
      <trkpt lat="46.52096254751086" lon="22.63902467675507">
        <ele>1193.8</ele>
        <time>2025-05-08T08:53:43</time>
      </trkpt>
      <trkpt lat="46.52091342955828" lon="22.639178400859237">
        <ele>1194.4</ele>
        <time>2025-05-08T08:53:48</time>
      </trkpt>
      <trkpt lat="46.520887445658445" lon="22.639237074181437">
        <ele>1194.8</ele>
        <time>2025-05-08T08:53:50</time>
      </trkpt>
      <trkpt lat="46.52083648368716" lon="22.639341093599796">
        <ele>1195.4</ele>
        <time>2025-05-08T08:53:54</time>
      </trkpt>
      <trkpt lat="46.52079910039902" lon="22.63942583464086">
        <ele>1195.8</ele>
        <time>2025-05-08T08:53:57</time>
      </trkpt>
      <trkpt lat="46.52071435935795" lon="22.639627000316978">
        <ele>1196.6</ele>
        <time>2025-05-08T08:54:04</time>
      </trkpt>
      <trkpt lat="46.520692901685834" lon="22.639690870419145">
        <ele>1197.0</ele>
        <time>2025-05-08T08:54:06</time>
      </trkpt>
      <trkpt lat="46.52062232606113" lon="22.639880888164043">
        <ele>1197.8</ele>
        <time>2025-05-08T08:54:12</time>
      </trkpt>
      <trkpt lat="46.52061017230153" lon="22.639912655577064">
        <ele>1198.2</ele>
        <time>2025-05-08T08:54:13</time>
      </trkpt>
      <trkpt lat="46.520555187016726" lon="22.640087753534317">
        <ele>1198.6</ele>
        <time>2025-05-08T08:54:19</time>
      </trkpt>
      <trkpt lat="46.52049374766648" lon="22.640275256708264">
        <ele>1199.2</ele>
        <time>2025-05-08T08:54:25</time>
      </trkpt>
      <trkpt lat="46.520452592521906" lon="22.640493856742978">
        <ele>1200.0</ele>
        <time>2025-05-08T08:54:31</time>
      </trkpt>
      <trkpt lat="46.52043943293393" lon="22.64060433022678">
        <ele>1200.4</ele>
        <time>2025-05-08T08:54:34</time>
      </trkpt>
      <trkpt lat="46.52041470631957" lon="22.64082326553762">
        <ele>1201.0</ele>
        <time>2025-05-08T08:54:40</time>
      </trkpt>
      <trkpt lat="46.52040967717767" lon="22.640968104824424">
        <ele>1201.2</ele>
        <time>2025-05-08T08:54:44</time>
      </trkpt>
      <trkpt lat="46.520403139293194" lon="22.641074303537607">
        <ele>1201.6</ele>
        <time>2025-05-08T08:54:47</time>
      </trkpt>
      <trkpt lat="46.52036424726248" lon="22.641279911622405">
        <ele>1202.2</ele>
        <time>2025-05-08T08:54:53</time>
      </trkpt>
      <trkpt lat="46.52035670354962" lon="22.641313690692186">
        <ele>1202.2</ele>
        <time>2025-05-08T08:54:54</time>
      </trkpt>
      <trkpt lat="46.5203476510942" lon="22.641381667926908">
        <ele>1202.6</ele>
        <time>2025-05-08T08:54:56</time>
      </trkpt>
      <trkpt lat="46.520307417958975" lon="22.64152793213725">
        <ele>1202.8</ele>
        <time>2025-05-08T08:55:00</time>
      </trkpt>
      <trkpt lat="46.52027891948819" lon="22.64167159795761">
        <ele>1203.4</ele>
        <time>2025-05-08T08:55:04</time>
      </trkpt>
      <trkpt lat="46.520251678302884" lon="22.641812916845083">
        <ele>1204.0</ele>
        <time>2025-05-08T08:55:08</time>
      </trkpt>
      <trkpt lat="46.52020197361708" lon="22.641985416412354">
        <ele>1204.4</ele>
        <time>2025-05-08T08:55:13</time>
      </trkpt>
      <trkpt lat="46.52017883956432" lon="22.642049621790648">
        <ele>1204.4</ele>
        <time>2025-05-08T08:55:15</time>
      </trkpt>
      <trkpt lat="46.520124692469835" lon="22.642223462462425">
        <ele>1205.0</ele>
        <time>2025-05-08T08:55:21</time>
      </trkpt>
      <trkpt lat="46.520100804045796" lon="22.642313735559583">
        <ele>1205.4</ele>
        <time>2025-05-08T08:55:24</time>
      </trkpt>
      <trkpt lat="46.52007230557501" lon="22.642401242628694">
        <ele>1205.8</ele>
        <time>2025-05-08T08:55:27</time>
      </trkpt>
      <trkpt lat="46.51999452151358" lon="22.642652615904808">
        <ele>1206.6</ele>
        <time>2025-05-08T08:55:35</time>
      </trkpt>
      <trkpt lat="46.519926795735955" lon="22.64287498779595">
        <ele>1207.2</ele>
        <time>2025-05-08T08:55:42</time>
      </trkpt>
      <trkpt lat="46.519851526245475" lon="22.643052097409964">
        <ele>1207.6</ele>
        <time>2025-05-08T08:55:48</time>
      </trkpt>
      <trkpt lat="46.51975153014064" lon="22.64321319758892">
        <ele>1208.2</ele>
        <time>2025-05-08T08:55:54</time>
      </trkpt>
      <trkpt lat="46.519624795764685" lon="22.643353678286076">
        <ele>1208.8</ele>
        <time>2025-05-08T08:56:00</time>
      </trkpt>
      <trkpt lat="46.519582802429795" lon="22.64339634217322">
        <ele>1209.0</ele>
        <time>2025-05-08T08:56:02</time>
      </trkpt>
      <trkpt lat="46.51942161843181" lon="22.643534475937486">
        <ele>1209.8</ele>
        <time>2025-05-08T08:56:09</time>
      </trkpt>
      <trkpt lat="46.51934978552163" lon="22.64358158223331">
        <ele>1210.2</ele>
        <time>2025-05-08T08:56:12</time>
      </trkpt>
      <trkpt lat="46.5191734302789" lon="22.643670681864023">
        <ele>1210.6</ele>
        <time>2025-05-08T08:56:19</time>
      </trkpt>
      <trkpt lat="46.519096568226814" lon="22.643719213083386">
        <ele>1210.8</ele>
        <time>2025-05-08T08:56:22</time>
      </trkpt>
      <trkpt lat="46.51895960792899" lon="22.643806049600244">
        <ele>1211.2</ele>
        <time>2025-05-08T08:56:27</time>
      </trkpt>
      <trkpt lat="46.51881602592766" lon="22.643894059583545">
        <ele>1211.8</ele>
        <time>2025-05-08T08:56:32</time>
      </trkpt>
      <trkpt lat="46.51873371563852" lon="22.64394116587937">
        <ele>1212.0</ele>
        <time>2025-05-08T08:56:35</time>
      </trkpt>
      <trkpt lat="46.51853975839913" lon="22.644048538058996">
        <ele>1212.8</ele>
        <time>2025-05-08T08:56:42</time>
      </trkpt>
      <trkpt lat="46.518477564677596" lon="22.644073348492384">
        <ele>1213.2</ele>
        <time>2025-05-08T08:56:44</time>
      </trkpt>
      <trkpt lat="46.51824722997844" lon="22.644116431474686">
        <ele>1213.8</ele>
        <time>2025-05-08T08:56:51</time>
      </trkpt>
      <trkpt lat="46.518214121460915" lon="22.644116431474686">
        <ele>1214.0</ele>
        <time>2025-05-08T08:56:52</time>
      </trkpt>
      <trkpt lat="46.51805570349097" lon="22.644093297421932">
        <ele>1214.4</ele>
        <time>2025-05-08T08:56:57</time>
      </trkpt>
      <trkpt lat="46.517920419573784" lon="22.644026158377528">
        <ele>1214.8</ele>
        <time>2025-05-08T08:57:02</time>
      </trkpt>
      <trkpt lat="46.51789493858814" lon="22.64401299878955">
        <ele>1215.0</ele>
        <time>2025-05-08T08:57:03</time>
      </trkpt>
      <trkpt lat="46.51777415536344" lon="22.643944853916764">
        <ele>1215.4</ele>
        <time>2025-05-08T08:57:07</time>
      </trkpt>
      <trkpt lat="46.51765555143356" lon="22.643882408738136">
        <ele>1216.0</ele>
        <time>2025-05-08T08:57:11</time>
      </trkpt>
      <trkpt lat="46.51750300079584" lon="22.643831111490726">
        <ele>1216.4</ele>
        <time>2025-05-08T08:57:16</time>
      </trkpt>
      <trkpt lat="46.51724215596914" lon="22.643892969936132">
        <ele>1216.8</ele>
        <time>2025-05-08T08:57:23</time>
      </trkpt>
      <trkpt lat="46.517126988619566" lon="22.643951643258333">
        <ele>1217.0</ele>
        <time>2025-05-08T08:57:26</time>
      </trkpt>
      <trkpt lat="46.51704216375947" lon="22.64399497769773">
        <ele>1217.2</ele>
        <time>2025-05-08T08:57:28</time>
      </trkpt>
      <trkpt lat="46.51677276939154" lon="22.64410637319088">
        <ele>1218.0</ele>
        <time>2025-05-08T08:57:35</time>
      </trkpt>
      <trkpt lat="46.51673438027501" lon="22.64411802403629">
        <ele>1218.0</ele>
        <time>2025-05-08T08:57:36</time>
      </trkpt>
      <trkpt lat="46.51644637808204" lon="22.644190611317754">
        <ele>1218.4</ele>
        <time>2025-05-08T08:57:43</time>
      </trkpt>
      <trkpt lat="46.516200453042984" lon="22.644264120608568">
        <ele>1219.2</ele>
        <time>2025-05-08T08:57:49</time>
      </trkpt>
      <trkpt lat="46.51616130955517" lon="22.644284907728434">
        <ele>1219.4</ele>
        <time>2025-05-08T08:57:50</time>
      </trkpt>
      <trkpt lat="46.51586945168674" lon="22.64443125575781">
        <ele>1219.8</ele>
        <time>2025-05-08T08:57:57</time>
      </trkpt>
      <trkpt lat="46.51563584804535" lon="22.6445974688977">
        <ele>1220.2</ele>
        <time>2025-05-08T08:58:04</time>
      </trkpt>
      <trkpt lat="46.51561112143099" lon="22.644631750881672">
        <ele>1220.2</ele>
        <time>2025-05-08T08:58:05</time>
      </trkpt>
      <trkpt lat="46.515568206086755" lon="22.64477575197816">
        <ele>1220.2</ele>
        <time>2025-05-08T08:58:08</time>
      </trkpt>
      <trkpt lat="46.51557105593383" lon="22.64489695429802">
        <ele>1220.4</ele>
        <time>2025-05-08T08:58:10</time>
      </trkpt>
      <trkpt lat="46.51560517027974" lon="22.645088732242584">
        <ele>1220.4</ele>
        <time>2025-05-08T08:58:13</time>
      </trkpt>
      <trkpt lat="46.51567306369543" lon="22.645270954817533">
        <ele>1220.2</ele>
        <time>2025-05-08T08:58:16</time>
      </trkpt>
      <trkpt lat="46.51573257520795" lon="22.645371621474624">
        <ele>1220.2</ele>
        <time>2025-05-08T08:58:18</time>
      </trkpt>
      <trkpt lat="46.515913121402264" lon="22.64551025815308">
        <ele>1220.0</ele>
        <time>2025-05-08T08:58:23</time>
      </trkpt>
      <trkpt lat="46.516255689784884" lon="22.645633723586798">
        <ele>1219.4</ele>
        <time>2025-05-08T08:58:31</time>
      </trkpt>
      <trkpt lat="46.516410168260336" lon="22.64568560756743">
        <ele>1219.2</ele>
        <time>2025-05-08T08:58:35</time>
      </trkpt>
      <trkpt lat="46.51653287932277" lon="22.64573698863387">
        <ele>1219.0</ele>
        <time>2025-05-08T08:58:38</time>
      </trkpt>
      <trkpt lat="46.51673790067434" lon="22.645845115184784">
        <ele>1218.8</ele>
        <time>2025-05-08T08:58:43</time>
      </trkpt>
      <trkpt lat="46.51695507578552" lon="22.64598266221583">
        <ele>1218.4</ele>
        <time>2025-05-08T08:58:49</time>
      </trkpt>
      <trkpt lat="46.517147440463305" lon="22.64618064276874">
        <ele>1218.2</ele>
        <time>2025-05-08T08:58:55</time>
      </trkpt>
      <trkpt lat="46.517336117103696" lon="22.646456994116306">
        <ele>1218.2</ele>
        <time>2025-05-08T08:59:01</time>
      </trkpt>
      <trkpt lat="46.51747785508633" lon="22.646686155349016">
        <ele>1218.0</ele>
        <time>2025-05-08T08:59:06</time>
      </trkpt>
      <trkpt lat="46.517502749338746" lon="22.64677584171295">
        <ele>1217.8</ele>
        <time>2025-05-08T08:59:08</time>
      </trkpt>
      <trkpt lat="46.517466539517045" lon="22.64693317003548">
        <ele>1217.8</ele>
        <time>2025-05-08T08:59:13</time>
      </trkpt>
      <trkpt lat="46.5173496119678" lon="22.64707239344716">
        <ele>1217.8</ele>
        <time>2025-05-08T08:59:19</time>
      </trkpt>
      <trkpt lat="46.51722991839051" lon="22.647247491404414">
        <ele>1218.2</ele>
        <time>2025-05-08T08:59:25</time>
      </trkpt>
      <trkpt lat="46.517143500968814" lon="22.647395934909582">
        <ele>1218.4</ele>
        <time>2025-05-08T08:59:30</time>
      </trkpt>
      <trkpt lat="46.517067393288016" lon="22.647601710632443">
        <ele>1218.8</ele>
        <time>2025-05-08T08:59:35</time>
      </trkpt>
      <trkpt lat="46.51705549098551" lon="22.647639429196715">
        <ele>1218.8</ele>
        <time>2025-05-08T08:59:36</time>
      </trkpt>
      <trkpt lat="46.516994051635265" lon="22.647898513823748">
        <ele>1219.2</ele>
        <time>2025-05-08T08:59:42</time>
      </trkpt>
      <trkpt lat="46.516945604234934" lon="22.6481151022017">
        <ele>1219.4</ele>
        <time>2025-05-08T08:59:47</time>
      </trkpt>
      <trkpt lat="46.516882656142116" lon="22.648330768570304">
        <ele>1219.6</ele>
        <time>2025-05-08T08:59:52</time>
      </trkpt>
      <trkpt lat="46.51681995950639" lon="22.648556996136904">
        <ele>1220.0</ele>
        <time>2025-05-08T08:59:56</time>
      </trkpt>
      <trkpt lat="46.51676849462092" lon="22.6486624404788">
        <ele>1220.4</ele>
        <time>2025-05-08T08:59:58</time>
      </trkpt>
      <trkpt lat="46.51666623540223" lon="22.648828821256757">
        <ele>1221.2</ele>
        <time>2025-05-08T09:00:02</time>
      </trkpt>
      <trkpt lat="46.516593396663666" lon="22.64890911988914">
        <ele>1221.6</ele>
        <time>2025-05-08T09:00:04</time>
      </trkpt>
      <trkpt lat="46.51642609387636" lon="22.6490889955312">
        <ele>1222.2</ele>
        <time>2025-05-08T09:00:09</time>
      </trkpt>
      <trkpt lat="46.51639994233847" lon="22.649121014401317">
        <ele>1222.4</ele>
        <time>2025-05-08T09:00:10</time>
      </trkpt>
      <trkpt lat="46.5162530913949" lon="22.649296196177602">
        <ele>1223.0</ele>
        <time>2025-05-08T09:00:15</time>
      </trkpt>
      <trkpt lat="46.51618058793247" lon="22.64942804351449">
        <ele>1223.4</ele>
        <time>2025-05-08T09:00:18</time>
      </trkpt>
      <trkpt lat="46.51607673615217" lon="22.64958344399929">
        <ele>1223.8</ele>
        <time>2025-05-08T09:00:21</time>
      </trkpt>
      <trkpt lat="46.515844808891416" lon="22.649846887215972">
        <ele>1224.0</ele>
        <time>2025-05-08T09:00:27</time>
      </trkpt>
      <trkpt lat="46.51563878171146" lon="22.650003796443343">
        <ele>1224.0</ele>
        <time>2025-05-08T09:00:32</time>
      </trkpt>
      <trkpt lat="46.51555588468909" lon="22.65008275397122">
        <ele>1223.8</ele>
        <time>2025-05-08T09:00:34</time>
      </trkpt>
      <trkpt lat="46.51537600904703" lon="22.650310741737485">
        <ele>1223.2</ele>
        <time>2025-05-08T09:00:39</time>
      </trkpt>
      <trkpt lat="46.51534801349044" lon="22.65036078169942">
        <ele>1223.2</ele>
        <time>2025-05-08T09:00:40</time>
      </trkpt>
      <trkpt lat="46.51520694606006" lon="22.65062070451677">
        <ele>1223.0</ele>
        <time>2025-05-08T09:00:46</time>
      </trkpt>
      <trkpt lat="46.51507602073252" lon="22.650840980932117">
        <ele>1222.8</ele>
        <time>2025-05-08T09:00:51</time>
      </trkpt>
      <trkpt lat="46.514890529215336" lon="22.651160079985857">
        <ele>1222.6</ele>
        <time>2025-05-08T09:00:58</time>
      </trkpt>
      <trkpt lat="46.51475725695491" lon="22.65146995894611">
        <ele>1222.4</ele>
        <time>2025-05-08T09:01:04</time>
      </trkpt>
      <trkpt lat="46.51470243930817" lon="22.651904644444585">
        <ele>1222.2</ele>
        <time>2025-05-08T09:01:10</time>
      </trkpt>
      <trkpt lat="46.514703361317515" lon="22.651979327201843">
        <ele>1222.0</ele>
        <time>2025-05-08T09:01:11</time>
      </trkpt>
      <trkpt lat="46.514749210327864" lon="22.652179403230548">
        <ele>1222.0</ele>
        <time>2025-05-08T09:01:14</time>
      </trkpt>
      <trkpt lat="46.514806458726525" lon="22.65230353921652">
        <ele>1221.8</ele>
        <time>2025-05-08T09:01:16</time>
      </trkpt>
      <trkpt lat="46.51483998633921" lon="22.6523579377681">
        <ele>1221.8</ele>
        <time>2025-05-08T09:01:17</time>
      </trkpt>
      <trkpt lat="46.51491651311517" lon="22.652457179501653">
        <ele>1221.8</ele>
        <time>2025-05-08T09:01:19</time>
      </trkpt>
      <trkpt lat="46.51515757665038" lon="22.65271944925189">
        <ele>1221.6</ele>
        <time>2025-05-08T09:01:25</time>
      </trkpt>
      <trkpt lat="46.51542680338025" lon="22.653104765340686">
        <ele>1221.2</ele>
        <time>2025-05-08T09:01:32</time>
      </trkpt>
      <trkpt lat="46.51557642035186" lon="22.6532438211143">
        <ele>1221.2</ele>
        <time>2025-05-08T09:01:37</time>
      </trkpt>
      <trkpt lat="46.51561548002064" lon="22.653262428939342">
        <ele>1221.2</ele>
        <time>2025-05-08T09:01:38</time>
      </trkpt>
      <trkpt lat="46.51569996960461" lon="22.653305931016803">
        <ele>1221.0</ele>
        <time>2025-05-08T09:01:40</time>
      </trkpt>
      <trkpt lat="46.51578621938825" lon="22.65337022021413">
        <ele>1221.0</ele>
        <time>2025-05-08T09:01:42</time>
      </trkpt>
      <trkpt lat="46.51604622602463" lon="22.65351539477706">
        <ele>1221.0</ele>
        <time>2025-05-08T09:01:47</time>
      </trkpt>
      <trkpt lat="46.516361301764846" lon="22.653507934883237">
        <ele>1221.0</ele>
        <time>2025-05-08T09:01:52</time>
      </trkpt>
      <trkpt lat="46.51654025539756" lon="22.653477424755692">
        <ele>1221.0</ele>
        <time>2025-05-08T09:01:55</time>
      </trkpt>
      <trkpt lat="46.51670730672777" lon="22.65341766178608">
        <ele>1220.8</ele>
        <time>2025-05-08T09:01:58</time>
      </trkpt>
      <trkpt lat="46.51686815544963" lon="22.65337323769927">
        <ele>1220.8</ele>
        <time>2025-05-08T09:02:01</time>
      </trkpt>
      <trkpt lat="46.51696748100221" lon="22.65340936370194">
        <ele>1220.8</ele>
        <time>2025-05-08T09:02:03</time>
      </trkpt>
      <trkpt lat="46.51706848293543" lon="22.653561746701598">
        <ele>1220.8</ele>
        <time>2025-05-08T09:02:06</time>
      </trkpt>
      <trkpt lat="46.51707309298217" lon="22.653826782479882">
        <ele>1220.8</ele>
        <time>2025-05-08T09:02:10</time>
      </trkpt>
      <trkpt lat="46.51706429198384" lon="22.6538966037333">
        <ele>1220.6</ele>
        <time>2025-05-08T09:02:11</time>
      </trkpt>
      <trkpt lat="46.51705146767199" lon="22.653966760262847">
        <ele>1220.6</ele>
        <time>2025-05-08T09:02:12</time>
      </trkpt>
      <trkpt lat="46.517007714137435" lon="22.65416474081576">
        <ele>1220.6</ele>
        <time>2025-05-08T09:02:15</time>
      </trkpt>
      <trkpt lat="46.516997907310724" lon="22.654214277863503">
        <ele>1220.6</ele>
        <time>2025-05-08T09:02:16</time>
      </trkpt>
      <trkpt lat="46.51696437969804" lon="22.65431234613061">
        <ele>1220.6</ele>
        <time>2025-05-08T09:02:18</time>
      </trkpt>
      <trkpt lat="46.51692096143961" lon="22.654409743845463">
        <ele>1220.6</ele>
        <time>2025-05-08T09:02:20</time>
      </trkpt>
      <trkpt lat="46.516758017241955" lon="22.654767064377666">
        <ele>1220.4</ele>
        <time>2025-05-08T09:02:27</time>
      </trkpt>
      <trkpt lat="46.516656344756484" lon="22.655090019106865">
        <ele>1220.6</ele>
        <time>2025-05-08T09:02:33</time>
      </trkpt>
      <trkpt lat="46.51664301753044" lon="22.65515087172389">
        <ele>1220.6</ele>
        <time>2025-05-08T09:02:34</time>
      </trkpt>
      <trkpt lat="46.516614854335785" lon="22.655394785106182">
        <ele>1220.8</ele>
        <time>2025-05-08T09:02:38</time>
      </trkpt>
      <trkpt lat="46.5166156925261" lon="22.65583097934723">
        <ele>1221.4</ele>
        <time>2025-05-08T09:02:46</time>
      </trkpt>
      <trkpt lat="46.51665617711842" lon="22.656144965440035">
        <ele>1221.6</ele>
        <time>2025-05-08T09:02:52</time>
      </trkpt>
      <trkpt lat="46.51669079437852" lon="22.656436655670404">
        <ele>1221.4</ele>
        <time>2025-05-08T09:02:57</time>
      </trkpt>
      <trkpt lat="46.516687190160155" lon="22.656619045883417">
        <ele>1221.2</ele>
        <time>2025-05-08T09:03:00</time>
      </trkpt>
      <trkpt lat="46.51668258011341" lon="22.656742595136166">
        <ele>1221.2</ele>
        <time>2025-05-08T09:03:02</time>
      </trkpt>
      <trkpt lat="46.51663203723729" lon="22.657167054712772">
        <ele>1220.8</ele>
        <time>2025-05-08T09:03:09</time>
      </trkpt>
      <trkpt lat="46.5166072268039" lon="22.657364448532462">
        <ele>1220.6</ele>
        <time>2025-05-08T09:03:12</time>
      </trkpt>
      <trkpt lat="46.51657755486667" lon="22.657580533996224">
        <ele>1220.4</ele>
        <time>2025-05-08T09:03:15</time>
      </trkpt>
      <trkpt lat="46.51652307249606" lon="22.65803625807166">
        <ele>1220.4</ele>
        <time>2025-05-08T09:03:22</time>
      </trkpt>
      <trkpt lat="46.51651628315449" lon="22.658347142860293">
        <ele>1220.8</ele>
        <time>2025-05-08T09:03:27</time>
      </trkpt>
      <trkpt lat="46.51651879772544" lon="22.658414114266634">
        <ele>1220.8</ele>
        <time>2025-05-08T09:03:28</time>
      </trkpt>
      <trkpt lat="46.516520055010915" lon="22.65848276205361">
        <ele>1220.8</ele>
        <time>2025-05-08T09:03:29</time>
      </trkpt>
      <trkpt lat="46.51652340777218" lon="22.658615950495005">
        <ele>1220.8</ele>
        <time>2025-05-08T09:03:31</time>
      </trkpt>
      <trkpt lat="46.516539081931114" lon="22.658817786723375">
        <ele>1220.8</ele>
        <time>2025-05-08T09:03:34</time>
      </trkpt>
      <trkpt lat="46.5165847633034" lon="22.659310223534703">
        <ele>1221.0</ele>
        <time>2025-05-08T09:03:42</time>
      </trkpt>
      <trkpt lat="46.51661183685064" lon="22.659481298178434">
        <ele>1221.0</ele>
        <time>2025-05-08T09:03:45</time>
      </trkpt>
      <trkpt lat="46.516652908176184" lon="22.659661676734686">
        <ele>1221.0</ele>
        <time>2025-05-08T09:03:48</time>
      </trkpt>
      <trkpt lat="46.51679447852075" lon="22.660028217360377">
        <ele>1221.0</ele>
        <time>2025-05-08T09:03:55</time>
      </trkpt>
      <trkpt lat="46.517018945887685" lon="22.660424346104264">
        <ele>1221.0</ele>
        <time>2025-05-08T09:04:02</time>
      </trkpt>
      <trkpt lat="46.51723813265562" lon="22.660945113748312">
        <ele>1221.0</ele>
        <time>2025-05-08T09:04:10</time>
      </trkpt>
      <trkpt lat="46.51742052286863" lon="22.66135247424245">
        <ele>1221.0</ele>
        <time>2025-05-08T09:04:17</time>
      </trkpt>
      <trkpt lat="46.517564691603184" lon="22.661523213610053">
        <ele>1221.0</ele>
        <time>2025-05-08T09:04:21</time>
      </trkpt>
      <trkpt lat="46.517613558098674" lon="22.66155196353793">
        <ele>1221.0</ele>
        <time>2025-05-08T09:04:22</time>
      </trkpt>
      <trkpt lat="46.51788563467562" lon="22.661662939935923">
        <ele>1221.2</ele>
        <time>2025-05-08T09:04:28</time>
      </trkpt>
      <trkpt lat="46.51811873540282" lon="22.66163393855095">
        <ele>1221.4</ele>
        <time>2025-05-08T09:04:34</time>
      </trkpt>
      <trkpt lat="46.51827396824956" lon="22.661554981023073">
        <ele>1221.4</ele>
        <time>2025-05-08T09:04:39</time>
      </trkpt>
      <trkpt lat="46.51844210922718" lon="22.661439897492528">
        <ele>1221.4</ele>
        <time>2025-05-08T09:04:45</time>
      </trkpt>
      <trkpt lat="46.51857605203986" lon="22.661418104544282">
        <ele>1221.4</ele>
        <time>2025-05-08T09:04:50</time>
      </trkpt>
      <trkpt lat="46.51869566179812" lon="22.661540061235428">
        <ele>1221.4</ele>
        <time>2025-05-08T09:04:55</time>
      </trkpt>
      <trkpt lat="46.51875483803451" lon="22.661704933270812">
        <ele>1221.2</ele>
        <time>2025-05-08T09:05:00</time>
      </trkpt>
      <trkpt lat="46.518713096156716" lon="22.661908697336912">
        <ele>1221.2</ele>
        <time>2025-05-08T09:05:06</time>
      </trkpt>
      <trkpt lat="46.51869071647525" lon="22.661959575489163">
        <ele>1221.2</ele>
        <time>2025-05-08T09:05:08</time>
      </trkpt>
      <trkpt lat="46.51867026463151" lon="22.662011291831732">
        <ele>1221.2</ele>
        <time>2025-05-08T09:05:10</time>
      </trkpt>
      <trkpt lat="46.51858979836106" lon="22.662179181352258">
        <ele>1222.2</ele>
        <time>2025-05-08T09:05:16</time>
      </trkpt>
      <trkpt lat="46.51856725104153" lon="22.66220181249082">
        <ele>1222.6</ele>
        <time>2025-05-08T09:05:17</time>
      </trkpt>
      <trkpt lat="46.51839869096875" lon="22.662328211590648">
        <ele>1223.2</ele>
        <time>2025-05-08T09:05:23</time>
      </trkpt>
      <trkpt lat="46.518300622701645" lon="22.662401804700494">
        <ele>1223.6</ele>
        <time>2025-05-08T09:05:26</time>
      </trkpt>
      <trkpt lat="46.51815192773938" lon="22.66252225264907">
        <ele>1224.0</ele>
        <time>2025-05-08T09:05:30</time>
      </trkpt>
      <trkpt lat="46.51793307624757" lon="22.662772368639708">
        <ele>1224.4</ele>
        <time>2025-05-08T09:05:36</time>
      </trkpt>
      <trkpt lat="46.5178935136646" lon="22.66281888820231">
        <ele>1224.4</ele>
        <time>2025-05-08T09:05:37</time>
      </trkpt>
      <trkpt lat="46.517659071832895" lon="22.6631130091846">
        <ele>1224.4</ele>
        <time>2025-05-08T09:05:43</time>
      </trkpt>
      <trkpt lat="46.51743024587631" lon="22.66340327449143">
        <ele>1224.4</ele>
        <time>2025-05-08T09:05:48</time>
      </trkpt>
      <trkpt lat="46.51721022091806" lon="22.663669232279062">
        <ele>1224.6</ele>
        <time>2025-05-08T09:05:53</time>
      </trkpt>
      <trkpt lat="46.51701039634645" lon="22.66384843736887">
        <ele>1224.4</ele>
        <time>2025-05-08T09:05:57</time>
      </trkpt>
      <trkpt lat="46.516920709982514" lon="22.663944996893406">
        <ele>1224.4</ele>
        <time>2025-05-08T09:05:59</time>
      </trkpt>
      <trkpt lat="46.51678718626499" lon="22.664236100390553">
        <ele>1224.4</ele>
        <time>2025-05-08T09:06:03</time>
      </trkpt>
      <trkpt lat="46.516760447993875" lon="22.664325619116426">
        <ele>1224.4</ele>
        <time>2025-05-08T09:06:04</time>
      </trkpt>
      <trkpt lat="46.51665139943361" lon="22.664803387597203">
        <ele>1224.2</ele>
        <time>2025-05-08T09:06:09</time>
      </trkpt>
      <trkpt lat="46.516470266506076" lon="22.66561483964324">
        <ele>1223.8</ele>
        <time>2025-05-08T09:06:17</time>
      </trkpt>
      <trkpt lat="46.516312435269356" lon="22.66629603691399">
        <ele>1223.6</ele>
        <time>2025-05-08T09:06:24</time>
      </trkpt>
      <trkpt lat="46.51617103256285" lon="22.666830383241177">
        <ele>1223.4</ele>
        <time>2025-05-08T09:06:30</time>
      </trkpt>
      <trkpt lat="46.51600180193782" lon="22.667419631034136">
        <ele>1223.0</ele>
        <time>2025-05-08T09:06:37</time>
      </trkpt>
      <trkpt lat="46.515902979299426" lon="22.66799538396299">
        <ele>1222.6</ele>
        <time>2025-05-08T09:06:44</time>
      </trkpt>
      <trkpt lat="46.51583215221763" lon="22.668479522690177">
        <ele>1222.2</ele>
        <time>2025-05-08T09:06:50</time>
      </trkpt>
      <trkpt lat="46.515804240480065" lon="22.66863509081304">
        <ele>1222.2</ele>
        <time>2025-05-08T09:06:52</time>
      </trkpt>
      <trkpt lat="46.515784207731485" lon="22.66870683990419">
        <ele>1222.0</ele>
        <time>2025-05-08T09:06:53</time>
      </trkpt>
      <trkpt lat="46.515689408406615" lon="22.66888319514692">
        <ele>1221.6</ele>
        <time>2025-05-08T09:06:56</time>
      </trkpt>
      <trkpt lat="46.5156573895365" lon="22.668931810185313">
        <ele>1221.6</ele>
        <time>2025-05-08T09:06:57</time>
      </trkpt>
      <trkpt lat="46.515626795589924" lon="22.6689809281379">
        <ele>1221.4</ele>
        <time>2025-05-08T09:06:58</time>
      </trkpt>
      <trkpt lat="46.515505425632" lon="22.669176142662764">
        <ele>1220.8</ele>
        <time>2025-05-08T09:07:02</time>
      </trkpt>
      <trkpt lat="46.515431916341186" lon="22.669266751036048">
        <ele>1220.4</ele>
        <time>2025-05-08T09:07:04</time>
      </trkpt>
      <trkpt lat="46.515396209433675" lon="22.669318299740553">
        <ele>1220.4</ele>
        <time>2025-05-08T09:07:05</time>
      </trkpt>
      <trkpt lat="46.51533016003668" lon="22.669436316937208">
        <ele>1220.2</ele>
        <time>2025-05-08T09:07:07</time>
      </trkpt>
      <trkpt lat="46.51521323248744" lon="22.66971593722701">
        <ele>1219.6</ele>
        <time>2025-05-08T09:07:11</time>
      </trkpt>
      <trkpt lat="46.515168473124504" lon="22.66986396163702">
        <ele>1219.4</ele>
        <time>2025-05-08T09:07:13</time>
      </trkpt>
      <trkpt lat="46.51513352058828" lon="22.670180462300777">
        <ele>1218.8</ele>
        <time>2025-05-08T09:07:17</time>
      </trkpt>
      <trkpt lat="46.51513343676925" lon="22.670260844752192">
        <ele>1218.6</ele>
        <time>2025-05-08T09:07:18</time>
      </trkpt>
      <trkpt lat="46.515133352950215" lon="22.670340472832322">
        <ele>1218.6</ele>
        <time>2025-05-08T09:07:19</time>
      </trkpt>
      <trkpt lat="46.515143075957894" lon="22.67084849998355">
        <ele>1218.2</ele>
        <time>2025-05-08T09:07:25</time>
      </trkpt>
      <trkpt lat="46.51514299213886" lon="22.671028040349483">
        <ele>1217.8</ele>
        <time>2025-05-08T09:07:27</time>
      </trkpt>
      <trkpt lat="46.51512094773352" lon="22.671575713902712">
        <ele>1217.4</ele>
        <time>2025-05-08T09:07:33</time>
      </trkpt>
      <trkpt lat="46.51506076566875" lon="22.672027749940753">
        <ele>1217.0</ele>
        <time>2025-05-08T09:07:38</time>
      </trkpt>
      <trkpt lat="46.51502966880798" lon="22.672207206487656">
        <ele>1216.8</ele>
        <time>2025-05-08T09:07:40</time>
      </trkpt>
      <trkpt lat="46.514904191717505" lon="22.67290709540248">
        <ele>1216.2</ele>
        <time>2025-05-08T09:07:48</time>
      </trkpt>
      <trkpt lat="46.51489220559597" lon="22.67297205515206">
        <ele>1216.2</ele>
        <time>2025-05-08T09:07:49</time>
      </trkpt>
      <trkpt lat="46.51485004462302" lon="22.673417888581753">
        <ele>1215.4</ele>
        <time>2025-05-08T09:07:55</time>
      </trkpt>
      <trkpt lat="46.51485004462302" lon="22.673587622120976">
        <ele>1215.2</ele>
        <time>2025-05-08T09:07:57</time>
      </trkpt>
      <trkpt lat="46.51485297828913" lon="22.674024319276214">
        <ele>1214.8</ele>
        <time>2025-05-08T09:08:02</time>
      </trkpt>
      <trkpt lat="46.51484954170883" lon="22.674353728070855">
        <ele>1214.6</ele>
        <time>2025-05-08T09:08:06</time>
      </trkpt>
      <trkpt lat="46.514842668548226" lon="22.67460409551859">
        <ele>1214.2</ele>
        <time>2025-05-08T09:08:09</time>
      </trkpt>
      <trkpt lat="46.51485004462302" lon="22.675128718838096">
        <ele>1214.0</ele>
        <time>2025-05-08T09:08:15</time>
      </trkpt>
      <trkpt lat="46.51486421003938" lon="22.67521253786981">
        <ele>1214.0</ele>
        <time>2025-05-08T09:08:16</time>
      </trkpt>
      <trkpt lat="46.514993123710155" lon="22.675523506477475">
        <ele>1213.8</ele>
        <time>2025-05-08T09:08:20</time>
      </trkpt>
      <trkpt lat="46.51503436267376" lon="22.67559165135026">
        <ele>1213.8</ele>
        <time>2025-05-08T09:08:21</time>
      </trkpt>
      <trkpt lat="46.51515556499362" lon="22.675786865875125">
        <ele>1213.6</ele>
        <time>2025-05-08T09:08:24</time>
      </trkpt>
      <trkpt lat="46.51521801017225" lon="22.67593329772353">
        <ele>1213.2</ele>
        <time>2025-05-08T09:08:26</time>
      </trkpt>
      <trkpt lat="46.51530157774687" lon="22.67618626356125">
        <ele>1212.6</ele>
        <time>2025-05-08T09:08:29</time>
      </trkpt>
      <trkpt lat="46.51541079394519" lon="22.67651081085205">
        <ele>1212.4</ele>
        <time>2025-05-08T09:08:33</time>
      </trkpt>
      <trkpt lat="46.5155035816133" lon="22.676836783066392">
        <ele>1212.0</ele>
        <time>2025-05-08T09:08:37</time>
      </trkpt>
      <trkpt lat="46.515578515827656" lon="22.677057394757867">
        <ele>1211.6</ele>
        <time>2025-05-08T09:08:40</time>
      </trkpt>
      <trkpt lat="46.5156108699739" lon="22.67712403088808">
        <ele>1211.6</ele>
        <time>2025-05-08T09:08:41</time>
      </trkpt>
      <trkpt lat="46.515759732574224" lon="22.677362076938152">
        <ele>1211.2</ele>
        <time>2025-05-08T09:08:45</time>
      </trkpt>
      <trkpt lat="46.51579778641462" lon="22.67741957679391">
        <ele>1211.0</ele>
        <time>2025-05-08T09:08:46</time>
      </trkpt>
      <trkpt lat="46.51605259627104" lon="22.67783305607736">
        <ele>1210.6</ele>
        <time>2025-05-08T09:08:53</time>
      </trkpt>
      <trkpt lat="46.516082687303424" lon="22.67789508216083">
        <ele>1210.6</ele>
        <time>2025-05-08T09:08:54</time>
      </trkpt>
      <trkpt lat="46.51610841974616" lon="22.677960880100727">
        <ele>1210.6</ele>
        <time>2025-05-08T09:08:55</time>
      </trkpt>
      <trkpt lat="46.51616424322128" lon="22.678154669702053">
        <ele>1210.2</ele>
        <time>2025-05-08T09:08:58</time>
      </trkpt>
      <trkpt lat="46.516191232949495" lon="22.678340496495366">
        <ele>1209.8</ele>
        <time>2025-05-08T09:09:02</time>
      </trkpt>
      <trkpt lat="46.516190730035305" lon="22.678384501487017">
        <ele>1209.6</ele>
        <time>2025-05-08T09:09:03</time>
      </trkpt>
      <trkpt lat="46.51616524904966" lon="22.678704103454947">
        <ele>1209.2</ele>
        <time>2025-05-08T09:09:10</time>
      </trkpt>
      <trkpt lat="46.51616030372679" lon="22.678891103714705">
        <ele>1209.0</ele>
        <time>2025-05-08T09:09:15</time>
      </trkpt>
      <trkpt lat="46.51619693264365" lon="22.67898414283991">
        <ele>1208.6</ele>
        <time>2025-05-08T09:09:21</time>
      </trkpt>
      <trkpt lat="46.51619550772011" lon="22.678983388468623">
        <ele>1208.4</ele>
        <time>2025-05-08T09:09:25</time>
      </trkpt>
      <trkpt lat="46.516191232949495" lon="22.679000990465283">
        <ele>1208.0</ele>
        <time>2025-05-08T09:09:29</time>
      </trkpt>
      <trkpt lat="46.5161859523505" lon="22.679005600512028">
        <ele>1207.6</ele>
        <time>2025-05-08T09:09:34</time>
      </trkpt>
      <trkpt lat="46.516183437779546" lon="22.679009959101677">
        <ele>1207.0</ele>
        <time>2025-05-08T09:09:37</time>
      </trkpt>
      <trkpt lat="46.51618327014148" lon="22.679009456187487">
        <ele>1206.6</ele>
        <time>2025-05-08T09:09:40</time>
      </trkpt>
      <trkpt lat="46.51618318632245" lon="22.679008869454265">
        <ele>1205.8</ele>
        <time>2025-05-08T09:09:49</time>
      </trkpt>
      <trkpt lat="46.51618268340826" lon="22.679008282721043">
        <ele>1205.2</ele>
        <time>2025-05-08T09:09:59</time>
      </trkpt>
      <trkpt lat="46.51618268340826" lon="22.67900811508298">
        <ele>1204.8</ele>
        <time>2025-05-08T09:10:02</time>
      </trkpt>
      <trkpt lat="46.51618268340826" lon="22.67900769598782">
        <ele>1204.2</ele>
        <time>2025-05-08T09:10:08</time>
      </trkpt>
      <trkpt lat="46.516182851046324" lon="22.67900719307363">
        <ele>1203.6</ele>
        <time>2025-05-08T09:10:18</time>
      </trkpt>
      <trkpt lat="46.51618276722729" lon="22.679006857797503">
        <ele>1202.6</ele>
        <time>2025-05-08T09:10:28</time>
      </trkpt>
      <trkpt lat="46.51618276722729" lon="22.679006354883313">
        <ele>1202.0</ele>
        <time>2025-05-08T09:10:40</time>
      </trkpt>
      <trkpt lat="46.51618259958923" lon="22.679006103426218">
        <ele>1201.2</ele>
        <time>2025-05-08T09:10:48</time>
      </trkpt>
      <trkpt lat="46.5161825157702" lon="22.67900618724525">
        <ele>1200.2</ele>
        <time>2025-05-08T09:11:00</time>
      </trkpt>
      <trkpt lat="46.516182431951165" lon="22.67900627106428">
        <ele>1199.6</ele>
        <time>2025-05-08T09:11:08</time>
      </trkpt>
      <trkpt lat="46.51618268340826" lon="22.67900669015944">
        <ele>1198.6</ele>
        <time>2025-05-08T09:11:17</time>
      </trkpt>
      <trkpt lat="46.51618259958923" lon="22.67900677397847">
        <ele>1197.8</ele>
        <time>2025-05-08T09:11:26</time>
      </trkpt>
      <trkpt lat="46.5161822643131" lon="22.67900677397847">
        <ele>1196.8</ele>
        <time>2025-05-08T09:11:34</time>
      </trkpt>
      <trkpt lat="46.51618209667504" lon="22.679005935788155">
        <ele>1196.0</ele>
        <time>2025-05-08T09:11:44</time>
      </trkpt>
      <trkpt lat="46.516181929036975" lon="22.679004427045584">
        <ele>1195.6</ele>
        <time>2025-05-08T09:11:51</time>
      </trkpt>
      <trkpt lat="46.51618184521794" lon="22.679004343226552">
        <ele>1195.2</ele>
        <time>2025-05-08T09:11:54</time>
      </trkpt>
      <trkpt lat="46.51618167757988" lon="22.679003421217203">
        <ele>1194.2</ele>
        <time>2025-05-08T09:12:02</time>
      </trkpt>
      <trkpt lat="46.516181426122785" lon="22.679001661017537">
        <ele>1193.2</ele>
        <time>2025-05-08T09:12:14</time>
      </trkpt>
      <trkpt lat="46.51618109084666" lon="22.67900124192238">
        <ele>1193.0</ele>
        <time>2025-05-08T09:12:21</time>
      </trkpt>
      <trkpt lat="46.516181007027626" lon="22.67900090664625">
        <ele>1192.6</ele>
        <time>2025-05-08T09:12:27</time>
      </trkpt>
      <trkpt lat="46.516180420294404" lon="22.67900040373206">
        <ele>1192.2</ele>
        <time>2025-05-08T09:12:58</time>
      </trkpt>
      <trkpt lat="46.51618075557053" lon="22.678998978808522">
        <ele>1192.0</ele>
        <time>2025-05-08T09:13:14</time>
      </trkpt>
      <trkpt lat="46.516180923208594" lon="22.678998056799173">
        <ele>1192.4</ele>
        <time>2025-05-08T09:14:00</time>
      </trkpt>
      <trkpt lat="46.51618109084666" lon="22.678997050970793">
        <ele>1193.0</ele>
        <time>2025-05-08T09:14:39</time>
      </trkpt>
      <trkpt lat="46.516186287626624" lon="22.678995709866285">
        <ele>1192.6</ele>
        <time>2025-05-08T09:14:58</time>
      </trkpt>
      <trkpt lat="46.51618712581694" lon="22.678965451195836">
        <ele>1192.4</ele>
        <time>2025-05-08T09:15:01</time>
      </trkpt>
      <trkpt lat="46.51617840863764" lon="22.678943742066622">
        <ele>1192.4</ele>
        <time>2025-05-08T09:15:03</time>
      </trkpt>
      <trkpt lat="46.51614638976753" lon="22.67893142066896">
        <ele>1192.4</ele>
        <time>2025-05-08T09:15:07</time>
      </trkpt>
      <trkpt lat="46.51610992848873" lon="22.67894709482789">
        <ele>1192.2</ele>
        <time>2025-05-08T09:15:11</time>
      </trkpt>
      <trkpt lat="46.5160821005702" lon="22.679000990465283">
        <ele>1192.2</ele>
        <time>2025-05-08T09:15:13</time>
      </trkpt>
      <trkpt lat="46.51605938561261" lon="22.679086988791823">
        <ele>1192.0</ele>
        <time>2025-05-08T09:15:15</time>
      </trkpt>
      <trkpt lat="46.516004987061024" lon="22.679338697344065">
        <ele>1191.6</ele>
        <time>2025-05-08T09:15:20</time>
      </trkpt>
      <trkpt lat="46.51598637923598" lon="22.67945470288396">
        <ele>1191.6</ele>
        <time>2025-05-08T09:15:22</time>
      </trkpt>
      <trkpt lat="46.51592753827572" lon="22.67975335009396">
        <ele>1191.6</ele>
        <time>2025-05-08T09:15:27</time>
      </trkpt>
      <trkpt lat="46.51588562875986" lon="22.68017739057541">
        <ele>1191.4</ele>
        <time>2025-05-08T09:15:34</time>
      </trkpt>
      <trkpt lat="46.51586224325001" lon="22.680666726082563">
        <ele>1191.4</ele>
        <time>2025-05-08T09:15:41</time>
      </trkpt>
      <trkpt lat="46.51585570536554" lon="22.680737301707268">
        <ele>1191.4</ele>
        <time>2025-05-08T09:15:42</time>
      </trkpt>
      <trkpt lat="46.51578261516988" lon="22.68118699081242">
        <ele>1191.2</ele>
        <time>2025-05-08T09:15:49</time>
      </trkpt>
      <trkpt lat="46.51572670787573" lon="22.681408105418086">
        <ele>1191.4</ele>
        <time>2025-05-08T09:15:54</time>
      </trkpt>
      <trkpt lat="46.51570172980428" lon="22.681466778740287">
        <ele>1191.4</ele>
        <time>2025-05-08T09:15:59</time>
      </trkpt>
      <trkpt lat="46.51568538509309" lon="22.681461246684194">
        <ele>1191.6</ele>
        <time>2025-05-08T09:16:09</time>
      </trkpt>
      <trkpt lat="46.51568479835987" lon="22.681459318846464">
        <ele>1191.8</ele>
        <time>2025-05-08T09:16:25</time>
      </trkpt>
      <trkpt lat="46.515685049816966" lon="22.681457977741957">
        <ele>1191.8</ele>
        <time>2025-05-08T09:16:54</time>
      </trkpt>
      <trkpt lat="46.51568521745503" lon="22.681457391008735">
        <ele>1191.0</ele>
        <time>2025-05-08T09:17:12</time>
      </trkpt>
      <trkpt lat="46.51568471454084" lon="22.681458480656147">
        <ele>1190.4</ele>
        <time>2025-05-08T09:17:28</time>
      </trkpt>
      <trkpt lat="46.51568463072181" lon="22.681458899751306">
        <ele>1189.6</ele>
        <time>2025-05-08T09:17:41</time>
      </trkpt>
      <trkpt lat="46.51568437926471" lon="22.68145856447518">
        <ele>1188.6</ele>
        <time>2025-05-08T09:17:55</time>
      </trkpt>
      <trkpt lat="46.51568379253149" lon="22.681457391008735">
        <ele>1188.0</ele>
        <time>2025-05-08T09:18:14</time>
      </trkpt>
      <trkpt lat="46.515683541074395" lon="22.681457391008735">
        <ele>1188.0</ele>
        <time>2025-05-08T09:18:19</time>
      </trkpt>
      <trkpt lat="46.51568613946438" lon="22.681464599445462">
        <ele>1189.0</ele>
        <time>2025-05-08T09:19:11</time>
      </trkpt>
      <trkpt lat="46.515687480568886" lon="22.681465856730938">
        <ele>1187.8</ele>
        <time>2025-05-08T09:19:27</time>
      </trkpt>
      <trkpt lat="46.51568731293082" lon="22.681466611102223">
        <ele>1187.6</ele>
        <time>2025-05-08T09:19:29</time>
      </trkpt>
      <trkpt lat="46.5156885702163" lon="22.681466275826097">
        <ele>1187.0</ele>
        <time>2025-05-08T09:19:44</time>
      </trkpt>
      <trkpt lat="46.51568882167339" lon="22.681480273604393">
        <ele>1186.4</ele>
        <time>2025-05-08T09:19:52</time>
      </trkpt>
      <trkpt lat="46.51568756438792" lon="22.68149670213461">
        <ele>1186.2</ele>
        <time>2025-05-08T09:19:57</time>
      </trkpt>
      <trkpt lat="46.51568639092147" lon="22.681524697691202">
        <ele>1186.0</ele>
        <time>2025-05-08T09:19:59</time>
      </trkpt>
      <trkpt lat="46.51568572036922" lon="22.681565769016743">
        <ele>1186.0</ele>
        <time>2025-05-08T09:20:01</time>
      </trkpt>
      <trkpt lat="46.5156539529562" lon="22.681760312989354">
        <ele>1185.4</ele>
        <time>2025-05-08T09:20:06</time>
      </trkpt>
      <trkpt lat="46.51563341729343" lon="22.681851340457797">
        <ele>1185.4</ele>
        <time>2025-05-08T09:20:08</time>
      </trkpt>
      <trkpt lat="46.51557734236121" lon="22.682116962969303">
        <ele>1184.6</ele>
        <time>2025-05-08T09:20:13</time>
      </trkpt>
      <trkpt lat="46.515541886910796" lon="22.68229566514492">
        <ele>1184.2</ele>
        <time>2025-05-08T09:20:16</time>
      </trkpt>
      <trkpt lat="46.51547332294285" lon="22.682539243251085">
        <ele>1184.0</ele>
        <time>2025-05-08T09:20:20</time>
      </trkpt>
      <trkpt lat="46.51545220054686" lon="22.682598419487476">
        <ele>1184.0</ele>
        <time>2025-05-08T09:20:21</time>
      </trkpt>
      <trkpt lat="46.51532890275121" lon="22.682817270979285">
        <ele>1184.0</ele>
        <time>2025-05-08T09:20:25</time>
      </trkpt>
      <trkpt lat="46.51505774818361" lon="22.683145003393292">
        <ele>1183.8</ele>
        <time>2025-05-08T09:20:32</time>
      </trkpt>
      <trkpt lat="46.514816684648395" lon="22.68345521762967">
        <ele>1184.0</ele>
        <time>2025-05-08T09:20:38</time>
      </trkpt>
      <trkpt lat="46.51460453867912" lon="22.68390574492514">
        <ele>1184.0</ele>
        <time>2025-05-08T09:20:44</time>
      </trkpt>
      <trkpt lat="46.51430672965944" lon="22.684592306613922">
        <ele>1184.2</ele>
        <time>2025-05-08T09:20:52</time>
      </trkpt>
      <trkpt lat="46.51410346850753" lon="22.685161605477333">
        <ele>1184.4</ele>
        <time>2025-05-08T09:20:58</time>
      </trkpt>
      <trkpt lat="46.513908840715885" lon="22.685755295678973">
        <ele>1184.6</ele>
        <time>2025-05-08T09:21:04</time>
      </trkpt>
      <trkpt lat="46.51369065977633" lon="22.686412185430527">
        <ele>1185.0</ele>
        <time>2025-05-08T09:21:11</time>
      </trkpt>
      <trkpt lat="46.51341808028519" lon="22.687090449035168">
        <ele>1185.2</ele>
        <time>2025-05-08T09:21:19</time>
      </trkpt>
      <trkpt lat="46.51316251605749" lon="22.68749370239675">
        <ele>1185.2</ele>
        <time>2025-05-08T09:21:25</time>
      </trkpt>
      <trkpt lat="46.51294064708054" lon="22.687780782580376">
        <ele>1185.6</ele>
        <time>2025-05-08T09:21:30</time>
      </trkpt>
      <trkpt lat="46.5128562413156" lon="22.687896201387048">
        <ele>1185.8</ele>
        <time>2025-05-08T09:21:32</time>
      </trkpt>
      <trkpt lat="46.512521635740995" lon="22.68836726434529">
        <ele>1186.0</ele>
        <time>2025-05-08T09:21:40</time>
      </trkpt>
      <trkpt lat="46.51236447505653" lon="22.68862484022975">
        <ele>1186.0</ele>
        <time>2025-05-08T09:21:44</time>
      </trkpt>
      <trkpt lat="46.51228937320411" lon="22.688746294006705">
        <ele>1186.0</ele>
        <time>2025-05-08T09:21:46</time>
      </trkpt>
      <trkpt lat="46.51196331717074" lon="22.68924837000668">
        <ele>1186.2</ele>
        <time>2025-05-08T09:21:55</time>
      </trkpt>
      <trkpt lat="46.51170339435339" lon="22.689566547051072">
        <ele>1186.4</ele>
        <time>2025-05-08T09:22:02</time>
      </trkpt>
      <trkpt lat="46.511597614735365" lon="22.68969780765474">
        <ele>1186.4</ele>
        <time>2025-05-08T09:22:05</time>
      </trkpt>
      <trkpt lat="46.511469120159745" lon="22.68984298221767">
        <ele>1186.4</ele>
        <time>2025-05-08T09:22:09</time>
      </trkpt>
      <trkpt lat="46.5114370174706" lon="22.68987676128745">
        <ele>1186.4</ele>
        <time>2025-05-08T09:22:10</time>
      </trkpt>
      <trkpt lat="46.51129972189665" lon="22.690027803182602">
        <ele>1186.4</ele>
        <time>2025-05-08T09:22:14</time>
      </trkpt>
      <trkpt lat="46.51119478046894" lon="22.690150681883097">
        <ele>1186.8</ele>
        <time>2025-05-08T09:22:17</time>
      </trkpt>
      <trkpt lat="46.511132000014186" lon="22.690242463722825">
        <ele>1187.0</ele>
        <time>2025-05-08T09:22:19</time>
      </trkpt>
      <trkpt lat="46.511081121861935" lon="22.690343549475074">
        <ele>1187.2</ele>
        <time>2025-05-08T09:22:21</time>
      </trkpt>
      <trkpt lat="46.51095782406628" lon="22.69063808955252">
        <ele>1187.6</ele>
        <time>2025-05-08T09:22:26</time>
      </trkpt>
      <trkpt lat="46.51089705526829" lon="22.690843529999256">
        <ele>1187.8</ele>
        <time>2025-05-08T09:22:29</time>
      </trkpt>
      <trkpt lat="46.51074810884893" lon="22.69127083942294">
        <ele>1188.0</ele>
        <time>2025-05-08T09:22:36</time>
      </trkpt>
      <trkpt lat="46.51070502586663" lon="22.691415594890714">
        <ele>1188.0</ele>
        <time>2025-05-08T09:22:40</time>
      </trkpt>
      <trkpt lat="46.510670240968466" lon="22.691421965137124">
        <ele>1188.0</ele>
        <time>2025-05-08T09:22:46</time>
      </trkpt>
      <trkpt lat="46.51066864840686" lon="22.691411823034286">
        <ele>1187.6</ele>
        <time>2025-05-08T09:22:54</time>
      </trkpt>
      <trkpt lat="46.510666804388165" lon="22.691426910459995">
        <ele>1187.4</ele>
        <time>2025-05-08T09:23:04</time>
      </trkpt>
      <trkpt lat="46.51066563092172" lon="22.691430263221264">
        <ele>1187.4</ele>
        <time>2025-05-08T09:23:05</time>
      </trkpt>
      <trkpt lat="46.51068323291838" lon="22.691456330940127">
        <ele>1186.4</ele>
        <time>2025-05-08T09:23:15</time>
      </trkpt>
      <trkpt lat="46.510696560144424" lon="22.691468568518758">
        <ele>1186.2</ele>
        <time>2025-05-08T09:23:18</time>
      </trkpt>
      <trkpt lat="46.51069865562022" lon="22.691479045897722">
        <ele>1185.6</ele>
        <time>2025-05-08T09:23:23</time>
      </trkpt>
      <trkpt lat="46.510701924562454" lon="22.6914818957448">
        <ele>1185.4</ele>
        <time>2025-05-08T09:23:28</time>
      </trkpt>
      <trkpt lat="46.51070418767631" lon="22.691482482478023">
        <ele>1185.0</ele>
        <time>2025-05-08T09:23:36</time>
      </trkpt>
      <trkpt lat="46.510704439133406" lon="22.691482482478023">
        <ele>1184.8</ele>
        <time>2025-05-08T09:23:37</time>
      </trkpt>
      <trkpt lat="46.5107152517885" lon="22.691488601267338">
        <ele>1184.0</ele>
        <time>2025-05-08T09:23:45</time>
      </trkpt>
      <trkpt lat="46.510719023644924" lon="22.69148826599121">
        <ele>1183.6</ele>
        <time>2025-05-08T09:23:53</time>
      </trkpt>
      <trkpt lat="46.5107255615294" lon="22.691490948200226">
        <ele>1183.4</ele>
        <time>2025-05-08T09:24:00</time>
      </trkpt>
      <trkpt lat="46.51072463952005" lon="22.691488936543465">
        <ele>1182.8</ele>
        <time>2025-05-08T09:24:04</time>
      </trkpt>
      <trkpt lat="46.510725477710366" lon="22.691489774733782">
        <ele>1182.6</ele>
        <time>2025-05-08T09:24:12</time>
      </trkpt>
      <trkpt lat="46.51072723791003" lon="22.691490780562162">
        <ele>1182.4</ele>
        <time>2025-05-08T09:24:13</time>
      </trkpt>
      <trkpt lat="46.51073193177581" lon="22.691488852724433">
        <ele>1181.4</ele>
        <time>2025-05-08T09:24:24</time>
      </trkpt>
      <trkpt lat="46.51073193177581" lon="22.691488936543465">
        <ele>1181.4</ele>
        <time>2025-05-08T09:24:25</time>
      </trkpt>
      <trkpt lat="46.51073017157614" lon="22.691493378952146">
        <ele>1180.6</ele>
        <time>2025-05-08T09:24:33</time>
      </trkpt>
      <trkpt lat="46.51073168031871" lon="22.691493714228272">
        <ele>1180.6</ele>
        <time>2025-05-08T09:24:36</time>
      </trkpt>
      <trkpt lat="46.51073243469" lon="22.691493378952146">
        <ele>1180.4</ele>
        <time>2025-05-08T09:24:38</time>
      </trkpt>
      <trkpt lat="46.510736709460616" lon="22.691487511619925">
        <ele>1179.6</ele>
        <time>2025-05-08T09:24:47</time>
      </trkpt>
      <trkpt lat="46.51073679327965" lon="22.691487595438957">
        <ele>1179.6</ele>
        <time>2025-05-08T09:24:48</time>
      </trkpt>
      <trkpt lat="46.51074266061187" lon="22.691483572125435">
        <ele>1179.0</ele>
        <time>2025-05-08T09:24:57</time>
      </trkpt>
      <trkpt lat="46.510742576792836" lon="22.691480135545135">
        <ele>1178.8</ele>
        <time>2025-05-08T09:24:59</time>
      </trkpt>
      <trkpt lat="46.51074911467731" lon="22.691480638459325">
        <ele>1178.2</ele>
        <time>2025-05-08T09:25:07</time>
      </trkpt>
      <trkpt lat="46.51074852794409" lon="22.69148332066834">
        <ele>1178.0</ele>
        <time>2025-05-08T09:25:09</time>
      </trkpt>
      <trkpt lat="46.51074768975377" lon="22.691491786390543">
        <ele>1177.0</ele>
        <time>2025-05-08T09:25:16</time>
      </trkpt>
      <trkpt lat="46.51074810884893" lon="22.691491451114416">
        <ele>1177.0</ele>
        <time>2025-05-08T09:25:17</time>
      </trkpt>
      <trkpt lat="46.51074911467731" lon="22.691493378952146">
        <ele>1176.0</ele>
        <time>2025-05-08T09:25:26</time>
      </trkpt>
      <trkpt lat="46.510748444125056" lon="22.69149891100824">
        <ele>1175.2</ele>
        <time>2025-05-08T09:25:38</time>
      </trkpt>
      <trkpt lat="46.51074911467731" lon="22.691499581560493">
        <ele>1175.2</ele>
        <time>2025-05-08T09:25:39</time>
      </trkpt>
      <trkpt lat="46.510754227638245" lon="22.691504023969173">
        <ele>1174.4</ele>
        <time>2025-05-08T09:25:49</time>
      </trkpt>
      <trkpt lat="46.510753724724054" lon="22.69150394015014">
        <ele>1174.2</ele>
        <time>2025-05-08T09:25:50</time>
      </trkpt>
      <trkpt lat="46.510754227638245" lon="22.691505700349808">
        <ele>1173.0</ele>
        <time>2025-05-08T09:25:57</time>
      </trkpt>
      <trkpt lat="46.51075439527631" lon="22.691506119444966">
        <ele>1173.0</ele>
        <time>2025-05-08T09:25:58</time>
      </trkpt>
      <trkpt lat="46.510751293972135" lon="22.691501090303063">
        <ele>1172.0</ele>
        <time>2025-05-08T09:26:08</time>
      </trkpt>
      <trkpt lat="46.51074995286763" lon="22.691498156636953">
        <ele>1172.0</ele>
        <time>2025-05-08T09:26:13</time>
      </trkpt>
      <trkpt lat="46.510747941210866" lon="22.691496815532446">
        <ele>1171.2</ele>
        <time>2025-05-08T09:26:23</time>
      </trkpt>
      <trkpt lat="46.51074668392539" lon="22.69149891100824">
        <ele>1170.8</ele>
        <time>2025-05-08T09:26:26</time>
      </trkpt>
      <trkpt lat="46.510740984231234" lon="22.691503521054983">
        <ele>1170.4</ele>
        <time>2025-05-08T09:26:32</time>
      </trkpt>
      <trkpt lat="46.51074182242155" lon="22.691503269597888">
        <ele>1170.0</ele>
        <time>2025-05-08T09:26:38</time>
      </trkpt>
      <trkpt lat="46.51074307970703" lon="22.691512741148472">
        <ele>1169.2</ele>
        <time>2025-05-08T09:26:45</time>
      </trkpt>
      <trkpt lat="46.5107409004122" lon="22.69151316024363">
        <ele>1168.8</ele>
        <time>2025-05-08T09:26:51</time>
      </trkpt>
      <trkpt lat="46.510733691975474" lon="22.69151316024363">
        <ele>1168.2</ele>
        <time>2025-05-08T09:27:00</time>
      </trkpt>
      <trkpt lat="46.51073310524225" lon="22.691512405872345">
        <ele>1168.0</ele>
        <time>2025-05-08T09:27:01</time>
      </trkpt>
      <trkpt lat="46.510728327557445" lon="22.691510980948806">
        <ele>1167.6</ele>
        <time>2025-05-08T09:27:11</time>
      </trkpt>
      <trkpt lat="46.510728830471635" lon="22.691511986777186">
        <ele>1167.4</ele>
        <time>2025-05-08T09:27:17</time>
      </trkpt>
      <trkpt lat="46.51072598062456" lon="22.691511483862996">
        <ele>1167.2</ele>
        <time>2025-05-08T09:27:22</time>
      </trkpt>
      <trkpt lat="46.51072313077748" lon="22.691517351195216">
        <ele>1167.0</ele>
        <time>2025-05-08T09:27:30</time>
      </trkpt>
      <trkpt lat="46.510723968967795" lon="22.691521290689707">
        <ele>1166.6</ele>
        <time>2025-05-08T09:27:41</time>
      </trkpt>
      <trkpt lat="46.51072413660586" lon="22.69152137450874">
        <ele>1166.6</ele>
        <time>2025-05-08T09:27:42</time>
      </trkpt>
      <trkpt lat="46.510719526559114" lon="22.69152481108904">
        <ele>1166.2</ele>
        <time>2025-05-08T09:27:49</time>
      </trkpt>
      <trkpt lat="46.51071634143591" lon="22.691524727270007">
        <ele>1166.0</ele>
        <time>2025-05-08T09:28:00</time>
      </trkpt>
      <trkpt lat="46.51071768254042" lon="22.69152984023094">
        <ele>1165.8</ele>
        <time>2025-05-08T09:28:08</time>
      </trkpt>
      <trkpt lat="46.51071768254042" lon="22.691530007869005">
        <ele>1165.6</ele>
        <time>2025-05-08T09:28:09</time>
      </trkpt>
      <trkpt lat="46.51071692816913" lon="22.691531097516418">
        <ele>1165.4</ele>
        <time>2025-05-08T09:28:17</time>
      </trkpt>
      <trkpt lat="46.510721035301685" lon="22.6915389765054">
        <ele>1165.0</ele>
        <time>2025-05-08T09:28:25</time>
      </trkpt>
      <trkpt lat="46.51071005500853" lon="22.691540820524096">
        <ele>1164.6</ele>
        <time>2025-05-08T09:28:33</time>
      </trkpt>
      <trkpt lat="46.51071332395077" lon="22.69153855741024">
        <ele>1164.6</ele>
        <time>2025-05-08T09:28:37</time>
      </trkpt>
      <trkpt lat="46.510712737217546" lon="22.6915302593261">
        <ele>1164.2</ele>
        <time>2025-05-08T09:28:51</time>
      </trkpt>
      <trkpt lat="46.51071106083691" lon="22.691547442227602">
        <ele>1163.8</ele>
        <time>2025-05-08T09:28:59</time>
      </trkpt>
      <trkpt lat="46.51070946827531" lon="22.69155020825565">
        <ele>1163.6</ele>
        <time>2025-05-08T09:29:00</time>
      </trkpt>
      <trkpt lat="46.510707288980484" lon="22.691567055881023">
        <ele>1163.2</ele>
        <time>2025-05-08T09:29:10</time>
      </trkpt>
      <trkpt lat="46.510707372799516" lon="22.69156739115715">
        <ele>1163.0</ele>
        <time>2025-05-08T09:29:18</time>
      </trkpt>
      <trkpt lat="46.510714162141085" lon="22.691565044224262">
        <ele>1163.0</ele>
        <time>2025-05-08T09:29:30</time>
      </trkpt>
      <trkpt lat="46.51071391068399" lon="22.691565798595548">
        <ele>1163.0</ele>
        <time>2025-05-08T09:29:34</time>
      </trkpt>
      <trkpt lat="46.51071215048432" lon="22.691571665927768">
        <ele>1162.8</ele>
        <time>2025-05-08T09:29:39</time>
      </trkpt>
      <trkpt lat="46.51071550324559" lon="22.6915751863271">
        <ele>1162.4</ele>
        <time>2025-05-08T09:29:51</time>
      </trkpt>
      <trkpt lat="46.51071650907397" lon="22.691576443612576">
        <ele>1162.2</ele>
        <time>2025-05-08T09:29:59</time>
      </trkpt>
      <trkpt lat="46.51071215048432" lon="22.691576275974512">
        <ele>1162.2</ele>
        <time>2025-05-08T09:30:09</time>
      </trkpt>
      <trkpt lat="46.51071114465594" lon="22.691577449440956">
        <ele>1162.2</ele>
        <time>2025-05-08T09:30:17</time>
      </trkpt>
      <trkpt lat="46.51071483269334" lon="22.69158348441124">
        <ele>1162.2</ele>
        <time>2025-05-08T09:30:27</time>
      </trkpt>
      <trkpt lat="46.510717095807195" lon="22.691596895456314">
        <ele>1162.4</ele>
        <time>2025-05-08T09:30:37</time>
      </trkpt>
      <trkpt lat="46.51071391068399" lon="22.691596308723092">
        <ele>1162.4</ele>
        <time>2025-05-08T09:30:44</time>
      </trkpt>
      <trkpt lat="46.510712737217546" lon="22.69159429706633">
        <ele>1162.2</ele>
        <time>2025-05-08T09:30:52</time>
      </trkpt>
      <trkpt lat="46.51071642525494" lon="22.69159966148436">
        <ele>1162.2</ele>
        <time>2025-05-08T09:31:01</time>
      </trkpt>
      <trkpt lat="46.51071013882756" lon="22.69160058349371">
        <ele>1161.6</ele>
        <time>2025-05-08T09:31:12</time>
      </trkpt>
      <trkpt lat="46.51070770807564" lon="22.691595973446965">
        <ele>1161.6</ele>
        <time>2025-05-08T09:31:21</time>
      </trkpt>
      <trkpt lat="46.510704355314374" lon="22.69157719798386">
        <ele>1161.0</ele>
        <time>2025-05-08T09:31:28</time>
      </trkpt>
      <trkpt lat="46.51070619933307" lon="22.691553477197886">
        <ele>1161.0</ele>
        <time>2025-05-08T09:31:33</time>
      </trkpt>
      <trkpt lat="46.510706786066294" lon="22.691544173285365">
        <ele>1160.8</ele>
        <time>2025-05-08T09:31:41</time>
      </trkpt>
      <trkpt lat="46.510709719732404" lon="22.691541323438287">
        <ele>1160.6</ele>
        <time>2025-05-08T09:31:51</time>
      </trkpt>
      <trkpt lat="46.51066789403558" lon="22.69147804006934">
        <ele>1160.4</ele>
        <time>2025-05-08T09:31:58</time>
      </trkpt>
      <trkpt lat="46.51066512800753" lon="22.691453648731112">
        <ele>1160.2</ele>
        <time>2025-05-08T09:32:06</time>
      </trkpt>
      <trkpt lat="46.51066563092172" lon="22.691451888531446">
        <ele>1160.2</ele>
        <time>2025-05-08T09:32:07</time>
      </trkpt>
      <trkpt lat="46.51066814549267" lon="22.69144711084664">
        <ele>1159.8</ele>
        <time>2025-05-08T09:32:15</time>
      </trkpt>
      <trkpt lat="46.510677952319384" lon="22.69145750440657">
        <ele>1159.6</ele>
        <time>2025-05-08T09:32:24</time>
      </trkpt>
      <trkpt lat="46.51068004779518" lon="22.69146278500557">
        <ele>1159.4</ele>
        <time>2025-05-08T09:32:34</time>
      </trkpt>
      <trkpt lat="46.510680885985494" lon="22.691463204100728">
        <ele>1159.4</ele>
        <time>2025-05-08T09:32:36</time>
      </trkpt>
      <trkpt lat="46.51067870669067" lon="22.691466473042965">
        <ele>1159.2</ele>
        <time>2025-05-08T09:32:43</time>
      </trkpt>
      <trkpt lat="46.51067828759551" lon="22.691461527720094">
        <ele>1159.0</ele>
        <time>2025-05-08T09:32:54</time>
      </trkpt>
      <trkpt lat="46.51067820377648" lon="22.691462952643633">
        <ele>1159.0</ele>
        <time>2025-05-08T09:33:10</time>
      </trkpt>
      <trkpt lat="46.51068625040352" lon="22.691476112231612">
        <ele>1159.2</ele>
        <time>2025-05-08T09:33:20</time>
      </trkpt>
      <trkpt lat="46.510685328394175" lon="22.691475860774517">
        <ele>1159.4</ele>
        <time>2025-05-08T09:33:30</time>
      </trkpt>
      <trkpt lat="46.51068465784192" lon="22.691477788612247">
        <ele>1159.6</ele>
        <time>2025-05-08T09:33:38</time>
      </trkpt>
      <trkpt lat="46.51067468337715" lon="22.69147401675582">
        <ele>1160.0</ele>
        <time>2025-05-08T09:33:48</time>
      </trkpt>
      <trkpt lat="46.51067174971104" lon="22.69148424267769">
        <ele>1160.2</ele>
        <time>2025-05-08T09:34:01</time>
      </trkpt>
      <trkpt lat="46.51066982187331" lon="22.691487092524767">
        <ele>1160.2</ele>
        <time>2025-05-08T09:34:12</time>
      </trkpt>
      <trkpt lat="46.51066906750202" lon="22.691492792218924">
        <ele>1160.2</ele>
        <time>2025-05-08T09:34:25</time>
      </trkpt>
      <trkpt lat="46.51067451573908" lon="22.691503269597888">
        <ele>1160.0</ele>
        <time>2025-05-08T09:34:36</time>
      </trkpt>
      <trkpt lat="46.510676024481654" lon="22.691506622359157">
        <ele>1159.6</ele>
        <time>2025-05-08T09:34:47</time>
      </trkpt>
      <trkpt lat="46.510679461061954" lon="22.69152380526066">
        <ele>1159.4</ele>
        <time>2025-05-08T09:35:00</time>
      </trkpt>
      <trkpt lat="46.5106859151274" lon="22.691534953191876">
        <ele>1159.4</ele>
        <time>2025-05-08T09:35:10</time>
      </trkpt>
      <trkpt lat="46.510695638135076" lon="22.69153956323862">
        <ele>1159.4</ele>
        <time>2025-05-08T09:35:21</time>
      </trkpt>
      <trkpt lat="46.51069387793541" lon="22.69154249690473">
        <ele>1159.2</ele>
        <time>2025-05-08T09:35:32</time>
      </trkpt>
      <trkpt lat="46.510696141049266" lon="22.691542077809572">
        <ele>1159.4</ele>
        <time>2025-05-08T09:35:41</time>
      </trkpt>
      <trkpt lat="46.510698571801186" lon="22.691544173285365">
        <ele>1159.4</ele>
        <time>2025-05-08T09:35:51</time>
      </trkpt>
      <trkpt lat="46.510688262060285" lon="22.69153763540089">
        <ele>1159.6</ele>
        <time>2025-05-08T09:36:01</time>
      </trkpt>
      <trkpt lat="46.510703852400184" lon="22.691541323438287">
        <ele>1160.2</ele>
        <time>2025-05-08T09:36:13</time>
      </trkpt>
      <trkpt lat="46.510705361142755" lon="22.691538725048304">
        <ele>1160.2</ele>
        <time>2025-05-08T09:36:22</time>
      </trkpt>
      <trkpt lat="46.510710306465626" lon="22.691538725048304">
        <ele>1160.4</ele>
        <time>2025-05-08T09:36:32</time>
      </trkpt>
      <trkpt lat="46.510706869885325" lon="22.69153520464897">
        <ele>1160.2</ele>
        <time>2025-05-08T09:36:42</time>
      </trkpt>
      <trkpt lat="46.51070234365761" lon="22.69153906032443">
        <ele>1160.2</ele>
        <time>2025-05-08T09:36:55</time>
      </trkpt>
      <trkpt lat="46.510697985067964" lon="22.691545598208904">
        <ele>1160.0</ele>
        <time>2025-05-08T09:37:07</time>
      </trkpt>
      <trkpt lat="46.510696141049266" lon="22.691549956798553">
        <ele>1159.8</ele>
        <time>2025-05-08T09:37:17</time>
      </trkpt>
      <trkpt lat="46.51069086045027" lon="22.691561691462994">
        <ele>1159.2</ele>
        <time>2025-05-08T09:37:27</time>
      </trkpt>
      <trkpt lat="46.510694213211536" lon="22.691577952355146">
        <ele>1159.0</ele>
        <time>2025-05-08T09:37:32</time>
      </trkpt>
      <trkpt lat="46.51070058345795" lon="22.69160150550306">
        <ele>1159.0</ele>
        <time>2025-05-08T09:37:38</time>
      </trkpt>
      <trkpt lat="46.51071734726429" lon="22.69164358265698">
        <ele>1159.0</ele>
        <time>2025-05-08T09:37:46</time>
      </trkpt>
      <trkpt lat="46.510721454396844" lon="22.691644923761487">
        <ele>1158.8</ele>
        <time>2025-05-08T09:37:56</time>
      </trkpt>
      <trkpt lat="46.510723466053605" lon="22.69165188074112">
        <ele>1158.8</ele>
        <time>2025-05-08T09:38:04</time>
      </trkpt>
      <trkpt lat="46.510722963139415" lon="22.69166017882526">
        <ele>1158.8</ele>
        <time>2025-05-08T09:38:11</time>
      </trkpt>
      <trkpt lat="46.51072279550135" lon="22.691674092784524">
        <ele>1158.6</ele>
        <time>2025-05-08T09:38:20</time>
      </trkpt>
      <trkpt lat="46.51072162203491" lon="22.691670740023255">
        <ele>1158.4</ele>
        <time>2025-05-08T09:38:31</time>
      </trkpt>
      <trkpt lat="46.510729752480984" lon="22.691681385040283">
        <ele>1158.2</ele>
        <time>2025-05-08T09:38:42</time>
      </trkpt>
      <trkpt lat="46.510727154091" lon="22.691680043935776">
        <ele>1158.2</ele>
        <time>2025-05-08T09:38:49</time>
      </trkpt>
      <trkpt lat="46.51072723791003" lon="22.69168322905898">
        <ele>1158.0</ele>
        <time>2025-05-08T09:38:53</time>
      </trkpt>
      <trkpt lat="46.51072514243424" lon="22.691701501607895">
        <ele>1157.6</ele>
        <time>2025-05-08T09:39:02</time>
      </trkpt>
      <trkpt lat="46.510733189061284" lon="22.691725557669997">
        <ele>1157.2</ele>
        <time>2025-05-08T09:39:13</time>
      </trkpt>
      <trkpt lat="46.510735703632236" lon="22.69172572530806">
        <ele>1157.0</ele>
        <time>2025-05-08T09:39:15</time>
      </trkpt>
      <trkpt lat="46.510733775794506" lon="22.691710805520415">
        <ele>1156.2</ele>
        <time>2025-05-08T09:39:23</time>
      </trkpt>
      <trkpt lat="46.510729752480984" lon="22.69171306863427">
        <ele>1156.0</ele>
        <time>2025-05-08T09:39:34</time>
      </trkpt>
      <trkpt lat="46.51072329841554" lon="22.691718516871333">
        <ele>1155.8</ele>
        <time>2025-05-08T09:39:42</time>
      </trkpt>
      <trkpt lat="46.5107237175107" lon="22.691723629832268">
        <ele>1155.6</ele>
        <time>2025-05-08T09:39:54</time>
      </trkpt>
      <trkpt lat="46.510724388062954" lon="22.691723043099046">
        <ele>1155.4</ele>
        <time>2025-05-08T09:40:02</time>
      </trkpt>
      <trkpt lat="46.51073100976646" lon="22.6917184330523">
        <ele>1155.2</ele>
        <time>2025-05-08T09:40:12</time>
      </trkpt>
      <trkpt lat="46.51073897257447" lon="22.691702591255307">
        <ele>1155.0</ele>
        <time>2025-05-08T09:40:24</time>
      </trkpt>
      <trkpt lat="46.510737212374806" lon="22.691699489951134">
        <ele>1154.8</ele>
        <time>2025-05-08T09:40:35</time>
      </trkpt>
      <trkpt lat="46.51073738001287" lon="22.691697143018246">
        <ele>1154.8</ele>
        <time>2025-05-08T09:40:36</time>
      </trkpt>
      <trkpt lat="46.51072380132973" lon="22.691673170775175">
        <ele>1154.6</ele>
        <time>2025-05-08T09:40:47</time>
      </trkpt>
      <trkpt lat="46.510721035301685" lon="22.691687420010567">
        <ele>1154.6</ele>
        <time>2025-05-08T09:40:59</time>
      </trkpt>
      <trkpt lat="46.51072723791003" lon="22.691699909046292">
        <ele>1155.2</ele>
        <time>2025-05-08T09:41:10</time>
      </trkpt>
      <trkpt lat="46.51072774082422" lon="22.691710721701384">
        <ele>1155.4</ele>
        <time>2025-05-08T09:41:21</time>
      </trkpt>
      <trkpt lat="46.51072815991938" lon="22.691713571548462">
        <ele>1155.4</ele>
        <time>2025-05-08T09:41:31</time>
      </trkpt>
      <trkpt lat="46.51073159649968" lon="22.691700998693705">
        <ele>1155.6</ele>
        <time>2025-05-08T09:41:43</time>
      </trkpt>
      <trkpt lat="46.51073008775711" lon="22.69170083105564">
        <ele>1155.4</ele>
        <time>2025-05-08T09:41:52</time>
      </trkpt>
      <trkpt lat="46.51073109358549" lon="22.69171935506165">
        <ele>1155.0</ele>
        <time>2025-05-08T09:42:03</time>
      </trkpt>
      <trkpt lat="46.51073050685227" lon="22.691732347011566">
        <ele>1154.6</ele>
        <time>2025-05-08T09:42:16</time>
      </trkpt>
      <trkpt lat="46.51074483990669" lon="22.69174676388502">
        <ele>1154.2</ele>
        <time>2025-05-08T09:42:27</time>
      </trkpt>
      <trkpt lat="46.51074718683958" lon="22.691746596246958">
        <ele>1154.2</ele>
        <time>2025-05-08T09:42:28</time>
      </trkpt>
      <trkpt lat="46.51072648353875" lon="22.691710889339447">
        <ele>1153.8</ele>
        <time>2025-05-08T09:42:40</time>
      </trkpt>
      <trkpt lat="46.51072623208165" lon="22.691695634275675">
        <ele>1153.6</ele>
        <time>2025-05-08T09:42:52</time>
      </trkpt>
      <trkpt lat="46.5107321832329" lon="22.691698567941785">
        <ele>1153.6</ele>
        <time>2025-05-08T09:43:02</time>
      </trkpt>
      <trkpt lat="46.51074123568833" lon="22.691698651760817">
        <ele>1153.8</ele>
        <time>2025-05-08T09:43:12</time>
      </trkpt>
      <trkpt lat="46.51075531728566" lon="22.69169244915247">
        <ele>1153.6</ele>
        <time>2025-05-08T09:43:23</time>
      </trkpt>
      <trkpt lat="46.51075062341988" lon="22.691683815792203">
        <ele>1153.8</ele>
        <time>2025-05-08T09:43:33</time>
      </trkpt>
      <trkpt lat="46.51075548492372" lon="22.691694125533104">
        <ele>1154.0</ele>
        <time>2025-05-08T09:43:42</time>
      </trkpt>
      <trkpt lat="46.510759089142084" lon="22.691675601527095">
        <ele>1154.4</ele>
        <time>2025-05-08T09:43:53</time>
      </trkpt>
      <trkpt lat="46.51076168753207" lon="22.69166068173945">
        <ele>1154.8</ele>
        <time>2025-05-08T09:44:01</time>
      </trkpt>
      <trkpt lat="46.510761100798845" lon="22.69166269339621">
        <ele>1155.0</ele>
        <time>2025-05-08T09:44:10</time>
      </trkpt>
      <trkpt lat="46.51076168753207" lon="22.691662525758147">
        <ele>1155.2</ele>
        <time>2025-05-08T09:44:18</time>
      </trkpt>
      <trkpt lat="46.51076168753207" lon="22.69166311249137">
        <ele>1155.4</ele>
        <time>2025-05-08T09:44:21</time>
      </trkpt>
      <trkpt lat="46.510756155475974" lon="22.69168130122125">
        <ele>1155.6</ele>
        <time>2025-05-08T09:44:30</time>
      </trkpt>
      <trkpt lat="46.51075162924826" lon="22.69169881939888">
        <ele>1155.6</ele>
        <time>2025-05-08T09:44:39</time>
      </trkpt>
      <trkpt lat="46.51075598783791" lon="22.691709212958813">
        <ele>1155.8</ele>
        <time>2025-05-08T09:44:49</time>
      </trkpt>
      <trkpt lat="46.510750874876976" lon="22.691707955673337">
        <ele>1156.0</ele>
        <time>2025-05-08T09:45:01</time>
      </trkpt>
      <trkpt lat="46.510747941210866" lon="22.691704770550132">
        <ele>1156.2</ele>
        <time>2025-05-08T09:45:10</time>
      </trkpt>
      <trkpt lat="46.510748360306025" lon="22.6917046867311">
        <ele>1156.2</ele>
        <time>2025-05-08T09:45:11</time>
      </trkpt>
      <trkpt lat="46.51074911467731" lon="22.69170368090272">
        <ele>1156.6</ele>
        <time>2025-05-08T09:45:18</time>
      </trkpt>
      <trkpt lat="46.51075154542923" lon="22.69170518964529">
        <ele>1157.2</ele>
        <time>2025-05-08T09:45:31</time>
      </trkpt>
      <trkpt lat="46.5107514616102" lon="22.69170510582626">
        <ele>1157.2</ele>
        <time>2025-05-08T09:45:32</time>
      </trkpt>
      <trkpt lat="46.51074760593474" lon="22.691699992865324">
        <ele>1158.0</ele>
        <time>2025-05-08T09:45:42</time>
      </trkpt>
      <trkpt lat="46.510736709460616" lon="22.69169152714312">
        <ele>1158.2</ele>
        <time>2025-05-08T09:45:48</time>
      </trkpt>
      <trkpt lat="46.51073360815644" lon="22.69169203005731">
        <ele>1158.4</ele>
        <time>2025-05-08T09:45:54</time>
      </trkpt>
      <trkpt lat="46.51073595508933" lon="22.691693706437945">
        <ele>1158.6</ele>
        <time>2025-05-08T09:46:04</time>
      </trkpt>
      <trkpt lat="46.51073603890836" lon="22.691691191866994">
        <ele>1159.0</ele>
        <time>2025-05-08T09:46:12</time>
      </trkpt>
      <trkpt lat="46.51073553599417" lon="22.691690186038613">
        <ele>1159.0</ele>
        <time>2025-05-08T09:46:14</time>
      </trkpt>
      <trkpt lat="46.51073637418449" lon="22.691694544628263">
        <ele>1159.6</ele>
        <time>2025-05-08T09:46:21</time>
      </trkpt>
      <trkpt lat="46.510733691975474" lon="22.691694712266326">
        <ele>1160.2</ele>
        <time>2025-05-08T09:46:31</time>
      </trkpt>
      <trkpt lat="46.51073385961354" lon="22.691694209352136">
        <ele>1160.4</ele>
        <time>2025-05-08T09:46:32</time>
      </trkpt>
      <trkpt lat="46.5107340272516" lon="22.69169345498085">
        <ele>1160.6</ele>
        <time>2025-05-08T09:46:41</time>
      </trkpt>
      <trkpt lat="46.51072765700519" lon="22.691709715873003">
        <ele>1161.0</ele>
        <time>2025-05-08T09:46:53</time>
      </trkpt>
      <trkpt lat="46.51072857901454" lon="22.691715080291033">
        <ele>1161.2</ele>
        <time>2025-05-08T09:47:04</time>
      </trkpt>
      <trkpt lat="46.51073109358549" lon="22.6916822232306">
        <ele>1161.2</ele>
        <time>2025-05-08T09:47:12</time>
      </trkpt>
      <trkpt lat="46.51073050685227" lon="22.691677026450634">
        <ele>1161.0</ele>
        <time>2025-05-08T09:47:23</time>
      </trkpt>
      <trkpt lat="46.510730758309364" lon="22.69166713580489">
        <ele>1160.8</ele>
        <time>2025-05-08T09:47:33</time>
      </trkpt>
      <trkpt lat="46.51072815991938" lon="22.691662525758147">
        <ele>1160.8</ele>
        <time>2025-05-08T09:47:42</time>
      </trkpt>
      <trkpt lat="46.51072916574776" lon="22.691666884347796">
        <ele>1160.6</ele>
        <time>2025-05-08T09:47:53</time>
      </trkpt>
      <trkpt lat="46.51072941720486" lon="22.69166755490005">
        <ele>1160.4</ele>
        <time>2025-05-08T09:48:04</time>
      </trkpt>
      <trkpt lat="46.51074232533574" lon="22.69167333841324">
        <ele>1160.4</ele>
        <time>2025-05-08T09:48:15</time>
      </trkpt>
      <trkpt lat="46.51075062341988" lon="22.691663531586528">
        <ele>1160.4</ele>
        <time>2025-05-08T09:48:26</time>
      </trkpt>
      <trkpt lat="46.51074944995344" lon="22.69166411831975">
        <ele>1160.4</ele>
        <time>2025-05-08T09:48:34</time>
      </trkpt>
      <trkpt lat="46.51074567809701" lon="22.69165431149304">
        <ele>1161.0</ele>
        <time>2025-05-08T09:48:45</time>
      </trkpt>
      <trkpt lat="46.51074307970703" lon="22.69165280275047">
        <ele>1161.0</ele>
        <time>2025-05-08T09:48:56</time>
      </trkpt>
      <trkpt lat="46.51073159649968" lon="22.691649114713073">
        <ele>1161.0</ele>
        <time>2025-05-08T09:49:05</time>
      </trkpt>
      <trkpt lat="46.510728411376476" lon="22.691653976216912">
        <ele>1160.8</ele>
        <time>2025-05-08T09:49:17</time>
      </trkpt>
      <trkpt lat="46.51072271168232" lon="22.691641738638282">
        <ele>1161.0</ele>
        <time>2025-05-08T09:49:28</time>
      </trkpt>
      <trkpt lat="46.51071793399751" lon="22.691636877134442">
        <ele>1161.6</ele>
        <time>2025-05-08T09:49:40</time>
      </trkpt>
      <trkpt lat="46.510718017816544" lon="22.691636541858315">
        <ele>1161.6</ele>
        <time>2025-05-08T09:49:41</time>
      </trkpt>
      <trkpt lat="46.5107202809304" lon="22.691633692011237">
        <ele>1162.4</ele>
        <time>2025-05-08T09:49:54</time>
      </trkpt>
      <trkpt lat="46.51071751490235" lon="22.691630506888032">
        <ele>1162.6</ele>
        <time>2025-05-08T09:49:57</time>
      </trkpt>
      <trkpt lat="46.510721873492" lon="22.69163620658219">
        <ele>1163.0</ele>
        <time>2025-05-08T09:50:07</time>
      </trkpt>
      <trkpt lat="46.51072237640619" lon="22.691649366170168">
        <ele>1163.6</ele>
        <time>2025-05-08T09:50:17</time>
      </trkpt>
      <trkpt lat="46.51072581298649" lon="22.69165338948369">
        <ele>1163.8</ele>
        <time>2025-05-08T09:50:21</time>
      </trkpt>
      <trkpt lat="46.510726902633905" lon="22.691655065864325">
        <ele>1164.0</ele>
        <time>2025-05-08T09:50:26</time>
      </trkpt>
      <trkpt lat="46.510722544044256" lon="22.69165037199855">
        <ele>1164.8</ele>
        <time>2025-05-08T09:50:38</time>
      </trkpt>
      <trkpt lat="46.510722041130066" lon="22.69164953380823">
        <ele>1164.8</ele>
        <time>2025-05-08T09:50:39</time>
      </trkpt>
      <trkpt lat="46.51071977801621" lon="22.69163872115314">
        <ele>1165.4</ele>
        <time>2025-05-08T09:50:49</time>
      </trkpt>
      <trkpt lat="46.51072011329234" lon="22.69164014607668">
        <ele>1165.8</ele>
        <time>2025-05-08T09:50:57</time>
      </trkpt>
      <trkpt lat="46.510720532387495" lon="22.691640984266996">
        <ele>1166.0</ele>
        <time>2025-05-08T09:50:59</time>
      </trkpt>
      <trkpt lat="46.51071734726429" lon="22.691640565171838">
        <ele>1166.2</ele>
        <time>2025-05-08T09:51:10</time>
      </trkpt>
      <trkpt lat="46.51071508415043" lon="22.691638385877013">
        <ele>1166.0</ele>
        <time>2025-05-08T09:51:22</time>
      </trkpt>
      <trkpt lat="46.510716592893004" lon="22.691642241552472">
        <ele>1165.8</ele>
        <time>2025-05-08T09:51:30</time>
      </trkpt>
      <trkpt lat="46.51070552878082" lon="22.691639056429267">
        <ele>1165.8</ele>
        <time>2025-05-08T09:51:42</time>
      </trkpt>
      <trkpt lat="46.51069488376379" lon="22.691645426675677">
        <ele>1165.8</ele>
        <time>2025-05-08T09:51:52</time>
      </trkpt>
      <trkpt lat="46.51068222709" lon="22.691641068086028">
        <ele>1165.6</ele>
        <time>2025-05-08T09:52:03</time>
      </trkpt>
      <trkpt lat="46.51070117019117" lon="22.69163587130606">
        <ele>1165.4</ele>
        <time>2025-05-08T09:52:16</time>
      </trkpt>
      <trkpt lat="46.51069873943925" lon="22.69164609722793">
        <ele>1165.4</ele>
        <time>2025-05-08T09:52:24</time>
      </trkpt>
      <trkpt lat="46.51069329120219" lon="22.691634027287364">
        <ele>1165.2</ele>
        <time>2025-05-08T09:52:33</time>
      </trkpt>
      <trkpt lat="46.51069102808833" lon="22.691627237945795">
        <ele>1165.2</ele>
        <time>2025-05-08T09:52:35</time>
      </trkpt>
      <trkpt lat="46.51068717241287" lon="22.691627573221922">
        <ele>1164.8</ele>
        <time>2025-05-08T09:52:45</time>
      </trkpt>
      <trkpt lat="46.510684406384826" lon="22.69162556156516">
        <ele>1164.6</ele>
        <time>2025-05-08T09:52:58</time>
      </trkpt>
      <trkpt lat="46.5106891002506" lon="22.69162556156516">
        <ele>1164.4</ele>
        <time>2025-05-08T09:53:02</time>
      </trkpt>
      <trkpt lat="46.5106959734112" lon="22.69162841141224">
        <ele>1164.2</ele>
        <time>2025-05-08T09:53:09</time>
      </trkpt>
      <trkpt lat="46.510691698640585" lon="22.69162707030773">
        <ele>1163.6</ele>
        <time>2025-05-08T09:53:21</time>
      </trkpt>
      <trkpt lat="46.51068717241287" lon="22.691619526594877">
        <ele>1163.8</ele>
        <time>2025-05-08T09:53:33</time>
      </trkpt>
      <trkpt lat="46.51069287210703" lon="22.691625393927097">
        <ele>1163.8</ele>
        <time>2025-05-08T09:53:44</time>
      </trkpt>
      <trkpt lat="46.51069429703057" lon="22.691633105278015">
        <ele>1164.0</ele>
        <time>2025-05-08T09:53:55</time>
      </trkpt>
      <trkpt lat="46.51069723069668" lon="22.691633105278015">
        <ele>1164.0</ele>
        <time>2025-05-08T09:54:03</time>
      </trkpt>
      <trkpt lat="46.510697063058615" lon="22.691639559343457">
        <ele>1164.0</ele>
        <time>2025-05-08T09:54:14</time>
      </trkpt>
      <trkpt lat="46.5107028465718" lon="22.69164064899087">
        <ele>1163.6</ele>
        <time>2025-05-08T09:54:24</time>
      </trkpt>
      <trkpt lat="46.5107030980289" lon="22.6916407328099">
        <ele>1163.6</ele>
        <time>2025-05-08T09:54:26</time>
      </trkpt>
      <trkpt lat="46.510698571801186" lon="22.69165573641658">
        <ele>1163.4</ele>
        <time>2025-05-08T09:54:42</time>
      </trkpt>
      <trkpt lat="46.51069354265928" lon="22.691667806357145">
        <ele>1162.8</ele>
        <time>2025-05-08T09:54:53</time>
      </trkpt>
      <trkpt lat="46.510693207383156" lon="22.69166956655681">
        <ele>1162.6</ele>
        <time>2025-05-08T09:54:54</time>
      </trkpt>
      <trkpt lat="46.51070896536112" lon="22.69167836755514">
        <ele>1161.8</ele>
        <time>2025-05-08T09:55:07</time>
      </trkpt>
      <trkpt lat="46.51071005500853" lon="22.691668225452304">
        <ele>1161.6</ele>
        <time>2025-05-08T09:55:10</time>
      </trkpt>
      <trkpt lat="46.51071147993207" lon="22.691669398918748">
        <ele>1161.2</ele>
        <time>2025-05-08T09:55:19</time>
      </trkpt>
      <trkpt lat="46.51072271168232" lon="22.691684737801552">
        <ele>1160.8</ele>
        <time>2025-05-08T09:55:30</time>
      </trkpt>
      <trkpt lat="46.51071793399751" lon="22.69170275889337">
        <ele>1160.6</ele>
        <time>2025-05-08T09:55:37</time>
      </trkpt>
      <trkpt lat="46.51071508415043" lon="22.691730000078678">
        <ele>1160.2</ele>
        <time>2025-05-08T09:55:42</time>
      </trkpt>
      <trkpt lat="46.510739559307694" lon="22.691740980371833">
        <ele>1160.0</ele>
        <time>2025-05-08T09:55:55</time>
      </trkpt>
      <trkpt lat="46.51075053960085" lon="22.6917686406523">
        <ele>1159.6</ele>
        <time>2025-05-08T09:55:59</time>
      </trkpt>
      <trkpt lat="46.510759172961116" lon="22.6917979773134">
        <ele>1159.2</ele>
        <time>2025-05-08T09:56:07</time>
      </trkpt>
      <trkpt lat="46.510759172961116" lon="22.69180040806532">
        <ele>1158.6</ele>
        <time>2025-05-08T09:56:18</time>
      </trkpt>
      <trkpt lat="46.51075934059918" lon="22.691801246255636">
        <ele>1158.4</ele>
        <time>2025-05-08T09:56:19</time>
      </trkpt>
      <trkpt lat="46.51075406000018" lon="22.691802084445953">
        <ele>1158.2</ele>
        <time>2025-05-08T09:56:31</time>
      </trkpt>
      <trkpt lat="46.510755736380816" lon="22.691805018112063">
        <ele>1157.8</ele>
        <time>2025-05-08T09:56:43</time>
      </trkpt>
      <trkpt lat="46.51075364090502" lon="22.69179018214345">
        <ele>1157.6</ele>
        <time>2025-05-08T09:56:51</time>
      </trkpt>
      <trkpt lat="46.510752718895674" lon="22.69178473390639">
        <ele>1157.2</ele>
        <time>2025-05-08T09:56:55</time>
      </trkpt>
      <trkpt lat="46.510748444125056" lon="22.69178624264896">
        <ele>1157.0</ele>
        <time>2025-05-08T09:57:05</time>
      </trkpt>
      <trkpt lat="46.51075892150402" lon="22.691762102767825">
        <ele>1156.4</ele>
        <time>2025-05-08T09:57:18</time>
      </trkpt>
      <trkpt lat="46.51076051406562" lon="22.691758330911398">
        <ele>1156.2</ele>
        <time>2025-05-08T09:57:21</time>
      </trkpt>
      <trkpt lat="46.51075850240886" lon="22.691760594025254">
        <ele>1155.4</ele>
        <time>2025-05-08T09:57:31</time>
      </trkpt>
      <trkpt lat="46.51075825095177" lon="22.69176193512976">
        <ele>1155.4</ele>
        <time>2025-05-08T09:57:34</time>
      </trkpt>
      <trkpt lat="46.510756658390164" lon="22.691763695329428">
        <ele>1155.0</ele>
        <time>2025-05-08T09:57:40</time>
      </trkpt>
      <trkpt lat="46.510742995887995" lon="22.691761516034603">
        <ele>1154.4</ele>
        <time>2025-05-08T09:57:51</time>
      </trkpt>
      <trkpt lat="46.51074266061187" lon="22.691762521862984">
        <ele>1154.2</ele>
        <time>2025-05-08T09:57:52</time>
      </trkpt>
      <trkpt lat="46.51074022985995" lon="22.69175791181624">
        <ele>1154.0</ele>
        <time>2025-05-08T09:57:59</time>
      </trkpt>
      <trkpt lat="46.51073679327965" lon="22.69175883382559">
        <ele>1153.2</ele>
        <time>2025-05-08T09:58:07</time>
      </trkpt>
      <trkpt lat="46.51073637418449" lon="22.691759085282683">
        <ele>1152.8</ele>
        <time>2025-05-08T09:58:09</time>
      </trkpt>
      <trkpt lat="46.51073796674609" lon="22.691775932908058">
        <ele>1152.0</ele>
        <time>2025-05-08T09:58:21</time>
      </trkpt>
      <trkpt lat="46.51073436252773" lon="22.69178917631507">
        <ele>1151.0</ele>
        <time>2025-05-08T09:58:34</time>
      </trkpt>
      <trkpt lat="46.51073285378516" lon="22.691792948171496">
        <ele>1151.0</ele>
        <time>2025-05-08T09:58:35</time>
      </trkpt>
      <trkpt lat="46.51074928231537" lon="22.691828990355134">
        <ele>1150.2</ele>
        <time>2025-05-08T09:58:47</time>
      </trkpt>
      <trkpt lat="46.510747941210866" lon="22.691821111366153">
        <ele>1149.6</ele>
        <time>2025-05-08T09:59:04</time>
      </trkpt>
      <trkpt lat="46.510747857391834" lon="22.691821111366153">
        <ele>1149.6</ele>
        <time>2025-05-08T09:59:06</time>
      </trkpt>
      <trkpt lat="46.5107461810112" lon="22.69180635921657">
        <ele>1148.6</ele>
        <time>2025-05-08T09:59:27</time>
      </trkpt>
      <trkpt lat="46.51074517518282" lon="22.691802168264985">
        <ele>1148.4</ele>
        <time>2025-05-08T09:59:30</time>
      </trkpt>
      <trkpt lat="46.5107512101531" lon="22.691769897937775">
        <ele>1147.2</ele>
        <time>2025-05-08T09:59:51</time>
      </trkpt>
      <trkpt lat="46.510751293972135" lon="22.691769059747458">
        <ele>1147.2</ele>
        <time>2025-05-08T09:59:53</time>
      </trkpt>
      <trkpt lat="46.510736206546426" lon="22.69173603504896">
        <ele>1146.6</ele>
        <time>2025-05-08T10:00:06</time>
      </trkpt>
      <trkpt lat="46.51073603890836" lon="22.6917237136513">
        <ele>1146.2</ele>
        <time>2025-05-08T10:00:13</time>
      </trkpt>
      <trkpt lat="46.510734194889665" lon="22.691717091947794">
        <ele>1145.6</ele>
        <time>2025-05-08T10:00:24</time>
      </trkpt>
      <trkpt lat="46.51073461398482" lon="22.69171600230038">
        <ele>1144.8</ele>
        <time>2025-05-08T10:00:42</time>
      </trkpt>
      <trkpt lat="46.5107340272516" lon="22.691714158281684">
        <ele>1144.4</ele>
        <time>2025-05-08T10:00:49</time>
      </trkpt>
      <trkpt lat="46.51072128675878" lon="22.691681804135442">
        <ele>1144.2</ele>
        <time>2025-05-08T10:01:03</time>
      </trkpt>
      <trkpt lat="46.510703852400184" lon="22.69167887046933">
        <ele>1144.0</ele>
        <time>2025-05-08T10:01:15</time>
      </trkpt>
      <trkpt lat="46.51069764979184" lon="22.69168616272509">
        <ele>1143.8</ele>
        <time>2025-05-08T10:01:33</time>
      </trkpt>
      <trkpt lat="46.510706786066294" lon="22.69169295206666">
        <ele>1143.6</ele>
        <time>2025-05-08T10:01:51</time>
      </trkpt>
      <trkpt lat="46.51070326566696" lon="22.69169194623828">
        <ele>1143.2</ele>
        <time>2025-05-08T10:01:57</time>
      </trkpt>
      <trkpt lat="46.510701924562454" lon="22.691689683124423">
        <ele>1143.2</ele>
        <time>2025-05-08T10:02:01</time>
      </trkpt>
      <trkpt lat="46.51069630868733" lon="22.69169102422893">
        <ele>1142.8</ele>
        <time>2025-05-08T10:02:13</time>
      </trkpt>
      <trkpt lat="46.51069387793541" lon="22.69169982522726">
        <ele>1142.0</ele>
        <time>2025-05-08T10:02:23</time>
      </trkpt>
      <trkpt lat="46.51069697923958" lon="22.691705357283354">
        <ele>1141.8</ele>
        <time>2025-05-08T10:02:30</time>
      </trkpt>
      <trkpt lat="46.51069748215377" lon="22.691713152453303">
        <ele>1141.8</ele>
        <time>2025-05-08T10:02:34</time>
      </trkpt>
      <trkpt lat="46.5106978174299" lon="22.69171440973878">
        <ele>1140.8</ele>
        <time>2025-05-08T10:02:44</time>
      </trkpt>
      <trkpt lat="46.510698571801186" lon="22.691712314262986">
        <ele>1140.8</ele>
        <time>2025-05-08T10:02:48</time>
      </trkpt>
      <trkpt lat="46.51070083491504" lon="22.691718097776175">
        <ele>1139.8</ele>
        <time>2025-05-08T10:03:00</time>
      </trkpt>
      <trkpt lat="46.51070058345795" lon="22.691719187423587">
        <ele>1139.6</ele>
        <time>2025-05-08T10:03:02</time>
      </trkpt>
      <trkpt lat="46.51070427149534" lon="22.691706530749798">
        <ele>1138.4</ele>
        <time>2025-05-08T10:03:20</time>
      </trkpt>
      <trkpt lat="46.51070427149534" lon="22.69170317798853">
        <ele>1137.8</ele>
        <time>2025-05-08T10:03:28</time>
      </trkpt>
      <trkpt lat="46.51070041581988" lon="22.691702507436275">
        <ele>1137.4</ele>
        <time>2025-05-08T10:03:38</time>
      </trkpt>
      <trkpt lat="46.51070041581988" lon="22.691692365333438">
        <ele>1137.2</ele>
        <time>2025-05-08T10:03:45</time>
      </trkpt>
      <trkpt lat="46.510709803551435" lon="22.691699573770165">
        <ele>1136.8</ele>
        <time>2025-05-08T10:03:52</time>
      </trkpt>
      <trkpt lat="46.51070267893374" lon="22.691677948459983">
        <ele>1136.6</ele>
        <time>2025-05-08T10:04:04</time>
      </trkpt>
      <trkpt lat="46.51068918406963" lon="22.69166311249137">
        <ele>1136.6</ele>
        <time>2025-05-08T10:04:16</time>
      </trkpt>
      <trkpt lat="46.510693710297346" lon="22.691657161340117">
        <ele>1136.6</ele>
        <time>2025-05-08T10:04:29</time>
      </trkpt>
      <trkpt lat="46.510687507689" lon="22.691657999530435">
        <ele>1136.4</ele>
        <time>2025-05-08T10:04:39</time>
      </trkpt>
      <trkpt lat="46.510689267888665" lon="22.69166462123394">
        <ele>1136.2</ele>
        <time>2025-05-08T10:04:53</time>
      </trkpt>
      <trkpt lat="46.510699996724725" lon="22.691648360341787">
        <ele>1135.6</ele>
        <time>2025-05-08T10:05:27</time>
      </trkpt>
      <trkpt lat="46.51069588959217" lon="22.691644001752138">
        <ele>1135.2</ele>
        <time>2025-05-08T10:05:50</time>
      </trkpt>
      <trkpt lat="46.51068599894643" lon="22.69163536839187">
        <ele>1134.8</ele>
        <time>2025-05-08T10:06:05</time>
      </trkpt>
      <trkpt lat="46.51068105362356" lon="22.69163670949638">
        <ele>1135.0</ele>
        <time>2025-05-08T10:06:19</time>
      </trkpt>
      <trkpt lat="46.51068055070937" lon="22.691625896841288">
        <ele>1134.2</ele>
        <time>2025-05-08T10:06:42</time>
      </trkpt>
      <trkpt lat="46.51067971251905" lon="22.691622879356146">
        <ele>1134.2</ele>
        <time>2025-05-08T10:06:43</time>
      </trkpt>
      <trkpt lat="46.5106563270092" lon="22.691610138863325">
        <ele>1134.2</ele>
        <time>2025-05-08T10:07:01</time>
      </trkpt>
      <trkpt lat="46.510655991733074" lon="22.691606869921088">
        <ele>1134.6</ele>
        <time>2025-05-08T10:07:18</time>
      </trkpt>
      <trkpt lat="46.51065532118082" lon="22.691606869921088">
        <ele>1134.8</ele>
        <time>2025-05-08T10:07:27</time>
      </trkpt>
      <trkpt lat="46.510654566809535" lon="22.691607624292374">
        <ele>1135.0</ele>
        <time>2025-05-08T10:07:33</time>
      </trkpt>
      <trkpt lat="46.510644340887666" lon="22.691592201590538">
        <ele>1135.0</ele>
        <time>2025-05-08T10:07:57</time>
      </trkpt>
      <trkpt lat="46.51064149104059" lon="22.69162799231708">
        <ele>1134.8</ele>
        <time>2025-05-08T10:08:16</time>
      </trkpt>
      <trkpt lat="46.51062942110002" lon="22.691644672304392">
        <ele>1135.0</ele>
        <time>2025-05-08T10:08:39</time>
      </trkpt>
      <trkpt lat="46.51061911135912" lon="22.69165297038853">
        <ele>1135.2</ele>
        <time>2025-05-08T10:08:48</time>
      </trkpt>
      <trkpt lat="46.510604275390506" lon="22.691661519929767">
        <ele>1135.4</ele>
        <time>2025-05-08T10:09:09</time>
      </trkpt>
      <trkpt lat="46.51058692485094" lon="22.691659424453974">
        <ele>1135.6</ele>
        <time>2025-05-08T10:09:35</time>
      </trkpt>
      <trkpt lat="46.51058298535645" lon="22.69165146164596">
        <ele>1135.8</ele>
        <time>2025-05-08T10:09:52</time>
      </trkpt>
      <trkpt lat="46.51057954877615" lon="22.691650707274675">
        <ele>1135.6</ele>
        <time>2025-05-08T10:09:59</time>
      </trkpt>
      <trkpt lat="46.51057845912874" lon="22.691644420847297">
        <ele>1135.2</ele>
        <time>2025-05-08T10:10:20</time>
      </trkpt>
      <trkpt lat="46.51057577691972" lon="22.691649701446295">
        <ele>1135.2</ele>
        <time>2025-05-08T10:10:31</time>
      </trkpt>
      <trkpt lat="46.5105664730072" lon="22.69162162207067">
        <ele>1135.0</ele>
        <time>2025-05-08T10:10:46</time>
      </trkpt>
      <trkpt lat="46.510562198236585" lon="22.691599493846297">
        <ele>1134.8</ele>
        <time>2025-05-08T10:11:04</time>
      </trkpt>
      <trkpt lat="46.51056085713208" lon="22.691613575443625">
        <ele>1134.0</ele>
        <time>2025-05-08T10:11:17</time>
      </trkpt>
      <trkpt lat="46.51056110858917" lon="22.6916148327291">
        <ele>1134.0</ele>
        <time>2025-05-08T10:11:18</time>
      </trkpt>
      <trkpt lat="46.51055448688567" lon="22.691628076136112">
        <ele>1133.2</ele>
        <time>2025-05-08T10:11:37</time>
      </trkpt>
      <trkpt lat="46.51055725291371" lon="22.69164215773344">
        <ele>1133.0</ele>
        <time>2025-05-08T10:11:43</time>
      </trkpt>
      <trkpt lat="46.51055909693241" lon="22.6916597597301">
        <ele>1132.2</ele>
        <time>2025-05-08T10:11:53</time>
      </trkpt>
      <trkpt lat="46.51056194677949" lon="22.691688761115074">
        <ele>1131.6</ele>
        <time>2025-05-08T10:12:01</time>
      </trkpt>
      <trkpt lat="46.51057133451104" lon="22.691716505214572">
        <ele>1130.8</ele>
        <time>2025-05-08T10:12:15</time>
      </trkpt>
      <trkpt lat="46.51057410053909" lon="22.691718013957143">
        <ele>1130.6</ele>
        <time>2025-05-08T10:12:26</time>
      </trkpt>
      <trkpt lat="46.51057032868266" lon="22.691714661195874">
        <ele>1130.4</ele>
        <time>2025-05-08T10:12:29</time>
      </trkpt>
      <trkpt lat="46.51056387461722" lon="22.691709212958813">
        <ele>1129.4</ele>
        <time>2025-05-08T10:12:40</time>
      </trkpt>
      <trkpt lat="46.510562198236585" lon="22.691708207130432">
        <ele>1129.2</ele>
        <time>2025-05-08T10:12:42</time>
      </trkpt>
      <trkpt lat="46.5105561632663" lon="22.69168716855347">
        <ele>1128.6</ele>
        <time>2025-05-08T10:12:50</time>
      </trkpt>
      <trkpt lat="46.51055549271405" lon="22.691682390868664">
        <ele>1128.0</ele>
        <time>2025-05-08T10:12:54</time>
      </trkpt>
      <trkpt lat="46.51055381633341" lon="22.691679960116744">
        <ele>1127.4</ele>
        <time>2025-05-08T10:13:03</time>
      </trkpt>
      <trkpt lat="46.510552978143096" lon="22.691680127754807">
        <ele>1127.2</ele>
        <time>2025-05-08T10:13:06</time>
      </trkpt>
      <trkpt lat="46.51055281050503" lon="22.691680043935776">
        <ele>1127.0</ele>
        <time>2025-05-08T10:13:11</time>
      </trkpt>
      <trkpt lat="46.510548535734415" lon="22.6916856598109">
        <ele>1126.8</ele>
        <time>2025-05-08T10:13:16</time>
      </trkpt>
      <trkpt lat="46.51054149493575" lon="22.69168457016349">
        <ele>1125.8</ele>
        <time>2025-05-08T10:13:30</time>
      </trkpt>
      <trkpt lat="46.510533364489675" lon="22.69162748940289">
        <ele>1125.0</ele>
        <time>2025-05-08T10:13:44</time>
      </trkpt>
      <trkpt lat="46.51053084991872" lon="22.691621789708734">
        <ele>1124.4</ele>
        <time>2025-05-08T10:13:55</time>
      </trkpt>
      <trkpt lat="46.510529508814216" lon="22.69162162207067">
        <ele>1124.4</ele>
        <time>2025-05-08T10:13:58</time>
      </trkpt>
      <trkpt lat="46.5105268266052" lon="22.691624304279685">
        <ele>1123.6</ele>
        <time>2025-05-08T10:14:13</time>
      </trkpt>
      <trkpt lat="46.51052674278617" lon="22.69162254408002">
        <ele>1123.2</ele>
        <time>2025-05-08T10:14:19</time>
      </trkpt>
      <trkpt lat="46.51052439585328" lon="22.691615503281355">
        <ele>1122.2</ele>
        <time>2025-05-08T10:14:30</time>
      </trkpt>
      <trkpt lat="46.510523138567805" lon="22.691615168005228">
        <ele>1121.8</ele>
        <time>2025-05-08T10:14:38</time>
      </trkpt>
      <trkpt lat="46.51052079163492" lon="22.69161273725331">
        <ele>1121.2</ele>
        <time>2025-05-08T10:14:46</time>
      </trkpt>
      <trkpt lat="46.51051224209368" lon="22.6916132401675">
        <ele>1120.6</ele>
        <time>2025-05-08T10:14:53</time>
      </trkpt>
      <trkpt lat="46.510513834655285" lon="22.691619358956814">
        <ele>1120.0</ele>
        <time>2025-05-08T10:15:00</time>
      </trkpt>
      <trkpt lat="46.510511906817555" lon="22.691617095842957">
        <ele>1119.4</ele>
        <time>2025-05-08T10:15:06</time>
      </trkpt>
      <trkpt lat="46.51051249355078" lon="22.691613910719752">
        <ele>1119.2</ele>
        <time>2025-05-08T10:15:09</time>
      </trkpt>
      <trkpt lat="46.51051115244627" lon="22.691609719768167">
        <ele>1118.2</ele>
        <time>2025-05-08T10:15:22</time>
      </trkpt>
      <trkpt lat="46.51051098480821" lon="22.691609300673008">
        <ele>1118.2</ele>
        <time>2025-05-08T10:15:23</time>
      </trkpt>
      <trkpt lat="46.51051567867398" lon="22.69160309806466">
        <ele>1117.2</ele>
        <time>2025-05-08T10:15:39</time>
      </trkpt>
      <trkpt lat="46.51052196510136" lon="22.691598068922758">
        <ele>1117.0</ele>
        <time>2025-05-08T10:15:48</time>
      </trkpt>
      <trkpt lat="46.5105233900249" lon="22.69159672781825">
        <ele>1116.2</ele>
        <time>2025-05-08T10:16:00</time>
      </trkpt>
      <trkpt lat="46.5105249825865" lon="22.691596476361156">
        <ele>1115.4</ele>
        <time>2025-05-08T10:16:17</time>
      </trkpt>
      <trkpt lat="46.51052640751004" lon="22.691598068922758">
        <ele>1114.6</ele>
        <time>2025-05-08T10:16:30</time>
      </trkpt>
      <trkpt lat="46.51052741333842" lon="22.69159563817084">
        <ele>1114.4</ele>
        <time>2025-05-08T10:16:51</time>
      </trkpt>
      <trkpt lat="46.51052808389068" lon="22.691591028124094">
        <ele>1113.6</ele>
        <time>2025-05-08T10:17:08</time>
      </trkpt>
      <trkpt lat="46.510523641481996" lon="22.691593458876014">
        <ele>1113.4</ele>
        <time>2025-05-08T10:17:19</time>
      </trkpt>
      <trkpt lat="46.51050788350403" lon="22.691566301509738">
        <ele>1113.0</ele>
        <time>2025-05-08T10:17:35</time>
      </trkpt>
      <trkpt lat="46.510508973151445" lon="22.691552806645632">
        <ele>1113.2</ele>
        <time>2025-05-08T10:17:48</time>
      </trkpt>
      <trkpt lat="46.510506458580494" lon="22.69154970534146">
        <ele>1113.6</ele>
        <time>2025-05-08T10:18:00</time>
      </trkpt>
      <trkpt lat="46.510506458580494" lon="22.691548196598887">
        <ele>1113.6</ele>
        <time>2025-05-08T10:18:07</time>
      </trkpt>
      <trkpt lat="46.51051157154143" lon="22.691555069759488">
        <ele>1113.8</ele>
        <time>2025-05-08T10:18:13</time>
      </trkpt>
      <trkpt lat="46.51051609776914" lon="22.69156395457685">
        <ele>1113.8</ele>
        <time>2025-05-08T10:18:31</time>
      </trkpt>
      <trkpt lat="46.51051743887365" lon="22.691565044224262">
        <ele>1114.4</ele>
        <time>2025-05-08T10:18:43</time>
      </trkpt>
      <trkpt lat="46.510518193244934" lon="22.69156345166266">
        <ele>1114.8</ele>
        <time>2025-05-08T10:19:01</time>
      </trkpt>
      <trkpt lat="46.510518277063966" lon="22.69156353548169">
        <ele>1115.0</ele>
        <time>2025-05-08T10:19:02</time>
      </trkpt>
      <trkpt lat="46.51051316410303" lon="22.691563367843628">
        <ele>1115.8</ele>
        <time>2025-05-08T10:19:16</time>
      </trkpt>
      <trkpt lat="46.51051023043692" lon="22.69156353548169">
        <ele>1116.2</ele>
        <time>2025-05-08T10:19:20</time>
      </trkpt>
      <trkpt lat="46.5105114877224" lon="22.691564625129104">
        <ele>1116.6</ele>
        <time>2025-05-08T10:19:28</time>
      </trkpt>
      <trkpt lat="46.51052137836814" lon="22.69157476723194">
        <ele>1117.4</ele>
        <time>2025-05-08T10:19:42</time>
      </trkpt>
      <trkpt lat="46.510522635653615" lon="22.69157568924129">
        <ele>1117.4</ele>
        <time>2025-05-08T10:19:50</time>
      </trkpt>
      <trkpt lat="46.51052397675812" lon="22.69157418049872">
        <ele>1117.8</ele>
        <time>2025-05-08T10:19:58</time>
      </trkpt>
      <trkpt lat="46.51051936671138" lon="22.69157527014613">
        <ele>1118.0</ele>
        <time>2025-05-08T10:20:14</time>
      </trkpt>
      <trkpt lat="46.51053420267999" lon="22.691576527431607">
        <ele>1118.0</ele>
        <time>2025-05-08T10:20:24</time>
      </trkpt>
      <trkpt lat="46.51053545996547" lon="22.691577365621924">
        <ele>1118.2</ele>
        <time>2025-05-08T10:20:25</time>
      </trkpt>
      <trkpt lat="46.51056161150336" lon="22.691624220460653">
        <ele>1118.4</ele>
        <time>2025-05-08T10:20:50</time>
      </trkpt>
      <trkpt lat="46.51054350659251" lon="22.691639475524426">
        <ele>1118.2</ele>
        <time>2025-05-08T10:21:08</time>
      </trkpt>
      <trkpt lat="46.510540656745434" lon="22.691644420847297">
        <ele>1118.0</ele>
        <time>2025-05-08T10:21:18</time>
      </trkpt>
      <trkpt lat="46.510541243478656" lon="22.691634194925427">
        <ele>1118.0</ele>
        <time>2025-05-08T10:21:36</time>
      </trkpt>
      <trkpt lat="46.5105440095067" lon="22.69163134507835">
        <ele>1117.4</ele>
        <time>2025-05-08T10:22:12</time>
      </trkpt>
      <trkpt lat="46.510534873232245" lon="22.691630255430937">
        <ele>1117.4</ele>
        <time>2025-05-08T10:22:27</time>
      </trkpt>
      <trkpt lat="46.51052540168166" lon="22.691630423069">
        <ele>1117.4</ele>
        <time>2025-05-08T10:22:37</time>
      </trkpt>
      <trkpt lat="46.51052724570036" lon="22.691632183268666">
        <ele>1117.4</ele>
        <time>2025-05-08T10:22:56</time>
      </trkpt>
      <trkpt lat="46.51052783243358" lon="22.69162983633578">
        <ele>1117.4</ele>
        <time>2025-05-08T10:23:04</time>
      </trkpt>
      <trkpt lat="46.51052883826196" lon="22.691628746688366">
        <ele>1117.4</ele>
        <time>2025-05-08T10:23:22</time>
      </trkpt>
      <trkpt lat="46.510529508814216" lon="22.691629584878683">
        <ele>1117.6</ele>
        <time>2025-05-08T10:23:48</time>
      </trkpt>
      <trkpt lat="46.510529927909374" lon="22.69162606447935">
        <ele>1117.6</ele>
        <time>2025-05-08T10:24:03</time>
      </trkpt>
      <trkpt lat="46.510529927909374" lon="22.691626399755478">
        <ele>1117.8</ele>
        <time>2025-05-08T10:24:07</time>
      </trkpt>
      <trkpt lat="46.51052640751004" lon="22.691627154126763">
        <ele>1117.8</ele>
        <time>2025-05-08T10:24:17</time>
      </trkpt>
      <trkpt lat="46.5105217974633" lon="22.69162748940289">
        <ele>1118.0</ele>
        <time>2025-05-08T10:24:26</time>
      </trkpt>
      <trkpt lat="46.51052347384393" lon="22.69162363372743">
        <ele>1118.4</ele>
        <time>2025-05-08T10:24:47</time>
      </trkpt>
      <trkpt lat="46.51052389293909" lon="22.691617598757148">
        <ele>1119.2</ele>
        <time>2025-05-08T10:25:06</time>
      </trkpt>
      <trkpt lat="46.51052238419652" lon="22.691617012023926">
        <ele>1119.6</ele>
        <time>2025-05-08T10:25:09</time>
      </trkpt>
      <trkpt lat="46.510521713644266" lon="22.691611228510737">
        <ele>1120.0</ele>
        <time>2025-05-08T10:25:24</time>
      </trkpt>
      <trkpt lat="46.51052280329168" lon="22.691610138863325">
        <ele>1120.2</ele>
        <time>2025-05-08T10:25:32</time>
      </trkpt>
      <trkpt lat="46.51052380912006" lon="22.691609300673008">
        <ele>1121.0</ele>
        <time>2025-05-08T10:25:40</time>
      </trkpt>
      <trkpt lat="46.51052389293909" lon="22.691598488017917">
        <ele>1122.0</ele>
        <time>2025-05-08T10:25:57</time>
      </trkpt>
      <trkpt lat="46.51052439585328" lon="22.691596476361156">
        <ele>1122.0</ele>
        <time>2025-05-08T10:25:58</time>
      </trkpt>
      <trkpt lat="46.51052548550069" lon="22.69159027375281">
        <ele>1122.6</ele>
        <time>2025-05-08T10:26:09</time>
      </trkpt>
      <trkpt lat="46.51052540168166" lon="22.69159027375281">
        <ele>1122.8</ele>
        <time>2025-05-08T10:26:11</time>
      </trkpt>
      <trkpt lat="46.51052389293909" lon="22.691585831344128">
        <ele>1123.4</ele>
        <time>2025-05-08T10:26:22</time>
      </trkpt>
      <trkpt lat="46.51052590459585" lon="22.69157761707902">
        <ele>1123.6</ele>
        <time>2025-05-08T10:26:34</time>
      </trkpt>
      <trkpt lat="46.510528000071645" lon="22.69157912582159">
        <ele>1123.6</ele>
        <time>2025-05-08T10:26:39</time>
      </trkpt>
      <trkpt lat="46.510530933737755" lon="22.69158298149705">
        <ele>1123.6</ele>
        <time>2025-05-08T10:26:46</time>
      </trkpt>
      <trkpt lat="46.5105284191668" lon="22.691591531038284">
        <ele>1123.6</ele>
        <time>2025-05-08T10:27:05</time>
      </trkpt>
      <trkpt lat="46.51053152047098" lon="22.691640062257648">
        <ele>1124.2</ele>
        <time>2025-05-08T10:27:21</time>
      </trkpt>
      <trkpt lat="46.51052632369101" lon="22.69164022989571">
        <ele>1124.4</ele>
        <time>2025-05-08T10:27:30</time>
      </trkpt>
      <trkpt lat="46.51052623987198" lon="22.691642744466662">
        <ele>1124.2</ele>
        <time>2025-05-08T10:27:38</time>
      </trkpt>
      <trkpt lat="46.51052816770971" lon="22.691636877134442">
        <ele>1124.8</ele>
        <time>2025-05-08T10:27:44</time>
      </trkpt>
      <trkpt lat="46.51052615605295" lon="22.691652635112405">
        <ele>1125.0</ele>
        <time>2025-05-08T10:27:54</time>
      </trkpt>
      <trkpt lat="46.510525569319725" lon="22.691652718931437">
        <ele>1125.2</ele>
        <time>2025-05-08T10:27:57</time>
      </trkpt>
      <trkpt lat="46.51052255183458" lon="22.69165540114045">
        <ele>1125.4</ele>
        <time>2025-05-08T10:28:04</time>
      </trkpt>
      <trkpt lat="46.51052255183458" lon="22.691649282351136">
        <ele>1126.2</ele>
        <time>2025-05-08T10:28:18</time>
      </trkpt>
      <trkpt lat="46.51052095927298" lon="22.69164559431374">
        <ele>1126.6</ele>
        <time>2025-05-08T10:28:26</time>
      </trkpt>
      <trkpt lat="46.51052003726363" lon="22.691641738638282">
        <ele>1127.2</ele>
        <time>2025-05-08T10:28:30</time>
      </trkpt>
      <trkpt lat="46.51052037253976" lon="22.691639307886362">
        <ele>1127.6</ele>
        <time>2025-05-08T10:28:37</time>
      </trkpt>
      <trkpt lat="46.51052330620587" lon="22.691639475524426">
        <ele>1128.2</ele>
        <time>2025-05-08T10:28:56</time>
      </trkpt>
      <trkpt lat="46.5105233900249" lon="22.691639978438616">
        <ele>1128.2</ele>
        <time>2025-05-08T10:28:57</time>
      </trkpt>
      <trkpt lat="46.5105268266052" lon="22.691639894619584">
        <ele>1128.4</ele>
        <time>2025-05-08T10:29:05</time>
      </trkpt>
      <trkpt lat="46.510534873232245" lon="22.691650623455644">
        <ele>1128.6</ele>
        <time>2025-05-08T10:29:16</time>
      </trkpt>
      <trkpt lat="46.51056194677949" lon="22.691664034500718">
        <ele>1129.0</ele>
        <time>2025-05-08T10:29:30</time>
      </trkpt>
      <trkpt lat="46.51057552546263" lon="22.69168121740222">
        <ele>1129.4</ele>
        <time>2025-05-08T10:29:41</time>
      </trkpt>
      <trkpt lat="46.51057720184326" lon="22.691663866862655">
        <ele>1129.0</ele>
        <time>2025-05-08T10:29:58</time>
      </trkpt>
      <trkpt lat="46.51057510636747" lon="22.691651629284024">
        <ele>1128.8</ele>
        <time>2025-05-08T10:30:12</time>
      </trkpt>
      <trkpt lat="46.51057477109134" lon="22.69165003672242">
        <ele>1128.6</ele>
        <time>2025-05-08T10:30:22</time>
      </trkpt>
      <trkpt lat="46.51057845912874" lon="22.69165297038853">
        <ele>1128.8</ele>
        <time>2025-05-08T10:30:30</time>
      </trkpt>
      <trkpt lat="46.510577369481325" lon="22.691656574606895">
        <ele>1129.0</ele>
        <time>2025-05-08T10:30:44</time>
      </trkpt>
      <trkpt lat="46.51057762093842" lon="22.691655065864325">
        <ele>1129.6</ele>
        <time>2025-05-08T10:30:57</time>
      </trkpt>
      <trkpt lat="46.51057468727231" lon="22.691656490787864">
        <ele>1130.0</ele>
        <time>2025-05-08T10:31:03</time>
      </trkpt>
      <trkpt lat="46.51053948327899" lon="22.691639810800552">
        <ele>1130.8</ele>
        <time>2025-05-08T10:31:17</time>
      </trkpt>
      <trkpt lat="46.51053160429001" lon="22.691639978438616">
        <ele>1131.0</ele>
        <time>2025-05-08T10:31:23</time>
      </trkpt>
      <trkpt lat="46.510529424995184" lon="22.691632183268666">
        <ele>1131.2</ele>
        <time>2025-05-08T10:31:33</time>
      </trkpt>
      <trkpt lat="46.51053017936647" lon="22.691631764173508">
        <ele>1131.4</ele>
        <time>2025-05-08T10:31:40</time>
      </trkpt>
      <trkpt lat="46.510527497157454" lon="22.69162455573678">
        <ele>1131.6</ele>
        <time>2025-05-08T10:31:46</time>
      </trkpt>
      <trkpt lat="46.51052791625261" lon="22.691622963175178">
        <ele>1131.8</ele>
        <time>2025-05-08T10:31:52</time>
      </trkpt>
      <trkpt lat="46.510527580976486" lon="22.691624807193875">
        <ele>1132.0</ele>
        <time>2025-05-08T10:31:58</time>
      </trkpt>
      <trkpt lat="46.51052808389068" lon="22.691621370613575">
        <ele>1132.2</ele>
        <time>2025-05-08T10:32:08</time>
      </trkpt>
      <trkpt lat="46.51052540168166" lon="22.691630171611905">
        <ele>1132.8</ele>
        <time>2025-05-08T10:32:19</time>
      </trkpt>
      <trkpt lat="46.5105252340436" lon="22.691631177440286">
        <ele>1132.8</ele>
        <time>2025-05-08T10:32:21</time>
      </trkpt>
      <trkpt lat="46.51052439585328" lon="22.691622376441956">
        <ele>1133.4</ele>
        <time>2025-05-08T10:32:33</time>
      </trkpt>
      <trkpt lat="46.51051173917949" lon="22.691615503281355">
        <ele>1133.8</ele>
        <time>2025-05-08T10:32:40</time>
      </trkpt>
      <trkpt lat="46.51051450520754" lon="22.69161290489137">
        <ele>1134.4</ele>
        <time>2025-05-08T10:32:49</time>
      </trkpt>
      <trkpt lat="46.51051551103592" lon="22.69160896539688">
        <ele>1134.8</ele>
        <time>2025-05-08T10:32:56</time>
      </trkpt>
      <trkpt lat="46.51051903143525" lon="22.691602762788534">
        <ele>1135.4</ele>
        <time>2025-05-08T10:33:03</time>
      </trkpt>
      <trkpt lat="46.510523138567805" lon="22.691608713939786">
        <ele>1135.8</ele>
        <time>2025-05-08T10:33:14</time>
      </trkpt>
      <trkpt lat="46.51052347384393" lon="22.691608797758818">
        <ele>1135.8</ele>
        <time>2025-05-08T10:33:15</time>
      </trkpt>
      <trkpt lat="46.51052196510136" lon="22.69159622490406">
        <ele>1136.0</ele>
        <time>2025-05-08T10:33:24</time>
      </trkpt>
      <trkpt lat="46.51051551103592" lon="22.69159178249538">
        <ele>1136.2</ele>
        <time>2025-05-08T10:33:34</time>
      </trkpt>
      <trkpt lat="46.51051349937916" lon="22.69158490933478">
        <ele>1136.4</ele>
        <time>2025-05-08T10:33:43</time>
      </trkpt>
      <trkpt lat="46.510521629825234" lon="22.69156982190907">
        <ele>1136.4</ele>
        <time>2025-05-08T10:33:56</time>
      </trkpt>
      <trkpt lat="46.51052238419652" lon="22.69156730733812">
        <ele>1136.2</ele>
        <time>2025-05-08T10:34:06</time>
      </trkpt>
      <trkpt lat="46.51051886379719" lon="22.69155364483595">
        <ele>1136.0</ele>
        <time>2025-05-08T10:34:16</time>
      </trkpt>
      <trkpt lat="46.51051794178784" lon="22.69154392182827">
        <ele>1135.8</ele>
        <time>2025-05-08T10:34:29</time>
      </trkpt>
      <trkpt lat="46.51052783243358" lon="22.69154534675181">
        <ele>1135.4</ele>
        <time>2025-05-08T10:34:39</time>
      </trkpt>
      <trkpt lat="46.510532945394516" lon="22.69154442474246">
        <ele>1135.0</ele>
        <time>2025-05-08T10:34:52</time>
      </trkpt>
      <trkpt lat="46.51053118519485" lon="22.691539311781526">
        <ele>1135.0</ele>
        <time>2025-05-08T10:35:02</time>
      </trkpt>
      <trkpt lat="46.51053101755679" lon="22.691539144143462">
        <ele>1134.8</ele>
        <time>2025-05-08T10:35:03</time>
      </trkpt>
      <trkpt lat="46.51052716188133" lon="22.69154191017151">
        <ele>1134.6</ele>
        <time>2025-05-08T10:35:11</time>
      </trkpt>
      <trkpt lat="46.510532861575484" lon="22.691533779725432">
        <ele>1134.4</ele>
        <time>2025-05-08T10:35:25</time>
      </trkpt>
      <trkpt lat="46.5105286706239" lon="22.691535875201225">
        <ele>1134.2</ele>
        <time>2025-05-08T10:35:33</time>
      </trkpt>
      <trkpt lat="46.510529005900025" lon="22.69153176806867">
        <ele>1134.0</ele>
        <time>2025-05-08T10:35:40</time>
      </trkpt>
      <trkpt lat="46.51052783243358" lon="22.691531600430608">
        <ele>1133.6</ele>
        <time>2025-05-08T10:35:44</time>
      </trkpt>
      <trkpt lat="46.51052431203425" lon="22.691529504954815">
        <ele>1133.4</ele>
        <time>2025-05-08T10:35:59</time>
      </trkpt>
      <trkpt lat="46.510523054748774" lon="22.69152489490807">
        <ele>1133.6</ele>
        <time>2025-05-08T10:36:11</time>
      </trkpt>
      <trkpt lat="46.510521210730076" lon="22.691522799432278">
        <ele>1133.2</ele>
        <time>2025-05-08T10:36:25</time>
      </trkpt>
      <trkpt lat="46.51051567867398" lon="22.691531097516418">
        <ele>1133.2</ele>
        <time>2025-05-08T10:36:36</time>
      </trkpt>
      <trkpt lat="46.51050738058984" lon="22.691536797210574">
        <ele>1133.2</ele>
        <time>2025-05-08T10:36:47</time>
      </trkpt>
      <trkpt lat="46.510507548227906" lon="22.691532019525766">
        <ele>1133.4</ele>
        <time>2025-05-08T10:36:58</time>
      </trkpt>
      <trkpt lat="46.51050578802824" lon="22.69153227098286">
        <ele>1133.6</ele>
        <time>2025-05-08T10:37:11</time>
      </trkpt>
      <trkpt lat="46.51050193235278" lon="22.69153470173478">
        <ele>1133.6</ele>
        <time>2025-05-08T10:37:21</time>
      </trkpt>
      <trkpt lat="46.51049975305796" lon="22.691538305953145">
        <ele>1133.6</ele>
        <time>2025-05-08T10:37:32</time>
      </trkpt>
      <trkpt lat="46.510499166324735" lon="22.69153847359121">
        <ele>1133.4</ele>
        <time>2025-05-08T10:37:44</time>
      </trkpt>
      <trkpt lat="46.51049355044961" lon="22.691542245447636">
        <ele>1133.4</ele>
        <time>2025-05-08T10:37:57</time>
      </trkpt>
      <trkpt lat="46.51048617437482" lon="22.69153998233378">
        <ele>1133.4</ele>
        <time>2025-05-08T10:38:05</time>
      </trkpt>
      <trkpt lat="46.51048441417515" lon="22.691539730876684">
        <ele>1133.4</ele>
        <time>2025-05-08T10:38:15</time>
      </trkpt>
      <trkpt lat="46.51048609055579" lon="22.691540652886033">
        <ele>1133.6</ele>
        <time>2025-05-08T10:38:35</time>
      </trkpt>
      <trkpt lat="46.51048441417515" lon="22.69153562374413">
        <ele>1133.6</ele>
        <time>2025-05-08T10:38:48</time>
      </trkpt>
      <trkpt lat="46.51048324070871" lon="22.691529588773847">
        <ele>1134.0</ele>
        <time>2025-05-08T10:39:00</time>
      </trkpt>
      <trkpt lat="46.51048315688968" lon="22.691524727270007">
        <ele>1134.6</ele>
        <time>2025-05-08T10:39:14</time>
      </trkpt>
      <trkpt lat="46.51047946885228" lon="22.69151953049004">
        <ele>1134.6</ele>
        <time>2025-05-08T10:39:25</time>
      </trkpt>
      <trkpt lat="46.51047385297716" lon="22.69154434092343">
        <ele>1135.2</ele>
        <time>2025-05-08T10:39:36</time>
      </trkpt>
      <trkpt lat="46.51047653518617" lon="22.69155230373144">
        <ele>1135.8</ele>
        <time>2025-05-08T10:39:47</time>
      </trkpt>
      <trkpt lat="46.51047728955746" lon="22.691550627350807">
        <ele>1136.2</ele>
        <time>2025-05-08T10:39:52</time>
      </trkpt>
      <trkpt lat="46.51047896593809" lon="22.691548615694046">
        <ele>1136.6</ele>
        <time>2025-05-08T10:39:59</time>
      </trkpt>
      <trkpt lat="46.510478714480996" lon="22.691549118608236">
        <ele>1137.2</ele>
        <time>2025-05-08T10:40:07</time>
      </trkpt>
      <trkpt lat="46.510476702824235" lon="22.69155607558787">
        <ele>1137.4</ele>
        <time>2025-05-08T10:40:15</time>
      </trkpt>
      <trkpt lat="46.51047787629068" lon="22.691559260711074">
        <ele>1137.4</ele>
        <time>2025-05-08T10:40:19</time>
      </trkpt>
      <trkpt lat="46.51047980412841" lon="22.691560266539454">
        <ele>1137.6</ele>
        <time>2025-05-08T10:40:29</time>
      </trkpt>
      <trkpt lat="46.51047879830003" lon="22.69156152382493">
        <ele>1138.2</ele>
        <time>2025-05-08T10:40:41</time>
      </trkpt>
      <trkpt lat="46.51047837920487" lon="22.691564289852977">
        <ele>1138.4</ele>
        <time>2025-05-08T10:40:46</time>
      </trkpt>
      <trkpt lat="46.51047536171973" lon="22.69156839698553">
        <ele>1138.4</ele>
        <time>2025-05-08T10:40:50</time>
      </trkpt>
      <trkpt lat="46.51047368533909" lon="22.69157476723194">
        <ele>1138.4</ele>
        <time>2025-05-08T10:41:03</time>
      </trkpt>
      <trkpt lat="46.51046622544527" lon="22.69158700481057">
        <ele>1138.4</ele>
        <time>2025-05-08T10:41:15</time>
      </trkpt>
      <trkpt lat="46.51045407168567" lon="22.69158541224897">
        <ele>1138.4</ele>
        <time>2025-05-08T10:41:26</time>
      </trkpt>
      <trkpt lat="46.510446947067976" lon="22.691593458876014">
        <ele>1138.6</ele>
        <time>2025-05-08T10:41:37</time>
      </trkpt>
      <trkpt lat="46.510449294000864" lon="22.691596979275346">
        <ele>1138.4</ele>
        <time>2025-05-08T10:41:47</time>
      </trkpt>
      <trkpt lat="46.51044954545796" lon="22.691590525209904">
        <ele>1138.2</ele>
        <time>2025-05-08T10:42:01</time>
      </trkpt>
      <trkpt lat="46.51045105420053" lon="22.69158541224897">
        <ele>1138.0</ele>
        <time>2025-05-08T10:42:14</time>
      </trkpt>
      <trkpt lat="46.510452227666974" lon="22.691587256267667">
        <ele>1137.8</ele>
        <time>2025-05-08T10:42:25</time>
      </trkpt>
      <trkpt lat="46.51045206002891" lon="22.69158298149705">
        <ele>1137.8</ele>
        <time>2025-05-08T10:42:31</time>
      </trkpt>
      <trkpt lat="46.5104509703815" lon="22.691581221297383">
        <ele>1137.8</ele>
        <time>2025-05-08T10:42:36</time>
      </trkpt>
      <trkpt lat="46.51045147329569" lon="22.691580969840288">
        <ele>1137.8</ele>
        <time>2025-05-08T10:42:44</time>
      </trkpt>
      <trkpt lat="46.510451808571815" lon="22.691580299288034">
        <ele>1137.8</ele>
        <time>2025-05-08T10:42:53</time>
      </trkpt>
      <trkpt lat="46.51045348495245" lon="22.691589603200555">
        <ele>1138.0</ele>
        <time>2025-05-08T10:43:03</time>
      </trkpt>
      <trkpt lat="46.5104559995234" lon="22.69159136340022">
        <ele>1138.0</ele>
        <time>2025-05-08T10:43:11</time>
      </trkpt>
      <trkpt lat="46.510456670075655" lon="22.691590189933777">
        <ele>1137.4</ele>
        <time>2025-05-08T10:43:22</time>
      </trkpt>
      <trkpt lat="46.51045985519886" lon="22.691601673141122">
        <ele>1137.0</ele>
        <time>2025-05-08T10:43:30</time>
      </trkpt>
      <trkpt lat="46.51047075167298" lon="22.691634111106396">
        <ele>1136.8</ele>
        <time>2025-05-08T10:43:39</time>
      </trkpt>
      <trkpt lat="46.510478211566806" lon="22.69164609722793">
        <ele>1136.2</ele>
        <time>2025-05-08T10:43:49</time>
      </trkpt>
      <trkpt lat="46.51047988794744" lon="22.6916372962296">
        <ele>1135.8</ele>
        <time>2025-05-08T10:43:59</time>
      </trkpt>
      <trkpt lat="46.51048441417515" lon="22.69162598066032">
        <ele>1135.8</ele>
        <time>2025-05-08T10:44:04</time>
      </trkpt>
      <trkpt lat="46.51048441417515" lon="22.69162447191775">
        <ele>1135.2</ele>
        <time>2025-05-08T10:44:16</time>
      </trkpt>
      <trkpt lat="46.51048223488033" lon="22.691625896841288">
        <ele>1135.0</ele>
        <time>2025-05-08T10:44:23</time>
      </trkpt>
      <trkpt lat="46.510482067242265" lon="22.691625729203224">
        <ele>1135.0</ele>
        <time>2025-05-08T10:44:24</time>
      </trkpt>
      <trkpt lat="46.51048667728901" lon="22.691619778051972">
        <ele>1134.4</ele>
        <time>2025-05-08T10:44:37</time>
      </trkpt>
      <trkpt lat="46.51048265397549" lon="22.69162740558386">
        <ele>1134.0</ele>
        <time>2025-05-08T10:44:49</time>
      </trkpt>
      <trkpt lat="46.510479636490345" lon="22.691635536029935">
        <ele>1134.0</ele>
        <time>2025-05-08T10:44:55</time>
      </trkpt>
      <trkpt lat="46.51047779247165" lon="22.691635452210903">
        <ele>1133.8</ele>
        <time>2025-05-08T10:44:59</time>
      </trkpt>
      <trkpt lat="46.510478630661964" lon="22.69163478165865">
        <ele>1133.6</ele>
        <time>2025-05-08T10:45:09</time>
      </trkpt>
      <trkpt lat="46.510479217395186" lon="22.691633105278015">
        <ele>1133.4</ele>
        <time>2025-05-08T10:45:18</time>
      </trkpt>
      <trkpt lat="46.510475277900696" lon="22.6916338596493">
        <ele>1133.2</ele>
        <time>2025-05-08T10:45:27</time>
      </trkpt>
      <trkpt lat="46.510474272072315" lon="22.691630674526095">
        <ele>1132.8</ele>
        <time>2025-05-08T10:45:33</time>
      </trkpt>
      <trkpt lat="46.51047309860587" lon="22.69162799231708">
        <ele>1132.4</ele>
        <time>2025-05-08T10:45:39</time>
      </trkpt>
      <trkpt lat="46.51047259569168" lon="22.691622460260987">
        <ele>1132.2</ele>
        <time>2025-05-08T10:45:48</time>
      </trkpt>
      <trkpt lat="46.5104699973017" lon="22.691619945690036">
        <ele>1131.8</ele>
        <time>2025-05-08T10:46:00</time>
      </trkpt>
      <trkpt lat="46.510467398911715" lon="22.691628579050303">
        <ele>1131.8</ele>
        <time>2025-05-08T10:46:08</time>
      </trkpt>
      <trkpt lat="46.51046530343592" lon="22.69162891432643">
        <ele>1131.8</ele>
        <time>2025-05-08T10:46:22</time>
      </trkpt>
      <trkpt lat="46.51046337559819" lon="22.691628243774176">
        <ele>1132.0</ele>
        <time>2025-05-08T10:46:34</time>
      </trkpt>
      <trkpt lat="46.510463543236256" lon="22.691628746688366">
        <ele>1132.2</ele>
        <time>2025-05-08T10:46:45</time>
      </trkpt>
      <trkpt lat="46.51046513579786" lon="22.691625310108066">
        <ele>1133.0</ele>
        <time>2025-05-08T10:46:58</time>
      </trkpt>
      <trkpt lat="46.51046337559819" lon="22.691633608192205">
        <ele>1133.6</ele>
        <time>2025-05-08T10:47:06</time>
      </trkpt>
      <trkpt lat="46.51046094484627" lon="22.69163377583027">
        <ele>1134.2</ele>
        <time>2025-05-08T10:47:11</time>
      </trkpt>
      <trkpt lat="46.51046144776046" lon="22.691634194925427">
        <ele>1134.6</ele>
        <time>2025-05-08T10:47:17</time>
      </trkpt>
      <trkpt lat="46.510463962331414" lon="22.69163277000189">
        <ele>1135.2</ele>
        <time>2025-05-08T10:47:24</time>
      </trkpt>
      <trkpt lat="46.51046672835946" lon="22.69163587130606">
        <ele>1135.8</ele>
        <time>2025-05-08T10:47:32</time>
      </trkpt>
      <trkpt lat="46.51046572253108" lon="22.691637966781855">
        <ele>1136.0</ele>
        <time>2025-05-08T10:47:34</time>
      </trkpt>
      <trkpt lat="46.510463459417224" lon="22.691636625677347">
        <ele>1136.8</ele>
        <time>2025-05-08T10:47:45</time>
      </trkpt>
      <trkpt lat="46.51046270504594" lon="22.691636625677347">
        <ele>1137.0</ele>
        <time>2025-05-08T10:47:47</time>
      </trkpt>
      <trkpt lat="46.51046169921756" lon="22.6916372962296">
        <ele>1137.6</ele>
        <time>2025-05-08T10:47:59</time>
      </trkpt>
      <trkpt lat="46.510463040322065" lon="22.69162413664162">
        <ele>1137.8</ele>
        <time>2025-05-08T10:48:08</time>
      </trkpt>
      <trkpt lat="46.510464046150446" lon="22.691626315936446">
        <ele>1137.8</ele>
        <time>2025-05-08T10:48:20</time>
      </trkpt>
      <trkpt lat="46.510467398911715" lon="22.691627740859985">
        <ele>1137.8</ele>
        <time>2025-05-08T10:48:30</time>
      </trkpt>
      <trkpt lat="46.51046605780721" lon="22.69163277000189">
        <ele>1137.8</ele>
        <time>2025-05-08T10:48:39</time>
      </trkpt>
      <trkpt lat="46.51046329177916" lon="22.69163277000189">
        <ele>1137.6</ele>
        <time>2025-05-08T10:48:48</time>
      </trkpt>
      <trkpt lat="46.510461615398526" lon="22.691639559343457">
        <ele>1137.4</ele>
        <time>2025-05-08T10:48:58</time>
      </trkpt>
      <trkpt lat="46.51046178303659" lon="22.691639475524426">
        <ele>1137.4</ele>
        <time>2025-05-08T10:49:09</time>
      </trkpt>
      <trkpt lat="46.51046278886497" lon="22.691638050600886">
        <ele>1137.2</ele>
        <time>2025-05-08T10:49:21</time>
      </trkpt>
      <trkpt lat="46.51045876555145" lon="22.69163427874446">
        <ele>1136.8</ele>
        <time>2025-05-08T10:49:34</time>
      </trkpt>
      <trkpt lat="46.510454742237926" lon="22.69164014607668">
        <ele>1136.6</ele>
        <time>2025-05-08T10:49:46</time>
      </trkpt>
      <trkpt lat="46.510453233495355" lon="22.691641822457314">
        <ele>1136.4</ele>
        <time>2025-05-08T10:49:57</time>
      </trkpt>
      <trkpt lat="46.51045348495245" lon="22.691640565171838">
        <ele>1136.2</ele>
        <time>2025-05-08T10:50:02</time>
      </trkpt>
      <trkpt lat="46.5104541555047" lon="22.69163964316249">
        <ele>1136.2</ele>
        <time>2025-05-08T10:50:06</time>
      </trkpt>
      <trkpt lat="46.510456167161465" lon="22.691634530201554">
        <ele>1135.6</ele>
        <time>2025-05-08T10:50:23</time>
      </trkpt>
      <trkpt lat="46.51045700535178" lon="22.691636458039284">
        <ele>1135.4</ele>
        <time>2025-05-08T10:50:30</time>
      </trkpt>
      <trkpt lat="46.51045700535178" lon="22.691632267087698">
        <ele>1135.2</ele>
        <time>2025-05-08T10:50:33</time>
      </trkpt>
      <trkpt lat="46.51045876555145" lon="22.69163134507835">
        <ele>1134.8</ele>
        <time>2025-05-08T10:50:41</time>
      </trkpt>
      <trkpt lat="46.51046186685562" lon="22.691628159955144">
        <ele>1134.2</ele>
        <time>2025-05-08T10:50:53</time>
      </trkpt>
      <trkpt lat="46.51046236976981" lon="22.691627824679017">
        <ele>1134.0</ele>
        <time>2025-05-08T10:50:56</time>
      </trkpt>
      <trkpt lat="46.510465471073985" lon="22.691625645384192">
        <ele>1133.2</ele>
        <time>2025-05-08T10:51:23</time>
      </trkpt>
      <trkpt lat="46.51046555489302" lon="22.69162547774613">
        <ele>1133.2</ele>
        <time>2025-05-08T10:51:24</time>
      </trkpt>
      <trkpt lat="46.510466895997524" lon="22.691625393927097">
        <ele>1132.4</ele>
        <time>2025-05-08T10:51:57</time>
      </trkpt>
      <trkpt lat="46.510467482730746" lon="22.691608713939786">
        <ele>1132.2</ele>
        <time>2025-05-08T10:52:11</time>
      </trkpt>
      <trkpt lat="46.51046614162624" lon="22.691605193540454">
        <ele>1132.2</ele>
        <time>2025-05-08T10:52:24</time>
      </trkpt>
      <trkpt lat="46.510461028665304" lon="22.69158884882927">
        <ele>1132.4</ele>
        <time>2025-05-08T10:52:37</time>
      </trkpt>
      <trkpt lat="46.51046069338918" lon="22.691595051437616">
        <ele>1132.4</ele>
        <time>2025-05-08T10:52:46</time>
      </trkpt>
      <trkpt lat="46.51045775972307" lon="22.691593542695045">
        <ele>1132.4</ele>
        <time>2025-05-08T10:52:54</time>
      </trkpt>
      <trkpt lat="46.51046337559819" lon="22.691584741696715">
        <ele>1132.6</ele>
        <time>2025-05-08T10:53:03</time>
      </trkpt>
      <trkpt lat="46.51046387851238" lon="22.691585328429937">
        <ele>1132.8</ele>
        <time>2025-05-08T10:53:11</time>
      </trkpt>
      <trkpt lat="46.510462872684" lon="22.691582394763827">
        <ele>1133.2</ele>
        <time>2025-05-08T10:53:41</time>
      </trkpt>
      <trkpt lat="46.510459603741765" lon="22.691583652049303">
        <ele>1133.0</ele>
        <time>2025-05-08T10:54:01</time>
      </trkpt>
      <trkpt lat="46.51045340113342" lon="22.69158298149705">
        <ele>1132.8</ele>
        <time>2025-05-08T10:54:11</time>
      </trkpt>
      <trkpt lat="46.510454239323735" lon="22.691590189933777">
        <ele>1132.8</ele>
        <time>2025-05-08T10:54:23</time>
      </trkpt>
      <trkpt lat="46.51045775972307" lon="22.69158063456416">
        <ele>1132.8</ele>
        <time>2025-05-08T10:54:41</time>
      </trkpt>
      <trkpt lat="46.51045851409435" lon="22.69157032482326">
        <ele>1132.8</ele>
        <time>2025-05-08T10:54:57</time>
      </trkpt>
      <trkpt lat="46.51045683771372" lon="22.691572923213243">
        <ele>1132.6</ele>
        <time>2025-05-08T10:55:06</time>
      </trkpt>
      <trkpt lat="46.51045482605696" lon="22.69156839698553">
        <ele>1132.6</ele>
        <time>2025-05-08T10:55:18</time>
      </trkpt>
      <trkpt lat="46.51045164093375" lon="22.691553980112076">
        <ele>1132.6</ele>
        <time>2025-05-08T10:55:34</time>
      </trkpt>
      <trkpt lat="46.51045407168567" lon="22.691536797210574">
        <ele>1132.6</ele>
        <time>2025-05-08T10:55:48</time>
      </trkpt>
      <trkpt lat="46.510457089170814" lon="22.69152975641191">
        <ele>1132.4</ele>
        <time>2025-05-08T10:56:00</time>
      </trkpt>
      <trkpt lat="46.51045608334243" lon="22.6915112324059">
        <ele>1132.4</ele>
        <time>2025-05-08T10:56:13</time>
      </trkpt>
      <trkpt lat="46.51045490987599" lon="22.69150922074914">
        <ele>1132.2</ele>
        <time>2025-05-08T10:56:21</time>
      </trkpt>
      <trkpt lat="46.5104491263628" lon="22.69151844084263">
        <ele>1132.0</ele>
        <time>2025-05-08T10:56:32</time>
      </trkpt>
      <trkpt lat="46.51044619269669" lon="22.691517351195216">
        <ele>1131.8</ele>
        <time>2025-05-08T10:56:40</time>
      </trkpt>
      <trkpt lat="46.510445941239595" lon="22.691528582945466">
        <ele>1131.6</ele>
        <time>2025-05-08T10:56:51</time>
      </trkpt>
      <trkpt lat="46.510446863248944" lon="22.69153662957251">
        <ele>1131.0</ele>
        <time>2025-05-08T10:57:06</time>
      </trkpt>
      <trkpt lat="46.51044677942991" lon="22.691548196598887">
        <ele>1131.0</ele>
        <time>2025-05-08T10:57:18</time>
      </trkpt>
      <trkpt lat="46.51044971309602" lon="22.691538808867335">
        <ele>1131.6</ele>
        <time>2025-05-08T10:57:34</time>
      </trkpt>
      <trkpt lat="46.51045004837215" lon="22.691540317609906">
        <ele>1132.8</ele>
        <time>2025-05-08T10:57:51</time>
      </trkpt>
      <trkpt lat="46.51045004837215" lon="22.691540569067">
        <ele>1133.0</ele>
        <time>2025-05-08T10:57:52</time>
      </trkpt>
      <trkpt lat="46.510448371991515" lon="22.691531348973513">
        <ele>1134.0</ele>
        <time>2025-05-08T10:58:07</time>
      </trkpt>
      <trkpt lat="46.51044845581055" lon="22.691530929878354">
        <ele>1134.0</ele>
        <time>2025-05-08T10:58:08</time>
      </trkpt>
      <trkpt lat="46.510452311486006" lon="22.691533863544464">
        <ele>1135.0</ele>
        <time>2025-05-08T10:58:21</time>
      </trkpt>
      <trkpt lat="46.51045750826597" lon="22.691538641229272">
        <ele>1135.2</ele>
        <time>2025-05-08T10:58:25</time>
      </trkpt>
      <trkpt lat="46.51045993901789" lon="22.691542077809572">
        <ele>1135.6</ele>
        <time>2025-05-08T10:58:36</time>
      </trkpt>
      <trkpt lat="46.5104594361037" lon="22.691541155800223">
        <ele>1135.8</ele>
        <time>2025-05-08T10:58:48</time>
      </trkpt>
      <trkpt lat="46.51045725680888" lon="22.691541155800223">
        <ele>1136.2</ele>
        <time>2025-05-08T10:58:58</time>
      </trkpt>
      <trkpt lat="46.510457089170814" lon="22.69154098816216">
        <ele>1136.2</ele>
        <time>2025-05-08T10:58:59</time>
      </trkpt>
      <trkpt lat="46.51045876555145" lon="22.691547526046634">
        <ele>1136.6</ele>
        <time>2025-05-08T10:59:08</time>
      </trkpt>
      <trkpt lat="46.51045775972307" lon="22.69155515357852">
        <ele>1136.8</ele>
        <time>2025-05-08T10:59:19</time>
      </trkpt>
      <trkpt lat="46.51045801118016" lon="22.6915527228266">
        <ele>1137.2</ele>
        <time>2025-05-08T10:59:30</time>
      </trkpt>
      <trkpt lat="46.510458178818226" lon="22.691552471369505">
        <ele>1137.2</ele>
        <time>2025-05-08T10:59:33</time>
      </trkpt>
      <trkpt lat="46.510458178818226" lon="22.691561607643962">
        <ele>1137.4</ele>
        <time>2025-05-08T10:59:40</time>
      </trkpt>
      <trkpt lat="46.510463459417224" lon="22.691562864929438">
        <ele>1137.8</ele>
        <time>2025-05-08T10:59:55</time>
      </trkpt>
      <trkpt lat="46.51045935228467" lon="22.691568229347467">
        <ele>1138.2</ele>
        <time>2025-05-08T11:00:07</time>
      </trkpt>
      <trkpt lat="46.510458094999194" lon="22.691571917384863">
        <ele>1138.2</ele>
        <time>2025-05-08T11:00:08</time>
      </trkpt>
      <trkpt lat="46.510431272909045" lon="22.691577449440956">
        <ele>1138.2</ele>
        <time>2025-05-08T11:00:21</time>
      </trkpt>
      <trkpt lat="46.51043135672808" lon="22.691572504118085">
        <ele>1138.4</ele>
        <time>2025-05-08T11:00:32</time>
      </trkpt>
      <trkpt lat="46.510430350899696" lon="22.69157183356583">
        <ele>1138.4</ele>
        <time>2025-05-08T11:00:40</time>
      </trkpt>
      <trkpt lat="46.51043185964227" lon="22.691572168841958">
        <ele>1138.4</ele>
        <time>2025-05-08T11:00:51</time>
      </trkpt>
      <trkpt lat="46.51042859070003" lon="22.69157317467034">
        <ele>1138.6</ele>
        <time>2025-05-08T11:01:01</time>
      </trkpt>
      <trkpt lat="46.51042213663459" lon="22.691571163013577">
        <ele>1138.8</ele>
        <time>2025-05-08T11:01:11</time>
      </trkpt>
      <trkpt lat="46.510412245988846" lon="22.69155565649271">
        <ele>1139.6</ele>
        <time>2025-05-08T11:01:31</time>
      </trkpt>
      <trkpt lat="46.510411743074656" lon="22.691557919606566">
        <ele>1139.6</ele>
        <time>2025-05-08T11:01:34</time>
      </trkpt>
      <trkpt lat="46.51040914468467" lon="22.69156202673912">
        <ele>1140.2</ele>
        <time>2025-05-08T11:01:40</time>
      </trkpt>
      <trkpt lat="46.51041098870337" lon="22.691565295681357">
        <ele>1140.6</ele>
        <time>2025-05-08T11:01:49</time>
      </trkpt>
      <trkpt lat="46.510413251817226" lon="22.691569989547133">
        <ele>1140.6</ele>
        <time>2025-05-08T11:01:52</time>
      </trkpt>
      <trkpt lat="46.510416604578495" lon="22.69157954491675">
        <ele>1141.6</ele>
        <time>2025-05-08T11:02:08</time>
      </trkpt>
      <trkpt lat="46.510415682569146" lon="22.691578706726432">
        <ele>1142.0</ele>
        <time>2025-05-08T11:02:13</time>
      </trkpt>
      <trkpt lat="46.510420041158795" lon="22.691574012860656">
        <ele>1142.8</ele>
        <time>2025-05-08T11:02:23</time>
      </trkpt>
      <trkpt lat="46.51041962206364" lon="22.69157610833645">
        <ele>1143.6</ele>
        <time>2025-05-08T11:02:34</time>
      </trkpt>
      <trkpt lat="46.51041945442557" lon="22.691578706726432">
        <ele>1144.0</ele>
        <time>2025-05-08T11:02:39</time>
      </trkpt>
      <trkpt lat="46.510420041158795" lon="22.69157962873578">
        <ele>1144.6</ele>
        <time>2025-05-08T11:02:47</time>
      </trkpt>
      <trkpt lat="46.510419035330415" lon="22.691574515774846">
        <ele>1145.2</ele>
        <time>2025-05-08T11:02:58</time>
      </trkpt>
      <trkpt lat="46.510420544072986" lon="22.691566217690706">
        <ele>1146.0</ele>
        <time>2025-05-08T11:03:09</time>
      </trkpt>
      <trkpt lat="46.5104213822633" lon="22.691558925434947">
        <ele>1146.2</ele>
        <time>2025-05-08T11:03:15</time>
      </trkpt>
      <trkpt lat="46.51042314246297" lon="22.691551884636283">
        <ele>1147.0</ele>
        <time>2025-05-08T11:03:26</time>
      </trkpt>
      <trkpt lat="46.51042272336781" lon="22.691551046445966">
        <ele>1147.4</ele>
        <time>2025-05-08T11:03:33</time>
      </trkpt>
      <trkpt lat="46.510423393920064" lon="22.691543335095048">
        <ele>1147.8</ele>
        <time>2025-05-08T11:03:37</time>
      </trkpt>
      <trkpt lat="46.51042087934911" lon="22.691548448055983">
        <ele>1148.8</ele>
        <time>2025-05-08T11:03:45</time>
      </trkpt>
      <trkpt lat="46.51041870005429" lon="22.69154635258019">
        <ele>1149.8</ele>
        <time>2025-05-08T11:03:58</time>
      </trkpt>
      <trkpt lat="46.510418616235256" lon="22.691546101123095">
        <ele>1150.0</ele>
        <time>2025-05-08T11:03:59</time>
      </trkpt>
      <trkpt lat="46.510417023673654" lon="22.691540401428938">
        <ele>1150.8</ele>
        <time>2025-05-08T11:04:08</time>
      </trkpt>
      <trkpt lat="46.510417107492685" lon="22.691541239619255">
        <ele>1151.0</ele>
        <time>2025-05-08T11:04:12</time>
      </trkpt>
      <trkpt lat="46.5104181971401" lon="22.691542329266667">
        <ele>1151.8</ele>
        <time>2025-05-08T11:04:34</time>
      </trkpt>
      <trkpt lat="46.51041945442557" lon="22.69152967259288">
        <ele>1151.8</ele>
        <time>2025-05-08T11:04:45</time>
      </trkpt>
      <trkpt lat="46.510420041158795" lon="22.69153361208737">
        <ele>1152.4</ele>
        <time>2025-05-08T11:04:56</time>
      </trkpt>
      <trkpt lat="46.51041484437883" lon="22.69152782857418">
        <ele>1152.2</ele>
        <time>2025-05-08T11:05:18</time>
      </trkpt>
      <trkpt lat="46.510420544072986" lon="22.691518273204565">
        <ele>1152.0</ele>
        <time>2025-05-08T11:05:33</time>
      </trkpt>
      <trkpt lat="46.51042314246297" lon="22.691515423357487">
        <ele>1151.4</ele>
        <time>2025-05-08T11:05:44</time>
      </trkpt>
      <trkpt lat="46.5104353800416" lon="22.69149254076183">
        <ele>1151.2</ele>
        <time>2025-05-08T11:05:57</time>
      </trkpt>
      <trkpt lat="46.51044552214444" lon="22.691462449729443">
        <ele>1151.2</ele>
        <time>2025-05-08T11:06:05</time>
      </trkpt>
      <trkpt lat="46.51044602505863" lon="22.69143646582961">
        <ele>1151.2</ele>
        <time>2025-05-08T11:06:09</time>
      </trkpt>
      <trkpt lat="46.5104422532022" lon="22.691401513293386">
        <ele>1150.6</ele>
        <time>2025-05-08T11:06:18</time>
      </trkpt>
      <trkpt lat="46.51044501923025" lon="22.691344767808914">
        <ele>1150.2</ele>
        <time>2025-05-08T11:06:31</time>
      </trkpt>
      <trkpt lat="46.51044527068734" lon="22.69134057685733">
        <ele>1150.2</ele>
        <time>2025-05-08T11:06:32</time>
      </trkpt>
      <trkpt lat="46.51044518686831" lon="22.691332446411252">
        <ele>1150.0</ele>
        <time>2025-05-08T11:06:41</time>
      </trkpt>
      <trkpt lat="46.51044761762023" lon="22.69132792018354">
        <ele>1149.4</ele>
        <time>2025-05-08T11:06:50</time>
      </trkpt>
      <trkpt lat="46.510448874905705" lon="22.691328087821603">
        <ele>1149.4</ele>
        <time>2025-05-08T11:06:54</time>
      </trkpt>
      <trkpt lat="46.510451724752784" lon="22.691325321793556">
        <ele>1149.0</ele>
        <time>2025-05-08T11:07:07</time>
      </trkpt>
      <trkpt lat="46.510453317314386" lon="22.691325321793556">
        <ele>1148.6</ele>
        <time>2025-05-08T11:07:20</time>
      </trkpt>
      <trkpt lat="46.510452311486006" lon="22.691321214661002">
        <ele>1148.6</ele>
        <time>2025-05-08T11:07:25</time>
      </trkpt>
      <trkpt lat="46.51045189239085" lon="22.691304702311754">
        <ele>1148.2</ele>
        <time>2025-05-08T11:07:33</time>
      </trkpt>
      <trkpt lat="46.51045004837215" lon="22.6913040317595">
        <ele>1147.8</ele>
        <time>2025-05-08T11:07:44</time>
      </trkpt>
      <trkpt lat="46.5104491263628" lon="22.69129623658955">
        <ele>1147.6</ele>
        <time>2025-05-08T11:07:53</time>
      </trkpt>
      <trkpt lat="46.51044962927699" lon="22.69129129126668">
        <ele>1147.0</ele>
        <time>2025-05-08T11:08:03</time>
      </trkpt>
      <trkpt lat="46.510456670075655" lon="22.691296907141805">
        <ele>1146.8</ele>
        <time>2025-05-08T11:08:09</time>
      </trkpt>
      <trkpt lat="46.51045801118016" lon="22.69129766151309">
        <ele>1146.6</ele>
        <time>2025-05-08T11:08:13</time>
      </trkpt>
      <trkpt lat="46.51046220213175" lon="22.691281400620937">
        <ele>1146.6</ele>
        <time>2025-05-08T11:08:22</time>
      </trkpt>
      <trkpt lat="46.51046211831272" lon="22.69127754494548">
        <ele>1146.0</ele>
        <time>2025-05-08T11:08:30</time>
      </trkpt>
      <trkpt lat="46.51046136394143" lon="22.691273856908083">
        <ele>1145.8</ele>
        <time>2025-05-08T11:08:32</time>
      </trkpt>
      <trkpt lat="46.51045901700854" lon="22.69126195460558">
        <ele>1145.2</ele>
        <time>2025-05-08T11:08:44</time>
      </trkpt>
      <trkpt lat="46.51045843027532" lon="22.69126195460558">
        <ele>1145.0</ele>
        <time>2025-05-08T11:08:45</time>
      </trkpt>
      <trkpt lat="46.51046027429402" lon="22.691259859129786">
        <ele>1144.6</ele>
        <time>2025-05-08T11:08:55</time>
      </trkpt>
      <trkpt lat="46.51045792736113" lon="22.691258937120438">
        <ele>1144.2</ele>
        <time>2025-05-08T11:09:05</time>
      </trkpt>
      <trkpt lat="46.51045692153275" lon="22.691257763653994">
        <ele>1144.0</ele>
        <time>2025-05-08T11:09:08</time>
      </trkpt>
      <trkpt lat="46.51045164093375" lon="22.69123747944832">
        <ele>1143.6</ele>
        <time>2025-05-08T11:09:17</time>
      </trkpt>
      <trkpt lat="46.51044895872474" lon="22.691246699541807">
        <ele>1143.6</ele>
        <time>2025-05-08T11:09:28</time>
      </trkpt>
      <trkpt lat="46.51044183410704" lon="22.69124686717987">
        <ele>1143.6</ele>
        <time>2025-05-08T11:09:40</time>
      </trkpt>
      <trkpt lat="46.510438146069646" lon="22.691241335123777">
        <ele>1143.2</ele>
        <time>2025-05-08T11:09:50</time>
      </trkpt>
      <trkpt lat="46.51043496094644" lon="22.691232953220606">
        <ele>1143.2</ele>
        <time>2025-05-08T11:09:53</time>
      </trkpt>
      <trkpt lat="46.510427333414555" lon="22.691221218556166">
        <ele>1143.2</ele>
        <time>2025-05-08T11:09:59</time>
      </trkpt>
      <trkpt lat="46.510426914319396" lon="22.69121845252812">
        <ele>1143.2</ele>
        <time>2025-05-08T11:10:08</time>
      </trkpt>
      <trkpt lat="46.5104300994426" lon="22.691214848309755">
        <ele>1143.0</ele>
        <time>2025-05-08T11:10:22</time>
      </trkpt>
      <trkpt lat="46.51042255572975" lon="22.691219793632627">
        <ele>1142.8</ele>
        <time>2025-05-08T11:10:34</time>
      </trkpt>
      <trkpt lat="46.510419957339764" lon="22.691222559660673">
        <ele>1143.0</ele>
        <time>2025-05-08T11:10:48</time>
      </trkpt>
      <trkpt lat="46.510424483567476" lon="22.691223565489054">
        <ele>1143.0</ele>
        <time>2025-05-08T11:10:57</time>
      </trkpt>
      <trkpt lat="46.510428506881" lon="22.691229097545147">
        <ele>1143.0</ele>
        <time>2025-05-08T11:11:06</time>
      </trkpt>
      <trkpt lat="46.510428506881" lon="22.69122834317386">
        <ele>1142.8</ele>
        <time>2025-05-08T11:11:15</time>
      </trkpt>
      <trkpt lat="46.510428506881" lon="22.69122867844999">
        <ele>1142.6</ele>
        <time>2025-05-08T11:11:22</time>
      </trkpt>
      <trkpt lat="46.510426914319396" lon="22.691228594630957">
        <ele>1142.6</ele>
        <time>2025-05-08T11:11:24</time>
      </trkpt>
      <trkpt lat="46.51042121462524" lon="22.691228091716766">
        <ele>1142.6</ele>
        <time>2025-05-08T11:11:34</time>
      </trkpt>
      <trkpt lat="46.51042557321489" lon="22.691255416721106">
        <ele>1142.4</ele>
        <time>2025-05-08T11:11:43</time>
      </trkpt>
      <trkpt lat="46.51042792014778" lon="22.691265726462007">
        <ele>1142.4</ele>
        <time>2025-05-08T11:11:52</time>
      </trkpt>
      <trkpt lat="46.51043102145195" lon="22.69126790575683">
        <ele>1142.0</ele>
        <time>2025-05-08T11:12:01</time>
      </trkpt>
      <trkpt lat="46.510432278737426" lon="22.691269582137465">
        <ele>1142.0</ele>
        <time>2025-05-08T11:12:04</time>
      </trkpt>
      <trkpt lat="46.510437056422234" lon="22.691268995404243">
        <ele>1141.6</ele>
        <time>2025-05-08T11:12:12</time>
      </trkpt>
      <trkpt lat="46.51044141501188" lon="22.691264217719436">
        <ele>1141.2</ele>
        <time>2025-05-08T11:12:23</time>
      </trkpt>
      <trkpt lat="46.5104372240603" lon="22.691278802230954">
        <ele>1141.0</ele>
        <time>2025-05-08T11:12:30</time>
      </trkpt>
      <trkpt lat="46.5104335360229" lon="22.691297745332122">
        <ele>1141.0</ele>
        <time>2025-05-08T11:12:32</time>
      </trkpt>
      <trkpt lat="46.51041434146464" lon="22.691368823871017">
        <ele>1140.4</ele>
        <time>2025-05-08T11:12:39</time>
      </trkpt>
      <trkpt lat="46.510380394756794" lon="22.69154098816216">
        <ele>1140.2</ele>
        <time>2025-05-08T11:12:47</time>
      </trkpt>
      <trkpt lat="46.51028643362224" lon="22.69176084548235">
        <ele>1140.2</ele>
        <time>2025-05-08T11:12:52</time>
      </trkpt>
      <trkpt lat="46.51006355881691" lon="22.69217222929001">
        <ele>1140.4</ele>
        <time>2025-05-08T11:12:59</time>
      </trkpt>
      <trkpt lat="46.50981402955949" lon="22.692518066614866">
        <ele>1141.2</ele>
        <time>2025-05-08T11:13:05</time>
      </trkpt>
      <trkpt lat="46.50971269235015" lon="22.69259341992438">
        <ele>1141.6</ele>
        <time>2025-05-08T11:13:07</time>
      </trkpt>
      <trkpt lat="46.50955921970308" lon="22.692703641951084">
        <ele>1142.0</ele>
        <time>2025-05-08T11:13:10</time>
      </trkpt>
      <trkpt lat="46.50924062356353" lon="22.69293456338346">
        <ele>1143.0</ele>
        <time>2025-05-08T11:13:16</time>
      </trkpt>
      <trkpt lat="46.509188236668706" lon="22.692972030490637">
        <ele>1143.2</ele>
        <time>2025-05-08T11:13:17</time>
      </trkpt>
      <trkpt lat="46.509095365181565" lon="22.693037828430533">
        <ele>1143.8</ele>
        <time>2025-05-08T11:13:19</time>
      </trkpt>
      <trkpt lat="46.508957566693425" lon="22.69316816702485">
        <ele>1144.4</ele>
        <time>2025-05-08T11:13:22</time>
      </trkpt>
      <trkpt lat="46.508912639692426" lon="22.69322474487126">
        <ele>1144.4</ele>
        <time>2025-05-08T11:13:23</time>
      </trkpt>
      <trkpt lat="46.50878288783133" lon="22.693411661311984">
        <ele>1145.2</ele>
        <time>2025-05-08T11:13:26</time>
      </trkpt>
      <trkpt lat="46.50874776765704" lon="22.693479135632515">
        <ele>1145.4</ele>
        <time>2025-05-08T11:13:27</time>
      </trkpt>
      <trkpt lat="46.50859949178994" lon="22.693827655166388">
        <ele>1146.6</ele>
        <time>2025-05-08T11:13:32</time>
      </trkpt>
      <trkpt lat="46.50838307105005" lon="22.694242391735315">
        <ele>1147.4</ele>
        <time>2025-05-08T11:13:38</time>
      </trkpt>
      <trkpt lat="46.50828257203102" lon="22.69435898400843">
        <ele>1147.8</ele>
        <time>2025-05-08T11:13:40</time>
      </trkpt>
      <trkpt lat="46.50804058648646" lon="22.694637598469853">
        <ele>1148.2</ele>
        <time>2025-05-08T11:13:45</time>
      </trkpt>
      <trkpt lat="46.507955929264426" lon="22.694753604009748">
        <ele>1148.2</ele>
        <time>2025-05-08T11:13:47</time>
      </trkpt>
      <trkpt lat="46.507844030857086" lon="22.694961559027433">
        <ele>1148.4</ele>
        <time>2025-05-08T11:13:50</time>
      </trkpt>
      <trkpt lat="46.50765124708414" lon="22.695380738005042">
        <ele>1148.6</ele>
        <time>2025-05-08T11:13:56</time>
      </trkpt>
      <trkpt lat="46.50762283243239" lon="22.695450391620398">
        <ele>1149.0</ele>
        <time>2025-05-08T11:13:57</time>
      </trkpt>
      <trkpt lat="46.50747573003173" lon="22.695817602798343">
        <ele>1149.4</ele>
        <time>2025-05-08T11:14:02</time>
      </trkpt>
      <trkpt lat="46.50730574503541" lon="22.69621515646577">
        <ele>1150.2</ele>
        <time>2025-05-08T11:14:08</time>
      </trkpt>
      <trkpt lat="46.50728001259267" lon="22.69627978093922">
        <ele>1150.2</ele>
        <time>2025-05-08T11:14:09</time>
      </trkpt>
      <trkpt lat="46.507160319015384" lon="22.696556551381946">
        <ele>1150.6</ele>
        <time>2025-05-08T11:14:13</time>
      </trkpt>
      <trkpt lat="46.50692084804177" lon="22.697213189676404">
        <ele>1151.2</ele>
        <time>2025-05-08T11:14:22</time>
      </trkpt>
      <trkpt lat="46.506829066202044" lon="22.69752466119826">
        <ele>1151.6</ele>
        <time>2025-05-08T11:14:26</time>
      </trkpt>
      <trkpt lat="46.50677349418402" lon="22.697772597894073">
        <ele>1151.6</ele>
        <time>2025-05-08T11:14:29</time>
      </trkpt>
      <trkpt lat="46.506643909960985" lon="22.69843803718686">
        <ele>1152.0</ele>
        <time>2025-05-08T11:14:37</time>
      </trkpt>
      <trkpt lat="46.50653528049588" lon="22.699001217260957">
        <ele>1152.0</ele>
        <time>2025-05-08T11:14:44</time>
      </trkpt>
      <trkpt lat="46.50646612979472" lon="22.699348563328385">
        <ele>1152.0</ele>
        <time>2025-05-08T11:14:50</time>
      </trkpt>
      <trkpt lat="46.506456742063165" lon="22.6993996091187">
        <ele>1152.0</ele>
        <time>2025-05-08T11:14:52</time>
      </trkpt>
      <trkpt lat="46.506439642980695" lon="22.699481081217527">
        <ele>1152.2</ele>
        <time>2025-05-08T11:14:55</time>
      </trkpt>
      <trkpt lat="46.50641064159572" lon="22.69971233792603">
        <ele>1152.2</ele>
        <time>2025-05-08T11:15:00</time>
      </trkpt>
      <trkpt lat="46.50631542317569" lon="22.700124643743038">
        <ele>1152.4</ele>
        <time>2025-05-08T11:15:07</time>
      </trkpt>
      <trkpt lat="46.50620838627219" lon="22.700561927631497">
        <ele>1152.2</ele>
        <time>2025-05-08T11:15:13</time>
      </trkpt>
      <trkpt lat="46.506083663553" lon="22.70109459757805">
        <ele>1152.4</ele>
        <time>2025-05-08T11:15:20</time>
      </trkpt>
      <trkpt lat="46.506069330498576" lon="22.70116835832596">
        <ele>1152.2</ele>
        <time>2025-05-08T11:15:21</time>
      </trkpt>
      <trkpt lat="46.50605348870158" lon="22.701237089931965">
        <ele>1152.2</ele>
        <time>2025-05-08T11:15:22</time>
      </trkpt>
      <trkpt lat="46.50594259612262" lon="22.701661633327603">
        <ele>1152.2</ele>
        <time>2025-05-08T11:15:28</time>
      </trkpt>
      <trkpt lat="46.5057950746268" lon="22.702291617169976">
        <ele>1152.2</ele>
        <time>2025-05-08T11:15:36</time>
      </trkpt>
      <trkpt lat="46.50568502023816" lon="22.702805092558265">
        <ele>1152.0</ele>
        <time>2025-05-08T11:15:43</time>
      </trkpt>
      <trkpt lat="46.505608493462205" lon="22.70318252965808">
        <ele>1152.2</ele>
        <time>2025-05-08T11:15:48</time>
      </trkpt>
      <trkpt lat="46.50556951761246" lon="22.7033369243145">
        <ele>1152.0</ele>
        <time>2025-05-08T11:15:50</time>
      </trkpt>
      <trkpt lat="46.50543104857206" lon="22.703769514337182">
        <ele>1151.8</ele>
        <time>2025-05-08T11:15:56</time>
      </trkpt>
      <trkpt lat="46.50540162809193" lon="22.703830702230334">
        <ele>1152.0</ele>
        <time>2025-05-08T11:15:57</time>
      </trkpt>
      <trkpt lat="46.50529911741614" lon="22.7039897069335">
        <ele>1151.8</ele>
        <time>2025-05-08T11:16:00</time>
      </trkpt>
      <trkpt lat="46.50525787845254" lon="22.70403572358191">
        <ele>1151.8</ele>
        <time>2025-05-08T11:16:01</time>
      </trkpt>
      <trkpt lat="46.50496509857476" lon="22.704248372465372">
        <ele>1151.6</ele>
        <time>2025-05-08T11:16:07</time>
      </trkpt>
      <trkpt lat="46.50468908250332" lon="22.704341495409608">
        <ele>1151.2</ele>
        <time>2025-05-08T11:16:13</time>
      </trkpt>
      <trkpt lat="46.504486156627536" lon="22.704417603090405">
        <ele>1151.2</ele>
        <time>2025-05-08T11:16:17</time>
      </trkpt>
      <trkpt lat="46.50427828542888" lon="22.70450578071177">
        <ele>1151.0</ele>
        <time>2025-05-08T11:16:21</time>
      </trkpt>
      <trkpt lat="46.50371585972607" lon="22.704749945551157">
        <ele>1151.0</ele>
        <time>2025-05-08T11:16:31</time>
      </trkpt>
      <trkpt lat="46.503344122320414" lon="22.70484591834247">
        <ele>1151.2</ele>
        <time>2025-05-08T11:16:37</time>
      </trkpt>
      <trkpt lat="46.50321822613478" lon="22.70483845844865">
        <ele>1151.2</ele>
        <time>2025-05-08T11:16:39</time>
      </trkpt>
      <trkpt lat="46.50303575210273" lon="22.70478079095483">
        <ele>1151.2</ele>
        <time>2025-05-08T11:16:42</time>
      </trkpt>
      <trkpt lat="46.50264993309975" lon="22.704608542844653">
        <ele>1151.0</ele>
        <time>2025-05-08T11:16:49</time>
      </trkpt>
      <trkpt lat="46.50243426673114" lon="22.704501673579216">
        <ele>1150.8</ele>
        <time>2025-05-08T11:16:54</time>
      </trkpt>
      <trkpt lat="46.50239269249141" lon="22.704470492899418">
        <ele>1151.0</ele>
        <time>2025-05-08T11:16:55</time>
      </trkpt>
      <trkpt lat="46.50209630839527" lon="22.704274943098426">
        <ele>1150.2</ele>
        <time>2025-05-08T11:17:01</time>
      </trkpt>
      <trkpt lat="46.502045933157206" lon="22.704236218705773">
        <ele>1150.2</ele>
        <time>2025-05-08T11:17:02</time>
      </trkpt>
      <trkpt lat="46.501817777752876" lon="22.704041926190257">
        <ele>1150.0</ele>
        <time>2025-05-08T11:17:07</time>
      </trkpt>
      <trkpt lat="46.501615857705474" lon="22.70383631810546">
        <ele>1149.6</ele>
        <time>2025-05-08T11:17:12</time>
      </trkpt>
      <trkpt lat="46.50157352909446" lon="22.703801784664392">
        <ele>1149.4</ele>
        <time>2025-05-08T11:17:13</time>
      </trkpt>
      <trkpt lat="46.50153103284538" lon="22.703771609812975">
        <ele>1149.4</ele>
        <time>2025-05-08T11:17:14</time>
      </trkpt>
      <trkpt lat="46.501249400898814" lon="22.703628530725837">
        <ele>1149.0</ele>
        <time>2025-05-08T11:17:21</time>
      </trkpt>
      <trkpt lat="46.50120380334556" lon="22.703619142994285">
        <ele>1149.0</ele>
        <time>2025-05-08T11:17:22</time>
      </trkpt>
      <trkpt lat="46.50115669704974" lon="22.703616209328175">
        <ele>1149.0</ele>
        <time>2025-05-08T11:17:23</time>
      </trkpt>
      <trkpt lat="46.50100389495492" lon="22.70362333394587">
        <ele>1148.8</ele>
        <time>2025-05-08T11:17:26</time>
      </trkpt>
      <trkpt lat="46.500893756747246" lon="22.70363691262901">
        <ele>1148.6</ele>
        <time>2025-05-08T11:17:28</time>
      </trkpt>
      <trkpt lat="46.500666942447424" lon="22.70367949269712">
        <ele>1148.4</ele>
        <time>2025-05-08T11:17:32</time>
      </trkpt>
      <trkpt lat="46.50028162635863" lon="22.703761383891106">
        <ele>1147.8</ele>
        <time>2025-05-08T11:17:39</time>
      </trkpt>
      <trkpt lat="46.500171991065145" lon="22.7038168720901">
        <ele>1147.8</ele>
        <time>2025-05-08T11:17:41</time>
      </trkpt>
      <trkpt lat="46.50000678375363" lon="22.70393220707774">
        <ele>1147.6</ele>
        <time>2025-05-08T11:17:44</time>
      </trkpt>
      <trkpt lat="46.499703945592046" lon="22.704268489032984">
        <ele>1147.2</ele>
        <time>2025-05-08T11:17:50</time>
      </trkpt>
      <trkpt lat="46.49965675547719" lon="22.704327078536153">
        <ele>1147.0</ele>
        <time>2025-05-08T11:17:51</time>
      </trkpt>
      <trkpt lat="46.49940119124949" lon="22.70470761694014">
        <ele>1146.8</ele>
        <time>2025-05-08T11:17:57</time>
      </trkpt>
      <trkpt lat="46.49910950101912" lon="22.705096872523427">
        <ele>1146.8</ele>
        <time>2025-05-08T11:18:04</time>
      </trkpt>
      <trkpt lat="46.49897815659642" lon="22.705244729295373">
        <ele>1146.6</ele>
        <time>2025-05-08T11:18:08</time>
      </trkpt>
      <trkpt lat="46.49875218048692" lon="22.70544975064695">
        <ele>1146.6</ele>
        <time>2025-05-08T11:18:15</time>
      </trkpt>
      <trkpt lat="46.49856207892299" lon="22.705624513328075">
        <ele>1146.6</ele>
        <time>2025-05-08T11:18:20</time>
      </trkpt>
      <trkpt lat="46.49849276058376" lon="22.70570489577949">
        <ele>1146.4</ele>
        <time>2025-05-08T11:18:22</time>
      </trkpt>
      <trkpt lat="46.49833308532834" lon="22.705977642908692">
        <ele>1146.2</ele>
        <time>2025-05-08T11:18:28</time>
      </trkpt>
      <trkpt lat="46.498211631551385" lon="22.706266483291984">
        <ele>1146.0</ele>
        <time>2025-05-08T11:18:33</time>
      </trkpt>
      <trkpt lat="46.49819101206958" lon="22.706329179927707">
        <ele>1145.8</ele>
        <time>2025-05-08T11:18:34</time>
      </trkpt>
      <trkpt lat="46.498026894405484" lon="22.70671332255006">
        <ele>1145.8</ele>
        <time>2025-05-08T11:18:40</time>
      </trkpt>
      <trkpt lat="46.49793662130833" lon="22.7069391310215">
        <ele>1145.6</ele>
        <time>2025-05-08T11:18:43</time>
      </trkpt>
      <trkpt lat="46.49780963547528" lon="22.70722059533">
        <ele>1145.4</ele>
        <time>2025-05-08T11:18:47</time>
      </trkpt>
      <trkpt lat="46.49769991636276" lon="22.707421761006117">
        <ele>1145.2</ele>
        <time>2025-05-08T11:18:50</time>
      </trkpt>
      <trkpt lat="46.497610565274954" lon="22.70753424614668">
        <ele>1145.2</ele>
        <time>2025-05-08T11:18:52</time>
      </trkpt>
      <trkpt lat="46.49746907874942" lon="22.707672463729978">
        <ele>1145.2</ele>
        <time>2025-05-08T11:18:55</time>
      </trkpt>
      <trkpt lat="46.49742138572037" lon="22.707703476771712">
        <ele>1145.0</ele>
        <time>2025-05-08T11:18:56</time>
      </trkpt>
      <trkpt lat="46.49737469851971" lon="22.707731472328305">
        <ele>1145.0</ele>
        <time>2025-05-08T11:18:57</time>
      </trkpt>
      <trkpt lat="46.49717445485294" lon="22.70779324695468">
        <ele>1144.8</ele>
        <time>2025-05-08T11:19:01</time>
      </trkpt>
      <trkpt lat="46.49712483398616" lon="22.707782853394747">
        <ele>1144.8</ele>
        <time>2025-05-08T11:19:02</time>
      </trkpt>
      <trkpt lat="46.49691981263459" lon="22.70765553228557">
        <ele>1144.6</ele>
        <time>2025-05-08T11:19:06</time>
      </trkpt>
      <trkpt lat="46.49683021008968" lon="22.707555033266544">
        <ele>1144.6</ele>
        <time>2025-05-08T11:19:08</time>
      </trkpt>
      <trkpt lat="46.49671018123627" lon="22.7073794323951">
        <ele>1144.6</ele>
        <time>2025-05-08T11:19:11</time>
      </trkpt>
      <trkpt lat="46.49648713879287" lon="22.70703342743218">
        <ele>1144.4</ele>
        <time>2025-05-08T11:19:17</time>
      </trkpt>
      <trkpt lat="46.496418407186866" lon="22.706932676956058">
        <ele>1144.4</ele>
        <time>2025-05-08T11:19:19</time>
      </trkpt>
      <trkpt lat="46.49637909606099" lon="22.7068907674402">
        <ele>1144.4</ele>
        <time>2025-05-08T11:19:20</time>
      </trkpt>
      <trkpt lat="46.49628681130707" lon="22.706837877631187">
        <ele>1144.0</ele>
        <time>2025-05-08T11:19:22</time>
      </trkpt>
      <trkpt lat="46.496088411659" lon="22.706831758841872">
        <ele>1144.0</ele>
        <time>2025-05-08T11:19:26</time>
      </trkpt>
      <trkpt lat="46.496037701144814" lon="22.706844750791788">
        <ele>1144.2</ele>
        <time>2025-05-08T11:19:27</time>
      </trkpt>
      <trkpt lat="46.49571541696787" lon="22.706987662240863">
        <ele>1144.0</ele>
        <time>2025-05-08T11:19:33</time>
      </trkpt>
      <trkpt lat="46.49535424076021" lon="22.70717273466289">
        <ele>1143.8</ele>
        <time>2025-05-08T11:19:40</time>
      </trkpt>
      <trkpt lat="46.495302859693766" lon="22.7071912586689">
        <ele>1143.6</ele>
        <time>2025-05-08T11:19:41</time>
      </trkpt>
      <trkpt lat="46.495198253542185" lon="22.70722059533">
        <ele>1143.4</ele>
        <time>2025-05-08T11:19:43</time>
      </trkpt>
      <trkpt lat="46.495033130049706" lon="22.707277424633503">
        <ele>1143.4</ele>
        <time>2025-05-08T11:19:46</time>
      </trkpt>
      <trkpt lat="46.49474739097059" lon="22.707389825955033">
        <ele>1143.0</ele>
        <time>2025-05-08T11:19:51</time>
      </trkpt>
      <trkpt lat="46.49457204155624" lon="22.70744430832565">
        <ele>1142.8</ele>
        <time>2025-05-08T11:19:54</time>
      </trkpt>
      <trkpt lat="46.49439727887511" lon="22.70750063471496">
        <ele>1142.4</ele>
        <time>2025-05-08T11:19:57</time>
      </trkpt>
      <trkpt lat="46.49404632858932" lon="22.707612616941333">
        <ele>1142.0</ele>
        <time>2025-05-08T11:20:03</time>
      </trkpt>
      <trkpt lat="46.493872655555606" lon="22.70767212845385">
        <ele>1142.0</ele>
        <time>2025-05-08T11:20:06</time>
      </trkpt>
      <trkpt lat="46.493532098829746" lon="22.707816129550338">
        <ele>1141.4</ele>
        <time>2025-05-08T11:20:12</time>
      </trkpt>
      <trkpt lat="46.49324703030288" lon="22.707966836169362">
        <ele>1141.4</ele>
        <time>2025-05-08T11:20:17</time>
      </trkpt>
      <trkpt lat="46.493127420544624" lon="22.708033807575703">
        <ele>1141.2</ele>
        <time>2025-05-08T11:20:19</time>
      </trkpt>
      <trkpt lat="46.492894822731614" lon="22.708179485052824">
        <ele>1140.8</ele>
        <time>2025-05-08T11:20:23</time>
      </trkpt>
      <trkpt lat="46.49273598566651" lon="22.708336981013417">
        <ele>1140.6</ele>
        <time>2025-05-08T11:20:26</time>
      </trkpt>
      <trkpt lat="46.49244521744549" lon="22.708756076171994">
        <ele>1140.2</ele>
        <time>2025-05-08T11:20:32</time>
      </trkpt>
      <trkpt lat="46.49240012280643" lon="22.70882866345346">
        <ele>1140.2</ele>
        <time>2025-05-08T11:20:33</time>
      </trkpt>
      <trkpt lat="46.492102732881904" lon="22.70920107141137">
        <ele>1140.0</ele>
        <time>2025-05-08T11:20:39</time>
      </trkpt>
      <trkpt lat="46.4920046646148" lon="22.709274496883154">
        <ele>1139.8</ele>
        <time>2025-05-08T11:20:41</time>
      </trkpt>
      <trkpt lat="46.49195219390094" lon="22.709293942898512">
        <ele>1139.6</ele>
        <time>2025-05-08T11:20:42</time>
      </trkpt>
      <trkpt lat="46.491898046806455" lon="22.70931045524776">
        <ele>1139.4</ele>
        <time>2025-05-08T11:20:43</time>
      </trkpt>
      <trkpt lat="46.491612726822495" lon="22.709381533786654">
        <ele>1138.8</ele>
        <time>2025-05-08T11:20:48</time>
      </trkpt>
      <trkpt lat="46.49143109098077" lon="22.70942830480635">
        <ele>1138.6</ele>
        <time>2025-05-08T11:20:51</time>
      </trkpt>
      <trkpt lat="46.49115708656609" lon="22.709528300911188">
        <ele>1138.2</ele>
        <time>2025-05-08T11:20:56</time>
      </trkpt>
      <trkpt lat="46.491103023290634" lon="22.70955671556294">
        <ele>1138.4</ele>
        <time>2025-05-08T11:20:57</time>
      </trkpt>
      <trkpt lat="46.49104946292937" lon="22.709597451612353">
        <ele>1138.2</ele>
        <time>2025-05-08T11:20:58</time>
      </trkpt>
      <trkpt lat="46.49083714932203" lon="22.709798784926534">
        <ele>1137.8</ele>
        <time>2025-05-08T11:21:02</time>
      </trkpt>
      <trkpt lat="46.490784427151084" lon="22.709856452420354">
        <ele>1137.8</ele>
        <time>2025-05-08T11:21:03</time>
      </trkpt>
      <trkpt lat="46.490538669750094" lon="22.71017337217927">
        <ele>1137.6</ele>
        <time>2025-05-08T11:21:08</time>
      </trkpt>
      <trkpt lat="46.49029559455812" lon="22.710505798459053">
        <ele>1137.2</ele>
        <time>2025-05-08T11:21:13</time>
      </trkpt>
      <trkpt lat="46.490202471613884" lon="22.710650973021984">
        <ele>1137.2</ele>
        <time>2025-05-08T11:21:15</time>
      </trkpt>
      <trkpt lat="46.48993265815079" lon="22.71106076426804">
        <ele>1136.8</ele>
        <time>2025-05-08T11:21:21</time>
      </trkpt>
      <trkpt lat="46.48964071646333" lon="22.711508106440306">
        <ele>1136.6</ele>
        <time>2025-05-08T11:21:27</time>
      </trkpt>
      <trkpt lat="46.48933930322528" lon="22.71194471977651">
        <ele>1136.4</ele>
        <time>2025-05-08T11:21:33</time>
      </trkpt>
      <trkpt lat="46.48923184722662" lon="22.712087128311396">
        <ele>1136.2</ele>
        <time>2025-05-08T11:21:35</time>
      </trkpt>
      <trkpt lat="46.48895122110844" lon="22.71240832284093">
        <ele>1135.6</ele>
        <time>2025-05-08T11:21:40</time>
      </trkpt>
      <trkpt lat="46.48889581672847" lon="22.712471187114716">
        <ele>1135.6</ele>
        <time>2025-05-08T11:21:41</time>
      </trkpt>
      <trkpt lat="46.48861619643867" lon="22.71275533363223">
        <ele>1135.2</ele>
        <time>2025-05-08T11:21:46</time>
      </trkpt>
      <trkpt lat="46.48855953477323" lon="22.712814761325717">
        <ele>1135.0</ele>
        <time>2025-05-08T11:21:47</time>
      </trkpt>
      <trkpt lat="46.4882779866457" lon="22.713098069652915">
        <ele>1134.6</ele>
        <time>2025-05-08T11:21:52</time>
      </trkpt>
      <trkpt lat="46.48804756812751" lon="22.713307701051235">
        <ele>1134.0</ele>
        <time>2025-05-08T11:21:56</time>
      </trkpt>
      <trkpt lat="46.48787431418896" lon="22.713469304144382">
        <ele>1133.8</ele>
        <time>2025-05-08T11:21:59</time>
      </trkpt>
      <trkpt lat="46.48770181462169" lon="22.7136358525604">
        <ele>1133.6</ele>
        <time>2025-05-08T11:22:02</time>
      </trkpt>
      <trkpt lat="46.48741917684674" lon="22.71390801295638">
        <ele>1133.0</ele>
        <time>2025-05-08T11:22:07</time>
      </trkpt>
      <trkpt lat="46.487304512411356" lon="22.7140227612108">
        <ele>1132.8</ele>
        <time>2025-05-08T11:22:09</time>
      </trkpt>
      <trkpt lat="46.4870673045516" lon="22.71424613893032">
        <ele>1132.6</ele>
        <time>2025-05-08T11:22:13</time>
      </trkpt>
      <trkpt lat="46.48695037700236" lon="22.714361138641834">
        <ele>1132.2</ele>
        <time>2025-05-08T11:22:15</time>
      </trkpt>
      <trkpt lat="46.48667821660638" lon="22.714662803336978">
        <ele>1132.0</ele>
        <time>2025-05-08T11:22:20</time>
      </trkpt>
      <trkpt lat="46.48657855577767" lon="22.714790292084217">
        <ele>1131.8</ele>
        <time>2025-05-08T11:22:22</time>
      </trkpt>
      <trkpt lat="46.48622039705515" lon="22.715227408334613">
        <ele>1131.6</ele>
        <time>2025-05-08T11:22:29</time>
      </trkpt>
      <trkpt lat="46.48612140677869" lon="22.715350119397044">
        <ele>1131.6</ele>
        <time>2025-05-08T11:22:31</time>
      </trkpt>
      <trkpt lat="46.485893838107586" lon="22.715651197358966">
        <ele>1131.2</ele>
        <time>2025-05-08T11:22:36</time>
      </trkpt>
      <trkpt lat="46.485809683799744" lon="22.715765358880162">
        <ele>1130.8</ele>
        <time>2025-05-08T11:22:38</time>
      </trkpt>
      <trkpt lat="46.485625114291906" lon="22.715992592275143">
        <ele>1130.0</ele>
        <time>2025-05-08T11:22:42</time>
      </trkpt>
      <trkpt lat="46.48535655811429" lon="22.716356618329883">
        <ele>1129.6</ele>
        <time>2025-05-08T11:22:48</time>
      </trkpt>
      <trkpt lat="46.4852643571794" lon="22.71647471934557">
        <ele>1129.6</ele>
        <time>2025-05-08T11:22:50</time>
      </trkpt>
      <trkpt lat="46.48505539633334" lon="22.716690134257078">
        <ele>1129.6</ele>
        <time>2025-05-08T11:22:54</time>
      </trkpt>
      <trkpt lat="46.484810980036855" lon="22.71698878146708">
        <ele>1129.0</ele>
        <time>2025-05-08T11:22:59</time>
      </trkpt>
      <trkpt lat="46.484668822959065" lon="22.71715734153986">
        <ele>1128.8</ele>
        <time>2025-05-08T11:23:02</time>
      </trkpt>
      <trkpt lat="46.484534461051226" lon="22.717329254373908">
        <ele>1128.4</ele>
        <time>2025-05-08T11:23:05</time>
      </trkpt>
      <trkpt lat="46.48431778885424" lon="22.717611556872725">
        <ele>1128.0</ele>
        <time>2025-05-08T11:23:10</time>
      </trkpt>
      <trkpt lat="46.484274957329035" lon="22.71766939200461">
        <ele>1128.0</ele>
        <time>2025-05-08T11:23:11</time>
      </trkpt>
      <trkpt lat="46.48394429124892" lon="22.718139616772532">
        <ele>1127.6</ele>
        <time>2025-05-08T11:23:19</time>
      </trkpt>
      <trkpt lat="46.48390732705593" lon="22.718198960646987">
        <ele>1127.4</ele>
        <time>2025-05-08T11:23:20</time>
      </trkpt>
      <trkpt lat="46.48369409143925" lon="22.718599615618587">
        <ele>1127.0</ele>
        <time>2025-05-08T11:23:27</time>
      </trkpt>
      <trkpt lat="46.483539026230574" lon="22.719019716605544">
        <ele>1126.6</ele>
        <time>2025-05-08T11:23:33</time>
      </trkpt>
      <trkpt lat="46.4834719710052" lon="22.719546854496002">
        <ele>1126.0</ele>
        <time>2025-05-08T11:23:39</time>
      </trkpt>
      <trkpt lat="46.48346275091171" lon="22.719638887792826">
        <ele>1126.0</ele>
        <time>2025-05-08T11:23:40</time>
      </trkpt>
      <trkpt lat="46.48339661769569" lon="22.720169043168426">
        <ele>1125.4</ele>
        <time>2025-05-08T11:23:46</time>
      </trkpt>
      <trkpt lat="46.483374405652285" lon="22.720347829163074">
        <ele>1125.2</ele>
        <time>2025-05-08T11:23:48</time>
      </trkpt>
      <trkpt lat="46.483328975737095" lon="22.72068914026022">
        <ele>1124.8</ele>
        <time>2025-05-08T11:23:52</time>
      </trkpt>
      <trkpt lat="46.48330005817115" lon="22.720922324806452">
        <ele>1124.6</ele>
        <time>2025-05-08T11:23:55</time>
      </trkpt>
      <trkpt lat="46.48324624635279" lon="22.721326667815447">
        <ele>1124.4</ele>
        <time>2025-05-08T11:24:01</time>
      </trkpt>
      <trkpt lat="46.48321062326431" lon="22.721548955887556">
        <ele>1124.0</ele>
        <time>2025-05-08T11:24:06</time>
      </trkpt>
      <trkpt lat="46.48320517502725" lon="22.721584662795067">
        <ele>1123.8</ele>
        <time>2025-05-08T11:24:08</time>
      </trkpt>
      <trkpt lat="46.48318371735513" lon="22.721592457965016">
        <ele>1123.6</ele>
        <time>2025-05-08T11:24:11</time>
      </trkpt>
      <trkpt lat="46.483172066509724" lon="22.721584662795067">
        <ele>1123.4</ele>
        <time>2025-05-08T11:24:14</time>
      </trkpt>
      <trkpt lat="46.483174581080675" lon="22.721581561490893">
        <ele>1123.2</ele>
        <time>2025-05-08T11:24:17</time>
      </trkpt>
      <trkpt lat="46.48316854611039" lon="22.721561109647155">
        <ele>1123.0</ele>
        <time>2025-05-08T11:24:22</time>
      </trkpt>
      <trkpt lat="46.48316351696849" lon="22.721556834876537">
        <ele>1122.8</ele>
        <time>2025-05-08T11:24:24</time>
      </trkpt>
      <trkpt lat="46.48315102793276" lon="22.721531772986054">
        <ele>1122.4</ele>
        <time>2025-05-08T11:24:28</time>
      </trkpt>
      <trkpt lat="46.48314013145864" lon="22.72150855511427">
        <ele>1122.2</ele>
        <time>2025-05-08T11:24:30</time>
      </trkpt>
      <trkpt lat="46.483140802010894" lon="22.72150377742946">
        <ele>1122.0</ele>
        <time>2025-05-08T11:24:34</time>
      </trkpt>
      <trkpt lat="46.48314004763961" lon="22.721504950895905">
        <ele>1121.8</ele>
        <time>2025-05-08T11:24:37</time>
      </trkpt>
      <trkpt lat="46.48312873207033" lon="22.72150369361043">
        <ele>1121.4</ele>
        <time>2025-05-08T11:24:43</time>
      </trkpt>
      <trkpt lat="46.48312387056649" lon="22.72150126285851">
        <ele>1121.4</ele>
        <time>2025-05-08T11:24:44</time>
      </trkpt>
      <trkpt lat="46.48309956304729" lon="22.72148374468088">
        <ele>1121.2</ele>
        <time>2025-05-08T11:24:53</time>
      </trkpt>
      <trkpt lat="46.48309520445764" lon="22.72148081101477">
        <ele>1121.0</ele>
        <time>2025-05-08T11:24:56</time>
      </trkpt>
      <trkpt lat="46.48308254778385" lon="22.721484331414104">
        <ele>1121.0</ele>
        <time>2025-05-08T11:25:04</time>
      </trkpt>
      <trkpt lat="46.48308212868869" lon="22.721487767994404">
        <ele>1120.8</ele>
        <time>2025-05-08T11:25:07</time>
      </trkpt>
      <trkpt lat="46.48307458497584" lon="22.72148709744215">
        <ele>1120.6</ele>
        <time>2025-05-08T11:25:13</time>
      </trkpt>
      <trkpt lat="46.48307508789003" lon="22.7214811462909">
        <ele>1120.6</ele>
        <time>2025-05-08T11:25:17</time>
      </trkpt>
      <trkpt lat="46.48306536488235" lon="22.721477458253503">
        <ele>1120.4</ele>
        <time>2025-05-08T11:25:26</time>
      </trkpt>
      <trkpt lat="46.483063101768494" lon="22.721481397747993">
        <ele>1120.4</ele>
        <time>2025-05-08T11:25:30</time>
      </trkpt>
      <trkpt lat="46.48306301794946" lon="22.721480978652835">
        <ele>1120.2</ele>
        <time>2025-05-08T11:25:34</time>
      </trkpt>
      <trkpt lat="46.48306335322559" lon="22.721479972824454">
        <ele>1120.0</ele>
        <time>2025-05-08T11:25:40</time>
      </trkpt>
      <trkpt lat="46.48306184448302" lon="22.72147921845317">
        <ele>1119.8</ele>
        <time>2025-05-08T11:25:43</time>
      </trkpt>
      <trkpt lat="46.48305798880756" lon="22.721478044986725">
        <ele>1119.4</ele>
        <time>2025-05-08T11:25:51</time>
      </trkpt>
      <trkpt lat="46.48305689916015" lon="22.72147829644382">
        <ele>1119.2</ele>
        <time>2025-05-08T11:25:52</time>
      </trkpt>
      <trkpt lat="46.48305312730372" lon="22.72147871553898">
        <ele>1119.0</ele>
        <time>2025-05-08T11:26:00</time>
      </trkpt>
      <trkpt lat="46.48303938098252" lon="22.721482403576374">
        <ele>1118.8</ele>
        <time>2025-05-08T11:26:11</time>
      </trkpt>
      <trkpt lat="46.483034268021584" lon="22.721481397747993">
        <ele>1118.8</ele>
        <time>2025-05-08T11:26:12</time>
      </trkpt>
      <trkpt lat="46.483029490336776" lon="22.7214845828712">
        <ele>1118.4</ele>
        <time>2025-05-08T11:26:19</time>
      </trkpt>
      <trkpt lat="46.483027562499046" lon="22.721482068300247">
        <ele>1118.2</ele>
        <time>2025-05-08T11:26:24</time>
      </trkpt>
      <trkpt lat="46.48302328772843" lon="22.721478966996074">
        <ele>1118.0</ele>
        <time>2025-05-08T11:26:27</time>
      </trkpt>
      <trkpt lat="46.48302722722292" lon="22.721474608406425">
        <ele>1117.8</ele>
        <time>2025-05-08T11:26:34</time>
      </trkpt>
      <trkpt lat="46.48302856832743" lon="22.721468824893236">
        <ele>1117.6</ele>
        <time>2025-05-08T11:26:39</time>
      </trkpt>
      <trkpt lat="46.48302714340389" lon="22.721456419676542">
        <ele>1117.2</ele>
        <time>2025-05-08T11:26:45</time>
      </trkpt>
      <trkpt lat="46.48303125053644" lon="22.721451306715608">
        <ele>1117.2</ele>
        <time>2025-05-08T11:26:48</time>
      </trkpt>
      <trkpt lat="46.48305354639888" lon="22.721472093835473">
        <ele>1116.8</ele>
        <time>2025-05-08T11:26:56</time>
      </trkpt>
      <trkpt lat="46.48306963965297" lon="22.72147729061544">
        <ele>1117.0</ele>
        <time>2025-05-08T11:26:57</time>
      </trkpt>
      <trkpt lat="46.48315169848502" lon="22.72150025703013">
        <ele>1117.0</ele>
        <time>2025-05-08T11:27:07</time>
      </trkpt>
      <trkpt lat="46.483149183914065" lon="22.721495982259512">
        <ele>1116.8</ele>
        <time>2025-05-08T11:27:12</time>
      </trkpt>
      <trkpt lat="46.48315136320889" lon="22.72149581462145">
        <ele>1116.8</ele>
        <time>2025-05-08T11:27:14</time>
      </trkpt>
      <trkpt lat="46.483150692656636" lon="22.721493802964687">
        <ele>1116.6</ele>
        <time>2025-05-08T11:27:25</time>
      </trkpt>
      <trkpt lat="46.4831492677331" lon="22.721492629498243">
        <ele>1116.6</ele>
        <time>2025-05-08T11:27:26</time>
      </trkpt>
      <trkpt lat="46.48314876481891" lon="22.72149153985083">
        <ele>1116.4</ele>
        <time>2025-05-08T11:27:35</time>
      </trkpt>
      <trkpt lat="46.48314977064729" lon="22.72149288095534">
        <ele>1116.4</ele>
        <time>2025-05-08T11:27:36</time>
      </trkpt>
      <trkpt lat="46.483151111751795" lon="22.721489444375038">
        <ele>1116.2</ele>
        <time>2025-05-08T11:27:46</time>
      </trkpt>
      <trkpt lat="46.48315220139921" lon="22.72149045020342">
        <ele>1116.0</ele>
        <time>2025-05-08T11:27:47</time>
      </trkpt>
      <trkpt lat="46.48315320722759" lon="22.721488187089562">
        <ele>1115.8</ele>
        <time>2025-05-08T11:27:55</time>
      </trkpt>
      <trkpt lat="46.48315287195146" lon="22.72148902527988">
        <ele>1115.8</ele>
        <time>2025-05-08T11:27:56</time>
      </trkpt>
      <trkpt lat="46.483154548332095" lon="22.721490282565355">
        <ele>1115.4</ele>
        <time>2025-05-08T11:28:05</time>
      </trkpt>
      <trkpt lat="46.483155973255634" lon="22.721489779651165">
        <ele>1115.4</ele>
        <time>2025-05-08T11:28:07</time>
      </trkpt>
      <trkpt lat="46.48315756581724" lon="22.72148215211928">
        <ele>1115.2</ele>
        <time>2025-05-08T11:28:16</time>
      </trkpt>
      <trkpt lat="46.483158990740776" lon="22.721481565386057">
        <ele>1115.2</ele>
        <time>2025-05-08T11:28:19</time>
      </trkpt>
      <trkpt lat="46.48315739817917" lon="22.72147980518639">
        <ele>1115.0</ele>
        <time>2025-05-08T11:28:28</time>
      </trkpt>
      <trkpt lat="46.48314834572375" lon="22.721481481567025">
        <ele>1114.8</ele>
        <time>2025-05-08T11:28:33</time>
      </trkpt>
      <trkpt lat="46.4831405505538" lon="22.721478464081883">
        <ele>1115.0</ele>
        <time>2025-05-08T11:28:41</time>
      </trkpt>
      <trkpt lat="46.483138957992196" lon="22.72148173302412">
        <ele>1114.8</ele>
        <time>2025-05-08T11:28:49</time>
      </trkpt>
      <trkpt lat="46.48313811980188" lon="22.721478464081883">
        <ele>1115.0</ele>
        <time>2025-05-08T11:28:55</time>
      </trkpt>
      <trkpt lat="46.48313585668802" lon="22.721477206796408">
        <ele>1114.8</ele>
        <time>2025-05-08T11:29:00</time>
      </trkpt>
      <trkpt lat="46.48313191719353" lon="22.72147687152028">
        <ele>1114.8</ele>
        <time>2025-05-08T11:29:05</time>
      </trkpt>
      <trkpt lat="46.483140802010894" lon="22.721472093835473">
        <ele>1114.6</ele>
        <time>2025-05-08T11:29:13</time>
      </trkpt>
      <trkpt lat="46.48314340040088" lon="22.72147192619741">
        <ele>1114.2</ele>
        <time>2025-05-08T11:29:18</time>
      </trkpt>
      <trkpt lat="46.483161924406886" lon="22.721474524587393">
        <ele>1114.0</ele>
        <time>2025-05-08T11:29:24</time>
      </trkpt>
      <trkpt lat="46.48316066712141" lon="22.72147678770125">
        <ele>1113.8</ele>
        <time>2025-05-08T11:29:31</time>
      </trkpt>
      <trkpt lat="46.48316075094044" lon="22.72147787734866">
        <ele>1113.6</ele>
        <time>2025-05-08T11:29:34</time>
      </trkpt>
      <trkpt lat="46.48319193162024" lon="22.72149690426886">
        <ele>1113.4</ele>
        <time>2025-05-08T11:29:42</time>
      </trkpt>
      <trkpt lat="46.48320802487433" lon="22.7214983291924">
        <ele>1113.4</ele>
        <time>2025-05-08T11:29:45</time>
      </trkpt>
      <trkpt lat="46.48321280255914" lon="22.721490785479546">
        <ele>1112.8</ele>
        <time>2025-05-08T11:29:53</time>
      </trkpt>
      <trkpt lat="46.48321229964495" lon="22.721490701660514">
        <ele>1112.8</ele>
        <time>2025-05-08T11:29:54</time>
      </trkpt>
      <trkpt lat="46.48320173844695" lon="22.72149397060275">
        <ele>1112.2</ele>
        <time>2025-05-08T11:30:02</time>
      </trkpt>
      <trkpt lat="46.483198972418904" lon="22.72149447351694">
        <ele>1112.2</ele>
        <time>2025-05-08T11:30:04</time>
      </trkpt>
      <trkpt lat="46.483202911913395" lon="22.72150805220008">
        <ele>1111.6</ele>
        <time>2025-05-08T11:30:11</time>
      </trkpt>
      <trkpt lat="46.483192183077335" lon="22.721508303657174">
        <ele>1111.0</ele>
        <time>2025-05-08T11:30:16</time>
      </trkpt>
      <trkpt lat="46.483192183077335" lon="22.721507968381047">
        <ele>1111.0</ele>
        <time>2025-05-08T11:30:17</time>
      </trkpt>
      <trkpt lat="46.48318078368902" lon="22.721504950895905">
        <ele>1110.2</ele>
        <time>2025-05-08T11:30:23</time>
      </trkpt>
      <trkpt lat="46.483178436756134" lon="22.72150277160108">
        <ele>1110.0</ele>
        <time>2025-05-08T11:30:24</time>
      </trkpt>
      <trkpt lat="46.483178939670324" lon="22.721492378041148">
        <ele>1109.6</ele>
        <time>2025-05-08T11:30:31</time>
      </trkpt>
      <trkpt lat="46.48317919112742" lon="22.72149346768856">
        <ele>1109.0</ele>
        <time>2025-05-08T11:30:35</time>
      </trkpt>
      <trkpt lat="46.48317935876548" lon="22.721491288393736">
        <ele>1108.8</ele>
        <time>2025-05-08T11:30:37</time>
      </trkpt>
      <trkpt lat="46.48318111896515" lon="22.721492378041148">
        <ele>1108.0</ele>
        <time>2025-05-08T11:30:42</time>
      </trkpt>
      <trkpt lat="46.483181454241276" lon="22.721492629498243">
        <ele>1108.0</ele>
        <time>2025-05-08T11:30:43</time>
      </trkpt>
      <trkpt lat="46.48317768238485" lon="22.72149388678372">
        <ele>1107.2</ele>
        <time>2025-05-08T11:30:48</time>
      </trkpt>
      <trkpt lat="46.483169635757804" lon="22.72149682044983">
        <ele>1107.0</ele>
        <time>2025-05-08T11:30:52</time>
      </trkpt>
      <trkpt lat="46.48317080922425" lon="22.72150268778205">
        <ele>1106.6</ele>
        <time>2025-05-08T11:30:56</time>
      </trkpt>
      <trkpt lat="46.48318505845964" lon="22.72150914184749">
        <ele>1106.0</ele>
        <time>2025-05-08T11:31:02</time>
      </trkpt>
      <trkpt lat="46.48318807594478" lon="22.721512746065855">
        <ele>1105.6</ele>
        <time>2025-05-08T11:31:04</time>
      </trkpt>
      <trkpt lat="46.48318883031607" lon="22.721505789086223">
        <ele>1105.4</ele>
        <time>2025-05-08T11:31:09</time>
      </trkpt>
      <trkpt lat="46.48318447172642" lon="22.72150662727654">
        <ele>1105.0</ele>
        <time>2025-05-08T11:31:17</time>
      </trkpt>
      <trkpt lat="46.48318220861256" lon="22.721503525972366">
        <ele>1104.6</ele>
        <time>2025-05-08T11:31:21</time>
      </trkpt>
      <trkpt lat="46.483181370422244" lon="22.721498915925622">
        <ele>1104.4</ele>
        <time>2025-05-08T11:31:26</time>
      </trkpt>
      <trkpt lat="46.483182879164815" lon="22.721492210403085">
        <ele>1104.2</ele>
        <time>2025-05-08T11:31:29</time>
      </trkpt>
      <trkpt lat="46.48319528438151" lon="22.72156622260809">
        <ele>1103.6</ele>
        <time>2025-05-08T11:31:36</time>
      </trkpt>
      <trkpt lat="46.483213640749454" lon="22.721657752990723">
        <ele>1102.8</ele>
        <time>2025-05-08T11:31:45</time>
      </trkpt>
      <trkpt lat="46.48321380838752" lon="22.721657836809754">
        <ele>1103.0</ele>
        <time>2025-05-08T11:31:46</time>
      </trkpt>
      <trkpt lat="46.48322269320488" lon="22.721634786576033">
        <ele>1102.4</ele>
        <time>2025-05-08T11:31:54</time>
      </trkpt>
      <trkpt lat="46.48322747088969" lon="22.72162682376802">
        <ele>1102.4</ele>
        <time>2025-05-08T11:31:55</time>
      </trkpt>
      <trkpt lat="46.4833374414593" lon="22.72160343825817">
        <ele>1102.2</ele>
        <time>2025-05-08T11:32:06</time>
      </trkpt>
      <trkpt lat="46.48334448225796" lon="22.721585500985384">
        <ele>1102.2</ele>
        <time>2025-05-08T11:32:11</time>
      </trkpt>
      <trkpt lat="46.48334540426731" lon="22.721570497378707">
        <ele>1102.4</ele>
        <time>2025-05-08T11:32:17</time>
      </trkpt>
      <trkpt lat="46.4833271317184" lon="22.721573347225785">
        <ele>1102.2</ele>
        <time>2025-05-08T11:32:24</time>
      </trkpt>
      <trkpt lat="46.48331539705396" lon="22.72155792452395">
        <ele>1102.2</ele>
        <time>2025-05-08T11:32:27</time>
      </trkpt>
      <trkpt lat="46.4833202585578" lon="22.72155985236168">
        <ele>1101.4</ele>
        <time>2025-05-08T11:32:34</time>
      </trkpt>
      <trkpt lat="46.48332034237683" lon="22.72155993618071">
        <ele>1101.4</ele>
        <time>2025-05-08T11:32:36</time>
      </trkpt>
      <trkpt lat="46.483320174738765" lon="22.721551470458508">
        <ele>1100.6</ele>
        <time>2025-05-08T11:32:41</time>
      </trkpt>
      <trkpt lat="46.4833202585578" lon="22.72155264392495">
        <ele>1100.2</ele>
        <time>2025-05-08T11:32:45</time>
      </trkpt>
      <trkpt lat="46.4833184145391" lon="22.72155934944749">
        <ele>1100.0</ele>
        <time>2025-05-08T11:32:49</time>
      </trkpt>
      <trkpt lat="46.48332294076681" lon="22.72155691869557">
        <ele>1100.0</ele>
        <time>2025-05-08T11:32:53</time>
      </trkpt>
      <trkpt lat="46.48332956247032" lon="22.721556248143315">
        <ele>1099.4</ele>
        <time>2025-05-08T11:32:56</time>
      </trkpt>
      <trkpt lat="46.483332412317395" lon="22.721546860411763">
        <ele>1098.6</ele>
        <time>2025-05-08T11:33:04</time>
      </trkpt>
      <trkpt lat="46.48333249613643" lon="22.72154618985951">
        <ele>1098.6</ele>
        <time>2025-05-08T11:33:06</time>
      </trkpt>
      <trkpt lat="46.48336887359619" lon="22.72152615711093">
        <ele>1098.0</ele>
        <time>2025-05-08T11:33:15</time>
      </trkpt>
      <trkpt lat="46.48336602374911" lon="22.721531186252832">
        <ele>1097.8</ele>
        <time>2025-05-08T11:33:16</time>
      </trkpt>
      <trkpt lat="46.483362251892686" lon="22.721555661410093">
        <ele>1097.4</ele>
        <time>2025-05-08T11:33:22</time>
      </trkpt>
      <trkpt lat="46.48340927436948" lon="22.721593379974365">
        <ele>1097.0</ele>
        <time>2025-05-08T11:33:29</time>
      </trkpt>
      <trkpt lat="46.483408687636256" lon="22.721593799069524">
        <ele>1096.8</ele>
        <time>2025-05-08T11:33:32</time>
      </trkpt>
      <trkpt lat="46.48340952582657" lon="22.721589524298906">
        <ele>1096.6</ele>
        <time>2025-05-08T11:33:36</time>
      </trkpt>
      <trkpt lat="46.48340944200754" lon="22.721579046919942">
        <ele>1096.0</ele>
        <time>2025-05-08T11:33:42</time>
      </trkpt>
      <trkpt lat="46.48340919055045" lon="22.721580723300576">
        <ele>1096.0</ele>
        <time>2025-05-08T11:33:45</time>
      </trkpt>
      <trkpt lat="46.48341438733041" lon="22.72158483043313">
        <ele>1095.6</ele>
        <time>2025-05-08T11:33:52</time>
      </trkpt>
      <trkpt lat="46.48341463878751" lon="22.721585920080543">
        <ele>1095.4</ele>
        <time>2025-05-08T11:33:56</time>
      </trkpt>
      <trkpt lat="46.4834114536643" lon="22.721583573147655">
        <ele>1095.2</ele>
        <time>2025-05-08T11:34:04</time>
      </trkpt>
      <trkpt lat="46.483411034569144" lon="22.721584076061845">
        <ele>1095.0</ele>
        <time>2025-05-08T11:34:05</time>
      </trkpt>
      <trkpt lat="46.483410028740764" lon="22.72158483043313">
        <ele>1094.4</ele>
        <time>2025-05-08T11:34:13</time>
      </trkpt>
      <trkpt lat="46.483410028740764" lon="22.721585500985384">
        <ele>1094.4</ele>
        <time>2025-05-08T11:34:14</time>
      </trkpt>
      <trkpt lat="46.483419416472316" lon="22.72158424369991">
        <ele>1094.0</ele>
        <time>2025-05-08T11:34:24</time>
      </trkpt>
      <trkpt lat="46.483433078974485" lon="22.7215829025954">
        <ele>1093.4</ele>
        <time>2025-05-08T11:34:36</time>
      </trkpt>
      <trkpt lat="46.48343333043158" lon="22.7215829025954">
        <ele>1093.4</ele>
        <time>2025-05-08T11:34:38</time>
      </trkpt>
      <trkpt lat="46.48343333043158" lon="22.72158281877637">
        <ele>1093.4</ele>
        <time>2025-05-08T11:34:39</time>
      </trkpt>
      <trkpt lat="46.48342989385128" lon="22.72158583626151">
        <ele>1093.2</ele>
        <time>2025-05-08T11:34:47</time>
      </trkpt>
      <trkpt lat="46.483428133651614" lon="22.721581561490893">
        <ele>1093.0</ele>
        <time>2025-05-08T11:34:53</time>
      </trkpt>
      <trkpt lat="46.48342100903392" lon="22.721584076061845">
        <ele>1093.0</ele>
        <time>2025-05-08T11:34:57</time>
      </trkpt>
      <trkpt lat="46.48341539315879" lon="22.72158097475767">
        <ele>1092.6</ele>
        <time>2025-05-08T11:35:06</time>
      </trkpt>
      <trkpt lat="46.48341539315879" lon="22.721580220386386">
        <ele>1092.6</ele>
        <time>2025-05-08T11:35:08</time>
      </trkpt>
      <trkpt lat="46.483415979892015" lon="22.72157753817737">
        <ele>1093.0</ele>
        <time>2025-05-08T11:35:17</time>
      </trkpt>
      <trkpt lat="46.483411621302366" lon="22.721574939787388">
        <ele>1093.6</ele>
        <time>2025-05-08T11:35:31</time>
      </trkpt>
      <trkpt lat="46.48339846171439" lon="22.721579801291227">
        <ele>1093.6</ele>
        <time>2025-05-08T11:35:43</time>
      </trkpt>
      <trkpt lat="46.483462415635586" lon="22.721595307812095">
        <ele>1093.2</ele>
        <time>2025-05-08T11:35:51</time>
      </trkpt>
      <trkpt lat="46.48346425965428" lon="22.721595894545317">
        <ele>1093.2</ele>
        <time>2025-05-08T11:35:54</time>
      </trkpt>
      <trkpt lat="46.48346266709268" lon="22.721595391631126">
        <ele>1093.0</ele>
        <time>2025-05-08T11:36:02</time>
      </trkpt>
      <trkpt lat="46.48345428518951" lon="22.7216019295156">
        <ele>1092.8</ele>
        <time>2025-05-08T11:36:06</time>
      </trkpt>
      <trkpt lat="46.48345394991338" lon="22.721602767705917">
        <ele>1092.2</ele>
        <time>2025-05-08T11:36:12</time>
      </trkpt>
      <trkpt lat="46.48345629684627" lon="22.721601342782378">
        <ele>1092.2</ele>
        <time>2025-05-08T11:36:14</time>
      </trkpt>
      <trkpt lat="46.48348269984126" lon="22.72160000167787">
        <ele>1091.6</ele>
        <time>2025-05-08T11:36:22</time>
      </trkpt>
      <trkpt lat="46.483490159735084" lon="22.72158047184348">
        <ele>1091.4</ele>
        <time>2025-05-08T11:36:24</time>
      </trkpt>
      <trkpt lat="46.48349552415311" lon="22.721530431881547">
        <ele>1090.6</ele>
        <time>2025-05-08T11:36:33</time>
      </trkpt>
      <trkpt lat="46.48349544033408" lon="22.721525067463517">
        <ele>1090.0</ele>
        <time>2025-05-08T11:36:42</time>
      </trkpt>
      <trkpt lat="46.48352452553809" lon="22.72162875160575">
        <ele>1090.0</ele>
        <time>2025-05-08T11:36:51</time>
      </trkpt>
      <trkpt lat="46.48341271094978" lon="22.721643252298236">
        <ele>1089.8</ele>
        <time>2025-05-08T11:37:00</time>
      </trkpt>
      <trkpt lat="46.48340784944594" lon="22.721657501533628">
        <ele>1089.8</ele>
        <time>2025-05-08T11:37:03</time>
      </trkpt>
      <trkpt lat="46.48339360021055" lon="22.72165523841977">
        <ele>1089.8</ele>
        <time>2025-05-08T11:37:04</time>
      </trkpt>
      <trkpt lat="46.48332889191806" lon="22.721652891486883">
        <ele>1089.6</ele>
        <time>2025-05-08T11:37:07</time>
      </trkpt>
      <trkpt lat="46.483319671824574" lon="22.721659345552325">
        <ele>1089.6</ele>
        <time>2025-05-08T11:37:08</time>
      </trkpt>
      <trkpt lat="46.48328279145062" lon="22.721675941720605">
        <ele>1089.8</ele>
        <time>2025-05-08T11:37:12</time>
      </trkpt>
      <trkpt lat="46.483256136998534" lon="22.721722796559334">
        <ele>1089.6</ele>
        <time>2025-05-08T11:37:14</time>
      </trkpt>
      <trkpt lat="46.48316703736782" lon="22.721942653879523">
        <ele>1089.6</ele>
        <time>2025-05-08T11:37:20</time>
      </trkpt>
      <trkpt lat="46.48299059830606" lon="22.722304249182343">
        <ele>1090.0</ele>
        <time>2025-05-08T11:37:27</time>
      </trkpt>
      <trkpt lat="46.48272816091776" lon="22.72284253500402">
        <ele>1090.2</ele>
        <time>2025-05-08T11:37:36</time>
      </trkpt>
      <trkpt lat="46.48247737437487" lon="22.72336883470416">
        <ele>1090.4</ele>
        <time>2025-05-08T11:37:44</time>
      </trkpt>
      <trkpt lat="46.482250140979886" lon="22.723922124132514">
        <ele>1090.6</ele>
        <time>2025-05-08T11:37:52</time>
      </trkpt>
      <trkpt lat="46.482107732445" lon="22.724331496283412">
        <ele>1090.8</ele>
        <time>2025-05-08T11:37:58</time>
      </trkpt>
      <trkpt lat="46.48208384402096" lon="22.724403329193592">
        <ele>1090.8</ele>
        <time>2025-05-08T11:37:59</time>
      </trkpt>
      <trkpt lat="46.48191369138658" lon="22.724913451820612">
        <ele>1091.2</ele>
        <time>2025-05-08T11:38:06</time>
      </trkpt>
      <trkpt lat="46.48169618099928" lon="22.72560386918485">
        <ele>1091.6</ele>
        <time>2025-05-08T11:38:15</time>
      </trkpt>
      <trkpt lat="46.48150113411248" lon="22.726225219666958">
        <ele>1092.0</ele>
        <time>2025-05-08T11:38:23</time>
      </trkpt>
      <trkpt lat="46.481479508802295" lon="22.72629328072071">
        <ele>1092.0</ele>
        <time>2025-05-08T11:38:24</time>
      </trkpt>
      <trkpt lat="46.481389654800296" lon="22.726569212973118">
        <ele>1092.2</ele>
        <time>2025-05-08T11:38:28</time>
      </trkpt>
      <trkpt lat="46.48123190738261" lon="22.72707698866725">
        <ele>1092.4</ele>
        <time>2025-05-08T11:38:35</time>
      </trkpt>
      <trkpt lat="46.481047086417675" lon="22.7276374027133">
        <ele>1092.8</ele>
        <time>2025-05-08T11:38:43</time>
      </trkpt>
      <trkpt lat="46.48088464513421" lon="22.728270068764687">
        <ele>1093.0</ele>
        <time>2025-05-08T11:38:52</time>
      </trkpt>
      <trkpt lat="46.48077961988747" lon="22.728969706222415">
        <ele>1093.2</ele>
        <time>2025-05-08T11:39:01</time>
      </trkpt>
      <trkpt lat="46.480726478621364" lon="22.72959340363741">
        <ele>1093.6</ele>
        <time>2025-05-08T11:39:09</time>
      </trkpt>
      <trkpt lat="46.480683060362935" lon="22.729963045567274">
        <ele>1093.8</ele>
        <time>2025-05-08T11:39:14</time>
      </trkpt>
      <trkpt lat="46.48059739731252" lon="22.730387756600976">
        <ele>1094.0</ele>
        <time>2025-05-08T11:39:20</time>
      </trkpt>
      <trkpt lat="46.480501759797335" lon="22.73081104271114">
        <ele>1094.0</ele>
        <time>2025-05-08T11:39:26</time>
      </trkpt>
      <trkpt lat="46.480403104797006" lon="22.73127573542297">
        <ele>1094.2</ele>
        <time>2025-05-08T11:39:32</time>
      </trkpt>
      <trkpt lat="46.48029011674225" lon="22.731818798929453">
        <ele>1095.2</ele>
        <time>2025-05-08T11:39:39</time>
      </trkpt>
      <trkpt lat="46.48018685169518" lon="22.73232640698552">
        <ele>1096.2</ele>
        <time>2025-05-08T11:39:46</time>
      </trkpt>
      <trkpt lat="46.480087442323565" lon="22.73276662454009">
        <ele>1096.8</ele>
        <time>2025-05-08T11:39:53</time>
      </trkpt>
      <trkpt lat="46.479973532259464" lon="22.733274903148413">
        <ele>1097.6</ele>
        <time>2025-05-08T11:40:01</time>
      </trkpt>
      <trkpt lat="46.47984688170254" lon="22.733668349683285">
        <ele>1098.0</ele>
        <time>2025-05-08T11:40:07</time>
      </trkpt>
      <trkpt lat="46.47961017675698" lon="22.734015779569745">
        <ele>1099.0</ele>
        <time>2025-05-08T11:40:13</time>
      </trkpt>
      <trkpt lat="46.479149758815765" lon="22.734504276886582">
        <ele>1100.0</ele>
        <time>2025-05-08T11:40:22</time>
      </trkpt>
      <trkpt lat="46.479099970310926" lon="22.734555741772056">
        <ele>1100.0</ele>
        <time>2025-05-08T11:40:23</time>
      </trkpt>
      <trkpt lat="46.478859661147" lon="22.73479294963181">
        <ele>1100.4</ele>
        <time>2025-05-08T11:40:28</time>
      </trkpt>
      <trkpt lat="46.47872052155435" lon="22.734950529411435">
        <ele>1100.6</ele>
        <time>2025-05-08T11:40:31</time>
      </trkpt>
      <trkpt lat="46.47857962176204" lon="22.735092854127288">
        <ele>1101.2</ele>
        <time>2025-05-08T11:40:34</time>
      </trkpt>
      <trkpt lat="46.4784537255764" lon="22.735240291804075">
        <ele>1101.6</ele>
        <time>2025-05-08T11:40:37</time>
      </trkpt>
      <trkpt lat="46.47829874418676" lon="22.735432405024767">
        <ele>1102.2</ele>
        <time>2025-05-08T11:40:41</time>
      </trkpt>
      <trkpt lat="46.47821970283985" lon="22.735529635101557">
        <ele>1102.6</ele>
        <time>2025-05-08T11:40:43</time>
      </trkpt>
      <trkpt lat="46.47800847887993" lon="22.73584303446114">
        <ele>1103.2</ele>
        <time>2025-05-08T11:40:49</time>
      </trkpt>
      <trkpt lat="46.47791569121182" lon="22.736004972830415">
        <ele>1103.8</ele>
        <time>2025-05-08T11:40:52</time>
      </trkpt>
      <trkpt lat="46.47782466374338" lon="22.736164228990674">
        <ele>1104.0</ele>
        <time>2025-05-08T11:40:55</time>
      </trkpt>
      <trkpt lat="46.47762157022953" lon="22.736586425453424">
        <ele>1104.8</ele>
        <time>2025-05-08T11:41:02</time>
      </trkpt>
      <trkpt lat="46.47740883752704" lon="22.737087914720178">
        <ele>1105.6</ele>
        <time>2025-05-08T11:41:09</time>
      </trkpt>
      <trkpt lat="46.47731428965926" lon="22.737303832545877">
        <ele>1106.0</ele>
        <time>2025-05-08T11:41:12</time>
      </trkpt>
      <trkpt lat="46.477125780656934" lon="22.737740194424987">
        <ele>1106.8</ele>
        <time>2025-05-08T11:41:18</time>
      </trkpt>
      <trkpt lat="46.47685001604259" lon="22.738346122205257">
        <ele>1107.4</ele>
        <time>2025-05-08T11:41:27</time>
      </trkpt>
      <trkpt lat="46.47667516954243" lon="22.738747280091047">
        <ele>1107.8</ele>
        <time>2025-05-08T11:41:34</time>
      </trkpt>
      <trkpt lat="46.47649076767266" lon="22.739172913134098">
        <ele>1108.4</ele>
        <time>2025-05-08T11:41:42</time>
      </trkpt>
      <trkpt lat="46.47647081874311" lon="22.739231502637267">
        <ele>1108.4</ele>
        <time>2025-05-08T11:41:43</time>
      </trkpt>
      <trkpt lat="46.47638934664428" lon="22.739529982209206">
        <ele>1108.2</ele>
        <time>2025-05-08T11:41:48</time>
      </trkpt>
      <trkpt lat="46.476330338045955" lon="22.739947149530053">
        <ele>1108.2</ele>
        <time>2025-05-08T11:41:54</time>
      </trkpt>
      <trkpt lat="46.476318687200546" lon="22.74010431021452">
        <ele>1107.4</ele>
        <time>2025-05-08T11:41:56</time>
      </trkpt>
      <trkpt lat="46.476324470713735" lon="22.74051477201283">
        <ele>1106.8</ele>
        <time>2025-05-08T11:42:01</time>
      </trkpt>
      <trkpt lat="46.47635892033577" lon="22.74092766456306">
        <ele>1105.8</ele>
        <time>2025-05-08T11:42:06</time>
      </trkpt>
      <trkpt lat="46.47638549096882" lon="22.7410879265517">
        <ele>1105.6</ele>
        <time>2025-05-08T11:42:08</time>
      </trkpt>
      <trkpt lat="46.47648557089269" lon="22.741461927071214">
        <ele>1105.2</ele>
        <time>2025-05-08T11:42:13</time>
      </trkpt>
      <trkpt lat="46.47651105187833" lon="22.741537364199758">
        <ele>1105.0</ele>
        <time>2025-05-08T11:42:14</time>
      </trkpt>
      <trkpt lat="46.476686066016555" lon="22.742141280323267">
        <ele>1104.6</ele>
        <time>2025-05-08T11:42:22</time>
      </trkpt>
      <trkpt lat="46.47671464830637" lon="22.7422983571887">
        <ele>1104.6</ele>
        <time>2025-05-08T11:42:24</time>
      </trkpt>
      <trkpt lat="46.47672914899886" lon="22.742544449865818">
        <ele>1104.6</ele>
        <time>2025-05-08T11:42:27</time>
      </trkpt>
      <trkpt lat="46.47672311402857" lon="22.74296865798533">
        <ele>1104.0</ele>
        <time>2025-05-08T11:42:32</time>
      </trkpt>
      <trkpt lat="46.476673325523734" lon="22.743470231071115">
        <ele>1103.4</ele>
        <time>2025-05-08T11:42:38</time>
      </trkpt>
      <trkpt lat="46.476665027439594" lon="22.743555894121528">
        <ele>1103.2</ele>
        <time>2025-05-08T11:42:39</time>
      </trkpt>
      <trkpt lat="46.47660090588033" lon="22.74418981745839">
        <ele>1102.8</ele>
        <time>2025-05-08T11:42:46</time>
      </trkpt>
      <trkpt lat="46.47658414207399" lon="22.744362484663725">
        <ele>1102.6</ele>
        <time>2025-05-08T11:42:48</time>
      </trkpt>
      <trkpt lat="46.47655162028968" lon="22.744778143242">
        <ele>1101.8</ele>
        <time>2025-05-08T11:42:53</time>
      </trkpt>
      <trkpt lat="46.47654667496681" lon="22.744859363883734">
        <ele>1101.8</ele>
        <time>2025-05-08T11:42:54</time>
      </trkpt>
      <trkpt lat="46.476527731865644" lon="22.745263958349824">
        <ele>1101.0</ele>
        <time>2025-05-08T11:42:59</time>
      </trkpt>
      <trkpt lat="46.4765284024179" lon="22.745348531752825">
        <ele>1101.0</ele>
        <time>2025-05-08T11:43:00</time>
      </trkpt>
      <trkpt lat="46.47648984566331" lon="22.745937947183847">
        <ele>1100.4</ele>
        <time>2025-05-08T11:43:07</time>
      </trkpt>
      <trkpt lat="46.47648096084595" lon="22.74601573124528">
        <ele>1100.2</ele>
        <time>2025-05-08T11:43:08</time>
      </trkpt>
      <trkpt lat="46.47641323506832" lon="22.746442537754774">
        <ele>1099.8</ele>
        <time>2025-05-08T11:43:14</time>
      </trkpt>
      <trkpt lat="46.47638976573944" lon="22.746574552729726">
        <ele>1099.4</ele>
        <time>2025-05-08T11:43:16</time>
      </trkpt>
      <trkpt lat="46.476344000548124" lon="22.74683170951903">
        <ele>1099.2</ele>
        <time>2025-05-08T11:43:20</time>
      </trkpt>
      <trkpt lat="46.47629949264228" lon="22.74708392098546">
        <ele>1098.8</ele>
        <time>2025-05-08T11:43:24</time>
      </trkpt>
      <trkpt lat="46.476247776299715" lon="22.747378209605813">
        <ele>1098.8</ele>
        <time>2025-05-08T11:43:29</time>
      </trkpt>
      <trkpt lat="46.47622506134212" lon="22.747491197660565">
        <ele>1098.4</ele>
        <time>2025-05-08T11:43:31</time>
      </trkpt>
      <trkpt lat="46.476187678053975" lon="22.747684065252542">
        <ele>1097.8</ele>
        <time>2025-05-08T11:43:34</time>
      </trkpt>
      <trkpt lat="46.47614551708102" lon="22.74795949459076">
        <ele>1097.6</ele>
        <time>2025-05-08T11:43:38</time>
      </trkpt>
      <trkpt lat="46.47612866945565" lon="22.748087402433157">
        <ele>1097.6</ele>
        <time>2025-05-08T11:43:40</time>
      </trkpt>
      <trkpt lat="46.47610402666032" lon="22.74827909655869">
        <ele>1097.2</ele>
        <time>2025-05-08T11:43:43</time>
      </trkpt>
      <trkpt lat="46.476098243147135" lon="22.748345900326967">
        <ele>1097.2</ele>
        <time>2025-05-08T11:43:44</time>
      </trkpt>
      <trkpt lat="46.47609706968069" lon="22.748410357162356">
        <ele>1097.0</ele>
        <time>2025-05-08T11:43:45</time>
      </trkpt>
      <trkpt lat="46.476100673899055" lon="22.748613618314266">
        <ele>1097.0</ele>
        <time>2025-05-08T11:43:48</time>
      </trkpt>
      <trkpt lat="46.47610645741224" lon="22.748685954138637">
        <ele>1097.0</ele>
        <time>2025-05-08T11:43:49</time>
      </trkpt>
      <trkpt lat="46.4761240594089" lon="22.74882827885449">
        <ele>1096.6</ele>
        <time>2025-05-08T11:43:51</time>
      </trkpt>
      <trkpt lat="46.476217433810234" lon="22.749248798936605">
        <ele>1096.2</ele>
        <time>2025-05-08T11:43:57</time>
      </trkpt>
      <trkpt lat="46.476237969473004" lon="22.749319123104215">
        <ele>1096.2</ele>
        <time>2025-05-08T11:43:58</time>
      </trkpt>
      <trkpt lat="46.476358165964484" lon="22.749709049239755">
        <ele>1095.4</ele>
        <time>2025-05-08T11:44:04</time>
      </trkpt>
      <trkpt lat="46.47637543268502" lon="22.749775182455778">
        <ele>1095.6</ele>
        <time>2025-05-08T11:44:05</time>
      </trkpt>
      <trkpt lat="46.476484732702374" lon="22.750232247635722">
        <ele>1095.0</ele>
        <time>2025-05-08T11:44:12</time>
      </trkpt>
      <trkpt lat="46.476491102948785" lon="22.750300727784634">
        <ele>1095.0</ele>
        <time>2025-05-08T11:44:13</time>
      </trkpt>
      <trkpt lat="46.47649101912975" lon="22.750734155997634">
        <ele>1094.4</ele>
        <time>2025-05-08T11:44:19</time>
      </trkpt>
      <trkpt lat="46.47648758254945" lon="22.750811018049717">
        <ele>1094.4</ele>
        <time>2025-05-08T11:44:20</time>
      </trkpt>
      <trkpt lat="46.47647241130471" lon="22.751219803467393">
        <ele>1093.8</ele>
        <time>2025-05-08T11:44:26</time>
      </trkpt>
      <trkpt lat="46.4764557313174" lon="22.75130948983133">
        <ele>1093.4</ele>
        <time>2025-05-08T11:44:29</time>
      </trkpt>
      <trkpt lat="46.4764438290149" lon="22.75132231414318">
        <ele>1093.2</ele>
        <time>2025-05-08T11:44:30</time>
      </trkpt>
      <trkpt lat="46.47641499526799" lon="22.751351986080408">
        <ele>1093.0</ele>
        <time>2025-05-08T11:44:33</time>
      </trkpt>
      <trkpt lat="46.47641323506832" lon="22.751358691602945">
        <ele>1093.0</ele>
        <time>2025-05-08T11:44:36</time>
      </trkpt>
      <trkpt lat="46.476417761296034" lon="22.751350896432996">
        <ele>1092.4</ele>
        <time>2025-05-08T11:44:43</time>
      </trkpt>
      <trkpt lat="46.476417845115066" lon="22.751349806785583">
        <ele>1092.0</ele>
        <time>2025-05-08T11:44:46</time>
      </trkpt>
      <trkpt lat="46.476417845115066" lon="22.75134922005236">
        <ele>1091.8</ele>
        <time>2025-05-08T11:44:48</time>
      </trkpt>
      <trkpt lat="46.47640828974545" lon="22.751350477337837">
        <ele>1091.0</ele>
        <time>2025-05-08T11:44:54</time>
      </trkpt>
      <trkpt lat="46.47641457617283" lon="22.751345448195934">
        <ele>1090.4</ele>
        <time>2025-05-08T11:45:01</time>
      </trkpt>
      <trkpt lat="46.47641700692475" lon="22.751343939453363">
        <ele>1090.0</ele>
        <time>2025-05-08T11:45:04</time>
      </trkpt>
      <trkpt lat="46.476415330544114" lon="22.751345364376903">
        <ele>1089.4</ele>
        <time>2025-05-08T11:45:07</time>
      </trkpt>
      <trkpt lat="46.4764211140573" lon="22.75134125724435">
        <ele>1088.8</ele>
        <time>2025-05-08T11:45:13</time>
      </trkpt>
      <trkpt lat="46.4764126483351" lon="22.751341592520475">
        <ele>1088.2</ele>
        <time>2025-05-08T11:45:18</time>
      </trkpt>
      <trkpt lat="46.47640887647867" lon="22.751343017444015">
        <ele>1088.2</ele>
        <time>2025-05-08T11:45:19</time>
      </trkpt>
      <trkpt lat="46.4764020871371" lon="22.75134578347206">
        <ele>1087.4</ele>
        <time>2025-05-08T11:45:24</time>
      </trkpt>
      <trkpt lat="46.47639789618552" lon="22.75135600939393">
        <ele>1086.8</ele>
        <time>2025-05-08T11:45:30</time>
      </trkpt>
      <trkpt lat="46.4763986505568" lon="22.75135550647974">
        <ele>1086.6</ele>
        <time>2025-05-08T11:45:31</time>
      </trkpt>
      <trkpt lat="46.4764004945755" lon="22.751360535621643">
        <ele>1086.2</ele>
        <time>2025-05-08T11:45:38</time>
      </trkpt>
      <trkpt lat="46.47640342824161" lon="22.751360787078738">
        <ele>1085.8</ele>
        <time>2025-05-08T11:45:39</time>
      </trkpt>
      <trkpt lat="46.47640543989837" lon="22.751364056020975">
        <ele>1085.2</ele>
        <time>2025-05-08T11:45:42</time>
      </trkpt>
      <trkpt lat="46.47640191949904" lon="22.75136522948742">
        <ele>1084.6</ele>
        <time>2025-05-08T11:45:49</time>
      </trkpt>
      <trkpt lat="46.47640728391707" lon="22.75135986506939">
        <ele>1083.8</ele>
        <time>2025-05-08T11:45:55</time>
      </trkpt>
      <trkpt lat="46.47641013376415" lon="22.75135693140328">
        <ele>1082.6</ele>
        <time>2025-05-08T11:46:01</time>
      </trkpt>
      <trkpt lat="46.476411474868655" lon="22.751356596127152">
        <ele>1081.8</ele>
        <time>2025-05-08T11:46:03</time>
      </trkpt>
      <trkpt lat="46.476407116279006" lon="22.751357266679406">
        <ele>1080.8</ele>
        <time>2025-05-08T11:46:08</time>
      </trkpt>
      <trkpt lat="46.476410469040275" lon="22.751355338841677">
        <ele>1080.6</ele>
        <time>2025-05-08T11:46:10</time>
      </trkpt>
      <trkpt lat="46.476410049945116" lon="22.751350225880742">
        <ele>1080.2</ele>
        <time>2025-05-08T11:46:15</time>
      </trkpt>
      <trkpt lat="46.47640535607934" lon="22.751347459852695">
        <ele>1079.4</ele>
        <time>2025-05-08T11:46:22</time>
      </trkpt>
      <trkpt lat="46.47640493698418" lon="22.75134075433016">
        <ele>1078.6</ele>
        <time>2025-05-08T11:46:28</time>
      </trkpt>
      <trkpt lat="46.47640527226031" lon="22.751338239759207">
        <ele>1077.6</ele>
        <time>2025-05-08T11:46:34</time>
      </trkpt>
      <trkpt lat="46.476405607536435" lon="22.751337820664048">
        <ele>1077.6</ele>
        <time>2025-05-08T11:46:35</time>
      </trkpt>
      <trkpt lat="46.476407535374165" lon="22.751337653025985">
        <ele>1076.8</ele>
        <time>2025-05-08T11:46:39</time>
      </trkpt>
      <trkpt lat="46.47640778683126" lon="22.751333210617304">
        <ele>1076.2</ele>
        <time>2025-05-08T11:46:45</time>
      </trkpt>
      <trkpt lat="46.47642279043794" lon="22.75132717564702">
        <ele>1075.4</ele>
        <time>2025-05-08T11:46:51</time>
      </trkpt>
      <trkpt lat="46.47644097916782" lon="22.75134284980595">
        <ele>1075.2</ele>
        <time>2025-05-08T11:46:55</time>
      </trkpt>
      <trkpt lat="46.4764541387558" lon="22.751386519521475">
        <ele>1075.0</ele>
        <time>2025-05-08T11:46:57</time>
      </trkpt>
      <trkpt lat="46.47645715624094" lon="22.751482240855694">
        <ele>1074.6</ele>
        <time>2025-05-08T11:46:59</time>
      </trkpt>
      <trkpt lat="46.47647190839052" lon="22.75159447453916">
        <ele>1074.4</ele>
        <time>2025-05-08T11:47:01</time>
      </trkpt>
      <trkpt lat="46.47648548707366" lon="22.75165448896587">
        <ele>1074.4</ele>
        <time>2025-05-08T11:47:02</time>
      </trkpt>
      <trkpt lat="46.47651222534478" lon="22.751780468970537">
        <ele>1074.2</ele>
        <time>2025-05-08T11:47:04</time>
      </trkpt>
      <trkpt lat="46.476542400196195" lon="22.751915752887726">
        <ele>1074.0</ele>
        <time>2025-05-08T11:47:06</time>
      </trkpt>
      <trkpt lat="46.476625548675656" lon="22.752319676801562">
        <ele>1074.0</ele>
        <time>2025-05-08T11:47:11</time>
      </trkpt>
      <trkpt lat="46.47673962637782" lon="22.752867937088013">
        <ele>1074.2</ele>
        <time>2025-05-08T11:47:17</time>
      </trkpt>
      <trkpt lat="46.476866444572806" lon="22.753480821847916">
        <ele>1075.4</ele>
        <time>2025-05-08T11:47:24</time>
      </trkpt>
      <trkpt lat="46.476893182843924" lon="22.753898575901985">
        <ele>1076.0</ele>
        <time>2025-05-08T11:47:29</time>
      </trkpt>
      <trkpt lat="46.476890332996845" lon="22.75397594086826">
        <ele>1076.2</ele>
        <time>2025-05-08T11:47:30</time>
      </trkpt>
      <trkpt lat="46.47688287310302" lon="22.754051545634866">
        <ele>1076.6</ele>
        <time>2025-05-08T11:47:31</time>
      </trkpt>
      <trkpt lat="46.47682453505695" lon="22.754253884777427">
        <ele>1077.0</ele>
        <time>2025-05-08T11:47:34</time>
      </trkpt>
      <trkpt lat="46.476717330515385" lon="22.754437532275915">
        <ele>1077.4</ele>
        <time>2025-05-08T11:47:37</time>
      </trkpt>
      <trkpt lat="46.47663694806397" lon="22.754559321328998">
        <ele>1077.8</ele>
        <time>2025-05-08T11:47:39</time>
      </trkpt>
      <trkpt lat="46.47632530890405" lon="22.755026193335652">
        <ele>1079.0</ele>
        <time>2025-05-08T11:47:47</time>
      </trkpt>
      <trkpt lat="46.47623092867434" lon="22.75521805509925">
        <ele>1079.4</ele>
        <time>2025-05-08T11:47:50</time>
      </trkpt>
      <trkpt lat="46.47619362920523" lon="22.755371443927288">
        <ele>1079.4</ele>
        <time>2025-05-08T11:47:52</time>
      </trkpt>
      <trkpt lat="46.476172506809235" lon="22.755629774183035">
        <ele>1079.8</ele>
        <time>2025-05-08T11:47:55</time>
      </trkpt>
      <trkpt lat="46.476174937561154" lon="22.75580445304513">
        <ele>1080.2</ele>
        <time>2025-05-08T11:47:57</time>
      </trkpt>
      <trkpt lat="46.4762191940099" lon="22.756614815443754">
        <ele>1081.0</ele>
        <time>2025-05-08T11:48:06</time>
      </trkpt>
      <trkpt lat="46.47624987177551" lon="22.757341777905822">
        <ele>1081.6</ele>
        <time>2025-05-08T11:48:14</time>
      </trkpt>
      <trkpt lat="46.47625448182225" lon="22.757436325773597">
        <ele>1081.8</ele>
        <time>2025-05-08T11:48:15</time>
      </trkpt>
      <trkpt lat="46.476295217871666" lon="22.758197402581573">
        <ele>1082.4</ele>
        <time>2025-05-08T11:48:23</time>
      </trkpt>
      <trkpt lat="46.47633343935013" lon="22.75898194871843">
        <ele>1082.6</ele>
        <time>2025-05-08T11:48:31</time>
      </trkpt>
      <trkpt lat="46.4763402286917" lon="22.759076664224267">
        <ele>1082.6</ele>
        <time>2025-05-08T11:48:32</time>
      </trkpt>
      <trkpt lat="46.47636051289737" lon="22.75982826948166">
        <ele>1082.8</ele>
        <time>2025-05-08T11:48:40</time>
      </trkpt>
      <trkpt lat="46.47633737884462" lon="22.760459762066603">
        <ele>1082.8</ele>
        <time>2025-05-08T11:48:47</time>
      </trkpt>
      <trkpt lat="46.47630804218352" lon="22.760875755921006">
        <ele>1082.8</ele>
        <time>2025-05-08T11:48:52</time>
      </trkpt>
      <trkpt lat="46.476295720785856" lon="22.761032665148377">
        <ele>1082.6</ele>
        <time>2025-05-08T11:48:54</time>
      </trkpt>
      <trkpt lat="46.47624718956649" lon="22.76159131899476">
        <ele>1082.8</ele>
        <time>2025-05-08T11:49:01</time>
      </trkpt>
      <trkpt lat="46.476225815713406" lon="22.761662732809782">
        <ele>1083.0</ele>
        <time>2025-05-08T11:49:02</time>
      </trkpt>
      <trkpt lat="46.47606588900089" lon="22.76191477663815">
        <ele>1083.0</ele>
        <time>2025-05-08T11:49:06</time>
      </trkpt>
      <trkpt lat="46.47583647631109" lon="22.762052826583385">
        <ele>1083.2</ele>
        <time>2025-05-08T11:49:10</time>
      </trkpt>
      <trkpt lat="46.47544336505234" lon="22.762220464646816">
        <ele>1083.8</ele>
        <time>2025-05-08T11:49:16</time>
      </trkpt>
      <trkpt lat="46.47503927350044" lon="22.762269666418433">
        <ele>1084.6</ele>
        <time>2025-05-08T11:49:22</time>
      </trkpt>
      <trkpt lat="46.47466401569545" lon="22.762293219566345">
        <ele>1084.8</ele>
        <time>2025-05-08T11:49:28</time>
      </trkpt>
      <trkpt lat="46.474603582173586" lon="22.762312833219767">
        <ele>1084.8</ele>
        <time>2025-05-08T11:49:29</time>
      </trkpt>
      <trkpt lat="46.474363608285785" lon="22.762435963377357">
        <ele>1085.0</ele>
        <time>2025-05-08T11:49:33</time>
      </trkpt>
      <trkpt lat="46.47394903935492" lon="22.762650791555643">
        <ele>1085.2</ele>
        <time>2025-05-08T11:49:40</time>
      </trkpt>
      <trkpt lat="46.473758686333895" lon="22.76265355758369">
        <ele>1085.2</ele>
        <time>2025-05-08T11:49:43</time>
      </trkpt>
      <trkpt lat="46.473691798746586" lon="22.76263603940606">
        <ele>1085.2</ele>
        <time>2025-05-08T11:49:44</time>
      </trkpt>
      <trkpt lat="46.47321369498968" lon="22.762509807944298">
        <ele>1085.4</ele>
        <time>2025-05-08T11:49:51</time>
      </trkpt>
      <trkpt lat="46.47308235056698" lon="22.762467144057155">
        <ele>1085.4</ele>
        <time>2025-05-08T11:49:53</time>
      </trkpt>
      <trkpt lat="46.472828797996044" lon="22.762341666966677">
        <ele>1085.4</ele>
        <time>2025-05-08T11:49:57</time>
      </trkpt>
      <trkpt lat="46.47255018353462" lon="22.762109907343984">
        <ele>1085.4</ele>
        <time>2025-05-08T11:50:02</time>
      </trkpt>
      <trkpt lat="46.47241121158004" lon="22.761912429705262">
        <ele>1085.2</ele>
        <time>2025-05-08T11:50:05</time>
      </trkpt>
      <trkpt lat="46.47234432399273" lon="22.761754263192415">
        <ele>1085.2</ele>
        <time>2025-05-08T11:50:07</time>
      </trkpt>
      <trkpt lat="46.47230476140976" lon="22.76159668341279">
        <ele>1085.0</ele>
        <time>2025-05-08T11:50:09</time>
      </trkpt>
      <trkpt lat="46.47229705005884" lon="22.76152040809393">
        <ele>1085.2</ele>
        <time>2025-05-08T11:50:10</time>
      </trkpt>
      <trkpt lat="46.47229109890759" lon="22.761436589062214">
        <ele>1085.2</ele>
        <time>2025-05-08T11:50:11</time>
      </trkpt>
      <trkpt lat="46.472295792773366" lon="22.7609296515584">
        <ele>1085.0</ele>
        <time>2025-05-08T11:50:17</time>
      </trkpt>
      <trkpt lat="46.47228523157537" lon="22.760640559718013">
        <ele>1084.6</ele>
        <time>2025-05-08T11:50:21</time>
      </trkpt>
      <trkpt lat="46.47227383218706" lon="22.76058029383421">
        <ele>1084.8</ele>
        <time>2025-05-08T11:50:22</time>
      </trkpt>
      <trkpt lat="46.4721766859293" lon="22.760415505617857">
        <ele>1084.8</ele>
        <time>2025-05-08T11:50:26</time>
      </trkpt>
      <trkpt lat="46.47197501733899" lon="22.76024862192571">
        <ele>1084.8</ele>
        <time>2025-05-08T11:50:33</time>
      </trkpt>
      <trkpt lat="46.47176865488291" lon="22.760146530345082">
        <ele>1084.8</ele>
        <time>2025-05-08T11:50:40</time>
      </trkpt>
      <trkpt lat="46.47173848003149" lon="22.760136807337403">
        <ele>1084.8</ele>
        <time>2025-05-08T11:50:41</time>
      </trkpt>
      <trkpt lat="46.47153211757541" lon="22.76005692780018">
        <ele>1084.4</ele>
        <time>2025-05-08T11:50:48</time>
      </trkpt>
      <trkpt lat="46.47143505513668" lon="22.760058268904686">
        <ele>1084.2</ele>
        <time>2025-05-08T11:50:51</time>
      </trkpt>
      <trkpt lat="46.47132852114737" lon="22.76006673462689">
        <ele>1084.0</ele>
        <time>2025-05-08T11:50:54</time>
      </trkpt>
      <trkpt lat="46.47109315730631" lon="22.76008333079517">
        <ele>1083.8</ele>
        <time>2025-05-08T11:51:00</time>
      </trkpt>
      <trkpt lat="46.471054600551724" lon="22.76008626446128">
        <ele>1083.6</ele>
        <time>2025-05-08T11:51:01</time>
      </trkpt>
      <trkpt lat="46.47082711569965" lon="22.76011912152171">
        <ele>1083.0</ele>
        <time>2025-05-08T11:51:07</time>
      </trkpt>
      <trkpt lat="46.47078663110733" lon="22.76013035327196">
        <ele>1083.0</ele>
        <time>2025-05-08T11:51:08</time>
      </trkpt>
      <trkpt lat="46.47053165361285" lon="22.760189697146416">
        <ele>1082.4</ele>
        <time>2025-05-08T11:51:14</time>
      </trkpt>
      <trkpt lat="46.470482451841235" lon="22.760197995230556">
        <ele>1082.4</ele>
        <time>2025-05-08T11:51:15</time>
      </trkpt>
      <trkpt lat="46.470376839861274" lon="22.760219033807516">
        <ele>1082.2</ele>
        <time>2025-05-08T11:51:17</time>
      </trkpt>
      <trkpt lat="46.470218086615205" lon="22.760261530056596">
        <ele>1082.0</ele>
        <time>2025-05-08T11:51:20</time>
      </trkpt>
      <trkpt lat="46.46995489485562" lon="22.760326322168112">
        <ele>1082.0</ele>
        <time>2025-05-08T11:51:24</time>
      </trkpt>
      <trkpt lat="46.46981474943459" lon="22.760340236127377">
        <ele>1082.0</ele>
        <time>2025-05-08T11:51:26</time>
      </trkpt>
      <trkpt lat="46.46941551938653" lon="22.760310312733054">
        <ele>1081.6</ele>
        <time>2025-05-08T11:51:32</time>
      </trkpt>
      <trkpt lat="46.469282414764166" lon="22.760324645787477">
        <ele>1081.6</ele>
        <time>2025-05-08T11:51:34</time>
      </trkpt>
      <trkpt lat="46.46914939396083" lon="22.760366136208177">
        <ele>1081.4</ele>
        <time>2025-05-08T11:51:36</time>
      </trkpt>
      <trkpt lat="46.46908082999289" lon="22.76039899326861">
        <ele>1081.2</ele>
        <time>2025-05-08T11:51:37</time>
      </trkpt>
      <trkpt lat="46.46901050582528" lon="22.760442411527038">
        <ele>1081.4</ele>
        <time>2025-05-08T11:51:38</time>
      </trkpt>
      <trkpt lat="46.46873926743865" lon="22.76065262965858">
        <ele>1080.6</ele>
        <time>2025-05-08T11:51:42</time>
      </trkpt>
      <trkpt lat="46.46835805848241" lon="22.7609521150589">
        <ele>1080.4</ele>
        <time>2025-05-08T11:51:48</time>
      </trkpt>
      <trkpt lat="46.46818128414452" lon="22.761072060093284">
        <ele>1080.0</ele>
        <time>2025-05-08T11:51:51</time>
      </trkpt>
      <trkpt lat="46.468060752376914" lon="22.76116082444787">
        <ele>1080.0</ele>
        <time>2025-05-08T11:51:53</time>
      </trkpt>
      <trkpt lat="46.46770879626274" lon="22.761433571577072">
        <ele>1080.0</ele>
        <time>2025-05-08T11:51:59</time>
      </trkpt>
      <trkpt lat="46.46731534972787" lon="22.761776307597756">
        <ele>1079.8</ele>
        <time>2025-05-08T11:52:06</time>
      </trkpt>
      <trkpt lat="46.46726405248046" lon="22.761840345337987">
        <ele>1079.8</ele>
        <time>2025-05-08T11:52:07</time>
      </trkpt>
      <trkpt lat="46.4670255035162" lon="22.76218735612929">
        <ele>1079.6</ele>
        <time>2025-05-08T11:52:12</time>
      </trkpt>
      <trkpt lat="46.46686063148081" lon="22.762471586465836">
        <ele>1079.8</ele>
        <time>2025-05-08T11:52:16</time>
      </trkpt>
      <trkpt lat="46.46679734811187" lon="22.762611648067832">
        <ele>1079.6</ele>
        <time>2025-05-08T11:52:18</time>
      </trkpt>
      <trkpt lat="46.46674169227481" lon="22.76276637800038">
        <ele>1079.4</ele>
        <time>2025-05-08T11:52:20</time>
      </trkpt>
      <trkpt lat="46.46666298620403" lon="22.763106180354953">
        <ele>1079.4</ele>
        <time>2025-05-08T11:52:24</time>
      </trkpt>
      <trkpt lat="46.46652149967849" lon="22.763684364035726">
        <ele>1079.4</ele>
        <time>2025-05-08T11:52:31</time>
      </trkpt>
      <trkpt lat="46.46640373393893" lon="22.764146709814668">
        <ele>1079.6</ele>
        <time>2025-05-08T11:52:37</time>
      </trkpt>
      <trkpt lat="46.46633433178067" lon="22.764300014823675">
        <ele>1079.6</ele>
        <time>2025-05-08T11:52:39</time>
      </trkpt>
      <trkpt lat="46.46621103398502" lon="22.76452406309545">
        <ele>1079.8</ele>
        <time>2025-05-08T11:52:42</time>
      </trkpt>
      <trkpt lat="46.46590718999505" lon="22.765000658109784">
        <ele>1080.0</ele>
        <time>2025-05-08T11:52:49</time>
      </trkpt>
      <trkpt lat="46.46568523719907" lon="22.765453113242984">
        <ele>1080.0</ele>
        <time>2025-05-08T11:52:55</time>
      </trkpt>
      <trkpt lat="46.465530674904585" lon="22.765989052131772">
        <ele>1080.2</ele>
        <time>2025-05-08T11:53:01</time>
      </trkpt>
      <trkpt lat="46.46535222418606" lon="22.766625238582492">
        <ele>1080.4</ele>
        <time>2025-05-08T11:53:08</time>
      </trkpt>
      <trkpt lat="46.46528374403715" lon="22.7667922899127">
        <ele>1080.4</ele>
        <time>2025-05-08T11:53:10</time>
      </trkpt>
      <trkpt lat="46.46517511457205" lon="22.76703553274274">
        <ele>1080.4</ele>
        <time>2025-05-08T11:53:13</time>
      </trkpt>
      <trkpt lat="46.464929189532995" lon="22.767565604299307">
        <ele>1080.4</ele>
        <time>2025-05-08T11:53:19</time>
      </trkpt>
      <trkpt lat="46.46468058228493" lon="22.76810221374035">
        <ele>1080.2</ele>
        <time>2025-05-08T11:53:25</time>
      </trkpt>
      <trkpt lat="46.46463280543685" lon="22.768169855698943">
        <ele>1080.4</ele>
        <time>2025-05-08T11:53:26</time>
      </trkpt>
      <trkpt lat="46.464426442980766" lon="22.768400609493256">
        <ele>1080.2</ele>
        <time>2025-05-08T11:53:30</time>
      </trkpt>
      <trkpt lat="46.464363830164075" lon="22.76843162253499">
        <ele>1080.2</ele>
        <time>2025-05-08T11:53:31</time>
      </trkpt>
      <trkpt lat="46.464156713336706" lon="22.76843497529626">
        <ele>1080.0</ele>
        <time>2025-05-08T11:53:34</time>
      </trkpt>
      <trkpt lat="46.46408521570265" lon="22.76840815320611">
        <ele>1080.0</ele>
        <time>2025-05-08T11:53:35</time>
      </trkpt>
      <trkpt lat="46.46389687433839" lon="22.768269181251526">
        <ele>1079.8</ele>
        <time>2025-05-08T11:53:38</time>
      </trkpt>
      <trkpt lat="46.46384507417679" lon="22.768210591748357">
        <ele>1079.8</ele>
        <time>2025-05-08T11:53:39</time>
      </trkpt>
      <trkpt lat="46.46363846026361" lon="22.76799517683685">
        <ele>1079.6</ele>
        <time>2025-05-08T11:53:43</time>
      </trkpt>
      <trkpt lat="46.463582050055265" lon="22.76796391233802">
        <ele>1079.6</ele>
        <time>2025-05-08T11:53:44</time>
      </trkpt>
      <trkpt lat="46.4634695649147" lon="22.767934575676918">
        <ele>1079.6</ele>
        <time>2025-05-08T11:53:46</time>
      </trkpt>
      <trkpt lat="46.46341525018215" lon="22.767941784113646">
        <ele>1079.6</ele>
        <time>2025-05-08T11:53:47</time>
      </trkpt>
      <trkpt lat="46.46322506479919" lon="22.76809450238943">
        <ele>1079.4</ele>
        <time>2025-05-08T11:53:51</time>
      </trkpt>
      <trkpt lat="46.46300872787833" lon="22.768443021923304">
        <ele>1079.4</ele>
        <time>2025-05-08T11:53:56</time>
      </trkpt>
      <trkpt lat="46.462942929938436" lon="22.768594902008772">
        <ele>1079.2</ele>
        <time>2025-05-08T11:53:58</time>
      </trkpt>
      <trkpt lat="46.46282834932208" lon="22.76890804991126">
        <ele>1079.2</ele>
        <time>2025-05-08T11:54:02</time>
      </trkpt>
      <trkpt lat="46.462656604126096" lon="22.769314739853144">
        <ele>1078.6</ele>
        <time>2025-05-08T11:54:07</time>
      </trkpt>
      <trkpt lat="46.46262223832309" lon="22.76939168572426">
        <ele>1078.6</ele>
        <time>2025-05-08T11:54:08</time>
      </trkpt>
      <trkpt lat="46.46244278177619" lon="22.7698661852628">
        <ele>1078.2</ele>
        <time>2025-05-08T11:54:14</time>
      </trkpt>
      <trkpt lat="46.46241495385766" lon="22.769945645704865">
        <ele>1078.0</ele>
        <time>2025-05-08T11:54:15</time>
      </trkpt>
      <trkpt lat="46.462336583063006" lon="22.7701769862324">
        <ele>1077.8</ele>
        <time>2025-05-08T11:54:18</time>
      </trkpt>
      <trkpt lat="46.46230791695416" lon="22.77033179998398">
        <ele>1077.8</ele>
        <time>2025-05-08T11:54:20</time>
      </trkpt>
      <trkpt lat="46.462246142327785" lon="22.77074771001935">
        <ele>1077.4</ele>
        <time>2025-05-08T11:54:25</time>
      </trkpt>
      <trkpt lat="46.46223013289273" lon="22.770832870155573">
        <ele>1077.4</ele>
        <time>2025-05-08T11:54:26</time>
      </trkpt>
      <trkpt lat="46.46217841655016" lon="22.771397475153208">
        <ele>1077.0</ele>
        <time>2025-05-08T11:54:32</time>
      </trkpt>
      <trkpt lat="46.46217120811343" lon="22.771486826241016">
        <ele>1077.0</ele>
        <time>2025-05-08T11:54:33</time>
      </trkpt>
      <trkpt lat="46.46212083287537" lon="22.771938191726804">
        <ele>1076.6</ele>
        <time>2025-05-08T11:54:38</time>
      </trkpt>
      <trkpt lat="46.46209878847003" lon="22.772403554990888">
        <ele>1076.4</ele>
        <time>2025-05-08T11:54:43</time>
      </trkpt>
      <trkpt lat="46.46210608072579" lon="22.772583179175854">
        <ele>1076.4</ele>
        <time>2025-05-08T11:54:45</time>
      </trkpt>
      <trkpt lat="46.46213290281594" lon="22.772928178310394">
        <ele>1076.2</ele>
        <time>2025-05-08T11:54:49</time>
      </trkpt>
      <trkpt lat="46.462141536176205" lon="22.773016775026917">
        <ele>1076.2</ele>
        <time>2025-05-08T11:54:50</time>
      </trkpt>
      <trkpt lat="46.462171878665686" lon="22.77329245582223">
        <ele>1076.0</ele>
        <time>2025-05-08T11:54:53</time>
      </trkpt>
      <trkpt lat="46.46219023503363" lon="22.773481970652938">
        <ele>1076.0</ele>
        <time>2025-05-08T11:54:55</time>
      </trkpt>
      <trkpt lat="46.462227534502745" lon="22.773936269804835">
        <ele>1075.6</ele>
        <time>2025-05-08T11:55:00</time>
      </trkpt>
      <trkpt lat="46.46224991418421" lon="22.774313036352396">
        <ele>1075.4</ele>
        <time>2025-05-08T11:55:04</time>
      </trkpt>
      <trkpt lat="46.4622990321368" lon="22.774940505623817">
        <ele>1075.0</ele>
        <time>2025-05-08T11:55:11</time>
      </trkpt>
      <trkpt lat="46.46235175430775" lon="22.7757097966969">
        <ele>1074.8</ele>
        <time>2025-05-08T11:55:20</time>
      </trkpt>
      <trkpt lat="46.46235871128738" lon="22.77580250054598">
        <ele>1074.2</ele>
        <time>2025-05-08T11:55:21</time>
      </trkpt>
      <trkpt lat="46.46240875124931" lon="22.776352018117905">
        <ele>1073.8</ele>
        <time>2025-05-08T11:55:27</time>
      </trkpt>
      <trkpt lat="46.46242970600724" lon="22.77663222514093">
        <ele>1073.6</ele>
        <time>2025-05-08T11:55:30</time>
      </trkpt>
      <trkpt lat="46.462444961071014" lon="22.77700806967914">
        <ele>1073.6</ele>
        <time>2025-05-08T11:55:34</time>
      </trkpt>
      <trkpt lat="46.46248787641525" lon="22.777537303045392">
        <ele>1073.2</ele>
        <time>2025-05-08T11:55:40</time>
      </trkpt>
      <trkpt lat="46.46251260302961" lon="22.77771315537393">
        <ele>1073.2</ele>
        <time>2025-05-08T11:55:42</time>
      </trkpt>
      <trkpt lat="46.46256934851408" lon="22.777974922209978">
        <ele>1073.0</ele>
        <time>2025-05-08T11:55:45</time>
      </trkpt>
      <trkpt lat="46.46259826608002" lon="22.778056897222996">
        <ele>1073.0</ele>
        <time>2025-05-08T11:55:46</time>
      </trkpt>
      <trkpt lat="46.46278962492943" lon="22.778406841680408">
        <ele>1072.8</ele>
        <time>2025-05-08T11:55:51</time>
      </trkpt>
      <trkpt lat="46.46307561546564" lon="22.778903301805258">
        <ele>1072.6</ele>
        <time>2025-05-08T11:55:58</time>
      </trkpt>
      <trkpt lat="46.46334299817681" lon="22.77946287766099">
        <ele>1072.2</ele>
        <time>2025-05-08T11:56:05</time>
      </trkpt>
      <trkpt lat="46.46338574588299" lon="22.77953278273344">
        <ele>1072.2</ele>
        <time>2025-05-08T11:56:06</time>
      </trkpt>
      <trkpt lat="46.46373141556978" lon="22.780083809047937">
        <ele>1072.0</ele>
        <time>2025-05-08T11:56:14</time>
      </trkpt>
      <trkpt lat="46.46377483382821" lon="22.78015631251037">
        <ele>1071.8</ele>
        <time>2025-05-08T11:56:15</time>
      </trkpt>
      <trkpt lat="46.46409468725324" lon="22.780742207542062">
        <ele>1071.6</ele>
        <time>2025-05-08T11:56:23</time>
      </trkpt>
      <trkpt lat="46.46435486152768" lon="22.78123958967626">
        <ele>1071.4</ele>
        <time>2025-05-08T11:56:30</time>
      </trkpt>
      <trkpt lat="46.464632553979754" lon="22.781754238530993">
        <ele>1071.2</ele>
        <time>2025-05-08T11:56:38</time>
      </trkpt>
      <trkpt lat="46.46467077545822" lon="22.781823640689254">
        <ele>1071.2</ele>
        <time>2025-05-08T11:56:39</time>
      </trkpt>
      <trkpt lat="46.46492784842849" lon="22.782336696982384">
        <ele>1071.0</ele>
        <time>2025-05-08T11:56:46</time>
      </trkpt>
      <trkpt lat="46.46499540656805" lon="22.782485224306583">
        <ele>1070.8</ele>
        <time>2025-05-08T11:56:48</time>
      </trkpt>
      <trkpt lat="46.46514049731195" lon="22.782867439091206">
        <ele>1070.6</ele>
        <time>2025-05-08T11:56:53</time>
      </trkpt>
      <trkpt lat="46.46528500132263" lon="22.783358031883836">
        <ele>1070.4</ele>
        <time>2025-05-08T11:56:59</time>
      </trkpt>
      <trkpt lat="46.46532313898206" lon="22.78351460583508">
        <ele>1070.4</ele>
        <time>2025-05-08T11:57:01</time>
      </trkpt>
      <trkpt lat="46.465467140078545" lon="22.784178955480456">
        <ele>1070.0</ele>
        <time>2025-05-08T11:57:09</time>
      </trkpt>
      <trkpt lat="46.46554492413998" lon="22.78474548831582">
        <ele>1069.8</ele>
        <time>2025-05-08T11:57:16</time>
      </trkpt>
      <trkpt lat="46.46554299630225" lon="22.78482846915722">
        <ele>1069.6</ele>
        <time>2025-05-08T11:57:17</time>
      </trkpt>
      <trkpt lat="46.465473007410765" lon="22.785065760836005">
        <ele>1069.8</ele>
        <time>2025-05-08T11:57:20</time>
      </trkpt>
      <trkpt lat="46.465392876416445" lon="22.785206492990255">
        <ele>1069.8</ele>
        <time>2025-05-08T11:57:22</time>
      </trkpt>
      <trkpt lat="46.46535146981478" lon="22.78527463786304">
        <ele>1069.6</ele>
        <time>2025-05-08T11:57:23</time>
      </trkpt>
      <trkpt lat="46.46526765078306" lon="22.785409754142165">
        <ele>1069.6</ele>
        <time>2025-05-08T11:57:25</time>
      </trkpt>
      <trkpt lat="46.464868169277906" lon="22.786014676094055">
        <ele>1069.4</ele>
        <time>2025-05-08T11:57:34</time>
      </trkpt>
      <trkpt lat="46.46477974019945" lon="22.786147193983197">
        <ele>1069.4</ele>
        <time>2025-05-08T11:57:36</time>
      </trkpt>
      <trkpt lat="46.46453934721649" lon="22.786488002166152">
        <ele>1069.4</ele>
        <time>2025-05-08T11:57:41</time>
      </trkpt>
      <trkpt lat="46.464150762185454" lon="22.7869966160506">
        <ele>1069.4</ele>
        <time>2025-05-08T11:57:49</time>
      </trkpt>
      <trkpt lat="46.46401455625892" lon="22.78719543479383">
        <ele>1069.4</ele>
        <time>2025-05-08T11:57:52</time>
      </trkpt>
      <trkpt lat="46.463825879618526" lon="22.78744077309966">
        <ele>1069.2</ele>
        <time>2025-05-08T11:57:56</time>
      </trkpt>
      <trkpt lat="46.46353578194976" lon="22.787784012034535">
        <ele>1069.4</ele>
        <time>2025-05-08T11:58:02</time>
      </trkpt>
      <trkpt lat="46.463258592411876" lon="22.78817460872233">
        <ele>1069.2</ele>
        <time>2025-05-08T11:58:09</time>
      </trkpt>
      <trkpt lat="46.46322204731405" lon="22.788230013102293">
        <ele>1069.2</ele>
        <time>2025-05-08T11:58:10</time>
      </trkpt>
      <trkpt lat="46.463109562173486" lon="22.78838767670095">
        <ele>1069.2</ele>
        <time>2025-05-08T11:58:13</time>
      </trkpt>
      <trkpt lat="46.46299892105162" lon="22.78852254152298">
        <ele>1069.2</ele>
        <time>2025-05-08T11:58:16</time>
      </trkpt>
      <trkpt lat="46.46291971206665" lon="22.788594206795096">
        <ele>1069.4</ele>
        <time>2025-05-08T11:58:18</time>
      </trkpt>
      <trkpt lat="46.46281711757183" lon="22.788659082725644">
        <ele>1069.6</ele>
        <time>2025-05-08T11:58:20</time>
      </trkpt>
      <trkpt lat="46.46264797076583" lon="22.78875178657472">
        <ele>1069.6</ele>
        <time>2025-05-08T11:58:23</time>
      </trkpt>
      <trkpt lat="46.46220004186034" lon="22.788907438516617">
        <ele>1069.8</ele>
        <time>2025-05-08T11:58:30</time>
      </trkpt>
      <trkpt lat="46.46186392754316" lon="22.789044314995408">
        <ele>1069.6</ele>
        <time>2025-05-08T11:58:35</time>
      </trkpt>
      <trkpt lat="46.46160224452615" lon="22.789150178432465">
        <ele>1069.8</ele>
        <time>2025-05-08T11:58:39</time>
      </trkpt>
      <trkpt lat="46.46122363395989" lon="22.78923357836902">
        <ele>1069.8</ele>
        <time>2025-05-08T11:58:45</time>
      </trkpt>
      <trkpt lat="46.46083907224238" lon="22.789186220616102">
        <ele>1069.6</ele>
        <time>2025-05-08T11:58:51</time>
      </trkpt>
      <trkpt lat="46.46065383218229" lon="22.78910357505083">
        <ele>1069.6</ele>
        <time>2025-05-08T11:58:54</time>
      </trkpt>
      <trkpt lat="46.4605322945863" lon="22.78905705548823">
        <ele>1069.4</ele>
        <time>2025-05-08T11:58:56</time>
      </trkpt>
      <trkpt lat="46.460415283218026" lon="22.789011374115944">
        <ele>1069.4</ele>
        <time>2025-05-08T11:58:58</time>
      </trkpt>
      <trkpt lat="46.46030313335359" lon="22.78900098055601">
        <ele>1069.2</ele>
        <time>2025-05-08T11:59:00</time>
      </trkpt>
      <trkpt lat="46.46019232459366" lon="22.78902771882713">
        <ele>1069.2</ele>
        <time>2025-05-08T11:59:02</time>
      </trkpt>
      <trkpt lat="46.46009576506913" lon="22.789100473746657">
        <ele>1069.0</ele>
        <time>2025-05-08T11:59:04</time>
      </trkpt>
      <trkpt lat="46.45996542647481" lon="22.78931312263012">
        <ele>1068.6</ele>
        <time>2025-05-08T11:59:08</time>
      </trkpt>
      <trkpt lat="46.4598348364234" lon="22.789662396535277">
        <ele>1068.4</ele>
        <time>2025-05-08T11:59:13</time>
      </trkpt>
      <trkpt lat="46.45968597382307" lon="22.790055004879832">
        <ele>1068.2</ele>
        <time>2025-05-08T11:59:18</time>
      </trkpt>
      <trkpt lat="46.45962528884411" lon="22.79020152054727">
        <ele>1068.0</ele>
        <time>2025-05-08T11:59:20</time>
      </trkpt>
      <trkpt lat="46.45958287641406" lon="22.790360441431403">
        <ele>1068.0</ele>
        <time>2025-05-08T11:59:22</time>
      </trkpt>
      <trkpt lat="46.45956678315997" lon="22.790440823882818">
        <ele>1067.8</ele>
        <time>2025-05-08T11:59:23</time>
      </trkpt>
      <trkpt lat="46.459554797038436" lon="22.790527241304517">
        <ele>1067.6</ele>
        <time>2025-05-08T11:59:24</time>
      </trkpt>
      <trkpt lat="46.45951297134161" lon="22.790876012295485">
        <ele>1067.2</ele>
        <time>2025-05-08T11:59:28</time>
      </trkpt>
      <trkpt lat="46.45950576290488" lon="22.79095840640366">
        <ele>1067.2</ele>
        <time>2025-05-08T11:59:29</time>
      </trkpt>
      <trkpt lat="46.459445832297206" lon="22.791507923975587">
        <ele>1066.6</ele>
        <time>2025-05-08T11:59:36</time>
      </trkpt>
      <trkpt lat="46.45943669602275" lon="22.791581014171243">
        <ele>1066.6</ele>
        <time>2025-05-08T11:59:37</time>
      </trkpt>
      <trkpt lat="46.459373915567994" lon="22.792115192860365">
        <ele>1066.0</ele>
        <time>2025-05-08T11:59:44</time>
      </trkpt>
      <trkpt lat="46.45936000160873" lon="22.792660435661674">
        <ele>1065.8</ele>
        <time>2025-05-08T11:59:51</time>
      </trkpt>
      <trkpt lat="46.45933770574629" lon="22.79303066432476">
        <ele>1065.6</ele>
        <time>2025-05-08T11:59:56</time>
      </trkpt>
      <trkpt lat="46.459332425147295" lon="22.793106017634273">
        <ele>1065.6</ele>
        <time>2025-05-08T11:59:57</time>
      </trkpt>
      <trkpt lat="46.45932664163411" lon="22.79326560907066">
        <ele>1065.6</ele>
        <time>2025-05-08T11:59:59</time>
      </trkpt>
      <trkpt lat="46.459312811493874" lon="22.793507762253284">
        <ele>1065.4</ele>
        <time>2025-05-08T12:00:02</time>
      </trkpt>
      <trkpt lat="46.45929805934429" lon="22.793669952079654">
        <ele>1065.4</ele>
        <time>2025-05-08T12:00:04</time>
      </trkpt>
      <trkpt lat="46.45925807766616" lon="22.79390724375844">
        <ele>1065.4</ele>
        <time>2025-05-08T12:00:07</time>
      </trkpt>
      <trkpt lat="46.459236703813076" lon="22.79398980550468">
        <ele>1065.2</ele>
        <time>2025-05-08T12:00:08</time>
      </trkpt>
      <trkpt lat="46.45916067995131" lon="22.794405883178115">
        <ele>1065.0</ele>
        <time>2025-05-08T12:00:13</time>
      </trkpt>
      <trkpt lat="46.459207870066166" lon="22.794703021645546">
        <ele>1064.8</ele>
        <time>2025-05-08T12:00:16</time>
      </trkpt>
      <trkpt lat="46.45927559584379" lon="22.794881304726005">
        <ele>1064.6</ele>
        <time>2025-05-08T12:00:18</time>
      </trkpt>
      <trkpt lat="46.45937911234796" lon="22.795126056298614">
        <ele>1064.6</ele>
        <time>2025-05-08T12:00:21</time>
      </trkpt>
      <trkpt lat="46.45954507403076" lon="22.79557155445218">
        <ele>1064.4</ele>
        <time>2025-05-08T12:00:27</time>
      </trkpt>
      <trkpt lat="46.459595281630754" lon="22.79582116752863">
        <ele>1064.4</ele>
        <time>2025-05-08T12:00:30</time>
      </trkpt>
      <trkpt lat="46.45962386392057" lon="22.796092238277197">
        <ele>1064.4</ele>
        <time>2025-05-08T12:00:33</time>
      </trkpt>
      <trkpt lat="46.45962537266314" lon="22.79618125408888">
        <ele>1064.4</ele>
        <time>2025-05-08T12:00:34</time>
      </trkpt>
      <trkpt lat="46.459601148962975" lon="22.796596996486187">
        <ele>1064.4</ele>
        <time>2025-05-08T12:00:39</time>
      </trkpt>
      <trkpt lat="46.45957357250154" lon="22.79677544720471">
        <ele>1064.4</ele>
        <time>2025-05-08T12:00:41</time>
      </trkpt>
      <trkpt lat="46.45950551144779" lon="22.79701634310186">
        <ele>1064.4</ele>
        <time>2025-05-08T12:00:44</time>
      </trkpt>
      <trkpt lat="46.459443317726254" lon="22.797147938981652">
        <ele>1064.4</ele>
        <time>2025-05-08T12:00:46</time>
      </trkpt>
      <trkpt lat="46.459326138719916" lon="22.797354301437736">
        <ele>1064.4</ele>
        <time>2025-05-08T12:00:49</time>
      </trkpt>
      <trkpt lat="46.45928297191858" lon="22.797416243702173">
        <ele>1064.2</ele>
        <time>2025-05-08T12:00:50</time>
      </trkpt>
      <trkpt lat="46.45923879928887" lon="22.797473492100835">
        <ele>1064.4</ele>
        <time>2025-05-08T12:00:51</time>
      </trkpt>
      <trkpt lat="46.459101755172014" lon="22.797641549259424">
        <ele>1064.4</ele>
        <time>2025-05-08T12:00:54</time>
      </trkpt>
      <trkpt lat="46.458829510957" lon="22.797953775152564">
        <ele>1063.8</ele>
        <time>2025-05-08T12:01:00</time>
      </trkpt>
      <trkpt lat="46.45874393172562" lon="22.798047987744212">
        <ele>1063.8</ele>
        <time>2025-05-08T12:01:02</time>
      </trkpt>
      <trkpt lat="46.45865784958005" lon="22.79812853783369">
        <ele>1063.8</ele>
        <time>2025-05-08T12:01:04</time>
      </trkpt>
      <trkpt lat="46.45856900140643" lon="22.798185283318162">
        <ele>1063.8</ele>
        <time>2025-05-08T12:01:06</time>
      </trkpt>
      <trkpt lat="46.45822827704251" lon="22.798360297456384">
        <ele>1063.4</ele>
        <time>2025-05-08T12:01:14</time>
      </trkpt>
      <trkpt lat="46.45814571529627" lon="22.798398435115814">
        <ele>1063.4</ele>
        <time>2025-05-08T12:01:16</time>
      </trkpt>
      <trkpt lat="46.45798319019377" lon="22.798503879457712">
        <ele>1063.2</ele>
        <time>2025-05-08T12:01:20</time>
      </trkpt>
      <trkpt lat="46.45794253796339" lon="22.79854528605938">
        <ele>1063.4</ele>
        <time>2025-05-08T12:01:21</time>
      </trkpt>
      <trkpt lat="46.457785964012146" lon="22.798741841688752">
        <ele>1063.2</ele>
        <time>2025-05-08T12:01:25</time>
      </trkpt>
      <trkpt lat="46.4577467367053" lon="22.798790205270052">
        <ele>1063.0</ele>
        <time>2025-05-08T12:01:26</time>
      </trkpt>
      <trkpt lat="46.457561580464244" lon="22.799053313210607">
        <ele>1062.8</ele>
        <time>2025-05-08T12:01:31</time>
      </trkpt>
      <trkpt lat="46.45738061517477" lon="22.79930703341961">
        <ele>1062.4</ele>
        <time>2025-05-08T12:01:36</time>
      </trkpt>
      <trkpt lat="46.45733987912536" lon="22.799362102523446">
        <ele>1062.6</ele>
        <time>2025-05-08T12:01:37</time>
      </trkpt>
      <trkpt lat="46.4572184253484" lon="22.79954658821225">
        <ele>1062.2</ele>
        <time>2025-05-08T12:01:40</time>
      </trkpt>
      <trkpt lat="46.45718120969832" lon="22.79961397871375">
        <ele>1062.4</ele>
        <time>2025-05-08T12:01:41</time>
      </trkpt>
      <trkpt lat="46.45698582753539" lon="22.799972388893366">
        <ele>1062.2</ele>
        <time>2025-05-08T12:01:46</time>
      </trkpt>
      <trkpt lat="46.4569475222379" lon="22.800041204318404">
        <ele>1062.0</ele>
        <time>2025-05-08T12:01:47</time>
      </trkpt>
      <trkpt lat="46.45691575482488" lon="22.800114462152123">
        <ele>1062.0</ele>
        <time>2025-05-08T12:01:48</time>
      </trkpt>
      <trkpt lat="46.45683000795543" lon="22.800322333350778">
        <ele>1062.0</ele>
        <time>2025-05-08T12:01:51</time>
      </trkpt>
      <trkpt lat="46.456689946353436" lon="22.80075148679316">
        <ele>1062.0</ele>
        <time>2025-05-08T12:01:57</time>
      </trkpt>
      <trkpt lat="46.45657838322222" lon="22.801186675205827">
        <ele>1062.0</ele>
        <time>2025-05-08T12:02:03</time>
      </trkpt>
      <trkpt lat="46.45657042041421" lon="22.801273008808494">
        <ele>1062.0</ele>
        <time>2025-05-08T12:02:04</time>
      </trkpt>
      <trkpt lat="46.45655340515077" lon="22.801445676013827">
        <ele>1061.8</ele>
        <time>2025-05-08T12:02:06</time>
      </trkpt>
      <trkpt lat="46.45654108375311" lon="22.801623456180096">
        <ele>1062.0</ele>
        <time>2025-05-08T12:02:08</time>
      </trkpt>
      <trkpt lat="46.456561367958784" lon="22.802092926576734">
        <ele>1061.6</ele>
        <time>2025-05-08T12:02:13</time>
      </trkpt>
      <trkpt lat="46.45657201297581" lon="22.80218361876905">
        <ele>1061.6</ele>
        <time>2025-05-08T12:02:14</time>
      </trkpt>
      <trkpt lat="46.456652311608195" lon="22.802722742781043">
        <ele>1061.4</ele>
        <time>2025-05-08T12:02:20</time>
      </trkpt>
      <trkpt lat="46.456768065690994" lon="22.80331081710756">
        <ele>1061.2</ele>
        <time>2025-05-08T12:02:27</time>
      </trkpt>
      <trkpt lat="46.456784242764115" lon="22.80339354649186">
        <ele>1061.2</ele>
        <time>2025-05-08T12:02:28</time>
      </trkpt>
      <trkpt lat="46.456895135343075" lon="22.80388506129384">
        <ele>1061.2</ele>
        <time>2025-05-08T12:02:34</time>
      </trkpt>
      <trkpt lat="46.456980127841234" lon="22.804397447034717">
        <ele>1061.4</ele>
        <time>2025-05-08T12:02:41</time>
      </trkpt>
      <trkpt lat="46.45700032822788" lon="22.804540442302823">
        <ele>1061.4</ele>
        <time>2025-05-08T12:02:45</time>
      </trkpt>
      <trkpt lat="46.457003680989146" lon="22.804570952430367">
        <ele>1061.4</ele>
        <time>2025-05-08T12:02:46</time>
      </trkpt>
      <trkpt lat="46.45701080560684" lon="22.804617388173938">
        <ele>1061.4</ele>
        <time>2025-05-08T12:02:48</time>
      </trkpt>
      <trkpt lat="46.4570077881217" lon="22.80465996824205">
        <ele>1061.4</ele>
        <time>2025-05-08T12:02:51</time>
      </trkpt>
      <trkpt lat="46.45700175315142" lon="22.80468435958028">
        <ele>1061.4</ele>
        <time>2025-05-08T12:02:58</time>
      </trkpt>
      <trkpt lat="46.456982642412186" lon="22.804691987112164">
        <ele>1061.2</ele>
        <time>2025-05-08T12:03:02</time>
      </trkpt>
      <trkpt lat="46.456966549158096" lon="22.804697435349226">
        <ele>1061.0</ele>
        <time>2025-05-08T12:03:05</time>
      </trkpt>
      <trkpt lat="46.45693142898381" lon="22.80470891855657">
        <ele>1060.6</ele>
        <time>2025-05-08T12:03:11</time>
      </trkpt>
      <trkpt lat="46.45692237652838" lon="22.80471285805106">
        <ele>1060.4</ele>
        <time>2025-05-08T12:03:13</time>
      </trkpt>
      <trkpt lat="46.456891279667616" lon="22.804722748696804">
        <ele>1060.0</ele>
        <time>2025-05-08T12:03:18</time>
      </trkpt>
      <trkpt lat="46.45688038319349" lon="22.80472492799163">
        <ele>1059.4</ele>
        <time>2025-05-08T12:03:20</time>
      </trkpt>
      <trkpt lat="46.456864792853594" lon="22.80472249723971">
        <ele>1059.0</ele>
        <time>2025-05-08T12:03:23</time>
      </trkpt>
      <trkpt lat="46.45683252252638" lon="22.80472895130515">
        <ele>1058.4</ele>
        <time>2025-05-08T12:03:29</time>
      </trkpt>
      <trkpt lat="46.456828163936734" lon="22.8047333098948">
        <ele>1057.4</ele>
        <time>2025-05-08T12:03:34</time>
      </trkpt>
      <trkpt lat="46.45682657137513" lon="22.80473087914288">
        <ele>1056.8</ele>
        <time>2025-05-08T12:03:38</time>
      </trkpt>
      <trkpt lat="46.456828666850924" lon="22.804730711504817">
        <ele>1056.6</ele>
        <time>2025-05-08T12:03:39</time>
      </trkpt>
      <trkpt lat="46.456828750669956" lon="22.804727777838707">
        <ele>1056.0</ele>
        <time>2025-05-08T12:03:45</time>
      </trkpt>
      <trkpt lat="46.456828247755766" lon="22.80471864156425">
        <ele>1055.6</ele>
        <time>2025-05-08T12:03:49</time>
      </trkpt>
      <trkpt lat="46.45682950504124" lon="22.804714869707823">
        <ele>1055.2</ele>
        <time>2025-05-08T12:03:52</time>
      </trkpt>
      <trkpt lat="46.45682984031737" lon="22.804703135043383">
        <ele>1054.4</ele>
        <time>2025-05-08T12:03:58</time>
      </trkpt>
      <trkpt lat="46.45683034323156" lon="22.80470154248178">
        <ele>1054.0</ele>
        <time>2025-05-08T12:04:01</time>
      </trkpt>
      <trkpt lat="46.456831684336066" lon="22.80470112338662">
        <ele>1053.6</ele>
        <time>2025-05-08T12:04:05</time>
      </trkpt>
      <trkpt lat="46.45683621056378" lon="22.804678743705153">
        <ele>1053.0</ele>
        <time>2025-05-08T12:04:13</time>
      </trkpt>
      <trkpt lat="46.456839898601174" lon="22.804674552753568">
        <ele>1053.0</ele>
        <time>2025-05-08T12:04:15</time>
      </trkpt>
      <trkpt lat="46.456838892772794" lon="22.80466692522168">
        <ele>1052.4</ele>
        <time>2025-05-08T12:04:23</time>
      </trkpt>
      <trkpt lat="46.4568383898586" lon="22.804666506126523">
        <ele>1052.2</ele>
        <time>2025-05-08T12:04:25</time>
      </trkpt>
      <trkpt lat="46.45683822222054" lon="22.8046659193933">
        <ele>1051.6</ele>
        <time>2025-05-08T12:04:30</time>
      </trkpt>
      <trkpt lat="46.45683713257313" lon="22.804659130051732">
        <ele>1051.4</ele>
        <time>2025-05-08T12:04:36</time>
      </trkpt>
      <trkpt lat="46.45683771930635" lon="22.804654771462083">
        <ele>1051.2</ele>
        <time>2025-05-08T12:04:40</time>
      </trkpt>
      <trkpt lat="46.456839898601174" lon="22.80465259216726">
        <ele>1050.6</ele>
        <time>2025-05-08T12:04:48</time>
      </trkpt>
      <trkpt lat="46.45684082061052" lon="22.804652424529195">
        <ele>1050.4</ele>
        <time>2025-05-08T12:04:49</time>
      </trkpt>
      <trkpt lat="46.45683805458248" lon="22.804649993777275">
        <ele>1049.6</ele>
        <time>2025-05-08T12:04:58</time>
      </trkpt>
      <trkpt lat="46.45683671347797" lon="22.804639767855406">
        <ele>1049.2</ele>
        <time>2025-05-08T12:05:06</time>
      </trkpt>
      <trkpt lat="46.456836545839906" lon="22.804633397608995">
        <ele>1049.0</ele>
        <time>2025-05-08T12:05:11</time>
      </trkpt>
      <trkpt lat="46.456837551668286" lon="22.804625686258078">
        <ele>1048.6</ele>
        <time>2025-05-08T12:05:17</time>
      </trkpt>
      <trkpt lat="46.45683771930635" lon="22.804624931886792">
        <ele>1048.4</ele>
        <time>2025-05-08T12:05:22</time>
      </trkpt>
      <trkpt lat="46.456833025440574" lon="22.804625518620014">
        <ele>1048.0</ele>
        <time>2025-05-08T12:05:26</time>
      </trkpt>
      <trkpt lat="46.45682313479483" lon="22.804630380123854">
        <ele>1047.6</ele>
        <time>2025-05-08T12:05:31</time>
      </trkpt>
      <trkpt lat="46.45682397298515" lon="22.80462392605841">
        <ele>1047.4</ele>
        <time>2025-05-08T12:05:36</time>
      </trkpt>
      <trkpt lat="46.45682740956545" lon="22.80462292023003">
        <ele>1047.2</ele>
        <time>2025-05-08T12:05:40</time>
      </trkpt>
      <trkpt lat="46.456821374595165" lon="22.8046209923923">
        <ele>1046.8</ele>
        <time>2025-05-08T12:05:45</time>
      </trkpt>
      <trkpt lat="46.4568180218339" lon="22.80461546033621">
        <ele>1046.4</ele>
        <time>2025-05-08T12:05:51</time>
      </trkpt>
      <trkpt lat="46.4568177703768" lon="22.8046141192317">
        <ele>1046.2</ele>
        <time>2025-05-08T12:05:53</time>
      </trkpt>
      <trkpt lat="46.456813998520374" lon="22.80460582114756">
        <ele>1045.8</ele>
        <time>2025-05-08T12:06:01</time>
      </trkpt>
      <trkpt lat="46.45681374706328" lon="22.804605569690466">
        <ele>1045.6</ele>
        <time>2025-05-08T12:06:02</time>
      </trkpt>
      <trkpt lat="46.45681391470134" lon="22.804604899138212">
        <ele>1045.0</ele>
        <time>2025-05-08T12:06:11</time>
      </trkpt>
      <trkpt lat="46.456813579425216" lon="22.80460531823337">
        <ele>1045.0</ele>
        <time>2025-05-08T12:06:12</time>
      </trkpt>
      <trkpt lat="46.45680997520685" lon="22.804604647681117">
        <ele>1044.4</ele>
        <time>2025-05-08T12:06:21</time>
      </trkpt>
      <trkpt lat="46.456808717921376" lon="22.804606156423688">
        <ele>1044.4</ele>
        <time>2025-05-08T12:06:22</time>
      </trkpt>
      <trkpt lat="46.456795893609524" lon="22.80461353249848">
        <ele>1044.2</ele>
        <time>2025-05-08T12:06:34</time>
      </trkpt>
      <trkpt lat="46.45680536516011" lon="22.80462191440165">
        <ele>1044.0</ele>
        <time>2025-05-08T12:06:40</time>
      </trkpt>
      <trkpt lat="46.45680704154074" lon="22.804624009877443">
        <ele>1043.4</ele>
        <time>2025-05-08T12:06:47</time>
      </trkpt>
      <trkpt lat="46.45680611953139" lon="22.80462727881968">
        <ele>1043.2</ele>
        <time>2025-05-08T12:06:49</time>
      </trkpt>
      <trkpt lat="46.45680444315076" lon="22.804629122838378">
        <ele>1043.0</ele>
        <time>2025-05-08T12:07:01</time>
      </trkpt>
      <trkpt lat="46.456804191693664" lon="22.804628536105156">
        <ele>1042.8</ele>
        <time>2025-05-08T12:07:02</time>
      </trkpt>
      <trkpt lat="46.45679798908532" lon="22.80462719500065">
        <ele>1042.8</ele>
        <time>2025-05-08T12:07:12</time>
      </trkpt>
      <trkpt lat="46.45679321140051" lon="22.804626692086458">
        <ele>1042.6</ele>
        <time>2025-05-08T12:07:18</time>
      </trkpt>
      <trkpt lat="46.456790529191494" lon="22.804626189172268">
        <ele>1042.6</ele>
        <time>2025-05-08T12:07:21</time>
      </trkpt>
      <trkpt lat="46.4567868411541" lon="22.804623087868094">
        <ele>1042.6</ele>
        <time>2025-05-08T12:07:35</time>
      </trkpt>
      <trkpt lat="46.45678365603089" lon="22.804642785340548">
        <ele>1042.6</ele>
        <time>2025-05-08T12:07:44</time>
      </trkpt>
      <trkpt lat="46.456781309098005" lon="22.80464395880699">
        <ele>1042.6</ele>
        <time>2025-05-08T12:07:47</time>
      </trkpt>
      <trkpt lat="46.45677384920418" lon="22.804639684036374">
        <ele>1042.4</ele>
        <time>2025-05-08T12:07:58</time>
      </trkpt>
      <trkpt lat="46.45677133463323" lon="22.804643623530865">
        <ele>1042.2</ele>
        <time>2025-05-08T12:08:03</time>
      </trkpt>
      <trkpt lat="46.45677016116679" lon="22.8046434558928">
        <ele>1042.2</ele>
        <time>2025-05-08T12:08:08</time>
      </trkpt>
      <trkpt lat="46.45676144398749" lon="22.80465569347143">
        <ele>1042.0</ele>
        <time>2025-05-08T12:08:18</time>
      </trkpt>
      <trkpt lat="46.45676337182522" lon="22.804665500298142">
        <ele>1041.8</ele>
        <time>2025-05-08T12:08:21</time>
      </trkpt>
      <trkpt lat="46.456772927194834" lon="22.804713025689125">
        <ele>1041.6</ele>
        <time>2025-05-08T12:08:32</time>
      </trkpt>
      <trkpt lat="46.456771502271295" lon="22.80471176840365">
        <ele>1041.4</ele>
        <time>2025-05-08T12:08:35</time>
      </trkpt>
      <trkpt lat="46.45677225664258" lon="22.804708080366254">
        <ele>1041.2</ele>
        <time>2025-05-08T12:08:43</time>
      </trkpt>
      <trkpt lat="46.456768568605185" lon="22.804710427299142">
        <ele>1041.0</ele>
        <time>2025-05-08T12:08:48</time>
      </trkpt>
      <trkpt lat="46.456768149510026" lon="22.804712941870093">
        <ele>1040.6</ele>
        <time>2025-05-08T12:08:56</time>
      </trkpt>
      <trkpt lat="46.45676672458649" lon="22.804714953526855">
        <ele>1040.4</ele>
        <time>2025-05-08T12:09:01</time>
      </trkpt>
      <trkpt lat="46.456762198358774" lon="22.804707493633032">
        <ele>1039.8</ele>
        <time>2025-05-08T12:09:07</time>
      </trkpt>
      <trkpt lat="46.45676194690168" lon="22.80470699071884">
        <ele>1039.6</ele>
        <time>2025-05-08T12:09:09</time>
      </trkpt>
      <trkpt lat="46.456761779263616" lon="22.804706655442715">
        <ele>1039.0</ele>
        <time>2025-05-08T12:09:19</time>
      </trkpt>
      <trkpt lat="46.45676186308265" lon="22.80470690689981">
        <ele>1039.0</ele>
        <time>2025-05-08T12:09:20</time>
      </trkpt>
      <trkpt lat="46.456770999357104" lon="22.80470590107143">
        <ele>1038.6</ele>
        <time>2025-05-08T12:09:31</time>
      </trkpt>
      <trkpt lat="46.45677141845226" lon="22.804704308509827">
        <ele>1038.4</ele>
        <time>2025-05-08T12:09:33</time>
      </trkpt>
      <trkpt lat="46.45677091553807" lon="22.804694836959243">
        <ele>1038.4</ele>
        <time>2025-05-08T12:09:43</time>
      </trkpt>
      <trkpt lat="46.45677234046161" lon="22.804695842787623">
        <ele>1038.2</ele>
        <time>2025-05-08T12:09:49</time>
      </trkpt>
      <trkpt lat="46.456771083176136" lon="22.804694585502148">
        <ele>1037.6</ele>
        <time>2025-05-08T12:09:56</time>
      </trkpt>
      <trkpt lat="46.45676898770034" lon="22.804691484197974">
        <ele>1037.4</ele>
        <time>2025-05-08T12:09:59</time>
      </trkpt>
      <trkpt lat="46.456768149510026" lon="22.804691651836038">
        <ele>1037.0</ele>
        <time>2025-05-08T12:10:10</time>
      </trkpt>
      <trkpt lat="46.45677116699517" lon="22.804689975455403">
        <ele>1036.8</ele>
        <time>2025-05-08T12:10:11</time>
      </trkpt>
      <trkpt lat="46.456801844760776" lon="22.80473909340799">
        <ele>1036.4</ele>
        <time>2025-05-08T12:10:18</time>
      </trkpt>
      <trkpt lat="46.456814501434565" lon="22.804807741194963">
        <ele>1036.4</ele>
        <time>2025-05-08T12:10:24</time>
      </trkpt>
      <trkpt lat="46.45681835711002" lon="22.804868258535862">
        <ele>1036.2</ele>
        <time>2025-05-08T12:10:28</time>
      </trkpt>
      <trkpt lat="46.45683855749667" lon="22.804975379258394">
        <ele>1035.6</ele>
        <time>2025-05-08T12:10:39</time>
      </trkpt>
      <trkpt lat="46.45684015005827" lon="22.804978983476758">
        <ele>1035.6</ele>
        <time>2025-05-08T12:10:40</time>
      </trkpt>
      <trkpt lat="46.45687242038548" lon="22.80499859713018">
        <ele>1035.0</ele>
        <time>2025-05-08T12:10:51</time>
      </trkpt>
      <trkpt lat="46.45687342621386" lon="22.804996920749545">
        <ele>1035.0</ele>
        <time>2025-05-08T12:10:52</time>
      </trkpt>
      <trkpt lat="46.45687736570835" lon="22.804992981255054">
        <ele>1034.6</ele>
        <time>2025-05-08T12:11:06</time>
      </trkpt>
      <trkpt lat="46.45687351003289" lon="22.80499080196023">
        <ele>1034.6</ele>
        <time>2025-05-08T12:11:10</time>
      </trkpt>
      <trkpt lat="46.45690117031336" lon="22.80497177504003">
        <ele>1034.0</ele>
        <time>2025-05-08T12:11:21</time>
      </trkpt>
      <trkpt lat="46.456933692097664" lon="22.80496875755489">
        <ele>1033.2</ele>
        <time>2025-05-08T12:11:37</time>
      </trkpt>
      <trkpt lat="46.45693335682154" lon="22.804970601573586">
        <ele>1033.2</ele>
        <time>2025-05-08T12:11:38</time>
      </trkpt>
      <trkpt lat="46.456947438418865" lon="22.80498937703669">
        <ele>1032.6</ele>
        <time>2025-05-08T12:11:52</time>
      </trkpt>
      <trkpt lat="46.4569871686399" lon="22.80497705563903">
        <ele>1032.2</ele>
        <time>2025-05-08T12:12:08</time>
      </trkpt>
      <trkpt lat="46.456989431753755" lon="22.804958783090115">
        <ele>1031.6</ele>
        <time>2025-05-08T12:12:22</time>
      </trkpt>
      <trkpt lat="46.45698959939182" lon="22.804957777261734">
        <ele>1031.4</ele>
        <time>2025-05-08T12:12:24</time>
      </trkpt>
      <trkpt lat="46.45699203014374" lon="22.804952496662736">
        <ele>1031.0</ele>
        <time>2025-05-08T12:12:41</time>
      </trkpt>
      <trkpt lat="46.456987503916025" lon="22.804952831938863">
        <ele>1030.8</ele>
        <time>2025-05-08T12:12:43</time>
      </trkpt>
      <trkpt lat="46.45698398351669" lon="22.804964734241366">
        <ele>1030.2</ele>
        <time>2025-05-08T12:12:55</time>
      </trkpt>
      <trkpt lat="46.45697794854641" lon="22.80497370287776">
        <ele>1029.4</ele>
        <time>2025-05-08T12:13:11</time>
      </trkpt>
      <trkpt lat="46.45697937346995" lon="22.80497571453452">
        <ele>1029.4</ele>
        <time>2025-05-08T12:13:13</time>
      </trkpt>
      <trkpt lat="46.45698683336377" lon="22.804979234933853">
        <ele>1028.8</ele>
        <time>2025-05-08T12:13:25</time>
      </trkpt>
      <trkpt lat="46.45698733627796" lon="22.804977726191282">
        <ele>1028.6</ele>
        <time>2025-05-08T12:13:26</time>
      </trkpt>
      <trkpt lat="46.45698859356344" lon="22.804976385086775">
        <ele>1028.4</ele>
        <time>2025-05-08T12:13:31</time>
      </trkpt>
    </trkseg>
  </trk>
</gpx>