<?xml version="1.0" encoding="UTF-8"?>
<gpx xmlns="http://www.topografix.com/GPX/1/1" xmlns:xsi="http://www.w3.org/2001/XMLSchema-instance" xsi:schemaLocation="http://www.topografix.com/GPX/1/1 http://www.topografix.com/GPX/1/1/gpx.xsd" version="1.1" creator="gpx.py -- https://github.com/tkrajina/gpxpy">
  <trk>
    <trkseg>
      <trkpt lat="46.4568904414773" lon="22.806895086541772">
        <ele>764.0</ele>
        <time>2025-05-09T05:01:44</time>
      </trkpt>
      <trkpt lat="46.456927405670285" lon="22.80727562494576">
        <ele>763.8</ele>
        <time>2025-05-09T05:01:49</time>
      </trkpt>
      <trkpt lat="46.45694928243756" lon="22.807424319908023">
        <ele>763.5999999999999</ele>
        <time>2025-05-09T05:01:51</time>
      </trkpt>
      <trkpt lat="46.45699001848698" lon="22.807848611846566">
        <ele>763.4000000000001</ele>
        <time>2025-05-09T05:01:57</time>
      </trkpt>
      <trkpt lat="46.45699261687696" lon="22.80811264179647">
        <ele>763.5999999999999</ele>
        <time>2025-05-09T05:02:01</time>
      </trkpt>
      <trkpt lat="46.456968979910016" lon="22.80831984244287">
        <ele>763.8</ele>
        <time>2025-05-09T05:02:04</time>
      </trkpt>
      <trkpt lat="46.45688951946795" lon="22.80879383906722">
        <ele>765.0</ele>
        <time>2025-05-09T05:02:11</time>
      </trkpt>
      <trkpt lat="46.456811651587486" lon="22.80919013544917">
        <ele>765.4000000000001</ele>
        <time>2025-05-09T05:02:17</time>
      </trkpt>
      <trkpt lat="46.456795893609524" lon="22.809251910075545">
        <ele>765.5999999999999</ele>
        <time>2025-05-09T05:02:18</time>
      </trkpt>
      <trkpt lat="46.456720205023885" lon="22.80966069549322">
        <ele>766.0</ele>
        <time>2025-05-09T05:02:24</time>
      </trkpt>
      <trkpt lat="46.45667192526162" lon="22.809865465387702">
        <ele>766.5999999999999</ele>
        <time>2025-05-09T05:02:27</time>
      </trkpt>
      <trkpt lat="46.45663194358349" lon="22.80999965965748">
        <ele>766.5999999999999</ele>
        <time>2025-05-09T05:02:29</time>
      </trkpt>
      <trkpt lat="46.45660671405494" lon="22.810064954683185">
        <ele>766.5999999999999</ele>
        <time>2025-05-09T05:02:30</time>
      </trkpt>
      <trkpt lat="46.45645609125495" lon="22.810471141710877">
        <ele>766.5999999999999</ele>
        <time>2025-05-09T05:02:36</time>
      </trkpt>
      <trkpt lat="46.45625492557883" lon="22.811051588505507">
        <ele>765.8</ele>
        <time>2025-05-09T05:02:43</time>
      </trkpt>
      <trkpt lat="46.456025848165154" lon="22.811483507975936">
        <ele>765.0</ele>
        <time>2025-05-09T05:02:48</time>
      </trkpt>
      <trkpt lat="46.45586181432009" lon="22.81173982657492">
        <ele>763.8</ele>
        <time>2025-05-09T05:02:51</time>
      </trkpt>
      <trkpt lat="46.45569224841893" lon="22.811998995020986">
        <ele>762.4000000000001</ele>
        <time>2025-05-09T05:02:54</time>
      </trkpt>
      <trkpt lat="46.455637430772185" lon="22.812084071338177">
        <ele>762.2</ele>
        <time>2025-05-09T05:02:55</time>
      </trkpt>
      <trkpt lat="46.45553215406835" lon="22.812249278649688">
        <ele>761.4000000000001</ele>
        <time>2025-05-09T05:02:57</time>
      </trkpt>
      <trkpt lat="46.45538253709674" lon="22.812487492337823">
        <ele>760.2</ele>
        <time>2025-05-09T05:03:00</time>
      </trkpt>
      <trkpt lat="46.455284636467695" lon="22.812645072117448">
        <ele>759.2</ele>
        <time>2025-05-09T05:03:02</time>
      </trkpt>
      <trkpt lat="46.45523702725768" lon="22.812725706025958">
        <ele>758.8</ele>
        <time>2025-05-09T05:03:03</time>
      </trkpt>
      <trkpt lat="46.45504483021796" lon="22.813056204468012">
        <ele>758.2</ele>
        <time>2025-05-09T05:03:07</time>
      </trkpt>
      <trkpt lat="46.45481441169977" lon="22.813457027077675">
        <ele>757.2</ele>
        <time>2025-05-09T05:03:12</time>
      </trkpt>
      <trkpt lat="46.45476931706071" lon="22.813537158071995">
        <ele>757.0</ele>
        <time>2025-05-09T05:03:13</time>
      </trkpt>
      <trkpt lat="46.45448734983802" lon="22.813974106684327">
        <ele>756.5999999999999</ele>
        <time>2025-05-09T05:03:19</time>
      </trkpt>
      <trkpt lat="46.45426271483302" lon="22.814301839098334">
        <ele>756.0</ele>
        <time>2025-05-09T05:03:24</time>
      </trkpt>
      <trkpt lat="46.454174956306815" lon="22.814430249854922">
        <ele>755.8</ele>
        <time>2025-05-09T05:03:26</time>
      </trkpt>
      <trkpt lat="46.454133968800306" lon="22.814498730003834">
        <ele>755.8</ele>
        <time>2025-05-09T05:03:27</time>
      </trkpt>
      <trkpt lat="46.45387899130583" lon="22.815002482384443">
        <ele>755.5999999999999</ele>
        <time>2025-05-09T05:03:34</time>
      </trkpt>
      <trkpt lat="46.45375108346343" lon="22.81532040797174">
        <ele>754.8</ele>
        <time>2025-05-09T05:03:38</time>
      </trkpt>
      <trkpt lat="46.45357330329716" lon="22.815694073215127">
        <ele>754.4000000000001</ele>
        <time>2025-05-09T05:03:43</time>
      </trkpt>
      <trkpt lat="46.4533260371536" lon="22.816169410943985">
        <ele>754.0</ele>
        <time>2025-05-09T05:03:50</time>
      </trkpt>
      <trkpt lat="46.453272392973304" lon="22.816310981288552">
        <ele>753.8</ele>
        <time>2025-05-09T05:03:52</time>
      </trkpt>
      <trkpt lat="46.4532295614481" lon="22.816564198583364">
        <ele>753.4000000000001</ele>
        <time>2025-05-09T05:03:55</time>
      </trkpt>
      <trkpt lat="46.45322151482105" lon="22.816650280728936">
        <ele>753.4000000000001</ele>
        <time>2025-05-09T05:03:56</time>
      </trkpt>
      <trkpt lat="46.45322537049651" lon="22.816829066723585">
        <ele>753.2</ele>
        <time>2025-05-09T05:03:58</time>
      </trkpt>
      <trkpt lat="46.453233417123556" lon="22.81700911000371">
        <ele>753.2</ele>
        <time>2025-05-09T05:04:00</time>
      </trkpt>
      <trkpt lat="46.45323551259935" lon="22.817377410829067">
        <ele>752.5999999999999</ele>
        <time>2025-05-09T05:04:04</time>
      </trkpt>
      <trkpt lat="46.45324640907347" lon="22.81776448711753">
        <ele>752.2</ele>
        <time>2025-05-09T05:04:08</time>
      </trkpt>
      <trkpt lat="46.45326258614659" lon="22.818162124603987">
        <ele>751.5999999999999</ele>
        <time>2025-05-09T05:04:12</time>
      </trkpt>
      <trkpt lat="46.45327566191554" lon="22.81846420839429">
        <ele>751.2</ele>
        <time>2025-05-09T05:04:15</time>
      </trkpt>
      <trkpt lat="46.45326476544142" lon="22.819063514471054">
        <ele>750.5999999999999</ele>
        <time>2025-05-09T05:04:21</time>
      </trkpt>
      <trkpt lat="46.453251019120216" lon="22.819153871387243">
        <ele>750.5999999999999</ele>
        <time>2025-05-09T05:04:22</time>
      </trkpt>
      <trkpt lat="46.453233417123556" lon="22.819239450618625">
        <ele>750.5999999999999</ele>
        <time>2025-05-09T05:04:23</time>
      </trkpt>
      <trkpt lat="46.45312529057264" lon="22.81954111531377">
        <ele>750.4000000000001</ele>
        <time>2025-05-09T05:04:27</time>
      </trkpt>
      <trkpt lat="46.45308899693191" lon="22.819611690938473">
        <ele>750.4000000000001</ele>
        <time>2025-05-09T05:04:28</time>
      </trkpt>
      <trkpt lat="46.45291800610721" lon="22.819853173568845">
        <ele>750.4000000000001</ele>
        <time>2025-05-09T05:04:32</time>
      </trkpt>
      <trkpt lat="46.452833600342274" lon="22.819972280412912">
        <ele>750.4000000000001</ele>
        <time>2025-05-09T05:04:34</time>
      </trkpt>
      <trkpt lat="46.4527543913573" lon="22.820103792473674">
        <ele>750.4000000000001</ele>
        <time>2025-05-09T05:04:36</time>
      </trkpt>
      <trkpt lat="46.452680211514235" lon="22.820235304534435">
        <ele>750.2</ele>
        <time>2025-05-09T05:04:38</time>
      </trkpt>
      <trkpt lat="46.45262137055397" lon="22.820367654785514">
        <ele>750.2</ele>
        <time>2025-05-09T05:04:40</time>
      </trkpt>
      <trkpt lat="46.452598655596375" lon="22.82043730840087">
        <ele>750.2</ele>
        <time>2025-05-09T05:04:41</time>
      </trkpt>
      <trkpt lat="46.45256889984012" lon="22.82067183405161">
        <ele>750.2</ele>
        <time>2025-05-09T05:04:44</time>
      </trkpt>
      <trkpt lat="46.45257795229554" lon="22.820754060521722">
        <ele>750.0</ele>
        <time>2025-05-09T05:04:45</time>
      </trkpt>
      <trkpt lat="46.45259094424546" lon="22.820835784077644">
        <ele>750.0</ele>
        <time>2025-05-09T05:04:46</time>
      </trkpt>
      <trkpt lat="46.45267711021006" lon="22.82128262333572">
        <ele>749.8</ele>
        <time>2025-05-09T05:04:51</time>
      </trkpt>
      <trkpt lat="46.45284022204578" lon="22.821718314662576">
        <ele>749.5999999999999</ele>
        <time>2025-05-09T05:04:56</time>
      </trkpt>
      <trkpt lat="46.45306066609919" lon="22.822107234969735">
        <ele>748.8</ele>
        <time>2025-05-09T05:05:01</time>
      </trkpt>
      <trkpt lat="46.45330986008048" lon="22.82244460657239">
        <ele>748.4000000000001</ele>
        <time>2025-05-09T05:05:06</time>
      </trkpt>
      <trkpt lat="46.45340407267213" lon="22.822586009278893">
        <ele>748.2</ele>
        <time>2025-05-09T05:05:08</time>
      </trkpt>
      <trkpt lat="46.45364983007312" lon="22.823044080287218">
        <ele>747.2</ele>
        <time>2025-05-09T05:05:14</time>
      </trkpt>
      <trkpt lat="46.453932635486126" lon="22.82357230782509">
        <ele>746.4000000000001</ele>
        <time>2025-05-09T05:05:21</time>
      </trkpt>
      <trkpt lat="46.45401050336659" lon="22.823716811835766">
        <ele>746.2</ele>
        <time>2025-05-09T05:05:23</time>
      </trkpt>
      <trkpt lat="46.45409172400832" lon="22.82385678961873">
        <ele>746.0</ele>
        <time>2025-05-09T05:05:25</time>
      </trkpt>
      <trkpt lat="46.454172525554895" lon="22.823999617248774">
        <ele>745.8</ele>
        <time>2025-05-09T05:05:27</time>
      </trkpt>
      <trkpt lat="46.45428165793419" lon="22.82422374933958">
        <ele>745.5999999999999</ele>
        <time>2025-05-09T05:05:30</time>
      </trkpt>
      <trkpt lat="46.45433890633285" lon="22.824389711022377">
        <ele>745.4000000000001</ele>
        <time>2025-05-09T05:05:32</time>
      </trkpt>
      <trkpt lat="46.454399758949876" lon="22.824566485360265">
        <ele>745.2</ele>
        <time>2025-05-09T05:05:34</time>
      </trkpt>
      <trkpt lat="46.454483242705464" lon="22.824964793398976">
        <ele>744.5999999999999</ele>
        <time>2025-05-09T05:05:38</time>
      </trkpt>
      <trkpt lat="46.454516015946865" lon="22.82527768984437">
        <ele>743.8</ele>
        <time>2025-05-09T05:05:41</time>
      </trkpt>
      <trkpt lat="46.454512579366565" lon="22.825480364263058">
        <ele>743.0</ele>
        <time>2025-05-09T05:05:43</time>
      </trkpt>
      <trkpt lat="46.45450696349144" lon="22.825580779463053">
        <ele>742.8</ele>
        <time>2025-05-09T05:05:44</time>
      </trkpt>
      <trkpt lat="46.4545036945492" lon="22.825681194663048">
        <ele>742.4000000000001</ele>
        <time>2025-05-09T05:05:45</time>
      </trkpt>
      <trkpt lat="46.45449489355087" lon="22.825969280675054">
        <ele>741.4000000000001</ele>
        <time>2025-05-09T05:05:48</time>
      </trkpt>
      <trkpt lat="46.45450009033084" lon="22.826062152162194">
        <ele>741.0</ele>
        <time>2025-05-09T05:05:49</time>
      </trkpt>
      <trkpt lat="46.45457787439227" lon="22.826397512108088">
        <ele>740.5999999999999</ele>
        <time>2025-05-09T05:05:53</time>
      </trkpt>
      <trkpt lat="46.454607881605625" lon="22.826477643102407">
        <ele>740.4000000000001</ele>
        <time>2025-05-09T05:05:54</time>
      </trkpt>
      <trkpt lat="46.45463788881898" lon="22.82655542716384">
        <ele>740.4000000000001</ele>
        <time>2025-05-09T05:05:55</time>
      </trkpt>
      <trkpt lat="46.45480594597757" lon="22.82690914347768">
        <ele>739.8</ele>
        <time>2025-05-09T05:06:00</time>
      </trkpt>
      <trkpt lat="46.454991437494755" lon="22.82722438685596">
        <ele>739.8</ele>
        <time>2025-05-09T05:06:05</time>
      </trkpt>
      <trkpt lat="46.4550338499248" lon="22.827279288321733">
        <ele>739.5999999999999</ele>
        <time>2025-05-09T05:06:06</time>
      </trkpt>
      <trkpt lat="46.45528983324766" lon="22.82758405432105">
        <ele>739.5999999999999</ele>
        <time>2025-05-09T05:06:12</time>
      </trkpt>
      <trkpt lat="46.45532889291644" lon="22.82763686031103">
        <ele>739.5999999999999</ele>
        <time>2025-05-09T05:06:13</time>
      </trkpt>
      <trkpt lat="46.45543894730508" lon="22.82782008871436">
        <ele>739.5999999999999</ele>
        <time>2025-05-09T05:06:16</time>
      </trkpt>
      <trkpt lat="46.45550038665533" lon="22.827955204993486">
        <ele>739.5999999999999</ele>
        <time>2025-05-09T05:06:18</time>
      </trkpt>
      <trkpt lat="46.45565813407302" lon="22.82836977392435">
        <ele>739.8</ele>
        <time>2025-05-09T05:06:24</time>
      </trkpt>
      <trkpt lat="46.45570021122694" lon="22.82850656658411">
        <ele>739.8</ele>
        <time>2025-05-09T05:06:26</time>
      </trkpt>
      <trkpt lat="46.45573139190674" lon="22.828653836622834">
        <ele>739.8</ele>
        <time>2025-05-09T05:06:28</time>
      </trkpt>
      <trkpt lat="46.455741450190544" lon="22.82873178832233">
        <ele>739.8</ele>
        <time>2025-05-09T05:06:29</time>
      </trkpt>
      <trkpt lat="46.45575393922627" lon="22.829041332006454">
        <ele>739.4000000000001</ele>
        <time>2025-05-09T05:06:33</time>
      </trkpt>
      <trkpt lat="46.455745892599225" lon="22.829195223748684">
        <ele>739.2</ele>
        <time>2025-05-09T05:06:35</time>
      </trkpt>
      <trkpt lat="46.455667270347476" lon="22.829591687768698">
        <ele>738.8</ele>
        <time>2025-05-09T05:06:40</time>
      </trkpt>
      <trkpt lat="46.4556348323822" lon="22.83002268522978">
        <ele>738.2</ele>
        <time>2025-05-09T05:06:45</time>
      </trkpt>
      <trkpt lat="46.455636424943805" lon="22.83020901493728">
        <ele>738.0</ele>
        <time>2025-05-09T05:06:47</time>
      </trkpt>
      <trkpt lat="46.455646650865674" lon="22.83059642650187">
        <ele>737.2</ele>
        <time>2025-05-09T05:06:51</time>
      </trkpt>
      <trkpt lat="46.45563768222928" lon="22.83088870346546">
        <ele>737.2</ele>
        <time>2025-05-09T05:06:54</time>
      </trkpt>
      <trkpt lat="46.455620834603906" lon="22.830982664600015">
        <ele>737.2</ele>
        <time>2025-05-09T05:06:55</time>
      </trkpt>
      <trkpt lat="46.45548672415316" lon="22.83132347278297">
        <ele>736.5999999999999</ele>
        <time>2025-05-09T05:06:59</time>
      </trkpt>
      <trkpt lat="46.455388236790895" lon="22.83146420493722">
        <ele>736.2</ele>
        <time>2025-05-09T05:07:01</time>
      </trkpt>
      <trkpt lat="46.455196710303426" lon="22.83174952492118">
        <ele>735.5999999999999</ele>
        <time>2025-05-09T05:07:05</time>
      </trkpt>
      <trkpt lat="46.45500727929175" lon="22.83214682713151">
        <ele>735.0</ele>
        <time>2025-05-09T05:07:10</time>
      </trkpt>
      <trkpt lat="46.454975344240665" lon="22.832227796316147">
        <ele>735.0</ele>
        <time>2025-05-09T05:07:11</time>
      </trkpt>
      <trkpt lat="46.454830169677734" lon="22.8327448759228">
        <ele>734.8</ele>
        <time>2025-05-09T05:07:17</time>
      </trkpt>
      <trkpt lat="46.45481575280428" lon="22.832833137363195">
        <ele>735.0</ele>
        <time>2025-05-09T05:07:18</time>
      </trkpt>
      <trkpt lat="46.45478633232415" lon="22.833178471773863">
        <ele>734.4000000000001</ele>
        <time>2025-05-09T05:07:22</time>
      </trkpt>
      <trkpt lat="46.45480292849243" lon="22.833756571635604">
        <ele>734.2</ele>
        <time>2025-05-09T05:07:29</time>
      </trkpt>
      <trkpt lat="46.45490468479693" lon="22.834560479968786">
        <ele>734.2</ele>
        <time>2025-05-09T05:07:39</time>
      </trkpt>
      <trkpt lat="46.45493762567639" lon="22.834819313138723">
        <ele>733.8</ele>
        <time>2025-05-09T05:07:42</time>
      </trkpt>
      <trkpt lat="46.45501448772848" lon="22.83530387096107">
        <ele>733.2</ele>
        <time>2025-05-09T05:07:48</time>
      </trkpt>
      <trkpt lat="46.455047177150846" lon="22.835461115464568">
        <ele>733.0</ele>
        <time>2025-05-09T05:07:50</time>
      </trkpt>
      <trkpt lat="46.455067628994584" lon="22.83553697168827">
        <ele>732.8</ele>
        <time>2025-05-09T05:07:51</time>
      </trkpt>
      <trkpt lat="46.455154130235314" lon="22.835817094892263">
        <ele>732.8</ele>
        <time>2025-05-09T05:07:55</time>
      </trkpt>
      <trkpt lat="46.45530450157821" lon="22.836160752922297">
        <ele>732.4000000000001</ele>
        <time>2025-05-09T05:08:00</time>
      </trkpt>
      <trkpt lat="46.45534791983664" lon="22.836226718500257">
        <ele>732.4000000000001</ele>
        <time>2025-05-09T05:08:01</time>
      </trkpt>
      <trkpt lat="46.45557314157486" lon="22.83657138235867">
        <ele>732.2</ele>
        <time>2025-05-09T05:08:07</time>
      </trkpt>
      <trkpt lat="46.455737091600895" lon="22.83681026659906">
        <ele>731.8</ele>
        <time>2025-05-09T05:08:11</time>
      </trkpt>
      <trkpt lat="46.455811355262995" lon="22.836942616850138">
        <ele>731.8</ele>
        <time>2025-05-09T05:08:13</time>
      </trkpt>
      <trkpt lat="46.455841111019254" lon="22.83701553940773">
        <ele>731.5999999999999</ele>
        <time>2025-05-09T05:08:14</time>
      </trkpt>
      <trkpt lat="46.45599299110472" lon="22.837497415021062">
        <ele>731.2</ele>
        <time>2025-05-09T05:08:20</time>
      </trkpt>
      <trkpt lat="46.456115283071995" lon="22.838022960349917">
        <ele>730.8</ele>
        <time>2025-05-09T05:08:27</time>
      </trkpt>
      <trkpt lat="46.456188121810555" lon="22.83842914737761">
        <ele>730.8</ele>
        <time>2025-05-09T05:08:33</time>
      </trkpt>
      <trkpt lat="46.45624537020922" lon="22.83894899301231">
        <ele>731.0</ele>
        <time>2025-05-09T05:08:40</time>
      </trkpt>
      <trkpt lat="46.45625148899853" lon="22.839020993560553">
        <ele>731.0</ele>
        <time>2025-05-09T05:08:41</time>
      </trkpt>
      <trkpt lat="46.456281496211886" lon="22.839387701824307">
        <ele>731.0</ele>
        <time>2025-05-09T05:08:46</time>
      </trkpt>
      <trkpt lat="46.45632558502257" lon="22.839884497225285">
        <ele>730.5999999999999</ele>
        <time>2025-05-09T05:08:52</time>
      </trkpt>
      <trkpt lat="46.45639398135245" lon="22.84054826013744">
        <ele>729.5999999999999</ele>
        <time>2025-05-09T05:09:00</time>
      </trkpt>
      <trkpt lat="46.456406051293015" lon="22.84062939696014">
        <ele>729.4000000000001</ele>
        <time>2025-05-09T05:09:01</time>
      </trkpt>
      <trkpt lat="46.45649070851505" lon="22.84112443216145">
        <ele>728.5999999999999</ele>
        <time>2025-05-09T05:09:07</time>
      </trkpt>
      <trkpt lat="46.45657494664192" lon="22.84143514931202">
        <ele>728.2</ele>
        <time>2025-05-09T05:09:11</time>
      </trkpt>
      <trkpt lat="46.45666999742389" lon="22.84174016676843">
        <ele>728.2</ele>
        <time>2025-05-09T05:09:15</time>
      </trkpt>
      <trkpt lat="46.4567712508142" lon="22.842231933027506">
        <ele>728.0</ele>
        <time>2025-05-09T05:09:21</time>
      </trkpt>
      <trkpt lat="46.45678399130702" lon="22.842316841706634">
        <ele>728.0</ele>
        <time>2025-05-09T05:09:22</time>
      </trkpt>
      <trkpt lat="46.45680150948465" lon="22.842736775055528">
        <ele>727.5999999999999</ele>
        <time>2025-05-09T05:09:27</time>
      </trkpt>
      <trkpt lat="46.45674342289567" lon="22.843278413638473">
        <ele>727.4000000000001</ele>
        <time>2025-05-09T05:09:34</time>
      </trkpt>
      <trkpt lat="46.45672347396612" lon="22.84344001673162">
        <ele>727.4000000000001</ele>
        <time>2025-05-09T05:09:36</time>
      </trkpt>
      <trkpt lat="46.456662034615874" lon="22.844024319201708">
        <ele>727.0</ele>
        <time>2025-05-09T05:09:43</time>
      </trkpt>
      <trkpt lat="46.45663253031671" lon="22.844402259215713">
        <ele>726.5999999999999</ele>
        <time>2025-05-09T05:09:48</time>
      </trkpt>
      <trkpt lat="46.45663361996412" lon="22.84447593614459">
        <ele>726.5999999999999</ele>
        <time>2025-05-09T05:09:49</time>
      </trkpt>
      <trkpt lat="46.45665063522756" lon="22.84462303854525">
        <ele>726.4000000000001</ele>
        <time>2025-05-09T05:09:51</time>
      </trkpt>
      <trkpt lat="46.45669111981988" lon="22.8447621781379">
        <ele>726.4000000000001</ele>
        <time>2025-05-09T05:09:53</time>
      </trkpt>
      <trkpt lat="46.45671886391938" lon="22.844827054068446">
        <ele>726.4000000000001</ele>
        <time>2025-05-09T05:09:54</time>
      </trkpt>
      <trkpt lat="46.45686504431069" lon="22.84505009651184">
        <ele>726.2</ele>
        <time>2025-05-09T05:09:58</time>
      </trkpt>
      <trkpt lat="46.45690091885626" lon="22.845100555568933">
        <ele>726.2</ele>
        <time>2025-05-09T05:09:59</time>
      </trkpt>
      <trkpt lat="46.45717014558613" lon="22.845468521118164">
        <ele>726.0</ele>
        <time>2025-05-09T05:10:06</time>
      </trkpt>
      <trkpt lat="46.45748186856508" lon="22.845902955159545">
        <ele>725.5999999999999</ele>
        <time>2025-05-09T05:10:14</time>
      </trkpt>
      <trkpt lat="46.45751581527293" lon="22.84596238285303">
        <ele>725.5999999999999</ele>
        <time>2025-05-09T05:10:15</time>
      </trkpt>
      <trkpt lat="46.45770910196006" lon="22.846340406686068">
        <ele>725.2</ele>
        <time>2025-05-09T05:10:21</time>
      </trkpt>
      <trkpt lat="46.457819575443864" lon="22.846570406109095">
        <ele>725.0</ele>
        <time>2025-05-09T05:10:25</time>
      </trkpt>
      <trkpt lat="46.4579211641103" lon="22.846809290349483">
        <ele>724.4000000000001</ele>
        <time>2025-05-09T05:10:29</time>
      </trkpt>
      <trkpt lat="46.45805477164686" lon="22.8471140563488">
        <ele>724.4000000000001</ele>
        <time>2025-05-09T05:10:34</time>
      </trkpt>
      <trkpt lat="46.45809190347791" lon="22.847245065495372">
        <ele>724.2</ele>
        <time>2025-05-09T05:10:36</time>
      </trkpt>
      <trkpt lat="46.45814563147724" lon="22.84761336632073">
        <ele>724.2</ele>
        <time>2025-05-09T05:10:41</time>
      </trkpt>
      <trkpt lat="46.458145966753364" lon="22.84769115038216">
        <ele>724.2</ele>
        <time>2025-05-09T05:10:42</time>
      </trkpt>
      <trkpt lat="46.45811369642615" lon="22.84820957109332">
        <ele>723.8</ele>
        <time>2025-05-09T05:10:49</time>
      </trkpt>
      <trkpt lat="46.458011185750365" lon="22.848663115873933">
        <ele>724.0</ele>
        <time>2025-05-09T05:10:56</time>
      </trkpt>
      <trkpt lat="46.457926696166396" lon="22.849050192162395">
        <ele>724.8</ele>
        <time>2025-05-09T05:11:03</time>
      </trkpt>
      <trkpt lat="46.4579108543694" lon="22.849105931818485">
        <ele>724.8</ele>
        <time>2025-05-09T05:11:04</time>
      </trkpt>
      <trkpt lat="46.45786240696907" lon="22.849282370880246">
        <ele>725.2</ele>
        <time>2025-05-09T05:11:07</time>
      </trkpt>
      <trkpt lat="46.45780876278877" lon="22.849459731951356">
        <ele>725.2</ele>
        <time>2025-05-09T05:11:10</time>
      </trkpt>
      <trkpt lat="46.45769577473402" lon="22.849851502105594">
        <ele>725.5999999999999</ele>
        <time>2025-05-09T05:11:16</time>
      </trkpt>
      <trkpt lat="46.45762695930898" lon="22.85006926394999">
        <ele>725.5999999999999</ele>
        <time>2025-05-09T05:11:19</time>
      </trkpt>
      <trkpt lat="46.457534758374095" lon="22.85028032027185">
        <ele>725.4000000000001</ele>
        <time>2025-05-09T05:11:22</time>
      </trkpt>
      <trkpt lat="46.45734742283821" lon="22.85047922283411">
        <ele>725.0</ele>
        <time>2025-05-09T05:11:26</time>
      </trkpt>
      <trkpt lat="46.457169726490974" lon="22.850554743781686">
        <ele>724.5999999999999</ele>
        <time>2025-05-09T05:11:29</time>
      </trkpt>
      <trkpt lat="46.45705061964691" lon="22.850607549771667">
        <ele>724.0</ele>
        <time>2025-05-09T05:11:31</time>
      </trkpt>
      <trkpt lat="46.456936709582806" lon="22.850684830918908">
        <ele>723.5999999999999</ele>
        <time>2025-05-09T05:11:33</time>
      </trkpt>
      <trkpt lat="46.456783236935735" lon="22.850852804258466">
        <ele>723.0</ele>
        <time>2025-05-09T05:11:36</time>
      </trkpt>
      <trkpt lat="46.45673369988799" lon="22.850912231951952">
        <ele>723.0</ele>
        <time>2025-05-09T05:11:37</time>
      </trkpt>
      <trkpt lat="46.45656513981521" lon="22.8511549718678">
        <ele>722.4000000000001</ele>
        <time>2025-05-09T05:11:41</time>
      </trkpt>
      <trkpt lat="46.45652976818383" lon="22.85122135654092">
        <ele>722.2</ele>
        <time>2025-05-09T05:11:42</time>
      </trkpt>
      <trkpt lat="46.456393310800195" lon="22.851587226614356">
        <ele>721.5999999999999</ele>
        <time>2025-05-09T05:11:47</time>
      </trkpt>
      <trkpt lat="46.456379145383835" lon="22.85167540423572">
        <ele>721.4000000000001</ele>
        <time>2025-05-09T05:11:48</time>
      </trkpt>
      <trkpt lat="46.45635550841689" lon="22.852041944861412">
        <ele>721.2</ele>
        <time>2025-05-09T05:11:52</time>
      </trkpt>
      <trkpt lat="46.45633086562157" lon="22.85277536138892">
        <ele>720.4000000000001</ele>
        <time>2025-05-09T05:12:00</time>
      </trkpt>
      <trkpt lat="46.45628753118217" lon="22.853568037971854">
        <ele>720.4000000000001</ele>
        <time>2025-05-09T05:12:09</time>
      </trkpt>
      <trkpt lat="46.456257943063974" lon="22.853735676035285">
        <ele>720.4000000000001</ele>
        <time>2025-05-09T05:12:11</time>
      </trkpt>
      <trkpt lat="46.45620974712074" lon="22.853897865861654">
        <ele>720.2</ele>
        <time>2025-05-09T05:12:13</time>
      </trkpt>
      <trkpt lat="46.45617965608835" lon="22.853975566104054">
        <ele>720.2</ele>
        <time>2025-05-09T05:12:14</time>
      </trkpt>
      <trkpt lat="46.45596558228135" lon="22.854391057044268">
        <ele>720.0</ele>
        <time>2025-05-09T05:12:20</time>
      </trkpt>
      <trkpt lat="46.455786461010575" lon="22.854735385626554">
        <ele>719.8</ele>
        <time>2025-05-09T05:12:25</time>
      </trkpt>
      <trkpt lat="46.4556279592216" lon="22.85509438253939">
        <ele>719.5999999999999</ele>
        <time>2025-05-09T05:12:30</time>
      </trkpt>
      <trkpt lat="46.455596862360835" lon="22.85516562871635">
        <ele>719.5999999999999</ele>
        <time>2025-05-09T05:12:31</time>
      </trkpt>
      <trkpt lat="46.45553357899189" lon="22.85531080327928">
        <ele>719.4000000000001</ele>
        <time>2025-05-09T05:12:33</time>
      </trkpt>
      <trkpt lat="46.455423440784216" lon="22.85561280325055">
        <ele>719.2</ele>
        <time>2025-05-09T05:12:37</time>
      </trkpt>
      <trkpt lat="46.455319253727794" lon="22.855912121012807">
        <ele>719.2</ele>
        <time>2025-05-09T05:12:41</time>
      </trkpt>
      <trkpt lat="46.455290000885725" lon="22.855980852618814">
        <ele>719.2</ele>
        <time>2025-05-09T05:12:42</time>
      </trkpt>
      <trkpt lat="46.45509688183665" lon="22.856385698542">
        <ele>719.0</ele>
        <time>2025-05-09T05:12:48</time>
      </trkpt>
      <trkpt lat="46.45481592044234" lon="22.856833627447486">
        <ele>719.0</ele>
        <time>2025-05-09T05:12:55</time>
      </trkpt>
      <trkpt lat="46.45470226183534" lon="22.857043677940965">
        <ele>718.8</ele>
        <time>2025-05-09T05:12:58</time>
      </trkpt>
      <trkpt lat="46.45460964180529" lon="22.85727367736399">
        <ele>718.5999999999999</ele>
        <time>2025-05-09T05:13:01</time>
      </trkpt>
      <trkpt lat="46.45442834123969" lon="22.85779100842774">
        <ele>718.0</ele>
        <time>2025-05-09T05:13:07</time>
      </trkpt>
      <trkpt lat="46.45434703677893" lon="22.857951438054442">
        <ele>717.5999999999999</ele>
        <time>2025-05-09T05:13:09</time>
      </trkpt>
      <trkpt lat="46.45414930768311" lon="22.858369275927544">
        <ele>716.8</ele>
        <time>2025-05-09T05:13:14</time>
      </trkpt>
      <trkpt lat="46.45403950475156" lon="22.858623834326863">
        <ele>716.5999999999999</ele>
        <time>2025-05-09T05:13:17</time>
      </trkpt>
      <trkpt lat="46.45400136709213" lon="22.85870522260666">
        <ele>716.5999999999999</ele>
        <time>2025-05-09T05:13:18</time>
      </trkpt>
      <trkpt lat="46.45389164797962" lon="22.858947543427348">
        <ele>716.2</ele>
        <time>2025-05-09T05:13:21</time>
      </trkpt>
      <trkpt lat="46.453685788437724" lon="22.859444841742516">
        <ele>716.0</ele>
        <time>2025-05-09T05:13:27</time>
      </trkpt>
      <trkpt lat="46.453665336593986" lon="22.859531426802278">
        <ele>715.8</ele>
        <time>2025-05-09T05:13:28</time>
      </trkpt>
      <trkpt lat="46.45361655391753" lon="22.85980610176921">
        <ele>715.5999999999999</ele>
        <time>2025-05-09T05:13:31</time>
      </trkpt>
      <trkpt lat="46.45360113121569" lon="22.859901823103428">
        <ele>715.5999999999999</ele>
        <time>2025-05-09T05:13:32</time>
      </trkpt>
      <trkpt lat="46.45359124056995" lon="22.859999472275376">
        <ele>715.4000000000001</ele>
        <time>2025-05-09T05:13:33</time>
      </trkpt>
      <trkpt lat="46.4535852894187" lon="22.860197369009256">
        <ele>715.2</ele>
        <time>2025-05-09T05:13:35</time>
      </trkpt>
      <trkpt lat="46.453589564189315" lon="22.860294599086046">
        <ele>715.0</ele>
        <time>2025-05-09T05:13:36</time>
      </trkpt>
      <trkpt lat="46.453642789274454" lon="22.86067396402359">
        <ele>714.8</ele>
        <time>2025-05-09T05:13:40</time>
      </trkpt>
      <trkpt lat="46.45370406098664" lon="22.86084847524762">
        <ele>714.8</ele>
        <time>2025-05-09T05:13:42</time>
      </trkpt>
      <trkpt lat="46.45378586836159" lon="22.861005552113056">
        <ele>714.5999999999999</ele>
        <time>2025-05-09T05:13:44</time>
      </trkpt>
      <trkpt lat="46.4539183024317" lon="22.861224906519055">
        <ele>714.4000000000001</ele>
        <time>2025-05-09T05:13:47</time>
      </trkpt>
      <trkpt lat="46.453959457576275" lon="22.861294895410538">
        <ele>714.0</ele>
        <time>2025-05-09T05:13:48</time>
      </trkpt>
      <trkpt lat="46.45399533212185" lon="22.861368656158447">
        <ele>714.0</ele>
        <time>2025-05-09T05:13:49</time>
      </trkpt>
      <trkpt lat="46.45410915836692" lon="22.861697310581803">
        <ele>714.0</ele>
        <time>2025-05-09T05:13:53</time>
      </trkpt>
      <trkpt lat="46.45419037900865" lon="22.86222637630999">
        <ele>713.8</ele>
        <time>2025-05-09T05:13:59</time>
      </trkpt>
      <trkpt lat="46.454253159463406" lon="22.862823838368058">
        <ele>713.5999999999999</ele>
        <time>2025-05-09T05:14:06</time>
      </trkpt>
      <trkpt lat="46.45434242673218" lon="22.863404033705592">
        <ele>713.5999999999999</ele>
        <time>2025-05-09T05:14:13</time>
      </trkpt>
      <trkpt lat="46.45444091409445" lon="22.863958664238453">
        <ele>713.8</ele>
        <time>2025-05-09T05:14:20</time>
      </trkpt>
      <trkpt lat="46.4545089751482" lon="22.86417164839804">
        <ele>713.8</ele>
        <time>2025-05-09T05:14:23</time>
      </trkpt>
      <trkpt lat="46.454605869948864" lon="22.8643792681396">
        <ele>714.0</ele>
        <time>2025-05-09T05:14:26</time>
      </trkpt>
      <trkpt lat="46.4548871666193" lon="22.864825688302517">
        <ele>713.4000000000001</ele>
        <time>2025-05-09T05:14:33</time>
      </trkpt>
      <trkpt lat="46.455177599564195" lon="22.86524319089949">
        <ele>713.0</ele>
        <time>2025-05-09T05:14:40</time>
      </trkpt>
      <trkpt lat="46.45521875470877" lon="22.865302031859756">
        <ele>712.8</ele>
        <time>2025-05-09T05:14:41</time>
      </trkpt>
      <trkpt lat="46.45556258037686" lon="22.865787679329515">
        <ele>712.4000000000001</ele>
        <time>2025-05-09T05:14:49</time>
      </trkpt>
      <trkpt lat="46.45580657757819" lon="22.866129828616977">
        <ele>712.0</ele>
        <time>2025-05-09T05:14:54</time>
      </trkpt>
      <trkpt lat="46.45595326088369" lon="22.866336358711123">
        <ele>711.4000000000001</ele>
        <time>2025-05-09T05:14:57</time>
      </trkpt>
      <trkpt lat="46.45615258254111" lon="22.866617990657687">
        <ele>710.8</ele>
        <time>2025-05-09T05:15:01</time>
      </trkpt>
      <trkpt lat="46.45630722865462" lon="22.866827370598912">
        <ele>710.4000000000001</ele>
        <time>2025-05-09T05:15:04</time>
      </trkpt>
      <trkpt lat="46.45646246150136" lon="22.86703440360725">
        <ele>709.8</ele>
        <time>2025-05-09T05:15:07</time>
      </trkpt>
      <trkpt lat="46.45664962939918" lon="22.867304300889373">
        <ele>709.4000000000001</ele>
        <time>2025-05-09T05:15:11</time>
      </trkpt>
      <trkpt lat="46.45697518251836" lon="22.867780895903707">
        <ele>709.2</ele>
        <time>2025-05-09T05:15:19</time>
      </trkpt>
      <trkpt lat="46.45730291493237" lon="22.86835472099483">
        <ele>708.8</ele>
        <time>2025-05-09T05:15:29</time>
      </trkpt>
      <trkpt lat="46.45733694545925" lon="22.86842110566795">
        <ele>708.8</ele>
        <time>2025-05-09T05:15:30</time>
      </trkpt>
      <trkpt lat="46.45757750608027" lon="22.86890977062285">
        <ele>708.4000000000001</ele>
        <time>2025-05-09T05:15:37</time>
      </trkpt>
      <trkpt lat="46.45772544667125" lon="22.869293745607138">
        <ele>708.2</ele>
        <time>2025-05-09T05:15:42</time>
      </trkpt>
      <trkpt lat="46.45774723961949" lon="22.869376139715314">
        <ele>708.2</ele>
        <time>2025-05-09T05:15:43</time>
      </trkpt>
      <trkpt lat="46.45781647413969" lon="22.869704207405448">
        <ele>708.0</ele>
        <time>2025-05-09T05:15:47</time>
      </trkpt>
      <trkpt lat="46.457836758345366" lon="22.86987042054534">
        <ele>707.8</ele>
        <time>2025-05-09T05:15:49</time>
      </trkpt>
      <trkpt lat="46.45784522406757" lon="22.869956586509943">
        <ele>707.8</ele>
        <time>2025-05-09T05:15:50</time>
      </trkpt>
      <trkpt lat="46.45785980857909" lon="22.87021391093731">
        <ele>707.5999999999999</ele>
        <time>2025-05-09T05:15:53</time>
      </trkpt>
      <trkpt lat="46.457849498838186" lon="22.87038247101009">
        <ele>707.4000000000001</ele>
        <time>2025-05-09T05:15:55</time>
      </trkpt>
      <trkpt lat="46.45775939337909" lon="22.870886055752635">
        <ele>707.4000000000001</ele>
        <time>2025-05-09T05:16:01</time>
      </trkpt>
      <trkpt lat="46.45770298317075" lon="22.8710416238755">
        <ele>707.4000000000001</ele>
        <time>2025-05-09T05:16:03</time>
      </trkpt>
      <trkpt lat="46.457639867439866" lon="22.87118093110621">
        <ele>707.4000000000001</ele>
        <time>2025-05-09T05:16:05</time>
      </trkpt>
      <trkpt lat="46.457487316802144" lon="22.871532468125224">
        <ele>707.4000000000001</ele>
        <time>2025-05-09T05:16:10</time>
      </trkpt>
      <trkpt lat="46.45718816667795" lon="22.872214168310165">
        <ele>707.4000000000001</ele>
        <time>2025-05-09T05:16:19</time>
      </trkpt>
      <trkpt lat="46.456945426762104" lon="22.872661594301462">
        <ele>707.2</ele>
        <time>2025-05-09T05:16:25</time>
      </trkpt>
      <trkpt lat="46.456749541684985" lon="22.87300064228475">
        <ele>706.4000000000001</ele>
        <time>2025-05-09T05:16:30</time>
      </trkpt>
      <trkpt lat="46.45668776705861" lon="22.87314279936254">
        <ele>706.2</ele>
        <time>2025-05-09T05:16:32</time>
      </trkpt>
      <trkpt lat="46.45662968046963" lon="22.87346332333982">
        <ele>706.2</ele>
        <time>2025-05-09T05:16:36</time>
      </trkpt>
      <trkpt lat="46.456625405699015" lon="22.873549154028296">
        <ele>706.2</ele>
        <time>2025-05-09T05:16:37</time>
      </trkpt>
      <trkpt lat="46.45662406459451" lon="22.873635906726122">
        <ele>706.0</ele>
        <time>2025-05-09T05:16:38</time>
      </trkpt>
      <trkpt lat="46.456649377942085" lon="22.87406036630273">
        <ele>706.0</ele>
        <time>2025-05-09T05:16:43</time>
      </trkpt>
      <trkpt lat="46.45667946897447" lon="22.8743071295321">
        <ele>706.0</ele>
        <time>2025-05-09T05:16:46</time>
      </trkpt>
      <trkpt lat="46.45671995356679" lon="22.874554060399532">
        <ele>705.8</ele>
        <time>2025-05-09T05:16:49</time>
      </trkpt>
      <trkpt lat="46.45674493163824" lon="22.875162670388818">
        <ele>705.5999999999999</ele>
        <time>2025-05-09T05:16:56</time>
      </trkpt>
      <trkpt lat="46.456742752343416" lon="22.875682096928358">
        <ele>705.5999999999999</ele>
        <time>2025-05-09T05:17:03</time>
      </trkpt>
      <trkpt lat="46.45673361606896" lon="22.87605400197208">
        <ele>706.2</ele>
        <time>2025-05-09T05:17:09</time>
      </trkpt>
      <trkpt lat="46.45675314590335" lon="22.87623924203217">
        <ele>706.8</ele>
        <time>2025-05-09T05:17:12</time>
      </trkpt>
      <trkpt lat="46.4567937143147" lon="22.87642096169293">
        <ele>707.0</ele>
        <time>2025-05-09T05:17:15</time>
      </trkpt>
      <trkpt lat="46.456834031268954" lon="22.87653587758541">
        <ele>707.2</ele>
        <time>2025-05-09T05:17:17</time>
      </trkpt>
      <trkpt lat="46.456859009340405" lon="22.876588935032487">
        <ele>707.4000000000001</ele>
        <time>2025-05-09T05:17:18</time>
      </trkpt>
      <trkpt lat="46.45692463964224" lon="22.876688931137323">
        <ele>707.5999999999999</ele>
        <time>2025-05-09T05:17:20</time>
      </trkpt>
      <trkpt lat="46.45708590745926" lon="22.87688129581511">
        <ele>707.8</ele>
        <time>2025-05-09T05:17:24</time>
      </trkpt>
      <trkpt lat="46.45726611837745" lon="22.877080449834466">
        <ele>707.8</ele>
        <time>2025-05-09T05:17:28</time>
      </trkpt>
      <trkpt lat="46.457342226058245" lon="22.87721548229456">
        <ele>707.8</ele>
        <time>2025-05-09T05:17:30</time>
      </trkpt>
      <trkpt lat="46.45758932456374" lon="22.877787547186017">
        <ele>706.8</ele>
        <time>2025-05-09T05:17:37</time>
      </trkpt>
      <trkpt lat="46.45762503147125" lon="22.877868600189686">
        <ele>706.4000000000001</ele>
        <time>2025-05-09T05:17:38</time>
      </trkpt>
      <trkpt lat="46.457858299836516" lon="22.878347039222717">
        <ele>705.4000000000001</ele>
        <time>2025-05-09T05:17:44</time>
      </trkpt>
      <trkpt lat="46.45790440030396" lon="22.878417866304517">
        <ele>705.2</ele>
        <time>2025-05-09T05:17:45</time>
      </trkpt>
      <trkpt lat="46.45811210386455" lon="22.878669993951917">
        <ele>704.4000000000001</ele>
        <time>2025-05-09T05:17:49</time>
      </trkpt>
      <trkpt lat="46.458226181566715" lon="22.878783652558923">
        <ele>703.8</ele>
        <time>2025-05-09T05:17:51</time>
      </trkpt>
      <trkpt lat="46.45833942107856" lon="22.878893120214343">
        <ele>703.4000000000001</ele>
        <time>2025-05-09T05:17:53</time>
      </trkpt>
      <trkpt lat="46.45861141383648" lon="22.879141308367252">
        <ele>702.8</ele>
        <time>2025-05-09T05:17:58</time>
      </trkpt>
      <trkpt lat="46.45898315124214" lon="22.87949644960463">
        <ele>702.4000000000001</ele>
        <time>2025-05-09T05:18:05</time>
      </trkpt>
      <trkpt lat="46.459368132054806" lon="22.879781601950526">
        <ele>702.4000000000001</ele>
        <time>2025-05-09T05:18:12</time>
      </trkpt>
      <trkpt lat="46.45990767516196" lon="22.88009500131011">
        <ele>702.2</ele>
        <time>2025-05-09T05:18:21</time>
      </trkpt>
      <trkpt lat="46.4604461286217" lon="22.880397839471698">
        <ele>701.8</ele>
        <time>2025-05-09T05:18:30</time>
      </trkpt>
      <trkpt lat="46.460819877684116" lon="22.88066086359322">
        <ele>701.4000000000001</ele>
        <time>2025-05-09T05:18:37</time>
      </trkpt>
      <trkpt lat="46.46109321154654" lon="22.880995301529765">
        <ele>701.4000000000001</ele>
        <time>2025-05-09T05:18:43</time>
      </trkpt>
      <trkpt lat="46.46127535030246" lon="22.88142655044794">
        <ele>700.8</ele>
        <time>2025-05-09T05:18:49</time>
      </trkpt>
      <trkpt lat="46.4613922778517" lon="22.881713630631566">
        <ele>700.5999999999999</ele>
        <time>2025-05-09T05:18:53</time>
      </trkpt>
      <trkpt lat="46.46144558675587" lon="22.88185461424291">
        <ele>700.4000000000001</ele>
        <time>2025-05-09T05:18:55</time>
      </trkpt>
      <trkpt lat="46.461736941710114" lon="22.88246096111834">
        <ele>700.2</ele>
        <time>2025-05-09T05:19:04</time>
      </trkpt>
      <trkpt lat="46.46180567331612" lon="22.882610075175762">
        <ele>700.2</ele>
        <time>2025-05-09T05:19:06</time>
      </trkpt>
      <trkpt lat="46.46192712709308" lon="22.88292372599244">
        <ele>700.2</ele>
        <time>2025-05-09T05:19:10</time>
      </trkpt>
      <trkpt lat="46.46206174045801" lon="22.883301666006446">
        <ele>699.5999999999999</ele>
        <time>2025-05-09T05:19:15</time>
      </trkpt>
      <trkpt lat="46.462090238928795" lon="22.883373498916626">
        <ele>699.4000000000001</ele>
        <time>2025-05-09T05:19:16</time>
      </trkpt>
      <trkpt lat="46.46225561387837" lon="22.883714642375708">
        <ele>699.2</ele>
        <time>2025-05-09T05:19:21</time>
      </trkpt>
      <trkpt lat="46.462487960234284" lon="22.884057629853487">
        <ele>698.8</ele>
        <time>2025-05-09T05:19:27</time>
      </trkpt>
      <trkpt lat="46.462687868624926" lon="22.88441880606115">
        <ele>698.8</ele>
        <time>2025-05-09T05:19:34</time>
      </trkpt>
      <trkpt lat="46.46282600238919" lon="22.884775288403034">
        <ele>699.4000000000001</ele>
        <time>2025-05-09T05:19:41</time>
      </trkpt>
      <trkpt lat="46.46296380087733" lon="22.885177452117205">
        <ele>700.0</ele>
        <time>2025-05-09T05:19:48</time>
      </trkpt>
      <trkpt lat="46.463012248277664" lon="22.885645581409335">
        <ele>700.2</ele>
        <time>2025-05-09T05:19:55</time>
      </trkpt>
      <trkpt lat="46.46300856024027" lon="22.885717330500484">
        <ele>700.2</ele>
        <time>2025-05-09T05:19:56</time>
      </trkpt>
      <trkpt lat="46.46297922357917" lon="22.8860289696604">
        <ele>700.2</ele>
        <time>2025-05-09T05:20:00</time>
      </trkpt>
      <trkpt lat="46.462945276871324" lon="22.886191327124834">
        <ele>700.2</ele>
        <time>2025-05-09T05:20:02</time>
      </trkpt>
      <trkpt lat="46.462908647954464" lon="22.886348320171237">
        <ele>700.2</ele>
        <time>2025-05-09T05:20:04</time>
      </trkpt>
      <trkpt lat="46.46286053583026" lon="22.886498859152198">
        <ele>700.2</ele>
        <time>2025-05-09T05:20:06</time>
      </trkpt>
      <trkpt lat="46.462800689041615" lon="22.886632634326816">
        <ele>700.0</ele>
        <time>2025-05-09T05:20:08</time>
      </trkpt>
      <trkpt lat="46.46268954500556" lon="22.88681603036821">
        <ele>699.5999999999999</ele>
        <time>2025-05-09T05:20:11</time>
      </trkpt>
      <trkpt lat="46.46242425777018" lon="22.887021219357848">
        <ele>699.0</ele>
        <time>2025-05-09T05:20:16</time>
      </trkpt>
      <trkpt lat="46.4622541051358" lon="22.887083245441318">
        <ele>699.0</ele>
        <time>2025-05-09T05:20:19</time>
      </trkpt>
      <trkpt lat="46.46208269521594" lon="22.887123143300414">
        <ele>699.0</ele>
        <time>2025-05-09T05:20:22</time>
      </trkpt>
      <trkpt lat="46.461687656119466" lon="22.8871963173151">
        <ele>699.0</ele>
        <time>2025-05-09T05:20:29</time>
      </trkpt>
      <trkpt lat="46.461420776322484" lon="22.887309892103076">
        <ele>699.0</ele>
        <time>2025-05-09T05:20:35</time>
      </trkpt>
      <trkpt lat="46.46115515381098" lon="22.887478452175856">
        <ele>699.0</ele>
        <time>2025-05-09T05:20:43</time>
      </trkpt>
      <trkpt lat="46.46088886074722" lon="22.887577693909407">
        <ele>699.0</ele>
        <time>2025-05-09T05:20:49</time>
      </trkpt>
      <trkpt lat="46.460541263222694" lon="22.887629326432943">
        <ele>698.8</ele>
        <time>2025-05-09T05:20:55</time>
      </trkpt>
      <trkpt lat="46.460062908008695" lon="22.88773560896516">
        <ele>698.2</ele>
        <time>2025-05-09T05:21:03</time>
      </trkpt>
      <trkpt lat="46.45988713949919" lon="22.887834515422583">
        <ele>698.0</ele>
        <time>2025-05-09T05:21:06</time>
      </trkpt>
      <trkpt lat="46.459833243861794" lon="22.887882459908724">
        <ele>697.8</ele>
        <time>2025-05-09T05:21:07</time>
      </trkpt>
      <trkpt lat="46.45978261716664" lon="22.88793845102191">
        <ele>697.5999999999999</ele>
        <time>2025-05-09T05:21:08</time>
      </trkpt>
      <trkpt lat="46.45968748256564" lon="22.888067197054625">
        <ele>697.2</ele>
        <time>2025-05-09T05:21:10</time>
      </trkpt>
      <trkpt lat="46.459643645212054" lon="22.888138443231583">
        <ele>697.2</ele>
        <time>2025-05-09T05:21:11</time>
      </trkpt>
      <trkpt lat="46.459559155628085" lon="22.888285210356116">
        <ele>696.8</ele>
        <time>2025-05-09T05:21:13</time>
      </trkpt>
      <trkpt lat="46.45951917394996" lon="22.888363916426897">
        <ele>696.5999999999999</ele>
        <time>2025-05-09T05:21:14</time>
      </trkpt>
      <trkpt lat="46.45933301188052" lon="22.888767002150416">
        <ele>696.0</ele>
        <time>2025-05-09T05:21:19</time>
      </trkpt>
      <trkpt lat="46.45924894139171" lon="22.889038156718016">
        <ele>695.4000000000001</ele>
        <time>2025-05-09T05:21:23</time>
      </trkpt>
      <trkpt lat="46.4592336025089" lon="22.88910772651434">
        <ele>695.2</ele>
        <time>2025-05-09T05:21:24</time>
      </trkpt>
      <trkpt lat="46.45913519896567" lon="22.88967459462583">
        <ele>694.4000000000001</ele>
        <time>2025-05-09T05:21:31</time>
      </trkpt>
      <trkpt lat="46.45904140546918" lon="22.89019301533699">
        <ele>693.2</ele>
        <time>2025-05-09T05:21:37</time>
      </trkpt>
      <trkpt lat="46.458983570337296" lon="22.890454614534974">
        <ele>693.0</ele>
        <time>2025-05-09T05:21:40</time>
      </trkpt>
      <trkpt lat="46.458772514015436" lon="22.89105207659304">
        <ele>692.8</ele>
        <time>2025-05-09T05:21:47</time>
      </trkpt>
      <trkpt lat="46.458706045523286" lon="22.891219295561314">
        <ele>692.4000000000001</ele>
        <time>2025-05-09T05:21:49</time>
      </trkpt>
      <trkpt lat="46.45856271497905" lon="22.89164870046079">
        <ele>691.8</ele>
        <time>2025-05-09T05:21:54</time>
      </trkpt>
      <trkpt lat="46.458537401631474" lon="22.891737464815378">
        <ele>691.8</ele>
        <time>2025-05-09T05:21:55</time>
      </trkpt>
      <trkpt lat="46.45841946825385" lon="22.892289329320192">
        <ele>691.5999999999999</ele>
        <time>2025-05-09T05:22:01</time>
      </trkpt>
      <trkpt lat="46.45824839361012" lon="22.89309399202466">
        <ele>691.4000000000001</ele>
        <time>2025-05-09T05:22:10</time>
      </trkpt>
      <trkpt lat="46.458130376413465" lon="22.893612245097756">
        <ele>691.4000000000001</ele>
        <time>2025-05-09T05:22:16</time>
      </trkpt>
      <trkpt lat="46.45804362371564" lon="22.893948694691062">
        <ele>691.2</ele>
        <time>2025-05-09T05:22:20</time>
      </trkpt>
      <trkpt lat="46.45783516578376" lon="22.894603237509727">
        <ele>691.0</ele>
        <time>2025-05-09T05:22:28</time>
      </trkpt>
      <trkpt lat="46.457619247958064" lon="22.894929461181164">
        <ele>690.5999999999999</ele>
        <time>2025-05-09T05:22:33</time>
      </trkpt>
      <trkpt lat="46.457511289045215" lon="22.8950328938663">
        <ele>690.4000000000001</ele>
        <time>2025-05-09T05:22:35</time>
      </trkpt>
      <trkpt lat="46.457333425059915" lon="22.895140014588833">
        <ele>690.4000000000001</ele>
        <time>2025-05-09T05:22:38</time>
      </trkpt>
      <trkpt lat="46.45727265626192" lon="22.895160634070635">
        <ele>690.4000000000001</ele>
        <time>2025-05-09T05:22:39</time>
      </trkpt>
      <trkpt lat="46.4571547228843" lon="22.895197933539748">
        <ele>690.2</ele>
        <time>2025-05-09T05:22:41</time>
      </trkpt>
      <trkpt lat="46.4569284953177" lon="22.8952678386122">
        <ele>690.2</ele>
        <time>2025-05-09T05:22:45</time>
      </trkpt>
      <trkpt lat="46.45683386363089" lon="22.895282255485654">
        <ele>690.2</ele>
        <time>2025-05-09T05:22:48</time>
      </trkpt>
      <trkpt lat="46.456808131188154" lon="22.895279405638576">
        <ele>690.0</ele>
        <time>2025-05-09T05:22:53</time>
      </trkpt>
      <trkpt lat="46.456807712092996" lon="22.895278735086322">
        <ele>689.8</ele>
        <time>2025-05-09T05:23:04</time>
      </trkpt>
      <trkpt lat="46.45680729299784" lon="22.89527563378215">
        <ele>689.4000000000001</ele>
        <time>2025-05-09T05:23:18</time>
      </trkpt>
      <trkpt lat="46.45680997520685" lon="22.895273873582482">
        <ele>689.4000000000001</ele>
        <time>2025-05-09T05:23:35</time>
      </trkpt>
      <trkpt lat="46.45676932297647" lon="22.89530010893941">
        <ele>689.4000000000001</ele>
        <time>2025-05-09T05:23:40</time>
      </trkpt>
      <trkpt lat="46.45662314258516" lon="22.895428435876966">
        <ele>689.4000000000001</ele>
        <time>2025-05-09T05:23:45</time>
      </trkpt>
      <trkpt lat="46.456510657444596" lon="22.895541423931718">
        <ele>689.4000000000001</ele>
        <time>2025-05-09T05:23:48</time>
      </trkpt>
      <trkpt lat="46.456476375460625" lon="22.895591631531715">
        <ele>689.2</ele>
        <time>2025-05-09T05:23:49</time>
      </trkpt>
      <trkpt lat="46.456442680209875" lon="22.89564561098814">
        <ele>689.2</ele>
        <time>2025-05-09T05:23:50</time>
      </trkpt>
      <trkpt lat="46.456377636641264" lon="22.895767567679286">
        <ele>689.2</ele>
        <time>2025-05-09T05:23:52</time>
      </trkpt>
      <trkpt lat="46.45619868300855" lon="22.896079206839204">
        <ele>688.5999999999999</ele>
        <time>2025-05-09T05:23:57</time>
      </trkpt>
      <trkpt lat="46.45602936856449" lon="22.89628171361983">
        <ele>688.2</ele>
        <time>2025-05-09T05:24:01</time>
      </trkpt>
      <trkpt lat="46.45594496279955" lon="22.89637022651732">
        <ele>688.0</ele>
        <time>2025-05-09T05:24:03</time>
      </trkpt>
      <trkpt lat="46.45569249987602" lon="22.89671380072832">
        <ele>687.5999999999999</ele>
        <time>2025-05-09T05:24:09</time>
      </trkpt>
      <trkpt lat="46.45546426065266" lon="22.89704840630293">
        <ele>687.2</ele>
        <time>2025-05-09T05:24:14</time>
      </trkpt>
      <trkpt lat="46.455416567623615" lon="22.897114623337984">
        <ele>687.0</ele>
        <time>2025-05-09T05:24:15</time>
      </trkpt>
      <trkpt lat="46.45515580661595" lon="22.897573448717594">
        <ele>686.4000000000001</ele>
        <time>2025-05-09T05:24:21</time>
      </trkpt>
      <trkpt lat="46.45507676526904" lon="22.897942503914237">
        <ele>686.2</ele>
        <time>2025-05-09T05:24:25</time>
      </trkpt>
      <trkpt lat="46.45507366396487" lon="22.898037638515234">
        <ele>686.0</ele>
        <time>2025-05-09T05:24:26</time>
      </trkpt>
      <trkpt lat="46.4550755918026" lon="22.898132437840104">
        <ele>685.8</ele>
        <time>2025-05-09T05:24:27</time>
      </trkpt>
      <trkpt lat="46.455088248476386" lon="22.898507695645094">
        <ele>685.2</ele>
        <time>2025-05-09T05:24:31</time>
      </trkpt>
      <trkpt lat="46.45508883520961" lon="22.898599477484822">
        <ele>685.0</ele>
        <time>2025-05-09T05:24:32</time>
      </trkpt>
      <trkpt lat="46.455083303153515" lon="22.89894925430417">
        <ele>684.8</ele>
        <time>2025-05-09T05:24:36</time>
      </trkpt>
      <trkpt lat="46.45508028566837" lon="22.89912116713822">
        <ele>684.5999999999999</ele>
        <time>2025-05-09T05:24:38</time>
      </trkpt>
      <trkpt lat="46.45505388267338" lon="22.89946566335857">
        <ele>684.5999999999999</ele>
        <time>2025-05-09T05:24:42</time>
      </trkpt>
      <trkpt lat="46.45502253435552" lon="22.899720640853047">
        <ele>684.5999999999999</ele>
        <time>2025-05-09T05:24:45</time>
      </trkpt>
      <trkpt lat="46.45496972836554" lon="22.899965811520815">
        <ele>684.5999999999999</ele>
        <time>2025-05-09T05:24:48</time>
      </trkpt>
      <trkpt lat="46.45477317273617" lon="22.900692857801914">
        <ele>684.2</ele>
        <time>2025-05-09T05:24:57</time>
      </trkpt>
      <trkpt lat="46.45474685356021" lon="22.90076988749206">
        <ele>684.2</ele>
        <time>2025-05-09T05:24:58</time>
      </trkpt>
      <trkpt lat="46.454557087272406" lon="22.901316806674004">
        <ele>684.0</ele>
        <time>2025-05-09T05:25:05</time>
      </trkpt>
      <trkpt lat="46.45447368733585" lon="22.90154730901122">
        <ele>683.8</ele>
        <time>2025-05-09T05:25:08</time>
      </trkpt>
      <trkpt lat="46.45437888801098" lon="22.901768842712045">
        <ele>683.5999999999999</ele>
        <time>2025-05-09T05:25:11</time>
      </trkpt>
      <trkpt lat="46.45425240509212" lon="22.90205307304859">
        <ele>683.2</ele>
        <time>2025-05-09T05:25:15</time>
      </trkpt>
      <trkpt lat="46.454175962135196" lon="22.902182321995497">
        <ele>683.2</ele>
        <time>2025-05-09T05:25:17</time>
      </trkpt>
      <trkpt lat="46.454133968800306" lon="22.902240408584476">
        <ele>683.0</ele>
        <time>2025-05-09T05:25:18</time>
      </trkpt>
      <trkpt lat="46.45386876538396" lon="22.90259772911668">
        <ele>682.8</ele>
        <time>2025-05-09T05:25:24</time>
      </trkpt>
      <trkpt lat="46.45373901352286" lon="22.90277810767293">
        <ele>682.5999999999999</ele>
        <time>2025-05-09T05:25:27</time>
      </trkpt>
      <trkpt lat="46.45353457890451" lon="22.903075832873583">
        <ele>682.4000000000001</ele>
        <time>2025-05-09T05:25:32</time>
      </trkpt>
      <trkpt lat="46.45350105129182" lon="22.903142049908638">
        <ele>682.4000000000001</ele>
        <time>2025-05-09T05:25:33</time>
      </trkpt>
      <trkpt lat="46.45336995832622" lon="22.903509261086583">
        <ele>682.2</ele>
        <time>2025-05-09T05:25:38</time>
      </trkpt>
      <trkpt lat="46.45324548706412" lon="22.90407939814031">
        <ele>681.8</ele>
        <time>2025-05-09T05:25:45</time>
      </trkpt>
      <trkpt lat="46.45308229140937" lon="22.904713489115238">
        <ele>681.5999999999999</ele>
        <time>2025-05-09T05:25:53</time>
      </trkpt>
      <trkpt lat="46.45293317735195" lon="22.904963940382004">
        <ele>681.5999999999999</ele>
        <time>2025-05-09T05:25:57</time>
      </trkpt>
      <trkpt lat="46.45284944213927" lon="22.905074497684836">
        <ele>681.5999999999999</ele>
        <time>2025-05-09T05:25:59</time>
      </trkpt>
      <trkpt lat="46.452714409679174" lon="22.905224366113544">
        <ele>681.5999999999999</ele>
        <time>2025-05-09T05:26:02</time>
      </trkpt>
      <trkpt lat="46.45256923511624" lon="22.90534431114793">
        <ele>681.4000000000001</ele>
        <time>2025-05-09T05:26:05</time>
      </trkpt>
      <trkpt lat="46.45230134949088" lon="22.90550071746111">
        <ele>681.4000000000001</ele>
        <time>2025-05-09T05:26:10</time>
      </trkpt>
      <trkpt lat="46.45218710415065" lon="22.905535586178303">
        <ele>681.2</ele>
        <time>2025-05-09T05:26:12</time>
      </trkpt>
      <trkpt lat="46.45188099704683" lon="22.905574813485146">
        <ele>680.5999999999999</ele>
        <time>2025-05-09T05:26:17</time>
      </trkpt>
      <trkpt lat="46.45181654021144" lon="22.905574645847082">
        <ele>680.5999999999999</ele>
        <time>2025-05-09T05:26:18</time>
      </trkpt>
      <trkpt lat="46.451423512771726" lon="22.90549644269049">
        <ele>680.4000000000001</ele>
        <time>2025-05-09T05:26:24</time>
      </trkpt>
      <trkpt lat="46.451181108132005" lon="22.90548370219767">
        <ele>680.0</ele>
        <time>2025-05-09T05:26:28</time>
      </trkpt>
      <trkpt lat="46.451123524457216" lon="22.90549920871854">
        <ele>679.8</ele>
        <time>2025-05-09T05:26:29</time>
      </trkpt>
      <trkpt lat="46.45091498270631" lon="22.90565167553723">
        <ele>679.5999999999999</ele>
        <time>2025-05-09T05:26:33</time>
      </trkpt>
      <trkpt lat="46.450795037671924" lon="22.905842028558254">
        <ele>679.5999999999999</ele>
        <time>2025-05-09T05:26:36</time>
      </trkpt>
      <trkpt lat="46.45076301880181" lon="22.905915705487132">
        <ele>679.2</ele>
        <time>2025-05-09T05:26:37</time>
      </trkpt>
      <trkpt lat="46.45069696940482" lon="22.90615509264171">
        <ele>679.4000000000001</ele>
        <time>2025-05-09T05:26:40</time>
      </trkpt>
      <trkpt lat="46.45065765827894" lon="22.90632172487676">
        <ele>679.2</ele>
        <time>2025-05-09T05:26:42</time>
      </trkpt>
      <trkpt lat="46.45049203187227" lon="22.907089423388243">
        <ele>678.2</ele>
        <time>2025-05-09T05:26:51</time>
      </trkpt>
      <trkpt lat="46.450448613613844" lon="22.907356219366193">
        <ele>677.8</ele>
        <time>2025-05-09T05:26:54</time>
      </trkpt>
      <trkpt lat="46.45042992196977" lon="22.907633408904076">
        <ele>677.5999999999999</ele>
        <time>2025-05-09T05:26:57</time>
      </trkpt>
      <trkpt lat="46.45044450648129" lon="22.908004140481353">
        <ele>677.2</ele>
        <time>2025-05-09T05:27:01</time>
      </trkpt>
      <trkpt lat="46.45047593861818" lon="22.908183010295033">
        <ele>677.2</ele>
        <time>2025-05-09T05:27:03</time>
      </trkpt>
      <trkpt lat="46.450627986341715" lon="22.908695647493005">
        <ele>677.0</ele>
        <time>2025-05-09T05:27:09</time>
      </trkpt>
      <trkpt lat="46.45085748285055" lon="22.909257654100657">
        <ele>677.0</ele>
        <time>2025-05-09T05:27:16</time>
      </trkpt>
      <trkpt lat="46.45111338235438" lon="22.909733997657895">
        <ele>677.0</ele>
        <time>2025-05-09T05:27:23</time>
      </trkpt>
      <trkpt lat="46.451369784772396" lon="22.910157786682248">
        <ele>677.0</ele>
        <time>2025-05-09T05:27:30</time>
      </trkpt>
      <trkpt lat="46.451547145843506" lon="22.91053069755435">
        <ele>677.0</ele>
        <time>2025-05-09T05:27:36</time>
      </trkpt>
      <trkpt lat="46.451569106429815" lon="22.91059624403715">
        <ele>677.0</ele>
        <time>2025-05-09T05:27:37</time>
      </trkpt>
      <trkpt lat="46.45163423381746" lon="22.910803025588393">
        <ele>677.0</ele>
        <time>2025-05-09T05:27:40</time>
      </trkpt>
      <trkpt lat="46.45164613611996" lon="22.910952139645815">
        <ele>677.0</ele>
        <time>2025-05-09T05:27:42</time>
      </trkpt>
      <trkpt lat="46.45163339562714" lon="22.91110586374998">
        <ele>677.0</ele>
        <time>2025-05-09T05:27:44</time>
      </trkpt>
      <trkpt lat="46.451615542173386" lon="22.9112636949867">
        <ele>676.8</ele>
        <time>2025-05-09T05:27:46</time>
      </trkpt>
      <trkpt lat="46.451600873842835" lon="22.911341981962323">
        <ele>676.8</ele>
        <time>2025-05-09T05:27:47</time>
      </trkpt>
      <trkpt lat="46.45149165764451" lon="22.911798376590014">
        <ele>676.4000000000001</ele>
        <time>2025-05-09T05:27:53</time>
      </trkpt>
      <trkpt lat="46.45130105316639" lon="22.912393575534225">
        <ele>676.2</ele>
        <time>2025-05-09T05:28:01</time>
      </trkpt>
      <trkpt lat="46.45126970484853" lon="22.912463815882802">
        <ele>676.2</ele>
        <time>2025-05-09T05:28:02</time>
      </trkpt>
      <trkpt lat="46.451117070391774" lon="22.91272030211985">
        <ele>676.2</ele>
        <time>2025-05-09T05:28:06</time>
      </trkpt>
      <trkpt lat="46.451074657961726" lon="22.91277880780399">
        <ele>676.0</ele>
        <time>2025-05-09T05:28:07</time>
      </trkpt>
      <trkpt lat="46.450888412073255" lon="22.912996904924512">
        <ele>676.0</ele>
        <time>2025-05-09T05:28:11</time>
      </trkpt>
      <trkpt lat="46.45049337297678" lon="22.913443995639682">
        <ele>675.2</ele>
        <time>2025-05-09T05:28:19</time>
      </trkpt>
      <trkpt lat="46.450449200347066" lon="22.913511972874403">
        <ele>675.2</ele>
        <time>2025-05-09T05:28:20</time>
      </trkpt>
      <trkpt lat="46.450410559773445" lon="22.913585901260376">
        <ele>675.0</ele>
        <time>2025-05-09T05:28:21</time>
      </trkpt>
      <trkpt lat="46.45034400746226" lon="22.913744319230318">
        <ele>674.4000000000001</ele>
        <time>2025-05-09T05:28:23</time>
      </trkpt>
      <trkpt lat="46.4503213763237" lon="22.913834508508444">
        <ele>674.0</ele>
        <time>2025-05-09T05:28:24</time>
      </trkpt>
      <trkpt lat="46.45027871243656" lon="22.914109267294407">
        <ele>673.0</ele>
        <time>2025-05-09T05:28:27</time>
      </trkpt>
      <trkpt lat="46.450260607525706" lon="22.914287969470024">
        <ele>673.0</ele>
        <time>2025-05-09T05:28:29</time>
      </trkpt>
      <trkpt lat="46.4502489566803" lon="22.914552753791213">
        <ele>672.8</ele>
        <time>2025-05-09T05:28:32</time>
      </trkpt>
      <trkpt lat="46.45026027224958" lon="22.914802115410566">
        <ele>672.8</ele>
        <time>2025-05-09T05:28:35</time>
      </trkpt>
      <trkpt lat="46.45027292892337" lon="22.914882162585855">
        <ele>672.5999999999999</ele>
        <time>2025-05-09T05:28:36</time>
      </trkpt>
      <trkpt lat="46.45030955784023" lon="22.9150387365371">
        <ele>672.5999999999999</ele>
        <time>2025-05-09T05:28:38</time>
      </trkpt>
      <trkpt lat="46.45035616122186" lon="22.915174858644605">
        <ele>672.5999999999999</ele>
        <time>2025-05-09T05:28:40</time>
      </trkpt>
      <trkpt lat="46.4505510404706" lon="22.91552891023457">
        <ele>672.0</ele>
        <time>2025-05-09T05:28:46</time>
      </trkpt>
      <trkpt lat="46.45062438212335" lon="22.915651202201843">
        <ele>671.5999999999999</ele>
        <time>2025-05-09T05:28:48</time>
      </trkpt>
      <trkpt lat="46.45079160109162" lon="22.915966864675283">
        <ele>671.2</ele>
        <time>2025-05-09T05:28:53</time>
      </trkpt>
      <trkpt lat="46.45081934519112" lon="22.916031321510673">
        <ele>671.0</ele>
        <time>2025-05-09T05:28:54</time>
      </trkpt>
      <trkpt lat="46.450885562226176" lon="22.916329549625516">
        <ele>670.8</ele>
        <time>2025-05-09T05:28:58</time>
      </trkpt>
      <trkpt lat="46.45088681951165" lon="22.916577653959394">
        <ele>670.5999999999999</ele>
        <time>2025-05-09T05:29:01</time>
      </trkpt>
      <trkpt lat="46.450874330475926" lon="22.916742274537683">
        <ele>670.5999999999999</ele>
        <time>2025-05-09T05:29:03</time>
      </trkpt>
      <trkpt lat="46.45075379870832" lon="22.917323224246502">
        <ele>670.4000000000001</ele>
        <time>2025-05-09T05:29:10</time>
      </trkpt>
      <trkpt lat="46.450562020763755" lon="22.917747851461172">
        <ele>669.8</ele>
        <time>2025-05-09T05:29:16</time>
      </trkpt>
      <trkpt lat="46.4504923671484" lon="22.91786167770624">
        <ele>669.5999999999999</ele>
        <time>2025-05-09T05:29:18</time>
      </trkpt>
      <trkpt lat="46.45035507157445" lon="22.918041301891208">
        <ele>669.4000000000001</ele>
        <time>2025-05-09T05:29:22</time>
      </trkpt>
      <trkpt lat="46.45031601190567" lon="22.918118415400386">
        <ele>669.4000000000001</ele>
        <time>2025-05-09T05:29:25</time>
      </trkpt>
      <trkpt lat="46.4503507129848" lon="22.91813123971224">
        <ele>669.4000000000001</ele>
        <time>2025-05-09T05:29:28</time>
      </trkpt>
      <trkpt lat="46.450390527024865" lon="22.918085139244795">
        <ele>669.4000000000001</ele>
        <time>2025-05-09T05:29:30</time>
      </trkpt>
      <trkpt lat="46.45046537742019" lon="22.918000482022762">
        <ele>669.4000000000001</ele>
        <time>2025-05-09T05:29:33</time>
      </trkpt>
      <trkpt lat="46.450537629425526" lon="22.917887326329947">
        <ele>669.4000000000001</ele>
        <time>2025-05-09T05:29:37</time>
      </trkpt>
      <trkpt lat="46.45052907988429" lon="22.917865365743637">
        <ele>669.4000000000001</ele>
        <time>2025-05-09T05:29:38</time>
      </trkpt>
      <trkpt lat="46.45049521699548" lon="22.91785237379372">
        <ele>669.4000000000001</ele>
        <time>2025-05-09T05:29:41</time>
      </trkpt>
      <trkpt lat="46.450489684939384" lon="22.91784399189055">
        <ele>669.4000000000001</ele>
        <time>2025-05-09T05:29:43</time>
      </trkpt>
      <trkpt lat="46.45048742182553" lon="22.91784206405282">
        <ele>669.4000000000001</ele>
        <time>2025-05-09T05:29:56</time>
      </trkpt>
      <trkpt lat="46.450479459017515" lon="22.91787089779973">
        <ele>669.5999999999999</ele>
        <time>2025-05-09T05:30:08</time>
      </trkpt>
      <trkpt lat="46.45046780817211" lon="22.91788606904447">
        <ele>669.5999999999999</ele>
        <time>2025-05-09T05:30:09</time>
      </trkpt>
      <trkpt lat="46.45035892724991" lon="22.918031997978687">
        <ele>669.5999999999999</ele>
        <time>2025-05-09T05:30:14</time>
      </trkpt>
      <trkpt lat="46.450199000537395" lon="22.91827733628452">
        <ele>669.5999999999999</ele>
        <time>2025-05-09T05:30:21</time>
      </trkpt>
      <trkpt lat="46.45010495558381" lon="22.918570451438427">
        <ele>669.5999999999999</ele>
        <time>2025-05-09T05:30:28</time>
      </trkpt>
      <trkpt lat="46.450054831802845" lon="22.918854262679815">
        <ele>670.0</ele>
        <time>2025-05-09T05:30:35</time>
      </trkpt>
      <trkpt lat="46.45002951845527" lon="22.9190347250551">
        <ele>670.8</ele>
        <time>2025-05-09T05:30:39</time>
      </trkpt>
      <trkpt lat="46.45001292228699" lon="22.919176127761602">
        <ele>671.2</ele>
        <time>2025-05-09T05:30:42</time>
      </trkpt>
      <trkpt lat="46.44999875687063" lon="22.919317446649075">
        <ele>671.8</ele>
        <time>2025-05-09T05:30:45</time>
      </trkpt>
      <trkpt lat="46.449981993064284" lon="22.91945105418563">
        <ele>672.2</ele>
        <time>2025-05-09T05:30:48</time>
      </trkpt>
      <trkpt lat="46.44994117319584" lon="22.919677449390292">
        <ele>673.2</ele>
        <time>2025-05-09T05:30:53</time>
      </trkpt>
      <trkpt lat="46.44992952235043" lon="22.91981910355389">
        <ele>673.5999999999999</ele>
        <time>2025-05-09T05:30:56</time>
      </trkpt>
      <trkpt lat="46.44993865862489" lon="22.920019263401628">
        <ele>674.2</ele>
        <time>2025-05-09T05:31:00</time>
      </trkpt>
      <trkpt lat="46.44995626062155" lon="22.920174999162555">
        <ele>674.4000000000001</ele>
        <time>2025-05-09T05:31:03</time>
      </trkpt>
      <trkpt lat="46.450058184564114" lon="22.920495606958866">
        <ele>674.5999999999999</ele>
        <time>2025-05-09T05:31:09</time>
      </trkpt>
      <trkpt lat="46.45020847208798" lon="22.920835996046662">
        <ele>674.8</ele>
        <time>2025-05-09T05:31:15</time>
      </trkpt>
      <trkpt lat="46.450242418795824" lon="22.920891484245658">
        <ele>674.8</ele>
        <time>2025-05-09T05:31:16</time>
      </trkpt>
      <trkpt lat="46.45043117925525" lon="22.92106155306101">
        <ele>674.8</ele>
        <time>2025-05-09T05:31:20</time>
      </trkpt>
      <trkpt lat="46.450541485100985" lon="22.921088375151157">
        <ele>674.5999999999999</ele>
        <time>2025-05-09T05:31:22</time>
      </trkpt>
      <trkpt lat="46.45065723918378" lon="22.921098181977868">
        <ele>674.4000000000001</ele>
        <time>2025-05-09T05:31:24</time>
      </trkpt>
      <trkpt lat="46.45107398740947" lon="22.921142103150487">
        <ele>672.8</ele>
        <time>2025-05-09T05:31:31</time>
      </trkpt>
      <trkpt lat="46.451139030978084" lon="22.921148724853992">
        <ele>672.5999999999999</ele>
        <time>2025-05-09T05:31:32</time>
      </trkpt>
      <trkpt lat="46.45146634429693" lon="22.921183090656996">
        <ele>672.0</ele>
        <time>2025-05-09T05:31:37</time>
      </trkpt>
      <trkpt lat="46.45153063349426" lon="22.92118761688471">
        <ele>671.8</ele>
        <time>2025-05-09T05:31:38</time>
      </trkpt>
      <trkpt lat="46.451595509424806" lon="22.921188790351152">
        <ele>671.8</ele>
        <time>2025-05-09T05:31:39</time>
      </trkpt>
      <trkpt lat="46.45192785188556" lon="22.9211310390383">
        <ele>671.2</ele>
        <time>2025-05-09T05:31:44</time>
      </trkpt>
      <trkpt lat="46.45213354378939" lon="22.921036491170526">
        <ele>670.5999999999999</ele>
        <time>2025-05-09T05:31:47</time>
      </trkpt>
      <trkpt lat="46.45241324789822" lon="22.920904057100415">
        <ele>669.8</ele>
        <time>2025-05-09T05:31:51</time>
      </trkpt>
      <trkpt lat="46.452484242618084" lon="22.920870445668697">
        <ele>669.5999999999999</ele>
        <time>2025-05-09T05:31:52</time>
      </trkpt>
      <trkpt lat="46.452897218987346" lon="22.920673973858356">
        <ele>668.4000000000001</ele>
        <time>2025-05-09T05:31:58</time>
      </trkpt>
      <trkpt lat="46.452965531498194" lon="22.92063659057021">
        <ele>668.4000000000001</ele>
        <time>2025-05-09T05:31:59</time>
      </trkpt>
      <trkpt lat="46.453519156202674" lon="22.920309863984585">
        <ele>667.4000000000001</ele>
        <time>2025-05-09T05:32:07</time>
      </trkpt>
      <trkpt lat="46.45372895523906" lon="22.920180363580585">
        <ele>667.0</ele>
        <time>2025-05-09T05:32:10</time>
      </trkpt>
      <trkpt lat="46.45386407151818" lon="22.92012353427708">
        <ele>666.8</ele>
        <time>2025-05-09T05:32:12</time>
      </trkpt>
      <trkpt lat="46.454002456739545" lon="22.920098807662725">
        <ele>666.4000000000001</ele>
        <time>2025-05-09T05:32:14</time>
      </trkpt>
      <trkpt lat="46.454131035134196" lon="22.92010928504169">
        <ele>666.4000000000001</ele>
        <time>2025-05-09T05:32:16</time>
      </trkpt>
      <trkpt lat="46.45438718609512" lon="22.9202002286911">
        <ele>666.2</ele>
        <time>2025-05-09T05:32:21</time>
      </trkpt>
      <trkpt lat="46.4546902757138" lon="22.920390246436">
        <ele>667.4000000000001</ele>
        <time>2025-05-09T05:32:28</time>
      </trkpt>
      <trkpt lat="46.45471760071814" lon="22.920420672744513">
        <ele>667.5999999999999</ele>
        <time>2025-05-09T05:32:29</time>
      </trkpt>
      <trkpt lat="46.4547626953572" lon="22.920476412400603">
        <ele>668.0</ele>
        <time>2025-05-09T05:32:32</time>
      </trkpt>
      <trkpt lat="46.45476789213717" lon="22.920502815395594">
        <ele>668.5999999999999</ele>
        <time>2025-05-09T05:32:41</time>
      </trkpt>
      <trkpt lat="46.454767724499106" lon="22.92050264775753">
        <ele>668.5999999999999</ele>
        <time>2025-05-09T05:32:42</time>
      </trkpt>
      <trkpt lat="46.4547663833946" lon="22.920501306653023">
        <ele>668.4000000000001</ele>
        <time>2025-05-09T05:32:53</time>
      </trkpt>
      <trkpt lat="46.45476747304201" lon="22.920501558110118">
        <ele>668.4000000000001</ele>
        <time>2025-05-09T05:33:28</time>
      </trkpt>
      <trkpt lat="46.454778453335166" lon="22.920500803738832">
        <ele>668.4000000000001</ele>
        <time>2025-05-09T05:34:03</time>
      </trkpt>
      <trkpt lat="46.45482354797423" lon="22.92054816149175">
        <ele>668.4000000000001</ele>
        <time>2025-05-09T05:34:09</time>
      </trkpt>
      <trkpt lat="46.45499126985669" lon="22.92076801881194">
        <ele>668.2</ele>
        <time>2025-05-09T05:34:15</time>
      </trkpt>
      <trkpt lat="46.4552309922874" lon="22.92102844454348">
        <ele>668.2</ele>
        <time>2025-05-09T05:34:22</time>
      </trkpt>
      <trkpt lat="46.455321265384555" lon="22.921082423999906">
        <ele>668.2</ele>
        <time>2025-05-09T05:34:24</time>
      </trkpt>
      <trkpt lat="46.45548898726702" lon="22.921132212504745">
        <ele>668.0</ele>
        <time>2025-05-09T05:34:27</time>
      </trkpt>
      <trkpt lat="46.45569124259055" lon="22.92121209204197">
        <ele>667.8</ele>
        <time>2025-05-09T05:34:30</time>
      </trkpt>
      <trkpt lat="46.455762572586536" lon="22.92125567793846">
        <ele>667.5999999999999</ele>
        <time>2025-05-09T05:34:31</time>
      </trkpt>
      <trkpt lat="46.455896431580186" lon="22.921358607709408">
        <ele>667.0</ele>
        <time>2025-05-09T05:34:33</time>
      </trkpt>
      <trkpt lat="46.45608921535313" lon="22.921510823071003">
        <ele>665.8</ele>
        <time>2025-05-09T05:34:36</time>
      </trkpt>
      <trkpt lat="46.45621125586331" lon="22.921608723700047">
        <ele>664.8</ele>
        <time>2025-05-09T05:34:38</time>
      </trkpt>
      <trkpt lat="46.456271689385176" lon="22.921655159443617">
        <ele>664.2</ele>
        <time>2025-05-09T05:34:39</time>
      </trkpt>
      <trkpt lat="46.45654737018049" lon="22.921871077269316">
        <ele>663.2</ele>
        <time>2025-05-09T05:34:44</time>
      </trkpt>
      <trkpt lat="46.45664367824793" lon="22.921977527439594">
        <ele>662.8</ele>
        <time>2025-05-09T05:34:46</time>
      </trkpt>
      <trkpt lat="46.45676588639617" lon="22.922172490507364">
        <ele>662.8</ele>
        <time>2025-05-09T05:34:49</time>
      </trkpt>
      <trkpt lat="46.456856997683644" lon="22.92250114493072">
        <ele>662.5999999999999</ele>
        <time>2025-05-09T05:34:53</time>
      </trkpt>
      <trkpt lat="46.4569126535207" lon="22.92304546572268">
        <ele>662.4000000000001</ele>
        <time>2025-05-09T05:34:59</time>
      </trkpt>
      <trkpt lat="46.45690670236945" lon="22.923133643344045">
        <ele>662.2</ele>
        <time>2025-05-09T05:35:00</time>
      </trkpt>
      <trkpt lat="46.45681072957814" lon="22.923450395464897">
        <ele>662.2</ele>
        <time>2025-05-09T05:35:04</time>
      </trkpt>
      <trkpt lat="46.45665700547397" lon="22.92359121143818">
        <ele>662.0</ele>
        <time>2025-05-09T05:35:07</time>
      </trkpt>
      <trkpt lat="46.456600930541754" lon="22.923629768192768">
        <ele>662.0</ele>
        <time>2025-05-09T05:35:08</time>
      </trkpt>
      <trkpt lat="46.456153420731425" lon="22.92389807291329">
        <ele>661.2</ele>
        <time>2025-05-09T05:35:16</time>
      </trkpt>
      <trkpt lat="46.4558058232069" lon="22.923987424001098">
        <ele>661.0</ele>
        <time>2025-05-09T05:35:22</time>
      </trkpt>
      <trkpt lat="46.455745892599225" lon="22.92399446479976">
        <ele>660.8</ele>
        <time>2025-05-09T05:35:23</time>
      </trkpt>
      <trkpt lat="46.45532646216452" lon="22.924003265798092">
        <ele>660.5999999999999</ele>
        <time>2025-05-09T05:35:30</time>
      </trkpt>
      <trkpt lat="46.455104760825634" lon="22.924115248024464">
        <ele>660.4000000000001</ele>
        <time>2025-05-09T05:35:34</time>
      </trkpt>
      <trkpt lat="46.45499956794083" lon="22.924314234405756">
        <ele>660.4000000000001</ele>
        <time>2025-05-09T05:35:37</time>
      </trkpt>
      <trkpt lat="46.454938715323806" lon="22.924554711207747">
        <ele>660.4000000000001</ele>
        <time>2025-05-09T05:35:40</time>
      </trkpt>
      <trkpt lat="46.45490267314017" lon="22.92472343891859">
        <ele>660.2</ele>
        <time>2025-05-09T05:35:42</time>
      </trkpt>
      <trkpt lat="46.45487434230745" lon="22.924898536875844">
        <ele>660.0</ele>
        <time>2025-05-09T05:35:44</time>
      </trkpt>
      <trkpt lat="46.45487425848842" lon="22.925163405016065">
        <ele>660.0</ele>
        <time>2025-05-09T05:35:47</time>
      </trkpt>
      <trkpt lat="46.45490292459726" lon="22.92531955987215">
        <ele>659.8</ele>
        <time>2025-05-09T05:35:49</time>
      </trkpt>
      <trkpt lat="46.454973332583904" lon="22.925449814647436">
        <ele>659.5999999999999</ele>
        <time>2025-05-09T05:35:51</time>
      </trkpt>
      <trkpt lat="46.45518070086837" lon="22.925582081079483">
        <ele>659.4000000000001</ele>
        <time>2025-05-09T05:35:55</time>
      </trkpt>
      <trkpt lat="46.4552843850106" lon="22.925586439669132">
        <ele>659.4000000000001</ele>
        <time>2025-05-09T05:35:57</time>
      </trkpt>
      <trkpt lat="46.455478677526116" lon="22.92560152709484">
        <ele>659.4000000000001</ele>
        <time>2025-05-09T05:36:01</time>
      </trkpt>
      <trkpt lat="46.45585510879755" lon="22.925658524036407">
        <ele>660.5999999999999</ele>
        <time>2025-05-09T05:36:09</time>
      </trkpt>
      <trkpt lat="46.45618535578251" lon="22.92570412158966">
        <ele>660.8</ele>
        <time>2025-05-09T05:36:15</time>
      </trkpt>
      <trkpt lat="46.45624101161957" lon="22.925730859860778">
        <ele>660.8</ele>
        <time>2025-05-09T05:36:16</time>
      </trkpt>
      <trkpt lat="46.45640051923692" lon="22.9258522298187">
        <ele>660.5999999999999</ele>
        <time>2025-05-09T05:36:19</time>
      </trkpt>
      <trkpt lat="46.45649288780987" lon="22.925964128226042">
        <ele>660.4000000000001</ele>
        <time>2025-05-09T05:36:21</time>
      </trkpt>
      <trkpt lat="46.45661300048232" lon="22.926153810694814">
        <ele>660.0</ele>
        <time>2025-05-09T05:36:24</time>
      </trkpt>
      <trkpt lat="46.45668315701187" lon="22.926444495096803">
        <ele>659.5999999999999</ele>
        <time>2025-05-09T05:36:28</time>
      </trkpt>
      <trkpt lat="46.456613168120384" lon="22.926630740985274">
        <ele>659.4000000000001</ele>
        <time>2025-05-09T05:36:31</time>
      </trkpt>
      <trkpt lat="46.456498336046934" lon="22.926776418462396">
        <ele>659.4000000000001</ele>
        <time>2025-05-09T05:36:34</time>
      </trkpt>
      <trkpt lat="46.45637453533709" lon="22.926898878067732">
        <ele>659.5999999999999</ele>
        <time>2025-05-09T05:36:37</time>
      </trkpt>
      <trkpt lat="46.456073708832264" lon="22.927168356254697">
        <ele>660.4000000000001</ele>
        <time>2025-05-09T05:36:44</time>
      </trkpt>
      <trkpt lat="46.45577346906066" lon="22.927442360669374">
        <ele>660.4000000000001</ele>
        <time>2025-05-09T05:36:50</time>
      </trkpt>
      <trkpt lat="46.45542754791677" lon="22.92779046110809">
        <ele>659.5999999999999</ele>
        <time>2025-05-09T05:36:56</time>
      </trkpt>
      <trkpt lat="46.45525840111077" lon="22.928009312599897">
        <ele>658.5999999999999</ele>
        <time>2025-05-09T05:36:59</time>
      </trkpt>
      <trkpt lat="46.455158572643995" lon="22.92817460373044">
        <ele>658.0</ele>
        <time>2025-05-09T05:37:01</time>
      </trkpt>
      <trkpt lat="46.45507073029876" lon="22.928341571241617">
        <ele>657.0</ele>
        <time>2025-05-09T05:37:03</time>
      </trkpt>
      <trkpt lat="46.45495413802564" lon="22.92858062312007">
        <ele>656.0</ele>
        <time>2025-05-09T05:37:06</time>
      </trkpt>
      <trkpt lat="46.45491658709943" lon="22.92865631170571">
        <ele>655.5999999999999</ele>
        <time>2025-05-09T05:37:07</time>
      </trkpt>
      <trkpt lat="46.45481323823333" lon="22.928861416876316">
        <ele>654.8</ele>
        <time>2025-05-09T05:37:10</time>
      </trkpt>
      <trkpt lat="46.45474878139794" lon="22.928982451558113">
        <ele>654.4000000000001</ele>
        <time>2025-05-09T05:37:12</time>
      </trkpt>
      <trkpt lat="46.45455096848309" lon="22.929195184260607">
        <ele>654.4000000000001</ele>
        <time>2025-05-09T05:37:17</time>
      </trkpt>
      <trkpt lat="46.454512579366565" lon="22.929221838712692">
        <ele>654.4000000000001</ele>
        <time>2025-05-09T05:37:18</time>
      </trkpt>
      <trkpt lat="46.454328345134854" lon="22.929335748776793">
        <ele>654.4000000000001</ele>
        <time>2025-05-09T05:37:23</time>
      </trkpt>
      <trkpt lat="46.45422147586942" lon="22.929375814273953">
        <ele>655.0</ele>
        <time>2025-05-09T05:37:28</time>
      </trkpt>
      <trkpt lat="46.45421141758561" lon="22.92936726473272">
        <ele>655.8</ele>
        <time>2025-05-09T05:37:35</time>
      </trkpt>
      <trkpt lat="46.454202365130186" lon="22.929389141499996">
        <ele>656.0</ele>
        <time>2025-05-09T05:37:43</time>
      </trkpt>
      <trkpt lat="46.45420110784471" lon="22.9293907340616">
        <ele>656.0</ele>
        <time>2025-05-09T05:37:51</time>
      </trkpt>
      <trkpt lat="46.454195911064744" lon="22.929390063509345">
        <ele>655.8</ele>
        <time>2025-05-09T05:38:10</time>
      </trkpt>
      <trkpt lat="46.454197419807315" lon="22.92939366772771">
        <ele>655.8</ele>
        <time>2025-05-09T05:38:27</time>
      </trkpt>
      <trkpt lat="46.45419666543603" lon="22.929397774860263">
        <ele>655.5999999999999</ele>
        <time>2025-05-09T05:38:52</time>
      </trkpt>
      <trkpt lat="46.454195911064744" lon="22.929397523403168">
        <ele>655.8</ele>
        <time>2025-05-09T05:39:15</time>
      </trkpt>
      <trkpt lat="46.454187193885446" lon="22.929437085986137">
        <ele>655.8</ele>
        <time>2025-05-09T05:39:31</time>
      </trkpt>
      <trkpt lat="46.454170597717166" lon="22.929470278322697">
        <ele>655.8</ele>
        <time>2025-05-09T05:39:34</time>
      </trkpt>
      <trkpt lat="46.45415819250047" lon="22.929538255557418">
        <ele>655.5999999999999</ele>
        <time>2025-05-09T05:39:36</time>
      </trkpt>
      <trkpt lat="46.45410102792084" lon="22.929868083447218">
        <ele>655.8</ele>
        <time>2025-05-09T05:39:42</time>
      </trkpt>
      <trkpt lat="46.453975047916174" lon="22.930388934910297">
        <ele>655.2</ele>
        <time>2025-05-09T05:39:50</time>
      </trkpt>
      <trkpt lat="46.45379466935992" lon="22.93089780025184">
        <ele>655.0</ele>
        <time>2025-05-09T05:39:58</time>
      </trkpt>
      <trkpt lat="46.45363130606711" lon="22.93129300698638">
        <ele>655.0</ele>
        <time>2025-05-09T05:40:04</time>
      </trkpt>
      <trkpt lat="46.4533987082541" lon="22.93171956203878">
        <ele>655.0</ele>
        <time>2025-05-09T05:40:11</time>
      </trkpt>
      <trkpt lat="46.453315895050764" lon="22.931917374953628">
        <ele>654.5999999999999</ele>
        <time>2025-05-09T05:40:14</time>
      </trkpt>
      <trkpt lat="46.453292509540915" lon="22.93207000941038">
        <ele>654.5999999999999</ele>
        <time>2025-05-09T05:40:16</time>
      </trkpt>
      <trkpt lat="46.453369203954935" lon="22.93237829580903">
        <ele>654.5999999999999</ele>
        <time>2025-05-09T05:40:20</time>
      </trkpt>
      <trkpt lat="46.45356156863272" lon="22.932571079581976">
        <ele>654.4000000000001</ele>
        <time>2025-05-09T05:40:24</time>
      </trkpt>
      <trkpt lat="46.45379927940667" lon="22.93261189945042">
        <ele>654.2</ele>
        <time>2025-05-09T05:40:28</time>
      </trkpt>
      <trkpt lat="46.45385719835758" lon="22.932602260261774">
        <ele>654.2</ele>
        <time>2025-05-09T05:40:29</time>
      </trkpt>
      <trkpt lat="46.453918470069766" lon="22.932593123987317">
        <ele>654.0</ele>
        <time>2025-05-09T05:40:30</time>
      </trkpt>
      <trkpt lat="46.45429188385606" lon="22.932521793991327">
        <ele>653.8</ele>
        <time>2025-05-09T05:40:36</time>
      </trkpt>
      <trkpt lat="46.45461534149945" lon="22.932445602491498">
        <ele>653.0</ele>
        <time>2025-05-09T05:40:41</time>
      </trkpt>
      <trkpt lat="46.4546834025532" lon="22.932428000494838">
        <ele>653.0</ele>
        <time>2025-05-09T05:40:42</time>
      </trkpt>
      <trkpt lat="46.45510207861662" lon="22.932381061837077">
        <ele>652.2</ele>
        <time>2025-05-09T05:40:48</time>
      </trkpt>
      <trkpt lat="46.455312967300415" lon="22.932400843128562">
        <ele>652.0</ele>
        <time>2025-05-09T05:40:51</time>
      </trkpt>
      <trkpt lat="46.45538002252579" lon="22.932396568357944">
        <ele>652.0</ele>
        <time>2025-05-09T05:40:52</time>
      </trkpt>
      <trkpt lat="46.455523017793894" lon="22.932367818430066">
        <ele>651.5999999999999</ele>
        <time>2025-05-09T05:40:54</time>
      </trkpt>
      <trkpt lat="46.45587380044162" lon="22.93228198774159">
        <ele>650.8</ele>
        <time>2025-05-09T05:40:59</time>
      </trkpt>
      <trkpt lat="46.456002462655306" lon="22.932259356603026">
        <ele>650.5999999999999</ele>
        <time>2025-05-09T05:41:01</time>
      </trkpt>
      <trkpt lat="46.456065913662314" lon="22.932258937507868">
        <ele>650.5999999999999</ele>
        <time>2025-05-09T05:41:02</time>
      </trkpt>
      <trkpt lat="46.45625861361623" lon="22.932309228926897">
        <ele>650.4000000000001</ele>
        <time>2025-05-09T05:41:05</time>
      </trkpt>
      <trkpt lat="46.456434885039926" lon="22.932425569742918">
        <ele>650.2</ele>
        <time>2025-05-09T05:41:08</time>
      </trkpt>
      <trkpt lat="46.45649263635278" lon="22.932474268600345">
        <ele>650.0</ele>
        <time>2025-05-09T05:41:09</time>
      </trkpt>
      <trkpt lat="46.45654586143792" lon="22.93252632021904">
        <ele>650.0</ele>
        <time>2025-05-09T05:41:10</time>
      </trkpt>
      <trkpt lat="46.456692796200514" lon="22.93268951587379">
        <ele>649.8</ele>
        <time>2025-05-09T05:41:13</time>
      </trkpt>
      <trkpt lat="46.4567712508142" lon="22.932815914973617">
        <ele>649.5999999999999</ele>
        <time>2025-05-09T05:41:15</time>
      </trkpt>
      <trkpt lat="46.45680653862655" lon="22.93288012035191">
        <ele>649.5999999999999</ele>
        <time>2025-05-09T05:41:16</time>
      </trkpt>
      <trkpt lat="46.45691843703389" lon="22.93317030183971">
        <ele>649.4000000000001</ele>
        <time>2025-05-09T05:41:20</time>
      </trkpt>
      <trkpt lat="46.456934195011854" lon="22.93325043283403">
        <ele>649.4000000000001</ele>
        <time>2025-05-09T05:41:21</time>
      </trkpt>
      <trkpt lat="46.45693930797279" lon="22.933581015095115">
        <ele>649.2</ele>
        <time>2025-05-09T05:41:25</time>
      </trkpt>
      <trkpt lat="46.4569282438606" lon="22.933661984279752">
        <ele>649.2</ele>
        <time>2025-05-09T05:41:26</time>
      </trkpt>
      <trkpt lat="46.456873593851924" lon="22.933971527963877">
        <ele>649.2</ele>
        <time>2025-05-09T05:41:30</time>
      </trkpt>
      <trkpt lat="46.45678633823991" lon="22.934479219838977">
        <ele>649.0</ele>
        <time>2025-05-09T05:41:37</time>
      </trkpt>
      <trkpt lat="46.45675859414041" lon="22.93471299111843">
        <ele>649.0</ele>
        <time>2025-05-09T05:41:40</time>
      </trkpt>
      <trkpt lat="46.45673755556345" lon="22.934873085469007">
        <ele>649.0</ele>
        <time>2025-05-09T05:41:42</time>
      </trkpt>
      <trkpt lat="46.45663504488766" lon="22.93534775264561">
        <ele>648.8</ele>
        <time>2025-05-09T05:41:48</time>
      </trkpt>
      <trkpt lat="46.45648894831538" lon="22.93589986860752">
        <ele>648.4000000000001</ele>
        <time>2025-05-09T05:41:55</time>
      </trkpt>
      <trkpt lat="46.45632483065128" lon="22.936439663171768">
        <ele>647.8</ele>
        <time>2025-05-09T05:42:02</time>
      </trkpt>
      <trkpt lat="46.45627437159419" lon="22.936595901846886">
        <ele>647.4000000000001</ele>
        <time>2025-05-09T05:42:04</time>
      </trkpt>
      <trkpt lat="46.456256015226245" lon="22.936678463593125">
        <ele>647.4000000000001</ele>
        <time>2025-05-09T05:42:05</time>
      </trkpt>
      <trkpt lat="46.45621309988201" lon="22.936837719753385">
        <ele>647.0</ele>
        <time>2025-05-09T05:42:07</time>
      </trkpt>
      <trkpt lat="46.45610187202692" lon="22.937296545132995">
        <ele>646.4000000000001</ele>
        <time>2025-05-09T05:42:13</time>
      </trkpt>
      <trkpt lat="46.45608577877283" lon="22.93745068833232">
        <ele>646.4000000000001</ele>
        <time>2025-05-09T05:42:15</time>
      </trkpt>
      <trkpt lat="46.456085946410894" lon="22.93767993338406">
        <ele>646.2</ele>
        <time>2025-05-09T05:42:18</time>
      </trkpt>
      <trkpt lat="46.456093825399876" lon="22.937757214531302">
        <ele>646.2</ele>
        <time>2025-05-09T05:42:19</time>
      </trkpt>
      <trkpt lat="46.456133304163814" lon="22.937986962497234">
        <ele>646.0</ele>
        <time>2025-05-09T05:42:22</time>
      </trkpt>
      <trkpt lat="46.4561565220356" lon="22.93813716620207">
        <ele>645.8</ele>
        <time>2025-05-09T05:42:24</time>
      </trkpt>
      <trkpt lat="46.45616624504328" lon="22.938212770968676">
        <ele>645.8</ele>
        <time>2025-05-09T05:42:25</time>
      </trkpt>
      <trkpt lat="46.45625492557883" lon="22.938575875014067">
        <ele>645.8</ele>
        <time>2025-05-09T05:42:30</time>
      </trkpt>
      <trkpt lat="46.45628308877349" lon="22.93864351697266">
        <ele>645.8</ele>
        <time>2025-05-09T05:42:31</time>
      </trkpt>
      <trkpt lat="46.45642792806029" lon="22.938867481425405">
        <ele>645.8</ele>
        <time>2025-05-09T05:42:35</time>
      </trkpt>
      <trkpt lat="46.45646489225328" lon="22.938913581892848">
        <ele>645.8</ele>
        <time>2025-05-09T05:42:36</time>
      </trkpt>
      <trkpt lat="46.45650437101722" lon="22.93895331211388">
        <ele>645.8</ele>
        <time>2025-05-09T05:42:37</time>
      </trkpt>
      <trkpt lat="46.45665683783591" lon="22.93911055661738">
        <ele>645.5999999999999</ele>
        <time>2025-05-09T05:42:41</time>
      </trkpt>
      <trkpt lat="46.456923466175795" lon="22.939308872446418">
        <ele>645.5999999999999</ele>
        <time>2025-05-09T05:42:47</time>
      </trkpt>
      <trkpt lat="46.45696721971035" lon="22.939325720071793">
        <ele>645.5999999999999</ele>
        <time>2025-05-09T05:42:48</time>
      </trkpt>
      <trkpt lat="46.45722286775708" lon="22.939405851066113">
        <ele>645.4000000000001</ele>
        <time>2025-05-09T05:42:53</time>
      </trkpt>
      <trkpt lat="46.457449765875936" lon="22.939477767795324">
        <ele>645.2</ele>
        <time>2025-05-09T05:42:57</time>
      </trkpt>
      <trkpt lat="46.45769141614437" lon="22.939549768343568">
        <ele>645.0</ele>
        <time>2025-05-09T05:43:01</time>
      </trkpt>
      <trkpt lat="46.45810439251363" lon="22.939644064754248">
        <ele>644.5999999999999</ele>
        <time>2025-05-09T05:43:08</time>
      </trkpt>
      <trkpt lat="46.45841636694968" lon="22.939704162999988">
        <ele>644.4000000000001</ele>
        <time>2025-05-09T05:43:14</time>
      </trkpt>
      <trkpt lat="46.45852164365351" lon="22.939757890999317">
        <ele>644.4000000000001</ele>
        <time>2025-05-09T05:43:16</time>
      </trkpt>
      <trkpt lat="46.45865734666586" lon="22.939892588183284">
        <ele>644.2</ele>
        <time>2025-05-09T05:43:19</time>
      </trkpt>
      <trkpt lat="46.45870084874332" lon="22.939948411658406">
        <ele>644.0</ele>
        <time>2025-05-09T05:43:20</time>
      </trkpt>
      <trkpt lat="46.45893596112728" lon="22.940280502662063">
        <ele>643.8</ele>
        <time>2025-05-09T05:43:26</time>
      </trkpt>
      <trkpt lat="46.4590298384428" lon="22.9404426086694">
        <ele>643.8</ele>
        <time>2025-05-09T05:43:29</time>
      </trkpt>
      <trkpt lat="46.45908725447953" lon="22.94055065140128">
        <ele>643.8</ele>
        <time>2025-05-09T05:43:31</time>
      </trkpt>
      <trkpt lat="46.45911432802677" lon="22.94060580432415">
        <ele>644.0</ele>
        <time>2025-05-09T05:43:32</time>
      </trkpt>
      <trkpt lat="46.459194626659155" lon="22.940870421007276">
        <ele>644.0</ele>
        <time>2025-05-09T05:43:36</time>
      </trkpt>
      <trkpt lat="46.4592079538852" lon="22.941101929172873">
        <ele>644.0</ele>
        <time>2025-05-09T05:43:39</time>
      </trkpt>
      <trkpt lat="46.45920476876199" lon="22.941176863387227">
        <ele>644.0</ele>
        <time>2025-05-09T05:43:40</time>
      </trkpt>
      <trkpt lat="46.45914911292493" lon="22.941537871956825">
        <ele>644.0</ele>
        <time>2025-05-09T05:43:45</time>
      </trkpt>
      <trkpt lat="46.45912564359605" lon="22.94160400517285">
        <ele>644.0</ele>
        <time>2025-05-09T05:43:46</time>
      </trkpt>
      <trkpt lat="46.45896923728287" lon="22.941910112276673">
        <ele>644.2</ele>
        <time>2025-05-09T05:43:51</time>
      </trkpt>
      <trkpt lat="46.45875466056168" lon="22.942240610718727">
        <ele>644.0</ele>
        <time>2025-05-09T05:43:57</time>
      </trkpt>
      <trkpt lat="46.45845031365752" lon="22.942586364224553">
        <ele>643.8</ele>
        <time>2025-05-09T05:44:04</time>
      </trkpt>
      <trkpt lat="46.45813615992665" lon="22.94273874722421">
        <ele>643.5999999999999</ele>
        <time>2025-05-09T05:44:10</time>
      </trkpt>
      <trkpt lat="46.45802258513868" lon="22.942756097763777">
        <ele>643.5999999999999</ele>
        <time>2025-05-09T05:44:12</time>
      </trkpt>
      <trkpt lat="46.4578487444669" lon="22.942719971761107">
        <ele>643.2</ele>
        <time>2025-05-09T05:44:15</time>
      </trkpt>
      <trkpt lat="46.45763617940247" lon="22.942555267363787">
        <ele>643.0</ele>
        <time>2025-05-09T05:44:19</time>
      </trkpt>
      <trkpt lat="46.45758773200214" lon="22.942498940974474">
        <ele>643.0</ele>
        <time>2025-05-09T05:44:20</time>
      </trkpt>
      <trkpt lat="46.45749092102051" lon="22.942380839958787">
        <ele>642.8</ele>
        <time>2025-05-09T05:44:22</time>
      </trkpt>
      <trkpt lat="46.45731121301651" lon="22.942128209397197">
        <ele>642.8</ele>
        <time>2025-05-09T05:44:26</time>
      </trkpt>
      <trkpt lat="46.456994796171784" lon="22.941635102033615">
        <ele>642.4000000000001</ele>
        <time>2025-05-09T05:44:33</time>
      </trkpt>
      <trkpt lat="46.456780806183815" lon="22.941419687122107">
        <ele>641.8</ele>
        <time>2025-05-09T05:44:37</time>
      </trkpt>
      <trkpt lat="46.45672012120485" lon="22.941392613574862">
        <ele>641.8</ele>
        <time>2025-05-09T05:44:38</time>
      </trkpt>
      <trkpt lat="46.456656167283654" lon="22.941381633281708">
        <ele>641.5999999999999</ele>
        <time>2025-05-09T05:44:39</time>
      </trkpt>
      <trkpt lat="46.456527253612876" lon="22.941401666030288">
        <ele>641.4000000000001</ele>
        <time>2025-05-09T05:44:41</time>
      </trkpt>
      <trkpt lat="46.456346875056624" lon="22.941542146727443">
        <ele>641.4000000000001</ele>
        <time>2025-05-09T05:44:44</time>
      </trkpt>
      <trkpt lat="46.45629432052374" lon="22.94160643592477">
        <ele>641.4000000000001</ele>
        <time>2025-05-09T05:44:45</time>
      </trkpt>
      <trkpt lat="46.45624645985663" lon="22.941677179187536">
        <ele>641.2</ele>
        <time>2025-05-09T05:44:46</time>
      </trkpt>
      <trkpt lat="46.456116707995534" lon="22.941901478916407">
        <ele>641.0</ele>
        <time>2025-05-09T05:44:49</time>
      </trkpt>
      <trkpt lat="46.45595971494913" lon="22.94220163486898">
        <ele>640.4000000000001</ele>
        <time>2025-05-09T05:44:53</time>
      </trkpt>
      <trkpt lat="46.45583398640156" lon="22.942420402541757">
        <ele>640.2</ele>
        <time>2025-05-09T05:44:56</time>
      </trkpt>
      <trkpt lat="46.4554759953171" lon="22.94287310913205">
        <ele>639.8</ele>
        <time>2025-05-09T05:45:03</time>
      </trkpt>
      <trkpt lat="46.455196123570204" lon="22.94318382628262">
        <ele>639.4000000000001</ele>
        <time>2025-05-09T05:45:08</time>
      </trkpt>
      <trkpt lat="46.45504407584667" lon="22.94337292201817">
        <ele>638.5999999999999</ele>
        <time>2025-05-09T05:45:11</time>
      </trkpt>
      <trkpt lat="46.45494198426604" lon="22.94349705800414">
        <ele>638.2</ele>
        <time>2025-05-09T05:45:13</time>
      </trkpt>
      <trkpt lat="46.45469413138926" lon="22.943805092945695">
        <ele>637.0</ele>
        <time>2025-05-09T05:45:18</time>
      </trkpt>
      <trkpt lat="46.4545071311295" lon="22.944040959700942">
        <ele>636.5999999999999</ele>
        <time>2025-05-09T05:45:22</time>
      </trkpt>
      <trkpt lat="46.454244861379266" lon="22.944389143958688">
        <ele>636.0</ele>
        <time>2025-05-09T05:45:28</time>
      </trkpt>
      <trkpt lat="46.45416732877493" lon="22.944509759545326">
        <ele>635.8</ele>
        <time>2025-05-09T05:45:30</time>
      </trkpt>
      <trkpt lat="46.45390740595758" lon="22.944935727864504">
        <ele>635.4000000000001</ele>
        <time>2025-05-09T05:45:37</time>
      </trkpt>
      <trkpt lat="46.4536421187222" lon="22.94547501951456">
        <ele>635.0</ele>
        <time>2025-05-09T05:45:45</time>
      </trkpt>
      <trkpt lat="46.453512869775295" lon="22.94575405307114">
        <ele>634.8</ele>
        <time>2025-05-09T05:45:49</time>
      </trkpt>
      <trkpt lat="46.45344413816929" lon="22.945894030854106">
        <ele>634.8</ele>
        <time>2025-05-09T05:45:51</time>
      </trkpt>
      <trkpt lat="46.45318773575127" lon="22.946383533999324">
        <ele>634.5999999999999</ele>
        <time>2025-05-09T05:45:58</time>
      </trkpt>
      <trkpt lat="46.45314482040703" lon="22.946443296968937">
        <ele>634.4000000000001</ele>
        <time>2025-05-09T05:45:59</time>
      </trkpt>
      <trkpt lat="46.45281231030822" lon="22.946825344115496">
        <ele>633.5999999999999</ele>
        <time>2025-05-09T05:46:06</time>
      </trkpt>
      <trkpt lat="46.45276545546949" lon="22.94688133522868">
        <ele>633.5999999999999</ele>
        <time>2025-05-09T05:46:07</time>
      </trkpt>
      <trkpt lat="46.45247778855264" lon="22.947339825332165">
        <ele>633.2</ele>
        <time>2025-05-09T05:46:14</time>
      </trkpt>
      <trkpt lat="46.45245172083378" lon="22.94741978868842">
        <ele>633.4000000000001</ele>
        <time>2025-05-09T05:46:15</time>
      </trkpt>
      <trkpt lat="46.45237863063812" lon="22.947748275473714">
        <ele>633.2</ele>
        <time>2025-05-09T05:46:19</time>
      </trkpt>
      <trkpt lat="46.45228575915098" lon="22.948300139978528">
        <ele>632.8</ele>
        <time>2025-05-09T05:46:26</time>
      </trkpt>
      <trkpt lat="46.452257512137294" lon="22.948457384482026">
        <ele>632.5999999999999</ele>
        <time>2025-05-09T05:46:28</time>
      </trkpt>
      <trkpt lat="46.452179392799735" lon="22.949087703600526">
        <ele>632.5999999999999</ele>
        <time>2025-05-09T05:46:36</time>
      </trkpt>
      <trkpt lat="46.4521534088999" lon="22.949650213122368">
        <ele>632.2</ele>
        <time>2025-05-09T05:46:43</time>
      </trkpt>
      <trkpt lat="46.4521499723196" lon="22.949733529239893">
        <ele>632.0</ele>
        <time>2025-05-09T05:46:44</time>
      </trkpt>
      <trkpt lat="46.45214402116835" lon="22.949816593900323">
        <ele>632.0</ele>
        <time>2025-05-09T05:46:45</time>
      </trkpt>
      <trkpt lat="46.452129101380706" lon="22.950318669900298">
        <ele>631.8</ele>
        <time>2025-05-09T05:46:51</time>
      </trkpt>
      <trkpt lat="46.45210085436702" lon="22.951071448624134">
        <ele>631.5999999999999</ele>
        <time>2025-05-09T05:47:00</time>
      </trkpt>
      <trkpt lat="46.45208668895066" lon="22.951613925397396">
        <ele>631.2</ele>
        <time>2025-05-09T05:47:07</time>
      </trkpt>
      <trkpt lat="46.452109990641475" lon="22.952170399948955">
        <ele>631.0</ele>
        <time>2025-05-09T05:47:14</time>
      </trkpt>
      <trkpt lat="46.45211669616401" lon="22.95225220732391">
        <ele>631.0</ele>
        <time>2025-05-09T05:47:15</time>
      </trkpt>
      <trkpt lat="46.45218559540808" lon="22.9528293851763">
        <ele>630.4000000000001</ele>
        <time>2025-05-09T05:47:22</time>
      </trkpt>
      <trkpt lat="46.45220411941409" lon="22.952909851446748">
        <ele>630.4000000000001</ele>
        <time>2025-05-09T05:47:23</time>
      </trkpt>
      <trkpt lat="46.452362453565" lon="22.95346414670348">
        <ele>630.2</ele>
        <time>2025-05-09T05:47:30</time>
      </trkpt>
      <trkpt lat="46.45246110856533" lon="22.953938227146864">
        <ele>630.2</ele>
        <time>2025-05-09T05:47:36</time>
      </trkpt>
      <trkpt lat="46.45247485488653" lon="22.95402020215988">
        <ele>630.2</ele>
        <time>2025-05-09T05:47:37</time>
      </trkpt>
      <trkpt lat="46.45253453403711" lon="22.95453996397555">
        <ele>629.8</ele>
        <time>2025-05-09T05:47:43</time>
      </trkpt>
      <trkpt lat="46.452585915103555" lon="22.954978588968515">
        <ele>629.8</ele>
        <time>2025-05-09T05:47:48</time>
      </trkpt>
      <trkpt lat="46.452593207359314" lon="22.9550639167428">
        <ele>629.8</ele>
        <time>2025-05-09T05:47:49</time>
      </trkpt>
      <trkpt lat="46.45261600613594" lon="22.95540003105998">
        <ele>629.5999999999999</ele>
        <time>2025-05-09T05:47:53</time>
      </trkpt>
      <trkpt lat="46.45260393619537" lon="22.955566747114062">
        <ele>629.5999999999999</ele>
        <time>2025-05-09T05:47:55</time>
      </trkpt>
      <trkpt lat="46.452478878200054" lon="22.956220535561442">
        <ele>629.4000000000001</ele>
        <time>2025-05-09T05:48:03</time>
      </trkpt>
      <trkpt lat="46.452345941215754" lon="22.956874407827854">
        <ele>629.2</ele>
        <time>2025-05-09T05:48:11</time>
      </trkpt>
      <trkpt lat="46.45228668116033" lon="22.957203313708305">
        <ele>629.2</ele>
        <time>2025-05-09T05:48:15</time>
      </trkpt>
      <trkpt lat="46.452185260131955" lon="22.957589300349355">
        <ele>629.0</ele>
        <time>2025-05-09T05:48:20</time>
      </trkpt>
      <trkpt lat="46.45194201730192" lon="22.958275275304914">
        <ele>629.0</ele>
        <time>2025-05-09T05:48:29</time>
      </trkpt>
      <trkpt lat="46.45170313306153" lon="22.958906013518572">
        <ele>628.4000000000001</ele>
        <time>2025-05-09T05:48:37</time>
      </trkpt>
      <trkpt lat="46.45148620940745" lon="22.95944731682539">
        <ele>628.2</ele>
        <time>2025-05-09T05:48:44</time>
      </trkpt>
      <trkpt lat="46.45145075395703" lon="22.95952208340168">
        <ele>628.2</ele>
        <time>2025-05-09T05:48:45</time>
      </trkpt>
      <trkpt lat="46.45113215781748" lon="22.960072020068765">
        <ele>627.8</ele>
        <time>2025-05-09T05:48:53</time>
      </trkpt>
      <trkpt lat="46.45081456750631" lon="22.960488013923168">
        <ele>627.5999999999999</ele>
        <time>2025-05-09T05:49:00</time>
      </trkpt>
      <trkpt lat="46.45052648149431" lon="22.96081013046205">
        <ele>627.2</ele>
        <time>2025-05-09T05:49:06</time>
      </trkpt>
      <trkpt lat="46.45043268799782" lon="22.960917418822646">
        <ele>627.0</ele>
        <time>2025-05-09T05:49:08</time>
      </trkpt>
      <trkpt lat="46.45030117593706" lon="22.961089918389916">
        <ele>627.0</ele>
        <time>2025-05-09T05:49:11</time>
      </trkpt>
      <trkpt lat="46.45018667913973" lon="22.961290581151843">
        <ele>627.0</ele>
        <time>2025-05-09T05:49:14</time>
      </trkpt>
      <trkpt lat="46.44997352734208" lon="22.961813108995557">
        <ele>626.8</ele>
        <time>2025-05-09T05:49:21</time>
      </trkpt>
      <trkpt lat="46.449741097167134" lon="22.962209740653634">
        <ele>626.5999999999999</ele>
        <time>2025-05-09T05:49:27</time>
      </trkpt>
      <trkpt lat="46.4494045637548" lon="22.962648198008537">
        <ele>626.5999999999999</ele>
        <time>2025-05-09T05:49:35</time>
      </trkpt>
      <trkpt lat="46.449054116383195" lon="22.96310761012137">
        <ele>626.8</ele>
        <time>2025-05-09T05:49:44</time>
      </trkpt>
      <trkpt lat="46.44874163903296" lon="22.963488399982452">
        <ele>626.8</ele>
        <time>2025-05-09T05:49:52</time>
      </trkpt>
      <trkpt lat="46.44855053164065" lon="22.963677495718002">
        <ele>627.0</ele>
        <time>2025-05-09T05:49:57</time>
      </trkpt>
      <trkpt lat="46.44848691299558" lon="22.96373021788895">
        <ele>627.0</ele>
        <time>2025-05-09T05:49:59</time>
      </trkpt>
      <trkpt lat="46.4482699893415" lon="22.963855359703302">
        <ele>626.8</ele>
        <time>2025-05-09T05:50:06</time>
      </trkpt>
      <trkpt lat="46.448200000450015" lon="22.963890060782433">
        <ele>626.8</ele>
        <time>2025-05-09T05:50:09</time>
      </trkpt>
      <trkpt lat="46.448194636031985" lon="22.963915038853884">
        <ele>626.8</ele>
        <time>2025-05-09T05:50:10</time>
      </trkpt>
      <trkpt lat="46.44820058718324" lon="22.963929791003466">
        <ele>626.8</ele>
        <time>2025-05-09T05:50:14</time>
      </trkpt>
      <trkpt lat="46.448210310190916" lon="22.963928868994117">
        <ele>626.8</ele>
        <time>2025-05-09T05:50:20</time>
      </trkpt>
      <trkpt lat="46.44819329492748" lon="22.96397740021348">
        <ele>626.8</ele>
        <time>2025-05-09T05:50:26</time>
      </trkpt>
      <trkpt lat="46.448199497535825" lon="22.9639901407063">
        <ele>626.8</ele>
        <time>2025-05-09T05:50:27</time>
      </trkpt>
      <trkpt lat="46.448212657123804" lon="22.964026350528002">
        <ele>626.8</ele>
        <time>2025-05-09T05:50:32</time>
      </trkpt>
      <trkpt lat="46.44820888526738" lon="22.96404235996306">
        <ele>626.5999999999999</ele>
        <time>2025-05-09T05:50:37</time>
      </trkpt>
      <trkpt lat="46.44818306900561" lon="22.964048897847533">
        <ele>626.8</ele>
        <time>2025-05-09T05:50:44</time>
      </trkpt>
      <trkpt lat="46.44814467988908" lon="22.96405945904553">
        <ele>627.0</ele>
        <time>2025-05-09T05:50:56</time>
      </trkpt>
      <trkpt lat="46.44812439568341" lon="22.964066499844193">
        <ele>627.0</ele>
        <time>2025-05-09T05:51:09</time>
      </trkpt>
      <trkpt lat="46.44812556914985" lon="22.964068595319986">
        <ele>627.2</ele>
        <time>2025-05-09T05:51:20</time>
      </trkpt>
      <trkpt lat="46.4481280837208" lon="22.964060632511973">
        <ele>627.2</ele>
        <time>2025-05-09T05:51:29</time>
      </trkpt>
      <trkpt lat="46.4481336157769" lon="22.964058117941022">
        <ele>627.2</ele>
        <time>2025-05-09T05:51:37</time>
      </trkpt>
      <trkpt lat="46.44813830964267" lon="22.964055771008134">
        <ele>627.0</ele>
        <time>2025-05-09T05:51:46</time>
      </trkpt>
      <trkpt lat="46.448137387633324" lon="22.964055351912975">
        <ele>627.0</ele>
        <time>2025-05-09T05:51:55</time>
      </trkpt>
      <trkpt lat="46.44814409315586" lon="22.964055351912975">
        <ele>627.0</ele>
        <time>2025-05-09T05:52:06</time>
      </trkpt>
      <trkpt lat="46.44814216531813" lon="22.964056190103292">
        <ele>627.0</ele>
        <time>2025-05-09T05:52:19</time>
      </trkpt>
      <trkpt lat="46.44814157858491" lon="22.96405903995037">
        <ele>627.0</ele>
        <time>2025-05-09T05:52:34</time>
      </trkpt>
      <trkpt lat="46.448144260793924" lon="22.964061051607132">
        <ele>627.0</ele>
        <time>2025-05-09T05:52:56</time>
      </trkpt>
      <trkpt lat="46.448145769536495" lon="22.96406541019678">
        <ele>626.5999999999999</ele>
        <time>2025-05-09T05:53:18</time>
      </trkpt>
      <trkpt lat="46.44814954139292" lon="22.964064236730337">
        <ele>626.5999999999999</ele>
        <time>2025-05-09T05:53:32</time>
      </trkpt>
      <trkpt lat="46.44815515726805" lon="22.964062057435513">
        <ele>626.8</ele>
        <time>2025-05-09T05:53:52</time>
      </trkpt>
      <trkpt lat="46.44815641455352" lon="22.96406054869294">
        <ele>626.8</ele>
        <time>2025-05-09T05:53:54</time>
      </trkpt>
      <trkpt lat="46.44816152751446" lon="22.964062141254544">
        <ele>626.8</ele>
        <time>2025-05-09T05:54:03</time>
      </trkpt>
      <trkpt lat="46.44817150197923" lon="22.964061638340354">
        <ele>627.0</ele>
        <time>2025-05-09T05:54:11</time>
      </trkpt>
      <trkpt lat="46.44818306900561" lon="22.96406038105488">
        <ele>626.8</ele>
        <time>2025-05-09T05:54:33</time>
      </trkpt>
      <trkpt lat="46.44818910397589" lon="22.964062141254544">
        <ele>626.5999999999999</ele>
        <time>2025-05-09T05:54:47</time>
      </trkpt>
      <trkpt lat="46.448190780356526" lon="22.964064152911305">
        <ele>626.8</ele>
        <time>2025-05-09T05:55:03</time>
      </trkpt>
      <trkpt lat="46.448195641860366" lon="22.96406918205321">
        <ele>626.8</ele>
        <time>2025-05-09T05:55:14</time>
      </trkpt>
      <trkpt lat="46.448196144774556" lon="22.964070523157716">
        <ele>626.5999999999999</ele>
        <time>2025-05-09T05:55:16</time>
      </trkpt>
      <trkpt lat="46.4481954742223" lon="22.964071528986096">
        <ele>626.5999999999999</ele>
        <time>2025-05-09T05:55:25</time>
      </trkpt>
      <trkpt lat="46.44819539040327" lon="22.964076306670904">
        <ele>626.5999999999999</ele>
        <time>2025-05-09T05:55:37</time>
      </trkpt>
      <trkpt lat="46.44819337874651" lon="22.964085275307298">
        <ele>626.5999999999999</ele>
        <time>2025-05-09T05:55:53</time>
      </trkpt>
      <trkpt lat="46.448198072612286" lon="22.96409181319177">
        <ele>626.8</ele>
        <time>2025-05-09T05:56:09</time>
      </trkpt>
      <trkpt lat="46.44820771180093" lon="22.964094076305628">
        <ele>626.8</ele>
        <time>2025-05-09T05:56:32</time>
      </trkpt>
      <trkpt lat="46.44820905290544" lon="22.964095501229167">
        <ele>626.8</ele>
        <time>2025-05-09T05:56:39</time>
      </trkpt>
      <trkpt lat="46.44820746034384" lon="22.964096842333674">
        <ele>626.8</ele>
        <time>2025-05-09T05:56:47</time>
      </trkpt>
      <trkpt lat="46.44820662215352" lon="22.964101284742355">
        <ele>626.8</ele>
        <time>2025-05-09T05:56:48</time>
      </trkpt>
      <trkpt lat="46.4482060354203" lon="22.964113438501954">
        <ele>626.8</ele>
        <time>2025-05-09T05:56:59</time>
      </trkpt>
      <trkpt lat="46.44819639623165" lon="22.964125759899616">
        <ele>626.5999999999999</ele>
        <time>2025-05-09T05:57:08</time>
      </trkpt>
      <trkpt lat="46.44819187000394" lon="22.964133555069566">
        <ele>626.5999999999999</ele>
        <time>2025-05-09T05:57:19</time>
      </trkpt>
      <trkpt lat="46.448191199451685" lon="22.964132968336344">
        <ele>626.5999999999999</ele>
        <time>2025-05-09T05:57:34</time>
      </trkpt>
      <trkpt lat="46.44819580949843" lon="22.96413774602115">
        <ele>626.8</ele>
        <time>2025-05-09T05:57:45</time>
      </trkpt>
      <trkpt lat="46.44819396547973" lon="22.964135063812137">
        <ele>626.5999999999999</ele>
        <time>2025-05-09T05:57:54</time>
      </trkpt>
      <trkpt lat="46.44819782115519" lon="22.964139841496944">
        <ele>626.4000000000001</ele>
        <time>2025-05-09T05:58:21</time>
      </trkpt>
      <trkpt lat="46.448198575526476" lon="22.96414202079177">
        <ele>626.2</ele>
        <time>2025-05-09T05:58:42</time>
      </trkpt>
      <trkpt lat="46.44820058718324" lon="22.964143278077245">
        <ele>626.0</ele>
        <time>2025-05-09T05:58:56</time>
      </trkpt>
      <trkpt lat="46.44820083864033" lon="22.96414352953434">
        <ele>626.0</ele>
        <time>2025-05-09T05:58:57</time>
      </trkpt>
      <trkpt lat="46.44820620305836" lon="22.964145289734006">
        <ele>626.0</ele>
        <time>2025-05-09T05:59:05</time>
      </trkpt>
      <trkpt lat="46.44821994937956" lon="22.96413372270763">
        <ele>626.0</ele>
        <time>2025-05-09T05:59:17</time>
      </trkpt>
      <trkpt lat="46.44822279922664" lon="22.96412936411798">
        <ele>626.0</ele>
        <time>2025-05-09T05:59:23</time>
      </trkpt>
      <trkpt lat="46.44822623580694" lon="22.964133638888597">
        <ele>626.2</ele>
        <time>2025-05-09T05:59:31</time>
      </trkpt>
      <trkpt lat="46.44822238013148" lon="22.964125340804458">
        <ele>626.0</ele>
        <time>2025-05-09T05:59:41</time>
      </trkpt>
      <trkpt lat="46.448232689872384" lon="22.9641249217093">
        <ele>626.0</ele>
        <time>2025-05-09T05:59:55</time>
      </trkpt>
      <trkpt lat="46.4482507109642" lon="22.964123664423823">
        <ele>626.2</ele>
        <time>2025-05-09T06:00:05</time>
      </trkpt>
      <trkpt lat="46.448267474770546" lon="22.964109163731337">
        <ele>626.2</ele>
        <time>2025-05-09T06:00:22</time>
      </trkpt>
      <trkpt lat="46.44827694632113" lon="22.964111007750034">
        <ele>626.2</ele>
        <time>2025-05-09T06:00:33</time>
      </trkpt>
      <trkpt lat="46.448287507519126" lon="22.964118300005794">
        <ele>626.4000000000001</ele>
        <time>2025-05-09T06:00:47</time>
      </trkpt>
      <trkpt lat="46.448254734277725" lon="22.964121317490935">
        <ele>626.8</ele>
        <time>2025-05-09T06:01:16</time>
      </trkpt>
      <trkpt lat="46.448261607438326" lon="22.96412785537541">
        <ele>627.0</ele>
        <time>2025-05-09T06:01:28</time>
      </trkpt>
      <trkpt lat="46.44826537929475" lon="22.964130034670234">
        <ele>626.8</ele>
        <time>2025-05-09T06:01:40</time>
      </trkpt>
      <trkpt lat="46.44823704846203" lon="22.964050322771072">
        <ele>626.5999999999999</ele>
        <time>2025-05-09T06:01:49</time>
      </trkpt>
      <trkpt lat="46.44819128327072" lon="22.9640178848058">
        <ele>626.5999999999999</ele>
        <time>2025-05-09T06:01:51</time>
      </trkpt>
      <trkpt lat="46.44801551476121" lon="22.964043533429503">
        <ele>626.8</ele>
        <time>2025-05-09T06:01:55</time>
      </trkpt>
      <trkpt lat="46.44775349646807" lon="22.96413774602115">
        <ele>626.8</ele>
        <time>2025-05-09T06:02:00</time>
      </trkpt>
      <trkpt lat="46.447703121230006" lon="22.964152079075575">
        <ele>626.8</ele>
        <time>2025-05-09T06:02:01</time>
      </trkpt>
      <trkpt lat="46.44733440130949" lon="22.964294319972396">
        <ele>626.8</ele>
        <time>2025-05-09T06:02:08</time>
      </trkpt>
      <trkpt lat="46.44708269275725" lon="22.964347964152694">
        <ele>626.5999999999999</ele>
        <time>2025-05-09T06:02:13</time>
      </trkpt>
      <trkpt lat="46.44680290482938" lon="22.96440009959042">
        <ele>627.4000000000001</ele>
        <time>2025-05-09T06:02:20</time>
      </trkpt>
      <trkpt lat="46.4467640966177" lon="22.964407140389085">
        <ele>627.5999999999999</ele>
        <time>2025-05-09T06:02:21</time>
      </trkpt>
      <trkpt lat="46.44660668447614" lon="22.964426586404443">
        <ele>628.5999999999999</ele>
        <time>2025-05-09T06:02:25</time>
      </trkpt>
      <trkpt lat="46.44652144052088" lon="22.96444159001112">
        <ele>629.2</ele>
        <time>2025-05-09T06:02:27</time>
      </trkpt>
      <trkpt lat="46.44639872945845" lon="22.96447084285319">
        <ele>629.8</ele>
        <time>2025-05-09T06:02:30</time>
      </trkpt>
      <trkpt lat="46.446260679513216" lon="22.964516105130315">
        <ele>630.2</ele>
        <time>2025-05-09T06:02:33</time>
      </trkpt>
      <trkpt lat="46.44586354494095" lon="22.96464577317238">
        <ele>630.2</ele>
        <time>2025-05-09T06:02:40</time>
      </trkpt>
      <trkpt lat="46.44534378312528" lon="22.964828833937645">
        <ele>629.2</ele>
        <time>2025-05-09T06:02:48</time>
      </trkpt>
      <trkpt lat="46.44521612673998" lon="22.96488717198372">
        <ele>628.8</ele>
        <time>2025-05-09T06:02:50</time>
      </trkpt>
      <trkpt lat="46.444969195872545" lon="22.96502253971994">
        <ele>628.2</ele>
        <time>2025-05-09T06:02:54</time>
      </trkpt>
      <trkpt lat="46.444710195064545" lon="22.96516570262611">
        <ele>627.8</ele>
        <time>2025-05-09T06:02:58</time>
      </trkpt>
      <trkpt lat="46.444515315815806" lon="22.965225717052817">
        <ele>627.8</ele>
        <time>2025-05-09T06:03:01</time>
      </trkpt>
      <trkpt lat="46.44411474466324" lon="22.96537533402443">
        <ele>627.5999999999999</ele>
        <time>2025-05-09T06:03:08</time>
      </trkpt>
      <trkpt lat="46.443962613120675" lon="22.965461248531938">
        <ele>627.5999999999999</ele>
        <time>2025-05-09T06:03:11</time>
      </trkpt>
      <trkpt lat="46.44386404193938" lon="22.96554154716432">
        <ele>627.5999999999999</ele>
        <time>2025-05-09T06:03:13</time>
      </trkpt>
      <trkpt lat="46.443566316738725" lon="22.965769451111555">
        <ele>627.5999999999999</ele>
        <time>2025-05-09T06:03:19</time>
      </trkpt>
      <trkpt lat="46.443288289010525" lon="22.965935664251447">
        <ele>627.4000000000001</ele>
        <time>2025-05-09T06:03:24</time>
      </trkpt>
      <trkpt lat="46.442954605445266" lon="22.966118473559618">
        <ele>626.5999999999999</ele>
        <time>2025-05-09T06:03:30</time>
      </trkpt>
      <trkpt lat="46.442844634875655" lon="22.96617178246379">
        <ele>626.4000000000001</ele>
        <time>2025-05-09T06:03:32</time>
      </trkpt>
      <trkpt lat="46.44255495630205" lon="22.966314693912864">
        <ele>625.5999999999999</ele>
        <time>2025-05-09T06:03:37</time>
      </trkpt>
      <trkpt lat="46.44249728880823" lon="22.96634327620268">
        <ele>625.5999999999999</ele>
        <time>2025-05-09T06:03:38</time>
      </trkpt>
      <trkpt lat="46.442042319104075" lon="22.966570844873786">
        <ele>624.5999999999999</ele>
        <time>2025-05-09T06:03:46</time>
      </trkpt>
      <trkpt lat="46.44193368963897" lon="22.966625494882464">
        <ele>624.2</ele>
        <time>2025-05-09T06:03:48</time>
      </trkpt>
      <trkpt lat="46.44164962694049" lon="22.966745188459754">
        <ele>623.5999999999999</ele>
        <time>2025-05-09T06:03:53</time>
      </trkpt>
      <trkpt lat="46.44136564806104" lon="22.966867731884122">
        <ele>622.8</ele>
        <time>2025-05-09T06:03:58</time>
      </trkpt>
      <trkpt lat="46.44120144657791" lon="22.96693847514689">
        <ele>622.4000000000001</ele>
        <time>2025-05-09T06:04:01</time>
      </trkpt>
      <trkpt lat="46.440931130200624" lon="22.967058084905148">
        <ele>622.2</ele>
        <time>2025-05-09T06:04:06</time>
      </trkpt>
      <trkpt lat="46.440565679222345" lon="22.967220107093453">
        <ele>621.4000000000001</ele>
        <time>2025-05-09T06:04:13</time>
      </trkpt>
      <trkpt lat="46.44046023488045" lon="22.96726201660931">
        <ele>621.4000000000001</ele>
        <time>2025-05-09T06:04:15</time>
      </trkpt>
      <trkpt lat="46.440075840801" lon="22.96736553311348">
        <ele>621.2</ele>
        <time>2025-05-09T06:04:22</time>
      </trkpt>
      <trkpt lat="46.439628414809704" lon="22.967395456507802">
        <ele>621.2</ele>
        <time>2025-05-09T06:04:30</time>
      </trkpt>
      <trkpt lat="46.439184760674834" lon="22.9673679638654">
        <ele>621.2</ele>
        <time>2025-05-09T06:04:38</time>
      </trkpt>
      <trkpt lat="46.4387168828398" lon="22.967293951660395">
        <ele>621.0</ele>
        <time>2025-05-09T06:04:46</time>
      </trkpt>
      <trkpt lat="46.43823727034032" lon="22.96720569022">
        <ele>620.5999999999999</ele>
        <time>2025-05-09T06:04:54</time>
      </trkpt>
      <trkpt lat="46.43775288015604" lon="22.967123379930854">
        <ele>620.4000000000001</ele>
        <time>2025-05-09T06:05:02</time>
      </trkpt>
      <trkpt lat="46.43740561790764" lon="22.96705431304872">
        <ele>620.4000000000001</ele>
        <time>2025-05-09T06:05:08</time>
      </trkpt>
      <trkpt lat="46.436983086168766" lon="22.96696051955223">
        <ele>620.4000000000001</ele>
        <time>2025-05-09T06:05:15</time>
      </trkpt>
      <trkpt lat="46.43668829463422" lon="22.966909473761916">
        <ele>620.2</ele>
        <time>2025-05-09T06:05:20</time>
      </trkpt>
      <trkpt lat="46.43651629798114" lon="22.96687292866409">
        <ele>620.2</ele>
        <time>2025-05-09T06:05:23</time>
      </trkpt>
      <trkpt lat="46.43616224639118" lon="22.96680411323905">
        <ele>619.8</ele>
        <time>2025-05-09T06:05:29</time>
      </trkpt>
      <trkpt lat="46.43565178848803" lon="22.966692382469773">
        <ele>619.5999999999999</ele>
        <time>2025-05-09T06:05:38</time>
      </trkpt>
      <trkpt lat="46.435142420232296" lon="22.966572269797325">
        <ele>619.4000000000001</ele>
        <time>2025-05-09T06:05:47</time>
      </trkpt>
      <trkpt lat="46.43464126624167" lon="22.966425586491823">
        <ele>619.2</ele>
        <time>2025-05-09T06:05:56</time>
      </trkpt>
      <trkpt lat="46.43448167480528" lon="22.96638292260468">
        <ele>619.0</ele>
        <time>2025-05-09T06:05:59</time>
      </trkpt>
      <trkpt lat="46.43433482386172" lon="22.966339085251093">
        <ele>619.0</ele>
        <time>2025-05-09T06:06:02</time>
      </trkpt>
      <trkpt lat="46.43424270674586" lon="22.966315196827054">
        <ele>618.8</ele>
        <time>2025-05-09T06:06:04</time>
      </trkpt>
      <trkpt lat="46.434012204408646" lon="22.966302623972297">
        <ele>618.8</ele>
        <time>2025-05-09T06:06:09</time>
      </trkpt>
      <trkpt lat="46.43374113366008" lon="22.96633313409984">
        <ele>619.0</ele>
        <time>2025-05-09T06:06:15</time>
      </trkpt>
      <trkpt lat="46.433393536135554" lon="22.966328356415033">
        <ele>619.4000000000001</ele>
        <time>2025-05-09T06:06:22</time>
      </trkpt>
      <trkpt lat="46.43312891945243" lon="22.966192653402686">
        <ele>619.4000000000001</ele>
        <time>2025-05-09T06:06:27</time>
      </trkpt>
      <trkpt lat="46.43269943073392" lon="22.965900460258126">
        <ele>619.0</ele>
        <time>2025-05-09T06:06:35</time>
      </trkpt>
      <trkpt lat="46.43215460702777" lon="22.9655409604311">
        <ele>618.4000000000001</ele>
        <time>2025-05-09T06:06:45</time>
      </trkpt>
      <trkpt lat="46.43161824904382" lon="22.96518431045115">
        <ele>618.0</ele>
        <time>2025-05-09T06:06:55</time>
      </trkpt>
      <trkpt lat="46.43156393431127" lon="22.96514810062945">
        <ele>618.0</ele>
        <time>2025-05-09T06:06:56</time>
      </trkpt>
      <trkpt lat="46.43130292184651" lon="22.964985240250826">
        <ele>617.8</ele>
        <time>2025-05-09T06:07:01</time>
      </trkpt>
      <trkpt lat="46.43120099790394" lon="22.964916424825788">
        <ele>617.8</ele>
        <time>2025-05-09T06:07:03</time>
      </trkpt>
      <trkpt lat="46.43068190664053" lon="22.964583076536655">
        <ele>617.0</ele>
        <time>2025-05-09T06:07:13</time>
      </trkpt>
      <trkpt lat="46.43030514009297" lon="22.96438978984952">
        <ele>617.0</ele>
        <time>2025-05-09T06:07:20</time>
      </trkpt>
      <trkpt lat="46.42998159863055" lon="22.964270347729325">
        <ele>617.0</ele>
        <time>2025-05-09T06:07:26</time>
      </trkpt>
      <trkpt lat="46.42963659949601" lon="22.964203543961048">
        <ele>616.8</ele>
        <time>2025-05-09T06:07:32</time>
      </trkpt>
      <trkpt lat="46.42919747158885" lon="22.96421972103417">
        <ele>616.5999999999999</ele>
        <time>2025-05-09T06:07:40</time>
      </trkpt>
      <trkpt lat="46.4287580922246" lon="22.964249225333333">
        <ele>616.4000000000001</ele>
        <time>2025-05-09T06:07:48</time>
      </trkpt>
      <trkpt lat="46.428702687844634" lon="22.96425148844719">
        <ele>616.4000000000001</ele>
        <time>2025-05-09T06:07:49</time>
      </trkpt>
      <trkpt lat="46.42830437980592" lon="22.96424377709627">
        <ele>616.5999999999999</ele>
        <time>2025-05-09T06:07:56</time>
      </trkpt>
      <trkpt lat="46.42785804346204" lon="22.964183343574405">
        <ele>616.5999999999999</ele>
        <time>2025-05-09T06:08:04</time>
      </trkpt>
      <trkpt lat="46.427315482869744" lon="22.963938508182764">
        <ele>616.2</ele>
        <time>2025-05-09T06:08:13</time>
      </trkpt>
      <trkpt lat="46.42692388035357" lon="22.963674310594797">
        <ele>616.2</ele>
        <time>2025-05-09T06:08:20</time>
      </trkpt>
      <trkpt lat="46.426600590348244" lon="22.963397791609168">
        <ele>616.2</ele>
        <time>2025-05-09T06:08:27</time>
      </trkpt>
      <trkpt lat="46.426465809345245" lon="22.963288240134716">
        <ele>616.5999999999999</ele>
        <time>2025-05-09T06:08:30</time>
      </trkpt>
      <trkpt lat="46.42623161897063" lon="22.963099060580134">
        <ele>617.0</ele>
        <time>2025-05-09T06:08:35</time>
      </trkpt>
      <trkpt lat="46.42588896676898" lon="22.96284961514175">
        <ele>617.2</ele>
        <time>2025-05-09T06:08:42</time>
      </trkpt>
      <trkpt lat="46.42553273588419" lon="22.962680216878653">
        <ele>617.0</ele>
        <time>2025-05-09T06:08:48</time>
      </trkpt>
      <trkpt lat="46.425064858049154" lon="22.962524816393852">
        <ele>616.0</ele>
        <time>2025-05-09T06:08:55</time>
      </trkpt>
      <trkpt lat="46.424940722063184" lon="22.962483828887343">
        <ele>615.4000000000001</ele>
        <time>2025-05-09T06:08:57</time>
      </trkpt>
      <trkpt lat="46.42464165575802" lon="22.962411157786846">
        <ele>614.5999999999999</ele>
        <time>2025-05-09T06:09:02</time>
      </trkpt>
      <trkpt lat="46.424581641331315" lon="22.962414594367146">
        <ele>614.4000000000001</ele>
        <time>2025-05-09T06:09:03</time>
      </trkpt>
      <trkpt lat="46.42441685311496" lon="22.96248667873442">
        <ele>614.2</ele>
        <time>2025-05-09T06:09:06</time>
      </trkpt>
      <trkpt lat="46.42423781566322" lon="22.96269186772406">
        <ele>614.2</ele>
        <time>2025-05-09T06:09:10</time>
      </trkpt>
      <trkpt lat="46.423954674974084" lon="22.963042398914695">
        <ele>614.0</ele>
        <time>2025-05-09T06:09:16</time>
      </trkpt>
      <trkpt lat="46.423609759658575" lon="22.96344431117177">
        <ele>613.5999999999999</ele>
        <time>2025-05-09T06:09:23</time>
      </trkpt>
      <trkpt lat="46.42333013936877" lon="22.963622426614165">
        <ele>613.5999999999999</ele>
        <time>2025-05-09T06:09:28</time>
      </trkpt>
      <trkpt lat="46.423170464113355" lon="22.96369400806725">
        <ele>613.2</ele>
        <time>2025-05-09T06:09:31</time>
      </trkpt>
      <trkpt lat="46.42305697314441" lon="22.963731726631522">
        <ele>613.0</ele>
        <time>2025-05-09T06:09:33</time>
      </trkpt>
      <trkpt lat="46.42264584079385" lon="22.96382937580347">
        <ele>612.8</ele>
        <time>2025-05-09T06:09:40</time>
      </trkpt>
      <trkpt lat="46.42238600179553" lon="22.963905483484268">
        <ele>612.5999999999999</ele>
        <time>2025-05-09T06:09:45</time>
      </trkpt>
      <trkpt lat="46.42202842980623" lon="22.964062727987766">
        <ele>612.8</ele>
        <time>2025-05-09T06:09:52</time>
      </trkpt>
      <trkpt lat="46.42159005627036" lon="22.964248806238174">
        <ele>612.8</ele>
        <time>2025-05-09T06:10:00</time>
      </trkpt>
      <trkpt lat="46.42117909155786" lon="22.964454079046845">
        <ele>612.4000000000001</ele>
        <time>2025-05-09T06:10:08</time>
      </trkpt>
      <trkpt lat="46.42104657366872" lon="22.96456715092063">
        <ele>612.2</ele>
        <time>2025-05-09T06:10:11</time>
      </trkpt>
      <trkpt lat="46.42095881514251" lon="22.96468349173665">
        <ele>612.0</ele>
        <time>2025-05-09T06:10:13</time>
      </trkpt>
      <trkpt lat="46.42060945741832" lon="22.965123960748315">
        <ele>611.5999999999999</ele>
        <time>2025-05-09T06:10:20</time>
      </trkpt>
      <trkpt lat="46.42032489180565" lon="22.96548279002309">
        <ele>611.0</ele>
        <time>2025-05-09T06:10:26</time>
      </trkpt>
      <trkpt lat="46.4200115762651" lon="22.96582678332925">
        <ele>610.8</ele>
        <time>2025-05-09T06:10:32</time>
      </trkpt>
      <trkpt lat="46.41972164623439" lon="22.966209668666124">
        <ele>610.4000000000001</ele>
        <time>2025-05-09T06:10:38</time>
      </trkpt>
      <trkpt lat="46.4194103423506" lon="22.966696321964264">
        <ele>610.2</ele>
        <time>2025-05-09T06:10:46</time>
      </trkpt>
      <trkpt lat="46.41921319998801" lon="22.966998992487788">
        <ele>610.0</ele>
        <time>2025-05-09T06:10:51</time>
      </trkpt>
      <trkpt lat="46.41914145089686" lon="22.967128409072757">
        <ele>610.0</ele>
        <time>2025-05-09T06:10:53</time>
      </trkpt>
      <trkpt lat="46.418895442038774" lon="22.96746234409511">
        <ele>610.0</ele>
        <time>2025-05-09T06:10:59</time>
      </trkpt>
      <trkpt lat="46.418595453724265" lon="22.967804074287415">
        <ele>610.0</ele>
        <time>2025-05-09T06:11:06</time>
      </trkpt>
      <trkpt lat="46.418501576408744" lon="22.967875907197595">
        <ele>610.0</ele>
        <time>2025-05-09T06:11:08</time>
      </trkpt>
      <trkpt lat="46.41827065497637" lon="22.9680154658854">
        <ele>609.8</ele>
        <time>2025-05-09T06:11:13</time>
      </trkpt>
      <trkpt lat="46.417963625863194" lon="22.968128034844995">
        <ele>609.4000000000001</ele>
        <time>2025-05-09T06:11:19</time>
      </trkpt>
      <trkpt lat="46.417664475739" lon="22.968205399811268">
        <ele>609.2</ele>
        <time>2025-05-09T06:11:25</time>
      </trkpt>
      <trkpt lat="46.417480828240514" lon="22.968248901888728">
        <ele>609.0</ele>
        <time>2025-05-09T06:11:29</time>
      </trkpt>
      <trkpt lat="46.41733506694436" lon="22.96828905120492">
        <ele>608.8</ele>
        <time>2025-05-09T06:11:32</time>
      </trkpt>
      <trkpt lat="46.41703507862985" lon="22.96841025352478">
        <ele>608.5999999999999</ele>
        <time>2025-05-09T06:11:39</time>
      </trkpt>
      <trkpt lat="46.416774820536375" lon="22.96854704618454">
        <ele>608.8</ele>
        <time>2025-05-09T06:11:45</time>
      </trkpt>
      <trkpt lat="46.41646418720484" lon="22.968700854107738">
        <ele>608.8</ele>
        <time>2025-05-09T06:11:52</time>
      </trkpt>
      <trkpt lat="46.41619957052171" lon="22.96890721656382">
        <ele>609.4000000000001</ele>
        <time>2025-05-09T06:11:59</time>
      </trkpt>
      <trkpt lat="46.41612681560218" lon="22.968948120251298">
        <ele>609.5999999999999</ele>
        <time>2025-05-09T06:12:01</time>
      </trkpt>
      <trkpt lat="46.41596294939518" lon="22.969141490757465">
        <ele>610.5999999999999</ele>
        <time>2025-05-09T06:12:07</time>
      </trkpt>
      <trkpt lat="46.41580168157816" lon="22.96935128979385">
        <ele>611.2</ele>
        <time>2025-05-09T06:12:13</time>
      </trkpt>
      <trkpt lat="46.415680814534426" lon="22.969498224556446">
        <ele>611.5999999999999</ele>
        <time>2025-05-09T06:12:17</time>
      </trkpt>
      <trkpt lat="46.41554133966565" lon="22.969569638371468">
        <ele>611.8</ele>
        <time>2025-05-09T06:12:21</time>
      </trkpt>
      <trkpt lat="46.41531276516616" lon="22.96961909160018">
        <ele>612.2</ele>
        <time>2025-05-09T06:12:26</time>
      </trkpt>
      <trkpt lat="46.41504714265466" lon="22.969565950334072">
        <ele>612.4000000000001</ele>
        <time>2025-05-09T06:12:32</time>
      </trkpt>
      <trkpt lat="46.414687391370535" lon="22.9693400580436">
        <ele>612.0</ele>
        <time>2025-05-09T06:12:40</time>
      </trkpt>
      <trkpt lat="46.414344822987914" lon="22.969071082770824">
        <ele>611.2</ele>
        <time>2025-05-09T06:12:47</time>
      </trkpt>
      <trkpt lat="46.414133766666055" lon="22.968914173543453">
        <ele>610.5999999999999</ele>
        <time>2025-05-09T06:12:51</time>
      </trkpt>
      <trkpt lat="46.414025807753205" lon="22.968830605968833">
        <ele>610.4000000000001</ele>
        <time>2025-05-09T06:12:53</time>
      </trkpt>
      <trkpt lat="46.413745768368244" lon="22.968608988448977">
        <ele>609.5999999999999</ele>
        <time>2025-05-09T06:12:58</time>
      </trkpt>
      <trkpt lat="46.41357989050448" lon="22.968476302921772">
        <ele>609.0</ele>
        <time>2025-05-09T06:13:01</time>
      </trkpt>
      <trkpt lat="46.41341753304005" lon="22.968342024832964">
        <ele>608.4000000000001</ele>
        <time>2025-05-09T06:13:04</time>
      </trkpt>
      <trkpt lat="46.4133111666888" lon="22.968236496672034">
        <ele>608.2</ele>
        <time>2025-05-09T06:13:06</time>
      </trkpt>
      <trkpt lat="46.41321846283972" lon="22.968108421191573">
        <ele>607.8</ele>
        <time>2025-05-09T06:13:08</time>
      </trkpt>
      <trkpt lat="46.41313321888447" lon="22.96796701848507">
        <ele>607.4000000000001</ele>
        <time>2025-05-09T06:13:10</time>
      </trkpt>
      <trkpt lat="46.413063146173954" lon="22.967813964933157">
        <ele>607.0</ele>
        <time>2025-05-09T06:13:12</time>
      </trkpt>
      <trkpt lat="46.41299835406244" lon="22.967653116211295">
        <ele>606.4000000000001</ele>
        <time>2025-05-09T06:13:14</time>
      </trkpt>
      <trkpt lat="46.41296214424074" lon="22.967581367120147">
        <ele>606.2</ele>
        <time>2025-05-09T06:13:15</time>
      </trkpt>
      <trkpt lat="46.41276944428682" lon="22.967126732692122">
        <ele>605.5999999999999</ele>
        <time>2025-05-09T06:13:21</time>
      </trkpt>
      <trkpt lat="46.41272979788482" lon="22.967053977772593">
        <ele>605.4000000000001</ele>
        <time>2025-05-09T06:13:22</time>
      </trkpt>
      <trkpt lat="46.41255998052657" lon="22.966777626425028">
        <ele>605.2</ele>
        <time>2025-05-09T06:13:26</time>
      </trkpt>
      <trkpt lat="46.41235294751823" lon="22.966553159058094">
        <ele>605.2</ele>
        <time>2025-05-09T06:13:30</time>
      </trkpt>
      <trkpt lat="46.41219578683376" lon="22.96639029867947">
        <ele>605.0</ele>
        <time>2025-05-09T06:13:33</time>
      </trkpt>
      <trkpt lat="46.411908036097884" lon="22.966171028092504">
        <ele>604.5999999999999</ele>
        <time>2025-05-09T06:13:38</time>
      </trkpt>
      <trkpt lat="46.41184584237635" lon="22.966145128011703">
        <ele>604.5999999999999</ele>
        <time>2025-05-09T06:13:39</time>
      </trkpt>
      <trkpt lat="46.411659847944975" lon="22.966123586520553">
        <ele>604.5999999999999</ele>
        <time>2025-05-09T06:13:42</time>
      </trkpt>
      <trkpt lat="46.411298252642155" lon="22.96607849188149">
        <ele>604.2</ele>
        <time>2025-05-09T06:13:48</time>
      </trkpt>
      <trkpt lat="46.41119406558573" lon="22.96599148772657">
        <ele>604.0</ele>
        <time>2025-05-09T06:13:50</time>
      </trkpt>
      <trkpt lat="46.411150228232145" lon="22.965927869081497">
        <ele>604.0</ele>
        <time>2025-05-09T06:13:51</time>
      </trkpt>
      <trkpt lat="46.41107806004584" lon="22.965778838843107">
        <ele>603.8</ele>
        <time>2025-05-09T06:13:53</time>
      </trkpt>
      <trkpt lat="46.410990469157696" lon="22.96553961932659">
        <ele>603.5999999999999</ele>
        <time>2025-05-09T06:13:56</time>
      </trkpt>
      <trkpt lat="46.4107967633754" lon="22.96510325744748">
        <ele>603.5999999999999</ele>
        <time>2025-05-09T06:14:02</time>
      </trkpt>
      <trkpt lat="46.410755440592766" lon="22.965040812268853">
        <ele>603.5999999999999</ele>
        <time>2025-05-09T06:14:03</time>
      </trkpt>
      <trkpt lat="46.41056609340012" lon="22.964811734855175">
        <ele>603.4000000000001</ele>
        <time>2025-05-09T06:14:07</time>
      </trkpt>
      <trkpt lat="46.41030399128795" lon="22.964604198932648">
        <ele>603.4000000000001</ele>
        <time>2025-05-09T06:14:12</time>
      </trkpt>
      <trkpt lat="46.409876346588135" lon="22.964353999122977">
        <ele>603.0</ele>
        <time>2025-05-09T06:14:20</time>
      </trkpt>
      <trkpt lat="46.40953595750034" lon="22.964271353557706">
        <ele>603.0</ele>
        <time>2025-05-09T06:14:26</time>
      </trkpt>
      <trkpt lat="46.40901854261756" lon="22.96422994695604">
        <ele>603.0</ele>
        <time>2025-05-09T06:14:35</time>
      </trkpt>
      <trkpt lat="46.40896246768534" lon="22.964230617508292">
        <ele>602.8</ele>
        <time>2025-05-09T06:14:36</time>
      </trkpt>
      <trkpt lat="46.40870187431574" lon="22.964222403243184">
        <ele>602.5999999999999</ele>
        <time>2025-05-09T06:14:41</time>
      </trkpt>
      <trkpt lat="46.40838034451008" lon="22.964205807074904">
        <ele>602.5999999999999</ele>
        <time>2025-05-09T06:14:47</time>
      </trkpt>
      <trkpt lat="46.4080407936126" lon="22.96419977210462">
        <ele>602.2</ele>
        <time>2025-05-09T06:14:53</time>
      </trkpt>
      <trkpt lat="46.407774835824966" lon="22.964200526475906">
        <ele>601.8</ele>
        <time>2025-05-09T06:14:58</time>
      </trkpt>
      <trkpt lat="46.40759848058224" lon="22.964186863973737">
        <ele>601.5999999999999</ele>
        <time>2025-05-09T06:15:01</time>
      </trkpt>
      <trkpt lat="46.407136553898454" lon="22.964178901165724">
        <ele>601.2</ele>
        <time>2025-05-09T06:15:09</time>
      </trkpt>
      <trkpt lat="46.40665031969547" lon="22.964170686900616">
        <ele>601.2</ele>
        <time>2025-05-09T06:15:18</time>
      </trkpt>
      <trkpt lat="46.406367095187306" lon="22.96416255645454">
        <ele>601.2</ele>
        <time>2025-05-09T06:15:24</time>
      </trkpt>
      <trkpt lat="46.4060237724334" lon="22.964116372168064">
        <ele>601.5999999999999</ele>
        <time>2025-05-09T06:15:32</time>
      </trkpt>
      <trkpt lat="46.40568329952657" lon="22.964075300842524">
        <ele>602.8</ele>
        <time>2025-05-09T06:15:40</time>
      </trkpt>
      <trkpt lat="46.4054468460381" lon="22.96403557062149">
        <ele>604.0</ele>
        <time>2025-05-09T06:15:46</time>
      </trkpt>
      <trkpt lat="46.4051706623286" lon="22.96394655480981">
        <ele>604.5999999999999</ele>
        <time>2025-05-09T06:15:53</time>
      </trkpt>
      <trkpt lat="46.40483295544982" lon="22.963827028870583">
        <ele>605.0</ele>
        <time>2025-05-09T06:16:01</time>
      </trkpt>
      <trkpt lat="46.404549395665526" lon="22.96373600140214">
        <ele>605.0</ele>
        <time>2025-05-09T06:16:07</time>
      </trkpt>
      <trkpt lat="46.4040498342365" lon="22.963587306439877">
        <ele>604.8</ele>
        <time>2025-05-09T06:16:17</time>
      </trkpt>
      <trkpt lat="46.40372620895505" lon="22.963460823521018">
        <ele>605.0</ele>
        <time>2025-05-09T06:16:23</time>
      </trkpt>
      <trkpt lat="46.403321446850896" lon="22.963179191574454">
        <ele>603.8</ele>
        <time>2025-05-09T06:16:30</time>
      </trkpt>
      <trkpt lat="46.40314048156142" lon="22.963070813566446">
        <ele>603.0</ele>
        <time>2025-05-09T06:16:33</time>
      </trkpt>
      <trkpt lat="46.40288324095309" lon="22.962942738085985">
        <ele>601.8</ele>
        <time>2025-05-09T06:16:37</time>
      </trkpt>
      <trkpt lat="46.40281601808965" lon="22.962912479415536">
        <ele>601.4000000000001</ele>
        <time>2025-05-09T06:16:38</time>
      </trkpt>
      <trkpt lat="46.40253824181855" lon="22.962830420583487">
        <ele>600.8</ele>
        <time>2025-05-09T06:16:42</time>
      </trkpt>
      <trkpt lat="46.402401868253946" lon="22.962808459997177">
        <ele>600.2</ele>
        <time>2025-05-09T06:16:44</time>
      </trkpt>
      <trkpt lat="46.402204893529415" lon="22.962788259610534">
        <ele>599.8</ele>
        <time>2025-05-09T06:16:47</time>
      </trkpt>
      <trkpt lat="46.401884788647294" lon="22.962756911292672">
        <ele>598.8</ele>
        <time>2025-05-09T06:16:52</time>
      </trkpt>
      <trkpt lat="46.40181915834546" lon="22.9627485293895">
        <ele>598.5999999999999</ele>
        <time>2025-05-09T06:16:53</time>
      </trkpt>
      <trkpt lat="46.4014492649585" lon="22.962704692035913">
        <ele>598.4000000000001</ele>
        <time>2025-05-09T06:16:59</time>
      </trkpt>
      <trkpt lat="46.400982392951846" lon="22.962660770863295">
        <ele>598.0</ele>
        <time>2025-05-09T06:17:07</time>
      </trkpt>
      <trkpt lat="46.40049724839628" lon="22.96267870813608">
        <ele>597.8</ele>
        <time>2025-05-09T06:17:16</time>
      </trkpt>
      <trkpt lat="46.40023388899863" lon="22.962642079219222">
        <ele>597.5999999999999</ele>
        <time>2025-05-09T06:17:21</time>
      </trkpt>
      <trkpt lat="46.40018234029412" lon="22.962624225765467">
        <ele>597.5999999999999</ele>
        <time>2025-05-09T06:17:22</time>
      </trkpt>
      <trkpt lat="46.3997292984277" lon="22.962497072294354">
        <ele>597.5999999999999</ele>
        <time>2025-05-09T06:17:31</time>
      </trkpt>
      <trkpt lat="46.39931925572455" lon="22.96246170066297">
        <ele>597.2</ele>
        <time>2025-05-09T06:17:39</time>
      </trkpt>
      <trkpt lat="46.398786418139935" lon="22.962424401193857">
        <ele>597.2</ele>
        <time>2025-05-09T06:17:49</time>
      </trkpt>
      <trkpt lat="46.39844527468085" lon="22.962400931864977">
        <ele>596.8</ele>
        <time>2025-05-09T06:17:55</time>
      </trkpt>
      <trkpt lat="46.398390121757984" lon="22.96240068040788">
        <ele>596.8</ele>
        <time>2025-05-09T06:17:56</time>
      </trkpt>
      <trkpt lat="46.39809281565249" lon="22.962435968220234">
        <ele>596.5999999999999</ele>
        <time>2025-05-09T06:18:01</time>
      </trkpt>
      <trkpt lat="46.39758177101612" lon="22.962508387863636">
        <ele>596.4000000000001</ele>
        <time>2025-05-09T06:18:09</time>
      </trkpt>
      <trkpt lat="46.39722503721714" lon="22.962591033428907">
        <ele>596.2</ele>
        <time>2025-05-09T06:18:15</time>
      </trkpt>
      <trkpt lat="46.39687484130263" lon="22.96268650330603">
        <ele>596.4000000000001</ele>
        <time>2025-05-09T06:18:21</time>
      </trkpt>
      <trkpt lat="46.39681306667626" lon="22.962685246020555">
        <ele>596.4000000000001</ele>
        <time>2025-05-09T06:18:22</time>
      </trkpt>
      <trkpt lat="46.396569237113" lon="22.962631853297353">
        <ele>596.4000000000001</ele>
        <time>2025-05-09T06:18:26</time>
      </trkpt>
      <trkpt lat="46.396269584074616" lon="22.96255641616881">
        <ele>596.4000000000001</ele>
        <time>2025-05-09T06:18:31</time>
      </trkpt>
      <trkpt lat="46.3962135091424" lon="22.96255599707365">
        <ele>596.4000000000001</ele>
        <time>2025-05-09T06:18:32</time>
      </trkpt>
      <trkpt lat="46.39606079086661" lon="22.962568905204535">
        <ele>596.4000000000001</ele>
        <time>2025-05-09T06:18:35</time>
      </trkpt>
      <trkpt lat="46.39596540480852" lon="22.962598828598857">
        <ele>596.4000000000001</ele>
        <time>2025-05-09T06:18:37</time>
      </trkpt>
      <trkpt lat="46.395869851112366" lon="22.962649622932076">
        <ele>596.2</ele>
        <time>2025-05-09T06:18:39</time>
      </trkpt>
      <trkpt lat="46.395735489204526" lon="22.962760347872972">
        <ele>596.2</ele>
        <time>2025-05-09T06:18:42</time>
      </trkpt>
      <trkpt lat="46.39562560245395" lon="22.962908456102014">
        <ele>596.2</ele>
        <time>2025-05-09T06:18:45</time>
      </trkpt>
      <trkpt lat="46.39557003043592" lon="22.963021779432893">
        <ele>596.2</ele>
        <time>2025-05-09T06:18:47</time>
      </trkpt>
      <trkpt lat="46.39534086920321" lon="22.963563920930028">
        <ele>596.0</ele>
        <time>2025-05-09T06:18:56</time>
      </trkpt>
      <trkpt lat="46.39511262997985" lon="22.964070942252874">
        <ele>596.4000000000001</ele>
        <time>2025-05-09T06:19:05</time>
      </trkpt>
      <trkpt lat="46.39495647512376" lon="22.964402865618467">
        <ele>596.4000000000001</ele>
        <time>2025-05-09T06:19:11</time>
      </trkpt>
      <trkpt lat="46.3947213627398" lon="22.964906869456172">
        <ele>596.2</ele>
        <time>2025-05-09T06:19:19</time>
      </trkpt>
      <trkpt lat="46.394478622823954" lon="22.965403581038117">
        <ele>596.2</ele>
        <time>2025-05-09T06:19:27</time>
      </trkpt>
      <trkpt lat="46.394422044977546" lon="22.96551128849387">
        <ele>596.2</ele>
        <time>2025-05-09T06:19:29</time>
      </trkpt>
      <trkpt lat="46.39434451237321" lon="22.965665347874165">
        <ele>596.2</ele>
        <time>2025-05-09T06:19:32</time>
      </trkpt>
      <trkpt lat="46.394249461591244" lon="22.965841870754957">
        <ele>597.0</ele>
        <time>2025-05-09T06:19:36</time>
      </trkpt>
      <trkpt lat="46.394184082746506" lon="22.96597489155829">
        <ele>597.4000000000001</ele>
        <time>2025-05-09T06:19:39</time>
      </trkpt>
      <trkpt lat="46.394101940095425" lon="22.966140769422054">
        <ele>598.2</ele>
        <time>2025-05-09T06:19:43</time>
      </trkpt>
      <trkpt lat="46.39407838694751" lon="22.966182678937912">
        <ele>598.5999999999999</ele>
        <time>2025-05-09T06:19:44</time>
      </trkpt>
      <trkpt lat="46.393967159092426" lon="22.966336654499173">
        <ele>599.2</ele>
        <time>2025-05-09T06:19:48</time>
      </trkpt>
      <trkpt lat="46.39388778246939" lon="22.966468753293157">
        <ele>599.8</ele>
        <time>2025-05-09T06:19:51</time>
      </trkpt>
      <trkpt lat="46.393682258203626" lon="22.966800425201654">
        <ele>600.2</ele>
        <time>2025-05-09T06:19:58</time>
      </trkpt>
      <trkpt lat="46.39365476556122" lon="22.966859601438046">
        <ele>600.2</ele>
        <time>2025-05-09T06:19:59</time>
      </trkpt>
      <trkpt lat="46.3936301227659" lon="22.966922549530864">
        <ele>600.2</ele>
        <time>2025-05-09T06:20:00</time>
      </trkpt>
      <trkpt lat="46.393572706729174" lon="22.967142909765244">
        <ele>600.2</ele>
        <time>2025-05-09T06:20:03</time>
      </trkpt>
      <trkpt lat="46.393559630960226" lon="22.96722622588277">
        <ele>600.2</ele>
        <time>2025-05-09T06:20:04</time>
      </trkpt>
      <trkpt lat="46.39349970035255" lon="22.96779259108007">
        <ele>599.5999999999999</ele>
        <time>2025-05-09T06:20:10</time>
      </trkpt>
      <trkpt lat="46.39342786744237" lon="22.968410421162844">
        <ele>598.2</ele>
        <time>2025-05-09T06:20:16</time>
      </trkpt>
      <trkpt lat="46.39340062625706" lon="22.96872055158019">
        <ele>597.0</ele>
        <time>2025-05-09T06:20:19</time>
      </trkpt>
      <trkpt lat="46.39337807893753" lon="22.969117183238268">
        <ele>596.0</ele>
        <time>2025-05-09T06:20:23</time>
      </trkpt>
      <trkpt lat="46.39338017441332" lon="22.969620684161782">
        <ele>595.8</ele>
        <time>2025-05-09T06:20:29</time>
      </trkpt>
      <trkpt lat="46.39340800233185" lon="22.97020196914673">
        <ele>596.5999999999999</ele>
        <time>2025-05-09T06:20:37</time>
      </trkpt>
      <trkpt lat="46.3934261072427" lon="22.970421658828855">
        <ele>597.0</ele>
        <time>2025-05-09T06:20:40</time>
      </trkpt>
      <trkpt lat="46.39344002120197" lon="22.970695747062564">
        <ele>597.5999999999999</ele>
        <time>2025-05-09T06:20:44</time>
      </trkpt>
      <trkpt lat="46.39344546943903" lon="22.97089448198676">
        <ele>598.2</ele>
        <time>2025-05-09T06:20:47</time>
      </trkpt>
      <trkpt lat="46.39343968592584" lon="22.971246102824807">
        <ele>598.8</ele>
        <time>2025-05-09T06:20:52</time>
      </trkpt>
      <trkpt lat="46.393435997888446" lon="22.9717955365777">
        <ele>598.8</ele>
        <time>2025-05-09T06:20:58</time>
      </trkpt>
      <trkpt lat="46.393421748653054" lon="22.972530210390687">
        <ele>597.2</ele>
        <time>2025-05-09T06:21:05</time>
      </trkpt>
      <trkpt lat="46.39341906644404" lon="22.97263733111322">
        <ele>596.8</ele>
        <time>2025-05-09T06:21:06</time>
      </trkpt>
      <trkpt lat="46.393410097807646" lon="22.972848722711205">
        <ele>596.2</ele>
        <time>2025-05-09T06:21:08</time>
      </trkpt>
      <trkpt lat="46.39339576475322" lon="22.973334956914186">
        <ele>595.2</ele>
        <time>2025-05-09T06:21:13</time>
      </trkpt>
      <trkpt lat="46.39338738285005" lon="22.973600244149566">
        <ele>594.2</ele>
        <time>2025-05-09T06:21:17</time>
      </trkpt>
      <trkpt lat="46.393391992896795" lon="22.973647685721517">
        <ele>594.0</ele>
        <time>2025-05-09T06:21:18</time>
      </trkpt>
      <trkpt lat="46.39340431429446" lon="22.973683224990964">
        <ele>593.8</ele>
        <time>2025-05-09T06:21:19</time>
      </trkpt>
      <trkpt lat="46.39342166483402" lon="22.973705688491464">
        <ele>593.5999999999999</ele>
        <time>2025-05-09T06:21:20</time>
      </trkpt>
      <trkpt lat="46.39345712028444" lon="22.97376561909914">
        <ele>593.0</ele>
        <time>2025-05-09T06:21:24</time>
      </trkpt>
      <trkpt lat="46.393457036465406" lon="22.973765870556235">
        <ele>592.8</ele>
        <time>2025-05-09T06:21:25</time>
      </trkpt>
      <trkpt lat="46.39345963485539" lon="22.973789758980274">
        <ele>592.4000000000001</ele>
        <time>2025-05-09T06:21:33</time>
      </trkpt>
      <trkpt lat="46.393466759473085" lon="22.973780371248722">
        <ele>592.4000000000001</ele>
        <time>2025-05-09T06:21:45</time>
      </trkpt>
      <trkpt lat="46.39346743002534" lon="22.973786322399974">
        <ele>592.8</ele>
        <time>2025-05-09T06:21:59</time>
      </trkpt>
      <trkpt lat="46.3934556953609" lon="22.973795291036367">
        <ele>592.4000000000001</ele>
        <time>2025-05-09T06:22:13</time>
      </trkpt>
      <trkpt lat="46.393446726724505" lon="22.97380317002535">
        <ele>592.4000000000001</ele>
        <time>2025-05-09T06:22:23</time>
      </trkpt>
      <trkpt lat="46.39343658462167" lon="22.973814234137535">
        <ele>592.5999999999999</ele>
        <time>2025-05-09T06:22:35</time>
      </trkpt>
      <trkpt lat="46.39342887327075" lon="22.973824040964246">
        <ele>592.8</ele>
        <time>2025-05-09T06:22:46</time>
      </trkpt>
      <trkpt lat="46.3934520073235" lon="22.973846336826682">
        <ele>592.5999999999999</ele>
        <time>2025-05-09T06:22:57</time>
      </trkpt>
      <trkpt lat="46.39345326460898" lon="22.973852287977934">
        <ele>592.5999999999999</ele>
        <time>2025-05-09T06:23:06</time>
      </trkpt>
      <trkpt lat="46.39346005395055" lon="22.973852371796966">
        <ele>592.8</ele>
        <time>2025-05-09T06:23:21</time>
      </trkpt>
      <trkpt lat="46.393457036465406" lon="22.97385689802468">
        <ele>593.2</ele>
        <time>2025-05-09T06:23:32</time>
      </trkpt>
      <trkpt lat="46.3934572879225" lon="22.97385605983436">
        <ele>593.2</ele>
        <time>2025-05-09T06:23:49</time>
      </trkpt>
      <trkpt lat="46.39345921576023" lon="22.973857149481773">
        <ele>593.4000000000001</ele>
        <time>2025-05-09T06:23:59</time>
      </trkpt>
      <trkpt lat="46.393470698967576" lon="22.97384281642735">
        <ele>592.5999999999999</ele>
        <time>2025-05-09T06:24:14</time>
      </trkpt>
      <trkpt lat="46.39347522519529" lon="22.973847929388285">
        <ele>592.5999999999999</ele>
        <time>2025-05-09T06:24:29</time>
      </trkpt>
      <trkpt lat="46.39348804950714" lon="22.97384725883603">
        <ele>592.5999999999999</ele>
        <time>2025-05-09T06:24:42</time>
      </trkpt>
      <trkpt lat="46.393490228801966" lon="22.973861172795296">
        <ele>592.5999999999999</ele>
        <time>2025-05-09T06:24:53</time>
      </trkpt>
      <trkpt lat="46.39349978417158" lon="22.973875757306814">
        <ele>592.5999999999999</ele>
        <time>2025-05-09T06:25:06</time>
      </trkpt>
      <trkpt lat="46.39350992627442" lon="22.9738936945796">
        <ele>592.8</ele>
        <time>2025-05-09T06:25:16</time>
      </trkpt>
      <trkpt lat="46.39350699260831" lon="22.973893526941538">
        <ele>592.8</ele>
        <time>2025-05-09T06:25:28</time>
      </trkpt>
      <trkpt lat="46.393508249893785" lon="22.973892856389284">
        <ele>593.0</ele>
        <time>2025-05-09T06:25:31</time>
      </trkpt>
      <trkpt lat="46.39350766316056" lon="22.973890006542206">
        <ele>593.0</ele>
        <time>2025-05-09T06:25:39</time>
      </trkpt>
      <trkpt lat="46.39352224767208" lon="22.973912050947547">
        <ele>592.8</ele>
        <time>2025-05-09T06:25:51</time>
      </trkpt>
      <trkpt lat="46.39353230595589" lon="22.973917666822672">
        <ele>592.5999999999999</ele>
        <time>2025-05-09T06:26:03</time>
      </trkpt>
      <trkpt lat="46.393513698130846" lon="22.973900232464075">
        <ele>592.5999999999999</ele>
        <time>2025-05-09T06:26:13</time>
      </trkpt>
      <trkpt lat="46.39349986799061" lon="22.973885061219335">
        <ele>592.5999999999999</ele>
        <time>2025-05-09T06:26:22</time>
      </trkpt>
      <trkpt lat="46.393496096134186" lon="22.973870057612658">
        <ele>592.5999999999999</ele>
        <time>2025-05-09T06:26:31</time>
      </trkpt>
      <trkpt lat="46.39349869452417" lon="22.9738677944988">
        <ele>592.8</ele>
        <time>2025-05-09T06:26:46</time>
      </trkpt>
      <trkpt lat="46.393497101962566" lon="22.973866453394294">
        <ele>592.8</ele>
        <time>2025-05-09T06:27:01</time>
      </trkpt>
      <trkpt lat="46.39349743723869" lon="22.97386569902301">
        <ele>592.8</ele>
        <time>2025-05-09T06:27:16</time>
      </trkpt>
      <trkpt lat="46.393497018143535" lon="22.973864693194628">
        <ele>592.5999999999999</ele>
        <time>2025-05-09T06:27:51</time>
      </trkpt>
      <trkpt lat="46.39349685050547" lon="22.973863519728184">
        <ele>592.5999999999999</ele>
        <time>2025-05-09T06:28:24</time>
      </trkpt>
      <trkpt lat="46.39349576085806" lon="22.97386184334755">
        <ele>592.5999999999999</ele>
        <time>2025-05-09T06:28:56</time>
      </trkpt>
      <trkpt lat="46.39349584467709" lon="22.97385949641466">
        <ele>592.4000000000001</ele>
        <time>2025-05-09T06:29:16</time>
      </trkpt>
      <trkpt lat="46.39349668286741" lon="22.973858155310154">
        <ele>592.4000000000001</ele>
        <time>2025-05-09T06:29:43</time>
      </trkpt>
      <trkpt lat="46.39349676668644" lon="22.973857568576932">
        <ele>592.5999999999999</ele>
        <time>2025-05-09T06:30:10</time>
      </trkpt>
      <trkpt lat="46.39349726960063" lon="22.97385740093887">
        <ele>592.5999999999999</ele>
        <time>2025-05-09T06:30:14</time>
      </trkpt>
      <trkpt lat="46.39349768869579" lon="22.97385798767209">
        <ele>592.8</ele>
        <time>2025-05-09T06:30:38</time>
      </trkpt>
      <trkpt lat="46.393498526886106" lon="22.97385446727276">
        <ele>592.5999999999999</ele>
        <time>2025-05-09T06:31:03</time>
      </trkpt>
      <trkpt lat="46.39350011944771" lon="22.973853964358568">
        <ele>592.4000000000001</ele>
        <time>2025-05-09T06:31:22</time>
      </trkpt>
      <trkpt lat="46.39350120909512" lon="22.97385354526341">
        <ele>592.5999999999999</ele>
        <time>2025-05-09T06:31:40</time>
      </trkpt>
      <trkpt lat="46.39350372366607" lon="22.97385354526341">
        <ele>593.0</ele>
        <time>2025-05-09T06:32:00</time>
      </trkpt>
      <trkpt lat="46.393504310399294" lon="22.973853796720505">
        <ele>592.5999999999999</ele>
        <time>2025-05-09T06:32:23</time>
      </trkpt>
      <trkpt lat="46.39350556768477" lon="22.97385413199663">
        <ele>592.4000000000001</ele>
        <time>2025-05-09T06:32:39</time>
      </trkpt>
      <trkpt lat="46.393501879647374" lon="22.97385890968144">
        <ele>592.4000000000001</ele>
        <time>2025-05-09T06:32:50</time>
      </trkpt>
      <trkpt lat="46.39349048025906" lon="22.973860083147883">
        <ele>592.4000000000001</ele>
        <time>2025-05-09T06:33:11</time>
      </trkpt>
      <trkpt lat="46.39349341392517" lon="22.973826806992292">
        <ele>592.2</ele>
        <time>2025-05-09T06:33:38</time>
      </trkpt>
      <trkpt lat="46.393500035628676" lon="22.973829237744212">
        <ele>592.2</ele>
        <time>2025-05-09T06:33:48</time>
      </trkpt>
      <trkpt lat="46.39350271783769" lon="22.973815072327852">
        <ele>592.0</ele>
        <time>2025-05-09T06:34:11</time>
      </trkpt>
      <trkpt lat="46.39349182136357" lon="22.973809875547886">
        <ele>592.0</ele>
        <time>2025-05-09T06:34:23</time>
      </trkpt>
      <trkpt lat="46.393481343984604" lon="22.973797470331192">
        <ele>592.2</ele>
        <time>2025-05-09T06:34:34</time>
      </trkpt>
      <trkpt lat="46.39349928125739" lon="22.973804008215666">
        <ele>591.8</ele>
        <time>2025-05-09T06:34:47</time>
      </trkpt>
      <trkpt lat="46.39350716024637" lon="22.973803421482444">
        <ele>592.0</ele>
        <time>2025-05-09T06:34:59</time>
      </trkpt>
      <trkpt lat="46.393509255722165" lon="22.973804092034698">
        <ele>592.4000000000001</ele>
        <time>2025-05-09T06:35:07</time>
      </trkpt>
      <trkpt lat="46.39351051300764" lon="22.973804594948888">
        <ele>592.4000000000001</ele>
        <time>2025-05-09T06:35:15</time>
      </trkpt>
      <trkpt lat="46.39351235702634" lon="22.973805433139205">
        <ele>592.2</ele>
        <time>2025-05-09T06:35:35</time>
      </trkpt>
      <trkpt lat="46.39351235702634" lon="22.97380560077727">
        <ele>592.0</ele>
        <time>2025-05-09T06:36:05</time>
      </trkpt>
      <trkpt lat="46.39351721853018" lon="22.973805852234364">
        <ele>591.5999999999999</ele>
        <time>2025-05-09T06:36:22</time>
      </trkpt>
      <trkpt lat="46.39350892044604" lon="22.97380761243403">
        <ele>591.5999999999999</ele>
        <time>2025-05-09T06:36:33</time>
      </trkpt>
      <trkpt lat="46.393505819141865" lon="22.97381641343236">
        <ele>591.8</ele>
        <time>2025-05-09T06:36:47</time>
      </trkpt>
      <trkpt lat="46.39348654076457" lon="22.97382764518261">
        <ele>591.8</ele>
        <time>2025-05-09T06:37:07</time>
      </trkpt>
      <trkpt lat="46.39347681775689" lon="22.973821023479104">
        <ele>591.8</ele>
        <time>2025-05-09T06:37:32</time>
      </trkpt>
      <trkpt lat="46.39348737895489" lon="22.973783053457737">
        <ele>591.4000000000001</ele>
        <time>2025-05-09T06:38:08</time>
      </trkpt>
      <trkpt lat="46.39349685050547" lon="22.973780035972595">
        <ele>591.8</ele>
        <time>2025-05-09T06:38:27</time>
      </trkpt>
      <trkpt lat="46.393501376733184" lon="22.973800990730524">
        <ele>591.8</ele>
        <time>2025-05-09T06:38:45</time>
      </trkpt>
      <trkpt lat="46.3934919051826" lon="22.973810210824013">
        <ele>591.2</ele>
        <time>2025-05-09T06:39:15</time>
      </trkpt>
      <trkpt lat="46.393493581563234" lon="22.973781041800976">
        <ele>591.4000000000001</ele>
        <time>2025-05-09T06:39:49</time>
      </trkpt>
      <trkpt lat="46.393471620976925" lon="22.973756985738873">
        <ele>591.2</ele>
        <time>2025-05-09T06:40:21</time>
      </trkpt>
      <trkpt lat="46.3934815954417" lon="22.97374810092151">
        <ele>591.4000000000001</ele>
        <time>2025-05-09T06:40:41</time>
      </trkpt>
      <trkpt lat="46.39348494820297" lon="22.973747849464417">
        <ele>591.0</ele>
        <time>2025-05-09T06:41:11</time>
      </trkpt>
      <trkpt lat="46.39349299483001" lon="22.973746843636036">
        <ele>591.4000000000001</ele>
        <time>2025-05-09T06:41:24</time>
      </trkpt>
      <trkpt lat="46.393506322056055" lon="22.973751537501812">
        <ele>591.4000000000001</ele>
        <time>2025-05-09T06:41:36</time>
      </trkpt>
      <trkpt lat="46.39351403340697" lon="22.973757069557905">
        <ele>591.4000000000001</ele>
        <time>2025-05-09T06:41:51</time>
      </trkpt>
      <trkpt lat="46.39351822435856" lon="22.973757991567254">
        <ele>591.2</ele>
        <time>2025-05-09T06:42:02</time>
      </trkpt>
      <trkpt lat="46.393519984558225" lon="22.973759165033698">
        <ele>591.0</ele>
        <time>2025-05-09T06:42:16</time>
      </trkpt>
      <trkpt lat="46.39353046193719" lon="22.973760506138206">
        <ele>590.8</ele>
        <time>2025-05-09T06:42:37</time>
      </trkpt>
      <trkpt lat="46.3935230858624" lon="22.973759416490793">
        <ele>591.4000000000001</ele>
        <time>2025-05-09T06:42:58</time>
      </trkpt>
      <trkpt lat="46.393523002043366" lon="22.973759416490793">
        <ele>591.2</ele>
        <time>2025-05-09T06:43:11</time>
      </trkpt>
      <trkpt lat="46.393521912395954" lon="22.973759500309825">
        <ele>590.8</ele>
        <time>2025-05-09T06:43:50</time>
      </trkpt>
      <trkpt lat="46.39352065511048" lon="22.97376017086208">
        <ele>590.5999999999999</ele>
        <time>2025-05-09T06:44:27</time>
      </trkpt>
      <trkpt lat="46.39351864345372" lon="22.973760506138206">
        <ele>590.5999999999999</ele>
        <time>2025-05-09T06:45:15</time>
      </trkpt>
      <trkpt lat="46.39351570978761" lon="22.97376126050949">
        <ele>590.5999999999999</ele>
        <time>2025-05-09T06:46:25</time>
      </trkpt>
      <trkpt lat="46.393513614311814" lon="22.973760841414332">
        <ele>590.5999999999999</ele>
        <time>2025-05-09T06:47:28</time>
      </trkpt>
      <trkpt lat="46.393512692302465" lon="22.973761428147554">
        <ele>590.5999999999999</ele>
        <time>2025-05-09T06:47:54</time>
      </trkpt>
      <trkpt lat="46.393511686474085" lon="22.973761931061745">
        <ele>590.5999999999999</ele>
        <time>2025-05-09T06:48:27</time>
      </trkpt>
      <trkpt lat="46.393509674817324" lon="22.97376176342368">
        <ele>591.0</ele>
        <time>2025-05-09T06:49:39</time>
      </trkpt>
      <trkpt lat="46.393507830798626" lon="22.973760589957237">
        <ele>590.8</ele>
        <time>2025-05-09T06:50:57</time>
      </trkpt>
      <trkpt lat="46.39350615441799" lon="22.973759919404984">
        <ele>590.0</ele>
        <time>2025-05-09T06:51:55</time>
      </trkpt>
      <trkpt lat="46.393503807485104" lon="22.97375681810081">
        <ele>589.5999999999999</ele>
        <time>2025-05-09T06:53:02</time>
      </trkpt>
      <trkpt lat="46.39350263401866" lon="22.973756063729525">
        <ele>589.2</ele>
        <time>2025-05-09T06:53:37</time>
      </trkpt>
      <trkpt lat="46.393502382561564" lon="22.973755644634366">
        <ele>589.8</ele>
        <time>2025-05-09T06:54:24</time>
      </trkpt>
      <trkpt lat="46.393501879647374" lon="22.97375589609146">
        <ele>590.2</ele>
        <time>2025-05-09T06:55:34</time>
      </trkpt>
      <trkpt lat="46.39350162819028" lon="22.97375589609146">
        <ele>590.2</ele>
        <time>2025-05-09T06:55:40</time>
      </trkpt>
      <trkpt lat="46.393501376733184" lon="22.973755728453398">
        <ele>590.4000000000001</ele>
        <time>2025-05-09T06:56:41</time>
      </trkpt>
      <trkpt lat="46.39350053854287" lon="22.97375539317727">
        <ele>590.8</ele>
        <time>2025-05-09T06:57:55</time>
      </trkpt>
      <trkpt lat="46.39349911361933" lon="22.973754219710827">
        <ele>590.4000000000001</ele>
        <time>2025-05-09T06:58:41</time>
      </trkpt>
      <trkpt lat="46.39349735341966" lon="22.97375396825373">
        <ele>590.5999999999999</ele>
        <time>2025-05-09T06:59:13</time>
      </trkpt>
      <trkpt lat="46.39349567703903" lon="22.973753632977605">
        <ele>590.5999999999999</ele>
        <time>2025-05-09T06:59:25</time>
      </trkpt>
      <trkpt lat="46.393495593219995" lon="22.973753632977605">
        <ele>590.5999999999999</ele>
        <time>2025-05-09T06:59:33</time>
      </trkpt>
      <trkpt lat="46.393493078649044" lon="22.973753130063415">
        <ele>590.5999999999999</ele>
        <time>2025-05-09T06:59:54</time>
      </trkpt>
      <trkpt lat="46.393490144982934" lon="22.973752124235034">
        <ele>590.5999999999999</ele>
        <time>2025-05-09T07:00:25</time>
      </trkpt>
      <trkpt lat="46.393490228801966" lon="22.973753046244383">
        <ele>590.4000000000001</ele>
        <time>2025-05-09T07:00:46</time>
      </trkpt>
      <trkpt lat="46.393489725887775" lon="22.973753716796637">
        <ele>590.5999999999999</ele>
        <time>2025-05-09T07:01:25</time>
      </trkpt>
      <trkpt lat="46.39348804950714" lon="22.97375346533954">
        <ele>590.0</ele>
        <time>2025-05-09T07:02:14</time>
      </trkpt>
      <trkpt lat="46.39348754659295" lon="22.973754638805985">
        <ele>590.4000000000001</ele>
        <time>2025-05-09T07:02:47</time>
      </trkpt>
      <trkpt lat="46.39348763041198" lon="22.973753716796637">
        <ele>590.8</ele>
        <time>2025-05-09T07:03:14</time>
      </trkpt>
      <trkpt lat="46.393486289307475" lon="22.973752710968256">
        <ele>590.5999999999999</ele>
        <time>2025-05-09T07:03:46</time>
      </trkpt>
      <trkpt lat="46.393485786393285" lon="22.973752627149224">
        <ele>590.5999999999999</ele>
        <time>2025-05-09T07:03:50</time>
      </trkpt>
      <trkpt lat="46.39348461292684" lon="22.973752794787288">
        <ele>590.8</ele>
        <time>2025-05-09T07:04:51</time>
      </trkpt>
      <trkpt lat="46.39348469674587" lon="22.973752291873097">
        <ele>590.0</ele>
        <time>2025-05-09T07:06:01</time>
      </trkpt>
      <trkpt lat="46.39348461292684" lon="22.973752291873097">
        <ele>590.0</ele>
        <time>2025-05-09T07:06:02</time>
      </trkpt>
      <trkpt lat="46.39348411001265" lon="22.973751202225685">
        <ele>590.0</ele>
        <time>2025-05-09T07:07:15</time>
      </trkpt>
      <trkpt lat="46.393483774736524" lon="22.973750196397305">
        <ele>590.0</ele>
        <time>2025-05-09T07:08:02</time>
      </trkpt>
      <trkpt lat="46.39348369091749" lon="22.973750364035368">
        <ele>589.5999999999999</ele>
        <time>2025-05-09T07:08:11</time>
      </trkpt>
      <trkpt lat="46.39348276890814" lon="22.973750364035368">
        <ele>590.0</ele>
        <time>2025-05-09T07:08:26</time>
      </trkpt>
      <trkpt lat="46.393481427803636" lon="22.973748855292797">
        <ele>589.8</ele>
        <time>2025-05-09T07:08:49</time>
      </trkpt>
      <trkpt lat="46.39348008669913" lon="22.973746759817004">
        <ele>590.0</ele>
        <time>2025-05-09T07:09:13</time>
      </trkpt>
      <trkpt lat="46.39348017051816" lon="22.97374508343637">
        <ele>589.8</ele>
        <time>2025-05-09T07:09:49</time>
      </trkpt>
      <trkpt lat="46.393480421975255" lon="22.97374466434121">
        <ele>589.5999999999999</ele>
        <time>2025-05-09T07:10:26</time>
      </trkpt>
      <trkpt lat="46.39348126016557" lon="22.973744831979275">
        <ele>589.5999999999999</ele>
        <time>2025-05-09T07:11:04</time>
      </trkpt>
      <trkpt lat="46.393479499965906" lon="22.973743239417672">
        <ele>590.2</ele>
        <time>2025-05-09T07:11:22</time>
      </trkpt>
      <trkpt lat="46.39348117634654" lon="22.973740473389626">
        <ele>590.2</ele>
        <time>2025-05-09T07:11:57</time>
      </trkpt>
      <trkpt lat="46.39348058961332" lon="22.973740389570594">
        <ele>589.8</ele>
        <time>2025-05-09T07:12:31</time>
      </trkpt>
      <trkpt lat="46.39348075725138" lon="22.973740557208657">
        <ele>590.0</ele>
        <time>2025-05-09T07:12:49</time>
      </trkpt>
      <trkpt lat="46.39348008669913" lon="22.973740305751562">
        <ele>590.0</ele>
        <time>2025-05-09T07:13:05</time>
      </trkpt>
      <trkpt lat="46.393479751423" lon="22.973740389570594">
        <ele>590.0</ele>
        <time>2025-05-09T07:13:24</time>
      </trkpt>
      <trkpt lat="46.393479751423" lon="22.973736869171262">
        <ele>589.8</ele>
        <time>2025-05-09T07:13:46</time>
      </trkpt>
      <trkpt lat="46.39348017051816" lon="22.973737120628357">
        <ele>589.5999999999999</ele>
        <time>2025-05-09T07:14:28</time>
      </trkpt>
      <trkpt lat="46.39347882941365" lon="22.97373821027577">
        <ele>589.4000000000001</ele>
        <time>2025-05-09T07:14:55</time>
      </trkpt>
      <trkpt lat="46.393480924889445" lon="22.97374022193253">
        <ele>589.5999999999999</ele>
        <time>2025-05-09T07:15:08</time>
      </trkpt>
      <trkpt lat="46.393484780564904" lon="22.973739132285118">
        <ele>589.4000000000001</ele>
        <time>2025-05-09T07:15:24</time>
      </trkpt>
      <trkpt lat="46.39348570257425" lon="22.97373871318996">
        <ele>589.2</ele>
        <time>2025-05-09T07:15:49</time>
      </trkpt>
      <trkpt lat="46.393485786393285" lon="22.97373871318996">
        <ele>589.4000000000001</ele>
        <time>2025-05-09T07:16:16</time>
      </trkpt>
      <trkpt lat="46.39348519966006" lon="22.973738880828023">
        <ele>589.2</ele>
        <time>2025-05-09T07:16:40</time>
      </trkpt>
      <trkpt lat="46.39348461292684" lon="22.9737382940948">
        <ele>589.0</ele>
        <time>2025-05-09T07:17:02</time>
      </trkpt>
      <trkpt lat="46.39348461292684" lon="22.9737382940948">
        <ele>589.0</ele>
        <time>2025-05-09T07:17:05</time>
      </trkpt>
      <trkpt lat="46.39348452910781" lon="22.97373821027577">
        <ele>589.5999999999999</ele>
        <time>2025-05-09T07:17:33</time>
      </trkpt>
      <trkpt lat="46.393484780564904" lon="22.973738461732864">
        <ele>589.4000000000001</ele>
        <time>2025-05-09T07:17:54</time>
      </trkpt>
      <trkpt lat="46.39348545111716" lon="22.973739970475435">
        <ele>589.0</ele>
        <time>2025-05-09T07:18:32</time>
      </trkpt>
      <trkpt lat="46.39348545111716" lon="22.973740389570594">
        <ele>588.5999999999999</ele>
        <time>2025-05-09T07:19:12</time>
      </trkpt>
      <trkpt lat="46.39348612166941" lon="22.973740976303816">
        <ele>589.0</ele>
        <time>2025-05-09T07:19:53</time>
      </trkpt>
      <trkpt lat="46.39348369091749" lon="22.97373971901834">
        <ele>589.2</ele>
        <time>2025-05-09T07:20:14</time>
      </trkpt>
      <trkpt lat="46.39348469674587" lon="22.973738880828023">
        <ele>589.4000000000001</ele>
        <time>2025-05-09T07:20:49</time>
      </trkpt>
      <trkpt lat="46.393485032022" lon="22.973737874999642">
        <ele>589.2</ele>
        <time>2025-05-09T07:20:57</time>
      </trkpt>
      <trkpt lat="46.39348888769746" lon="22.973731672391295">
        <ele>589.5999999999999</ele>
        <time>2025-05-09T07:21:13</time>
      </trkpt>
      <trkpt lat="46.39348913915455" lon="22.973731672391295">
        <ele>589.8</ele>
        <time>2025-05-09T07:21:21</time>
      </trkpt>
      <trkpt lat="46.39348469674587" lon="22.97372748143971">
        <ele>590.0</ele>
        <time>2025-05-09T07:21:29</time>
      </trkpt>
      <trkpt lat="46.393470615148544" lon="22.973722284659743">
        <ele>590.0</ele>
        <time>2025-05-09T07:21:47</time>
      </trkpt>
      <trkpt lat="46.39347371645272" lon="22.973717926070094">
        <ele>589.5999999999999</ele>
        <time>2025-05-09T07:22:01</time>
      </trkpt>
      <trkpt lat="46.39346885494888" lon="22.973719518631697">
        <ele>589.5999999999999</ele>
        <time>2025-05-09T07:22:19</time>
      </trkpt>
      <trkpt lat="46.393464831635356" lon="22.97371725551784">
        <ele>589.2</ele>
        <time>2025-05-09T07:22:47</time>
      </trkpt>
      <trkpt lat="46.393468268215656" lon="22.97372412867844">
        <ele>589.0</ele>
        <time>2025-05-09T07:23:07</time>
      </trkpt>
      <trkpt lat="46.393470615148544" lon="22.97372463159263">
        <ele>589.2</ele>
        <time>2025-05-09T07:23:19</time>
      </trkpt>
      <trkpt lat="46.3934712857008" lon="22.973726307973266">
        <ele>589.4000000000001</ele>
        <time>2025-05-09T07:23:34</time>
      </trkpt>
      <trkpt lat="46.3934728782624" lon="22.97372949309647">
        <ele>589.0</ele>
        <time>2025-05-09T07:23:55</time>
      </trkpt>
      <trkpt lat="46.39345720410347" lon="22.973741563037038">
        <ele>589.4000000000001</ele>
        <time>2025-05-09T07:24:13</time>
      </trkpt>
      <trkpt lat="46.393447145819664" lon="22.97374416142702">
        <ele>589.4000000000001</ele>
        <time>2025-05-09T07:24:14</time>
      </trkpt>
      <trkpt lat="46.39339509420097" lon="22.973785400390625">
        <ele>589.4000000000001</ele>
        <time>2025-05-09T07:24:20</time>
      </trkpt>
      <trkpt lat="46.393362153321505" lon="22.973945159465075">
        <ele>589.4000000000001</ele>
        <time>2025-05-09T07:24:24</time>
      </trkpt>
      <trkpt lat="46.393313286826015" lon="22.97425562515855">
        <ele>589.4000000000001</ele>
        <time>2025-05-09T07:24:29</time>
      </trkpt>
      <trkpt lat="46.393216140568256" lon="22.97473314218223">
        <ele>589.0</ele>
        <time>2025-05-09T07:24:35</time>
      </trkpt>
      <trkpt lat="46.393191162496805" lon="22.97481461428106">
        <ele>589.0</ele>
        <time>2025-05-09T07:24:36</time>
      </trkpt>
      <trkpt lat="46.393126705661416" lon="22.974972194060683">
        <ele>588.5999999999999</ele>
        <time>2025-05-09T07:24:38</time>
      </trkpt>
      <trkpt lat="46.393054369837046" lon="22.975129690021276">
        <ele>588.4000000000001</ele>
        <time>2025-05-09T07:24:40</time>
      </trkpt>
      <trkpt lat="46.39279545284808" lon="22.975646518170834">
        <ele>588.0</ele>
        <time>2025-05-09T07:24:47</time>
      </trkpt>
      <trkpt lat="46.39250485226512" lon="22.976100565865636">
        <ele>588.0</ele>
        <time>2025-05-09T07:24:54</time>
      </trkpt>
      <trkpt lat="46.39219614677131" lon="22.976362835615873">
        <ele>588.0</ele>
        <time>2025-05-09T07:25:00</time>
      </trkpt>
      <trkpt lat="46.39178275130689" lon="22.976692747324705">
        <ele>587.8</ele>
        <time>2025-05-09T07:25:08</time>
      </trkpt>
      <trkpt lat="46.39172843657434" lon="22.97671303153038">
        <ele>587.8</ele>
        <time>2025-05-09T07:25:09</time>
      </trkpt>
      <trkpt lat="46.39154805801809" lon="22.97672082670033">
        <ele>587.8</ele>
        <time>2025-05-09T07:25:12</time>
      </trkpt>
      <trkpt lat="46.391296684741974" lon="22.976697608828545">
        <ele>588.0</ele>
        <time>2025-05-09T07:25:16</time>
      </trkpt>
      <trkpt lat="46.391233317554" lon="22.97670565545559">
        <ele>588.0</ele>
        <time>2025-05-09T07:25:17</time>
      </trkpt>
      <trkpt lat="46.390987476333976" lon="22.97683758661151">
        <ele>588.2</ele>
        <time>2025-05-09T07:25:21</time>
      </trkpt>
      <trkpt lat="46.39092955738306" lon="22.976882932707667">
        <ele>588.2</ele>
        <time>2025-05-09T07:25:22</time>
      </trkpt>
      <trkpt lat="46.39065437950194" lon="22.9771333001554">
        <ele>588.0</ele>
        <time>2025-05-09T07:25:27</time>
      </trkpt>
      <trkpt lat="46.390208126977086" lon="22.97750067897141">
        <ele>587.8</ele>
        <time>2025-05-09T07:25:34</time>
      </trkpt>
      <trkpt lat="46.39008013531566" lon="22.97760427929461">
        <ele>587.5999999999999</ele>
        <time>2025-05-09T07:25:36</time>
      </trkpt>
      <trkpt lat="46.389754079282284" lon="22.977900663390756">
        <ele>586.8</ele>
        <time>2025-05-09T07:25:41</time>
      </trkpt>
      <trkpt lat="46.3896547537297" lon="22.978048101067543">
        <ele>586.8</ele>
        <time>2025-05-09T07:25:43</time>
      </trkpt>
      <trkpt lat="46.389574371278286" lon="22.97820718958974">
        <ele>586.8</ele>
        <time>2025-05-09T07:25:45</time>
      </trkpt>
      <trkpt lat="46.389254769310355" lon="22.9788567032665">
        <ele>586.8</ele>
        <time>2025-05-09T07:25:53</time>
      </trkpt>
      <trkpt lat="46.38917975127697" lon="22.97901243902743">
        <ele>586.8</ele>
        <time>2025-05-09T07:25:55</time>
      </trkpt>
      <trkpt lat="46.388924941420555" lon="22.979670418426394">
        <ele>586.5999999999999</ele>
        <time>2025-05-09T07:26:03</time>
      </trkpt>
      <trkpt lat="46.38888169080019" lon="22.97993553802371">
        <ele>586.5999999999999</ele>
        <time>2025-05-09T07:26:06</time>
      </trkpt>
      <trkpt lat="46.38887875713408" lon="22.980113569647074">
        <ele>586.5999999999999</ele>
        <time>2025-05-09T07:26:08</time>
      </trkpt>
      <trkpt lat="46.38889485038817" lon="22.98028095625341">
        <ele>586.5999999999999</ele>
        <time>2025-05-09T07:26:10</time>
      </trkpt>
      <trkpt lat="46.38894019648433" lon="22.980508776381612">
        <ele>587.0</ele>
        <time>2025-05-09T07:26:13</time>
      </trkpt>
      <trkpt lat="46.38909911736846" lon="22.981040691956878">
        <ele>588.0</ele>
        <time>2025-05-09T07:26:21</time>
      </trkpt>
      <trkpt lat="46.38916944153607" lon="22.981221992522478">
        <ele>588.8</ele>
        <time>2025-05-09T07:26:24</time>
      </trkpt>
      <trkpt lat="46.38930355198681" lon="22.98151192255318">
        <ele>589.5999999999999</ele>
        <time>2025-05-09T07:26:29</time>
      </trkpt>
      <trkpt lat="46.38932769186795" lon="22.98157093115151">
        <ele>589.8</ele>
        <time>2025-05-09T07:26:30</time>
      </trkpt>
      <trkpt lat="46.38943246565759" lon="22.98189841210842">
        <ele>590.2</ele>
        <time>2025-05-09T07:26:35</time>
      </trkpt>
      <trkpt lat="46.389444284141064" lon="22.981969909742475">
        <ele>590.2</ele>
        <time>2025-05-09T07:26:36</time>
      </trkpt>
      <trkpt lat="46.38948644511402" lon="22.98247341066599">
        <ele>590.0</ele>
        <time>2025-05-09T07:26:42</time>
      </trkpt>
      <trkpt lat="46.389497173950076" lon="22.98299040645361">
        <ele>589.8</ele>
        <time>2025-05-09T07:26:47</time>
      </trkpt>
      <trkpt lat="46.38946414925158" lon="22.983449986204505">
        <ele>588.8</ele>
        <time>2025-05-09T07:26:51</time>
      </trkpt>
      <trkpt lat="46.38944210484624" lon="22.983678141608834">
        <ele>588.4000000000001</ele>
        <time>2025-05-09T07:26:53</time>
      </trkpt>
      <trkpt lat="46.389429196715355" lon="22.98403068445623">
        <ele>587.5999999999999</ele>
        <time>2025-05-09T07:26:56</time>
      </trkpt>
      <trkpt lat="46.389429699629545" lon="22.984497053548694">
        <ele>586.4000000000001</ele>
        <time>2025-05-09T07:27:00</time>
      </trkpt>
      <trkpt lat="46.38942458666861" lon="22.98531043343246">
        <ele>585.0</ele>
        <time>2025-05-09T07:27:07</time>
      </trkpt>
      <trkpt lat="46.38940731994808" lon="22.98562509007752">
        <ele>584.5999999999999</ele>
        <time>2025-05-09T07:27:10</time>
      </trkpt>
      <trkpt lat="46.389308497309685" lon="22.98596179112792">
        <ele>584.2</ele>
        <time>2025-05-09T07:27:14</time>
      </trkpt>
      <trkpt lat="46.389193246141076" lon="22.986159520223737">
        <ele>584.0</ele>
        <time>2025-05-09T07:27:17</time>
      </trkpt>
      <trkpt lat="46.38910104520619" lon="22.98627259209752">
        <ele>583.5999999999999</ele>
        <time>2025-05-09T07:27:19</time>
      </trkpt>
      <trkpt lat="46.388754369691014" lon="22.98676025122404">
        <ele>583.4000000000001</ele>
        <time>2025-05-09T07:27:27</time>
      </trkpt>
      <trkpt lat="46.38860031031072" lon="22.987238690257072">
        <ele>583.4000000000001</ele>
        <time>2025-05-09T07:27:33</time>
      </trkpt>
      <trkpt lat="46.38854708522558" lon="22.98773406073451">
        <ele>584.4000000000001</ele>
        <time>2025-05-09T07:27:39</time>
      </trkpt>
      <trkpt lat="46.3885703869164" lon="22.988128764554858">
        <ele>585.0</ele>
        <time>2025-05-09T07:27:44</time>
      </trkpt>
      <trkpt lat="46.38859184458852" lon="22.988271759822965">
        <ele>585.4000000000001</ele>
        <time>2025-05-09T07:27:46</time>
      </trkpt>
      <trkpt lat="46.38861724175513" lon="22.98847326077521">
        <ele>586.4000000000001</ele>
        <time>2025-05-09T07:27:49</time>
      </trkpt>
      <trkpt lat="46.388653786852956" lon="22.988718515262008">
        <ele>587.0</ele>
        <time>2025-05-09T07:27:53</time>
      </trkpt>
      <trkpt lat="46.38874238356948" lon="22.98922134563327">
        <ele>587.4000000000001</ele>
        <time>2025-05-09T07:28:01</time>
      </trkpt>
      <trkpt lat="46.388749005272985" lon="22.9892819467932">
        <ele>587.4000000000001</ele>
        <time>2025-05-09T07:28:02</time>
      </trkpt>
      <trkpt lat="46.38877859339118" lon="22.98948529176414">
        <ele>587.4000000000001</ele>
        <time>2025-05-09T07:28:05</time>
      </trkpt>
      <trkpt lat="46.3888188265264" lon="22.98962702974677">
        <ele>587.4000000000001</ele>
        <time>2025-05-09T07:28:07</time>
      </trkpt>
      <trkpt lat="46.38884556479752" lon="22.989695006981492">
        <ele>587.4000000000001</ele>
        <time>2025-05-09T07:28:08</time>
      </trkpt>
      <trkpt lat="46.388988392427564" lon="22.989921905100346">
        <ele>587.4000000000001</ele>
        <time>2025-05-09T07:28:12</time>
      </trkpt>
      <trkpt lat="46.3891695253551" lon="22.99006037414074">
        <ele>587.2</ele>
        <time>2025-05-09T07:28:16</time>
      </trkpt>
      <trkpt lat="46.38921638019383" lon="22.990086106583476">
        <ele>587.2</ele>
        <time>2025-05-09T07:28:17</time>
      </trkpt>
      <trkpt lat="46.38951779343188" lon="22.990189706906676">
        <ele>587.2</ele>
        <time>2025-05-09T07:28:23</time>
      </trkpt>
      <trkpt lat="46.38982088305056" lon="22.990295570343733">
        <ele>587.5999999999999</ele>
        <time>2025-05-09T07:28:30</time>
      </trkpt>
      <trkpt lat="46.38991174288094" lon="22.99032968468964">
        <ele>588.0</ele>
        <time>2025-05-09T07:28:32</time>
      </trkpt>
      <trkpt lat="46.39010419137776" lon="22.990432614460588">
        <ele>588.5999999999999</ele>
        <time>2025-05-09T07:28:36</time>
      </trkpt>
      <trkpt lat="46.39015498571098" lon="22.99046002328396">
        <ele>588.8</ele>
        <time>2025-05-09T07:28:37</time>
      </trkpt>
      <trkpt lat="46.390608698129654" lon="22.99067074432969">
        <ele>589.2</ele>
        <time>2025-05-09T07:28:45</time>
      </trkpt>
      <trkpt lat="46.39085914939642" lon="22.990744672715664">
        <ele>589.2</ele>
        <time>2025-05-09T07:28:49</time>
      </trkpt>
      <trkpt lat="46.39110968448222" lon="22.990809297189116">
        <ele>589.0</ele>
        <time>2025-05-09T07:28:53</time>
      </trkpt>
      <trkpt lat="46.39141051098704" lon="22.990896301344037">
        <ele>589.2</ele>
        <time>2025-05-09T07:28:59</time>
      </trkpt>
      <trkpt lat="46.391585022211075" lon="22.990942066535354">
        <ele>590.2</ele>
        <time>2025-05-09T07:29:03</time>
      </trkpt>
      <trkpt lat="46.39170739799738" lon="22.990972492843866">
        <ele>591.4000000000001</ele>
        <time>2025-05-09T07:29:06</time>
      </trkpt>
      <trkpt lat="46.39174955897033" lon="22.990979868918657">
        <ele>591.4000000000001</ele>
        <time>2025-05-09T07:29:07</time>
      </trkpt>
      <trkpt lat="46.39191132970154" lon="22.9910069424659">
        <ele>592.5999999999999</ele>
        <time>2025-05-09T07:29:11</time>
      </trkpt>
      <trkpt lat="46.39210436493158" lon="22.991042733192444">
        <ele>593.4000000000001</ele>
        <time>2025-05-09T07:29:16</time>
      </trkpt>
      <trkpt lat="46.392144933342934" lon="22.991052456200123">
        <ele>593.5999999999999</ele>
        <time>2025-05-09T07:29:17</time>
      </trkpt>
      <trkpt lat="46.39238423667848" lon="22.991146417334676">
        <ele>594.5999999999999</ele>
        <time>2025-05-09T07:29:23</time>
      </trkpt>
      <trkpt lat="46.39242421835661" lon="22.991173155605793">
        <ele>594.8</ele>
        <time>2025-05-09T07:29:24</time>
      </trkpt>
      <trkpt lat="46.39257232658565" lon="22.9913230240345">
        <ele>595.0</ele>
        <time>2025-05-09T07:29:28</time>
      </trkpt>
      <trkpt lat="46.392639968544245" lon="22.99141732044518">
        <ele>595.0</ele>
        <time>2025-05-09T07:29:30</time>
      </trkpt>
      <trkpt lat="46.39286460354924" lon="22.991774892434478">
        <ele>595.5999999999999</ele>
        <time>2025-05-09T07:29:38</time>
      </trkpt>
      <trkpt lat="46.393014723435044" lon="22.992054345086217">
        <ele>596.0</ele>
        <time>2025-05-09T07:29:45</time>
      </trkpt>
      <trkpt lat="46.39306241646409" lon="22.992286691442132">
        <ele>597.0</ele>
        <time>2025-05-09T07:29:51</time>
      </trkpt>
      <trkpt lat="46.393062667921185" lon="22.992428177967668">
        <ele>598.0</ele>
        <time>2025-05-09T07:29:55</time>
      </trkpt>
      <trkpt lat="46.39303836040199" lon="22.992596151307225">
        <ele>599.0</ele>
        <time>2025-05-09T07:30:00</time>
      </trkpt>
      <trkpt lat="46.393031822517514" lon="22.992629008367658">
        <ele>599.2</ele>
        <time>2025-05-09T07:30:01</time>
      </trkpt>
      <trkpt lat="46.39298178255558" lon="22.992929248139262">
        <ele>600.4000000000001</ele>
        <time>2025-05-09T07:30:10</time>
      </trkpt>
      <trkpt lat="46.392974657937884" lon="22.99311432056129">
        <ele>601.4000000000001</ele>
        <time>2025-05-09T07:30:16</time>
      </trkpt>
      <trkpt lat="46.39298228546977" lon="22.993192188441753">
        <ele>602.0</ele>
        <time>2025-05-09T07:30:19</time>
      </trkpt>
      <trkpt lat="46.39299192465842" lon="22.993266200646758">
        <ele>602.5999999999999</ele>
        <time>2025-05-09T07:30:22</time>
      </trkpt>
      <trkpt lat="46.393013298511505" lon="22.993410201743245">
        <ele>603.0</ele>
        <time>2025-05-09T07:30:27</time>
      </trkpt>
      <trkpt lat="46.3930325768888" lon="22.993550430983305">
        <ele>603.8</ele>
        <time>2025-05-09T07:30:32</time>
      </trkpt>
      <trkpt lat="46.393035762012005" lon="22.99358043819666">
        <ele>604.0</ele>
        <time>2025-05-09T07:30:33</time>
      </trkpt>
      <trkpt lat="46.39303509145975" lon="22.993676913902164">
        <ele>604.8</ele>
        <time>2025-05-09T07:30:36</time>
      </trkpt>
      <trkpt lat="46.39301992021501" lon="22.99380130134523">
        <ele>605.8</ele>
        <time>2025-05-09T07:30:39</time>
      </trkpt>
      <trkpt lat="46.39301438815892" lon="22.993845976889133">
        <ele>605.8</ele>
        <time>2025-05-09T07:30:40</time>
      </trkpt>
      <trkpt lat="46.3929236959666" lon="22.994107492268085">
        <ele>606.8</ele>
        <time>2025-05-09T07:30:47</time>
      </trkpt>
      <trkpt lat="46.392908273264766" lon="22.99413758330047">
        <ele>607.0</ele>
        <time>2025-05-09T07:30:48</time>
      </trkpt>
      <trkpt lat="46.392804170027375" lon="22.994304886087775">
        <ele>607.8</ele>
        <time>2025-05-09T07:30:54</time>
      </trkpt>
      <trkpt lat="46.392787490040064" lon="22.994327014312148">
        <ele>608.0</ele>
        <time>2025-05-09T07:30:55</time>
      </trkpt>
      <trkpt lat="46.39266964048147" lon="22.994487779214978">
        <ele>609.2</ele>
        <time>2025-05-09T07:31:02</time>
      </trkpt>
      <trkpt lat="46.39265346340835" lon="22.994509236887097">
        <ele>609.2</ele>
        <time>2025-05-09T07:31:03</time>
      </trkpt>
      <trkpt lat="46.39252136461437" lon="22.99469162710011">
        <ele>610.2</ele>
        <time>2025-05-09T07:31:11</time>
      </trkpt>
      <trkpt lat="46.39250535517931" lon="22.994714258238673">
        <ele>610.4000000000001</ele>
        <time>2025-05-09T07:31:12</time>
      </trkpt>
      <trkpt lat="46.39239798299968" lon="22.994883824139833">
        <ele>611.2</ele>
        <time>2025-05-09T07:31:19</time>
      </trkpt>
      <trkpt lat="46.392380967736244" lon="22.99490662291646">
        <ele>611.4000000000001</ele>
        <time>2025-05-09T07:31:20</time>
      </trkpt>
      <trkpt lat="46.392295975238085" lon="22.995020197704434">
        <ele>612.5999999999999</ele>
        <time>2025-05-09T07:31:25</time>
      </trkpt>
      <trkpt lat="46.39224484562874" lon="22.995080295950174">
        <ele>613.0</ele>
        <time>2025-05-09T07:31:28</time>
      </trkpt>
      <trkpt lat="46.39217049814761" lon="22.99515137448907">
        <ele>613.5999999999999</ele>
        <time>2025-05-09T07:31:32</time>
      </trkpt>
      <trkpt lat="46.3921363838017" lon="22.995191104710102">
        <ele>614.0</ele>
        <time>2025-05-09T07:31:34</time>
      </trkpt>
      <trkpt lat="46.39207016676664" lon="22.995269559323788">
        <ele>614.8</ele>
        <time>2025-05-09T07:31:38</time>
      </trkpt>
      <trkpt lat="46.39197176322341" lon="22.99539579078555">
        <ele>615.5999999999999</ele>
        <time>2025-05-09T07:31:44</time>
      </trkpt>
      <trkpt lat="46.39195499941707" lon="22.995415655896068">
        <ele>615.8</ele>
        <time>2025-05-09T07:31:45</time>
      </trkpt>
      <trkpt lat="46.3918565120548" lon="22.995538115501404">
        <ele>616.8</ele>
        <time>2025-05-09T07:31:51</time>
      </trkpt>
      <trkpt lat="46.39182231388986" lon="22.995580276474357">
        <ele>617.2</ele>
        <time>2025-05-09T07:31:53</time>
      </trkpt>
      <trkpt lat="46.39167856425047" lon="22.99574313685298">
        <ele>618.0</ele>
        <time>2025-05-09T07:32:01</time>
      </trkpt>
      <trkpt lat="46.3916596211493" lon="22.99576166085899">
        <ele>618.2</ele>
        <time>2025-05-09T07:32:02</time>
      </trkpt>
      <trkpt lat="46.391571359708905" lon="22.995856208726764">
        <ele>619.2</ele>
        <time>2025-05-09T07:32:07</time>
      </trkpt>
      <trkpt lat="46.39152366667986" lon="22.995910104364157">
        <ele>619.5999999999999</ele>
        <time>2025-05-09T07:32:10</time>
      </trkpt>
      <trkpt lat="46.39142727479339" lon="22.995997862890363">
        <ele>619.8</ele>
        <time>2025-05-09T07:32:16</time>
      </trkpt>
      <trkpt lat="46.39138067141175" lon="22.996040945872664">
        <ele>620.4000000000001</ele>
        <time>2025-05-09T07:32:19</time>
      </trkpt>
      <trkpt lat="46.39131881296635" lon="22.996096769347787">
        <ele>621.0</ele>
        <time>2025-05-09T07:32:23</time>
      </trkpt>
      <trkpt lat="46.391271287575364" lon="22.99614571966231">
        <ele>621.5999999999999</ele>
        <time>2025-05-09T07:32:26</time>
      </trkpt>
      <trkpt lat="46.391198951750994" lon="22.996233645826578">
        <ele>622.4000000000001</ele>
        <time>2025-05-09T07:32:31</time>
      </trkpt>
      <trkpt lat="46.39117481186986" lon="22.996283266693354">
        <ele>622.8</ele>
        <time>2025-05-09T07:32:33</time>
      </trkpt>
      <trkpt lat="46.39110532589257" lon="22.996379742398858">
        <ele>623.8</ele>
        <time>2025-05-09T07:32:37</time>
      </trkpt>
      <trkpt lat="46.39101664535701" lon="22.99650689586997">
        <ele>624.8</ele>
        <time>2025-05-09T07:32:43</time>
      </trkpt>
      <trkpt lat="46.390940956771374" lon="22.99665248952806">
        <ele>626.0</ele>
        <time>2025-05-09T07:32:48</time>
      </trkpt>
      <trkpt lat="46.39089494012296" lon="22.996761118993163">
        <ele>626.5999999999999</ele>
        <time>2025-05-09T07:32:51</time>
      </trkpt>
      <trkpt lat="46.39087440446019" lon="22.996829766780138">
        <ele>627.2</ele>
        <time>2025-05-09T07:32:53</time>
      </trkpt>
      <trkpt lat="46.39084313996136" lon="22.99697301350534">
        <ele>628.2</ele>
        <time>2025-05-09T07:32:57</time>
      </trkpt>
      <trkpt lat="46.39083534479141" lon="22.99700863659382">
        <ele>628.5999999999999</ele>
        <time>2025-05-09T07:32:58</time>
      </trkpt>
      <trkpt lat="46.39082361012697" lon="22.997159427031875">
        <ele>629.5999999999999</ele>
        <time>2025-05-09T07:33:02</time>
      </trkpt>
      <trkpt lat="46.3908273819834" lon="22.997236791998148">
        <ele>630.0</ele>
        <time>2025-05-09T07:33:04</time>
      </trkpt>
      <trkpt lat="46.390862837433815" lon="22.997436365112662">
        <ele>630.5999999999999</ele>
        <time>2025-05-09T07:33:09</time>
      </trkpt>
      <trkpt lat="46.390883792191744" lon="22.99756092019379">
        <ele>630.8</ele>
        <time>2025-05-09T07:33:12</time>
      </trkpt>
      <trkpt lat="46.3909103628248" lon="22.997855879366398">
        <ele>631.5999999999999</ele>
        <time>2025-05-09T07:33:19</time>
      </trkpt>
      <trkpt lat="46.39090759679675" lon="22.997896447777748">
        <ele>631.8</ele>
        <time>2025-05-09T07:33:20</time>
      </trkpt>
      <trkpt lat="46.390866776928306" lon="22.998094093054533">
        <ele>632.8</ele>
        <time>2025-05-09T07:33:25</time>
      </trkpt>
      <trkpt lat="46.390851102769375" lon="22.998126950114965">
        <ele>632.8</ele>
        <time>2025-05-09T07:33:26</time>
      </trkpt>
      <trkpt lat="46.3907356839627" lon="22.998248487710953">
        <ele>633.8</ele>
        <time>2025-05-09T07:33:31</time>
      </trkpt>
      <trkpt lat="46.39070970006287" lon="22.998262820765376">
        <ele>634.0</ele>
        <time>2025-05-09T07:33:32</time>
      </trkpt>
      <trkpt lat="46.390583300963044" lon="22.99827514216304">
        <ele>634.5999999999999</ele>
        <time>2025-05-09T07:33:37</time>
      </trkpt>
      <trkpt lat="46.390421111136675" lon="22.998238680884242">
        <ele>635.2</ele>
        <time>2025-05-09T07:33:43</time>
      </trkpt>
      <trkpt lat="46.39034315943718" lon="22.998206997290254">
        <ele>635.5999999999999</ele>
        <time>2025-05-09T07:33:46</time>
      </trkpt>
      <trkpt lat="46.390175772830844" lon="22.998149916529655">
        <ele>636.2</ele>
        <time>2025-05-09T07:33:52</time>
      </trkpt>
      <trkpt lat="46.390114249661565" lon="22.99813700839877">
        <ele>636.4000000000001</ele>
        <time>2025-05-09T07:33:54</time>
      </trkpt>
      <trkpt lat="46.389905121177435" lon="22.998147904872894">
        <ele>636.5999999999999</ele>
        <time>2025-05-09T07:34:00</time>
      </trkpt>
      <trkpt lat="46.389603205025196" lon="22.99822485074401">
        <ele>636.5999999999999</ele>
        <time>2025-05-09T07:34:07</time>
      </trkpt>
      <trkpt lat="46.38924169354141" lon="22.998407995328307">
        <ele>636.2</ele>
        <time>2025-05-09T07:34:14</time>
      </trkpt>
      <trkpt lat="46.38901647180319" lon="22.998567083850503">
        <ele>635.2</ele>
        <time>2025-05-09T07:34:19</time>
      </trkpt>
      <trkpt lat="46.38893357478082" lon="22.998637491837144">
        <ele>634.8</ele>
        <time>2025-05-09T07:34:21</time>
      </trkpt>
      <trkpt lat="46.38868873938918" lon="22.998882411047816">
        <ele>635.0</ele>
        <time>2025-05-09T07:34:28</time>
      </trkpt>
      <trkpt lat="46.38848036527634" lon="22.999266050755978">
        <ele>636.2</ele>
        <time>2025-05-09T07:34:36</time>
      </trkpt>
      <trkpt lat="46.38845915906131" lon="22.999321538954973">
        <ele>636.4000000000001</ele>
        <time>2025-05-09T07:34:37</time>
      </trkpt>
      <trkpt lat="46.38833477161825" lon="22.9996966291219">
        <ele>636.8</ele>
        <time>2025-05-09T07:34:43</time>
      </trkpt>
      <trkpt lat="46.38828280381858" lon="22.999821938574314">
        <ele>636.8</ele>
        <time>2025-05-09T07:34:45</time>
      </trkpt>
      <trkpt lat="46.38817953877151" lon="22.999983206391335">
        <ele>636.5999999999999</ele>
        <time>2025-05-09T07:34:48</time>
      </trkpt>
      <trkpt lat="46.38799731619656" lon="23.000113125890493">
        <ele>635.8</ele>
        <time>2025-05-09T07:34:52</time>
      </trkpt>
      <trkpt lat="46.38795289210975" lon="23.000137181952596">
        <ele>635.5999999999999</ele>
        <time>2025-05-09T07:34:53</time>
      </trkpt>
      <trkpt lat="46.38790947385132" lon="23.000156544148922">
        <ele>635.5999999999999</ele>
        <time>2025-05-09T07:34:54</time>
      </trkpt>
      <trkpt lat="46.387762958183885" lon="23.000166434794664">
        <ele>635.4000000000001</ele>
        <time>2025-05-09T07:34:58</time>
      </trkpt>
      <trkpt lat="46.38761132955551" lon="23.000044813379645">
        <ele>635.5999999999999</ele>
        <time>2025-05-09T07:35:04</time>
      </trkpt>
      <trkpt lat="46.38752290047705" lon="22.9999159835279">
        <ele>636.8</ele>
        <time>2025-05-09T07:35:08</time>
      </trkpt>
      <trkpt lat="46.38741712085903" lon="22.99979184754193">
        <ele>637.5999999999999</ele>
        <time>2025-05-09T07:35:12</time>
      </trkpt>
      <trkpt lat="46.38735417276621" lon="22.999735353514552">
        <ele>637.8</ele>
        <time>2025-05-09T07:35:14</time>
      </trkpt>
      <trkpt lat="46.387166334316134" lon="22.99964038655162">
        <ele>638.2</ele>
        <time>2025-05-09T07:35:19</time>
      </trkpt>
      <trkpt lat="46.38707614503801" lon="22.999624041840434">
        <ele>638.2</ele>
        <time>2025-05-09T07:35:21</time>
      </trkpt>
      <trkpt lat="46.38692359440029" lon="22.99966637045145">
        <ele>638.2</ele>
        <time>2025-05-09T07:35:24</time>
      </trkpt>
      <trkpt lat="46.38682259246707" lon="22.99972554668784">
        <ele>638.2</ele>
        <time>2025-05-09T07:35:26</time>
      </trkpt>
      <trkpt lat="46.38656317256391" lon="22.999912044033408">
        <ele>637.8</ele>
        <time>2025-05-09T07:35:31</time>
      </trkpt>
      <trkpt lat="46.38623661361635" lon="23.00023064017296">
        <ele>637.2</ele>
        <time>2025-05-09T07:35:38</time>
      </trkpt>
      <trkpt lat="46.38597090728581" lon="23.00055175088346">
        <ele>637.4000000000001</ele>
        <time>2025-05-09T07:35:46</time>
      </trkpt>
      <trkpt lat="46.38572255149484" lon="23.000817289575934">
        <ele>639.2</ele>
        <time>2025-05-09T07:35:55</time>
      </trkpt>
      <trkpt lat="46.38556287623942" lon="23.000935474410653">
        <ele>640.2</ele>
        <time>2025-05-09T07:36:02</time>
      </trkpt>
      <trkpt lat="46.38553890399635" lon="23.00095148384571">
        <ele>640.4000000000001</ele>
        <time>2025-05-09T07:36:03</time>
      </trkpt>
      <trkpt lat="46.3854272570461" lon="23.001024071127176">
        <ele>641.5999999999999</ele>
        <time>2025-05-09T07:36:08</time>
      </trkpt>
      <trkpt lat="46.385388700291514" lon="23.001056760549545">
        <ele>642.2</ele>
        <time>2025-05-09T07:36:10</time>
      </trkpt>
      <trkpt lat="46.38533958233893" lon="23.00109514966607">
        <ele>642.5999999999999</ele>
        <time>2025-05-09T07:36:13</time>
      </trkpt>
      <trkpt lat="46.38532675802708" lon="23.00110436975956">
        <ele>642.8</ele>
        <time>2025-05-09T07:36:15</time>
      </trkpt>
      <trkpt lat="46.38532835058868" lon="23.001104118302464">
        <ele>643.5999999999999</ele>
        <time>2025-05-09T07:36:22</time>
      </trkpt>
      <trkpt lat="46.385328602045774" lon="23.00110436975956">
        <ele>644.0</ele>
        <time>2025-05-09T07:36:30</time>
      </trkpt>
      <trkpt lat="46.385331032797694" lon="23.001105459406972">
        <ele>644.4000000000001</ele>
        <time>2025-05-09T07:36:51</time>
      </trkpt>
      <trkpt lat="46.38533220626414" lon="23.001106129959226">
        <ele>644.0</ele>
        <time>2025-05-09T07:37:14</time>
      </trkpt>
      <trkpt lat="46.38531577773392" lon="23.00112783908844">
        <ele>644.2</ele>
        <time>2025-05-09T07:37:26</time>
      </trkpt>
      <trkpt lat="46.38523346744478" lon="23.001206628978252">
        <ele>644.2</ele>
        <time>2025-05-09T07:37:30</time>
      </trkpt>
      <trkpt lat="46.38508074916899" lon="23.00135113298893">
        <ele>644.2</ele>
        <time>2025-05-09T07:37:35</time>
      </trkpt>
      <trkpt lat="46.3850062340498" lon="23.00141952931881">
        <ele>644.2</ele>
        <time>2025-05-09T07:37:37</time>
      </trkpt>
      <trkpt lat="46.38479953631759" lon="23.00156378187239">
        <ele>644.0</ele>
        <time>2025-05-09T07:37:42</time>
      </trkpt>
      <trkpt lat="46.3845329079777" lon="23.00167844630778">
        <ele>643.8</ele>
        <time>2025-05-09T07:37:47</time>
      </trkpt>
      <trkpt lat="46.38447289355099" lon="23.001687498763204">
        <ele>643.8</ele>
        <time>2025-05-09T07:37:48</time>
      </trkpt>
      <trkpt lat="46.38441178947687" lon="23.00169018097222">
        <ele>643.5999999999999</ele>
        <time>2025-05-09T07:37:49</time>
      </trkpt>
      <trkpt lat="46.38428748585284" lon="23.001672830432653">
        <ele>643.0</ele>
        <time>2025-05-09T07:37:51</time>
      </trkpt>
      <trkpt lat="46.38416402041912" lon="23.00162773579359">
        <ele>642.5999999999999</ele>
        <time>2025-05-09T07:37:53</time>
      </trkpt>
      <trkpt lat="46.383921448141336" lon="23.00156034529209">
        <ele>641.8</ele>
        <time>2025-05-09T07:37:57</time>
      </trkpt>
      <trkpt lat="46.38379940763116" lon="23.001552633941174">
        <ele>641.4000000000001</ele>
        <time>2025-05-09T07:37:59</time>
      </trkpt>
      <trkpt lat="46.383313005790114" lon="23.001537211239338">
        <ele>641.0</ele>
        <time>2025-05-09T07:38:07</time>
      </trkpt>
      <trkpt lat="46.38295518234372" lon="23.001546012237668">
        <ele>640.4000000000001</ele>
        <time>2025-05-09T07:38:13</time>
      </trkpt>
      <trkpt lat="46.382838506251574" lon="23.001589011400938">
        <ele>640.4000000000001</ele>
        <time>2025-05-09T07:38:15</time>
      </trkpt>
      <trkpt lat="46.38265460729599" lon="23.00169898197055">
        <ele>640.4000000000001</ele>
        <time>2025-05-09T07:38:18</time>
      </trkpt>
      <trkpt lat="46.382254706695676" lon="23.001983547583222">
        <ele>640.5999999999999</ele>
        <time>2025-05-09T07:38:25</time>
      </trkpt>
      <trkpt lat="46.381918508559465" lon="23.002353021875024">
        <ele>641.2</ele>
        <time>2025-05-09T07:38:32</time>
      </trkpt>
      <trkpt lat="46.381675601005554" lon="23.00265720114112">
        <ele>642.0</ele>
        <time>2025-05-09T07:38:38</time>
      </trkpt>
      <trkpt lat="46.381547190248966" lon="23.00284202210605">
        <ele>642.2</ele>
        <time>2025-05-09T07:38:41</time>
      </trkpt>
      <trkpt lat="46.38112700544298" lon="23.003383576869965">
        <ele>642.0</ele>
        <time>2025-05-09T07:38:50</time>
      </trkpt>
      <trkpt lat="46.38085694052279" lon="23.00375808030367">
        <ele>641.5999999999999</ele>
        <time>2025-05-09T07:38:56</time>
      </trkpt>
      <trkpt lat="46.38082425110042" lon="23.003826644271612">
        <ele>641.5999999999999</ele>
        <time>2025-05-09T07:38:57</time>
      </trkpt>
      <trkpt lat="46.38075090944767" lon="23.004055889323354">
        <ele>641.5999999999999</ele>
        <time>2025-05-09T07:39:00</time>
      </trkpt>
      <trkpt lat="46.38071704655886" lon="23.004228975623846">
        <ele>641.8</ele>
        <time>2025-05-09T07:39:02</time>
      </trkpt>
      <trkpt lat="46.38063230551779" lon="23.00490790978074">
        <ele>642.0</ele>
        <time>2025-05-09T07:39:09</time>
      </trkpt>
      <trkpt lat="46.380529375746846" lon="23.00548299215734">
        <ele>641.4000000000001</ele>
        <time>2025-05-09T07:39:15</time>
      </trkpt>
      <trkpt lat="46.38051043264568" lon="23.00557150505483">
        <ele>641.2</ele>
        <time>2025-05-09T07:39:16</time>
      </trkpt>
      <trkpt lat="46.38035511597991" lon="23.00614549778402">
        <ele>641.0</ele>
        <time>2025-05-09T07:39:23</time>
      </trkpt>
      <trkpt lat="46.3801827840507" lon="23.00673776306212">
        <ele>641.0</ele>
        <time>2025-05-09T07:39:31</time>
      </trkpt>
      <trkpt lat="46.379972817376256" lon="23.007443100214005">
        <ele>641.0</ele>
        <time>2025-05-09T07:39:41</time>
      </trkpt>
      <trkpt lat="46.379903834313154" lon="23.007922042161226">
        <ele>641.0</ele>
        <time>2025-05-09T07:39:47</time>
      </trkpt>
      <trkpt lat="46.37981599196792" lon="23.008731147274375">
        <ele>641.0</ele>
        <time>2025-05-09T07:39:57</time>
      </trkpt>
      <trkpt lat="46.37977458536625" lon="23.009211597964168">
        <ele>640.8</ele>
        <time>2025-05-09T07:40:03</time>
      </trkpt>
      <trkpt lat="46.37977802194655" lon="23.009376721456647">
        <ele>640.8</ele>
        <time>2025-05-09T07:40:05</time>
      </trkpt>
      <trkpt lat="46.37975949794054" lon="23.009882234036922">
        <ele>640.8</ele>
        <time>2025-05-09T07:40:11</time>
      </trkpt>
      <trkpt lat="46.37974231503904" lon="23.00997049547732">
        <ele>640.5999999999999</ele>
        <time>2025-05-09T07:40:12</time>
      </trkpt>
      <trkpt lat="46.37965581379831" lon="23.0103116389364">
        <ele>640.4000000000001</ele>
        <time>2025-05-09T07:40:16</time>
      </trkpt>
      <trkpt lat="46.37963594868779" lon="23.010391099378467">
        <ele>640.2</ele>
        <time>2025-05-09T07:40:17</time>
      </trkpt>
      <trkpt lat="46.37960552237928" lon="23.01054960116744">
        <ele>640.0</ele>
        <time>2025-05-09T07:40:19</time>
      </trkpt>
      <trkpt lat="46.379588926211" lon="23.010713048279285">
        <ele>640.0</ele>
        <time>2025-05-09T07:40:21</time>
      </trkpt>
      <trkpt lat="46.37960887514055" lon="23.010953776538372">
        <ele>640.0</ele>
        <time>2025-05-09T07:40:24</time>
      </trkpt>
      <trkpt lat="46.37964525260031" lon="23.011106913909316">
        <ele>640.0</ele>
        <time>2025-05-09T07:40:26</time>
      </trkpt>
      <trkpt lat="46.379723539575934" lon="23.01142324693501">
        <ele>640.0</ele>
        <time>2025-05-09T07:40:30</time>
      </trkpt>
      <trkpt lat="46.3798080291599" lon="23.01174762658775">
        <ele>640.0</ele>
        <time>2025-05-09T07:40:34</time>
      </trkpt>
      <trkpt lat="46.37985907495022" lon="23.011910989880562">
        <ele>639.8</ele>
        <time>2025-05-09T07:40:36</time>
      </trkpt>
      <trkpt lat="46.3799221906811" lon="23.012149455025792">
        <ele>639.4000000000001</ele>
        <time>2025-05-09T07:40:39</time>
      </trkpt>
      <trkpt lat="46.37996435165405" lon="23.01238884218037">
        <ele>639.0</ele>
        <time>2025-05-09T07:40:42</time>
      </trkpt>
      <trkpt lat="46.37989922426641" lon="23.01271573640406">
        <ele>638.5999999999999</ele>
        <time>2025-05-09T07:40:46</time>
      </trkpt>
      <trkpt lat="46.379864271730185" lon="23.012886559590697">
        <ele>638.4000000000001</ele>
        <time>2025-05-09T07:40:48</time>
      </trkpt>
      <trkpt lat="46.37978506274521" lon="23.013227870687842">
        <ele>638.4000000000001</ele>
        <time>2025-05-09T07:40:52</time>
      </trkpt>
      <trkpt lat="46.379620442166924" lon="23.013480585068464">
        <ele>637.8</ele>
        <time>2025-05-09T07:40:56</time>
      </trkpt>
      <trkpt lat="46.37957241386175" lon="23.01352777518332">
        <ele>637.5999999999999</ele>
        <time>2025-05-09T07:40:57</time>
      </trkpt>
      <trkpt lat="46.379477782174945" lon="23.013622323051095">
        <ele>637.4000000000001</ele>
        <time>2025-05-09T07:40:59</time>
      </trkpt>
      <trkpt lat="46.379390861839056" lon="23.01370077766478">
        <ele>637.0</ele>
        <time>2025-05-09T07:41:01</time>
      </trkpt>
      <trkpt lat="46.37935775332153" lon="23.013722989708185">
        <ele>637.0</ele>
        <time>2025-05-09T07:41:02</time>
      </trkpt>
      <trkpt lat="46.37930394150317" lon="23.013740675523877">
        <ele>636.5999999999999</ele>
        <time>2025-05-09T07:41:06</time>
      </trkpt>
      <trkpt lat="46.37930075637996" lon="23.01374075934291">
        <ele>636.2</ele>
        <time>2025-05-09T07:41:08</time>
      </trkpt>
      <trkpt lat="46.37929413467646" lon="23.013729443773627">
        <ele>635.4000000000001</ele>
        <time>2025-05-09T07:41:17</time>
      </trkpt>
      <trkpt lat="46.37929522432387" lon="23.01372810266912">
        <ele>635.2</ele>
        <time>2025-05-09T07:41:18</time>
      </trkpt>
      <trkpt lat="46.37930109165609" lon="23.013726007193327">
        <ele>634.8</ele>
        <time>2025-05-09T07:41:34</time>
      </trkpt>
      <trkpt lat="46.37930151075125" lon="23.01372558809817">
        <ele>635.0</ele>
        <time>2025-05-09T07:42:02</time>
      </trkpt>
      <trkpt lat="46.37929136864841" lon="23.013772191479802">
        <ele>635.0</ele>
        <time>2025-05-09T07:42:15</time>
      </trkpt>
      <trkpt lat="46.379284327849746" lon="23.01378677599132">
        <ele>635.0</ele>
        <time>2025-05-09T07:42:16</time>
      </trkpt>
      <trkpt lat="46.37920344248414" lon="23.013840252533555">
        <ele>635.2</ele>
        <time>2025-05-09T07:42:19</time>
      </trkpt>
      <trkpt lat="46.378934970125556" lon="23.014039238914847">
        <ele>635.2</ele>
        <time>2025-05-09T07:42:26</time>
      </trkpt>
      <trkpt lat="46.37873933650553" lon="23.014178965240717">
        <ele>634.5999999999999</ele>
        <time>2025-05-09T07:42:30</time>
      </trkpt>
      <trkpt lat="46.37856683693826" lon="23.014297736808658">
        <ele>634.0</ele>
        <time>2025-05-09T07:42:33</time>
      </trkpt>
      <trkpt lat="46.37843524105847" lon="23.014390356838703">
        <ele>633.4000000000001</ele>
        <time>2025-05-09T07:42:35</time>
      </trkpt>
      <trkpt lat="46.378295263275504" lon="23.01451918669045">
        <ele>633.0</ele>
        <time>2025-05-09T07:42:37</time>
      </trkpt>
      <trkpt lat="46.3781623262912" lon="23.014695961028337">
        <ele>632.4000000000001</ele>
        <time>2025-05-09T07:42:39</time>
      </trkpt>
      <trkpt lat="46.378031484782696" lon="23.014912297949195">
        <ele>631.5999999999999</ele>
        <time>2025-05-09T07:42:41</time>
      </trkpt>
      <trkpt lat="46.37796116061509" lon="23.01502394489944">
        <ele>631.4000000000001</ele>
        <time>2025-05-09T07:42:42</time>
      </trkpt>
      <trkpt lat="46.377712804824114" lon="23.015342708677053">
        <ele>630.0</ele>
        <time>2025-05-09T07:42:45</time>
      </trkpt>
      <trkpt lat="46.37752831913531" lon="23.015547059476376">
        <ele>628.5999999999999</ele>
        <time>2025-05-09T07:42:47</time>
      </trkpt>
      <trkpt lat="46.37733972631395" lon="23.015747303143144">
        <ele>627.2</ele>
        <time>2025-05-09T07:42:49</time>
      </trkpt>
      <trkpt lat="46.37714585289359" lon="23.015934973955154">
        <ele>625.4000000000001</ele>
        <time>2025-05-09T07:42:51</time>
      </trkpt>
      <trkpt lat="46.377048371359706" lon="23.01602373830974">
        <ele>623.5999999999999</ele>
        <time>2025-05-09T07:42:52</time>
      </trkpt>
      <trkpt lat="46.37686086818576" lon="23.016204368323088">
        <ele>622.0</ele>
        <time>2025-05-09T07:42:54</time>
      </trkpt>
      <trkpt lat="46.37668828479946" lon="23.01641014404595">
        <ele>620.8</ele>
        <time>2025-05-09T07:42:56</time>
      </trkpt>
      <trkpt lat="46.376604214310646" lon="23.01651525311172">
        <ele>620.2</ele>
        <time>2025-05-09T07:42:57</time>
      </trkpt>
      <trkpt lat="46.376519137993455" lon="23.016614159569144">
        <ele>619.5999999999999</ele>
        <time>2025-05-09T07:42:58</time>
      </trkpt>
      <trkpt lat="46.37642936781049" lon="23.016697391867638">
        <ele>619.0</ele>
        <time>2025-05-09T07:42:59</time>
      </trkpt>
      <trkpt lat="46.3763353228569" lon="23.016753802075982">
        <ele>618.4000000000001</ele>
        <time>2025-05-09T07:43:00</time>
      </trkpt>
      <trkpt lat="46.37613717466593" lon="23.016786742955446">
        <ele>617.4000000000001</ele>
        <time>2025-05-09T07:43:02</time>
      </trkpt>
      <trkpt lat="46.376038854941726" lon="23.01679763942957">
        <ele>616.8</ele>
        <time>2025-05-09T07:43:03</time>
      </trkpt>
      <trkpt lat="46.37594413943589" lon="23.01682068966329">
        <ele>616.2</ele>
        <time>2025-05-09T07:43:04</time>
      </trkpt>
      <trkpt lat="46.375771053135395" lon="23.016927894204855">
        <ele>614.5999999999999</ele>
        <time>2025-05-09T07:43:06</time>
      </trkpt>
      <trkpt lat="46.37560794129968" lon="23.017090167850256">
        <ele>613.8</ele>
        <time>2025-05-09T07:43:08</time>
      </trkpt>
      <trkpt lat="46.37552512809634" lon="23.01718069240451">
        <ele>613.4000000000001</ele>
        <time>2025-05-09T07:43:09</time>
      </trkpt>
      <trkpt lat="46.375447595492005" lon="23.01728194579482">
        <ele>613.2</ele>
        <time>2025-05-09T07:43:10</time>
      </trkpt>
      <trkpt lat="46.37526025995612" lon="23.017633482813835">
        <ele>612.2</ele>
        <time>2025-05-09T07:43:13</time>
      </trkpt>
      <trkpt lat="46.37520250864327" lon="23.017746973782778">
        <ele>612.0</ele>
        <time>2025-05-09T07:43:14</time>
      </trkpt>
      <trkpt lat="46.375137297436595" lon="23.017850322648883">
        <ele>611.5999999999999</ele>
        <time>2025-05-09T07:43:15</time>
      </trkpt>
      <trkpt lat="46.37505976483226" lon="23.017928693443537">
        <ele>611.2</ele>
        <time>2025-05-09T07:43:16</time>
      </trkpt>
      <trkpt lat="46.37497695162892" lon="23.017980996519327">
        <ele>610.5999999999999</ele>
        <time>2025-05-09T07:43:17</time>
      </trkpt>
      <trkpt lat="46.37488894164562" lon="23.018002873286605">
        <ele>609.8</ele>
        <time>2025-05-09T07:43:18</time>
      </trkpt>
      <trkpt lat="46.37471384368837" lon="23.01797571592033">
        <ele>608.2</ele>
        <time>2025-05-09T07:43:20</time>
      </trkpt>
      <trkpt lat="46.37463002465665" lon="23.017960293218493">
        <ele>606.4000000000001</ele>
        <time>2025-05-09T07:43:21</time>
      </trkpt>
      <trkpt lat="46.37454964220524" lon="23.01795518025756">
        <ele>605.5999999999999</ele>
        <time>2025-05-09T07:43:22</time>
      </trkpt>
      <trkpt lat="46.37447101995349" lon="23.01796699874103">
        <ele>604.8</ele>
        <time>2025-05-09T07:43:23</time>
      </trkpt>
      <trkpt lat="46.37439248152077" lon="23.017999017611146">
        <ele>603.5999999999999</ele>
        <time>2025-05-09T07:43:24</time>
      </trkpt>
      <trkpt lat="46.37422853149474" lon="23.01809784024954">
        <ele>602.0</ele>
        <time>2025-05-09T07:43:26</time>
      </trkpt>
      <trkpt lat="46.374061396345496" lon="23.018211666494608">
        <ele>600.8</ele>
        <time>2025-05-09T07:43:28</time>
      </trkpt>
      <trkpt lat="46.37380792759359" lon="23.018381902948022">
        <ele>599.8</ele>
        <time>2025-05-09T07:43:31</time>
      </trkpt>
      <trkpt lat="46.37365068309009" lon="23.01850637421012">
        <ele>598.5999999999999</ele>
        <time>2025-05-09T07:43:33</time>
      </trkpt>
      <trkpt lat="46.37357650324702" lon="23.018570160493255">
        <ele>598.2</ele>
        <time>2025-05-09T07:43:34</time>
      </trkpt>
      <trkpt lat="46.37350710108876" lon="23.018639897927642">
        <ele>597.4000000000001</ele>
        <time>2025-05-09T07:43:35</time>
      </trkpt>
      <trkpt lat="46.373381707817316" lon="23.018790604546666">
        <ele>595.8</ele>
        <time>2025-05-09T07:43:37</time>
      </trkpt>
      <trkpt lat="46.37332605198026" lon="23.018862856552005">
        <ele>595.0</ele>
        <time>2025-05-09T07:43:38</time>
      </trkpt>
      <trkpt lat="46.373274167999625" lon="23.018932258710265">
        <ele>594.2</ele>
        <time>2025-05-09T07:43:39</time>
      </trkpt>
      <trkpt lat="46.373225804418325" lon="23.018998559564352">
        <ele>593.2</ele>
        <time>2025-05-09T07:43:40</time>
      </trkpt>
      <trkpt lat="46.37318540364504" lon="23.01906402222812">
        <ele>592.0</ele>
        <time>2025-05-09T07:43:41</time>
      </trkpt>
      <trkpt lat="46.37314441613853" lon="23.019128814339638">
        <ele>591.0</ele>
        <time>2025-05-09T07:43:42</time>
      </trkpt>
      <trkpt lat="46.37310401536524" lon="23.01919779740274">
        <ele>590.2</ele>
        <time>2025-05-09T07:43:43</time>
      </trkpt>
      <trkpt lat="46.37306436896324" lon="23.019265523180366">
        <ele>589.2</ele>
        <time>2025-05-09T07:43:44</time>
      </trkpt>
      <trkpt lat="46.37298658490181" lon="23.01940650679171">
        <ele>587.5999999999999</ele>
        <time>2025-05-09T07:43:46</time>
      </trkpt>
      <trkpt lat="46.37289756909013" lon="23.019558722153306">
        <ele>586.2</ele>
        <time>2025-05-09T07:43:48</time>
      </trkpt>
      <trkpt lat="46.37285180389881" lon="23.019643547013402">
        <ele>585.4000000000001</ele>
        <time>2025-05-09T07:43:49</time>
      </trkpt>
      <trkpt lat="46.37280427850783" lon="23.019731054082513">
        <ele>585.0</ele>
        <time>2025-05-09T07:43:50</time>
      </trkpt>
      <trkpt lat="46.37265466153622" lon="23.020022744312882">
        <ele>583.8</ele>
        <time>2025-05-09T07:43:53</time>
      </trkpt>
      <trkpt lat="46.37254636734724" lon="23.02023128606379">
        <ele>583.0</ele>
        <time>2025-05-09T07:43:55</time>
      </trkpt>
      <trkpt lat="46.37248911894858" lon="23.020338909700513">
        <ele>582.4000000000001</ele>
        <time>2025-05-09T07:43:56</time>
      </trkpt>
      <trkpt lat="46.37236640788615" lon="23.0205571744591">
        <ele>581.4000000000001</ele>
        <time>2025-05-09T07:43:58</time>
      </trkpt>
      <trkpt lat="46.37223305180669" lon="23.020779294893146">
        <ele>580.4000000000001</ele>
        <time>2025-05-09T07:44:00</time>
      </trkpt>
      <trkpt lat="46.37216432020068" lon="23.020888762548566">
        <ele>579.8</ele>
        <time>2025-05-09T07:44:01</time>
      </trkpt>
      <trkpt lat="46.37209634296596" lon="23.020996637642384">
        <ele>579.2</ele>
        <time>2025-05-09T07:44:02</time>
      </trkpt>
      <trkpt lat="46.37196550145745" lon="23.021208196878433">
        <ele>578.0</ele>
        <time>2025-05-09T07:44:04</time>
      </trkpt>
      <trkpt lat="46.37179157696664" lon="23.021512208506465">
        <ele>576.4000000000001</ele>
        <time>2025-05-09T07:44:07</time>
      </trkpt>
      <trkpt lat="46.37168437242508" lon="23.021693006157875">
        <ele>574.8</ele>
        <time>2025-05-09T07:44:09</time>
      </trkpt>
      <trkpt lat="46.371593764051795" lon="23.02185888402164">
        <ele>573.5999999999999</ele>
        <time>2025-05-09T07:44:11</time>
      </trkpt>
      <trkpt lat="46.371554117649794" lon="23.021934740245342">
        <ele>573.2</ele>
        <time>2025-05-09T07:44:12</time>
      </trkpt>
      <trkpt lat="46.37128556147218" lon="23.022503284737468">
        <ele>572.8</ele>
        <time>2025-05-09T07:44:20</time>
      </trkpt>
      <trkpt lat="46.370976101607084" lon="23.023172495886683">
        <ele>574.0</ele>
        <time>2025-05-09T07:44:29</time>
      </trkpt>
      <trkpt lat="46.37067745439708" lon="23.023825278505683">
        <ele>573.5999999999999</ele>
        <time>2025-05-09T07:44:37</time>
      </trkpt>
      <trkpt lat="46.370338993147016" lon="23.024550648406148">
        <ele>573.0</ele>
        <time>2025-05-09T07:44:46</time>
      </trkpt>
      <trkpt lat="46.370266154408455" lon="23.024712670594454">
        <ele>573.0</ele>
        <time>2025-05-09T07:44:48</time>
      </trkpt>
      <trkpt lat="46.369944624602795" lon="23.025451954454184">
        <ele>573.2</ele>
        <time>2025-05-09T07:44:57</time>
      </trkpt>
      <trkpt lat="46.36987295933068" lon="23.02561934106052">
        <ele>573.2</ele>
        <time>2025-05-09T07:44:59</time>
      </trkpt>
      <trkpt lat="46.36959853582084" lon="23.02619148977101">
        <ele>573.0</ele>
        <time>2025-05-09T07:45:06</time>
      </trkpt>
      <trkpt lat="46.369422851130366" lon="23.026535902172327">
        <ele>572.8</ele>
        <time>2025-05-09T07:45:10</time>
      </trkpt>
      <trkpt lat="46.36924766935408" lon="23.02688735537231">
        <ele>571.8</ele>
        <time>2025-05-09T07:45:14</time>
      </trkpt>
      <trkpt lat="46.36915689334273" lon="23.027055077254772">
        <ele>571.4000000000001</ele>
        <time>2025-05-09T07:45:16</time>
      </trkpt>
      <trkpt lat="46.36905069462955" lon="23.027203353121877">
        <ele>570.8</ele>
        <time>2025-05-09T07:45:18</time>
      </trkpt>
      <trkpt lat="46.36892546899617" lon="23.02731986157596">
        <ele>570.5999999999999</ele>
        <time>2025-05-09T07:45:20</time>
      </trkpt>
      <trkpt lat="46.36841350235045" lon="23.027761671692133">
        <ele>570.0</ele>
        <time>2025-05-09T07:45:28</time>
      </trkpt>
      <trkpt lat="46.36793858371675" lon="23.028235835954547">
        <ele>570.0</ele>
        <time>2025-05-09T07:45:36</time>
      </trkpt>
      <trkpt lat="46.367481434717774" lon="23.028668593615294">
        <ele>570.0</ele>
        <time>2025-05-09T07:45:44</time>
      </trkpt>
      <trkpt lat="46.367362663149834" lon="23.028751155361533">
        <ele>570.2</ele>
        <time>2025-05-09T07:45:46</time>
      </trkpt>
      <trkpt lat="46.36689084582031" lon="23.029005378484726">
        <ele>570.2</ele>
        <time>2025-05-09T07:45:54</time>
      </trkpt>
      <trkpt lat="46.366465631872416" lon="23.029202604666352">
        <ele>570.2</ele>
        <time>2025-05-09T07:46:02</time>
      </trkpt>
      <trkpt lat="46.36641316115856" lon="23.029217021539807">
        <ele>570.2</ele>
        <time>2025-05-09T07:46:03</time>
      </trkpt>
      <trkpt lat="46.366038573905826" lon="23.029237054288387">
        <ele>570.0</ele>
        <time>2025-05-09T07:46:10</time>
      </trkpt>
      <trkpt lat="46.36587546207011" lon="23.02919765934348">
        <ele>569.8</ele>
        <time>2025-05-09T07:46:13</time>
      </trkpt>
      <trkpt lat="46.3655408564955" lon="23.029095819219947">
        <ele>569.5999999999999</ele>
        <time>2025-05-09T07:46:19</time>
      </trkpt>
      <trkpt lat="46.36502486653626" lon="23.02895382978022">
        <ele>569.8</ele>
        <time>2025-05-09T07:46:28</time>
      </trkpt>
      <trkpt lat="46.3645133189857" lon="23.028684770688415">
        <ele>569.8</ele>
        <time>2025-05-09T07:46:37</time>
      </trkpt>
      <trkpt lat="46.364158848300576" lon="23.02836743183434">
        <ele>569.5999999999999</ele>
        <time>2025-05-09T07:46:44</time>
      </trkpt>
      <trkpt lat="46.363958520814776" lon="23.02804841659963">
        <ele>569.5999999999999</ele>
        <time>2025-05-09T07:46:50</time>
      </trkpt>
      <trkpt lat="46.36378417722881" lon="23.027738705277443">
        <ele>569.0</ele>
        <time>2025-05-09T07:46:56</time>
      </trkpt>
      <trkpt lat="46.36362257413566" lon="23.027469143271446">
        <ele>568.4000000000001</ele>
        <time>2025-05-09T07:47:01</time>
      </trkpt>
      <trkpt lat="46.36330490000546" lon="23.026936138048768">
        <ele>568.0</ele>
        <time>2025-05-09T07:47:10</time>
      </trkpt>
      <trkpt lat="46.36300281621516" lon="23.026453172788024">
        <ele>567.2</ele>
        <time>2025-05-09T07:47:18</time>
      </trkpt>
      <trkpt lat="46.36296375654638" lon="23.0263939127326">
        <ele>566.8</ele>
        <time>2025-05-09T07:47:19</time>
      </trkpt>
      <trkpt lat="46.362716825678945" lon="23.026056876406074">
        <ele>565.8</ele>
        <time>2025-05-09T07:47:25</time>
      </trkpt>
      <trkpt lat="46.36267349123955" lon="23.0260054115206">
        <ele>565.5999999999999</ele>
        <time>2025-05-09T07:47:26</time>
      </trkpt>
      <trkpt lat="46.36235657148063" lon="23.025652784854174">
        <ele>564.5999999999999</ele>
        <time>2025-05-09T07:47:33</time>
      </trkpt>
      <trkpt lat="46.36231256648898" lon="23.025600900873542">
        <ele>564.5999999999999</ele>
        <time>2025-05-09T07:47:34</time>
      </trkpt>
      <trkpt lat="46.36220192536712" lon="23.025397639721632">
        <ele>564.2</ele>
        <time>2025-05-09T07:47:37</time>
      </trkpt>
      <trkpt lat="46.36217233724892" lon="23.025322454050183">
        <ele>564.0</ele>
        <time>2025-05-09T07:47:38</time>
      </trkpt>
      <trkpt lat="46.3620731793344" lon="23.025005869567394">
        <ele>563.8</ele>
        <time>2025-05-09T07:47:42</time>
      </trkpt>
      <trkpt lat="46.362057169899344" lon="23.024826245382428">
        <ele>563.5999999999999</ele>
        <time>2025-05-09T07:47:44</time>
      </trkpt>
      <trkpt lat="46.3620869256556" lon="23.02464167587459">
        <ele>563.2</ele>
        <time>2025-05-09T07:47:46</time>
      </trkpt>
      <trkpt lat="46.36210544966161" lon="23.02455274388194">
        <ele>563.2</ele>
        <time>2025-05-09T07:47:47</time>
      </trkpt>
      <trkpt lat="46.36213612742722" lon="23.02438267506659">
        <ele>563.0</ele>
        <time>2025-05-09T07:47:49</time>
      </trkpt>
      <trkpt lat="46.36214040219784" lon="23.024106407538056">
        <ele>562.5999999999999</ele>
        <time>2025-05-09T07:47:52</time>
      </trkpt>
      <trkpt lat="46.3621252309531" lon="23.02401806227863">
        <ele>562.5999999999999</ele>
        <time>2025-05-09T07:47:53</time>
      </trkpt>
      <trkpt lat="46.36205163784325" lon="23.023766605183482">
        <ele>562.2</ele>
        <time>2025-05-09T07:47:56</time>
      </trkpt>
      <trkpt lat="46.36186891235411" lon="23.02316394634545">
        <ele>561.4000000000001</ele>
        <time>2025-05-09T07:48:03</time>
      </trkpt>
      <trkpt lat="46.361828008666635" lon="23.02298759110272">
        <ele>561.0</ele>
        <time>2025-05-09T07:48:05</time>
      </trkpt>
      <trkpt lat="46.36177511885762" lon="23.022718196734786">
        <ele>560.4000000000001</ele>
        <time>2025-05-09T07:48:08</time>
      </trkpt>
      <trkpt lat="46.361657939851284" lon="23.022320056334138">
        <ele>560.0</ele>
        <time>2025-05-09T07:48:13</time>
      </trkpt>
      <trkpt lat="46.36150614358485" lon="23.021988049149513">
        <ele>559.0</ele>
        <time>2025-05-09T07:48:18</time>
      </trkpt>
      <trkpt lat="46.361442022025585" lon="23.02185888402164">
        <ele>558.8</ele>
        <time>2025-05-09T07:48:20</time>
      </trkpt>
      <trkpt lat="46.3611719571054" lon="23.021350521594286">
        <ele>558.5999999999999</ele>
        <time>2025-05-09T07:48:28</time>
      </trkpt>
      <trkpt lat="46.36095377616584" lon="23.021123120561242">
        <ele>558.8</ele>
        <time>2025-05-09T07:48:33</time>
      </trkpt>
      <trkpt lat="46.36090708896518" lon="23.021093364804983">
        <ele>559.0</ele>
        <time>2025-05-09T07:48:34</time>
      </trkpt>
      <trkpt lat="46.3607126288116" lon="23.021051958203316">
        <ele>559.4000000000001</ele>
        <time>2025-05-09T07:48:38</time>
      </trkpt>
      <trkpt lat="46.360459327697754" lon="23.02117726765573">
        <ele>559.5999999999999</ele>
        <time>2025-05-09T07:48:43</time>
      </trkpt>
      <trkpt lat="46.36021574959159" lon="23.02139427512884">
        <ele>560.0</ele>
        <time>2025-05-09T07:48:48</time>
      </trkpt>
      <trkpt lat="46.3600199483335" lon="23.021577587351203">
        <ele>560.2</ele>
        <time>2025-05-09T07:48:52</time>
      </trkpt>
      <trkpt lat="46.35958442464471" lon="23.021961394697428">
        <ele>560.2</ele>
        <time>2025-05-09T07:49:00</time>
      </trkpt>
      <trkpt lat="46.359203634783626" lon="23.022346291691065">
        <ele>560.2</ele>
        <time>2025-05-09T07:49:07</time>
      </trkpt>
      <trkpt lat="46.35881831869483" lon="23.022903939709067">
        <ele>559.5999999999999</ele>
        <time>2025-05-09T07:49:15</time>
      </trkpt>
      <trkpt lat="46.358770625665784" lon="23.022968396544456">
        <ele>559.5999999999999</ele>
        <time>2025-05-09T07:49:16</time>
      </trkpt>
      <trkpt lat="46.358336359262466" lon="23.02355387248099">
        <ele>559.2</ele>
        <time>2025-05-09T07:49:25</time>
      </trkpt>
      <trkpt lat="46.35829000733793" lon="23.023625537753105">
        <ele>559.2</ele>
        <time>2025-05-09T07:49:26</time>
      </trkpt>
      <trkpt lat="46.35815723799169" lon="23.023853609338403">
        <ele>559.4000000000001</ele>
        <time>2025-05-09T07:49:29</time>
      </trkpt>
      <trkpt lat="46.358067048713565" lon="23.02411688491702">
        <ele>559.4000000000001</ele>
        <time>2025-05-09T07:49:32</time>
      </trkpt>
      <trkpt lat="46.357993707060814" lon="23.024614518508315">
        <ele>559.2</ele>
        <time>2025-05-09T07:49:37</time>
      </trkpt>
      <trkpt lat="46.357990857213736" lon="23.025014754384756">
        <ele>559.0</ele>
        <time>2025-05-09T07:49:41</time>
      </trkpt>
      <trkpt lat="46.358002508059144" lon="23.02529890090227">
        <ele>558.8</ele>
        <time>2025-05-09T07:49:44</time>
      </trkpt>
      <trkpt lat="46.358072413131595" lon="23.025985127314925">
        <ele>558.0</ele>
        <time>2025-05-09T07:49:52</time>
      </trkpt>
      <trkpt lat="46.358132092282176" lon="23.026512349024415">
        <ele>557.8</ele>
        <time>2025-05-09T07:49:59</time>
      </trkpt>
      <trkpt lat="46.35815078392625" lon="23.026667581871152">
        <ele>557.5999999999999</ele>
        <time>2025-05-09T07:50:03</time>
      </trkpt>
      <trkpt lat="46.358183305710554" lon="23.026665905490518">
        <ele>557.5999999999999</ele>
        <time>2025-05-09T07:50:06</time>
      </trkpt>
      <trkpt lat="46.35818271897733" lon="23.02661427296698">
        <ele>557.5999999999999</ele>
        <time>2025-05-09T07:50:09</time>
      </trkpt>
      <trkpt lat="46.35818322189152" lon="23.026598263531923">
        <ele>557.5999999999999</ele>
        <time>2025-05-09T07:50:10</time>
      </trkpt>
      <trkpt lat="46.35818959213793" lon="23.026569932699203">
        <ele>557.5999999999999</ele>
        <time>2025-05-09T07:50:13</time>
      </trkpt>
      <trkpt lat="46.35819395072758" lon="23.026553923264146">
        <ele>557.8</ele>
        <time>2025-05-09T07:50:21</time>
      </trkpt>
      <trkpt lat="46.35819487273693" lon="23.026552833616734">
        <ele>557.8</ele>
        <time>2025-05-09T07:50:43</time>
      </trkpt>
      <trkpt lat="46.35819596238434" lon="23.026551827788353">
        <ele>557.8</ele>
        <time>2025-05-09T07:51:03</time>
      </trkpt>
      <trkpt lat="46.358173582702875" lon="23.02653942257166">
        <ele>557.4000000000001</ele>
        <time>2025-05-09T07:51:20</time>
      </trkpt>
      <trkpt lat="46.35816193185747" lon="23.026539674028754">
        <ele>557.4000000000001</ele>
        <time>2025-05-09T07:51:21</time>
      </trkpt>
      <trkpt lat="46.35814533568919" lon="23.02657462656498">
        <ele>557.4000000000001</ele>
        <time>2025-05-09T07:51:25</time>
      </trkpt>
      <trkpt lat="46.358145168051124" lon="23.026588205248117">
        <ele>557.4000000000001</ele>
        <time>2025-05-09T07:51:26</time>
      </trkpt>
      <trkpt lat="46.358141312375665" lon="23.02661318331957">
        <ele>557.2</ele>
        <time>2025-05-09T07:51:27</time>
      </trkpt>
      <trkpt lat="46.358145168051124" lon="23.026740169152617">
        <ele>557.2</ele>
        <time>2025-05-09T07:51:30</time>
      </trkpt>
      <trkpt lat="46.35815665125847" lon="23.027126407250762">
        <ele>557.2</ele>
        <time>2025-05-09T07:51:36</time>
      </trkpt>
      <trkpt lat="46.35809940285981" lon="23.027529241517186">
        <ele>557.2</ele>
        <time>2025-05-09T07:51:42</time>
      </trkpt>
      <trkpt lat="46.35792321525514" lon="23.028137432411313">
        <ele>557.2</ele>
        <time>2025-05-09T07:51:51</time>
      </trkpt>
      <trkpt lat="46.357698161154985" lon="23.028748221695423">
        <ele>557.2</ele>
        <time>2025-05-09T07:52:00</time>
      </trkpt>
      <trkpt lat="46.357630686834455" lon="23.02896657027304">
        <ele>557.4000000000001</ele>
        <time>2025-05-09T07:52:03</time>
      </trkpt>
      <trkpt lat="46.35761677287519" lon="23.029049718752503">
        <ele>557.4000000000001</ele>
        <time>2025-05-09T07:52:04</time>
      </trkpt>
      <trkpt lat="46.357609229162335" lon="23.02913504652679">
        <ele>557.4000000000001</ele>
        <time>2025-05-09T07:52:05</time>
      </trkpt>
      <trkpt lat="46.35759782977402" lon="23.029775926843286">
        <ele>557.5999999999999</ele>
        <time>2025-05-09T07:52:12</time>
      </trkpt>
      <trkpt lat="46.35762792080641" lon="23.030459554865956">
        <ele>557.0</ele>
        <time>2025-05-09T07:52:20</time>
      </trkpt>
      <trkpt lat="46.3576249871403" lon="23.030627695843577">
        <ele>557.0</ele>
        <time>2025-05-09T07:52:22</time>
      </trkpt>
      <trkpt lat="46.35758710093796" lon="23.031028266996145">
        <ele>556.8</ele>
        <time>2025-05-09T07:52:27</time>
      </trkpt>
      <trkpt lat="46.35753270238638" lon="23.031422719359398">
        <ele>556.4000000000001</ele>
        <time>2025-05-09T07:52:33</time>
      </trkpt>
      <trkpt lat="46.35752675123513" lon="23.031469406560063">
        <ele>556.5999999999999</ele>
        <time>2025-05-09T07:52:37</time>
      </trkpt>
      <trkpt lat="46.3575282599777" lon="23.03146932274103">
        <ele>557.0</ele>
        <time>2025-05-09T07:52:52</time>
      </trkpt>
      <trkpt lat="46.35752842761576" lon="23.03147125057876">
        <ele>557.4000000000001</ele>
        <time>2025-05-09T07:53:15</time>
      </trkpt>
      <trkpt lat="46.35752867907286" lon="23.031470496207476">
        <ele>557.0</ele>
        <time>2025-05-09T07:53:40</time>
      </trkpt>
      <trkpt lat="46.357528595253825" lon="23.03147024475038">
        <ele>557.0</ele>
        <time>2025-05-09T07:53:44</time>
      </trkpt>
      <trkpt lat="46.35752842761576" lon="23.031470412388444">
        <ele>557.0</ele>
        <time>2025-05-09T07:54:15</time>
      </trkpt>
      <trkpt lat="46.35752834379673" lon="23.03146974183619">
        <ele>556.5999999999999</ele>
        <time>2025-05-09T07:54:41</time>
      </trkpt>
      <trkpt lat="46.357524236664176" lon="23.031559763476253">
        <ele>556.5999999999999</ele>
        <time>2025-05-09T07:54:46</time>
      </trkpt>
      <trkpt lat="46.35746732354164" lon="23.0318387132138">
        <ele>556.5999999999999</ele>
        <time>2025-05-09T07:54:51</time>
      </trkpt>
      <trkpt lat="46.35734419338405" lon="23.03235017694533">
        <ele>556.8</ele>
        <time>2025-05-09T07:54:59</time>
      </trkpt>
      <trkpt lat="46.35722827166319" lon="23.03304553963244">
        <ele>557.0</ele>
        <time>2025-05-09T07:55:09</time>
      </trkpt>
      <trkpt lat="46.35718292556703" lon="23.033655742183328">
        <ele>557.0</ele>
        <time>2025-05-09T07:55:17</time>
      </trkpt>
      <trkpt lat="46.35713271796703" lon="23.034390918910503">
        <ele>556.8</ele>
        <time>2025-05-09T07:55:26</time>
      </trkpt>
      <trkpt lat="46.35712668299675" lon="23.03447281010449">
        <ele>556.5999999999999</ele>
        <time>2025-05-09T07:55:27</time>
      </trkpt>
      <trkpt lat="46.35706666857004" lon="23.03532407619059">
        <ele>556.5999999999999</ele>
        <time>2025-05-09T07:55:37</time>
      </trkpt>
      <trkpt lat="46.357061471790075" lon="23.035412337630987">
        <ele>556.5999999999999</ele>
        <time>2025-05-09T07:55:38</time>
      </trkpt>
      <trkpt lat="46.35703984647989" lon="23.0362250469625">
        <ele>556.4000000000001</ele>
        <time>2025-05-09T07:55:47</time>
      </trkpt>
      <trkpt lat="46.35704403743148" lon="23.036317164078355">
        <ele>556.4000000000001</ele>
        <time>2025-05-09T07:55:48</time>
      </trkpt>
      <trkpt lat="46.357132634148" lon="23.03693449124694">
        <ele>556.4000000000001</ele>
        <time>2025-05-09T07:55:55</time>
      </trkpt>
      <trkpt lat="46.35731720365584" lon="23.037723982706666">
        <ele>556.2</ele>
        <time>2025-05-09T07:56:04</time>
      </trkpt>
      <trkpt lat="46.35749800130725" lon="23.0383369512856">
        <ele>555.5999999999999</ele>
        <time>2025-05-09T07:56:11</time>
      </trkpt>
      <trkpt lat="46.357553489506245" lon="23.038516156375408">
        <ele>555.5999999999999</ele>
        <time>2025-05-09T07:56:13</time>
      </trkpt>
      <trkpt lat="46.35776001960039" lon="23.03923306055367">
        <ele>555.4000000000001</ele>
        <time>2025-05-09T07:56:21</time>
      </trkpt>
      <trkpt lat="46.35791441425681" lon="23.039984498173">
        <ele>555.0</ele>
        <time>2025-05-09T07:56:29</time>
      </trkpt>
      <trkpt lat="46.357970740646124" lon="23.040553964674473">
        <ele>554.8</ele>
        <time>2025-05-09T07:56:35</time>
      </trkpt>
      <trkpt lat="46.357979122549295" lon="23.040747586637735">
        <ele>554.5999999999999</ele>
        <time>2025-05-09T07:56:37</time>
      </trkpt>
      <trkpt lat="46.35800753720105" lon="23.04153104312718">
        <ele>554.5999999999999</ele>
        <time>2025-05-09T07:56:45</time>
      </trkpt>
      <trkpt lat="46.35803310200572" lon="23.042335622012615">
        <ele>554.4000000000001</ele>
        <time>2025-05-09T07:56:53</time>
      </trkpt>
      <trkpt lat="46.35803947225213" lon="23.042435701936483">
        <ele>554.4000000000001</ele>
        <time>2025-05-09T07:56:54</time>
      </trkpt>
      <trkpt lat="46.35812723077834" lon="23.043006006628275">
        <ele>554.2</ele>
        <time>2025-05-09T07:57:00</time>
      </trkpt>
      <trkpt lat="46.35827491991222" lon="23.043452091515064">
        <ele>554.2</ele>
        <time>2025-05-09T07:57:05</time>
      </trkpt>
      <trkpt lat="46.35853928513825" lon="23.043919214978814">
        <ele>554.0</ele>
        <time>2025-05-09T07:57:11</time>
      </trkpt>
      <trkpt lat="46.35890934616327" lon="23.04438214749098">
        <ele>553.8</ele>
        <time>2025-05-09T07:57:18</time>
      </trkpt>
      <trkpt lat="46.35912819765508" lon="23.044616505503654">
        <ele>554.0</ele>
        <time>2025-05-09T07:57:22</time>
      </trkpt>
      <trkpt lat="46.359397592023015" lon="23.044926635921">
        <ele>554.0</ele>
        <time>2025-05-09T07:57:27</time>
      </trkpt>
      <trkpt lat="46.359814926981926" lon="23.04545477963984">
        <ele>553.4000000000001</ele>
        <time>2025-05-09T07:57:35</time>
      </trkpt>
      <trkpt lat="46.359912157058716" lon="23.045600289478898">
        <ele>553.2</ele>
        <time>2025-05-09T07:57:37</time>
      </trkpt>
      <trkpt lat="46.36028163135052" lon="23.046192722395062">
        <ele>553.2</ele>
        <time>2025-05-09T07:57:45</time>
      </trkpt>
      <trkpt lat="46.36037760414183" lon="23.04634016007185">
        <ele>553.2</ele>
        <time>2025-05-09T07:57:47</time>
      </trkpt>
      <trkpt lat="46.36071162298322" lon="23.04689671844244">
        <ele>553.0</ele>
        <time>2025-05-09T07:57:54</time>
      </trkpt>
      <trkpt lat="46.36075294576585" lon="23.046986991539598">
        <ele>553.0</ele>
        <time>2025-05-09T07:57:55</time>
      </trkpt>
      <trkpt lat="46.36105050332844" lon="23.04772535338998">
        <ele>552.8</ele>
        <time>2025-05-09T07:58:03</time>
      </trkpt>
      <trkpt lat="46.36108587495983" lon="23.04781881161034">
        <ele>552.8</ele>
        <time>2025-05-09T07:58:04</time>
      </trkpt>
      <trkpt lat="46.3613670039922" lon="23.048561112955213">
        <ele>552.5999999999999</ele>
        <time>2025-05-09T07:58:12</time>
      </trkpt>
      <trkpt lat="46.361641427502036" lon="23.049316070973873">
        <ele>552.5999999999999</ele>
        <time>2025-05-09T07:58:20</time>
      </trkpt>
      <trkpt lat="46.36178333312273" lon="23.049695184454322">
        <ele>552.4000000000001</ele>
        <time>2025-05-09T07:58:24</time>
      </trkpt>
      <trkpt lat="46.362025402486324" lon="23.050417620688677">
        <ele>552.2</ele>
        <time>2025-05-09T07:58:32</time>
      </trkpt>
      <trkpt lat="46.36217719875276" lon="23.051060177385807">
        <ele>552.2</ele>
        <time>2025-05-09T07:58:39</time>
      </trkpt>
      <trkpt lat="46.36231390759349" lon="23.051792755723">
        <ele>552.4000000000001</ele>
        <time>2025-05-09T07:58:47</time>
      </trkpt>
      <trkpt lat="46.36252949014306" lon="23.052583504468203">
        <ele>552.5999999999999</ele>
        <time>2025-05-09T07:58:56</time>
      </trkpt>
      <trkpt lat="46.36264926753938" lon="23.052894975990057">
        <ele>552.5999999999999</ele>
        <time>2025-05-09T07:59:00</time>
      </trkpt>
      <trkpt lat="46.36267701163888" lon="23.052975023165345">
        <ele>552.5999999999999</ele>
        <time>2025-05-09T07:59:01</time>
      </trkpt>
      <trkpt lat="46.36282847262919" lon="23.053593104705215">
        <ele>552.5999999999999</ele>
        <time>2025-05-09T07:59:08</time>
      </trkpt>
      <trkpt lat="46.36297616176307" lon="23.054244378581643">
        <ele>552.2</ele>
        <time>2025-05-09T07:59:15</time>
      </trkpt>
      <trkpt lat="46.36301279067993" lon="23.054432133212686">
        <ele>552.0</ele>
        <time>2025-05-09T07:59:17</time>
      </trkpt>
      <trkpt lat="46.36309677734971" lon="23.055054573342204">
        <ele>552.0</ele>
        <time>2025-05-09T07:59:24</time>
      </trkpt>
      <trkpt lat="46.36307884007692" lon="23.055726466700435">
        <ele>552.8</ele>
        <time>2025-05-09T07:59:32</time>
      </trkpt>
      <trkpt lat="46.36300130747259" lon="23.056470109149814">
        <ele>553.0</ele>
        <time>2025-05-09T07:59:41</time>
      </trkpt>
      <trkpt lat="46.36290717869997" lon="23.05706455372274">
        <ele>552.8</ele>
        <time>2025-05-09T07:59:48</time>
      </trkpt>
      <trkpt lat="46.36280609294772" lon="23.057791935279965">
        <ele>552.4000000000001</ele>
        <time>2025-05-09T07:59:56</time>
      </trkpt>
      <trkpt lat="46.36270869523287" lon="23.058583522215486">
        <ele>551.2</ele>
        <time>2025-05-09T08:00:04</time>
      </trkpt>
      <trkpt lat="46.36267885565758" lon="23.05877923965454">
        <ele>551.0</ele>
        <time>2025-05-09T08:00:06</time>
      </trkpt>
      <trkpt lat="46.36253711767495" lon="23.059460017830133">
        <ele>550.4000000000001</ele>
        <time>2025-05-09T08:00:13</time>
      </trkpt>
      <trkpt lat="46.36231482960284" lon="23.059942983090878">
        <ele>550.4000000000001</ele>
        <time>2025-05-09T08:00:19</time>
      </trkpt>
      <trkpt lat="46.36199774220586" lon="23.060489147901535">
        <ele>550.5999999999999</ele>
        <time>2025-05-09T08:00:27</time>
      </trkpt>
      <trkpt lat="46.36178609915078" lon="23.060822831466794">
        <ele>550.5999999999999</ele>
        <time>2025-05-09T08:00:32</time>
      </trkpt>
      <trkpt lat="46.36151905171573" lon="23.061256678774953">
        <ele>550.8</ele>
        <time>2025-05-09T08:00:39</time>
      </trkpt>
      <trkpt lat="46.36141151189804" lon="23.061434626579285">
        <ele>551.0</ele>
        <time>2025-05-09T08:00:42</time>
      </trkpt>
      <trkpt lat="46.36130950413644" lon="23.06162690743804">
        <ele>551.2</ele>
        <time>2025-05-09T08:00:45</time>
      </trkpt>
      <trkpt lat="46.361143961548805" lon="23.06194801814854">
        <ele>551.5999999999999</ele>
        <time>2025-05-09T08:00:50</time>
      </trkpt>
      <trkpt lat="46.36097741313279" lon="23.06235638447106">
        <ele>552.2</ele>
        <time>2025-05-09T08:00:56</time>
      </trkpt>
      <trkpt lat="46.36092762462795" lon="23.062491081655025">
        <ele>552.4000000000001</ele>
        <time>2025-05-09T08:00:58</time>
      </trkpt>
      <trkpt lat="46.36080767959356" lon="23.062938172370195">
        <ele>552.4000000000001</ele>
        <time>2025-05-09T08:01:04</time>
      </trkpt>
      <trkpt lat="46.360605927184224" lon="23.063600091263652">
        <ele>552.0</ele>
        <time>2025-05-09T08:01:12</time>
      </trkpt>
      <trkpt lat="46.36043258942664" lon="23.06401088833809">
        <ele>551.2</ele>
        <time>2025-05-09T08:01:17</time>
      </trkpt>
      <trkpt lat="46.36031046509743" lon="23.064241390675306">
        <ele>550.8</ele>
        <time>2025-05-09T08:01:20</time>
      </trkpt>
      <trkpt lat="46.36007376015186" lon="23.064707424491644">
        <ele>550.2</ele>
        <time>2025-05-09T08:01:26</time>
      </trkpt>
      <trkpt lat="46.360036209225655" lon="23.064784621819854">
        <ele>550.2</ele>
        <time>2025-05-09T08:01:27</time>
      </trkpt>
      <trkpt lat="46.35975499637425" lon="23.06544796563685">
        <ele>550.0</ele>
        <time>2025-05-09T08:01:35</time>
      </trkpt>
      <trkpt lat="46.35959389619529" lon="23.066094713285565">
        <ele>549.4000000000001</ele>
        <time>2025-05-09T08:01:42</time>
      </trkpt>
      <trkpt lat="46.35957377962768" lon="23.06618238799274">
        <ele>549.2</ele>
        <time>2025-05-09T08:01:43</time>
      </trkpt>
      <trkpt lat="46.35946716181934" lon="23.066787645220757">
        <ele>549.0</ele>
        <time>2025-05-09T08:01:50</time>
      </trkpt>
      <trkpt lat="46.35946825146675" lon="23.06738829240203">
        <ele>549.2</ele>
        <time>2025-05-09T08:01:57</time>
      </trkpt>
      <trkpt lat="46.3595571834594" lon="23.06793412193656">
        <ele>549.2</ele>
        <time>2025-05-09T08:02:03</time>
      </trkpt>
      <trkpt lat="46.359702022746205" lon="23.06875018402934">
        <ele>548.8</ele>
        <time>2025-05-09T08:02:11</time>
      </trkpt>
      <trkpt lat="46.35973806492984" lon="23.06895688176155">
        <ele>548.5999999999999</ele>
        <time>2025-05-09T08:02:13</time>
      </trkpt>
      <trkpt lat="46.35977301746607" lon="23.069157293066382">
        <ele>548.0</ele>
        <time>2025-05-09T08:02:15</time>
      </trkpt>
      <trkpt lat="46.35987075045705" lon="23.06972206570208">
        <ele>547.5999999999999</ele>
        <time>2025-05-09T08:02:21</time>
      </trkpt>
      <trkpt lat="46.36000829748809" lon="23.070484986528754">
        <ele>547.5999999999999</ele>
        <time>2025-05-09T08:02:30</time>
      </trkpt>
      <trkpt lat="46.36002422310412" lon="23.07056637480855">
        <ele>547.5999999999999</ele>
        <time>2025-05-09T08:02:31</time>
      </trkpt>
      <trkpt lat="46.3601478561759" lon="23.07132812216878">
        <ele>547.2</ele>
        <time>2025-05-09T08:02:40</time>
      </trkpt>
      <trkpt lat="46.36016881093383" lon="23.07167605496943">
        <ele>547.0</ele>
        <time>2025-05-09T08:02:44</time>
      </trkpt>
      <trkpt lat="46.36016587726772" lon="23.071846961975098">
        <ele>547.0</ele>
        <time>2025-05-09T08:02:46</time>
      </trkpt>
      <trkpt lat="46.36019370518625" lon="23.072422463446856">
        <ele>547.0</ele>
        <time>2025-05-09T08:02:53</time>
      </trkpt>
      <trkpt lat="46.36030116118491" lon="23.073231065645814">
        <ele>546.4000000000001</ele>
        <time>2025-05-09T08:03:02</time>
      </trkpt>
      <trkpt lat="46.36033737100661" lon="23.07377815246582">
        <ele>546.0</ele>
        <time>2025-05-09T08:03:08</time>
      </trkpt>
      <trkpt lat="46.36033644899726" lon="23.073863480240107">
        <ele>546.0</ele>
        <time>2025-05-09T08:03:09</time>
      </trkpt>
      <trkpt lat="46.36031926609576" lon="23.07448181323707">
        <ele>546.0</ele>
        <time>2025-05-09T08:03:17</time>
      </trkpt>
      <trkpt lat="46.36031532660127" lon="23.075144989416003">
        <ele>546.5999999999999</ele>
        <time>2025-05-09T08:03:26</time>
      </trkpt>
      <trkpt lat="46.360335275530815" lon="23.075354285538197">
        <ele>547.0</ele>
        <time>2025-05-09T08:03:29</time>
      </trkpt>
      <trkpt lat="46.360380202531815" lon="23.07563298381865">
        <ele>547.2</ele>
        <time>2025-05-09T08:03:33</time>
      </trkpt>
      <trkpt lat="46.36049880646169" lon="23.07622021995485">
        <ele>547.5999999999999</ele>
        <time>2025-05-09T08:03:41</time>
      </trkpt>
      <trkpt lat="46.360608441755176" lon="23.076779544353485">
        <ele>547.8</ele>
        <time>2025-05-09T08:03:49</time>
      </trkpt>
      <trkpt lat="46.360605927184224" lon="23.076852886006236">
        <ele>547.8</ele>
        <time>2025-05-09T08:03:50</time>
      </trkpt>
      <trkpt lat="46.36059704236686" lon="23.077001329511404">
        <ele>548.0</ele>
        <time>2025-05-09T08:03:52</time>
      </trkpt>
      <trkpt lat="46.3606278039515" lon="23.077152874320745">
        <ele>548.0</ele>
        <time>2025-05-09T08:03:54</time>
      </trkpt>
      <trkpt lat="46.36068773455918" lon="23.077293522655964">
        <ele>548.0</ele>
        <time>2025-05-09T08:03:56</time>
      </trkpt>
      <trkpt lat="46.36078806594014" lon="23.07748731225729">
        <ele>548.0</ele>
        <time>2025-05-09T08:03:59</time>
      </trkpt>
      <trkpt lat="46.36081874370575" lon="23.077552188187838">
        <ele>548.0</ele>
        <time>2025-05-09T08:04:00</time>
      </trkpt>
      <trkpt lat="46.36099903844297" lon="23.077958459034562">
        <ele>548.0</ele>
        <time>2025-05-09T08:04:06</time>
      </trkpt>
      <trkpt lat="46.36128880083561" lon="23.078608894720674">
        <ele>547.8</ele>
        <time>2025-05-09T08:04:14</time>
      </trkpt>
      <trkpt lat="46.36156238615513" lon="23.07921649888158">
        <ele>546.8</ele>
        <time>2025-05-09T08:04:21</time>
      </trkpt>
      <trkpt lat="46.36160479858518" lon="23.079295372590423">
        <ele>546.4000000000001</ele>
        <time>2025-05-09T08:04:22</time>
      </trkpt>
      <trkpt lat="46.36178081855178" lon="23.079591589048505">
        <ele>545.5999999999999</ele>
        <time>2025-05-09T08:04:26</time>
      </trkpt>
      <trkpt lat="46.361978966742754" lon="23.079866599291563">
        <ele>545.4000000000001</ele>
        <time>2025-05-09T08:04:30</time>
      </trkpt>
      <trkpt lat="46.36237593367696" lon="23.080362807959318">
        <ele>545.2</ele>
        <time>2025-05-09T08:04:38</time>
      </trkpt>
      <trkpt lat="46.36260333471" lon="23.080498594790697">
        <ele>545.2</ele>
        <time>2025-05-09T08:04:42</time>
      </trkpt>
      <trkpt lat="46.362659242004156" lon="23.080522064119577">
        <ele>545.2</ele>
        <time>2025-05-09T08:04:43</time>
      </trkpt>
      <trkpt lat="46.36296325363219" lon="23.080582665279508">
        <ele>545.5999999999999</ele>
        <time>2025-05-09T08:04:49</time>
      </trkpt>
      <trkpt lat="46.36321454308927" lon="23.080610912293196">
        <ele>546.8</ele>
        <time>2025-05-09T08:04:55</time>
      </trkpt>
      <trkpt lat="46.36325553059578" lon="23.0806125048548">
        <ele>547.0</ele>
        <time>2025-05-09T08:04:56</time>
      </trkpt>
      <trkpt lat="46.36341629549861" lon="23.08062574826181">
        <ele>547.8</ele>
        <time>2025-05-09T08:05:00</time>
      </trkpt>
      <trkpt lat="46.363581251353025" lon="23.080636896193027">
        <ele>548.4000000000001</ele>
        <time>2025-05-09T08:05:04</time>
      </trkpt>
      <trkpt lat="46.36367152445018" lon="23.080647541210055">
        <ele>548.8</ele>
        <time>2025-05-09T08:05:06</time>
      </trkpt>
      <trkpt lat="46.36391669511795" lon="23.08072742074728">
        <ele>549.4000000000001</ele>
        <time>2025-05-09T08:05:11</time>
      </trkpt>
      <trkpt lat="46.36424358934164" lon="23.08097904548049">
        <ele>549.4000000000001</ele>
        <time>2025-05-09T08:05:18</time>
      </trkpt>
      <trkpt lat="46.364650363102555" lon="23.081274591386318">
        <ele>549.2</ele>
        <time>2025-05-09T08:05:26</time>
      </trkpt>
      <trkpt lat="46.36505076661706" lon="23.081394201144576">
        <ele>548.5999999999999</ele>
        <time>2025-05-09T08:05:32</time>
      </trkpt>
      <trkpt lat="46.36533038690686" lon="23.081435607746243">
        <ele>547.8</ele>
        <time>2025-05-09T08:05:36</time>
      </trkpt>
      <trkpt lat="46.36553012765944" lon="23.08147944509983">
        <ele>547.0</ele>
        <time>2025-05-09T08:05:39</time>
      </trkpt>
      <trkpt lat="46.36559994891286" lon="23.081493778154254">
        <ele>546.8</ele>
        <time>2025-05-09T08:05:40</time>
      </trkpt>
      <trkpt lat="46.36598752811551" lon="23.08158933185041">
        <ele>545.8</ele>
        <time>2025-05-09T08:05:46</time>
      </trkpt>
      <trkpt lat="46.36605248786509" lon="23.081595869734883">
        <ele>545.5999999999999</ele>
        <time>2025-05-09T08:05:47</time>
      </trkpt>
      <trkpt lat="46.36648231185973" lon="23.081577764824033">
        <ele>545.5999999999999</ele>
        <time>2025-05-09T08:05:54</time>
      </trkpt>
      <trkpt lat="46.36677182279527" lon="23.0814500246197">
        <ele>545.5999999999999</ele>
        <time>2025-05-09T08:05:59</time>
      </trkpt>
      <trkpt lat="46.367140458896756" lon="23.081284817308187">
        <ele>545.4000000000001</ele>
        <time>2025-05-09T08:06:05</time>
      </trkpt>
      <trkpt lat="46.36744706891477" lon="23.081292025744915">
        <ele>545.4000000000001</ele>
        <time>2025-05-09T08:06:10</time>
      </trkpt>
      <trkpt lat="46.36787412688136" lon="23.08138749562204">
        <ele>544.8</ele>
        <time>2025-05-09T08:06:18</time>
      </trkpt>
      <trkpt lat="46.36828023009002" lon="23.081487910822034">
        <ele>545.0</ele>
        <time>2025-05-09T08:06:27</time>
      </trkpt>
      <trkpt lat="46.368722124025226" lon="23.081605676561594">
        <ele>545.8</ele>
        <time>2025-05-09T08:06:37</time>
      </trkpt>
      <trkpt lat="46.369027979671955" lon="23.081743055954576">
        <ele>546.4000000000001</ele>
        <time>2025-05-09T08:06:44</time>
      </trkpt>
      <trkpt lat="46.369069553911686" lon="23.081779265776277">
        <ele>546.4000000000001</ele>
        <time>2025-05-09T08:06:45</time>
      </trkpt>
      <trkpt lat="46.369201987981796" lon="23.081984454765916">
        <ele>546.8</ele>
        <time>2025-05-09T08:06:49</time>
      </trkpt>
      <trkpt lat="46.36923040263355" lon="23.082045642659068">
        <ele>547.2</ele>
        <time>2025-05-09T08:06:50</time>
      </trkpt>
      <trkpt lat="46.3693917542696" lon="23.082447554916143">
        <ele>547.5999999999999</ele>
        <time>2025-05-09T08:06:56</time>
      </trkpt>
      <trkpt lat="46.36968210339546" lon="23.083172338083386">
        <ele>546.8</ele>
        <time>2025-05-09T08:07:06</time>
      </trkpt>
      <trkpt lat="46.369942193850875" lon="23.083815397694707">
        <ele>546.2</ele>
        <time>2025-05-09T08:07:14</time>
      </trkpt>
      <trkpt lat="46.370040932670236" lon="23.084055706858635">
        <ele>545.8</ele>
        <time>2025-05-09T08:07:17</time>
      </trkpt>
      <trkpt lat="46.37030244804919" lon="23.08467010036111">
        <ele>545.4000000000001</ele>
        <time>2025-05-09T08:07:25</time>
      </trkpt>
      <trkpt lat="46.370583744719625" lon="23.08521492406726">
        <ele>545.2</ele>
        <time>2025-05-09T08:07:33</time>
      </trkpt>
      <trkpt lat="46.37096579186618" lon="23.08582336641848">
        <ele>545.4000000000001</ele>
        <time>2025-05-09T08:07:43</time>
      </trkpt>
      <trkpt lat="46.37100728228688" lon="23.085885560140014">
        <ele>545.4000000000001</ele>
        <time>2025-05-09T08:07:44</time>
      </trkpt>
      <trkpt lat="46.371407099068165" lon="23.086495343595743">
        <ele>545.4000000000001</ele>
        <time>2025-05-09T08:07:53</time>
      </trkpt>
      <trkpt lat="46.37173625640571" lon="23.086980739608407">
        <ele>545.0</ele>
        <time>2025-05-09T08:08:00</time>
      </trkpt>
      <trkpt lat="46.37186927720904" lon="23.087163046002388">
        <ele>544.8</ele>
        <time>2025-05-09T08:08:03</time>
      </trkpt>
      <trkpt lat="46.37228577397764" lon="23.087723795324564">
        <ele>544.5999999999999</ele>
        <time>2025-05-09T08:08:12</time>
      </trkpt>
      <trkpt lat="46.3723324611783" lon="23.087789257988334">
        <ele>544.5999999999999</ele>
        <time>2025-05-09T08:08:13</time>
      </trkpt>
      <trkpt lat="46.37269397266209" lon="23.08827079832554">
        <ele>544.4000000000001</ele>
        <time>2025-05-09T08:08:20</time>
      </trkpt>
      <trkpt lat="46.37291852384806" lon="23.088577073067427">
        <ele>544.0</ele>
        <time>2025-05-09T08:08:24</time>
      </trkpt>
      <trkpt lat="46.37319621630013" lon="23.08894520625472">
        <ele>543.0</ele>
        <time>2025-05-09T08:08:29</time>
      </trkpt>
      <trkpt lat="46.37324994429946" lon="23.089017206802964">
        <ele>543.0</ele>
        <time>2025-05-09T08:08:30</time>
      </trkpt>
      <trkpt lat="46.3736657705158" lon="23.089571753516793">
        <ele>542.4000000000001</ele>
        <time>2025-05-09T08:08:38</time>
      </trkpt>
      <trkpt lat="46.37376702390611" lon="23.089707121253014">
        <ele>542.4000000000001</ele>
        <time>2025-05-09T08:08:40</time>
      </trkpt>
      <trkpt lat="46.374168349429965" lon="23.090242808684707">
        <ele>542.4000000000001</ele>
        <time>2025-05-09T08:08:48</time>
      </trkpt>
      <trkpt lat="46.37436339631677" lon="23.09049895964563">
        <ele>542.5999999999999</ele>
        <time>2025-05-09T08:08:52</time>
      </trkpt>
      <trkpt lat="46.3747675716877" lon="23.091012351214886">
        <ele>543.0</ele>
        <time>2025-05-09T08:09:00</time>
      </trkpt>
      <trkpt lat="46.3752197753638" lon="23.091541919857264">
        <ele>542.5999999999999</ele>
        <time>2025-05-09T08:09:08</time>
      </trkpt>
      <trkpt lat="46.37528121471405" lon="23.091611908748746">
        <ele>542.4000000000001</ele>
        <time>2025-05-09T08:09:09</time>
      </trkpt>
      <trkpt lat="46.37558748945594" lon="23.09197618626058">
        <ele>542.0</ele>
        <time>2025-05-09T08:09:14</time>
      </trkpt>
      <trkpt lat="46.375746158882976" lon="23.0922238714993">
        <ele>541.5999999999999</ele>
        <time>2025-05-09T08:09:17</time>
      </trkpt>
      <trkpt lat="46.37588068842888" lon="23.09249402023852">
        <ele>541.2</ele>
        <time>2025-05-09T08:09:20</time>
      </trkpt>
      <trkpt lat="46.37603818438947" lon="23.09286056086421">
        <ele>540.8</ele>
        <time>2025-05-09T08:09:24</time>
      </trkpt>
      <trkpt lat="46.376334484666586" lon="23.093581572175026">
        <ele>540.5999999999999</ele>
        <time>2025-05-09T08:09:32</time>
      </trkpt>
      <trkpt lat="46.37636843137443" lon="23.093671007081866">
        <ele>540.5999999999999</ele>
        <time>2025-05-09T08:09:33</time>
      </trkpt>
      <trkpt lat="46.37660287320614" lon="23.094418924301863">
        <ele>540.5999999999999</ele>
        <time>2025-05-09T08:09:41</time>
      </trkpt>
      <trkpt lat="46.37683077715337" lon="23.09512778185308">
        <ele>540.8</ele>
        <time>2025-05-09T08:09:49</time>
      </trkpt>
      <trkpt lat="46.37685935944319" lon="23.09520984068513">
        <ele>540.8</ele>
        <time>2025-05-09T08:09:50</time>
      </trkpt>
      <trkpt lat="46.3770816475153" lon="23.095930516719818">
        <ele>540.8</ele>
        <time>2025-05-09T08:09:59</time>
      </trkpt>
      <trkpt lat="46.37711978517473" lon="23.096085330471396">
        <ele>541.0</ele>
        <time>2025-05-09T08:10:01</time>
      </trkpt>
      <trkpt lat="46.37726210989058" lon="23.096660748124123">
        <ele>541.4000000000001</ele>
        <time>2025-05-09T08:10:09</time>
      </trkpt>
      <trkpt lat="46.377412313595414" lon="23.09725569561124">
        <ele>542.2</ele>
        <time>2025-05-09T08:10:18</time>
      </trkpt>
      <trkpt lat="46.37745120562613" lon="23.097382178530097">
        <ele>542.4000000000001</ele>
        <time>2025-05-09T08:10:20</time>
      </trkpt>
      <trkpt lat="46.37747526168823" lon="23.097443282604218">
        <ele>542.4000000000001</ele>
        <time>2025-05-09T08:10:21</time>
      </trkpt>
      <trkpt lat="46.377608282491565" lon="23.097636150196195">
        <ele>542.8</ele>
        <time>2025-05-09T08:10:25</time>
      </trkpt>
      <trkpt lat="46.37764725834131" lon="23.097674790769815">
        <ele>542.8</ele>
        <time>2025-05-09T08:10:26</time>
      </trkpt>
      <trkpt lat="46.377931740134954" lon="23.097929935902357">
        <ele>543.2</ele>
        <time>2025-05-09T08:10:33</time>
      </trkpt>
      <trkpt lat="46.378163835033774" lon="23.098129760473967">
        <ele>543.2</ele>
        <time>2025-05-09T08:10:39</time>
      </trkpt>
      <trkpt lat="46.378230303525925" lon="23.098187008872628">
        <ele>543.5999999999999</ele>
        <time>2025-05-09T08:10:41</time>
      </trkpt>
      <trkpt lat="46.37838796712458" lon="23.098314916715026">
        <ele>544.5999999999999</ele>
        <time>2025-05-09T08:10:46</time>
      </trkpt>
      <trkpt lat="46.378493662923574" lon="23.09842061251402">
        <ele>545.2</ele>
        <time>2025-05-09T08:10:50</time>
      </trkpt>
      <trkpt lat="46.37854361906648" lon="23.098466461524367">
        <ele>545.5999999999999</ele>
        <time>2025-05-09T08:10:52</time>
      </trkpt>
      <trkpt lat="46.37868158519268" lon="23.098618844524026">
        <ele>546.5999999999999</ele>
        <time>2025-05-09T08:10:58</time>
      </trkpt>
      <trkpt lat="46.37880865484476" lon="23.09885747730732">
        <ele>547.5999999999999</ele>
        <time>2025-05-09T08:11:05</time>
      </trkpt>
      <trkpt lat="46.3788203895092" lon="23.098898380994797">
        <ele>547.5999999999999</ele>
        <time>2025-05-09T08:11:06</time>
      </trkpt>
      <trkpt lat="46.37888710945845" lon="23.09917221777141">
        <ele>548.4000000000001</ele>
        <time>2025-05-09T08:11:12</time>
      </trkpt>
      <trkpt lat="46.37889792211354" lon="23.09927389025688">
        <ele>548.5999999999999</ele>
        <time>2025-05-09T08:11:14</time>
      </trkpt>
      <trkpt lat="46.37888585217297" lon="23.09947606176138">
        <ele>549.0</ele>
        <time>2025-05-09T08:11:18</time>
      </trkpt>
      <trkpt lat="46.37884235009551" lon="23.09962366707623">
        <ele>549.2</ele>
        <time>2025-05-09T08:11:21</time>
      </trkpt>
      <trkpt lat="46.37878996320069" lon="23.09971704147756">
        <ele>549.2</ele>
        <time>2025-05-09T08:11:23</time>
      </trkpt>
      <trkpt lat="46.37854705564678" lon="23.10004871338606">
        <ele>549.4000000000001</ele>
        <time>2025-05-09T08:11:30</time>
      </trkpt>
      <trkpt lat="46.37830674648285" lon="23.10039136558771">
        <ele>549.4000000000001</ele>
        <time>2025-05-09T08:11:37</time>
      </trkpt>
      <trkpt lat="46.3781554531306" lon="23.10068397782743">
        <ele>549.2</ele>
        <time>2025-05-09T08:11:44</time>
      </trkpt>
      <trkpt lat="46.378144305199385" lon="23.100703423842788">
        <ele>549.2</ele>
        <time>2025-05-09T08:11:45</time>
      </trkpt>
      <trkpt lat="46.37811345979571" lon="23.10075782239437">
        <ele>549.0</ele>
        <time>2025-05-09T08:11:50</time>
      </trkpt>
      <trkpt lat="46.37806249782443" lon="23.100888580083847">
        <ele>549.2</ele>
        <time>2025-05-09T08:11:55</time>
      </trkpt>
      <trkpt lat="46.37798328883946" lon="23.101021936163306">
        <ele>549.4000000000001</ele>
        <time>2025-05-09T08:12:00</time>
      </trkpt>
      <trkpt lat="46.37785672210157" lon="23.101217402145267">
        <ele>549.4000000000001</ele>
        <time>2025-05-09T08:12:06</time>
      </trkpt>
      <trkpt lat="46.37766712345183" lon="23.10137238353491">
        <ele>549.4000000000001</ele>
        <time>2025-05-09T08:12:12</time>
      </trkpt>
      <trkpt lat="46.37742714956403" lon="23.10153122060001">
        <ele>549.5999999999999</ele>
        <time>2025-05-09T08:12:19</time>
      </trkpt>
      <trkpt lat="46.377336625009775" lon="23.10159869492054">
        <ele>550.0</ele>
        <time>2025-05-09T08:12:22</time>
      </trkpt>
      <trkpt lat="46.377193881198764" lon="23.101712856441736">
        <ele>550.4000000000001</ele>
        <time>2025-05-09T08:12:27</time>
      </trkpt>
      <trkpt lat="46.37711743824184" lon="23.101787120103836">
        <ele>551.4000000000001</ele>
        <time>2025-05-09T08:12:30</time>
      </trkpt>
      <trkpt lat="46.37697880156338" lon="23.101970180869102">
        <ele>552.4000000000001</ele>
        <time>2025-05-09T08:12:36</time>
      </trkpt>
      <trkpt lat="46.37687997892499" lon="23.102148296311498">
        <ele>553.4000000000001</ele>
        <time>2025-05-09T08:12:41</time>
      </trkpt>
      <trkpt lat="46.37682365253568" lon="23.10225298628211">
        <ele>554.0</ele>
        <time>2025-05-09T08:12:44</time>
      </trkpt>
      <trkpt lat="46.37678316794336" lon="23.1023243162781">
        <ele>554.5999999999999</ele>
        <time>2025-05-09T08:12:46</time>
      </trkpt>
      <trkpt lat="46.37666556984186" lon="23.10247376561165">
        <ele>555.2</ele>
        <time>2025-05-09T08:12:51</time>
      </trkpt>
      <trkpt lat="46.376502541825175" lon="23.10262874700129">
        <ele>555.5999999999999</ele>
        <time>2025-05-09T08:12:57</time>
      </trkpt>
      <trkpt lat="46.37645040638745" lon="23.1026869174093">
        <ele>555.8</ele>
        <time>2025-05-09T08:12:59</time>
      </trkpt>
      <trkpt lat="46.37624136172235" lon="23.102918341755867">
        <ele>556.4000000000001</ele>
        <time>2025-05-09T08:13:06</time>
      </trkpt>
      <trkpt lat="46.37604673393071" lon="23.103205086663365">
        <ele>556.4000000000001</ele>
        <time>2025-05-09T08:13:12</time>
      </trkpt>
      <trkpt lat="46.375749595463276" lon="23.103665336966515">
        <ele>555.8</ele>
        <time>2025-05-09T08:13:20</time>
      </trkpt>
      <trkpt lat="46.37541247531772" lon="23.10418643988669">
        <ele>554.8</ele>
        <time>2025-05-09T08:13:28</time>
      </trkpt>
      <trkpt lat="46.37503042817116" lon="23.104775603860617">
        <ele>553.8</ele>
        <time>2025-05-09T08:13:37</time>
      </trkpt>
      <trkpt lat="46.37499153614044" lon="23.104840479791164">
        <ele>553.8</ele>
        <time>2025-05-09T08:13:38</time>
      </trkpt>
      <trkpt lat="46.37484761886299" lon="23.105101073160768">
        <ele>553.5999999999999</ele>
        <time>2025-05-09T08:13:42</time>
      </trkpt>
      <trkpt lat="46.37482088059187" lon="23.105267537757754">
        <ele>553.5999999999999</ele>
        <time>2025-05-09T08:13:44</time>
      </trkpt>
      <trkpt lat="46.374858347699046" lon="23.10554246418178">
        <ele>553.4000000000001</ele>
        <time>2025-05-09T08:13:47</time>
      </trkpt>
      <trkpt lat="46.374880727380514" lon="23.105642208829522">
        <ele>553.4000000000001</ele>
        <time>2025-05-09T08:13:48</time>
      </trkpt>
      <trkpt lat="46.375022968277335" lon="23.10628560371697">
        <ele>552.8</ele>
        <time>2025-05-09T08:13:54</time>
      </trkpt>
      <trkpt lat="46.375031769275665" lon="23.106625908985734">
        <ele>552.0</ele>
        <time>2025-05-09T08:13:57</time>
      </trkpt>
      <trkpt lat="46.375009808689356" lon="23.106850376352668">
        <ele>551.2</ele>
        <time>2025-05-09T08:13:59</time>
      </trkpt>
      <trkpt lat="46.37498860247433" lon="23.106962023302913">
        <ele>550.8</ele>
        <time>2025-05-09T08:14:00</time>
      </trkpt>
      <trkpt lat="46.37493613176048" lon="23.107181964442134">
        <ele>549.8</ele>
        <time>2025-05-09T08:14:02</time>
      </trkpt>
      <trkpt lat="46.37482205405831" lon="23.10761078260839">
        <ele>548.4000000000001</ele>
        <time>2025-05-09T08:14:06</time>
      </trkpt>
      <trkpt lat="46.374795231968164" lon="23.107717484235764">
        <ele>548.0</ele>
        <time>2025-05-09T08:14:07</time>
      </trkpt>
      <trkpt lat="46.37477193027735" lon="23.10782728716731">
        <ele>547.5999999999999</ele>
        <time>2025-05-09T08:14:08</time>
      </trkpt>
      <trkpt lat="46.374754244461656" lon="23.107939437031746">
        <ele>547.2</ele>
        <time>2025-05-09T08:14:09</time>
      </trkpt>
      <trkpt lat="46.37474217452109" lon="23.108173292130232">
        <ele>546.8</ele>
        <time>2025-05-09T08:14:11</time>
      </trkpt>
      <trkpt lat="46.37475558556616" lon="23.108412930741906">
        <ele>546.2</ele>
        <time>2025-05-09T08:14:13</time>
      </trkpt>
      <trkpt lat="46.37479657307267" lon="23.108773436397314">
        <ele>545.0</ele>
        <time>2025-05-09T08:14:16</time>
      </trkpt>
      <trkpt lat="46.37484728358686" lon="23.109221616759896">
        <ele>543.8</ele>
        <time>2025-05-09T08:14:20</time>
      </trkpt>
      <trkpt lat="46.37489514425397" lon="23.10965915210545">
        <ele>542.5999999999999</ele>
        <time>2025-05-09T08:14:24</time>
      </trkpt>
      <trkpt lat="46.37490729801357" lon="23.10976618900895">
        <ele>542.5999999999999</ele>
        <time>2025-05-09T08:14:25</time>
      </trkpt>
      <trkpt lat="46.37499430216849" lon="23.110628770664334">
        <ele>542.0</ele>
        <time>2025-05-09T08:14:33</time>
      </trkpt>
      <trkpt lat="46.375003941357136" lon="23.110735472291708">
        <ele>541.5999999999999</ele>
        <time>2025-05-09T08:14:34</time>
      </trkpt>
      <trkpt lat="46.375013161450624" lon="23.110841000452638">
        <ele>541.4000000000001</ele>
        <time>2025-05-09T08:14:35</time>
      </trkpt>
      <trkpt lat="46.37508491054177" lon="23.11163568869233">
        <ele>541.4000000000001</ele>
        <time>2025-05-09T08:14:43</time>
      </trkpt>
      <trkpt lat="46.37509253807366" lon="23.111729649826884">
        <ele>541.4000000000001</ele>
        <time>2025-05-09T08:14:44</time>
      </trkpt>
      <trkpt lat="46.375166131183505" lon="23.11256398446858">
        <ele>541.5999999999999</ele>
        <time>2025-05-09T08:14:53</time>
      </trkpt>
      <trkpt lat="46.375171998515725" lon="23.11265593394637">
        <ele>541.5999999999999</ele>
        <time>2025-05-09T08:14:54</time>
      </trkpt>
      <trkpt lat="46.375237461179495" lon="23.11351985670626">
        <ele>541.5999999999999</ele>
        <time>2025-05-09T08:15:03</time>
      </trkpt>
      <trkpt lat="46.375295547768474" lon="23.11437925323844">
        <ele>541.2</ele>
        <time>2025-05-09T08:15:12</time>
      </trkpt>
      <trkpt lat="46.37530175037682" lon="23.11447413638234">
        <ele>541.2</ele>
        <time>2025-05-09T08:15:13</time>
      </trkpt>
      <trkpt lat="46.375378193333745" lon="23.115136893466115">
        <ele>540.8</ele>
        <time>2025-05-09T08:15:20</time>
      </trkpt>
      <trkpt lat="46.37540275231004" lon="23.115223478525877">
        <ele>540.5999999999999</ele>
        <time>2025-05-09T08:15:21</time>
      </trkpt>
      <trkpt lat="46.375545831397176" lon="23.11553788371384">
        <ele>540.4000000000001</ele>
        <time>2025-05-09T08:15:25</time>
      </trkpt>
      <trkpt lat="46.3755910936743" lon="23.11560812406242">
        <ele>540.2</ele>
        <time>2025-05-09T08:15:26</time>
      </trkpt>
      <trkpt lat="46.375898625701666" lon="23.116020765155554">
        <ele>539.8</ele>
        <time>2025-05-09T08:15:32</time>
      </trkpt>
      <trkpt lat="46.37633859179914" lon="23.116544550284743">
        <ele>539.8</ele>
        <time>2025-05-09T08:15:40</time>
      </trkpt>
      <trkpt lat="46.37644738890231" lon="23.116667680442333">
        <ele>540.0</ele>
        <time>2025-05-09T08:15:42</time>
      </trkpt>
      <trkpt lat="46.376870926469564" lon="23.1170959956944">
        <ele>540.2</ele>
        <time>2025-05-09T08:15:50</time>
      </trkpt>
      <trkpt lat="46.37730083428323" lon="23.11748248524964">
        <ele>540.4000000000001</ele>
        <time>2025-05-09T08:15:58</time>
      </trkpt>
      <trkpt lat="46.377760246396065" lon="23.117879619821906">
        <ele>540.2</ele>
        <time>2025-05-09T08:16:06</time>
      </trkpt>
      <trkpt lat="46.37805118225515" lon="23.118130154907703">
        <ele>539.5999999999999</ele>
        <time>2025-05-09T08:16:11</time>
      </trkpt>
      <trkpt lat="46.37833759188652" lon="23.118374906480312">
        <ele>539.4000000000001</ele>
        <time>2025-05-09T08:16:16</time>
      </trkpt>
      <trkpt lat="46.378848887979984" lon="23.118809843435884">
        <ele>540.4000000000001</ele>
        <time>2025-05-09T08:16:25</time>
      </trkpt>
      <trkpt lat="46.37896447442472" lon="23.11890833079815">
        <ele>540.8</ele>
        <time>2025-05-09T08:16:27</time>
      </trkpt>
      <trkpt lat="46.379317520186305" lon="23.119215359911323">
        <ele>541.2</ele>
        <time>2025-05-09T08:16:33</time>
      </trkpt>
      <trkpt lat="46.3796838093549" lon="23.11958567239344">
        <ele>541.2</ele>
        <time>2025-05-09T08:16:39</time>
      </trkpt>
      <trkpt lat="46.37993895448744" lon="23.120026560500264">
        <ele>540.8</ele>
        <time>2025-05-09T08:16:44</time>
      </trkpt>
      <trkpt lat="46.38018404133618" lon="23.12051153741777">
        <ele>539.5999999999999</ele>
        <time>2025-05-09T08:16:49</time>
      </trkpt>
      <trkpt lat="46.38036039657891" lon="23.120781099423766">
        <ele>538.5999999999999</ele>
        <time>2025-05-09T08:16:52</time>
      </trkpt>
      <trkpt lat="46.38063465245068" lon="23.121116794645786">
        <ele>537.4000000000001</ele>
        <time>2025-05-09T08:16:56</time>
      </trkpt>
      <trkpt lat="46.380770271643996" lon="23.121299520134926">
        <ele>537.0</ele>
        <time>2025-05-09T08:16:58</time>
      </trkpt>
      <trkpt lat="46.380958864465356" lon="23.121606213971972">
        <ele>536.2</ele>
        <time>2025-05-09T08:17:01</time>
      </trkpt>
      <trkpt lat="46.38107629492879" lon="23.121824143454432">
        <ele>535.4000000000001</ele>
        <time>2025-05-09T08:17:03</time>
      </trkpt>
      <trkpt lat="46.381127843633294" lon="23.12193302437663">
        <ele>535.0</ele>
        <time>2025-05-09T08:17:04</time>
      </trkpt>
      <trkpt lat="46.38126019388437" lon="23.12226712703705">
        <ele>533.5999999999999</ele>
        <time>2025-05-09T08:17:07</time>
      </trkpt>
      <trkpt lat="46.38129958882928" lon="23.122379193082452">
        <ele>533.2</ele>
        <time>2025-05-09T08:17:08</time>
      </trkpt>
      <trkpt lat="46.381374606862664" lon="23.12260332517326">
        <ele>532.4000000000001</ele>
        <time>2025-05-09T08:17:10</time>
      </trkpt>
      <trkpt lat="46.38158222660422" lon="23.12325325794518">
        <ele>531.4000000000001</ele>
        <time>2025-05-09T08:17:16</time>
      </trkpt>
      <trkpt lat="46.38181021437049" lon="23.123983070254326">
        <ele>531.2</ele>
        <time>2025-05-09T08:17:23</time>
      </trkpt>
      <trkpt lat="46.38184675946832" lon="23.124090023338795">
        <ele>531.2</ele>
        <time>2025-05-09T08:17:24</time>
      </trkpt>
      <trkpt lat="46.38205446302891" lon="23.124734172597528">
        <ele>531.2</ele>
        <time>2025-05-09T08:17:30</time>
      </trkpt>
      <trkpt lat="46.38227457180619" lon="23.125431463122368">
        <ele>531.4000000000001</ele>
        <time>2025-05-09T08:17:37</time>
      </trkpt>
      <trkpt lat="46.38239619322121" lon="23.12593437731266">
        <ele>531.4000000000001</ele>
        <time>2025-05-09T08:17:43</time>
      </trkpt>
      <trkpt lat="46.38240281492472" lon="23.126011742278934">
        <ele>531.5999999999999</ele>
        <time>2025-05-09T08:17:44</time>
      </trkpt>
      <trkpt lat="46.382394852116704" lon="23.126329919323325">
        <ele>532.0</ele>
        <time>2025-05-09T08:17:48</time>
      </trkpt>
      <trkpt lat="46.38239258900285" lon="23.126407200470567">
        <ele>532.2</ele>
        <time>2025-05-09T08:17:49</time>
      </trkpt>
      <trkpt lat="46.38239602558315" lon="23.12648414634168">
        <ele>532.4000000000001</ele>
        <time>2025-05-09T08:17:50</time>
      </trkpt>
      <trkpt lat="46.3824157230556" lon="23.12672294676304">
        <ele>532.4000000000001</ele>
        <time>2025-05-09T08:17:53</time>
      </trkpt>
      <trkpt lat="46.382492166012526" lon="23.127313619479537">
        <ele>532.4000000000001</ele>
        <time>2025-05-09T08:18:00</time>
      </trkpt>
      <trkpt lat="46.382491663098335" lon="23.12755946069956">
        <ele>532.4000000000001</ele>
        <time>2025-05-09T08:18:03</time>
      </trkpt>
      <trkpt lat="46.38246760703623" lon="23.127721566706896">
        <ele>532.4000000000001</ele>
        <time>2025-05-09T08:18:05</time>
      </trkpt>
      <trkpt lat="46.382427122443914" lon="23.127880739048123">
        <ele>532.4000000000001</ele>
        <time>2025-05-09T08:18:07</time>
      </trkpt>
      <trkpt lat="46.38234221376479" lon="23.12810344621539">
        <ele>532.4000000000001</ele>
        <time>2025-05-09T08:18:10</time>
      </trkpt>
      <trkpt lat="46.38203359209001" lon="23.128744745627046">
        <ele>532.4000000000001</ele>
        <time>2025-05-09T08:18:19</time>
      </trkpt>
      <trkpt lat="46.3819962926209" lon="23.12881926074624">
        <ele>532.4000000000001</ele>
        <time>2025-05-09T08:18:20</time>
      </trkpt>
      <trkpt lat="46.381746008992195" lon="23.129358049482107">
        <ele>532.0</ele>
        <time>2025-05-09T08:18:27</time>
      </trkpt>
      <trkpt lat="46.38172119855881" lon="23.129446981474757">
        <ele>532.0</ele>
        <time>2025-05-09T08:18:28</time>
      </trkpt>
      <trkpt lat="46.38164760544896" lon="23.129812348634005">
        <ele>531.5999999999999</ele>
        <time>2025-05-09T08:18:32</time>
      </trkpt>
      <trkpt lat="46.38158935122192" lon="23.130459263920784">
        <ele>531.2</ele>
        <time>2025-05-09T08:18:39</time>
      </trkpt>
      <trkpt lat="46.381580801680684" lon="23.130744332447648">
        <ele>531.2</ele>
        <time>2025-05-09T08:18:42</time>
      </trkpt>
      <trkpt lat="46.38157225213945" lon="23.131237607449293">
        <ele>531.0</ele>
        <time>2025-05-09T08:18:47</time>
      </trkpt>
      <trkpt lat="46.38157040812075" lon="23.132043946534395">
        <ele>530.5999999999999</ele>
        <time>2025-05-09T08:18:55</time>
      </trkpt>
      <trkpt lat="46.38157719746232" lon="23.132144613191485">
        <ele>530.5999999999999</ele>
        <time>2025-05-09T08:18:56</time>
      </trkpt>
      <trkpt lat="46.38166252523661" lon="23.1327551510185">
        <ele>530.2</ele>
        <time>2025-05-09T08:19:02</time>
      </trkpt>
      <trkpt lat="46.38184608891606" lon="23.13341095112264">
        <ele>530.2</ele>
        <time>2025-05-09T08:19:09</time>
      </trkpt>
      <trkpt lat="46.38204717077315" lon="23.133889390155673">
        <ele>530.2</ele>
        <time>2025-05-09T08:19:15</time>
      </trkpt>
      <trkpt lat="46.382281109690666" lon="23.13439750112593">
        <ele>530.5999999999999</ele>
        <time>2025-05-09T08:19:22</time>
      </trkpt>
      <trkpt lat="46.38230717740953" lon="23.13447763212025">
        <ele>530.5999999999999</ele>
        <time>2025-05-09T08:19:23</time>
      </trkpt>
      <trkpt lat="46.382422260940075" lon="23.13499454408884">
        <ele>530.8</ele>
        <time>2025-05-09T08:19:29</time>
      </trkpt>
      <trkpt lat="46.38246148824692" lon="23.135646488517523">
        <ele>530.2</ele>
        <time>2025-05-09T08:19:36</time>
      </trkpt>
      <trkpt lat="46.38243701308966" lon="23.136022500693798">
        <ele>529.5999999999999</ele>
        <time>2025-05-09T08:19:40</time>
      </trkpt>
      <trkpt lat="46.38241354376078" lon="23.13629482872784">
        <ele>529.2</ele>
        <time>2025-05-09T08:19:43</time>
      </trkpt>
      <trkpt lat="46.3823036570102" lon="23.136998573318124">
        <ele>529.0</ele>
        <time>2025-05-09T08:19:51</time>
      </trkpt>
      <trkpt lat="46.38218999840319" lon="23.13734482973814">
        <ele>529.2</ele>
        <time>2025-05-09T08:19:56</time>
      </trkpt>
      <trkpt lat="46.381990760564804" lon="23.137786723673344">
        <ele>530.5999999999999</ele>
        <time>2025-05-09T08:20:04</time>
      </trkpt>
      <trkpt lat="46.3819685485214" lon="23.13783785328269">
        <ele>530.8</ele>
        <time>2025-05-09T08:20:05</time>
      </trkpt>
      <trkpt lat="46.38182790018618" lon="23.13816181384027">
        <ele>532.0</ele>
        <time>2025-05-09T08:20:11</time>
      </trkpt>
      <trkpt lat="46.381800742819905" lon="23.13822333700955">
        <ele>532.2</ele>
        <time>2025-05-09T08:20:12</time>
      </trkpt>
      <trkpt lat="46.3817542232573" lon="23.138353507965803">
        <ele>532.4000000000001</ele>
        <time>2025-05-09T08:20:14</time>
      </trkpt>
      <trkpt lat="46.38172966428101" lon="23.138561798259616">
        <ele>532.4000000000001</ele>
        <time>2025-05-09T08:20:17</time>
      </trkpt>
      <trkpt lat="46.38174123130739" lon="23.13897150568664">
        <ele>532.5999999999999</ele>
        <time>2025-05-09T08:20:22</time>
      </trkpt>
      <trkpt lat="46.381793953478336" lon="23.13972939737141">
        <ele>531.2</ele>
        <time>2025-05-09T08:20:30</time>
      </trkpt>
      <trkpt lat="46.38180292211473" lon="23.13992385752499">
        <ele>530.8</ele>
        <time>2025-05-09T08:20:32</time>
      </trkpt>
      <trkpt lat="46.381821781396866" lon="23.140411851927638">
        <ele>529.5999999999999</ele>
        <time>2025-05-09T08:20:37</time>
      </trkpt>
      <trkpt lat="46.381829995661974" lon="23.140609078109264">
        <ele>529.8</ele>
        <time>2025-05-09T08:20:39</time>
      </trkpt>
      <trkpt lat="46.38183921575546" lon="23.141440143808722">
        <ele>529.5999999999999</ele>
        <time>2025-05-09T08:20:48</time>
      </trkpt>
      <trkpt lat="46.381853548809886" lon="23.14201178960502">
        <ele>529.5999999999999</ele>
        <time>2025-05-09T08:20:55</time>
      </trkpt>
      <trkpt lat="46.38188062235713" lon="23.142827432602644">
        <ele>530.2</ele>
        <time>2025-05-09T08:21:05</time>
      </trkpt>
      <trkpt lat="46.38190031982958" lon="23.143470995128155">
        <ele>530.8</ele>
        <time>2025-05-09T08:21:12</time>
      </trkpt>
      <trkpt lat="46.38189814053476" lon="23.14411187544465">
        <ele>530.4000000000001</ele>
        <time>2025-05-09T08:21:18</time>
      </trkpt>
      <trkpt lat="46.38186486437917" lon="23.144331900402904">
        <ele>530.0</ele>
        <time>2025-05-09T08:21:20</time>
      </trkpt>
      <trkpt lat="46.38179747387767" lon="23.14453507773578">
        <ele>529.4000000000001</ele>
        <time>2025-05-09T08:21:22</time>
      </trkpt>
      <trkpt lat="46.38166571035981" lon="23.14478561282158">
        <ele>529.0</ele>
        <time>2025-05-09T08:21:25</time>
      </trkpt>
      <trkpt lat="46.38157879002392" lon="23.14492986537516">
        <ele>529.0</ele>
        <time>2025-05-09T08:21:27</time>
      </trkpt>
      <trkpt lat="46.381439566612244" lon="23.145140083506703">
        <ele>528.8</ele>
        <time>2025-05-09T08:21:30</time>
      </trkpt>
      <trkpt lat="46.3813329488039" lon="23.14525617286563">
        <ele>528.5999999999999</ele>
        <time>2025-05-09T08:21:32</time>
      </trkpt>
      <trkpt lat="46.38100412674248" lon="23.145445436239243">
        <ele>528.5999999999999</ele>
        <time>2025-05-09T08:21:37</time>
      </trkpt>
      <trkpt lat="46.38043927028775" lon="23.145589856430888">
        <ele>528.4000000000001</ele>
        <time>2025-05-09T08:21:45</time>
      </trkpt>
      <trkpt lat="46.380068035796285" lon="23.145547779276967">
        <ele>528.2</ele>
        <time>2025-05-09T08:21:50</time>
      </trkpt>
      <trkpt lat="46.37977626174688" lon="23.145509473979473">
        <ele>528.2</ele>
        <time>2025-05-09T08:21:54</time>
      </trkpt>
      <trkpt lat="46.379637038335204" lon="23.145527243614197">
        <ele>528.4000000000001</ele>
        <time>2025-05-09T08:21:56</time>
      </trkpt>
      <trkpt lat="46.37941483408213" lon="23.145671831443906">
        <ele>528.2</ele>
        <time>2025-05-09T08:22:00</time>
      </trkpt>
      <trkpt lat="46.37929572723806" lon="23.145818011835217">
        <ele>528.4000000000001</ele>
        <time>2025-05-09T08:22:03</time>
      </trkpt>
      <trkpt lat="46.37923755683005" lon="23.1459001544863">
        <ele>528.5999999999999</ele>
        <time>2025-05-09T08:22:05</time>
      </trkpt>
      <trkpt lat="46.379117192700505" lon="23.146114563569427">
        <ele>529.5999999999999</ele>
        <time>2025-05-09T08:22:10</time>
      </trkpt>
      <trkpt lat="46.37907654047012" lon="23.14620324410498">
        <ele>530.2</ele>
        <time>2025-05-09T08:22:12</time>
      </trkpt>
      <trkpt lat="46.37903379276395" lon="23.146284380927682">
        <ele>530.8</ele>
        <time>2025-05-09T08:22:14</time>
      </trkpt>
      <trkpt lat="46.378920804709196" lon="23.14649728126824">
        <ele>531.8</ele>
        <time>2025-05-09T08:22:19</time>
      </trkpt>
      <trkpt lat="46.378704300150275" lon="23.14695912413299">
        <ele>532.5999999999999</ele>
        <time>2025-05-09T08:22:28</time>
      </trkpt>
      <trkpt lat="46.37853699736297" lon="23.147465977817774">
        <ele>532.5999999999999</ele>
        <time>2025-05-09T08:22:36</time>
      </trkpt>
      <trkpt lat="46.37841076590121" lon="23.147911727428436">
        <ele>532.8</ele>
        <time>2025-05-09T08:22:43</time>
      </trkpt>
      <trkpt lat="46.3782246876508" lon="23.14842260442674">
        <ele>533.2</ele>
        <time>2025-05-09T08:22:51</time>
      </trkpt>
      <trkpt lat="46.37803223915398" lon="23.148798448964953">
        <ele>533.4000000000001</ele>
        <time>2025-05-09T08:22:57</time>
      </trkpt>
      <trkpt lat="46.377718672156334" lon="23.149361377581954">
        <ele>533.4000000000001</ele>
        <time>2025-05-09T08:23:05</time>
      </trkpt>
      <trkpt lat="46.377495797351" lon="23.14981651492417">
        <ele>532.8</ele>
        <time>2025-05-09T08:23:11</time>
      </trkpt>
      <trkpt lat="46.37747274711728" lon="23.149898070842028">
        <ele>532.8</ele>
        <time>2025-05-09T08:23:12</time>
      </trkpt>
      <trkpt lat="46.377400578930974" lon="23.15038438886404">
        <ele>532.5999999999999</ele>
        <time>2025-05-09T08:23:18</time>
      </trkpt>
      <trkpt lat="46.377339558675885" lon="23.15085050649941">
        <ele>532.5999999999999</ele>
        <time>2025-05-09T08:23:24</time>
      </trkpt>
      <trkpt lat="46.37732916511595" lon="23.150922171771526">
        <ele>532.5999999999999</ele>
        <time>2025-05-09T08:23:25</time>
      </trkpt>
      <trkpt lat="46.377295134589076" lon="23.151408908888698">
        <ele>532.5999999999999</ele>
        <time>2025-05-09T08:23:32</time>
      </trkpt>
      <trkpt lat="46.3772991579026" lon="23.151677967980504">
        <ele>532.5999999999999</ele>
        <time>2025-05-09T08:23:38</time>
      </trkpt>
      <trkpt lat="46.37732606381178" lon="23.15181216225028">
        <ele>532.5999999999999</ele>
        <time>2025-05-09T08:23:41</time>
      </trkpt>
      <trkpt lat="46.377373756840825" lon="23.151953984051943">
        <ele>532.5999999999999</ele>
        <time>2025-05-09T08:23:44</time>
      </trkpt>
      <trkpt lat="46.377464616671205" lon="23.152108965441585">
        <ele>532.5999999999999</ele>
        <time>2025-05-09T08:23:47</time>
      </trkpt>
      <trkpt lat="46.37754684314132" lon="23.152201334014535">
        <ele>532.2</ele>
        <time>2025-05-09T08:23:49</time>
      </trkpt>
      <trkpt lat="46.37764918617904" lon="23.152277190238237">
        <ele>532.2</ele>
        <time>2025-05-09T08:23:51</time>
      </trkpt>
      <trkpt lat="46.37781917117536" lon="23.152387915179133">
        <ele>531.8</ele>
        <time>2025-05-09T08:23:54</time>
      </trkpt>
      <trkpt lat="46.37787809595466" lon="23.152426471933722">
        <ele>531.8</ele>
        <time>2025-05-09T08:23:55</time>
      </trkpt>
      <trkpt lat="46.378183448687196" lon="23.152690082788467">
        <ele>531.2</ele>
        <time>2025-05-09T08:24:00</time>
      </trkpt>
      <trkpt lat="46.37835913337767" lon="23.152882447466254">
        <ele>530.5999999999999</ele>
        <time>2025-05-09T08:24:03</time>
      </trkpt>
      <trkpt lat="46.378524927422404" lon="23.153070118278265">
        <ele>529.5999999999999</ele>
        <time>2025-05-09T08:24:06</time>
      </trkpt>
      <trkpt lat="46.37862257659435" lon="23.15319693647325">
        <ele>529.2</ele>
        <time>2025-05-09T08:24:08</time>
      </trkpt>
      <trkpt lat="46.37890831567347" lon="23.153638746589422">
        <ele>529.0</ele>
        <time>2025-05-09T08:24:15</time>
      </trkpt>
      <trkpt lat="46.37916446663439" lon="23.1540837418288">
        <ele>529.4000000000001</ele>
        <time>2025-05-09T08:24:23</time>
      </trkpt>
      <trkpt lat="46.37938566505909" lon="23.15445715561509">
        <ele>530.2</ele>
        <time>2025-05-09T08:24:30</time>
      </trkpt>
      <trkpt lat="46.379455737769604" lon="23.15455723553896">
        <ele>530.8</ele>
        <time>2025-05-09T08:24:32</time>
      </trkpt>
      <trkpt lat="46.37963443994522" lon="23.154801316559315">
        <ele>531.2</ele>
        <time>2025-05-09T08:24:37</time>
      </trkpt>
      <trkpt lat="46.3799256272614" lon="23.155130641534925">
        <ele>531.5999999999999</ele>
        <time>2025-05-09T08:24:44</time>
      </trkpt>
      <trkpt lat="46.38022603467107" lon="23.155581168830395">
        <ele>531.5999999999999</ele>
        <time>2025-05-09T08:24:51</time>
      </trkpt>
      <trkpt lat="46.38040943071246" lon="23.15602700226009">
        <ele>531.0</ele>
        <time>2025-05-09T08:24:56</time>
      </trkpt>
      <trkpt lat="46.380593832582235" lon="23.156359763816">
        <ele>529.8</ele>
        <time>2025-05-09T08:25:00</time>
      </trkpt>
      <trkpt lat="46.38070707209408" lon="23.15662370994687">
        <ele>528.8</ele>
        <time>2025-05-09T08:25:03</time>
      </trkpt>
      <trkpt lat="46.3808030448854" lon="23.157010534778237">
        <ele>527.4000000000001</ele>
        <time>2025-05-09T08:25:07</time>
      </trkpt>
      <trkpt lat="46.38081444427371" lon="23.157106339931488">
        <ele>527.2</ele>
        <time>2025-05-09T08:25:08</time>
      </trkpt>
      <trkpt lat="46.380852749571204" lon="23.157749148085713">
        <ele>526.4000000000001</ele>
        <time>2025-05-09T08:25:15</time>
      </trkpt>
      <trkpt lat="46.38087303377688" lon="23.158376114442945">
        <ele>525.8</ele>
        <time>2025-05-09T08:25:22</time>
      </trkpt>
      <trkpt lat="46.3808477204293" lon="23.159117493778467">
        <ele>525.5999999999999</ele>
        <time>2025-05-09T08:25:31</time>
      </trkpt>
      <trkpt lat="46.3807322178036" lon="23.159781927242875">
        <ele>525.4000000000001</ele>
        <time>2025-05-09T08:25:39</time>
      </trkpt>
      <trkpt lat="46.38056147843599" lon="23.160367654636502">
        <ele>525.2</ele>
        <time>2025-05-09T08:25:46</time>
      </trkpt>
      <trkpt lat="46.38047933578491" lon="23.1606060359627">
        <ele>525.0</ele>
        <time>2025-05-09T08:25:49</time>
      </trkpt>
      <trkpt lat="46.38031764887273" lon="23.1610066909343">
        <ele>524.8</ele>
        <time>2025-05-09T08:25:54</time>
      </trkpt>
      <trkpt lat="46.37997407466173" lon="23.161644469946623">
        <ele>524.0</ele>
        <time>2025-05-09T08:26:02</time>
      </trkpt>
      <trkpt lat="46.379929315298796" lon="23.161721751093864">
        <ele>523.8</ele>
        <time>2025-05-09T08:26:03</time>
      </trkpt>
      <trkpt lat="46.37957727536559" lon="23.1622966658324">
        <ele>523.2</ele>
        <time>2025-05-09T08:26:11</time>
      </trkpt>
      <trkpt lat="46.37936362065375" lon="23.16271542571485">
        <ele>523.4</ele>
        <time>2025-05-09T08:26:17</time>
      </trkpt>
      <trkpt lat="46.379071678966284" lon="23.163419254124165">
        <ele>523.8</ele>
        <time>2025-05-09T08:26:26</time>
      </trkpt>
      <trkpt lat="46.37891359627247" lon="23.16381236538291">
        <ele>523.6</ele>
        <time>2025-05-09T08:26:31</time>
      </trkpt>
      <trkpt lat="46.37860908173025" lon="23.16452574916184">
        <ele>523.8</ele>
        <time>2025-05-09T08:26:40</time>
      </trkpt>
      <trkpt lat="46.37836852110922" lon="23.16498457454145">
        <ele>523.8</ele>
        <time>2025-05-09T08:26:46</time>
      </trkpt>
      <trkpt lat="46.378124775364995" lon="23.16535689868033">
        <ele>523.8</ele>
        <time>2025-05-09T08:26:51</time>
      </trkpt>
      <trkpt lat="46.37807213701308" lon="23.165421523153782">
        <ele>523.8</ele>
        <time>2025-05-09T08:26:52</time>
      </trkpt>
      <trkpt lat="46.37770132161677" lon="23.165838019922376">
        <ele>523.4</ele>
        <time>2025-05-09T08:26:59</time>
      </trkpt>
      <trkpt lat="46.37735338881612" lon="23.166219983249903">
        <ele>522.8</ele>
        <time>2025-05-09T08:27:06</time>
      </trkpt>
      <trkpt lat="46.37708022259176" lon="23.16651343367994">
        <ele>522.6</ele>
        <time>2025-05-09T08:27:12</time>
      </trkpt>
      <trkpt lat="46.376898838207126" lon="23.166698338463902">
        <ele>522.6</ele>
        <time>2025-05-09T08:27:16</time>
      </trkpt>
      <trkpt lat="46.37659080326557" lon="23.166998494416475">
        <ele>522.4</ele>
        <time>2025-05-09T08:27:23</time>
      </trkpt>
      <trkpt lat="46.37617195956409" lon="23.16735388711095">
        <ele>522.4</ele>
        <time>2025-05-09T08:27:32</time>
      </trkpt>
      <trkpt lat="46.37608973309398" lon="23.16742781549692">
        <ele>522.4</ele>
        <time>2025-05-09T08:27:34</time>
      </trkpt>
      <trkpt lat="46.37600038200617" lon="23.167571565136313">
        <ele>522.0</ele>
        <time>2025-05-09T08:27:37</time>
      </trkpt>
      <trkpt lat="46.37597540393472" lon="23.167625879868865">
        <ele>522.0</ele>
        <time>2025-05-09T08:27:38</time>
      </trkpt>
      <trkpt lat="46.37595193460584" lon="23.16768329590559">
        <ele>522.0</ele>
        <time>2025-05-09T08:27:39</time>
      </trkpt>
      <trkpt lat="46.37584883719683" lon="23.16791882738471">
        <ele>522.0</ele>
        <time>2025-05-09T08:27:43</time>
      </trkpt>
      <trkpt lat="46.37563484720886" lon="23.1683096755296">
        <ele>521.8</ele>
        <time>2025-05-09T08:27:50</time>
      </trkpt>
      <trkpt lat="46.37543007731438" lon="23.16876665689051">
        <ele>521.2</ele>
        <time>2025-05-09T08:27:58</time>
      </trkpt>
      <trkpt lat="46.37526252306998" lon="23.16924685612321">
        <ele>521.0</ele>
        <time>2025-05-09T08:28:07</time>
      </trkpt>
      <trkpt lat="46.37515171431005" lon="23.16959830932319">
        <ele>521.2</ele>
        <time>2025-05-09T08:28:15</time>
      </trkpt>
      <trkpt lat="46.375089352950454" lon="23.169837947934866">
        <ele>522.4</ele>
        <time>2025-05-09T08:28:21</time>
      </trkpt>
      <trkpt lat="46.375080132856965" lon="23.169875666499138">
        <ele>522.4</ele>
        <time>2025-05-09T08:28:22</time>
      </trkpt>
      <trkpt lat="46.37502179481089" lon="23.17011329345405">
        <ele>523.2</ele>
        <time>2025-05-09T08:28:28</time>
      </trkpt>
      <trkpt lat="46.37500075623393" lon="23.170190658420324">
        <ele>523.6</ele>
        <time>2025-05-09T08:28:30</time>
      </trkpt>
      <trkpt lat="46.37497770600021" lon="23.170264335349202">
        <ele>524.0</ele>
        <time>2025-05-09T08:28:32</time>
      </trkpt>
      <trkpt lat="46.37494149617851" lon="23.170386040583253">
        <ele>524.4000000000001</ele>
        <time>2025-05-09T08:28:35</time>
      </trkpt>
      <trkpt lat="46.3749211281538" lon="23.17046851851046">
        <ele>524.5999999999999</ele>
        <time>2025-05-09T08:28:37</time>
      </trkpt>
      <trkpt lat="46.37487368658185" lon="23.170631881803274">
        <ele>525.4000000000001</ele>
        <time>2025-05-09T08:28:41</time>
      </trkpt>
      <trkpt lat="46.374794309958816" lon="23.17087948322296">
        <ele>526.4000000000001</ele>
        <time>2025-05-09T08:28:47</time>
      </trkpt>
      <trkpt lat="46.37465609237552" lon="23.171253567561507">
        <ele>527.2</ele>
        <time>2025-05-09T08:28:56</time>
      </trkpt>
      <trkpt lat="46.37456598691642" lon="23.1714681442827">
        <ele>528.4000000000001</ele>
        <time>2025-05-09T08:29:01</time>
      </trkpt>
      <trkpt lat="46.374488957226276" lon="23.171639973297715">
        <ele>528.5999999999999</ele>
        <time>2025-05-09T08:29:05</time>
      </trkpt>
      <trkpt lat="46.37439172714949" lon="23.172005088999867">
        <ele>529.2</ele>
        <time>2025-05-09T08:29:13</time>
      </trkpt>
      <trkpt lat="46.37438518926501" lon="23.172050435096025">
        <ele>529.4000000000001</ele>
        <time>2025-05-09T08:29:14</time>
      </trkpt>
      <trkpt lat="46.374360797926784" lon="23.17227439954877">
        <ele>530.5999999999999</ele>
        <time>2025-05-09T08:29:19</time>
      </trkpt>
      <trkpt lat="46.37436104938388" lon="23.172363750636578">
        <ele>530.8</ele>
        <time>2025-05-09T08:29:21</time>
      </trkpt>
      <trkpt lat="46.3743685092777" lon="23.172551253810525">
        <ele>531.5999999999999</ele>
        <time>2025-05-09T08:29:25</time>
      </trkpt>
      <trkpt lat="46.37439130805433" lon="23.172776475548744">
        <ele>532.4000000000001</ele>
        <time>2025-05-09T08:29:30</time>
      </trkpt>
      <trkpt lat="46.37440807186067" lon="23.17291310057044">
        <ele>532.8</ele>
        <time>2025-05-09T08:29:33</time>
      </trkpt>
      <trkpt lat="46.37445341795683" lon="23.17324100062251">
        <ele>533.5999999999999</ele>
        <time>2025-05-09T08:29:40</time>
      </trkpt>
      <trkpt lat="46.37447889894247" lon="23.17338215187192">
        <ele>534.0</ele>
        <time>2025-05-09T08:29:43</time>
      </trkpt>
      <trkpt lat="46.37455207295716" lon="23.17361181601882">
        <ele>534.4000000000001</ele>
        <time>2025-05-09T08:29:48</time>
      </trkpt>
      <trkpt lat="46.37461946345866" lon="23.173730168491602">
        <ele>535.2</ele>
        <time>2025-05-09T08:29:51</time>
      </trkpt>
      <trkpt lat="46.37470814399421" lon="23.173832846805453">
        <ele>535.8</ele>
        <time>2025-05-09T08:29:54</time>
      </trkpt>
      <trkpt lat="46.37485943734646" lon="23.173932256177068">
        <ele>536.2</ele>
        <time>2025-05-09T08:29:58</time>
      </trkpt>
      <trkpt lat="46.3749488722533" lon="23.17398129031062">
        <ele>536.2</ele>
        <time>2025-05-09T08:30:00</time>
      </trkpt>
      <trkpt lat="46.37541524134576" lon="23.174229813739657">
        <ele>536.2</ele>
        <time>2025-05-09T08:30:09</time>
      </trkpt>
      <trkpt lat="46.37589929625392" lon="23.174475319683552">
        <ele>535.2</ele>
        <time>2025-05-09T08:30:17</time>
      </trkpt>
      <trkpt lat="46.375967524945736" lon="23.174502309411764">
        <ele>535.0</ele>
        <time>2025-05-09T08:30:18</time>
      </trkpt>
      <trkpt lat="46.376257706433535" lon="23.174588894471526">
        <ele>534.0</ele>
        <time>2025-05-09T08:30:22</time>
      </trkpt>
      <trkpt lat="46.37633507139981" lon="23.174596689641476">
        <ele>533.8</ele>
        <time>2025-05-09T08:30:23</time>
      </trkpt>
      <trkpt lat="46.376572865992785" lon="23.174604987725616">
        <ele>533.0</ele>
        <time>2025-05-09T08:30:26</time>
      </trkpt>
      <trkpt lat="46.37681460008025" lon="23.174640107899904">
        <ele>532.2</ele>
        <time>2025-05-09T08:30:29</time>
      </trkpt>
      <trkpt lat="46.376891965046525" lon="23.174666007980704">
        <ele>531.5999999999999</ele>
        <time>2025-05-09T08:30:30</time>
      </trkpt>
      <trkpt lat="46.376969665288925" lon="23.174704983830452">
        <ele>531.4000000000001</ele>
        <time>2025-05-09T08:30:31</time>
      </trkpt>
      <trkpt lat="46.37712146155536" lon="23.174807745963335">
        <ele>530.5999999999999</ele>
        <time>2025-05-09T08:30:33</time>
      </trkpt>
      <trkpt lat="46.37740326113999" lon="23.175048138946295">
        <ele>529.2</ele>
        <time>2025-05-09T08:30:37</time>
      </trkpt>
      <trkpt lat="46.377545753493905" lon="23.17515450529754">
        <ele>528.5999999999999</ele>
        <time>2025-05-09T08:30:39</time>
      </trkpt>
      <trkpt lat="46.37761725112796" lon="23.17520236596465">
        <ele>528.2</ele>
        <time>2025-05-09T08:30:40</time>
      </trkpt>
      <trkpt lat="46.377825792878866" lon="23.175347708165646">
        <ele>527.2</ele>
        <time>2025-05-09T08:30:43</time>
      </trkpt>
      <trkpt lat="46.37800927273929" lon="23.175513837486506">
        <ele>526.2</ele>
        <time>2025-05-09T08:30:46</time>
      </trkpt>
      <trkpt lat="46.37806358747184" lon="23.175572510808706">
        <ele>525.8</ele>
        <time>2025-05-09T08:30:47</time>
      </trkpt>
      <trkpt lat="46.37821496464312" lon="23.175762193277478">
        <ele>524.5999999999999</ele>
        <time>2025-05-09T08:30:50</time>
      </trkpt>
      <trkpt lat="46.37834781780839" lon="23.175962520763278">
        <ele>524.2</ele>
        <time>2025-05-09T08:30:53</time>
      </trkpt>
      <trkpt lat="46.378737492486835" lon="23.17659828811884">
        <ele>523.8</ele>
        <time>2025-05-09T08:31:02</time>
      </trkpt>
      <trkpt lat="46.378929605707526" lon="23.176975389942527">
        <ele>523.6</ele>
        <time>2025-05-09T08:31:07</time>
      </trkpt>
      <trkpt lat="46.3789966609329" lon="23.17713330499828">
        <ele>523.6</ele>
        <time>2025-05-09T08:31:09</time>
      </trkpt>
      <trkpt lat="46.37927074916661" lon="23.177842246368527">
        <ele>523.0</ele>
        <time>2025-05-09T08:31:18</time>
      </trkpt>
      <trkpt lat="46.379293631762266" lon="23.177931932732463">
        <ele>523.0</ele>
        <time>2025-05-09T08:31:19</time>
      </trkpt>
      <trkpt lat="46.379452385008335" lon="23.17863928154111">
        <ele>522.6</ele>
        <time>2025-05-09T08:31:26</time>
      </trkpt>
      <trkpt lat="46.37947359122336" lon="23.17874145694077">
        <ele>522.6</ele>
        <time>2025-05-09T08:31:27</time>
      </trkpt>
      <trkpt lat="46.37952304445207" lon="23.17905510775745">
        <ele>521.4</ele>
        <time>2025-05-09T08:31:30</time>
      </trkpt>
      <trkpt lat="46.37952966615558" lon="23.179161809384823">
        <ele>521.0</ele>
        <time>2025-05-09T08:31:31</time>
      </trkpt>
      <trkpt lat="46.37952740304172" lon="23.179266918450594">
        <ele>520.6</ele>
        <time>2025-05-09T08:31:32</time>
      </trkpt>
      <trkpt lat="46.37951575219631" lon="23.179370183497667">
        <ele>520.2</ele>
        <time>2025-05-09T08:31:33</time>
      </trkpt>
      <trkpt lat="46.3794456794858" lon="23.17965910769999">
        <ele>519.2</ele>
        <time>2025-05-09T08:31:36</time>
      </trkpt>
      <trkpt lat="46.379401003941894" lon="23.179851220920682">
        <ele>518.4</ele>
        <time>2025-05-09T08:31:38</time>
      </trkpt>
      <trkpt lat="46.37938826344907" lon="23.17994744516909">
        <ele>518.0</ele>
        <time>2025-05-09T08:31:39</time>
      </trkpt>
      <trkpt lat="46.379383485764265" lon="23.180141570046544">
        <ele>517.4</ele>
        <time>2025-05-09T08:31:41</time>
      </trkpt>
      <trkpt lat="46.37938658706844" lon="23.180236537009478">
        <ele>517.4</ele>
        <time>2025-05-09T08:31:42</time>
      </trkpt>
      <trkpt lat="46.37939656153321" lon="23.18051758222282">
        <ele>517.0</ele>
        <time>2025-05-09T08:31:45</time>
      </trkpt>
      <trkpt lat="46.37939346022904" lon="23.180784629657865">
        <ele>516.6</ele>
        <time>2025-05-09T08:31:48</time>
      </trkpt>
      <trkpt lat="46.37934274971485" lon="23.18110683001578">
        <ele>516.4</ele>
        <time>2025-05-09T08:31:52</time>
      </trkpt>
      <trkpt lat="46.37931743636727" lon="23.181186290457845">
        <ele>516.2</ele>
        <time>2025-05-09T08:31:53</time>
      </trkpt>
      <trkpt lat="46.37918625958264" lon="23.181475717574358">
        <ele>515.6</ele>
        <time>2025-05-09T08:31:57</time>
      </trkpt>
      <trkpt lat="46.37914929538965" lon="23.181540677323937">
        <ele>515.4</ele>
        <time>2025-05-09T08:31:58</time>
      </trkpt>
      <trkpt lat="46.37899724766612" lon="23.18179775029421">
        <ele>514.6</ele>
        <time>2025-05-09T08:32:02</time>
      </trkpt>
      <trkpt lat="46.378830783069134" lon="23.182050045579672">
        <ele>514.4</ele>
        <time>2025-05-09T08:32:06</time>
      </trkpt>
      <trkpt lat="46.378483856096864" lon="23.18245799280703">
        <ele>514.0</ele>
        <time>2025-05-09T08:32:13</time>
      </trkpt>
      <trkpt lat="46.378380842506886" lon="23.182549187913537">
        <ele>514.0</ele>
        <time>2025-05-09T08:32:15</time>
      </trkpt>
      <trkpt lat="46.378206415101886" lon="23.182690758258104">
        <ele>514.0</ele>
        <time>2025-05-09T08:32:18</time>
      </trkpt>
      <trkpt lat="46.37772588059306" lon="23.183063669130206">
        <ele>514.4</ele>
        <time>2025-05-09T08:32:26</time>
      </trkpt>
      <trkpt lat="46.377335200086236" lon="23.183272881433368">
        <ele>515.4</ele>
        <time>2025-05-09T08:32:32</time>
      </trkpt>
      <trkpt lat="46.377090867608786" lon="23.18338385783136">
        <ele>515.4</ele>
        <time>2025-05-09T08:32:36</time>
      </trkpt>
      <trkpt lat="46.37684192508459" lon="23.183509334921837">
        <ele>515.6</ele>
        <time>2025-05-09T08:32:40</time>
      </trkpt>
      <trkpt lat="46.37637999840081" lon="23.183737071231008">
        <ele>515.6</ele>
        <time>2025-05-09T08:32:48</time>
      </trkpt>
      <trkpt lat="46.37592628598213" lon="23.183968663215637">
        <ele>515.6</ele>
        <time>2025-05-09T08:32:57</time>
      </trkpt>
      <trkpt lat="46.37557634152472" lon="23.184205535799265">
        <ele>515.6</ele>
        <time>2025-05-09T08:33:04</time>
      </trkpt>
      <trkpt lat="46.37522748671472" lon="23.184516252949834">
        <ele>515.0</ele>
        <time>2025-05-09T08:33:11</time>
      </trkpt>
      <trkpt lat="46.37485273182392" lon="23.184739630669355">
        <ele>514.8</ele>
        <time>2025-05-09T08:33:18</time>
      </trkpt>
      <trkpt lat="46.374590964987874" lon="23.184904754161835">
        <ele>515.0</ele>
        <time>2025-05-09T08:33:24</time>
      </trkpt>
      <trkpt lat="46.374377226457" lon="23.185106506571174">
        <ele>515.8</ele>
        <time>2025-05-09T08:33:31</time>
      </trkpt>
      <trkpt lat="46.374269016087055" lon="23.185225948691368">
        <ele>516.6</ele>
        <time>2025-05-09T08:33:35</time>
      </trkpt>
      <trkpt lat="46.3741250988096" lon="23.185356706380844">
        <ele>517.6</ele>
        <time>2025-05-09T08:33:40</time>
      </trkpt>
      <trkpt lat="46.373923597857356" lon="23.185486206784844">
        <ele>518.8</ele>
        <time>2025-05-09T08:33:46</time>
      </trkpt>
      <trkpt lat="46.37388629838824" lon="23.185504311695695">
        <ele>519.2</ele>
        <time>2025-05-09T08:33:47</time>
      </trkpt>
      <trkpt lat="46.37360382825136" lon="23.185636578127742">
        <ele>520.0</ele>
        <time>2025-05-09T08:33:54</time>
      </trkpt>
      <trkpt lat="46.37352109886706" lon="23.185681672766805">
        <ele>520.2</ele>
        <time>2025-05-09T08:33:56</time>
      </trkpt>
      <trkpt lat="46.373199904337525" lon="23.185883508995175">
        <ele>520.4</ele>
        <time>2025-05-09T08:34:03</time>
      </trkpt>
      <trkpt lat="46.3728557433933" lon="23.18614862859249">
        <ele>519.6</ele>
        <time>2025-05-09T08:34:11</time>
      </trkpt>
      <trkpt lat="46.372621888294816" lon="23.186427243053913">
        <ele>519.4</ele>
        <time>2025-05-09T08:34:17</time>
      </trkpt>
      <trkpt lat="46.37235098518431" lon="23.186809876933694">
        <ele>519.2</ele>
        <time>2025-05-09T08:34:25</time>
      </trkpt>
      <trkpt lat="46.37218376621604" lon="23.18703878670931">
        <ele>519.2</ele>
        <time>2025-05-09T08:34:31</time>
      </trkpt>
      <trkpt lat="46.37195276096463" lon="23.187361238524318">
        <ele>519.4</ele>
        <time>2025-05-09T08:34:38</time>
      </trkpt>
      <trkpt lat="46.37168931774795" lon="23.18769123405218">
        <ele>518.8</ele>
        <time>2025-05-09T08:34:44</time>
      </trkpt>
      <trkpt lat="46.37163860723376" lon="23.187755271792412">
        <ele>518.6</ele>
        <time>2025-05-09T08:34:45</time>
      </trkpt>
      <trkpt lat="46.371421264484525" lon="23.188022235408425">
        <ele>517.4</ele>
        <time>2025-05-09T08:34:49</time>
      </trkpt>
      <trkpt lat="46.37125697918236" lon="23.188239159062505">
        <ele>516.2</ele>
        <time>2025-05-09T08:34:52</time>
      </trkpt>
      <trkpt lat="46.37105539441109" lon="23.188554821535945">
        <ele>515.0</ele>
        <time>2025-05-09T08:34:56</time>
      </trkpt>
      <trkpt lat="46.370974173769355" lon="23.188716592267156">
        <ele>514.2</ele>
        <time>2025-05-09T08:34:58</time>
      </trkpt>
      <trkpt lat="46.370777199044824" lon="23.189164604991674">
        <ele>514.0</ele>
        <time>2025-05-09T08:35:04</time>
      </trkpt>
      <trkpt lat="46.37053512968123" lon="23.189730467274785">
        <ele>515.4</ele>
        <time>2025-05-09T08:35:12</time>
      </trkpt>
      <trkpt lat="46.37041007168591" lon="23.190047470852733">
        <ele>515.8</ele>
        <time>2025-05-09T08:35:16</time>
      </trkpt>
      <trkpt lat="46.370303789153695" lon="23.19039129652083">
        <ele>516.0</ele>
        <time>2025-05-09T08:35:20</time>
      </trkpt>
      <trkpt lat="46.37016464956105" lon="23.19106419570744">
        <ele>516.0</ele>
        <time>2025-05-09T08:35:27</time>
      </trkpt>
      <trkpt lat="46.37008854188025" lon="23.191834995523095">
        <ele>515.8</ele>
        <time>2025-05-09T08:35:35</time>
      </trkpt>
      <trkpt lat="46.370075549930334" lon="23.192100450396538">
        <ele>516.0</ele>
        <time>2025-05-09T08:35:38</time>
      </trkpt>
      <trkpt lat="46.37006817385554" lon="23.192348470911384">
        <ele>516.2</ele>
        <time>2025-05-09T08:35:41</time>
      </trkpt>
      <trkpt lat="46.37006029486656" lon="23.192903017625213">
        <ele>516.6</ele>
        <time>2025-05-09T08:35:47</time>
      </trkpt>
      <trkpt lat="46.37001461349428" lon="23.1933612562716">
        <ele>516.8</ele>
        <time>2025-05-09T08:35:52</time>
      </trkpt>
      <trkpt lat="46.37000514194369" lon="23.193542640656233">
        <ele>517.0</ele>
        <time>2025-05-09T08:35:54</time>
      </trkpt>
      <trkpt lat="46.36999709531665" lon="23.194098863750696">
        <ele>517.0</ele>
        <time>2025-05-09T08:36:00</time>
      </trkpt>
      <trkpt lat="46.369992569088936" lon="23.19470194168389">
        <ele>517.0</ele>
        <time>2025-05-09T08:36:07</time>
      </trkpt>
      <trkpt lat="46.3699044752866" lon="23.19532019086182">
        <ele>517.8</ele>
        <time>2025-05-09T08:36:15</time>
      </trkpt>
      <trkpt lat="46.36989148333669" lon="23.19539789110422">
        <ele>517.8</ele>
        <time>2025-05-09T08:36:16</time>
      </trkpt>
      <trkpt lat="46.36978427879512" lon="23.195940535515547">
        <ele>518.2</ele>
        <time>2025-05-09T08:36:23</time>
      </trkpt>
      <trkpt lat="46.36966885998845" lon="23.196522993966937">
        <ele>518.8</ele>
        <time>2025-05-09T08:36:31</time>
      </trkpt>
      <trkpt lat="46.369626531377435" lon="23.196755591779947">
        <ele>518.8</ele>
        <time>2025-05-09T08:36:34</time>
      </trkpt>
      <trkpt lat="46.36953927576542" lon="23.197179967537522">
        <ele>518.8</ele>
        <time>2025-05-09T08:36:39</time>
      </trkpt>
      <trkpt lat="46.36939669959247" lon="23.19789963774383">
        <ele>518.4</ele>
        <time>2025-05-09T08:36:46</time>
      </trkpt>
      <trkpt lat="46.36935571208596" lon="23.1981136277318">
        <ele>517.8</ele>
        <time>2025-05-09T08:36:48</time>
      </trkpt>
      <trkpt lat="46.36924842372537" lon="23.198631210252643">
        <ele>516.4</ele>
        <time>2025-05-09T08:36:53</time>
      </trkpt>
      <trkpt lat="46.36922989971936" lon="23.198731960728765">
        <ele>516.0</ele>
        <time>2025-05-09T08:36:54</time>
      </trkpt>
      <trkpt lat="46.36919151060283" lon="23.198939999565482">
        <ele>515.2</ele>
        <time>2025-05-09T08:36:56</time>
      </trkpt>
      <trkpt lat="46.3690669555217" lon="23.199480967596173">
        <ele>514.2</ele>
        <time>2025-05-09T08:37:01</time>
      </trkpt>
      <trkpt lat="46.36904248036444" lon="23.199593285098672">
        <ele>514.2</ele>
        <time>2025-05-09T08:37:02</time>
      </trkpt>
      <trkpt lat="46.36893913149834" lon="23.200147161260247">
        <ele>513.0</ele>
        <time>2025-05-09T08:37:07</time>
      </trkpt>
      <trkpt lat="46.3689221162349" lon="23.200255539268255">
        <ele>512.8</ele>
        <time>2025-05-09T08:37:08</time>
      </trkpt>
      <trkpt lat="46.368770906701684" lon="23.20100379176438">
        <ele>512.0</ele>
        <time>2025-05-09T08:37:15</time>
      </trkpt>
      <trkpt lat="46.36858063749969" lon="23.20144015364349">
        <ele>511.4</ele>
        <time>2025-05-09T08:37:20</time>
      </trkpt>
      <trkpt lat="46.368406880646944" lon="23.201853716745973">
        <ele>511.4</ele>
        <time>2025-05-09T08:37:26</time>
      </trkpt>
      <trkpt lat="46.36839020065963" lon="23.201919766142964">
        <ele>511.4</ele>
        <time>2025-05-09T08:37:27</time>
      </trkpt>
      <trkpt lat="46.368358014151454" lon="23.202187987044454">
        <ele>512.0</ele>
        <time>2025-05-09T08:37:31</time>
      </trkpt>
      <trkpt lat="46.36836019344628" lon="23.202435420826077">
        <ele>513.2</ele>
        <time>2025-05-09T08:37:35</time>
      </trkpt>
      <trkpt lat="46.36836128309369" lon="23.20255276747048">
        <ele>513.8</ele>
        <time>2025-05-09T08:37:37</time>
      </trkpt>
      <trkpt lat="46.36835927143693" lon="23.202670952305198">
        <ele>514.4</ele>
        <time>2025-05-09T08:37:39</time>
      </trkpt>
      <trkpt lat="46.36835189536214" lon="23.202731050550938">
        <ele>514.6</ele>
        <time>2025-05-09T08:37:40</time>
      </trkpt>
      <trkpt lat="46.368321385234594" lon="23.20291193202138">
        <ele>515.4</ele>
        <time>2025-05-09T08:37:43</time>
      </trkpt>
      <trkpt lat="46.36825810186565" lon="23.203311916440725">
        <ele>516.4</ele>
        <time>2025-05-09T08:37:49</time>
      </trkpt>
      <trkpt lat="46.36825131252408" lon="23.20338391698897">
        <ele>516.6</ele>
        <time>2025-05-09T08:37:50</time>
      </trkpt>
      <trkpt lat="46.36825424619019" lon="23.203807789832354">
        <ele>517.0</ele>
        <time>2025-05-09T08:37:56</time>
      </trkpt>
      <trkpt lat="46.3682658970356" lon="23.20400644093752">
        <ele>517.6</ele>
        <time>2025-05-09T08:37:59</time>
      </trkpt>
      <trkpt lat="46.36827830225229" lon="23.204158321022987">
        <ele>517.8</ele>
        <time>2025-05-09T08:38:02</time>
      </trkpt>
      <trkpt lat="46.36827771551907" lon="23.20422193966806">
        <ele>518.0</ele>
        <time>2025-05-09T08:38:06</time>
      </trkpt>
      <trkpt lat="46.3682814873755" lon="23.204238368198276">
        <ele>518.6</ele>
        <time>2025-05-09T08:38:19</time>
      </trkpt>
      <trkpt lat="46.368276961147785" lon="23.204242391511798">
        <ele>518.6</ele>
        <time>2025-05-09T08:38:29</time>
      </trkpt>
      <trkpt lat="46.368278972804546" lon="23.204240882769227">
        <ele>518.6</ele>
        <time>2025-05-09T08:38:43</time>
      </trkpt>
      <trkpt lat="46.36827654205263" lon="23.20424540899694">
        <ele>518.6</ele>
        <time>2025-05-09T08:38:58</time>
      </trkpt>
      <trkpt lat="46.36828106828034" lon="23.204302908852696">
        <ele>518.6</ele>
        <time>2025-05-09T08:39:10</time>
      </trkpt>
      <trkpt lat="46.36827562004328" lon="23.204462584108114">
        <ele>518.4</ele>
        <time>2025-05-09T08:39:15</time>
      </trkpt>
      <trkpt lat="46.36827025562525" lon="23.204732732847333">
        <ele>518.4</ele>
        <time>2025-05-09T08:39:21</time>
      </trkpt>
      <trkpt lat="46.36825114488602" lon="23.20500229485333">
        <ele>518.2</ele>
        <time>2025-05-09T08:39:25</time>
      </trkpt>
      <trkpt lat="46.36821803636849" lon="23.20516305975616">
        <ele>518.2</ele>
        <time>2025-05-09T08:39:27</time>
      </trkpt>
      <trkpt lat="46.368053583428264" lon="23.20575381629169">
        <ele>517.2</ele>
        <time>2025-05-09T08:39:34</time>
      </trkpt>
      <trkpt lat="46.36801485903561" lon="23.20591843686998">
        <ele>517.2</ele>
        <time>2025-05-09T08:39:36</time>
      </trkpt>
      <trkpt lat="46.36800446547568" lon="23.206074675545096">
        <ele>516.8</ele>
        <time>2025-05-09T08:39:38</time>
      </trkpt>
      <trkpt lat="46.36806121096015" lon="23.20636762306094">
        <ele>516.8</ele>
        <time>2025-05-09T08:39:42</time>
      </trkpt>
      <trkpt lat="46.36822633445263" lon="23.206755788996816">
        <ele>516.8</ele>
        <time>2025-05-09T08:39:48</time>
      </trkpt>
      <trkpt lat="46.36835080571473" lon="23.20691328495741">
        <ele>517.2</ele>
        <time>2025-05-09T08:39:51</time>
      </trkpt>
      <trkpt lat="46.36850251816213" lon="23.207040773704648">
        <ele>517.2</ele>
        <time>2025-05-09T08:39:54</time>
      </trkpt>
      <trkpt lat="46.368811978027225" lon="23.20719131268561">
        <ele>517.2</ele>
        <time>2025-05-09T08:39:59</time>
      </trkpt>
      <trkpt lat="46.369030410423875" lon="23.20731201209128">
        <ele>516.8</ele>
        <time>2025-05-09T08:40:02</time>
      </trkpt>
      <trkpt lat="46.36917617172003" lon="23.20741326548159">
        <ele>516.6</ele>
        <time>2025-05-09T08:40:04</time>
      </trkpt>
      <trkpt lat="46.369316820055246" lon="23.207540083676577">
        <ele>515.8</ele>
        <time>2025-05-09T08:40:06</time>
      </trkpt>
      <trkpt lat="46.36944246478379" lon="23.20770051330328">
        <ele>515.2</ele>
        <time>2025-05-09T08:40:08</time>
      </trkpt>
      <trkpt lat="46.36949669569731" lon="23.207791289314628">
        <ele>514.6</ele>
        <time>2025-05-09T08:40:09</time>
      </trkpt>
      <trkpt lat="46.369587387889624" lon="23.207980217412114">
        <ele>513.2</ele>
        <time>2025-05-09T08:40:11</time>
      </trkpt>
      <trkpt lat="46.369627956300974" lon="23.208075687289238">
        <ele>512.8</ele>
        <time>2025-05-09T08:40:12</time>
      </trkpt>
      <trkpt lat="46.36971043422818" lon="23.208255479112267">
        <ele>512.0</ele>
        <time>2025-05-09T08:40:14</time>
      </trkpt>
      <trkpt lat="46.369907073676586" lon="23.208576841279864">
        <ele>510.79999999999995</ele>
        <time>2025-05-09T08:40:18</time>
      </trkpt>
      <trkpt lat="46.370331030339" lon="23.209131890907884">
        <ele>510.0</ele>
        <time>2025-05-09T08:40:25</time>
      </trkpt>
      <trkpt lat="46.37038802728057" lon="23.209210680797696">
        <ele>509.79999999999995</ele>
        <time>2025-05-09T08:40:26</time>
      </trkpt>
      <trkpt lat="46.370606711134315" lon="23.20951628498733">
        <ele>508.6</ele>
        <time>2025-05-09T08:40:30</time>
      </trkpt>
      <trkpt lat="46.370978532359004" lon="23.210007548332214">
        <ele>507.79999999999995</ele>
        <time>2025-05-09T08:40:37</time>
      </trkpt>
      <trkpt lat="46.37130416929722" lon="23.2103053573519">
        <ele>507.79999999999995</ele>
        <time>2025-05-09T08:40:43</time>
      </trkpt>
      <trkpt lat="46.371779926121235" lon="23.210688158869743">
        <ele>508.6</ele>
        <time>2025-05-09T08:40:52</time>
      </trkpt>
      <trkpt lat="46.37183256447315" lon="23.210730655118823">
        <ele>508.79999999999995</ele>
        <time>2025-05-09T08:40:53</time>
      </trkpt>
      <trkpt lat="46.372344866395" lon="23.211142290383577">
        <ele>509.20000000000005</ele>
        <time>2025-05-09T08:41:02</time>
      </trkpt>
      <trkpt lat="46.372630186378956" lon="23.21145812049508">
        <ele>509.0</ele>
        <time>2025-05-09T08:41:07</time>
      </trkpt>
      <trkpt lat="46.37291139923036" lon="23.21192180737853">
        <ele>508.0</ele>
        <time>2025-05-09T08:41:13</time>
      </trkpt>
      <trkpt lat="46.3729577511549" lon="23.212004955857992">
        <ele>507.79999999999995</ele>
        <time>2025-05-09T08:41:14</time>
      </trkpt>
      <trkpt lat="46.37323728762567" lon="23.21250770241022">
        <ele>506.79999999999995</ele>
        <time>2025-05-09T08:41:20</time>
      </trkpt>
      <trkpt lat="46.373285818845034" lon="23.21258967742324">
        <ele>506.79999999999995</ele>
        <time>2025-05-09T08:41:21</time>
      </trkpt>
      <trkpt lat="46.37361070141196" lon="23.21319811977446">
        <ele>506.20000000000005</ele>
        <time>2025-05-09T08:41:28</time>
      </trkpt>
      <trkpt lat="46.373799461871386" lon="23.213538760319352">
        <ele>505.6</ele>
        <time>2025-05-09T08:41:32</time>
      </trkpt>
      <trkpt lat="46.374184442684054" lon="23.21421928703785">
        <ele>505.0</ele>
        <time>2025-05-09T08:41:40</time>
      </trkpt>
      <trkpt lat="46.37446238659322" lon="23.2147382106632">
        <ele>504.6</ele>
        <time>2025-05-09T08:41:46</time>
      </trkpt>
      <trkpt lat="46.37464167550206" lon="23.215079521760345">
        <ele>504.4</ele>
        <time>2025-05-09T08:41:50</time>
      </trkpt>
      <trkpt lat="46.375007294118404" lon="23.215747140347958">
        <ele>504.20000000000005</ele>
        <time>2025-05-09T08:41:58</time>
      </trkpt>
      <trkpt lat="46.375152887776494" lon="23.215990886092186">
        <ele>504.4</ele>
        <time>2025-05-09T08:42:01</time>
      </trkpt>
      <trkpt lat="46.37551280669868" lon="23.21663662791252">
        <ele>504.20000000000005</ele>
        <time>2025-05-09T08:42:09</time>
      </trkpt>
      <trkpt lat="46.37555588968098" lon="23.21671575307846">
        <ele>504.0</ele>
        <time>2025-05-09T08:42:10</time>
      </trkpt>
      <trkpt lat="46.37590482831001" lon="23.217346742749214">
        <ele>504.0</ele>
        <time>2025-05-09T08:42:18</time>
      </trkpt>
      <trkpt lat="46.37606534175575" lon="23.217638097703457">
        <ele>504.0</ele>
        <time>2025-05-09T08:42:22</time>
      </trkpt>
      <trkpt lat="46.37642802670598" lon="23.21830026805401">
        <ele>504.20000000000005</ele>
        <time>2025-05-09T08:42:31</time>
      </trkpt>
      <trkpt lat="46.37646951712668" lon="23.21837461553514">
        <ele>504.20000000000005</ele>
        <time>2025-05-09T08:42:32</time>
      </trkpt>
      <trkpt lat="46.37684863060713" lon="23.21905237622559">
        <ele>504.20000000000005</ele>
        <time>2025-05-09T08:42:41</time>
      </trkpt>
      <trkpt lat="46.37693362310529" lon="23.21920140646398">
        <ele>504.20000000000005</ele>
        <time>2025-05-09T08:42:43</time>
      </trkpt>
      <trkpt lat="46.37728800997138" lon="23.219843041151762">
        <ele>504.4</ele>
        <time>2025-05-09T08:42:52</time>
      </trkpt>
      <trkpt lat="46.37760618701577" lon="23.220424158498645">
        <ele>505.20000000000005</ele>
        <time>2025-05-09T08:43:01</time>
      </trkpt>
      <trkpt lat="46.37780249118805" lon="23.220781479030848">
        <ele>505.79999999999995</ele>
        <time>2025-05-09T08:43:07</time>
      </trkpt>
      <trkpt lat="46.37790215201676" lon="23.220973508432508">
        <ele>506.0</ele>
        <time>2025-05-09T08:43:10</time>
      </trkpt>
      <trkpt lat="46.37821110896766" lon="23.22155898436904">
        <ele>506.6</ele>
        <time>2025-05-09T08:43:19</time>
      </trkpt>
      <trkpt lat="46.378514198586345" lon="23.22210523299873">
        <ele>506.6</ele>
        <time>2025-05-09T08:43:28</time>
      </trkpt>
      <trkpt lat="46.37868661433458" lon="23.222405640408397">
        <ele>507.0</ele>
        <time>2025-05-09T08:43:34</time>
      </trkpt>
      <trkpt lat="46.37871343642473" lon="23.222449058666825">
        <ele>507.20000000000005</ele>
        <time>2025-05-09T08:43:35</time>
      </trkpt>
      <trkpt lat="46.378828436136246" lon="23.22265399619937">
        <ele>508.20000000000005</ele>
        <time>2025-05-09T08:43:40</time>
      </trkpt>
      <trkpt lat="46.37888727709651" lon="23.22277721017599">
        <ele>508.79999999999995</ele>
        <time>2025-05-09T08:43:43</time>
      </trkpt>
      <trkpt lat="46.378937317058444" lon="23.222898999229074">
        <ele>509.4</ele>
        <time>2025-05-09T08:43:46</time>
      </trkpt>
      <trkpt lat="46.379002360627055" lon="23.22310594841838">
        <ele>510.6</ele>
        <time>2025-05-09T08:43:51</time>
      </trkpt>
      <trkpt lat="46.379012586548924" lon="23.223145259544253">
        <ele>511.0</ele>
        <time>2025-05-09T08:43:52</time>
      </trkpt>
      <trkpt lat="46.37903840281069" lon="23.223253889009356">
        <ele>511.79999999999995</ele>
        <time>2025-05-09T08:43:55</time>
      </trkpt>
      <trkpt lat="46.379065392538905" lon="23.22336603887379">
        <ele>512.4</ele>
        <time>2025-05-09T08:43:58</time>
      </trkpt>
      <trkpt lat="46.379087856039405" lon="23.223480870947242">
        <ele>512.8</ele>
        <time>2025-05-09T08:44:01</time>
      </trkpt>
      <trkpt lat="46.3791174441576" lon="23.223664769902825">
        <ele>513.8</ele>
        <time>2025-05-09T08:44:06</time>
      </trkpt>
      <trkpt lat="46.379154324531555" lon="23.223887057974935">
        <ele>515.0</ele>
        <time>2025-05-09T08:44:12</time>
      </trkpt>
      <trkpt lat="46.37916865758598" lon="23.22396752424538">
        <ele>515.2</ele>
        <time>2025-05-09T08:44:14</time>
      </trkpt>
      <trkpt lat="46.37919950298965" lon="23.22413608431816">
        <ele>516.0</ele>
        <time>2025-05-09T08:44:18</time>
      </trkpt>
      <trkpt lat="46.37924786657095" lon="23.224366419017315">
        <ele>516.8</ele>
        <time>2025-05-09T08:44:23</time>
      </trkpt>
      <trkpt lat="46.37926680967212" lon="23.224460715427995">
        <ele>517.2</ele>
        <time>2025-05-09T08:44:25</time>
      </trkpt>
      <trkpt lat="46.37931148521602" lon="23.224720219150186">
        <ele>517.8</ele>
        <time>2025-05-09T08:44:31</time>
      </trkpt>
      <trkpt lat="46.37933202087879" lon="23.224793141707778">
        <ele>518.2</ele>
        <time>2025-05-09T08:44:33</time>
      </trkpt>
      <trkpt lat="46.379415253177285" lon="23.225003108382225">
        <ele>519.4</ele>
        <time>2025-05-09T08:44:39</time>
      </trkpt>
      <trkpt lat="46.37954408302903" lon="23.225217098370194">
        <ele>520.4</ele>
        <time>2025-05-09T08:44:46</time>
      </trkpt>
      <trkpt lat="46.37956503778696" lon="23.225241908803582">
        <ele>520.6</ele>
        <time>2025-05-09T08:44:47</time>
      </trkpt>
      <trkpt lat="46.37970727868378" lon="23.225365625694394">
        <ele>521.4</ele>
        <time>2025-05-09T08:44:53</time>
      </trkpt>
      <trkpt lat="46.37993191368878" lon="23.225521612912416">
        <ele>522.0</ele>
        <time>2025-05-09T08:45:00</time>
      </trkpt>
      <trkpt lat="46.38027414679527" lon="23.225762089714408">
        <ele>522.2</ele>
        <time>2025-05-09T08:45:09</time>
      </trkpt>
      <trkpt lat="46.380509342998266" lon="23.225974068045616">
        <ele>522.6</ele>
        <time>2025-05-09T08:45:15</time>
      </trkpt>
      <trkpt lat="46.38054169714451" lon="23.22601773776114">
        <ele>522.6</ele>
        <time>2025-05-09T08:45:16</time>
      </trkpt>
      <trkpt lat="46.38063121587038" lon="23.22615411132574">
        <ele>522.8</ele>
        <time>2025-05-09T08:45:19</time>
      </trkpt>
      <trkpt lat="46.380686620250344" lon="23.226314960047603">
        <ele>523.0</ele>
        <time>2025-05-09T08:45:22</time>
      </trkpt>
      <trkpt lat="46.38069952838123" lon="23.226372795179486">
        <ele>523.0</ele>
        <time>2025-05-09T08:45:23</time>
      </trkpt>
      <trkpt lat="46.38074537739158" lon="23.226543366909027">
        <ele>523.6</ele>
        <time>2025-05-09T08:45:26</time>
      </trkpt>
      <trkpt lat="46.38081586919725" lon="23.22674000635743">
        <ele>524.0</ele>
        <time>2025-05-09T08:45:30</time>
      </trkpt>
      <trkpt lat="46.380860544741154" lon="23.226883923634887">
        <ele>524.5999999999999</ele>
        <time>2025-05-09T08:45:33</time>
      </trkpt>
      <trkpt lat="46.38091787695885" lon="23.227018788456917">
        <ele>525.4000000000001</ele>
        <time>2025-05-09T08:45:36</time>
      </trkpt>
      <trkpt lat="46.380979903042316" lon="23.227150719612837">
        <ele>526.0</ele>
        <time>2025-05-09T08:45:39</time>
      </trkpt>
      <trkpt lat="46.381072690710425" lon="23.227328835055232">
        <ele>526.8</ele>
        <time>2025-05-09T08:45:43</time>
      </trkpt>
      <trkpt lat="46.3811207190156" lon="23.227426232770085">
        <ele>527.0</ele>
        <time>2025-05-09T08:45:45</time>
      </trkpt>
      <trkpt lat="46.38119364157319" lon="23.22759747505188">
        <ele>527.8</ele>
        <time>2025-05-09T08:45:48</time>
      </trkpt>
      <trkpt lat="46.38121023774147" lon="23.227664614096284">
        <ele>527.8</ele>
        <time>2025-05-09T08:45:49</time>
      </trkpt>
      <trkpt lat="46.381195317953825" lon="23.227960830554366">
        <ele>527.8</ele>
        <time>2025-05-09T08:45:53</time>
      </trkpt>
      <trkpt lat="46.38110093772411" lon="23.228188902139664">
        <ele>527.8</ele>
        <time>2025-05-09T08:45:56</time>
      </trkpt>
      <trkpt lat="46.381023321300745" lon="23.22834354825318">
        <ele>527.8</ele>
        <time>2025-05-09T08:45:58</time>
      </trkpt>
      <trkpt lat="46.38073028996587" lon="23.228914607316256">
        <ele>526.4000000000001</ele>
        <time>2025-05-09T08:46:05</time>
      </trkpt>
      <trkpt lat="46.38064345344901" lon="23.229087609797716">
        <ele>526.0</ele>
        <time>2025-05-09T08:46:07</time>
      </trkpt>
      <trkpt lat="46.380463326349854" lon="23.22942741215229">
        <ele>524.8</ele>
        <time>2025-05-09T08:46:11</time>
      </trkpt>
      <trkpt lat="46.38037766329944" lon="23.22960376739502">
        <ele>524.2</ele>
        <time>2025-05-09T08:46:13</time>
      </trkpt>
      <trkpt lat="46.380343213677406" lon="23.229704769328237">
        <ele>523.8</ele>
        <time>2025-05-09T08:46:14</time>
      </trkpt>
      <trkpt lat="46.380317229777575" lon="23.229809207841754">
        <ele>523.2</ele>
        <time>2025-05-09T08:46:15</time>
      </trkpt>
      <trkpt lat="46.38027993030846" lon="23.23015244677663">
        <ele>522.2</ele>
        <time>2025-05-09T08:46:18</time>
      </trkpt>
      <trkpt lat="46.38032519258559" lon="23.230620827525854">
        <ele>521.0</ele>
        <time>2025-05-09T08:46:22</time>
      </trkpt>
      <trkpt lat="46.38048117980361" lon="23.230873458087444">
        <ele>520.0</ele>
        <time>2025-05-09T08:46:25</time>
      </trkpt>
      <trkpt lat="46.380734480917454" lon="23.2308810018003">
        <ele>519.0</ele>
        <time>2025-05-09T08:46:28</time>
      </trkpt>
      <trkpt lat="46.380821568891406" lon="23.23085183277726">
        <ele>518.6</ele>
        <time>2025-05-09T08:46:29</time>
      </trkpt>
      <trkpt lat="46.3811603654176" lon="23.230690229684114">
        <ele>517.4</ele>
        <time>2025-05-09T08:46:33</time>
      </trkpt>
      <trkpt lat="46.38124259188771" lon="23.23064756579697">
        <ele>517.0</ele>
        <time>2025-05-09T08:46:34</time>
      </trkpt>
      <trkpt lat="46.38140578754246" lon="23.230567099526525">
        <ele>516.2</ele>
        <time>2025-05-09T08:46:36</time>
      </trkpt>
      <trkpt lat="46.381723964586854" lon="23.23042226023972">
        <ele>514.8</ele>
        <time>2025-05-09T08:46:40</time>
      </trkpt>
      <trkpt lat="46.38187777251005" lon="23.230356127023697">
        <ele>514.0</ele>
        <time>2025-05-09T08:46:42</time>
      </trkpt>
      <trkpt lat="46.381955137476325" lon="23.2303283829242">
        <ele>513.6</ele>
        <time>2025-05-09T08:46:43</time>
      </trkpt>
      <trkpt lat="46.38227834366262" lon="23.230242803692818">
        <ele>512.4</ele>
        <time>2025-05-09T08:46:47</time>
      </trkpt>
      <trkpt lat="46.38260465115309" lon="23.230248587206006">
        <ele>511.6</ele>
        <time>2025-05-09T08:46:51</time>
      </trkpt>
      <trkpt lat="46.38268545269966" lon="23.230254789814353">
        <ele>511.20000000000005</ele>
        <time>2025-05-09T08:46:52</time>
      </trkpt>
      <trkpt lat="46.382845463231206" lon="23.230252526700497">
        <ele>510.6</ele>
        <time>2025-05-09T08:46:54</time>
      </trkpt>
      <trkpt lat="46.38308149762452" lon="23.23021011427045">
        <ele>509.6</ele>
        <time>2025-05-09T08:46:57</time>
      </trkpt>
      <trkpt lat="46.38316070660949" lon="23.230193434283137">
        <ele>509.4</ele>
        <time>2025-05-09T08:46:58</time>
      </trkpt>
      <trkpt lat="46.3833222258836" lon="23.23017599992454">
        <ele>508.6</ele>
        <time>2025-05-09T08:47:00</time>
      </trkpt>
      <trkpt lat="46.38348609209061" lon="23.230198798701167">
        <ele>508.20000000000005</ele>
        <time>2025-05-09T08:47:02</time>
      </trkpt>
      <trkpt lat="46.38382455334067" lon="23.230330646038055">
        <ele>507.4</ele>
        <time>2025-05-09T08:47:06</time>
      </trkpt>
      <trkpt lat="46.38390552252531" lon="23.230389235541224">
        <ele>507.20000000000005</ele>
        <time>2025-05-09T08:47:07</time>
      </trkpt>
      <trkpt lat="46.3840458355844" lon="23.230544300749898">
        <ele>506.0</ele>
        <time>2025-05-09T08:47:09</time>
      </trkpt>
      <trkpt lat="46.38410987332463" lon="23.230631975457072">
        <ele>505.6</ele>
        <time>2025-05-09T08:47:10</time>
      </trkpt>
      <trkpt lat="46.384172486141324" lon="23.23072182945907">
        <ele>505.0</ele>
        <time>2025-05-09T08:47:11</time>
      </trkpt>
      <trkpt lat="46.38423325493932" lon="23.230811934918165">
        <ele>504.4</ele>
        <time>2025-05-09T08:47:12</time>
      </trkpt>
      <trkpt lat="46.384347919374704" lon="23.230989715084434">
        <ele>503.20000000000005</ele>
        <time>2025-05-09T08:47:14</time>
      </trkpt>
      <trkpt lat="46.38444741256535" lon="23.23116690851748">
        <ele>502.0</ele>
        <time>2025-05-09T08:47:16</time>
      </trkpt>
      <trkpt lat="46.3844932615757" lon="23.231256678700447">
        <ele>501.79999999999995</ele>
        <time>2025-05-09T08:47:17</time>
      </trkpt>
      <trkpt lat="46.384582947939634" lon="23.231431441381574">
        <ele>501.0</ele>
        <time>2025-05-09T08:47:19</time>
      </trkpt>
      <trkpt lat="46.38470775447786" lon="23.23169505223632">
        <ele>499.79999999999995</ele>
        <time>2025-05-09T08:47:22</time>
      </trkpt>
      <trkpt lat="46.384793585166335" lon="23.231863444671035">
        <ele>499.6</ele>
        <time>2025-05-09T08:47:24</time>
      </trkpt>
      <trkpt lat="46.385121401399374" lon="23.23239686898887">
        <ele>499.20000000000005</ele>
        <time>2025-05-09T08:47:31</time>
      </trkpt>
      <trkpt lat="46.385398004204035" lon="23.23289123363793">
        <ele>499.20000000000005</ele>
        <time>2025-05-09T08:47:37</time>
      </trkpt>
      <trkpt lat="46.3856275845319" lon="23.233404457569122">
        <ele>498.6</ele>
        <time>2025-05-09T08:47:43</time>
      </trkpt>
      <trkpt lat="46.38569581322372" lon="23.23358123190701">
        <ele>498.4</ele>
        <time>2025-05-09T08:47:45</time>
      </trkpt>
      <trkpt lat="46.38581022620201" lon="23.23406394571066">
        <ele>498.20000000000005</ele>
        <time>2025-05-09T08:47:50</time>
      </trkpt>
      <trkpt lat="46.38589957728982" lon="23.234745394438505">
        <ele>497.6</ele>
        <time>2025-05-09T08:47:57</time>
      </trkpt>
      <trkpt lat="46.385907121002674" lon="23.234842708334327">
        <ele>497.4</ele>
        <time>2025-05-09T08:47:58</time>
      </trkpt>
      <trkpt lat="46.385901337489486" lon="23.235502867028117">
        <ele>496.79999999999995</ele>
        <time>2025-05-09T08:48:05</time>
      </trkpt>
      <trkpt lat="46.38585356064141" lon="23.235932355746627">
        <ele>497.0</ele>
        <time>2025-05-09T08:48:10</time>
      </trkpt>
      <trkpt lat="46.38582883402705" lon="23.23652671650052">
        <ele>497.20000000000005</ele>
        <time>2025-05-09T08:48:17</time>
      </trkpt>
      <trkpt lat="46.38582397252321" lon="23.237087465822697">
        <ele>497.20000000000005</ele>
        <time>2025-05-09T08:48:23</time>
      </trkpt>
      <trkpt lat="46.38576169498265" lon="23.237750306725502">
        <ele>496.6</ele>
        <time>2025-05-09T08:48:30</time>
      </trkpt>
      <trkpt lat="46.38570017181337" lon="23.238011822104454">
        <ele>496.20000000000005</ele>
        <time>2025-05-09T08:48:33</time>
      </trkpt>
      <trkpt lat="46.38562657870352" lon="23.238234696909785">
        <ele>496.20000000000005</ele>
        <time>2025-05-09T08:48:36</time>
      </trkpt>
      <trkpt lat="46.38560495339334" lon="23.23830963112414">
        <ele>496.20000000000005</ele>
        <time>2025-05-09T08:48:37</time>
      </trkpt>
      <trkpt lat="46.385505041107535" lon="23.238591346889734">
        <ele>495.79999999999995</ele>
        <time>2025-05-09T08:48:41</time>
      </trkpt>
      <trkpt lat="46.38536363840103" lon="23.239029804244637">
        <ele>495.79999999999995</ele>
        <time>2025-05-09T08:48:47</time>
      </trkpt>
      <trkpt lat="46.38520237058401" lon="23.239472787827253">
        <ele>495.79999999999995</ele>
        <time>2025-05-09T08:48:53</time>
      </trkpt>
      <trkpt lat="46.38505334034562" lon="23.23973933234811">
        <ele>495.6</ele>
        <time>2025-05-09T08:48:57</time>
      </trkpt>
      <trkpt lat="46.38496725820005" lon="23.239871179684997">
        <ele>495.20000000000005</ele>
        <time>2025-05-09T08:48:59</time>
      </trkpt>
      <trkpt lat="46.384709095582366" lon="23.240201510488987">
        <ele>495.20000000000005</ele>
        <time>2025-05-09T08:49:05</time>
      </trkpt>
      <trkpt lat="46.38449762016535" lon="23.24045187793672">
        <ele>495.20000000000005</ele>
        <time>2025-05-09T08:49:11</time>
      </trkpt>
      <trkpt lat="46.38443861156702" lon="23.240529913455248">
        <ele>495.20000000000005</ele>
        <time>2025-05-09T08:49:15</time>
      </trkpt>
      <trkpt lat="46.38443140313029" lon="23.240528907626867">
        <ele>495.4</ele>
        <time>2025-05-09T08:49:23</time>
      </trkpt>
      <trkpt lat="46.38442545197904" lon="23.240544833242893">
        <ele>495.4</ele>
        <time>2025-05-09T08:49:35</time>
      </trkpt>
      <trkpt lat="46.384422183036804" lon="23.240536535158753">
        <ele>495.4</ele>
        <time>2025-05-09T08:49:46</time>
      </trkpt>
      <trkpt lat="46.38441857881844" lon="23.240535110235214">
        <ele>495.4</ele>
        <time>2025-05-09T08:49:57</time>
      </trkpt>
      <trkpt lat="46.38442100957036" lon="23.240529410541058">
        <ele>495.4</ele>
        <time>2025-05-09T08:50:09</time>
      </trkpt>
      <trkpt lat="46.38442184776068" lon="23.240510215982795">
        <ele>495.6</ele>
        <time>2025-05-09T08:50:20</time>
      </trkpt>
      <trkpt lat="46.38441547751427" lon="23.240492697805166">
        <ele>495.4</ele>
        <time>2025-05-09T08:50:33</time>
      </trkpt>
      <trkpt lat="46.38440692797303" lon="23.240495966747403">
        <ele>495.4</ele>
        <time>2025-05-09T08:50:43</time>
      </trkpt>
      <trkpt lat="46.38440734706819" lon="23.240496637299657">
        <ele>495.4</ele>
        <time>2025-05-09T08:50:55</time>
      </trkpt>
      <trkpt lat="46.38440667651594" lon="23.240494960919023">
        <ele>495.4</ele>
        <time>2025-05-09T08:51:12</time>
      </trkpt>
      <trkpt lat="46.38440441340208" lon="23.240493619814515">
        <ele>495.4</ele>
        <time>2025-05-09T08:51:25</time>
      </trkpt>
      <trkpt lat="46.384404078125954" lon="23.240493619814515">
        <ele>495.20000000000005</ele>
        <time>2025-05-09T08:51:44</time>
      </trkpt>
      <trkpt lat="46.38440240174532" lon="23.2404943741858">
        <ele>495.20000000000005</ele>
        <time>2025-05-09T08:52:05</time>
      </trkpt>
      <trkpt lat="46.384402653202415" lon="23.240495631471276">
        <ele>495.4</ele>
        <time>2025-05-09T08:52:48</time>
      </trkpt>
      <trkpt lat="46.38440047390759" lon="23.240491524338722">
        <ele>495.20000000000005</ele>
        <time>2025-05-09T08:53:16</time>
      </trkpt>
      <trkpt lat="46.38439955189824" lon="23.24049043469131">
        <ele>495.20000000000005</ele>
        <time>2025-05-09T08:53:55</time>
      </trkpt>
      <trkpt lat="46.38439913280308" lon="23.240490267053246">
        <ele>495.20000000000005</ele>
        <time>2025-05-09T08:54:20</time>
      </trkpt>
      <trkpt lat="46.384385051205754" lon="23.240520944818854">
        <ele>495.20000000000005</ele>
        <time>2025-05-09T08:54:53</time>
      </trkpt>
      <trkpt lat="46.38438044115901" lon="23.24053728953004">
        <ele>495.0</ele>
        <time>2025-05-09T08:55:07</time>
      </trkpt>
      <trkpt lat="46.38438027352095" lon="23.240539133548737">
        <ele>495.0</ele>
        <time>2025-05-09T08:55:30</time>
      </trkpt>
      <trkpt lat="46.38437801040709" lon="23.240538127720356">
        <ele>495.0</ele>
        <time>2025-05-09T08:55:55</time>
      </trkpt>
      <trkpt lat="46.384373903274536" lon="23.240533266216516">
        <ele>495.0</ele>
        <time>2025-05-09T08:56:10</time>
      </trkpt>
      <trkpt lat="46.384372813627124" lon="23.240533769130707">
        <ele>495.0</ele>
        <time>2025-05-09T08:56:28</time>
      </trkpt>
      <trkpt lat="46.38437356799841" lon="23.240537121891975">
        <ele>495.0</ele>
        <time>2025-05-09T08:57:03</time>
      </trkpt>
      <trkpt lat="46.38437264598906" lon="23.240536116063595">
        <ele>494.79999999999995</ele>
        <time>2025-05-09T08:57:18</time>
      </trkpt>
      <trkpt lat="46.38434322550893" lon="23.240594621747732">
        <ele>495.0</ele>
        <time>2025-05-09T08:57:35</time>
      </trkpt>
      <trkpt lat="46.38427793048322" lon="23.240670477971435">
        <ele>495.0</ele>
        <time>2025-05-09T08:57:39</time>
      </trkpt>
      <trkpt lat="46.38411012478173" lon="23.24088371358812">
        <ele>495.0</ele>
        <time>2025-05-09T08:57:46</time>
      </trkpt>
      <trkpt lat="46.38397232629359" lon="23.24108127504587">
        <ele>495.20000000000005</ele>
        <time>2025-05-09T08:57:51</time>
      </trkpt>
      <trkpt lat="46.38376378454268" lon="23.241384029388428">
        <ele>495.4</ele>
        <time>2025-05-09T08:57:58</time>
      </trkpt>
      <trkpt lat="46.38352196663618" lon="23.241729950532317">
        <ele>495.6</ele>
        <time>2025-05-09T08:58:05</time>
      </trkpt>
      <trkpt lat="46.38348684646189" lon="23.24177898466587">
        <ele>495.6</ele>
        <time>2025-05-09T08:58:06</time>
      </trkpt>
      <trkpt lat="46.383256847038865" lon="23.24206966906786">
        <ele>496.0</ele>
        <time>2025-05-09T08:58:13</time>
      </trkpt>
      <trkpt lat="46.383094657212496" lon="23.242255244404078">
        <ele>496.79999999999995</ele>
        <time>2025-05-09T08:58:19</time>
      </trkpt>
      <trkpt lat="46.383071690797806" lon="23.242281898856163">
        <ele>497.20000000000005</ele>
        <time>2025-05-09T08:58:20</time>
      </trkpt>
      <trkpt lat="46.382979238405824" lon="23.242384158074856">
        <ele>498.0</ele>
        <time>2025-05-09T08:58:24</time>
      </trkpt>
      <trkpt lat="46.382866920903325" lon="23.242506785318255">
        <ele>499.20000000000005</ele>
        <time>2025-05-09T08:58:29</time>
      </trkpt>
      <trkpt lat="46.38273197226226" lon="23.24263410642743">
        <ele>500.4</ele>
        <time>2025-05-09T08:58:34</time>
      </trkpt>
      <trkpt lat="46.382668018341064" lon="23.242689426988363">
        <ele>500.6</ele>
        <time>2025-05-09T08:58:36</time>
      </trkpt>
      <trkpt lat="46.382377250120044" lon="23.242965023964643">
        <ele>500.79999999999995</ele>
        <time>2025-05-09T08:58:44</time>
      </trkpt>
      <trkpt lat="46.38209947384894" lon="23.243226455524564">
        <ele>500.4</ele>
        <time>2025-05-09T08:58:50</time>
      </trkpt>
      <trkpt lat="46.38172522187233" lon="23.243576316162944">
        <ele>499.0</ele>
        <time>2025-05-09T08:58:57</time>
      </trkpt>
      <trkpt lat="46.381514417007565" lon="23.24376138858497">
        <ele>497.79999999999995</ele>
        <time>2025-05-09T08:59:01</time>
      </trkpt>
      <trkpt lat="46.38125223107636" lon="23.243987280875444">
        <ele>497.0</ele>
        <time>2025-05-09T08:59:06</time>
      </trkpt>
      <trkpt lat="46.38086666353047" lon="23.244422050192952">
        <ele>496.79999999999995</ele>
        <time>2025-05-09T08:59:14</time>
      </trkpt>
      <trkpt lat="46.38082014396787" lon="23.24448399245739">
        <ele>496.79999999999995</ele>
        <time>2025-05-09T08:59:15</time>
      </trkpt>
      <trkpt lat="46.380544044077396" lon="23.244855478405952">
        <ele>496.20000000000005</ele>
        <time>2025-05-09T08:59:21</time>
      </trkpt>
      <trkpt lat="46.38044849038124" lon="23.244979698210955">
        <ele>495.79999999999995</ele>
        <time>2025-05-09T08:59:23</time>
      </trkpt>
      <trkpt lat="46.38034296222031" lon="23.245094697922468">
        <ele>495.79999999999995</ele>
        <time>2025-05-09T08:59:25</time>
      </trkpt>
      <trkpt lat="46.38022963888943" lon="23.24519000016153">
        <ele>495.6</ele>
        <time>2025-05-09T08:59:27</time>
      </trkpt>
      <trkpt lat="46.37990173883736" lon="23.24535185471177">
        <ele>495.4</ele>
        <time>2025-05-09T08:59:33</time>
      </trkpt>
      <trkpt lat="46.379520362243056" lon="23.24548420496285">
        <ele>495.79999999999995</ele>
        <time>2025-05-09T08:59:41</time>
      </trkpt>
      <trkpt lat="46.379178296774626" lon="23.24563759379089">
        <ele>497.0</ele>
        <time>2025-05-09T08:59:49</time>
      </trkpt>
      <trkpt lat="46.378908567130566" lon="23.245866084471345">
        <ele>497.79999999999995</ele>
        <time>2025-05-09T08:59:55</time>
      </trkpt>
      <trkpt lat="46.37858133763075" lon="23.246214017271996">
        <ele>498.0</ele>
        <time>2025-05-09T09:00:01</time>
      </trkpt>
      <trkpt lat="46.378228375688195" lon="23.24669798836112">
        <ele>496.4</ele>
        <time>2025-05-09T09:00:08</time>
      </trkpt>
      <trkpt lat="46.37813609093428" lon="23.246832685545087">
        <ele>495.6</ele>
        <time>2025-05-09T09:00:10</time>
      </trkpt>
      <trkpt lat="46.37796241790056" lon="23.247092608362436">
        <ele>495.20000000000005</ele>
        <time>2025-05-09T09:00:14</time>
      </trkpt>
      <trkpt lat="46.37776477262378" lon="23.247400308027864">
        <ele>494.6</ele>
        <time>2025-05-09T09:00:19</time>
      </trkpt>
      <trkpt lat="46.37769008986652" lon="23.247518995776772">
        <ele>494.6</ele>
        <time>2025-05-09T09:00:21</time>
      </trkpt>
      <trkpt lat="46.37749219313264" lon="23.247857624664903">
        <ele>494.6</ele>
        <time>2025-05-09T09:00:27</time>
      </trkpt>
      <trkpt lat="46.37730209156871" lon="23.248241851106286">
        <ele>495.20000000000005</ele>
        <time>2025-05-09T09:00:34</time>
      </trkpt>
      <trkpt lat="46.37720284983516" lon="23.248463300988078">
        <ele>496.0</ele>
        <time>2025-05-09T09:00:38</time>
      </trkpt>
      <trkpt lat="46.377068320289254" lon="23.2487678155303">
        <ele>496.6</ele>
        <time>2025-05-09T09:00:43</time>
      </trkpt>
      <trkpt lat="46.37683144770563" lon="23.24914852157235">
        <ele>496.6</ele>
        <time>2025-05-09T09:00:50</time>
      </trkpt>
      <trkpt lat="46.37676137499511" lon="23.249228484928608">
        <ele>496.6</ele>
        <time>2025-05-09T09:00:52</time>
      </trkpt>
      <trkpt lat="46.37665878050029" lon="23.24933309108019">
        <ele>496.6</ele>
        <time>2025-05-09T09:00:55</time>
      </trkpt>
      <trkpt lat="46.37647840194404" lon="23.249505003914237">
        <ele>497.0</ele>
        <time>2025-05-09T09:01:00</time>
      </trkpt>
      <trkpt lat="46.376361306756735" lon="23.249617153778672">
        <ele>497.4</ele>
        <time>2025-05-09T09:01:03</time>
      </trkpt>
      <trkpt lat="46.37609283439815" lon="23.249871795997024">
        <ele>497.79999999999995</ele>
        <time>2025-05-09T09:01:10</time>
      </trkpt>
      <trkpt lat="46.3759970292449" lon="23.249974474310875">
        <ele>498.0</ele>
        <time>2025-05-09T09:01:13</time>
      </trkpt>
      <trkpt lat="46.37585478834808" lon="23.25015309266746">
        <ele>498.4</ele>
        <time>2025-05-09T09:01:18</time>
      </trkpt>
      <trkpt lat="46.3757464941591" lon="23.250299775972962">
        <ele>499.20000000000005</ele>
        <time>2025-05-09T09:01:22</time>
      </trkpt>
      <trkpt lat="46.37567759491503" lon="23.250395329669118">
        <ele>499.79999999999995</ele>
        <time>2025-05-09T09:01:25</time>
      </trkpt>
      <trkpt lat="46.375616574659944" lon="23.250485435128212">
        <ele>500.20000000000005</ele>
        <time>2025-05-09T09:01:28</time>
      </trkpt>
      <trkpt lat="46.375532168895006" lon="23.250619461759925">
        <ele>501.4</ele>
        <time>2025-05-09T09:01:33</time>
      </trkpt>
      <trkpt lat="46.3754512835294" lon="23.250750387087464">
        <ele>502.4</ele>
        <time>2025-05-09T09:01:38</time>
      </trkpt>
      <trkpt lat="46.375424629077315" lon="23.250808557495475">
        <ele>502.79999999999995</ele>
        <time>2025-05-09T09:01:40</time>
      </trkpt>
      <trkpt lat="46.37539168819785" lon="23.250859854742885">
        <ele>503.4</ele>
        <time>2025-05-09T09:01:42</time>
      </trkpt>
      <trkpt lat="46.37532530352473" lon="23.250996647402644">
        <ele>504.6</ele>
        <time>2025-05-09T09:01:47</time>
      </trkpt>
      <trkpt lat="46.375262942165136" lon="23.251112569123507">
        <ele>505.79999999999995</ele>
        <time>2025-05-09T09:01:51</time>
      </trkpt>
      <trkpt lat="46.37522254139185" lon="23.25120418332517">
        <ele>506.20000000000005</ele>
        <time>2025-05-09T09:01:54</time>
      </trkpt>
      <trkpt lat="46.375156324356794" lon="23.251355476677418">
        <ele>506.79999999999995</ele>
        <time>2025-05-09T09:01:59</time>
      </trkpt>
      <trkpt lat="46.37512497603893" lon="23.251414820551872">
        <ele>507.20000000000005</ele>
        <time>2025-05-09T09:02:01</time>
      </trkpt>
      <trkpt lat="46.375056663528085" lon="23.251524372026324">
        <ele>507.79999999999995</ele>
        <time>2025-05-09T09:02:05</time>
      </trkpt>
      <trkpt lat="46.37502556666732" lon="23.251587823033333">
        <ele>508.20000000000005</ele>
        <time>2025-05-09T09:02:07</time>
      </trkpt>
      <trkpt lat="46.374965803697705" lon="23.251725202426314">
        <ele>508.79999999999995</ele>
        <time>2025-05-09T09:02:11</time>
      </trkpt>
      <trkpt lat="46.37490444816649" lon="23.251877669245005">
        <ele>509.4</ele>
        <time>2025-05-09T09:02:15</time>
      </trkpt>
      <trkpt lat="46.37483865022659" lon="23.25207045301795">
        <ele>510.20000000000005</ele>
        <time>2025-05-09T09:02:20</time>
      </trkpt>
      <trkpt lat="46.37479791417718" lon="23.252188302576542">
        <ele>510.6</ele>
        <time>2025-05-09T09:02:23</time>
      </trkpt>
      <trkpt lat="46.374695152044296" lon="23.252509329468012">
        <ele>511.0</ele>
        <time>2025-05-09T09:02:31</time>
      </trkpt>
      <trkpt lat="46.374670173972845" lon="23.252587616443634">
        <ele>511.4</ele>
        <time>2025-05-09T09:02:33</time>
      </trkpt>
      <trkpt lat="46.37462826445699" lon="23.252751985564828">
        <ele>511.79999999999995</ele>
        <time>2025-05-09T09:02:37</time>
      </trkpt>
      <trkpt lat="46.374577302485704" lon="23.252893388271332">
        <ele>512.4</ele>
        <time>2025-05-09T09:02:41</time>
      </trkpt>
      <trkpt lat="46.37453757226467" lon="23.253031354397535">
        <ele>513.0</ele>
        <time>2025-05-09T09:02:45</time>
      </trkpt>
      <trkpt lat="46.37450681068003" lon="23.253172924742103">
        <ele>513.6</ele>
        <time>2025-05-09T09:02:49</time>
      </trkpt>
      <trkpt lat="46.374488957226276" lon="23.253332432359457">
        <ele>514.6</ele>
        <time>2025-05-09T09:02:53</time>
      </trkpt>
      <trkpt lat="46.37448803521693" lon="23.253373000770807">
        <ele>514.6</ele>
        <time>2025-05-09T09:02:54</time>
      </trkpt>
      <trkpt lat="46.374489879235625" lon="23.253652956336737">
        <ele>515.6</ele>
        <time>2025-05-09T09:03:00</time>
      </trkpt>
      <trkpt lat="46.3745048828423" lon="23.253807770088315">
        <ele>515.8</ele>
        <time>2025-05-09T09:03:03</time>
      </trkpt>
      <trkpt lat="46.374533884227276" lon="23.254023184999824">
        <ele>516.4</ele>
        <time>2025-05-09T09:03:07</time>
      </trkpt>
      <trkpt lat="46.374559700489044" lon="23.254201551899314">
        <ele>516.4</ele>
        <time>2025-05-09T09:03:10</time>
      </trkpt>
      <trkpt lat="46.374596580863" lon="23.25445401482284">
        <ele>516.8</ele>
        <time>2025-05-09T09:03:14</time>
      </trkpt>
      <trkpt lat="46.374598341062665" lon="23.254821309819818">
        <ele>516.8</ele>
        <time>2025-05-09T09:03:19</time>
      </trkpt>
      <trkpt lat="46.374528519809246" lon="23.25545858591795">
        <ele>516.6</ele>
        <time>2025-05-09T09:03:27</time>
      </trkpt>
      <trkpt lat="46.37448275461793" lon="23.2561397831887">
        <ele>515.8</ele>
        <time>2025-05-09T09:03:35</time>
      </trkpt>
      <trkpt lat="46.37448962777853" lon="23.256218153983355">
        <ele>515.8</ele>
        <time>2025-05-09T09:03:36</time>
      </trkpt>
      <trkpt lat="46.37455643154681" lon="23.2565232552588">
        <ele>515.8</ele>
        <time>2025-05-09T09:03:40</time>
      </trkpt>
      <trkpt lat="46.37473890557885" lon="23.257096242159605">
        <ele>515.8</ele>
        <time>2025-05-09T09:03:48</time>
      </trkpt>
      <trkpt lat="46.37493579648435" lon="23.257538471370935">
        <ele>516.2</ele>
        <time>2025-05-09T09:03:55</time>
      </trkpt>
      <trkpt lat="46.375171998515725" lon="23.258007690310478">
        <ele>516.6</ele>
        <time>2025-05-09T09:04:03</time>
      </trkpt>
      <trkpt lat="46.37542521581054" lon="23.258497696369886">
        <ele>516.6</ele>
        <time>2025-05-09T09:04:11</time>
      </trkpt>
      <trkpt lat="46.37574800290167" lon="23.25907395221293">
        <ele>516.8</ele>
        <time>2025-05-09T09:04:21</time>
      </trkpt>
      <trkpt lat="46.3759037386626" lon="23.259369749575853">
        <ele>516.8</ele>
        <time>2025-05-09T09:04:27</time>
      </trkpt>
      <trkpt lat="46.37597498483956" lon="23.25951173901558">
        <ele>516.8</ele>
        <time>2025-05-09T09:04:32</time>
      </trkpt>
      <trkpt lat="46.37597146444023" lon="23.25952749699354">
        <ele>516.6</ele>
        <time>2025-05-09T09:04:37</time>
      </trkpt>
      <trkpt lat="46.3759917486459" lon="23.25954199768603">
        <ele>516.6</ele>
        <time>2025-05-09T09:04:54</time>
      </trkpt>
      <trkpt lat="46.376074058935046" lon="23.259688010439277">
        <ele>516.8</ele>
        <time>2025-05-09T09:04:59</time>
      </trkpt>
      <trkpt lat="46.37625460512936" lon="23.260015239939094">
        <ele>516.8</ele>
        <time>2025-05-09T09:05:06</time>
      </trkpt>
      <trkpt lat="46.37643674388528" lon="23.260369040071964">
        <ele>516.6</ele>
        <time>2025-05-09T09:05:12</time>
      </trkpt>
      <trkpt lat="46.376458117738366" lon="23.26043777167797">
        <ele>516.6</ele>
        <time>2025-05-09T09:05:13</time>
      </trkpt>
      <trkpt lat="46.37667101807892" lon="23.261051159352064">
        <ele>515.8</ele>
        <time>2025-05-09T09:05:22</time>
      </trkpt>
      <trkpt lat="46.37677646242082" lon="23.261217707768083">
        <ele>515.6</ele>
        <time>2025-05-09T09:05:25</time>
      </trkpt>
      <trkpt lat="46.37690428644419" lon="23.26134226284921">
        <ele>515.6</ele>
        <time>2025-05-09T09:05:28</time>
      </trkpt>
      <trkpt lat="46.37710805051029" lon="23.26138861477375">
        <ele>515.8</ele>
        <time>2025-05-09T09:05:32</time>
      </trkpt>
      <trkpt lat="46.37726445682347" lon="23.261351650580764">
        <ele>515.8</ele>
        <time>2025-05-09T09:05:35</time>
      </trkpt>
      <trkpt lat="46.37743226252496" lon="23.261286607012153">
        <ele>515.8</ele>
        <time>2025-05-09T09:05:38</time>
      </trkpt>
      <trkpt lat="46.37773023918271" lon="23.261158615350723">
        <ele>515.6</ele>
        <time>2025-05-09T09:05:43</time>
      </trkpt>
      <trkpt lat="46.377857979387045" lon="23.261100947856903">
        <ele>515.4</ele>
        <time>2025-05-09T09:05:45</time>
      </trkpt>
      <trkpt lat="46.37811622582376" lon="23.260976811870933">
        <ele>514.4</ele>
        <time>2025-05-09T09:05:49</time>
      </trkpt>
      <trkpt lat="46.378367599099874" lon="23.260837588459253">
        <ele>513.4</ele>
        <time>2025-05-09T09:05:53</time>
      </trkpt>
      <trkpt lat="46.37843138538301" lon="23.260798528790474">
        <ele>513.2</ele>
        <time>2025-05-09T09:05:54</time>
      </trkpt>
      <trkpt lat="46.37875031679869" lon="23.260584454983473">
        <ele>512.0</ele>
        <time>2025-05-09T09:05:59</time>
      </trkpt>
      <trkpt lat="46.37887445278466" lon="23.260474652051926">
        <ele>511.4</ele>
        <time>2025-05-09T09:06:01</time>
      </trkpt>
      <trkpt lat="46.37899758294225" lon="23.260339871048927">
        <ele>511.0</ele>
        <time>2025-05-09T09:06:03</time>
      </trkpt>
      <trkpt lat="46.37918676249683" lon="23.260084809735417">
        <ele>510.0</ele>
        <time>2025-05-09T09:06:06</time>
      </trkpt>
      <trkpt lat="46.37925130315125" lon="23.25998816639185">
        <ele>509.79999999999995</ele>
        <time>2025-05-09T09:06:07</time>
      </trkpt>
      <trkpt lat="46.37953243218362" lon="23.259553564712405">
        <ele>508.79999999999995</ele>
        <time>2025-05-09T09:06:11</time>
      </trkpt>
      <trkpt lat="46.37968682684004" lon="23.25931970961392">
        <ele>507.20000000000005</ele>
        <time>2025-05-09T09:06:13</time>
      </trkpt>
      <trkpt lat="46.379849687218666" lon="23.25909457169473">
        <ele>505.79999999999995</ele>
        <time>2025-05-09T09:06:15</time>
      </trkpt>
      <trkpt lat="46.3800173252821" lon="23.258893825113773">
        <ele>504.20000000000005</ele>
        <time>2025-05-09T09:06:17</time>
      </trkpt>
      <trkpt lat="46.380105670541525" lon="23.25880564749241">
        <ele>502.79999999999995</ele>
        <time>2025-05-09T09:06:18</time>
      </trkpt>
      <trkpt lat="46.380203822627664" lon="23.25873054563999">
        <ele>501.79999999999995</ele>
        <time>2025-05-09T09:06:19</time>
      </trkpt>
      <trkpt lat="46.380387553945184" lon="23.25859760865569">
        <ele>500.0</ele>
        <time>2025-05-09T09:06:21</time>
      </trkpt>
      <trkpt lat="46.38055888004601" lon="23.25847883708775">
        <ele>498.6</ele>
        <time>2025-05-09T09:06:23</time>
      </trkpt>
      <trkpt lat="46.38072500936687" lon="23.258365765213966">
        <ele>497.20000000000005</ele>
        <time>2025-05-09T09:06:25</time>
      </trkpt>
      <trkpt lat="46.3808908034116" lon="23.258256716653705">
        <ele>496.0</ele>
        <time>2025-05-09T09:06:27</time>
      </trkpt>
      <trkpt lat="46.38143043033779" lon="23.25802152045071">
        <ele>494.4</ele>
        <time>2025-05-09T09:06:33</time>
      </trkpt>
      <trkpt lat="46.38170854188502" lon="23.25797106139362">
        <ele>493.6</ele>
        <time>2025-05-09T09:06:36</time>
      </trkpt>
      <trkpt lat="46.38179428875446" lon="23.257976761087775">
        <ele>493.4</ele>
        <time>2025-05-09T09:06:37</time>
      </trkpt>
      <trkpt lat="46.38201984576881" lon="23.258067285642028">
        <ele>492.6</ele>
        <time>2025-05-09T09:06:40</time>
      </trkpt>
      <trkpt lat="46.38213526457548" lon="23.25818806886673">
        <ele>492.0</ele>
        <time>2025-05-09T09:06:42</time>
      </trkpt>
      <trkpt lat="46.382183879613876" lon="23.258267613127828">
        <ele>491.79999999999995</ele>
        <time>2025-05-09T09:06:43</time>
      </trkpt>
      <trkpt lat="46.38233265839517" lon="23.258654102683067">
        <ele>490.79999999999995</ele>
        <time>2025-05-09T09:06:47</time>
      </trkpt>
      <trkpt lat="46.38236300088465" lon="23.258757032454014">
        <ele>490.79999999999995</ele>
        <time>2025-05-09T09:06:48</time>
      </trkpt>
      <trkpt lat="46.38260540552437" lon="23.259452814236283">
        <ele>490.0</ele>
        <time>2025-05-09T09:06:55</time>
      </trkpt>
      <trkpt lat="46.38263314962387" lon="23.259551553055644">
        <ele>489.79999999999995</ele>
        <time>2025-05-09T09:06:56</time>
      </trkpt>
      <trkpt lat="46.38270841911435" lon="23.25996176339686">
        <ele>489.0</ele>
        <time>2025-05-09T09:07:00</time>
      </trkpt>
      <trkpt lat="46.382722249254584" lon="23.26006645336747">
        <ele>488.6</ele>
        <time>2025-05-09T09:07:01</time>
      </trkpt>
      <trkpt lat="46.38277052901685" lon="23.26068847440183">
        <ele>487.4</ele>
        <time>2025-05-09T09:07:07</time>
      </trkpt>
      <trkpt lat="46.38270037248731" lon="23.261135732755065">
        <ele>486.6</ele>
        <time>2025-05-09T09:07:12</time>
      </trkpt>
      <trkpt lat="46.3825142942369" lon="23.26171701774001">
        <ele>486.20000000000005</ele>
        <time>2025-05-09T09:07:19</time>
      </trkpt>
      <trkpt lat="46.38244941830635" lon="23.261871747672558">
        <ele>486.20000000000005</ele>
        <time>2025-05-09T09:07:21</time>
      </trkpt>
      <trkpt lat="46.38230323791504" lon="23.262268882244825">
        <ele>485.79999999999995</ele>
        <time>2025-05-09T09:07:26</time>
      </trkpt>
      <trkpt lat="46.382111543789506" lon="23.26277674175799">
        <ele>485.6</ele>
        <time>2025-05-09T09:07:33</time>
      </trkpt>
      <trkpt lat="46.38195496983826" lon="23.263219892978668">
        <ele>485.6</ele>
        <time>2025-05-09T09:07:39</time>
      </trkpt>
      <trkpt lat="46.38182991184294" lon="23.263516863808036">
        <ele>485.6</ele>
        <time>2025-05-09T09:07:43</time>
      </trkpt>
      <trkpt lat="46.381773836910725" lon="23.263674024492502">
        <ele>485.4</ele>
        <time>2025-05-09T09:07:45</time>
      </trkpt>
      <trkpt lat="46.38159949332476" lon="23.264124551787972">
        <ele>485.20000000000005</ele>
        <time>2025-05-09T09:07:51</time>
      </trkpt>
      <trkpt lat="46.381402015686035" lon="23.264632830396295">
        <ele>485.0</ele>
        <time>2025-05-09T09:07:58</time>
      </trkpt>
      <trkpt lat="46.381210489198565" lon="23.265094757080078">
        <ele>485.0</ele>
        <time>2025-05-09T09:08:05</time>
      </trkpt>
      <trkpt lat="46.381071181967854" lon="23.2655322086066">
        <ele>485.0</ele>
        <time>2025-05-09T09:08:11</time>
      </trkpt>
      <trkpt lat="46.380955427885056" lon="23.266094299033284">
        <ele>485.20000000000005</ele>
        <time>2025-05-09T09:08:18</time>
      </trkpt>
      <trkpt lat="46.380930952727795" lon="23.266677260398865">
        <ele>485.20000000000005</ele>
        <time>2025-05-09T09:08:25</time>
      </trkpt>
      <trkpt lat="46.38098258525133" lon="23.267301125451922">
        <ele>485.4</ele>
        <time>2025-05-09T09:08:33</time>
      </trkpt>
      <trkpt lat="46.381068918854" lon="23.267904119566083">
        <ele>485.79999999999995</ele>
        <time>2025-05-09T09:08:41</time>
      </trkpt>
      <trkpt lat="46.38113538734615" lon="23.26856603845954">
        <ele>485.6</ele>
        <time>2025-05-09T09:08:50</time>
      </trkpt>
      <trkpt lat="46.381187941879034" lon="23.26918948441744">
        <ele>486.4</ele>
        <time>2025-05-09T09:08:59</time>
      </trkpt>
      <trkpt lat="46.3812415022403" lon="23.269483521580696">
        <ele>486.6</ele>
        <time>2025-05-09T09:09:03</time>
      </trkpt>
      <trkpt lat="46.381301851943135" lon="23.269716622307897">
        <ele>486.6</ele>
        <time>2025-05-09T09:09:06</time>
      </trkpt>
      <trkpt lat="46.381481140851974" lon="23.27028944157064">
        <ele>486.6</ele>
        <time>2025-05-09T09:09:13</time>
      </trkpt>
      <trkpt lat="46.381660932675004" lon="23.270734352990985">
        <ele>486.4</ele>
        <time>2025-05-09T09:09:19</time>
      </trkpt>
      <trkpt lat="46.38169655576348" lon="23.27079763635993">
        <ele>486.4</ele>
        <time>2025-05-09T09:09:20</time>
      </trkpt>
      <trkpt lat="46.38197533786297" lon="23.271334497258067">
        <ele>486.79999999999995</ele>
        <time>2025-05-09T09:09:28</time>
      </trkpt>
      <trkpt lat="46.3821480050683" lon="23.271851995959878">
        <ele>487.0</ele>
        <time>2025-05-09T09:09:35</time>
      </trkpt>
      <trkpt lat="46.38229829259217" lon="23.27241743914783">
        <ele>487.0</ele>
        <time>2025-05-09T09:09:43</time>
      </trkpt>
      <trkpt lat="46.382401222363114" lon="23.272879282012582">
        <ele>487.6</ele>
        <time>2025-05-09T09:09:50</time>
      </trkpt>
      <trkpt lat="46.38245863839984" lon="23.273151526227593">
        <ele>488.4</ele>
        <time>2025-05-09T09:09:54</time>
      </trkpt>
      <trkpt lat="46.38255637139082" lon="23.273607837036252">
        <ele>488.4</ele>
        <time>2025-05-09T09:10:00</time>
      </trkpt>
      <trkpt lat="46.38256802223623" lon="23.273696769028902">
        <ele>488.4</ele>
        <time>2025-05-09T09:10:01</time>
      </trkpt>
      <trkpt lat="46.3826350774616" lon="23.274303870275617">
        <ele>487.4</ele>
        <time>2025-05-09T09:10:07</time>
      </trkpt>
      <trkpt lat="46.38266617432237" lon="23.274711398407817">
        <ele>486.20000000000005</ele>
        <time>2025-05-09T09:10:11</time>
      </trkpt>
      <trkpt lat="46.38269710354507" lon="23.275008453056216">
        <ele>485.20000000000005</ele>
        <time>2025-05-09T09:10:14</time>
      </trkpt>
      <trkpt lat="46.38271210715175" lon="23.275204338133335">
        <ele>484.4</ele>
        <time>2025-05-09T09:10:16</time>
      </trkpt>
      <trkpt lat="46.38272459618747" lon="23.275401229038835">
        <ele>484.20000000000005</ele>
        <time>2025-05-09T09:10:18</time>
      </trkpt>
      <trkpt lat="46.38275720179081" lon="23.27616666443646">
        <ele>484.0</ele>
        <time>2025-05-09T09:10:26</time>
      </trkpt>
      <trkpt lat="46.382753010839224" lon="23.276923298835754">
        <ele>484.0</ele>
        <time>2025-05-09T09:10:35</time>
      </trkpt>
      <trkpt lat="46.382713951170444" lon="23.27753769233823">
        <ele>484.20000000000005</ele>
        <time>2025-05-09T09:10:42</time>
      </trkpt>
      <trkpt lat="46.38257632032037" lon="23.2783283572644">
        <ele>483.0</ele>
        <time>2025-05-09T09:10:51</time>
      </trkpt>
      <trkpt lat="46.382488226518035" lon="23.27875063754618">
        <ele>482.0</ele>
        <time>2025-05-09T09:10:56</time>
      </trkpt>
      <trkpt lat="46.38246023096144" lon="23.278828337788582">
        <ele>482.0</ele>
        <time>2025-05-09T09:10:57</time>
      </trkpt>
      <trkpt lat="46.38239619322121" lon="23.278973512351513">
        <ele>481.79999999999995</ele>
        <time>2025-05-09T09:10:59</time>
      </trkpt>
      <trkpt lat="46.38231438584626" lon="23.279084572568536">
        <ele>481.6</ele>
        <time>2025-05-09T09:11:01</time>
      </trkpt>
      <trkpt lat="46.382228722795844" lon="23.279156405478716">
        <ele>481.6</ele>
        <time>2025-05-09T09:11:03</time>
      </trkpt>
      <trkpt lat="46.38215311802924" lon="23.279218347743154">
        <ele>481.6</ele>
        <time>2025-05-09T09:11:05</time>
      </trkpt>
      <trkpt lat="46.38198221102357" lon="23.279306860640645">
        <ele>482.0</ele>
        <time>2025-05-09T09:11:10</time>
      </trkpt>
      <trkpt lat="46.381823206320405" lon="23.279370982199907">
        <ele>483.0</ele>
        <time>2025-05-09T09:11:15</time>
      </trkpt>
      <trkpt lat="46.3817941211164" lon="23.27938229776919">
        <ele>483.20000000000005</ele>
        <time>2025-05-09T09:11:16</time>
      </trkpt>
      <trkpt lat="46.38165229931474" lon="23.279502829536796">
        <ele>484.4</ele>
        <time>2025-05-09T09:11:21</time>
      </trkpt>
      <trkpt lat="46.3815507106483" lon="23.279664432629943">
        <ele>485.0</ele>
        <time>2025-05-09T09:11:25</time>
      </trkpt>
      <trkpt lat="46.38153377920389" lon="23.279721345752478">
        <ele>485.20000000000005</ele>
        <time>2025-05-09T09:11:26</time>
      </trkpt>
      <trkpt lat="46.38152196072042" lon="23.279780941084027">
        <ele>485.20000000000005</ele>
        <time>2025-05-09T09:11:27</time>
      </trkpt>
      <trkpt lat="46.38150544837117" lon="23.280043713748455">
        <ele>485.6</ele>
        <time>2025-05-09T09:11:31</time>
      </trkpt>
      <trkpt lat="46.38157040812075" lon="23.28051008284092">
        <ele>485.79999999999995</ele>
        <time>2025-05-09T09:11:37</time>
      </trkpt>
      <trkpt lat="46.381729831919074" lon="23.28104132786393">
        <ele>485.4</ele>
        <time>2025-05-09T09:11:43</time>
      </trkpt>
      <trkpt lat="46.38197064399719" lon="23.281421782448888">
        <ele>484.20000000000005</ele>
        <time>2025-05-09T09:11:48</time>
      </trkpt>
      <trkpt lat="46.382082710042596" lon="23.28153720125556">
        <ele>483.6</ele>
        <time>2025-05-09T09:11:50</time>
      </trkpt>
      <trkpt lat="46.382196536287665" lon="23.28162571415305">
        <ele>483.20000000000005</ele>
        <time>2025-05-09T09:11:52</time>
      </trkpt>
      <trkpt lat="46.38225495815277" lon="23.281662426888943">
        <ele>483.0</ele>
        <time>2025-05-09T09:11:53</time>
      </trkpt>
      <trkpt lat="46.3825660943985" lon="23.28177566640079">
        <ele>482.20000000000005</ele>
        <time>2025-05-09T09:11:58</time>
      </trkpt>
      <trkpt lat="46.38294470496476" lon="23.281821347773075">
        <ele>481.79999999999995</ele>
        <time>2025-05-09T09:12:04</time>
      </trkpt>
      <trkpt lat="46.38331619091332" lon="23.281861916184425">
        <ele>481.6</ele>
        <time>2025-05-09T09:12:10</time>
      </trkpt>
      <trkpt lat="46.3836039416492" lon="23.281861916184425">
        <ele>481.4</ele>
        <time>2025-05-09T09:12:15</time>
      </trkpt>
      <trkpt lat="46.38365632854402" lon="23.281849678605795">
        <ele>481.20000000000005</ele>
        <time>2025-05-09T09:12:16</time>
      </trkpt>
      <trkpt lat="46.38395665213466" lon="23.281728895381093">
        <ele>481.0</ele>
        <time>2025-05-09T09:12:21</time>
      </trkpt>
      <trkpt lat="46.38431481085718" lon="23.281509540975094">
        <ele>481.0</ele>
        <time>2025-05-09T09:12:27</time>
      </trkpt>
      <trkpt lat="46.38471915386617" lon="23.2812294177711">
        <ele>480.0</ele>
        <time>2025-05-09T09:12:34</time>
      </trkpt>
      <trkpt lat="46.38483733870089" lon="23.281145934015512">
        <ele>479.6</ele>
        <time>2025-05-09T09:12:36</time>
      </trkpt>
      <trkpt lat="46.38519608415663" lon="23.28090445138514">
        <ele>479.0</ele>
        <time>2025-05-09T09:12:42</time>
      </trkpt>
      <trkpt lat="46.38525031507015" lon="23.280865056440234">
        <ele>479.0</ele>
        <time>2025-05-09T09:12:43</time>
      </trkpt>
      <trkpt lat="46.3856846652925" lon="23.28056775033474">
        <ele>478.79999999999995</ele>
        <time>2025-05-09T09:12:51</time>
      </trkpt>
      <trkpt lat="46.38613594695926" lon="23.280269103124738">
        <ele>478.6</ele>
        <time>2025-05-09T09:13:00</time>
      </trkpt>
      <trkpt lat="46.38646585866809" lon="23.28011864796281">
        <ele>479.0</ele>
        <time>2025-05-09T09:13:07</time>
      </trkpt>
      <trkpt lat="46.38683273456991" lon="23.280025105923414">
        <ele>479.6</ele>
        <time>2025-05-09T09:13:14</time>
      </trkpt>
      <trkpt lat="46.38722073286772" lon="23.280017394572496">
        <ele>479.79999999999995</ele>
        <time>2025-05-09T09:13:20</time>
      </trkpt>
      <trkpt lat="46.38771291822195" lon="23.280118983238935">
        <ele>479.20000000000005</ele>
        <time>2025-05-09T09:13:28</time>
      </trkpt>
      <trkpt lat="46.38805263675749" lon="23.280246891081333">
        <ele>479.20000000000005</ele>
        <time>2025-05-09T09:13:35</time>
      </trkpt>
      <trkpt lat="46.38832253403962" lon="23.280373038724065">
        <ele>480.0</ele>
        <time>2025-05-09T09:13:42</time>
      </trkpt>
      <trkpt lat="46.388397552073" lon="23.280414193868637">
        <ele>480.4</ele>
        <time>2025-05-09T09:13:44</time>
      </trkpt>
      <trkpt lat="46.38850869610906" lon="23.28049055300653">
        <ele>481.0</ele>
        <time>2025-05-09T09:13:47</time>
      </trkpt>
      <trkpt lat="46.388706006109715" lon="23.280650228261948">
        <ele>482.20000000000005</ele>
        <time>2025-05-09T09:13:52</time>
      </trkpt>
      <trkpt lat="46.389020243659616" lon="23.280974021181464">
        <ele>482.6</ele>
        <time>2025-05-09T09:14:00</time>
      </trkpt>
      <trkpt lat="46.38930397108197" lon="23.281360594555736">
        <ele>482.6</ele>
        <time>2025-05-09T09:14:08</time>
      </trkpt>
      <trkpt lat="46.38952701352537" lon="23.28174674883485">
        <ele>482.6</ele>
        <time>2025-05-09T09:14:15</time>
      </trkpt>
      <trkpt lat="46.38976715505123" lon="23.28223407268524">
        <ele>482.20000000000005</ele>
        <time>2025-05-09T09:14:22</time>
      </trkpt>
      <trkpt lat="46.38995273038745" lon="23.282656269147992">
        <ele>481.0</ele>
        <time>2025-05-09T09:14:27</time>
      </trkpt>
      <trkpt lat="46.390032693743706" lon="23.28283212147653">
        <ele>480.6</ele>
        <time>2025-05-09T09:14:29</time>
      </trkpt>
      <trkpt lat="46.390155740082264" lon="23.28309305012226">
        <ele>479.79999999999995</ele>
        <time>2025-05-09T09:14:32</time>
      </trkpt>
      <trkpt lat="46.390414321795106" lon="23.283592192456126">
        <ele>478.6</ele>
        <time>2025-05-09T09:14:38</time>
      </trkpt>
      <trkpt lat="46.39066309668124" lon="23.284152103587985">
        <ele>477.6</ele>
        <time>2025-05-09T09:14:45</time>
      </trkpt>
      <trkpt lat="46.39079938642681" lon="23.28464739024639">
        <ele>477.20000000000005</ele>
        <time>2025-05-09T09:14:51</time>
      </trkpt>
      <trkpt lat="46.39093408361077" lon="23.285276954993606">
        <ele>476.79999999999995</ele>
        <time>2025-05-09T09:14:59</time>
      </trkpt>
      <trkpt lat="46.391055788844824" lon="23.28589570708573">
        <ele>476.79999999999995</ele>
        <time>2025-05-09T09:15:07</time>
      </trkpt>
      <trkpt lat="46.391134075820446" lon="23.286400297656655">
        <ele>476.79999999999995</ele>
        <time>2025-05-09T09:15:14</time>
      </trkpt>
      <trkpt lat="46.391144720837474" lon="23.286470035091043">
        <ele>476.79999999999995</ele>
        <time>2025-05-09T09:15:15</time>
      </trkpt>
      <trkpt lat="46.39122476801276" lon="23.286901200190187">
        <ele>477.0</ele>
        <time>2025-05-09T09:15:21</time>
      </trkpt>
      <trkpt lat="46.391337336972356" lon="23.287578709423542">
        <ele>476.6</ele>
        <time>2025-05-09T09:15:29</time>
      </trkpt>
      <trkpt lat="46.39134982600808" lon="23.287667725235224">
        <ele>476.4</ele>
        <time>2025-05-09T09:15:30</time>
      </trkpt>
      <trkpt lat="46.39142559841275" lon="23.288382617756724">
        <ele>475.79999999999995</ele>
        <time>2025-05-09T09:15:38</time>
      </trkpt>
      <trkpt lat="46.39143096283078" lon="23.288944540545344">
        <ele>475.6</ele>
        <time>2025-05-09T09:15:45</time>
      </trkpt>
      <trkpt lat="46.39142367057502" lon="23.289021737873554">
        <ele>475.6</ele>
        <time>2025-05-09T09:15:46</time>
      </trkpt>
      <trkpt lat="46.391358375549316" lon="23.28929465264082">
        <ele>475.6</ele>
        <time>2025-05-09T09:15:50</time>
      </trkpt>
      <trkpt lat="46.391228791326284" lon="23.289722464978695">
        <ele>476.0</ele>
        <time>2025-05-09T09:15:57</time>
      </trkpt>
      <trkpt lat="46.39106375165284" lon="23.29011364839971">
        <ele>476.6</ele>
        <time>2025-05-09T09:16:04</time>
      </trkpt>
      <trkpt lat="46.390920002013445" lon="23.290360243991017">
        <ele>477.0</ele>
        <time>2025-05-09T09:16:10</time>
      </trkpt>
      <trkpt lat="46.39085613191128" lon="23.290462670847774">
        <ele>477.6</ele>
        <time>2025-05-09T09:16:13</time>
      </trkpt>
      <trkpt lat="46.390791926532984" lon="23.29060181044042">
        <ele>478.20000000000005</ele>
        <time>2025-05-09T09:16:17</time>
      </trkpt>
      <trkpt lat="46.39083735644817" lon="23.290753439068794">
        <ele>478.6</ele>
        <time>2025-05-09T09:16:21</time>
      </trkpt>
      <trkpt lat="46.39098655432463" lon="23.290875228121877">
        <ele>478.79999999999995</ele>
        <time>2025-05-09T09:16:27</time>
      </trkpt>
      <trkpt lat="46.39114363119006" lon="23.290902972221375">
        <ele>478.79999999999995</ele>
        <time>2025-05-09T09:16:33</time>
      </trkpt>
      <trkpt lat="46.391171710565686" lon="23.290894841775298">
        <ele>478.79999999999995</ele>
        <time>2025-05-09T09:16:34</time>
      </trkpt>
      <trkpt lat="46.39132535085082" lon="23.290866343304515">
        <ele>478.6</ele>
        <time>2025-05-09T09:16:40</time>
      </trkpt>
      <trkpt lat="46.391465747728944" lon="23.290816890075803">
        <ele>478.6</ele>
        <time>2025-05-09T09:16:45</time>
      </trkpt>
      <trkpt lat="46.39166926033795" lon="23.290759222581983">
        <ele>478.6</ele>
        <time>2025-05-09T09:16:51</time>
      </trkpt>
      <trkpt lat="46.39192935079336" lon="23.2907410338521">
        <ele>478.79999999999995</ele>
        <time>2025-05-09T09:16:59</time>
      </trkpt>
      <trkpt lat="46.392076537013054" lon="23.290770119056106">
        <ele>479.20000000000005</ele>
        <time>2025-05-09T09:17:04</time>
      </trkpt>
      <trkpt lat="46.392105957493186" lon="23.2907806802541">
        <ele>479.20000000000005</ele>
        <time>2025-05-09T09:17:05</time>
      </trkpt>
      <trkpt lat="46.3922053668648" lon="23.290803898125887">
        <ele>479.6</ele>
        <time>2025-05-09T09:17:09</time>
      </trkpt>
      <trkpt lat="46.39224543236196" lon="23.29081823118031">
        <ele>479.79999999999995</ele>
        <time>2025-05-09T09:17:11</time>
      </trkpt>
      <trkpt lat="46.3923745136708" lon="23.290873216465116">
        <ele>480.6</ele>
        <time>2025-05-09T09:17:18</time>
      </trkpt>
      <trkpt lat="46.39249512925744" lon="23.290917053818703">
        <ele>481.6</ele>
        <time>2025-05-09T09:17:25</time>
      </trkpt>
      <trkpt lat="46.392512898892164" lon="23.290920658037066">
        <ele>481.79999999999995</ele>
        <time>2025-05-09T09:17:26</time>
      </trkpt>
      <trkpt lat="46.39263443648815" lon="23.290911186486483">
        <ele>482.0</ele>
        <time>2025-05-09T09:17:32</time>
      </trkpt>
      <trkpt lat="46.392715238034725" lon="23.29090037383139">
        <ele>482.79999999999995</ele>
        <time>2025-05-09T09:17:36</time>
      </trkpt>
      <trkpt lat="46.392776342108846" lon="23.290893668308854">
        <ele>483.20000000000005</ele>
        <time>2025-05-09T09:17:39</time>
      </trkpt>
      <trkpt lat="46.392886731773615" lon="23.29089735634625">
        <ele>483.79999999999995</ele>
        <time>2025-05-09T09:17:44</time>
      </trkpt>
      <trkpt lat="46.3929083570838" lon="23.29090573824942">
        <ele>484.0</ele>
        <time>2025-05-09T09:17:45</time>
      </trkpt>
      <trkpt lat="46.39307515695691" lon="23.291022330522537">
        <ele>484.4</ele>
        <time>2025-05-09T09:17:53</time>
      </trkpt>
      <trkpt lat="46.3931948505342" lon="23.291148310527205">
        <ele>485.0</ele>
        <time>2025-05-09T09:18:00</time>
      </trkpt>
      <trkpt lat="46.39328914694488" lon="23.29124084673822">
        <ele>486.0</ele>
        <time>2025-05-09T09:18:06</time>
      </trkpt>
      <trkpt lat="46.393305994570255" lon="23.29127219505608">
        <ele>486.4</ele>
        <time>2025-05-09T09:18:08</time>
      </trkpt>
      <trkpt lat="46.39331982471049" lon="23.291305135935545">
        <ele>486.6</ele>
        <time>2025-05-09T09:18:10</time>
      </trkpt>
      <trkpt lat="46.39330079779029" lon="23.291359869763255">
        <ele>486.79999999999995</ele>
        <time>2025-05-09T09:18:13</time>
      </trkpt>
      <trkpt lat="46.39327204786241" lon="23.29137763939798">
        <ele>487.20000000000005</ele>
        <time>2025-05-09T09:18:15</time>
      </trkpt>
      <trkpt lat="46.393246315419674" lon="23.291379902511835">
        <ele>487.79999999999995</ele>
        <time>2025-05-09T09:18:18</time>
      </trkpt>
      <trkpt lat="46.393246902152896" lon="23.29136942513287">
        <ele>488.20000000000005</ele>
        <time>2025-05-09T09:18:24</time>
      </trkpt>
      <trkpt lat="46.39324572868645" lon="23.291371520608664">
        <ele>488.79999999999995</ele>
        <time>2025-05-09T09:18:36</time>
      </trkpt>
      <trkpt lat="46.393244890496135" lon="23.291372610256076">
        <ele>488.79999999999995</ele>
        <time>2025-05-09T09:18:45</time>
      </trkpt>
      <trkpt lat="46.39324497431517" lon="23.29137328080833">
        <ele>489.0</ele>
        <time>2025-05-09T09:18:52</time>
      </trkpt>
      <trkpt lat="46.393244890496135" lon="23.291373029351234">
        <ele>489.20000000000005</ele>
        <time>2025-05-09T09:18:54</time>
      </trkpt>
      <trkpt lat="46.39325243420899" lon="23.291364815086126">
        <ele>489.20000000000005</ele>
        <time>2025-05-09T09:19:07</time>
      </trkpt>
      <trkpt lat="46.39327012002468" lon="23.291347632184625">
        <ele>489.20000000000005</ele>
        <time>2025-05-09T09:19:10</time>
      </trkpt>
      <trkpt lat="46.39330926351249" lon="23.291314356029034">
        <ele>489.20000000000005</ele>
        <time>2025-05-09T09:19:14</time>
      </trkpt>
      <trkpt lat="46.39331311918795" lon="23.29123506322503">
        <ele>488.6</ele>
        <time>2025-05-09T09:19:19</time>
      </trkpt>
      <trkpt lat="46.39327481389046" lon="23.291198266670108">
        <ele>488.20000000000005</ele>
        <time>2025-05-09T09:19:22</time>
      </trkpt>
      <trkpt lat="46.39322645030916" lon="23.291148813441396">
        <ele>488.20000000000005</ele>
        <time>2025-05-09T09:19:24</time>
      </trkpt>
      <trkpt lat="46.3930376060307" lon="23.290948821231723">
        <ele>487.79999999999995</ele>
        <time>2025-05-09T09:19:30</time>
      </trkpt>
      <trkpt lat="46.39296183362603" lon="23.290891153737903">
        <ele>487.4</ele>
        <time>2025-05-09T09:19:32</time>
      </trkpt>
      <trkpt lat="46.392825208604336" lon="23.290867349132895">
        <ele>487.20000000000005</ele>
        <time>2025-05-09T09:19:35</time>
      </trkpt>
      <trkpt lat="46.392777767032385" lon="23.290874809026718">
        <ele>486.79999999999995</ele>
        <time>2025-05-09T09:19:36</time>
      </trkpt>
      <trkpt lat="46.39272948727012" lon="23.290886124596">
        <ele>486.6</ele>
        <time>2025-05-09T09:19:37</time>
      </trkpt>
      <trkpt lat="46.3926786929369" lon="23.290893835946918">
        <ele>486.4</ele>
        <time>2025-05-09T09:19:38</time>
      </trkpt>
      <trkpt lat="46.392570063471794" lon="23.290887381881475">
        <ele>486.0</ele>
        <time>2025-05-09T09:19:40</time>
      </trkpt>
      <trkpt lat="46.39251281507313" lon="23.2908792514354">
        <ele>485.79999999999995</ele>
        <time>2025-05-09T09:19:41</time>
      </trkpt>
      <trkpt lat="46.39223319478333" lon="23.290793504565954">
        <ele>484.79999999999995</ele>
        <time>2025-05-09T09:19:46</time>
      </trkpt>
      <trkpt lat="46.392177287489176" lon="23.290772465988994">
        <ele>484.6</ele>
        <time>2025-05-09T09:19:47</time>
      </trkpt>
      <trkpt lat="46.392009146511555" lon="23.290714379400015">
        <ele>483.4</ele>
        <time>2025-05-09T09:19:50</time>
      </trkpt>
      <trkpt lat="46.39195181429386" lon="23.290702644735575">
        <ele>483.0</ele>
        <time>2025-05-09T09:19:51</time>
      </trkpt>
      <trkpt lat="46.39183580875397" lon="23.290697783231735">
        <ele>482.4</ele>
        <time>2025-05-09T09:19:53</time>
      </trkpt>
      <trkpt lat="46.391606563702226" lon="23.290731562301517">
        <ele>481.20000000000005</ele>
        <time>2025-05-09T09:19:57</time>
      </trkpt>
      <trkpt lat="46.39155434444547" lon="23.290747236460447">
        <ele>481.0</ele>
        <time>2025-05-09T09:19:58</time>
      </trkpt>
      <trkpt lat="46.39136675745249" lon="23.29081764444709">
        <ele>480.0</ele>
        <time>2025-05-09T09:20:02</time>
      </trkpt>
      <trkpt lat="46.39128536917269" lon="23.29085242934525">
        <ele>479.6</ele>
        <time>2025-05-09T09:20:04</time>
      </trkpt>
      <trkpt lat="46.39110054820776" lon="23.29087145626545">
        <ele>479.0</ele>
        <time>2025-05-09T09:20:09</time>
      </trkpt>
      <trkpt lat="46.39095721766353" lon="23.290849160403013">
        <ele>479.0</ele>
        <time>2025-05-09T09:20:14</time>
      </trkpt>
      <trkpt lat="46.39085579663515" lon="23.29073164612055">
        <ele>479.0</ele>
        <time>2025-05-09T09:20:19</time>
      </trkpt>
      <trkpt lat="46.39080508612096" lon="23.290669536218047">
        <ele>479.4</ele>
        <time>2025-05-09T09:20:24</time>
      </trkpt>
      <trkpt lat="46.39080885797739" lon="23.29067355953157">
        <ele>479.79999999999995</ele>
        <time>2025-05-09T09:20:36</time>
      </trkpt>
      <trkpt lat="46.39080156572163" lon="23.290662495419383">
        <ele>480.20000000000005</ele>
        <time>2025-05-09T09:20:49</time>
      </trkpt>
      <trkpt lat="46.39077155850828" lon="23.29065402969718">
        <ele>480.20000000000005</ele>
        <time>2025-05-09T09:20:51</time>
      </trkpt>
      <trkpt lat="46.3907359354198" lon="23.29068831168115">
        <ele>480.4</ele>
        <time>2025-05-09T09:20:53</time>
      </trkpt>
      <trkpt lat="46.39061448164284" lon="23.290833989158273">
        <ele>480.6</ele>
        <time>2025-05-09T09:20:59</time>
      </trkpt>
      <trkpt lat="46.39047953300178" lon="23.291004560887814">
        <ele>480.79999999999995</ele>
        <time>2025-05-09T09:21:06</time>
      </trkpt>
      <trkpt lat="46.390398144721985" lon="23.291153507307172">
        <ele>481.20000000000005</ele>
        <time>2025-05-09T09:21:11</time>
      </trkpt>
      <trkpt lat="46.3903387170285" lon="23.291277894750237">
        <ele>481.79999999999995</ele>
        <time>2025-05-09T09:21:15</time>
      </trkpt>
      <trkpt lat="46.390313571318984" lon="23.291341764852405">
        <ele>482.20000000000005</ele>
        <time>2025-05-09T09:21:17</time>
      </trkpt>
      <trkpt lat="46.39025263488293" lon="23.291511749848723">
        <ele>483.20000000000005</ele>
        <time>2025-05-09T09:21:22</time>
      </trkpt>
      <trkpt lat="46.39022002927959" lon="23.291614931076765">
        <ele>483.6</ele>
        <time>2025-05-09T09:21:25</time>
      </trkpt>
      <trkpt lat="46.390139227733016" lon="23.291849037632346">
        <ele>484.20000000000005</ele>
        <time>2025-05-09T09:21:32</time>
      </trkpt>
      <trkpt lat="46.39011316001415" lon="23.291915925219655">
        <ele>484.6</ele>
        <time>2025-05-09T09:21:34</time>
      </trkpt>
      <trkpt lat="46.3900295086205" lon="23.292118851095438">
        <ele>485.20000000000005</ele>
        <time>2025-05-09T09:21:40</time>
      </trkpt>
      <trkpt lat="46.38989673927426" lon="23.292463766410947">
        <ele>485.4</ele>
        <time>2025-05-09T09:21:48</time>
      </trkpt>
      <trkpt lat="46.38985558412969" lon="23.29256258904934">
        <ele>485.6</ele>
        <time>2025-05-09T09:21:50</time>
      </trkpt>
      <trkpt lat="46.38975734822452" lon="23.292773561552167">
        <ele>485.6</ele>
        <time>2025-05-09T09:21:54</time>
      </trkpt>
      <trkpt lat="46.38955978676677" lon="23.29321646131575">
        <ele>485.4</ele>
        <time>2025-05-09T09:22:02</time>
      </trkpt>
      <trkpt lat="46.3894457090646" lon="23.29364494420588">
        <ele>485.4</ele>
        <time>2025-05-09T09:22:09</time>
      </trkpt>
      <trkpt lat="46.38942123390734" lon="23.293773690238595">
        <ele>485.6</ele>
        <time>2025-05-09T09:22:11</time>
      </trkpt>
      <trkpt lat="46.38934059999883" lon="23.294161520898342">
        <ele>486.20000000000005</ele>
        <time>2025-05-09T09:22:17</time>
      </trkpt>
      <trkpt lat="46.389243034645915" lon="23.294633086770773">
        <ele>486.79999999999995</ele>
        <time>2025-05-09T09:22:24</time>
      </trkpt>
      <trkpt lat="46.389230042696" lon="23.294701231643558">
        <ele>486.79999999999995</ele>
        <time>2025-05-09T09:22:25</time>
      </trkpt>
      <trkpt lat="46.389181427657604" lon="23.295125775039196">
        <ele>487.0</ele>
        <time>2025-05-09T09:22:31</time>
      </trkpt>
      <trkpt lat="46.3891867082566" lon="23.295576637610793">
        <ele>487.20000000000005</ele>
        <time>2025-05-09T09:22:37</time>
      </trkpt>
      <trkpt lat="46.389252757653594" lon="23.29618675634265">
        <ele>487.20000000000005</ele>
        <time>2025-05-09T09:22:45</time>
      </trkpt>
      <trkpt lat="46.38937178067863" lon="23.296803245320916">
        <ele>487.20000000000005</ele>
        <time>2025-05-09T09:22:53</time>
      </trkpt>
      <trkpt lat="46.38957839459181" lon="23.297367179766297">
        <ele>486.79999999999995</ele>
        <time>2025-05-09T09:23:00</time>
      </trkpt>
      <trkpt lat="46.3898550812155" lon="23.297841008752584">
        <ele>485.79999999999995</ele>
        <time>2025-05-09T09:23:06</time>
      </trkpt>
      <trkpt lat="46.39015615917742" lon="23.298187516629696">
        <ele>484.79999999999995</ele>
        <time>2025-05-09T09:23:11</time>
      </trkpt>
      <trkpt lat="46.39022204093635" lon="23.298253817483783">
        <ele>484.6</ele>
        <time>2025-05-09T09:23:12</time>
      </trkpt>
      <trkpt lat="46.390426559373736" lon="23.298451714217663">
        <ele>483.6</ele>
        <time>2025-05-09T09:23:15</time>
      </trkpt>
      <trkpt lat="46.390714729204774" lon="23.29871146939695">
        <ele>482.20000000000005</ele>
        <time>2025-05-09T09:23:19</time>
      </trkpt>
      <trkpt lat="46.3907909207046" lon="23.2987745013088">
        <ele>481.79999999999995</ele>
        <time>2025-05-09T09:23:20</time>
      </trkpt>
      <trkpt lat="46.39094573445618" lon="23.29890106804669">
        <ele>481.20000000000005</ele>
        <time>2025-05-09T09:23:22</time>
      </trkpt>
      <trkpt lat="46.391181852668524" lon="23.299094354733825">
        <ele>480.20000000000005</ele>
        <time>2025-05-09T09:23:25</time>
      </trkpt>
      <trkpt lat="46.391417887061834" lon="23.29929049126804">
        <ele>479.0</ele>
        <time>2025-05-09T09:23:28</time>
      </trkpt>
      <trkpt lat="46.39156825840473" lon="23.299426613375545">
        <ele>478.20000000000005</ele>
        <time>2025-05-09T09:23:30</time>
      </trkpt>
      <trkpt lat="46.391638247296214" lon="23.299499535933137">
        <ele>477.79999999999995</ele>
        <time>2025-05-09T09:23:31</time>
      </trkpt>
      <trkpt lat="46.39183212071657" lon="23.29970933496952">
        <ele>476.4</ele>
        <time>2025-05-09T09:23:34</time>
      </trkpt>
      <trkpt lat="46.39189791865647" lon="23.2997605483979">
        <ele>476.20000000000005</ele>
        <time>2025-05-09T09:23:35</time>
      </trkpt>
      <trkpt lat="46.39210755005479" lon="23.299862137064338">
        <ele>475.20000000000005</ele>
        <time>2025-05-09T09:23:38</time>
      </trkpt>
      <trkpt lat="46.3922487013042" lon="23.29991552978754">
        <ele>474.79999999999995</ele>
        <time>2025-05-09T09:23:40</time>
      </trkpt>
      <trkpt lat="46.392728397622705" lon="23.300063218921423">
        <ele>474.4</ele>
        <time>2025-05-09T09:23:47</time>
      </trkpt>
      <trkpt lat="46.39278740622103" lon="23.300097668543458">
        <ele>474.4</ele>
        <time>2025-05-09T09:23:48</time>
      </trkpt>
      <trkpt lat="46.392995696514845" lon="23.300254829227924">
        <ele>474.4</ele>
        <time>2025-05-09T09:23:52</time>
      </trkpt>
      <trkpt lat="46.3931895699352" lon="23.300381395965815">
        <ele>474.4</ele>
        <time>2025-05-09T09:23:56</time>
      </trkpt>
      <trkpt lat="46.39329099096358" lon="23.30041056498885">
        <ele>474.4</ele>
        <time>2025-05-09T09:23:58</time>
      </trkpt>
      <trkpt lat="46.393392411991954" lon="23.300421461462975">
        <ele>474.6</ele>
        <time>2025-05-09T09:24:00</time>
      </trkpt>
      <trkpt lat="46.393537083640695" lon="23.300397656857967">
        <ele>475.0</ele>
        <time>2025-05-09T09:24:03</time>
      </trkpt>
      <trkpt lat="46.39377135783434" lon="23.300282238051295">
        <ele>475.4</ele>
        <time>2025-05-09T09:24:09</time>
      </trkpt>
      <trkpt lat="46.39393899589777" lon="23.30013882368803">
        <ele>476.4</ele>
        <time>2025-05-09T09:24:15</time>
      </trkpt>
      <trkpt lat="46.393993478268385" lon="23.300092304125428">
        <ele>476.79999999999995</ele>
        <time>2025-05-09T09:24:17</time>
      </trkpt>
      <trkpt lat="46.39414167031646" lon="23.29996540211141">
        <ele>477.4</ele>
        <time>2025-05-09T09:24:22</time>
      </trkpt>
      <trkpt lat="46.39426991343498" lon="23.29988569021225">
        <ele>478.4</ele>
        <time>2025-05-09T09:24:26</time>
      </trkpt>
      <trkpt lat="46.39430444687605" lon="23.299868507310748">
        <ele>478.6</ele>
        <time>2025-05-09T09:24:27</time>
      </trkpt>
      <trkpt lat="46.39451701194048" lon="23.299800865352154">
        <ele>479.6</ele>
        <time>2025-05-09T09:24:32</time>
      </trkpt>
      <trkpt lat="46.39473485760391" lon="23.2998105045408">
        <ele>479.6</ele>
        <time>2025-05-09T09:24:36</time>
      </trkpt>
      <trkpt lat="46.394788920879364" lon="23.299832548946142">
        <ele>479.6</ele>
        <time>2025-05-09T09:24:37</time>
      </trkpt>
      <trkpt lat="46.39516753144562" lon="23.30007679760456">
        <ele>479.0</ele>
        <time>2025-05-09T09:24:44</time>
      </trkpt>
      <trkpt lat="46.39551521278918" lon="23.300231946632266">
        <ele>477.79999999999995</ele>
        <time>2025-05-09T09:24:50</time>
      </trkpt>
      <trkpt lat="46.39557363465428" lon="23.3002439327538">
        <ele>477.6</ele>
        <time>2025-05-09T09:24:51</time>
      </trkpt>
      <trkpt lat="46.39563247561455" lon="23.30024980008602">
        <ele>477.4</ele>
        <time>2025-05-09T09:24:52</time>
      </trkpt>
      <trkpt lat="46.39587404206395" lon="23.300212500616908">
        <ele>476.79999999999995</ele>
        <time>2025-05-09T09:24:56</time>
      </trkpt>
      <trkpt lat="46.39593422412872" lon="23.30019447952509">
        <ele>476.79999999999995</ele>
        <time>2025-05-09T09:24:57</time>
      </trkpt>
      <trkpt lat="46.396056516095996" lon="23.30016916617751">
        <ele>476.6</ele>
        <time>2025-05-09T09:24:59</time>
      </trkpt>
      <trkpt lat="46.39618090353906" lon="23.300171764567494">
        <ele>476.6</ele>
        <time>2025-05-09T09:25:01</time>
      </trkpt>
      <trkpt lat="46.396303698420525" lon="23.3001939766109">
        <ele>476.4</ele>
        <time>2025-05-09T09:25:03</time>
      </trkpt>
      <trkpt lat="46.39662355184555" lon="23.30025809817016">
        <ele>476.0</ele>
        <time>2025-05-09T09:25:08</time>
      </trkpt>
      <trkpt lat="46.39683351852" lon="23.300298331305385">
        <ele>475.6</ele>
        <time>2025-05-09T09:25:11</time>
      </trkpt>
      <trkpt lat="46.39724414795637" lon="23.300394974648952">
        <ele>474.79999999999995</ele>
        <time>2025-05-09T09:25:17</time>
      </trkpt>
      <trkpt lat="46.39736384153366" lon="23.300425987690687">
        <ele>474.6</ele>
        <time>2025-05-09T09:25:19</time>
      </trkpt>
      <trkpt lat="46.39758420176804" lon="23.300481224432588">
        <ele>474.4</ele>
        <time>2025-05-09T09:25:23</time>
      </trkpt>
      <trkpt lat="46.397637678310275" lon="23.30049404874444">
        <ele>474.4</ele>
        <time>2025-05-09T09:25:24</time>
      </trkpt>
      <trkpt lat="46.398054510354996" lon="23.300603851675987">
        <ele>475.20000000000005</ele>
        <time>2025-05-09T09:25:32</time>
      </trkpt>
      <trkpt lat="46.398204546421766" lon="23.300660764798522">
        <ele>475.79999999999995</ele>
        <time>2025-05-09T09:25:35</time>
      </trkpt>
      <trkpt lat="46.3984633795917" lon="23.300797222182155">
        <ele>476.0</ele>
        <time>2025-05-09T09:25:40</time>
      </trkpt>
      <trkpt lat="46.39902370981872" lon="23.30108765512705">
        <ele>475.6</ele>
        <time>2025-05-09T09:25:50</time>
      </trkpt>
      <trkpt lat="46.39941103756428" lon="23.301219753921032">
        <ele>475.20000000000005</ele>
        <time>2025-05-09T09:25:56</time>
      </trkpt>
      <trkpt lat="46.39972150325775" lon="23.301289407536387">
        <ele>474.6</ele>
        <time>2025-05-09T09:26:00</time>
      </trkpt>
      <trkpt lat="46.40004244633019" lon="23.30134967342019">
        <ele>473.6</ele>
        <time>2025-05-09T09:26:04</time>
      </trkpt>
      <trkpt lat="46.40012165531516" lon="23.3013647608459">
        <ele>473.4</ele>
        <time>2025-05-09T09:26:05</time>
      </trkpt>
      <trkpt lat="46.400435725227" lon="23.301427457481623">
        <ele>472.4</ele>
        <time>2025-05-09T09:26:09</time>
      </trkpt>
      <trkpt lat="46.40066245570779" lon="23.30148638226092">
        <ele>471.20000000000005</ele>
        <time>2025-05-09T09:26:12</time>
      </trkpt>
      <trkpt lat="46.400809809565544" lon="23.301533656194806">
        <ele>470.79999999999995</ele>
        <time>2025-05-09T09:26:14</time>
      </trkpt>
      <trkpt lat="46.40095573849976" lon="23.301592329517007">
        <ele>470.20000000000005</ele>
        <time>2025-05-09T09:26:16</time>
      </trkpt>
      <trkpt lat="46.40108993276954" lon="23.301669107750058">
        <ele>470.0</ele>
        <time>2025-05-09T09:26:18</time>
      </trkpt>
      <trkpt lat="46.40121582895517" lon="23.301765080541372">
        <ele>469.79999999999995</ele>
        <time>2025-05-09T09:26:20</time>
      </trkpt>
      <trkpt lat="46.40147759579122" lon="23.302088538184762">
        <ele>469.79999999999995</ele>
        <time>2025-05-09T09:26:25</time>
      </trkpt>
      <trkpt lat="46.4016651827842" lon="23.302504029124975">
        <ele>469.6</ele>
        <time>2025-05-09T09:26:30</time>
      </trkpt>
      <trkpt lat="46.40183525159955" lon="23.30311649478972">
        <ele>469.4</ele>
        <time>2025-05-09T09:26:37</time>
      </trkpt>
      <trkpt lat="46.401944803074" lon="23.303794842213392">
        <ele>469.0</ele>
        <time>2025-05-09T09:26:45</time>
      </trkpt>
      <trkpt lat="46.402019150555134" lon="23.304415103048086">
        <ele>469.4</ele>
        <time>2025-05-09T09:26:52</time>
      </trkpt>
      <trkpt lat="46.40208235010505" lon="23.305185567587614">
        <ele>469.4</ele>
        <time>2025-05-09T09:27:00</time>
      </trkpt>
      <trkpt lat="46.402075896039605" lon="23.305362928658724">
        <ele>469.4</ele>
        <time>2025-05-09T09:27:02</time>
      </trkpt>
      <trkpt lat="46.40205460600555" lon="23.305616648867726">
        <ele>469.0</ele>
        <time>2025-05-09T09:27:05</time>
      </trkpt>
      <trkpt lat="46.401965422555804" lon="23.30608494579792">
        <ele>469.0</ele>
        <time>2025-05-09T09:27:11</time>
      </trkpt>
      <trkpt lat="46.401947317644954" lon="23.30615870654583">
        <ele>469.0</ele>
        <time>2025-05-09T09:27:12</time>
      </trkpt>
      <trkpt lat="46.40186995267868" lon="23.306435979902744">
        <ele>469.20000000000005</ele>
        <time>2025-05-09T09:27:16</time>
      </trkpt>
      <trkpt lat="46.40175109729171" lon="23.30682414583862">
        <ele>469.79999999999995</ele>
        <time>2025-05-09T09:27:22</time>
      </trkpt>
      <trkpt lat="46.4017082657665" lon="23.30700796097517">
        <ele>470.0</ele>
        <time>2025-05-09T09:27:25</time>
      </trkpt>
      <trkpt lat="46.40167775563896" lon="23.307192446663976">
        <ele>470.4</ele>
        <time>2025-05-09T09:27:28</time>
      </trkpt>
      <trkpt lat="46.40163961797953" lon="23.307358575984836">
        <ele>470.79999999999995</ele>
        <time>2025-05-09T09:27:31</time>
      </trkpt>
      <trkpt lat="46.401575496420264" lon="23.307578349485993">
        <ele>471.4</ele>
        <time>2025-05-09T09:27:35</time>
      </trkpt>
      <trkpt lat="46.40153685584664" lon="23.30769795924425">
        <ele>472.0</ele>
        <time>2025-05-09T09:27:37</time>
      </trkpt>
      <trkpt lat="46.40142956748605" lon="23.307964839041233">
        <ele>472.6</ele>
        <time>2025-05-09T09:27:42</time>
      </trkpt>
      <trkpt lat="46.40127089805901" lon="23.30822073854506">
        <ele>473.0</ele>
        <time>2025-05-09T09:27:49</time>
      </trkpt>
      <trkpt lat="46.401245249435306" lon="23.308250913396478">
        <ele>473.20000000000005</ele>
        <time>2025-05-09T09:27:50</time>
      </trkpt>
      <trkpt lat="46.40110049396753" lon="23.30843615345657">
        <ele>474.20000000000005</ele>
        <time>2025-05-09T09:27:56</time>
      </trkpt>
      <trkpt lat="46.40096873044968" lon="23.308632876724005">
        <ele>475.20000000000005</ele>
        <time>2025-05-09T09:28:02</time>
      </trkpt>
      <trkpt lat="46.400948446244" lon="23.308666739612818">
        <ele>475.6</ele>
        <time>2025-05-09T09:28:03</time>
      </trkpt>
      <trkpt lat="46.40082146041095" lon="23.308869833126664">
        <ele>476.6</ele>
        <time>2025-05-09T09:28:09</time>
      </trkpt>
      <trkpt lat="46.40063035301864" lon="23.309132773429155">
        <ele>477.20000000000005</ele>
        <time>2025-05-09T09:28:15</time>
      </trkpt>
      <trkpt lat="46.400308487936854" lon="23.30960651859641">
        <ele>476.79999999999995</ele>
        <time>2025-05-09T09:28:24</time>
      </trkpt>
      <trkpt lat="46.399998189881444" lon="23.310039276257157">
        <ele>476.0</ele>
        <time>2025-05-09T09:28:32</time>
      </trkpt>
      <trkpt lat="46.399787636473775" lon="23.310295175760984">
        <ele>475.6</ele>
        <time>2025-05-09T09:28:37</time>
      </trkpt>
      <trkpt lat="46.3996756542474" lon="23.31045870669186">
        <ele>475.4</ele>
        <time>2025-05-09T09:28:40</time>
      </trkpt>
      <trkpt lat="46.39939351938665" lon="23.31095122732222">
        <ele>475.4</ele>
        <time>2025-05-09T09:28:48</time>
      </trkpt>
      <trkpt lat="46.399123119190335" lon="23.311404520645738">
        <ele>475.4</ele>
        <time>2025-05-09T09:28:56</time>
      </trkpt>
      <trkpt lat="46.39892606064677" lon="23.311814730986953">
        <ele>475.6</ele>
        <time>2025-05-09T09:29:02</time>
      </trkpt>
      <trkpt lat="46.39867560938001" lon="23.312238100916147">
        <ele>475.4</ele>
        <time>2025-05-09T09:29:07</time>
      </trkpt>
      <trkpt lat="46.398429768159986" lon="23.312609503045678">
        <ele>474.4</ele>
        <time>2025-05-09T09:29:11</time>
      </trkpt>
      <trkpt lat="46.39823363162577" lon="23.312859116122127">
        <ele>473.0</ele>
        <time>2025-05-09T09:29:14</time>
      </trkpt>
      <trkpt lat="46.39811234548688" lon="23.31301175057888">
        <ele>471.6</ele>
        <time>2025-05-09T09:29:16</time>
      </trkpt>
      <trkpt lat="46.39800053089857" lon="23.313157930970192">
        <ele>470.4</ele>
        <time>2025-05-09T09:29:18</time>
      </trkpt>
      <trkpt lat="46.39789634384215" lon="23.31330050714314">
        <ele>469.6</ele>
        <time>2025-05-09T09:29:20</time>
      </trkpt>
      <trkpt lat="46.39764379709959" lon="23.313780035823584">
        <ele>469.4</ele>
        <time>2025-05-09T09:29:26</time>
      </trkpt>
      <trkpt lat="46.3975864648819" lon="23.313953038305044">
        <ele>469.4</ele>
        <time>2025-05-09T09:29:28</time>
      </trkpt>
      <trkpt lat="46.397504238411784" lon="23.31430172547698">
        <ele>469.20000000000005</ele>
        <time>2025-05-09T09:29:32</time>
      </trkpt>
      <trkpt lat="46.39738127589226" lon="23.314971439540386">
        <ele>469.4</ele>
        <time>2025-05-09T09:29:40</time>
      </trkpt>
      <trkpt lat="46.3972566369921" lon="23.315623719245195">
        <ele>469.20000000000005</ele>
        <time>2025-05-09T09:29:48</time>
      </trkpt>
      <trkpt lat="46.397214978933334" lon="23.316144486889243">
        <ele>469.4</ele>
        <time>2025-05-09T09:29:55</time>
      </trkpt>
      <trkpt lat="46.39726174995303" lon="23.316653352230787">
        <ele>470.0</ele>
        <time>2025-05-09T09:30:02</time>
      </trkpt>
      <trkpt lat="46.397317070513964" lon="23.31690464168787">
        <ele>470.4</ele>
        <time>2025-05-09T09:30:06</time>
      </trkpt>
      <trkpt lat="46.397371385246515" lon="23.317144364118576">
        <ele>470.6</ele>
        <time>2025-05-09T09:30:10</time>
      </trkpt>
      <trkpt lat="46.39748806133866" lon="23.317600339651108">
        <ele>471.4</ele>
        <time>2025-05-09T09:30:17</time>
      </trkpt>
      <trkpt lat="46.39752418734133" lon="23.317741490900517">
        <ele>471.4</ele>
        <time>2025-05-09T09:30:19</time>
      </trkpt>
      <trkpt lat="46.39764228835702" lon="23.318162094801664">
        <ele>471.79999999999995</ele>
        <time>2025-05-09T09:30:25</time>
      </trkpt>
      <trkpt lat="46.397828785702586" lon="23.31857775337994">
        <ele>472.0</ele>
        <time>2025-05-09T09:30:31</time>
      </trkpt>
      <trkpt lat="46.39808787032962" lon="23.31884597428143">
        <ele>472.4</ele>
        <time>2025-05-09T09:30:37</time>
      </trkpt>
      <trkpt lat="46.39817680232227" lon="23.318948484957218">
        <ele>472.6</ele>
        <time>2025-05-09T09:30:39</time>
      </trkpt>
      <trkpt lat="46.39822189696133" lon="23.31900179386139">
        <ele>472.6</ele>
        <time>2025-05-09T09:30:40</time>
      </trkpt>
      <trkpt lat="46.39840009622276" lon="23.319216957315803">
        <ele>473.0</ele>
        <time>2025-05-09T09:30:44</time>
      </trkpt>
      <trkpt lat="46.398633532226086" lon="23.31957394257188">
        <ele>473.20000000000005</ele>
        <time>2025-05-09T09:30:50</time>
      </trkpt>
      <trkpt lat="46.398983895778656" lon="23.320032097399235">
        <ele>473.6</ele>
        <time>2025-05-09T09:30:58</time>
      </trkpt>
      <trkpt lat="46.399224204942584" lon="23.32028103992343">
        <ele>473.79999999999995</ele>
        <time>2025-05-09T09:31:03</time>
      </trkpt>
      <trkpt lat="46.399321015924215" lon="23.32037189975381">
        <ele>474.0</ele>
        <time>2025-05-09T09:31:05</time>
      </trkpt>
      <trkpt lat="46.39979467727244" lon="23.32073885947466">
        <ele>474.0</ele>
        <time>2025-05-09T09:31:14</time>
      </trkpt>
      <trkpt lat="46.40019927173853" lon="23.32100674510002">
        <ele>474.0</ele>
        <time>2025-05-09T09:31:21</time>
      </trkpt>
      <trkpt lat="46.40053144656122" lon="23.32139608450234">
        <ele>474.0</ele>
        <time>2025-05-09T09:31:28</time>
      </trkpt>
      <trkpt lat="46.400802517309785" lon="23.321639243513346">
        <ele>474.0</ele>
        <time>2025-05-09T09:31:33</time>
      </trkpt>
      <trkpt lat="46.40120987780392" lon="23.321846863254905">
        <ele>473.79999999999995</ele>
        <time>2025-05-09T09:31:39</time>
      </trkpt>
      <trkpt lat="46.401551607996225" lon="23.322010645642877">
        <ele>472.4</ele>
        <time>2025-05-09T09:31:44</time>
      </trkpt>
      <trkpt lat="46.40168823301792" lon="23.32207929342985">
        <ele>471.79999999999995</ele>
        <time>2025-05-09T09:31:46</time>
      </trkpt>
      <trkpt lat="46.4018256124109" lon="23.322154730558395">
        <ele>471.6</ele>
        <time>2025-05-09T09:31:48</time>
      </trkpt>
      <trkpt lat="46.40208193100989" lon="23.322351705282927">
        <ele>471.20000000000005</ele>
        <time>2025-05-09T09:31:52</time>
      </trkpt>
      <trkpt lat="46.40225602313876" lon="23.322526970878243">
        <ele>470.4</ele>
        <time>2025-05-09T09:31:55</time>
      </trkpt>
      <trkpt lat="46.402465319260955" lon="23.322763005271554">
        <ele>469.6</ele>
        <time>2025-05-09T09:31:59</time>
      </trkpt>
      <trkpt lat="46.402856167405844" lon="23.323180843144655">
        <ele>469.4</ele>
        <time>2025-05-09T09:32:07</time>
      </trkpt>
      <trkpt lat="46.403191946446896" lon="23.32353724166751">
        <ele>470.20000000000005</ele>
        <time>2025-05-09T09:32:15</time>
      </trkpt>
      <trkpt lat="46.403435356915" lon="23.323835972696543">
        <ele>471.4</ele>
        <time>2025-05-09T09:32:22</time>
      </trkpt>
      <trkpt lat="46.40377599745989" lon="23.324220618233085">
        <ele>472.4</ele>
        <time>2025-05-09T09:32:30</time>
      </trkpt>
      <trkpt lat="46.40421085059643" lon="23.324664356186986">
        <ele>472.20000000000005</ele>
        <time>2025-05-09T09:32:39</time>
      </trkpt>
      <trkpt lat="46.40456406399608" lon="23.3250452298671">
        <ele>471.79999999999995</ele>
        <time>2025-05-09T09:32:46</time>
      </trkpt>
      <trkpt lat="46.40486388467252" lon="23.325432473793626">
        <ele>471.0</ele>
        <time>2025-05-09T09:32:51</time>
      </trkpt>
      <trkpt lat="46.405033618211746" lon="23.32571217790246">
        <ele>470.20000000000005</ele>
        <time>2025-05-09T09:32:54</time>
      </trkpt>
      <trkpt lat="46.40514166094363" lon="23.325911667197943">
        <ele>468.6</ele>
        <time>2025-05-09T09:32:56</time>
      </trkpt>
      <trkpt lat="46.405245177447796" lon="23.326111659407616">
        <ele>467.6</ele>
        <time>2025-05-09T09:32:58</time>
      </trkpt>
      <trkpt lat="46.40540116466582" lon="23.326390273869038">
        <ele>466.20000000000005</ele>
        <time>2025-05-09T09:33:01</time>
      </trkpt>
      <trkpt lat="46.40550157986581" lon="23.32657794468105">
        <ele>465.0</ele>
        <time>2025-05-09T09:33:03</time>
      </trkpt>
      <trkpt lat="46.40555237419903" lon="23.32666888833046">
        <ele>464.79999999999995</ele>
        <time>2025-05-09T09:33:04</time>
      </trkpt>
      <trkpt lat="46.40592855401337" lon="23.32735000178218">
        <ele>464.20000000000005</ele>
        <time>2025-05-09T09:33:12</time>
      </trkpt>
      <trkpt lat="46.40606593340635" lon="23.327596010640264">
        <ele>464.0</ele>
        <time>2025-05-09T09:33:15</time>
      </trkpt>
      <trkpt lat="46.406328873708844" lon="23.328065145760775">
        <ele>463.6</ele>
        <time>2025-05-09T09:33:21</time>
      </trkpt>
      <trkpt lat="46.406705137342215" lon="23.328740308061242">
        <ele>463.4</ele>
        <time>2025-05-09T09:33:30</time>
      </trkpt>
      <trkpt lat="46.40682659111917" lon="23.328962679952383">
        <ele>463.4</ele>
        <time>2025-05-09T09:33:33</time>
      </trkpt>
      <trkpt lat="46.40698106959462" lon="23.329244228079915">
        <ele>463.0</ele>
        <time>2025-05-09T09:33:37</time>
      </trkpt>
      <trkpt lat="46.40711895190179" lon="23.329511024057865">
        <ele>463.0</ele>
        <time>2025-05-09T09:33:41</time>
      </trkpt>
      <trkpt lat="46.407431764528155" lon="23.330223066732287">
        <ele>463.0</ele>
        <time>2025-05-09T09:33:51</time>
      </trkpt>
      <trkpt lat="46.40760091133416" lon="23.330666301772">
        <ele>463.20000000000005</ele>
        <time>2025-05-09T09:33:58</time>
      </trkpt>
      <trkpt lat="46.407741559669375" lon="23.331092605367303">
        <ele>464.20000000000005</ele>
        <time>2025-05-09T09:34:05</time>
      </trkpt>
      <trkpt lat="46.407754216343164" lon="23.331157648935914">
        <ele>464.20000000000005</ele>
        <time>2025-05-09T09:34:06</time>
      </trkpt>
      <trkpt lat="46.40783602371812" lon="23.331673638895154">
        <ele>464.79999999999995</ele>
        <time>2025-05-09T09:34:13</time>
      </trkpt>
      <trkpt lat="46.407933589071035" lon="23.332288283854723">
        <ele>464.79999999999995</ele>
        <time>2025-05-09T09:34:20</time>
      </trkpt>
      <trkpt lat="46.407956974580884" lon="23.332672426477075">
        <ele>464.20000000000005</ele>
        <time>2025-05-09T09:34:24</time>
      </trkpt>
      <trkpt lat="46.40794616192579" lon="23.332767812535167">
        <ele>464.0</ele>
        <time>2025-05-09T09:34:25</time>
      </trkpt>
      <trkpt lat="46.407832000404596" lon="23.333073752000928">
        <ele>463.4</ele>
        <time>2025-05-09T09:34:29</time>
      </trkpt>
      <trkpt lat="46.40775002539158" lon="23.333192439749837">
        <ele>463.4</ele>
        <time>2025-05-09T09:34:31</time>
      </trkpt>
      <trkpt lat="46.40762924216688" lon="23.333358569070697">
        <ele>463.20000000000005</ele>
        <time>2025-05-09T09:34:34</time>
      </trkpt>
      <trkpt lat="46.4074831455946" lon="23.3335898257792">
        <ele>463.20000000000005</ele>
        <time>2025-05-09T09:34:38</time>
      </trkpt>
      <trkpt lat="46.40743360854685" lon="23.333731815218925">
        <ele>463.4</ele>
        <time>2025-05-09T09:34:40</time>
      </trkpt>
      <trkpt lat="46.40733537264168" lon="23.334262305870652">
        <ele>464.20000000000005</ele>
        <time>2025-05-09T09:34:47</time>
      </trkpt>
      <trkpt lat="46.40726571902633" lon="23.334779385477304">
        <ele>464.20000000000005</ele>
        <time>2025-05-09T09:34:53</time>
      </trkpt>
      <trkpt lat="46.40723898075521" lon="23.334864880889654">
        <ele>464.20000000000005</ele>
        <time>2025-05-09T09:34:54</time>
      </trkpt>
      <trkpt lat="46.40708450227976" lon="23.335288083180785">
        <ele>463.4</ele>
        <time>2025-05-09T09:34:59</time>
      </trkpt>
      <trkpt lat="46.407048627734184" lon="23.335372488945723">
        <ele>463.20000000000005</ele>
        <time>2025-05-09T09:35:00</time>
      </trkpt>
      <trkpt lat="46.407013423740864" lon="23.33545689471066">
        <ele>463.0</ele>
        <time>2025-05-09T09:35:01</time>
      </trkpt>
      <trkpt lat="46.40680169686675" lon="23.335832990705967">
        <ele>462.0</ele>
        <time>2025-05-09T09:35:06</time>
      </trkpt>
      <trkpt lat="46.406511180102825" lon="23.336167009547353">
        <ele>460.79999999999995</ele>
        <time>2025-05-09T09:35:12</time>
      </trkpt>
      <trkpt lat="46.40645803883672" lon="23.33621369674802">
        <ele>460.79999999999995</ele>
        <time>2025-05-09T09:35:13</time>
      </trkpt>
      <trkpt lat="46.406286377459764" lon="23.336338587105274">
        <ele>460.6</ele>
        <time>2025-05-09T09:35:16</time>
      </trkpt>
      <trkpt lat="46.40622862614691" lon="23.33637940697372">
        <ele>460.6</ele>
        <time>2025-05-09T09:35:17</time>
      </trkpt>
      <trkpt lat="46.40582604333758" lon="23.336653411388397">
        <ele>460.4</ele>
        <time>2025-05-09T09:35:24</time>
      </trkpt>
      <trkpt lat="46.40536788851023" lon="23.336982652544975">
        <ele>460.20000000000005</ele>
        <time>2025-05-09T09:35:32</time>
      </trkpt>
      <trkpt lat="46.40516873449087" lon="23.337181052193046">
        <ele>460.0</ele>
        <time>2025-05-09T09:35:36</time>
      </trkpt>
      <trkpt lat="46.40512171201408" lon="23.337236624211073">
        <ele>460.0</ele>
        <time>2025-05-09T09:35:37</time>
      </trkpt>
      <trkpt lat="46.40482256188989" lon="23.337682876735926">
        <ele>459.79999999999995</ele>
        <time>2025-05-09T09:35:44</time>
      </trkpt>
      <trkpt lat="46.4046751242131" lon="23.33796450868249">
        <ele>459.79999999999995</ele>
        <time>2025-05-09T09:35:48</time>
      </trkpt>
      <trkpt lat="46.40458141453564" lon="23.338170535862446">
        <ele>459.79999999999995</ele>
        <time>2025-05-09T09:35:51</time>
      </trkpt>
      <trkpt lat="46.40438770875335" lon="23.338644029572606">
        <ele>460.20000000000005</ele>
        <time>2025-05-09T09:35:58</time>
      </trkpt>
      <trkpt lat="46.40426189638674" lon="23.339074524119496">
        <ele>460.20000000000005</ele>
        <time>2025-05-09T09:36:04</time>
      </trkpt>
      <trkpt lat="46.40421344898641" lon="23.339495211839676">
        <ele>460.4</ele>
        <time>2025-05-09T09:36:10</time>
      </trkpt>
      <trkpt lat="46.40420255251229" lon="23.34009594283998">
        <ele>460.6</ele>
        <time>2025-05-09T09:36:18</time>
      </trkpt>
      <trkpt lat="46.4041346590966" lon="23.340645041316748">
        <ele>460.79999999999995</ele>
        <time>2025-05-09T09:36:25</time>
      </trkpt>
      <trkpt lat="46.403978671878576" lon="23.34111954085529">
        <ele>460.79999999999995</ele>
        <time>2025-05-09T09:36:31</time>
      </trkpt>
      <trkpt lat="46.403768034651875" lon="23.34164382889867">
        <ele>460.4</ele>
        <time>2025-05-09T09:36:38</time>
      </trkpt>
      <trkpt lat="46.403527641668916" lon="23.34229183383286">
        <ele>460.4</ele>
        <time>2025-05-09T09:36:46</time>
      </trkpt>
      <trkpt lat="46.403249530121684" lon="23.34306146018207">
        <ele>460.20000000000005</ele>
        <time>2025-05-09T09:36:55</time>
      </trkpt>
      <trkpt lat="46.403051130473614" lon="23.343691108748317">
        <ele>459.20000000000005</ele>
        <time>2025-05-09T09:37:02</time>
      </trkpt>
      <trkpt lat="46.40303042717278" lon="23.34378314204514">
        <ele>459.0</ele>
        <time>2025-05-09T09:37:03</time>
      </trkpt>
      <trkpt lat="46.40287100337446" lon="23.344487473368645">
        <ele>458.4</ele>
        <time>2025-05-09T09:37:11</time>
      </trkpt>
      <trkpt lat="46.40275575220585" lon="23.345048390328884">
        <ele>458.4</ele>
        <time>2025-05-09T09:37:18</time>
      </trkpt>
      <trkpt lat="46.40262474305928" lon="23.345743417739868">
        <ele>458.79999999999995</ele>
        <time>2025-05-09T09:37:27</time>
      </trkpt>
      <trkpt lat="46.4025354757905" lon="23.346270639449358">
        <ele>458.79999999999995</ele>
        <time>2025-05-09T09:37:34</time>
      </trkpt>
      <trkpt lat="46.402439000084996" lon="23.34698310121894">
        <ele>458.4</ele>
        <time>2025-05-09T09:37:43</time>
      </trkpt>
      <trkpt lat="46.40235358849168" lon="23.347628926858306">
        <ele>458.20000000000005</ele>
        <time>2025-05-09T09:37:51</time>
      </trkpt>
      <trkpt lat="46.40224437229335" lon="23.34806939586997">
        <ele>458.20000000000005</ele>
        <time>2025-05-09T09:37:57</time>
      </trkpt>
      <trkpt lat="46.402226435020566" lon="23.348138630390167">
        <ele>458.4</ele>
        <time>2025-05-09T09:37:58</time>
      </trkpt>
      <trkpt lat="46.402102801948786" lon="23.34876853041351">
        <ele>459.0</ele>
        <time>2025-05-09T09:38:07</time>
      </trkpt>
      <trkpt lat="46.40208997763693" lon="23.34939457476139">
        <ele>459.6</ele>
        <time>2025-05-09T09:38:15</time>
      </trkpt>
      <trkpt lat="46.40209190547466" lon="23.350008884444833">
        <ele>459.6</ele>
        <time>2025-05-09T09:38:22</time>
      </trkpt>
      <trkpt lat="46.40213230624795" lon="23.35062495432794">
        <ele>459.0</ele>
        <time>2025-05-09T09:38:29</time>
      </trkpt>
      <trkpt lat="46.40226675197482" lon="23.351177405565977">
        <ele>458.6</ele>
        <time>2025-05-09T09:38:36</time>
      </trkpt>
      <trkpt lat="46.40249918214977" lon="23.351867822930217">
        <ele>458.4</ele>
        <time>2025-05-09T09:38:45</time>
      </trkpt>
      <trkpt lat="46.40275290235877" lon="23.352631833404303">
        <ele>458.4</ele>
        <time>2025-05-09T09:38:55</time>
      </trkpt>
      <trkpt lat="46.40301391482353" lon="23.353387713432312">
        <ele>458.20000000000005</ele>
        <time>2025-05-09T09:39:05</time>
      </trkpt>
      <trkpt lat="46.403072169050574" lon="23.353540683165193">
        <ele>458.20000000000005</ele>
        <time>2025-05-09T09:39:07</time>
      </trkpt>
      <trkpt lat="46.40328121371567" lon="23.35399992763996">
        <ele>458.0</ele>
        <time>2025-05-09T09:39:13</time>
      </trkpt>
      <trkpt lat="46.40355320647359" lon="23.354338221251965">
        <ele>457.4</ele>
        <time>2025-05-09T09:39:19</time>
      </trkpt>
      <trkpt lat="46.40360014513135" lon="23.35438289679587">
        <ele>457.20000000000005</ele>
        <time>2025-05-09T09:39:20</time>
      </trkpt>
      <trkpt lat="46.40394162386656" lon="23.354647932574153">
        <ele>456.20000000000005</ele>
        <time>2025-05-09T09:39:27</time>
      </trkpt>
      <trkpt lat="46.40399317257106" lon="23.354684142395854">
        <ele>456.0</ele>
        <time>2025-05-09T09:39:28</time>
      </trkpt>
      <trkpt lat="46.40438594855368" lon="23.354995362460613">
        <ele>455.79999999999995</ele>
        <time>2025-05-09T09:39:36</time>
      </trkpt>
      <trkpt lat="46.404717871919274" lon="23.355439268052578">
        <ele>455.79999999999995</ele>
        <time>2025-05-09T09:39:44</time>
      </trkpt>
      <trkpt lat="46.4049756154418" lon="23.35599389858544">
        <ele>455.79999999999995</ele>
        <time>2025-05-09T09:39:52</time>
      </trkpt>
      <trkpt lat="46.40500017441809" lon="23.35607109591365">
        <ele>455.79999999999995</ele>
        <time>2025-05-09T09:39:53</time>
      </trkpt>
      <trkpt lat="46.4050757791847" lon="23.356465129181743">
        <ele>455.6</ele>
        <time>2025-05-09T09:39:58</time>
      </trkpt>
      <trkpt lat="46.4051362965256" lon="23.356863856315613">
        <ele>455.6</ele>
        <time>2025-05-09T09:40:04</time>
      </trkpt>
      <trkpt lat="46.40522078610957" lon="23.35710508748889">
        <ele>455.6</ele>
        <time>2025-05-09T09:40:08</time>
      </trkpt>
      <trkpt lat="46.40527811832726" lon="23.35721706971526">
        <ele>455.79999999999995</ele>
        <time>2025-05-09T09:40:10</time>
      </trkpt>
      <trkpt lat="46.405590092763305" lon="23.35774328559637">
        <ele>455.79999999999995</ele>
        <time>2025-05-09T09:40:19</time>
      </trkpt>
      <trkpt lat="46.405950263142586" lon="23.358357679098845">
        <ele>455.6</ele>
        <time>2025-05-09T09:40:29</time>
      </trkpt>
      <trkpt lat="46.40602276660502" lon="23.358487263321877">
        <ele>455.6</ele>
        <time>2025-05-09T09:40:31</time>
      </trkpt>
      <trkpt lat="46.40624178573489" lon="23.358975676819682">
        <ele>455.6</ele>
        <time>2025-05-09T09:40:38</time>
      </trkpt>
      <trkpt lat="46.406347900629044" lon="23.359467023983598">
        <ele>455.4</ele>
        <time>2025-05-09T09:40:44</time>
      </trkpt>
      <trkpt lat="46.40636533498764" lon="23.359989635646343">
        <ele>455.20000000000005</ele>
        <time>2025-05-09T09:40:50</time>
      </trkpt>
      <trkpt lat="46.4063414465636" lon="23.360347291454673">
        <ele>455.0</ele>
        <time>2025-05-09T09:40:54</time>
      </trkpt>
      <trkpt lat="46.40631110407412" lon="23.360598077997565">
        <ele>455.0</ele>
        <time>2025-05-09T09:40:57</time>
      </trkpt>
      <trkpt lat="46.40618847683072" lon="23.36106981150806">
        <ele>454.79999999999995</ele>
        <time>2025-05-09T09:41:03</time>
      </trkpt>
      <trkpt lat="46.405988400802016" lon="23.361484548076987">
        <ele>454.79999999999995</ele>
        <time>2025-05-09T09:41:09</time>
      </trkpt>
      <trkpt lat="46.40566787682474" lon="23.36203590966761">
        <ele>454.79999999999995</ele>
        <time>2025-05-09T09:41:18</time>
      </trkpt>
      <trkpt lat="46.405339473858476" lon="23.36262658238411">
        <ele>454.20000000000005</ele>
        <time>2025-05-09T09:41:27</time>
      </trkpt>
      <trkpt lat="46.40507225878537" lon="23.3629690669477">
        <ele>454.0</ele>
        <time>2025-05-09T09:41:33</time>
      </trkpt>
      <trkpt lat="46.404844941571355" lon="23.3631675504148">
        <ele>454.0</ele>
        <time>2025-05-09T09:41:38</time>
      </trkpt>
      <trkpt lat="46.404754081740975" lon="23.363236282020807">
        <ele>454.0</ele>
        <time>2025-05-09T09:41:40</time>
      </trkpt>
      <trkpt lat="46.404610918834805" lon="23.363342648372054">
        <ele>454.0</ele>
        <time>2025-05-09T09:41:43</time>
      </trkpt>
      <trkpt lat="46.40428679063916" lon="23.363569965586066">
        <ele>454.20000000000005</ele>
        <time>2025-05-09T09:41:49</time>
      </trkpt>
      <trkpt lat="46.40423046424985" lon="23.3636044152081">
        <ele>454.20000000000005</ele>
        <time>2025-05-09T09:41:50</time>
      </trkpt>
      <trkpt lat="46.40395394526422" lon="23.363727713003755">
        <ele>454.0</ele>
        <time>2025-05-09T09:41:55</time>
      </trkpt>
      <trkpt lat="46.40366678126156" lon="23.363785380497575">
        <ele>454.0</ele>
        <time>2025-05-09T09:42:00</time>
      </trkpt>
      <trkpt lat="46.40337651595473" lon="23.363802395761013">
        <ele>453.79999999999995</ele>
        <time>2025-05-09T09:42:06</time>
      </trkpt>
      <trkpt lat="46.40315196476877" lon="23.36372754536569">
        <ele>453.4</ele>
        <time>2025-05-09T09:42:12</time>
      </trkpt>
      <trkpt lat="46.40279439277947" lon="23.363615982234478">
        <ele>453.4</ele>
        <time>2025-05-09T09:42:20</time>
      </trkpt>
      <trkpt lat="46.40243757516146" lon="23.363509951159358">
        <ele>453.4</ele>
        <time>2025-05-09T09:42:27</time>
      </trkpt>
      <trkpt lat="46.402111519128084" lon="23.363520009443164">
        <ele>453.6</ele>
        <time>2025-05-09T09:42:33</time>
      </trkpt>
      <trkpt lat="46.40170315280557" lon="23.363536186516285">
        <ele>453.79999999999995</ele>
        <time>2025-05-09T09:42:41</time>
      </trkpt>
      <trkpt lat="46.40143945813179" lon="23.36357449181378">
        <ele>454.20000000000005</ele>
        <time>2025-05-09T09:42:48</time>
      </trkpt>
      <trkpt lat="46.40122069045901" lon="23.363626711070538">
        <ele>455.4</ele>
        <time>2025-05-09T09:42:54</time>
      </trkpt>
      <trkpt lat="46.401143576949835" lon="23.36364783346653">
        <ele>455.79999999999995</ele>
        <time>2025-05-09T09:42:56</time>
      </trkpt>
      <trkpt lat="46.400981303304434" lon="23.363691503182054">
        <ele>456.4</ele>
        <time>2025-05-09T09:43:00</time>
      </trkpt>
      <trkpt lat="46.4008001703769" lon="23.36374355480075">
        <ele>456.79999999999995</ele>
        <time>2025-05-09T09:43:04</time>
      </trkpt>
      <trkpt lat="46.40040018595755" lon="23.3638755697757">
        <ele>456.79999999999995</ele>
        <time>2025-05-09T09:43:12</time>
      </trkpt>
      <trkpt lat="46.40030111186206" lon="23.363942708820105">
        <ele>456.6</ele>
        <time>2025-05-09T09:43:14</time>
      </trkpt>
      <trkpt lat="46.400164822116494" lon="23.36406860500574">
        <ele>456.6</ele>
        <time>2025-05-09T09:43:17</time>
      </trkpt>
      <trkpt lat="46.39984178356826" lon="23.364450065419078">
        <ele>456.4</ele>
        <time>2025-05-09T09:43:25</time>
      </trkpt>
      <trkpt lat="46.399567779153585" lon="23.36480889469385">
        <ele>457.4</ele>
        <time>2025-05-09T09:43:33</time>
      </trkpt>
      <trkpt lat="46.39953726902604" lon="23.364854659885168">
        <ele>457.6</ele>
        <time>2025-05-09T09:43:34</time>
      </trkpt>
      <trkpt lat="46.39934993349016" lon="23.36512598209083">
        <ele>458.20000000000005</ele>
        <time>2025-05-09T09:43:40</time>
      </trkpt>
      <trkpt lat="46.399255972355604" lon="23.36526813916862">
        <ele>458.6</ele>
        <time>2025-05-09T09:43:43</time>
      </trkpt>
      <trkpt lat="46.39922562986612" lon="23.36531901732087">
        <ele>458.6</ele>
        <time>2025-05-09T09:43:44</time>
      </trkpt>
      <trkpt lat="46.399171482771635" lon="23.365428233519197">
        <ele>458.6</ele>
        <time>2025-05-09T09:43:46</time>
      </trkpt>
      <trkpt lat="46.399129489436746" lon="23.365540467202663">
        <ele>458.6</ele>
        <time>2025-05-09T09:43:48</time>
      </trkpt>
      <trkpt lat="46.39908774755895" lon="23.365718750283122">
        <ele>458.6</ele>
        <time>2025-05-09T09:43:51</time>
      </trkpt>
      <trkpt lat="46.39908095821738" lon="23.36577826179564">
        <ele>458.6</ele>
        <time>2025-05-09T09:43:52</time>
      </trkpt>
      <trkpt lat="46.39907215721905" lon="23.365836683660746">
        <ele>458.6</ele>
        <time>2025-05-09T09:43:53</time>
      </trkpt>
      <trkpt lat="46.39903653413057" lon="23.366014631465077">
        <ele>458.6</ele>
        <time>2025-05-09T09:43:56</time>
      </trkpt>
      <trkpt lat="46.39901742339134" lon="23.366071041673422">
        <ele>458.6</ele>
        <time>2025-05-09T09:43:57</time>
      </trkpt>
      <trkpt lat="46.398942824453115" lon="23.366224262863398">
        <ele>458.4</ele>
        <time>2025-05-09T09:44:00</time>
      </trkpt>
      <trkpt lat="46.398875350132585" lon="23.366374718025327">
        <ele>458.4</ele>
        <time>2025-05-09T09:44:03</time>
      </trkpt>
      <trkpt lat="46.398739479482174" lon="23.36677059531212">
        <ele>459.0</ele>
        <time>2025-05-09T09:44:11</time>
      </trkpt>
      <trkpt lat="46.39866404235363" lon="23.3670736849308">
        <ele>459.79999999999995</ele>
        <time>2025-05-09T09:44:18</time>
      </trkpt>
      <trkpt lat="46.39862791635096" lon="23.367282981052995">
        <ele>461.0</ele>
        <time>2025-05-09T09:44:23</time>
      </trkpt>
      <trkpt lat="46.39861266128719" lon="23.367463191971183">
        <ele>461.79999999999995</ele>
        <time>2025-05-09T09:44:27</time>
      </trkpt>
      <trkpt lat="46.398607632145286" lon="23.367555644363165">
        <ele>462.20000000000005</ele>
        <time>2025-05-09T09:44:29</time>
      </trkpt>
      <trkpt lat="46.398601597175" lon="23.367833252996206">
        <ele>463.0</ele>
        <time>2025-05-09T09:44:35</time>
      </trkpt>
      <trkpt lat="46.398604614660144" lon="23.36806258186698">
        <ele>463.4</ele>
        <time>2025-05-09T09:44:40</time>
      </trkpt>
      <trkpt lat="46.39860788360238" lon="23.36815788410604">
        <ele>463.6</ele>
        <time>2025-05-09T09:44:42</time>
      </trkpt>
      <trkpt lat="46.398602183908224" lon="23.368599442765117">
        <ele>464.20000000000005</ele>
        <time>2025-05-09T09:44:50</time>
      </trkpt>
      <trkpt lat="46.398603273555636" lon="23.36891175247729">
        <ele>464.4</ele>
        <time>2025-05-09T09:44:55</time>
      </trkpt>
      <trkpt lat="46.39860654249787" lon="23.369046449661255">
        <ele>464.4</ele>
        <time>2025-05-09T09:44:57</time>
      </trkpt>
      <trkpt lat="46.398614505305886" lon="23.369185673072934">
        <ele>464.4</ele>
        <time>2025-05-09T09:44:59</time>
      </trkpt>
      <trkpt lat="46.398645769804716" lon="23.36938876658678">
        <ele>464.4</ele>
        <time>2025-05-09T09:45:02</time>
      </trkpt>
      <trkpt lat="46.39875247143209" lon="23.36979579180479">
        <ele>464.20000000000005</ele>
        <time>2025-05-09T09:45:08</time>
      </trkpt>
      <trkpt lat="46.398961013183" lon="23.370194602757692">
        <ele>464.0</ele>
        <time>2025-05-09T09:45:14</time>
      </trkpt>
      <trkpt lat="46.39929251745343" lon="23.370876219123602">
        <ele>463.4</ele>
        <time>2025-05-09T09:45:24</time>
      </trkpt>
      <trkpt lat="46.39943961985409" lon="23.371242424473166">
        <ele>463.4</ele>
        <time>2025-05-09T09:45:29</time>
      </trkpt>
      <trkpt lat="46.39953341335058" lon="23.37148642167449">
        <ele>463.4</ele>
        <time>2025-05-09T09:45:32</time>
      </trkpt>
      <trkpt lat="46.399783780798316" lon="23.372191758826375">
        <ele>462.6</ele>
        <time>2025-05-09T09:45:40</time>
      </trkpt>
      <trkpt lat="46.399815967306495" lon="23.372286558151245">
        <ele>462.4</ele>
        <time>2025-05-09T09:45:41</time>
      </trkpt>
      <trkpt lat="46.39994974248111" lon="23.372665839269757">
        <ele>461.20000000000005</ele>
        <time>2025-05-09T09:45:45</time>
      </trkpt>
      <trkpt lat="46.400014366954565" lon="23.37285845540464">
        <ele>460.20000000000005</ele>
        <time>2025-05-09T09:45:47</time>
      </trkpt>
      <trkpt lat="46.40008594840765" lon="23.373050400987267">
        <ele>459.79999999999995</ele>
        <time>2025-05-09T09:45:49</time>
      </trkpt>
      <trkpt lat="46.40012324787676" lon="23.373147547245026">
        <ele>459.4</ele>
        <time>2025-05-09T09:45:50</time>
      </trkpt>
      <trkpt lat="46.400308571755886" lon="23.37363738566637">
        <ele>458.4</ele>
        <time>2025-05-09T09:45:55</time>
      </trkpt>
      <trkpt lat="46.40033707022667" lon="23.373737214133143">
        <ele>458.20000000000005</ele>
        <time>2025-05-09T09:45:56</time>
      </trkpt>
      <trkpt lat="46.4003596175462" lon="23.373838970437646">
        <ele>458.0</ele>
        <time>2025-05-09T09:45:57</time>
      </trkpt>
      <trkpt lat="46.40039373189211" lon="23.374156979843974">
        <ele>457.20000000000005</ele>
        <time>2025-05-09T09:46:00</time>
      </trkpt>
      <trkpt lat="46.40041812323034" lon="23.37458143942058">
        <ele>456.20000000000005</ele>
        <time>2025-05-09T09:46:04</time>
      </trkpt>
      <trkpt lat="46.40044033527374" lon="23.3750622253865">
        <ele>455.6</ele>
        <time>2025-05-09T09:46:09</time>
      </trkpt>
      <trkpt lat="46.40042952261865" lon="23.37567209266126">
        <ele>455.4</ele>
        <time>2025-05-09T09:46:16</time>
      </trkpt>
      <trkpt lat="46.40039783902466" lon="23.376233763992786">
        <ele>455.4</ele>
        <time>2025-05-09T09:46:22</time>
      </trkpt>
      <trkpt lat="46.40037219040096" lon="23.376747323200107">
        <ele>455.0</ele>
        <time>2025-05-09T09:46:27</time>
      </trkpt>
      <trkpt lat="46.40029004774988" lon="23.377397004514933">
        <ele>453.79999999999995</ele>
        <time>2025-05-09T09:46:33</time>
      </trkpt>
      <trkpt lat="46.40020907856524" lon="23.377695651724935">
        <ele>452.6</ele>
        <time>2025-05-09T09:46:36</time>
      </trkpt>
      <trkpt lat="46.400084691122174" lon="23.37808147072792">
        <ele>451.4</ele>
        <time>2025-05-09T09:46:40</time>
      </trkpt>
      <trkpt lat="46.399834994226694" lon="23.37879443541169">
        <ele>450.79999999999995</ele>
        <time>2025-05-09T09:46:48</time>
      </trkpt>
      <trkpt lat="46.399803310632706" lon="23.378876326605678">
        <ele>450.79999999999995</ele>
        <time>2025-05-09T09:46:49</time>
      </trkpt>
      <trkpt lat="46.39948823489249" lon="23.379552327096462">
        <ele>450.6</ele>
        <time>2025-05-09T09:46:58</time>
      </trkpt>
      <trkpt lat="46.39910903759301" lon="23.380134534090757">
        <ele>450.4</ele>
        <time>2025-05-09T09:47:07</time>
      </trkpt>
      <trkpt lat="46.3990680500865" lon="23.380201756954193">
        <ele>450.20000000000005</ele>
        <time>2025-05-09T09:47:08</time>
      </trkpt>
      <trkpt lat="46.398735204711556" lon="23.380763260647655">
        <ele>449.4</ele>
        <time>2025-05-09T09:47:16</time>
      </trkpt>
      <trkpt lat="46.39845189638436" lon="23.381269527599216">
        <ele>449.20000000000005</ele>
        <time>2025-05-09T09:47:23</time>
      </trkpt>
      <trkpt lat="46.39819507487118" lon="23.38175056502223">
        <ele>448.79999999999995</ele>
        <time>2025-05-09T09:47:30</time>
      </trkpt>
      <trkpt lat="46.397928362712264" lon="23.38221224024892">
        <ele>448.79999999999995</ele>
        <time>2025-05-09T09:47:37</time>
      </trkpt>
      <trkpt lat="46.39768646098673" lon="23.382580541074276">
        <ele>448.79999999999995</ele>
        <time>2025-05-09T09:47:43</time>
      </trkpt>
      <trkpt lat="46.39743399806321" lon="23.382934676483274">
        <ele>448.6</ele>
        <time>2025-05-09T09:47:49</time>
      </trkpt>
      <trkpt lat="46.39707500115037" lon="23.383413702249527">
        <ele>448.4</ele>
        <time>2025-05-09T09:47:58</time>
      </trkpt>
      <trkpt lat="46.39692211523652" lon="23.38362785987556">
        <ele>448.4</ele>
        <time>2025-05-09T09:48:03</time>
      </trkpt>
      <trkpt lat="46.39689185656607" lon="23.3836654946208">
        <ele>448.4</ele>
        <time>2025-05-09T09:48:06</time>
      </trkpt>
      <trkpt lat="46.39689085073769" lon="23.38367530144751">
        <ele>448.79999999999995</ele>
        <time>2025-05-09T09:48:17</time>
      </trkpt>
      <trkpt lat="46.396891605108976" lon="23.38367873802781">
        <ele>448.4</ele>
        <time>2025-05-09T09:48:36</time>
      </trkpt>
      <trkpt lat="46.39689118601382" lon="23.383679576218128">
        <ele>449.0</ele>
        <time>2025-05-09T09:49:15</time>
      </trkpt>
      <trkpt lat="46.39688339084387" lon="23.383665326982737">
        <ele>449.0</ele>
        <time>2025-05-09T09:49:24</time>
      </trkpt>
      <trkpt lat="46.396877355873585" lon="23.383657950907946">
        <ele>449.0</ele>
        <time>2025-05-09T09:49:36</time>
      </trkpt>
      <trkpt lat="46.396877355873585" lon="23.383657447993755">
        <ele>448.6</ele>
        <time>2025-05-09T09:50:05</time>
      </trkpt>
      <trkpt lat="46.396878445521" lon="23.38365811854601">
        <ele>448.79999999999995</ele>
        <time>2025-05-09T09:50:52</time>
      </trkpt>
      <trkpt lat="46.396876936778426" lon="23.383660968393087">
        <ele>448.4</ele>
        <time>2025-05-09T09:51:18</time>
      </trkpt>
      <trkpt lat="46.39687777496874" lon="23.383660297840834">
        <ele>448.4</ele>
        <time>2025-05-09T09:51:30</time>
      </trkpt>
      <trkpt lat="46.39687911607325" lon="23.383660214021802">
        <ele>448.4</ele>
        <time>2025-05-09T09:52:06</time>
      </trkpt>
      <trkpt lat="46.39687961898744" lon="23.383660214021802">
        <ele>448.4</ele>
        <time>2025-05-09T09:52:41</time>
      </trkpt>
      <trkpt lat="46.39687961898744" lon="23.38366013020277">
        <ele>448.79999999999995</ele>
        <time>2025-05-09T09:53:16</time>
      </trkpt>
      <trkpt lat="46.39688238501549" lon="23.383660968393087">
        <ele>448.6</ele>
        <time>2025-05-09T09:53:53</time>
      </trkpt>
      <trkpt lat="46.39688070863485" lon="23.383664907887578">
        <ele>448.6</ele>
        <time>2025-05-09T09:54:02</time>
      </trkpt>
      <trkpt lat="46.39688070863485" lon="23.383666165173054">
        <ele>448.6</ele>
        <time>2025-05-09T09:54:03</time>
      </trkpt>
      <trkpt lat="46.39688037335873" lon="23.383666332811117">
        <ele>448.6</ele>
        <time>2025-05-09T09:54:21</time>
      </trkpt>
      <trkpt lat="46.39688037335873" lon="23.383666584268212">
        <ele>448.4</ele>
        <time>2025-05-09T09:54:54</time>
      </trkpt>
      <trkpt lat="46.39687953516841" lon="23.383667590096593">
        <ele>448.4</ele>
        <time>2025-05-09T09:55:31</time>
      </trkpt>
      <trkpt lat="46.39688045717776" lon="23.38366691954434">
        <ele>448.6</ele>
        <time>2025-05-09T09:56:23</time>
      </trkpt>
      <trkpt lat="46.39688045717776" lon="23.38366750627756">
        <ele>448.79999999999995</ele>
        <time>2025-05-09T09:56:46</time>
      </trkpt>
      <trkpt lat="46.396878864616156" lon="23.383671948686242">
        <ele>448.79999999999995</ele>
        <time>2025-05-09T09:56:59</time>
      </trkpt>
      <trkpt lat="46.39685128815472" lon="23.38370648212731">
        <ele>448.79999999999995</ele>
        <time>2025-05-09T09:57:12</time>
      </trkpt>
      <trkpt lat="46.396788507699966" lon="23.383803376927972">
        <ele>448.79999999999995</ele>
        <time>2025-05-09T09:57:16</time>
      </trkpt>
      <trkpt lat="46.39664199203253" lon="23.384021976962686">
        <ele>448.79999999999995</ele>
        <time>2025-05-09T09:57:23</time>
      </trkpt>
      <trkpt lat="46.39655968174338" lon="23.384174443781376">
        <ele>449.20000000000005</ele>
        <time>2025-05-09T09:57:27</time>
      </trkpt>
      <trkpt lat="46.39650813303888" lon="23.38425876572728">
        <ele>449.6</ele>
        <time>2025-05-09T09:57:30</time>
      </trkpt>
      <trkpt lat="46.39636538922787" lon="23.384485580027103">
        <ele>450.4</ele>
        <time>2025-05-09T09:57:37</time>
      </trkpt>
      <trkpt lat="46.39621501788497" lon="23.384715160354972">
        <ele>451.6</ele>
        <time>2025-05-09T09:57:44</time>
      </trkpt>
      <trkpt lat="46.39617168344557" lon="23.384781628847122">
        <ele>451.79999999999995</ele>
        <time>2025-05-09T09:57:46</time>
      </trkpt>
      <trkpt lat="46.396011086180806" lon="23.385096536949277">
        <ele>452.6</ele>
        <time>2025-05-09T09:57:54</time>
      </trkpt>
      <trkpt lat="46.39587194658816" lon="23.385416055098176">
        <ele>453.20000000000005</ele>
        <time>2025-05-09T09:58:01</time>
      </trkpt>
      <trkpt lat="46.39565845951438" lon="23.385690730065107">
        <ele>453.4</ele>
        <time>2025-05-09T09:58:08</time>
      </trkpt>
      <trkpt lat="46.395476404577494" lon="23.385937996208668">
        <ele>453.6</ele>
        <time>2025-05-09T09:58:15</time>
      </trkpt>
      <trkpt lat="46.395451594144106" lon="23.38597127236426">
        <ele>453.79999999999995</ele>
        <time>2025-05-09T09:58:16</time>
      </trkpt>
      <trkpt lat="46.395288901403546" lon="23.386196745559573">
        <ele>454.79999999999995</ele>
        <time>2025-05-09T09:58:23</time>
      </trkpt>
      <trkpt lat="46.39524665661156" lon="23.386261453852057">
        <ele>455.20000000000005</ele>
        <time>2025-05-09T09:58:25</time>
      </trkpt>
      <trkpt lat="46.39517582952976" lon="23.386379973962903">
        <ele>455.79999999999995</ele>
        <time>2025-05-09T09:58:29</time>
      </trkpt>
      <trkpt lat="46.39512092806399" lon="23.386474018916488">
        <ele>456.4</ele>
        <time>2025-05-09T09:58:32</time>
      </trkpt>
      <trkpt lat="46.39507692307234" lon="23.38658206164837">
        <ele>457.0</ele>
        <time>2025-05-09T09:58:35</time>
      </trkpt>
      <trkpt lat="46.39503065496683" lon="23.386694127693772">
        <ele>457.6</ele>
        <time>2025-05-09T09:58:38</time>
      </trkpt>
      <trkpt lat="46.3949890807271" lon="23.38682890869677">
        <ele>458.0</ele>
        <time>2025-05-09T09:58:41</time>
      </trkpt>
      <trkpt lat="46.394943818449974" lon="23.386997804045677">
        <ele>458.4</ele>
        <time>2025-05-09T09:58:44</time>
      </trkpt>
      <trkpt lat="46.39483116567135" lon="23.387469286099076">
        <ele>458.4</ele>
        <time>2025-05-09T09:58:51</time>
      </trkpt>
      <trkpt lat="46.394629161804914" lon="23.38806850835681">
        <ele>457.79999999999995</ele>
        <time>2025-05-09T09:58:59</time>
      </trkpt>
      <trkpt lat="46.394559256732464" lon="23.38820102624595">
        <ele>457.4</ele>
        <time>2025-05-09T09:59:01</time>
      </trkpt>
      <trkpt lat="46.39443386346102" lon="23.388361539691687">
        <ele>457.0</ele>
        <time>2025-05-09T09:59:04</time>
      </trkpt>
      <trkpt lat="46.39438893646002" lon="23.388408394530416">
        <ele>457.0</ele>
        <time>2025-05-09T09:59:05</time>
      </trkpt>
      <trkpt lat="46.39417779631913" lon="23.388604950159788">
        <ele>456.6</ele>
        <time>2025-05-09T09:59:10</time>
      </trkpt>
      <trkpt lat="46.39383983798325" lon="23.388963025063276">
        <ele>456.6</ele>
        <time>2025-05-09T09:59:18</time>
      </trkpt>
      <trkpt lat="46.39350959099829" lon="23.389364602044225">
        <ele>456.79999999999995</ele>
        <time>2025-05-09T09:59:25</time>
      </trkpt>
      <trkpt lat="46.393226282671094" lon="23.38975679129362">
        <ele>456.20000000000005</ele>
        <time>2025-05-09T09:59:32</time>
      </trkpt>
      <trkpt lat="46.39297281391919" lon="23.390119476243854">
        <ele>456.6</ele>
        <time>2025-05-09T09:59:40</time>
      </trkpt>
      <trkpt lat="46.39289611950517" lon="23.39022978208959">
        <ele>457.20000000000005</ele>
        <time>2025-05-09T09:59:43</time>
      </trkpt>
      <trkpt lat="46.39280408620834" lon="23.390402616932988">
        <ele>458.20000000000005</ele>
        <time>2025-05-09T09:59:48</time>
      </trkpt>
      <trkpt lat="46.39278941787779" lon="23.390440670773387">
        <ele>458.4</ele>
        <time>2025-05-09T09:59:49</time>
      </trkpt>
      <trkpt lat="46.39273166656494" lon="23.390636472031474">
        <ele>459.4</ele>
        <time>2025-05-09T09:59:54</time>
      </trkpt>
      <trkpt lat="46.3927011564374" lon="23.390759183093905">
        <ele>460.0</ele>
        <time>2025-05-09T09:59:57</time>
      </trkpt>
      <trkpt lat="46.39267944730818" lon="23.390889521688223">
        <ele>460.6</ele>
        <time>2025-05-09T10:00:00</time>
      </trkpt>
      <trkpt lat="46.392658492550254" lon="23.391154557466507">
        <ele>461.4</ele>
        <time>2025-05-09T10:00:06</time>
      </trkpt>
      <trkpt lat="46.39264851808548" lon="23.39134432375431">
        <ele>461.79999999999995</ele>
        <time>2025-05-09T10:00:10</time>
      </trkpt>
      <trkpt lat="46.39263083226979" lon="23.391597792506218">
        <ele>462.20000000000005</ele>
        <time>2025-05-09T10:00:15</time>
      </trkpt>
      <trkpt lat="46.39259805902839" lon="23.391901133581996">
        <ele>462.79999999999995</ele>
        <time>2025-05-09T10:00:21</time>
      </trkpt>
      <trkpt lat="46.392587246373296" lon="23.39195025153458">
        <ele>463.0</ele>
        <time>2025-05-09T10:00:22</time>
      </trkpt>
      <trkpt lat="46.39253083616495" lon="23.3922272734344">
        <ele>463.79999999999995</ele>
        <time>2025-05-09T10:00:28</time>
      </trkpt>
      <trkpt lat="46.39251474291086" lon="23.392322827130556">
        <ele>464.20000000000005</ele>
        <time>2025-05-09T10:00:30</time>
      </trkpt>
      <trkpt lat="46.392488675192" lon="23.392642345279455">
        <ele>464.79999999999995</ele>
        <time>2025-05-09T10:00:36</time>
      </trkpt>
      <trkpt lat="46.392487585544586" lon="23.392699845135212">
        <ele>465.0</ele>
        <time>2025-05-09T10:00:37</time>
      </trkpt>
      <trkpt lat="46.39249462634325" lon="23.393090274184942">
        <ele>465.0</ele>
        <time>2025-05-09T10:00:43</time>
      </trkpt>
      <trkpt lat="46.392515916377306" lon="23.393806675449014">
        <ele>464.6</ele>
        <time>2025-05-09T10:00:52</time>
      </trkpt>
      <trkpt lat="46.39253603294492" lon="23.394232224673033">
        <ele>464.4</ele>
        <time>2025-05-09T10:00:57</time>
      </trkpt>
      <trkpt lat="46.392573583871126" lon="23.39448074810207">
        <ele>464.0</ele>
        <time>2025-05-09T10:01:00</time>
      </trkpt>
      <trkpt lat="46.392590180039406" lon="23.39456046000123">
        <ele>464.0</ele>
        <time>2025-05-09T10:01:01</time>
      </trkpt>
      <trkpt lat="46.39267140068114" lon="23.39492146857083">
        <ele>463.79999999999995</ele>
        <time>2025-05-09T10:01:06</time>
      </trkpt>
      <trkpt lat="46.39278648421168" lon="23.39539554901421">
        <ele>464.4</ele>
        <time>2025-05-09T10:01:14</time>
      </trkpt>
      <trkpt lat="46.39282931573689" lon="23.395569222047925">
        <ele>465.0</ele>
        <time>2025-05-09T10:01:18</time>
      </trkpt>
      <trkpt lat="46.39283778145909" lon="23.39561641216278">
        <ele>465.20000000000005</ele>
        <time>2025-05-09T10:01:19</time>
      </trkpt>
      <trkpt lat="46.39292009174824" lon="23.395973397418857">
        <ele>466.20000000000005</ele>
        <time>2025-05-09T10:01:26</time>
      </trkpt>
      <trkpt lat="46.39293040148914" lon="23.39602729305625">
        <ele>466.20000000000005</ele>
        <time>2025-05-09T10:01:27</time>
      </trkpt>
      <trkpt lat="46.393025033175945" lon="23.396468264982104">
        <ele>466.79999999999995</ele>
        <time>2025-05-09T10:01:34</time>
      </trkpt>
      <trkpt lat="46.39316987246275" lon="23.397180140018463">
        <ele>467.0</ele>
        <time>2025-05-09T10:01:44</time>
      </trkpt>
      <trkpt lat="46.3933037314564" lon="23.397813979536295">
        <ele>466.6</ele>
        <time>2025-05-09T10:01:52</time>
      </trkpt>
      <trkpt lat="46.39338042587042" lon="23.398414123803377">
        <ele>466.0</ele>
        <time>2025-05-09T10:01:59</time>
      </trkpt>
      <trkpt lat="46.39340087771416" lon="23.399180229753256">
        <ele>465.4</ele>
        <time>2025-05-09T10:02:08</time>
      </trkpt>
      <trkpt lat="46.393404733389616" lon="23.40000132098794">
        <ele>465.6</ele>
        <time>2025-05-09T10:02:18</time>
      </trkpt>
      <trkpt lat="46.39336843974888" lon="23.400735491886735">
        <ele>465.6</ele>
        <time>2025-05-09T10:02:27</time>
      </trkpt>
      <trkpt lat="46.39338310807943" lon="23.40130797587335">
        <ele>465.6</ele>
        <time>2025-05-09T10:02:34</time>
      </trkpt>
      <trkpt lat="46.393506322056055" lon="23.401719527319074">
        <ele>465.6</ele>
        <time>2025-05-09T10:02:39</time>
      </trkpt>
      <trkpt lat="46.39354504644871" lon="23.40179613791406">
        <ele>465.4</ele>
        <time>2025-05-09T10:02:40</time>
      </trkpt>
      <trkpt lat="46.393716372549534" lon="23.40210090391338">
        <ele>464.4</ele>
        <time>2025-05-09T10:02:44</time>
      </trkpt>
      <trkpt lat="46.39380890876055" lon="23.402257645502687">
        <ele>463.6</ele>
        <time>2025-05-09T10:02:46</time>
      </trkpt>
      <trkpt lat="46.39385459013283" lon="23.402339285239577">
        <ele>463.4</ele>
        <time>2025-05-09T10:02:47</time>
      </trkpt>
      <trkpt lat="46.394029604271054" lon="23.40269509702921">
        <ele>462.20000000000005</ele>
        <time>2025-05-09T10:02:51</time>
      </trkpt>
      <trkpt lat="46.394077967852354" lon="23.40278847143054">
        <ele>461.79999999999995</ele>
        <time>2025-05-09T10:02:52</time>
      </trkpt>
      <trkpt lat="46.394186010584235" lon="23.402976812794805">
        <ele>461.0</ele>
        <time>2025-05-09T10:02:54</time>
      </trkpt>
      <trkpt lat="46.39435934834182" lon="23.403260791674256">
        <ele>460.0</ele>
        <time>2025-05-09T10:02:57</time>
      </trkpt>
      <trkpt lat="46.39447887428105" lon="23.40343924239278">
        <ele>459.4</ele>
        <time>2025-05-09T10:02:59</time>
      </trkpt>
      <trkpt lat="46.39453964307904" lon="23.403523480519652">
        <ele>458.79999999999995</ele>
        <time>2025-05-09T10:03:00</time>
      </trkpt>
      <trkpt lat="46.39471532776952" lon="23.40375540778041">
        <ele>457.6</ele>
        <time>2025-05-09T10:03:03</time>
      </trkpt>
      <trkpt lat="46.39483041130006" lon="23.403903348371387">
        <ele>456.6</ele>
        <time>2025-05-09T10:03:05</time>
      </trkpt>
      <trkpt lat="46.39488648623228" lon="23.403976941481233">
        <ele>456.20000000000005</ele>
        <time>2025-05-09T10:03:06</time>
      </trkpt>
      <trkpt lat="46.39511740766466" lon="23.404330322518945">
        <ele>455.20000000000005</ele>
        <time>2025-05-09T10:03:11</time>
      </trkpt>
      <trkpt lat="46.39525101520121" lon="23.404677752405405">
        <ele>455.20000000000005</ele>
        <time>2025-05-09T10:03:16</time>
      </trkpt>
      <trkpt lat="46.39541303738952" lon="23.405250404030085">
        <ele>456.79999999999995</ele>
        <time>2025-05-09T10:03:25</time>
      </trkpt>
      <trkpt lat="46.395482271909714" lon="23.405510997399688">
        <ele>457.20000000000005</ele>
        <time>2025-05-09T10:03:29</time>
      </trkpt>
      <trkpt lat="46.395552763715386" lon="23.40578424744308">
        <ele>457.20000000000005</ele>
        <time>2025-05-09T10:03:33</time>
      </trkpt>
      <trkpt lat="46.39569072984159" lon="23.406282886862755">
        <ele>457.0</ele>
        <time>2025-05-09T10:03:39</time>
      </trkpt>
      <trkpt lat="46.39582525938749" lon="23.40678881853819">
        <ele>456.0</ele>
        <time>2025-05-09T10:03:44</time>
      </trkpt>
      <trkpt lat="46.39588560909033" lon="23.407007083296776">
        <ele>455.4</ele>
        <time>2025-05-09T10:03:46</time>
      </trkpt>
      <trkpt lat="46.39591980725527" lon="23.407117137685418">
        <ele>455.0</ele>
        <time>2025-05-09T10:03:47</time>
      </trkpt>
      <trkpt lat="46.396036902442575" lon="23.407436655834317">
        <ele>453.79999999999995</ele>
        <time>2025-05-09T10:03:50</time>
      </trkpt>
      <trkpt lat="46.39616413973272" lon="23.407759442925453">
        <ele>452.6</ele>
        <time>2025-05-09T10:03:53</time>
      </trkpt>
      <trkpt lat="46.39627846889198" lon="23.408094886690378">
        <ele>451.6</ele>
        <time>2025-05-09T10:03:56</time>
      </trkpt>
      <trkpt lat="46.396327670663595" lon="23.40833444148302">
        <ele>450.79999999999995</ele>
        <time>2025-05-09T10:03:58</time>
      </trkpt>
      <trkpt lat="46.39634208753705" lon="23.408456314355135">
        <ele>450.4</ele>
        <time>2025-05-09T10:03:59</time>
      </trkpt>
      <trkpt lat="46.396371675655246" lon="23.408815898001194">
        <ele>449.0</ele>
        <time>2025-05-09T10:04:02</time>
      </trkpt>
      <trkpt lat="46.396399503573775" lon="23.409050926566124">
        <ele>448.4</ele>
        <time>2025-05-09T10:04:04</time>
      </trkpt>
      <trkpt lat="46.39641668647528" lon="23.409164920449257">
        <ele>448.0</ele>
        <time>2025-05-09T10:04:05</time>
      </trkpt>
      <trkpt lat="46.39648080803454" lon="23.40949349105358">
        <ele>446.6</ele>
        <time>2025-05-09T10:04:08</time>
      </trkpt>
      <trkpt lat="46.39653017744422" lon="23.40970605611801">
        <ele>446.20000000000005</ele>
        <time>2025-05-09T10:04:10</time>
      </trkpt>
      <trkpt lat="46.39662053436041" lon="23.41000746935606">
        <ele>445.4</ele>
        <time>2025-05-09T10:04:13</time>
      </trkpt>
      <trkpt lat="46.39665858820081" lon="23.41010126285255">
        <ele>445.0</ele>
        <time>2025-05-09T10:04:14</time>
      </trkpt>
      <trkpt lat="46.39670007862151" lon="23.410191787406802">
        <ele>444.79999999999995</ele>
        <time>2025-05-09T10:04:15</time>
      </trkpt>
      <trkpt lat="46.39678775332868" lon="23.41036604717374">
        <ele>444.20000000000005</ele>
        <time>2025-05-09T10:04:17</time>
      </trkpt>
      <trkpt lat="46.39699034392834" lon="23.410675674676895">
        <ele>443.6</ele>
        <time>2025-05-09T10:04:21</time>
      </trkpt>
      <trkpt lat="46.39718589372933" lon="23.41107029467821">
        <ele>443.20000000000005</ele>
        <time>2025-05-09T10:04:26</time>
      </trkpt>
      <trkpt lat="46.397287314757705" lon="23.41151688247919">
        <ele>443.0</ele>
        <time>2025-05-09T10:04:32</time>
      </trkpt>
      <trkpt lat="46.397288320586085" lon="23.41184662654996">
        <ele>443.6</ele>
        <time>2025-05-09T10:04:38</time>
      </trkpt>
      <trkpt lat="46.39728480018675" lon="23.412020467221737">
        <ele>444.20000000000005</ele>
        <time>2025-05-09T10:04:42</time>
      </trkpt>
      <trkpt lat="46.39727834612131" lon="23.412215933203697">
        <ele>445.20000000000005</ele>
        <time>2025-05-09T10:04:47</time>
      </trkpt>
      <trkpt lat="46.3972754124552" lon="23.41236311942339">
        <ele>446.4</ele>
        <time>2025-05-09T10:04:51</time>
      </trkpt>
      <trkpt lat="46.397274071350694" lon="23.41259177774191">
        <ele>447.4</ele>
        <time>2025-05-09T10:04:57</time>
      </trkpt>
      <trkpt lat="46.397283375263214" lon="23.412925796583295">
        <ele>448.4</ele>
        <time>2025-05-09T10:05:05</time>
      </trkpt>
      <trkpt lat="46.39728865586221" lon="23.412972148507833">
        <ele>448.6</ele>
        <time>2025-05-09T10:05:06</time>
      </trkpt>
      <trkpt lat="46.39730206690729" lon="23.413128051906824">
        <ele>449.0</ele>
        <time>2025-05-09T10:05:09</time>
      </trkpt>
      <trkpt lat="46.39731899835169" lon="23.413257133215666">
        <ele>449.20000000000005</ele>
        <time>2025-05-09T10:05:11</time>
      </trkpt>
      <trkpt lat="46.3973272126168" lon="23.413327541202307">
        <ele>449.20000000000005</ele>
        <time>2025-05-09T10:05:12</time>
      </trkpt>
      <trkpt lat="46.397356800735" lon="23.413640102371573">
        <ele>449.20000000000005</ele>
        <time>2025-05-09T10:05:16</time>
      </trkpt>
      <trkpt lat="46.39745210297406" lon="23.41443546116352">
        <ele>447.6</ele>
        <time>2025-05-09T10:05:26</time>
      </trkpt>
      <trkpt lat="46.39746140688658" lon="23.41497735120356">
        <ele>447.4</ele>
        <time>2025-05-09T10:05:33</time>
      </trkpt>
      <trkpt lat="46.3974670227617" lon="23.415393261238933">
        <ele>447.4</ele>
        <time>2025-05-09T10:05:39</time>
      </trkpt>
      <trkpt lat="46.39747381210327" lon="23.415455874055624">
        <ele>447.4</ele>
        <time>2025-05-09T10:05:40</time>
      </trkpt>
      <trkpt lat="46.39748454093933" lon="23.4155158046633">
        <ele>447.4</ele>
        <time>2025-05-09T10:05:41</time>
      </trkpt>
      <trkpt lat="46.39755737967789" lon="23.415789557620883">
        <ele>447.6</ele>
        <time>2025-05-09T10:05:46</time>
      </trkpt>
      <trkpt lat="46.39763415791094" lon="23.416064316406846">
        <ele>448.4</ele>
        <time>2025-05-09T10:05:53</time>
      </trkpt>
      <trkpt lat="46.397665590047836" lon="23.416164815425873">
        <ele>448.6</ele>
        <time>2025-05-09T10:05:56</time>
      </trkpt>
      <trkpt lat="46.39771328307688" lon="23.41633966192603">
        <ele>449.6</ele>
        <time>2025-05-09T10:06:01</time>
      </trkpt>
      <trkpt lat="46.39772233553231" lon="23.416376626119018">
        <ele>449.79999999999995</ele>
        <time>2025-05-09T10:06:02</time>
      </trkpt>
      <trkpt lat="46.39776198193431" lon="23.41662196442485">
        <ele>450.79999999999995</ele>
        <time>2025-05-09T10:06:08</time>
      </trkpt>
      <trkpt lat="46.3977712020278" lon="23.416668316349387">
        <ele>451.0</ele>
        <time>2025-05-09T10:06:09</time>
      </trkpt>
      <trkpt lat="46.39783641323447" lon="23.417029660195112">
        <ele>451.6</ele>
        <time>2025-05-09T10:06:16</time>
      </trkpt>
      <trkpt lat="46.39794671908021" lon="23.41730752028525">
        <ele>451.79999999999995</ele>
        <time>2025-05-09T10:06:22</time>
      </trkpt>
      <trkpt lat="46.397965494543314" lon="23.417343981564045">
        <ele>451.79999999999995</ele>
        <time>2025-05-09T10:06:23</time>
      </trkpt>
      <trkpt lat="46.398003632202744" lon="23.41740877367556">
        <ele>451.79999999999995</ele>
        <time>2025-05-09T10:06:25</time>
      </trkpt>
      <trkpt lat="46.39806213788688" lon="23.417504243552685">
        <ele>452.0</ele>
        <time>2025-05-09T10:06:28</time>
      </trkpt>
      <trkpt lat="46.3981457054615" lon="23.417640449479222">
        <ele>452.79999999999995</ele>
        <time>2025-05-09T10:06:33</time>
      </trkpt>
      <trkpt lat="46.398178646340966" lon="23.417683616280556">
        <ele>453.20000000000005</ele>
        <time>2025-05-09T10:06:35</time>
      </trkpt>
      <trkpt lat="46.39825911261141" lon="23.41781814582646">
        <ele>454.0</ele>
        <time>2025-05-09T10:06:40</time>
      </trkpt>
      <trkpt lat="46.398287611082196" lon="23.417875142768025">
        <ele>454.20000000000005</ele>
        <time>2025-05-09T10:06:42</time>
      </trkpt>
      <trkpt lat="46.39835927635431" lon="23.41802291572094">
        <ele>455.0</ele>
        <time>2025-05-09T10:06:47</time>
      </trkpt>
      <trkpt lat="46.39837872236967" lon="23.41808946803212">
        <ele>455.4</ele>
        <time>2025-05-09T10:06:49</time>
      </trkpt>
      <trkpt lat="46.398399928584695" lon="23.41821008361876">
        <ele>456.20000000000005</ele>
        <time>2025-05-09T10:06:52</time>
      </trkpt>
      <trkpt lat="46.39840805903077" lon="23.418355090543628">
        <ele>457.20000000000005</ele>
        <time>2025-05-09T10:06:55</time>
      </trkpt>
      <trkpt lat="46.39840059913695" lon="23.418577881529927">
        <ele>457.6</ele>
        <time>2025-05-09T10:06:59</time>
      </trkpt>
      <trkpt lat="46.398389199748635" lon="23.418756080791354">
        <ele>458.0</ele>
        <time>2025-05-09T10:07:02</time>
      </trkpt>
      <trkpt lat="46.39837964437902" lon="23.419347004964948">
        <ele>458.4</ele>
        <time>2025-05-09T10:07:11</time>
      </trkpt>
      <trkpt lat="46.39840847812593" lon="23.41957180760801">
        <ele>458.4</ele>
        <time>2025-05-09T10:07:14</time>
      </trkpt>
      <trkpt lat="46.39845038764179" lon="23.419719161465764">
        <ele>458.4</ele>
        <time>2025-05-09T10:07:16</time>
      </trkpt>
      <trkpt lat="46.39855172485113" lon="23.420039685443044">
        <ele>458.0</ele>
        <time>2025-05-09T10:07:20</time>
      </trkpt>
      <trkpt lat="46.39857368543744" lon="23.42013482004404">
        <ele>457.79999999999995</ele>
        <time>2025-05-09T10:07:21</time>
      </trkpt>
      <trkpt lat="46.39870352111757" lon="23.420770838856697">
        <ele>456.6</ele>
        <time>2025-05-09T10:07:27</time>
      </trkpt>
      <trkpt lat="46.39877996407449" lon="23.421082897111773">
        <ele>455.6</ele>
        <time>2025-05-09T10:07:30</time>
      </trkpt>
      <trkpt lat="46.39886721968651" lon="23.42138129286468">
        <ele>454.4</ele>
        <time>2025-05-09T10:07:33</time>
      </trkpt>
      <trkpt lat="46.39892547391355" lon="23.421572567895055">
        <ele>453.6</ele>
        <time>2025-05-09T10:07:35</time>
      </trkpt>
      <trkpt lat="46.39895279891789" lon="23.421666445210576">
        <ele>453.20000000000005</ele>
        <time>2025-05-09T10:07:36</time>
      </trkpt>
      <trkpt lat="46.399082131683826" lon="23.422116888687015">
        <ele>452.0</ele>
        <time>2025-05-09T10:07:41</time>
      </trkpt>
      <trkpt lat="46.3991320040077" lon="23.422293914481997">
        <ele>451.79999999999995</ele>
        <time>2025-05-09T10:07:43</time>
      </trkpt>
      <trkpt lat="46.39926569536328" lon="23.42284770682454">
        <ele>451.6</ele>
        <time>2025-05-09T10:07:50</time>
      </trkpt>
      <trkpt lat="46.39936569146812" lon="23.42328649945557">
        <ele>452.4</ele>
        <time>2025-05-09T10:07:57</time>
      </trkpt>
      <trkpt lat="46.39944984577596" lon="23.423535022884607">
        <ele>453.20000000000005</ele>
        <time>2025-05-09T10:08:02</time>
      </trkpt>
      <trkpt lat="46.3995101954788" lon="23.42367449775338">
        <ele>453.79999999999995</ele>
        <time>2025-05-09T10:08:05</time>
      </trkpt>
      <trkpt lat="46.39961530454457" lon="23.423904413357377">
        <ele>454.4</ele>
        <time>2025-05-09T10:08:10</time>
      </trkpt>
      <trkpt lat="46.39965729787946" lon="23.424001894891262">
        <ele>454.6</ele>
        <time>2025-05-09T10:08:12</time>
      </trkpt>
      <trkpt lat="46.39975855126977" lon="23.42427346855402">
        <ele>455.0</ele>
        <time>2025-05-09T10:08:17</time>
      </trkpt>
      <trkpt lat="46.39978788793087" lon="23.424397269263864">
        <ele>455.0</ele>
        <time>2025-05-09T10:08:19</time>
      </trkpt>
      <trkpt lat="46.39989333227277" lon="23.424957767128944">
        <ele>455.0</ele>
        <time>2025-05-09T10:08:27</time>
      </trkpt>
      <trkpt lat="46.39990909025073" lon="23.425032114610076">
        <ele>455.0</ele>
        <time>2025-05-09T10:08:28</time>
      </trkpt>
      <trkpt lat="46.40003741718829" lon="23.42549596913159">
        <ele>454.4</ele>
        <time>2025-05-09T10:08:34</time>
      </trkpt>
      <trkpt lat="46.40022802166641" lon="23.426103238016367">
        <ele>453.79999999999995</ele>
        <time>2025-05-09T10:08:42</time>
      </trkpt>
      <trkpt lat="46.40041376464069" lon="23.42672400176525">
        <ele>454.0</ele>
        <time>2025-05-09T10:08:51</time>
      </trkpt>
      <trkpt lat="46.400603698566556" lon="23.427390111610293">
        <ele>454.79999999999995</ele>
        <time>2025-05-09T10:09:00</time>
      </trkpt>
      <trkpt lat="46.40076303854585" lon="23.427938036620617">
        <ele>454.6</ele>
        <time>2025-05-09T10:09:08</time>
      </trkpt>
      <trkpt lat="46.40088440850377" lon="23.42841806821525">
        <ele>454.6</ele>
        <time>2025-05-09T10:09:16</time>
      </trkpt>
      <trkpt lat="46.40102329663932" lon="23.42888611368835">
        <ele>455.20000000000005</ele>
        <time>2025-05-09T10:09:23</time>
      </trkpt>
      <trkpt lat="46.40120308846235" lon="23.42937771230936">
        <ele>455.4</ele>
        <time>2025-05-09T10:09:30</time>
      </trkpt>
      <trkpt lat="46.40142101794481" lon="23.42983360402286">
        <ele>454.79999999999995</ele>
        <time>2025-05-09T10:09:36</time>
      </trkpt>
      <trkpt lat="46.401583375409245" lon="23.430258482694626">
        <ele>453.20000000000005</ele>
        <time>2025-05-09T10:09:41</time>
      </trkpt>
      <trkpt lat="46.401636600494385" lon="23.430431988090277">
        <ele>452.4</ele>
        <time>2025-05-09T10:09:43</time>
      </trkpt>
      <trkpt lat="46.401661494746804" lon="23.4305171482265">
        <ele>452.20000000000005</ele>
        <time>2025-05-09T10:09:44</time>
      </trkpt>
      <trkpt lat="46.40180541202426" lon="23.43097404576838">
        <ele>451.79999999999995</ele>
        <time>2025-05-09T10:09:50</time>
      </trkpt>
      <trkpt lat="46.40202350914478" lon="23.43158818781376">
        <ele>452.4</ele>
        <time>2025-05-09T10:09:59</time>
      </trkpt>
      <trkpt lat="46.40221294015646" lon="23.431889433413744">
        <ele>453.0</ele>
        <time>2025-05-09T10:10:05</time>
      </trkpt>
      <trkpt lat="46.40247546136379" lon="23.432162683457136">
        <ele>453.0</ele>
        <time>2025-05-09T10:10:11</time>
      </trkpt>
      <trkpt lat="46.402523908764124" lon="23.432216495275497">
        <ele>453.0</ele>
        <time>2025-05-09T10:10:12</time>
      </trkpt>
      <trkpt lat="46.4028116595" lon="23.43258840031922">
        <ele>452.6</ele>
        <time>2025-05-09T10:10:18</time>
      </trkpt>
      <trkpt lat="46.40308373607695" lon="23.433065749704838">
        <ele>451.0</ele>
        <time>2025-05-09T10:10:24</time>
      </trkpt>
      <trkpt lat="46.40320636332035" lon="23.433341681957245">
        <ele>449.79999999999995</ele>
        <time>2025-05-09T10:10:27</time>
      </trkpt>
      <trkpt lat="46.40333762392402" lon="23.43363999389112">
        <ele>448.6</ele>
        <time>2025-05-09T10:10:30</time>
      </trkpt>
      <trkpt lat="46.403481708839536" lon="23.433953477069736">
        <ele>447.20000000000005</ele>
        <time>2025-05-09T10:10:33</time>
      </trkpt>
      <trkpt lat="46.40361875295639" lon="23.434272911399603">
        <ele>446.0</ele>
        <time>2025-05-09T10:10:36</time>
      </trkpt>
      <trkpt lat="46.40368119813502" lon="23.434476424008608">
        <ele>444.79999999999995</ele>
        <time>2025-05-09T10:10:38</time>
      </trkpt>
      <trkpt lat="46.40372419729829" lon="23.434670129790902">
        <ele>443.6</ele>
        <time>2025-05-09T10:10:40</time>
      </trkpt>
      <trkpt lat="46.40375764109194" lon="23.434863416478038">
        <ele>442.4</ele>
        <time>2025-05-09T10:10:42</time>
      </trkpt>
      <trkpt lat="46.403802735731006" lon="23.43516214750707">
        <ele>441.20000000000005</ele>
        <time>2025-05-09T10:10:45</time>
      </trkpt>
      <trkpt lat="46.403850093483925" lon="23.43547571450472">
        <ele>440.79999999999995</ele>
        <time>2025-05-09T10:10:48</time>
      </trkpt>
      <trkpt lat="46.403896026313305" lon="23.435806464403868">
        <ele>440.0</ele>
        <time>2025-05-09T10:10:51</time>
      </trkpt>
      <trkpt lat="46.40394858084619" lon="23.43613830395043">
        <ele>439.0</ele>
        <time>2025-05-09T10:10:54</time>
      </trkpt>
      <trkpt lat="46.40399493277073" lon="23.436341481283307">
        <ele>438.0</ele>
        <time>2025-05-09T10:10:56</time>
      </trkpt>
      <trkpt lat="46.40402242541313" lon="23.436434604227543">
        <ele>437.4</ele>
        <time>2025-05-09T10:10:57</time>
      </trkpt>
      <trkpt lat="46.40411856584251" lon="23.436701400205493">
        <ele>435.6</ele>
        <time>2025-05-09T10:11:00</time>
      </trkpt>
      <trkpt lat="46.4041864592582" lon="23.436867278069258">
        <ele>435.20000000000005</ele>
        <time>2025-05-09T10:11:02</time>
      </trkpt>
      <trkpt lat="46.404290311038494" lon="23.43710540793836">
        <ele>434.4</ele>
        <time>2025-05-09T10:11:05</time>
      </trkpt>
      <trkpt lat="46.40446197241545" lon="23.437456442043185">
        <ele>434.0</ele>
        <time>2025-05-09T10:11:10</time>
      </trkpt>
      <trkpt lat="46.40473765321076" lon="23.43788718804717">
        <ele>433.79999999999995</ele>
        <time>2025-05-09T10:11:17</time>
      </trkpt>
      <trkpt lat="46.40499958768487" lon="23.438251465559006">
        <ele>433.6</ele>
        <time>2025-05-09T10:11:24</time>
      </trkpt>
      <trkpt lat="46.405103858560324" lon="23.438389096409082">
        <ele>433.4</ele>
        <time>2025-05-09T10:11:27</time>
      </trkpt>
      <trkpt lat="46.40527568757534" lon="23.438624795526266">
        <ele>433.4</ele>
        <time>2025-05-09T10:11:32</time>
      </trkpt>
      <trkpt lat="46.405535861849785" lon="23.439011117443442">
        <ele>433.6</ele>
        <time>2025-05-09T10:11:40</time>
      </trkpt>
      <trkpt lat="46.4056957885623" lon="23.439365169033408">
        <ele>433.79999999999995</ele>
        <time>2025-05-09T10:11:47</time>
      </trkpt>
      <trkpt lat="46.40577357262373" lon="23.43967840075493">
        <ele>434.6</ele>
        <time>2025-05-09T10:11:53</time>
      </trkpt>
      <trkpt lat="46.40578715130687" lon="23.439785856753588">
        <ele>435.0</ele>
        <time>2025-05-09T10:11:55</time>
      </trkpt>
      <trkpt lat="46.40581699088216" lon="23.440061202272773">
        <ele>435.0</ele>
        <time>2025-05-09T10:12:01</time>
      </trkpt>
      <trkpt lat="46.40577021986246" lon="23.44016220420599">
        <ele>435.0</ele>
        <time>2025-05-09T10:12:06</time>
      </trkpt>
      <trkpt lat="46.405772315338254" lon="23.440204951912165">
        <ele>435.0</ele>
        <time>2025-05-09T10:12:08</time>
      </trkpt>
      <trkpt lat="46.405781116336584" lon="23.440279634669423">
        <ele>434.0</ele>
        <time>2025-05-09T10:12:14</time>
      </trkpt>
      <trkpt lat="46.40578681603074" lon="23.4402877651155">
        <ele>433.6</ele>
        <time>2025-05-09T10:12:23</time>
      </trkpt>
      <trkpt lat="46.40578430145979" lon="23.440285250544548">
        <ele>433.79999999999995</ele>
        <time>2025-05-09T10:12:40</time>
      </trkpt>
      <trkpt lat="46.405784050002694" lon="23.440282065421343">
        <ele>434.20000000000005</ele>
        <time>2025-05-09T10:13:01</time>
      </trkpt>
      <trkpt lat="46.40578270889819" lon="23.440276868641376">
        <ele>434.0</ele>
        <time>2025-05-09T10:13:39</time>
      </trkpt>
      <trkpt lat="46.405786564573646" lon="23.440281143411994">
        <ele>434.0</ele>
        <time>2025-05-09T10:13:49</time>
      </trkpt>
      <trkpt lat="46.40578530728817" lon="23.440282149240375">
        <ele>434.20000000000005</ele>
        <time>2025-05-09T10:13:54</time>
      </trkpt>
      <trkpt lat="46.40579310245812" lon="23.44026974402368">
        <ele>438.0</ele>
        <time>2025-05-09T11:20:09</time>
      </trkpt>
      <trkpt lat="46.405785139650106" lon="23.440263960510492">
        <ele>438.0</ele>
        <time>2025-05-09T11:20:24</time>
      </trkpt>
      <trkpt lat="46.40579444356263" lon="23.440258763730526">
        <ele>438.0</ele>
        <time>2025-05-09T11:20:37</time>
      </trkpt>
      <trkpt lat="46.405799724161625" lon="23.440269408747554">
        <ele>438.0</ele>
        <time>2025-05-09T11:20:47</time>
      </trkpt>
      <trkpt lat="46.40583962202072" lon="23.440280137583613">
        <ele>438.0</ele>
        <time>2025-05-09T11:20:55</time>
      </trkpt>
      <trkpt lat="46.405855379998684" lon="23.440307043492794">
        <ele>438.20000000000005</ele>
        <time>2025-05-09T11:21:03</time>
      </trkpt>
      <trkpt lat="46.405883710831404" lon="23.440415505319834">
        <ele>438.4</ele>
        <time>2025-05-09T11:21:07</time>
      </trkpt>
      <trkpt lat="46.40595034696162" lon="23.440817836672068">
        <ele>438.4</ele>
        <time>2025-05-09T11:21:15</time>
      </trkpt>
      <trkpt lat="46.406020168215036" lon="23.441253611817956">
        <ele>438.0</ele>
        <time>2025-05-09T11:21:22</time>
      </trkpt>
      <trkpt lat="46.40611136332154" lon="23.441787539049983">
        <ele>437.4</ele>
        <time>2025-05-09T11:21:30</time>
      </trkpt>
      <trkpt lat="46.406176993623376" lon="23.442323561757803">
        <ele>437.4</ele>
        <time>2025-05-09T11:21:38</time>
      </trkpt>
      <trkpt lat="46.406236505135894" lon="23.44288087449968">
        <ele>437.4</ele>
        <time>2025-05-09T11:21:46</time>
      </trkpt>
      <trkpt lat="46.406268775463104" lon="23.443212546408176">
        <ele>437.4</ele>
        <time>2025-05-09T11:21:51</time>
      </trkpt>
      <trkpt lat="46.40628227032721" lon="23.443346992135048">
        <ele>437.4</ele>
        <time>2025-05-09T11:21:53</time>
      </trkpt>
      <trkpt lat="46.4063295442611" lon="23.443876141682267">
        <ele>437.6</ele>
        <time>2025-05-09T11:22:01</time>
      </trkpt>
      <trkpt lat="46.406363155692816" lon="23.444480560719967">
        <ele>437.6</ele>
        <time>2025-05-09T11:22:10</time>
      </trkpt>
      <trkpt lat="46.40638084150851" lon="23.445094786584377">
        <ele>437.6</ele>
        <time>2025-05-09T11:22:19</time>
      </trkpt>
      <trkpt lat="46.40640146099031" lon="23.445283798500896">
        <ele>437.79999999999995</ele>
        <time>2025-05-09T11:22:22</time>
      </trkpt>
      <trkpt lat="46.40644647181034" lon="23.445461578667164">
        <ele>438.0</ele>
        <time>2025-05-09T11:22:25</time>
      </trkpt>
      <trkpt lat="46.40659290365875" lon="23.44580833800137">
        <ele>438.6</ele>
        <time>2025-05-09T11:22:32</time>
      </trkpt>
      <trkpt lat="46.4066403452307" lon="23.44590900465846">
        <ele>438.79999999999995</ele>
        <time>2025-05-09T11:22:34</time>
      </trkpt>
      <trkpt lat="46.40668326057494" lon="23.44601201824844">
        <ele>439.0</ele>
        <time>2025-05-09T11:22:36</time>
      </trkpt>
      <trkpt lat="46.40674193389714" lon="23.44617722555995">
        <ele>439.20000000000005</ele>
        <time>2025-05-09T11:22:39</time>
      </trkpt>
      <trkpt lat="46.40680253505707" lon="23.446501856669784">
        <ele>439.6</ele>
        <time>2025-05-09T11:22:45</time>
      </trkpt>
      <trkpt lat="46.4068266749382" lon="23.446666141971946">
        <ele>439.79999999999995</ele>
        <time>2025-05-09T11:22:48</time>
      </trkpt>
      <trkpt lat="46.40685232356191" lon="23.446881640702486">
        <ele>440.4</ele>
        <time>2025-05-09T11:22:52</time>
      </trkpt>
      <trkpt lat="46.40690328553319" lon="23.447078531607985">
        <ele>440.79999999999995</ele>
        <time>2025-05-09T11:22:56</time>
      </trkpt>
      <trkpt lat="46.406941171735525" lon="23.447172325104475">
        <ele>441.0</ele>
        <time>2025-05-09T11:22:58</time>
      </trkpt>
      <trkpt lat="46.407119035720825" lon="23.447461081668735">
        <ele>441.6</ele>
        <time>2025-05-09T11:23:05</time>
      </trkpt>
      <trkpt lat="46.40717628411949" lon="23.447534255683422">
        <ele>442.0</ele>
        <time>2025-05-09T11:23:07</time>
      </trkpt>
      <trkpt lat="46.4073346182704" lon="23.447793256491423">
        <ele>442.6</ele>
        <time>2025-05-09T11:23:13</time>
      </trkpt>
      <trkpt lat="46.407424975186586" lon="23.448075726628304">
        <ele>443.0</ele>
        <time>2025-05-09T11:23:19</time>
      </trkpt>
      <trkpt lat="46.407468393445015" lon="23.448382671922445">
        <ele>443.6</ele>
        <time>2025-05-09T11:23:25</time>
      </trkpt>
      <trkpt lat="46.40743696130812" lon="23.44866924919188">
        <ele>444.20000000000005</ele>
        <time>2025-05-09T11:23:30</time>
      </trkpt>
      <trkpt lat="46.40732053667307" lon="23.448889441788197">
        <ele>444.79999999999995</ele>
        <time>2025-05-09T11:23:35</time>
      </trkpt>
      <trkpt lat="46.407234286889434" lon="23.448992036283016">
        <ele>445.20000000000005</ele>
        <time>2025-05-09T11:23:38</time>
      </trkpt>
      <trkpt lat="46.407108223065734" lon="23.449179958552122">
        <ele>445.79999999999995</ele>
        <time>2025-05-09T11:23:43</time>
      </trkpt>
      <trkpt lat="46.40705759637058" lon="23.44932689331472">
        <ele>446.20000000000005</ele>
        <time>2025-05-09T11:23:46</time>
      </trkpt>
      <trkpt lat="46.40703563578427" lon="23.44948723912239">
        <ele>446.4</ele>
        <time>2025-05-09T11:23:49</time>
      </trkpt>
      <trkpt lat="46.40703136101365" lon="23.449849421158433">
        <ele>447.20000000000005</ele>
        <time>2025-05-09T11:23:55</time>
      </trkpt>
      <trkpt lat="46.40699062496424" lon="23.450391059741378">
        <ele>447.4</ele>
        <time>2025-05-09T11:24:03</time>
      </trkpt>
      <trkpt lat="46.40690973959863" lon="23.450667494907975">
        <ele>447.4</ele>
        <time>2025-05-09T11:24:07</time>
      </trkpt>
      <trkpt lat="46.406881492584944" lon="23.450735053047538">
        <ele>447.4</ele>
        <time>2025-05-09T11:24:08</time>
      </trkpt>
      <trkpt lat="46.40666917897761" lon="23.45111969858408">
        <ele>447.20000000000005</ele>
        <time>2025-05-09T11:24:14</time>
      </trkpt>
      <trkpt lat="46.4062811806798" lon="23.451747922226787">
        <ele>446.20000000000005</ele>
        <time>2025-05-09T11:24:24</time>
      </trkpt>
      <trkpt lat="46.40624614432454" lon="23.451806008815765">
        <ele>446.20000000000005</ele>
        <time>2025-05-09T11:24:25</time>
      </trkpt>
      <trkpt lat="46.40599200502038" lon="23.45227480866015">
        <ele>445.4</ele>
        <time>2025-05-09T11:24:33</time>
      </trkpt>
      <trkpt lat="46.40583258122206" lon="23.452608743682504">
        <ele>445.4</ele>
        <time>2025-05-09T11:24:38</time>
      </trkpt>
      <trkpt lat="46.40579377301037" lon="23.452753415331244">
        <ele>445.0</ele>
        <time>2025-05-09T11:24:40</time>
      </trkpt>
      <trkpt lat="46.40564013272524" lon="23.453356744721532">
        <ele>444.6</ele>
        <time>2025-05-09T11:24:48</time>
      </trkpt>
      <trkpt lat="46.405482050031424" lon="23.453831747174263">
        <ele>444.6</ele>
        <time>2025-05-09T11:24:55</time>
      </trkpt>
      <trkpt lat="46.40528264455497" lon="23.45417465083301">
        <ele>445.20000000000005</ele>
        <time>2025-05-09T11:25:01</time>
      </trkpt>
      <trkpt lat="46.40504401177168" lon="23.45460221171379">
        <ele>445.20000000000005</ele>
        <time>2025-05-09T11:25:08</time>
      </trkpt>
      <trkpt lat="46.40481208451092" lon="23.45505558885634">
        <ele>444.79999999999995</ele>
        <time>2025-05-09T11:25:15</time>
      </trkpt>
      <trkpt lat="46.404783837497234" lon="23.455123649910092">
        <ele>444.6</ele>
        <time>2025-05-09T11:25:16</time>
      </trkpt>
      <trkpt lat="46.40464779920876" lon="23.455532770603895">
        <ele>444.4</ele>
        <time>2025-05-09T11:25:22</time>
      </trkpt>
      <trkpt lat="46.40461494214833" lon="23.45574801787734">
        <ele>444.4</ele>
        <time>2025-05-09T11:25:25</time>
      </trkpt>
      <trkpt lat="46.40459105372429" lon="23.45596494153142">
        <ele>444.4</ele>
        <time>2025-05-09T11:25:28</time>
      </trkpt>
      <trkpt lat="46.404549814760685" lon="23.456662064418197">
        <ele>444.4</ele>
        <time>2025-05-09T11:25:37</time>
      </trkpt>
      <trkpt lat="46.40457269735634" lon="23.45731593668461">
        <ele>444.4</ele>
        <time>2025-05-09T11:25:45</time>
      </trkpt>
      <trkpt lat="46.40457043424249" lon="23.45739657059312">
        <ele>444.4</ele>
        <time>2025-05-09T11:25:46</time>
      </trkpt>
      <trkpt lat="46.40457931905985" lon="23.457707623019814">
        <ele>444.4</ele>
        <time>2025-05-09T11:25:50</time>
      </trkpt>
      <trkpt lat="46.40462768264115" lon="23.458065446466208">
        <ele>444.0</ele>
        <time>2025-05-09T11:25:55</time>
      </trkpt>
      <trkpt lat="46.40464453026652" lon="23.45821565017104">
        <ele>444.0</ele>
        <time>2025-05-09T11:25:57</time>
      </trkpt>
      <trkpt lat="46.4047390781343" lon="23.458707332611084">
        <ele>443.6</ele>
        <time>2025-05-09T11:26:03</time>
      </trkpt>
      <trkpt lat="46.404769252985716" lon="23.45879207365215">
        <ele>443.4</ele>
        <time>2025-05-09T11:26:04</time>
      </trkpt>
      <trkpt lat="46.404886515811086" lon="23.459051745012403">
        <ele>442.79999999999995</ele>
        <time>2025-05-09T11:26:07</time>
      </trkpt>
      <trkpt lat="46.40493622049689" lon="23.459134809672832">
        <ele>442.6</ele>
        <time>2025-05-09T11:26:08</time>
      </trkpt>
      <trkpt lat="46.4050895255059" lon="23.459372771903872">
        <ele>441.79999999999995</ele>
        <time>2025-05-09T11:26:11</time>
      </trkpt>
      <trkpt lat="46.40520662069321" lon="23.459516102448106">
        <ele>441.20000000000005</ele>
        <time>2025-05-09T11:26:13</time>
      </trkpt>
      <trkpt lat="46.40534249134362" lon="23.459621546790004">
        <ele>440.6</ele>
        <time>2025-05-09T11:26:15</time>
      </trkpt>
      <trkpt lat="46.40556301921606" lon="23.45972682349384">
        <ele>439.20000000000005</ele>
        <time>2025-05-09T11:26:18</time>
      </trkpt>
      <trkpt lat="46.40571900643408" lon="23.459772588685155">
        <ele>439.0</ele>
        <time>2025-05-09T11:26:20</time>
      </trkpt>
      <trkpt lat="46.40587423928082" lon="23.45979295670986">
        <ele>438.20000000000005</ele>
        <time>2025-05-09T11:26:22</time>
      </trkpt>
      <trkpt lat="46.406090408563614" lon="23.459791028872132">
        <ele>436.79999999999995</ele>
        <time>2025-05-09T11:26:25</time>
      </trkpt>
      <trkpt lat="46.40626919455826" lon="23.459781389683485">
        <ele>435.4</ele>
        <time>2025-05-09T11:26:28</time>
      </trkpt>
      <trkpt lat="46.40637162141502" lon="23.459792537614703">
        <ele>434.6</ele>
        <time>2025-05-09T11:26:30</time>
      </trkpt>
      <trkpt lat="46.40641520731151" lon="23.459803853183985">
        <ele>434.20000000000005</ele>
        <time>2025-05-09T11:26:31</time>
      </trkpt>
      <trkpt lat="46.40655971132219" lon="23.459864538162947">
        <ele>433.4</ele>
        <time>2025-05-09T11:26:35</time>
      </trkpt>
      <trkpt lat="46.40659550204873" lon="23.459872249513865">
        <ele>433.20000000000005</ele>
        <time>2025-05-09T11:26:36</time>
      </trkpt>
      <trkpt lat="46.40669432468712" lon="23.45986722037196">
        <ele>432.6</ele>
        <time>2025-05-09T11:26:39</time>
      </trkpt>
      <trkpt lat="46.40672944486141" lon="23.459856742992997">
        <ele>432.4</ele>
        <time>2025-05-09T11:26:40</time>
      </trkpt>
      <trkpt lat="46.40680018812418" lon="23.45981734804809">
        <ele>431.79999999999995</ele>
        <time>2025-05-09T11:26:42</time>
      </trkpt>
      <trkpt lat="46.40683522447944" lon="23.459786418825388">
        <ele>431.79999999999995</ele>
        <time>2025-05-09T11:26:43</time>
      </trkpt>
      <trkpt lat="46.40687453560531" lon="23.4597494546324">
        <ele>431.6</ele>
        <time>2025-05-09T11:26:44</time>
      </trkpt>
      <trkpt lat="46.40716454945505" lon="23.459500847384334">
        <ele>431.4</ele>
        <time>2025-05-09T11:26:50</time>
      </trkpt>
      <trkpt lat="46.4075209479779" lon="23.459263974800706">
        <ele>430.79999999999995</ele>
        <time>2025-05-09T11:26:56</time>
      </trkpt>
      <trkpt lat="46.40790366567671" lon="23.45908728428185">
        <ele>430.20000000000005</ele>
        <time>2025-05-09T11:27:02</time>
      </trkpt>
      <trkpt lat="46.408032244071364" lon="23.459035735577345">
        <ele>430.20000000000005</ele>
        <time>2025-05-09T11:27:04</time>
      </trkpt>
      <trkpt lat="46.40828462317586" lon="23.458909755572677">
        <ele>429.6</ele>
        <time>2025-05-09T11:27:08</time>
      </trkpt>
      <trkpt lat="46.40840624459088" lon="23.45884974114597">
        <ele>429.4</ele>
        <time>2025-05-09T11:27:10</time>
      </trkpt>
      <trkpt lat="46.408636244013906" lon="23.45873205922544">
        <ele>429.4</ele>
        <time>2025-05-09T11:27:14</time>
      </trkpt>
      <trkpt lat="46.40899951569736" lon="23.458525948226452">
        <ele>429.20000000000005</ele>
        <time>2025-05-09T11:27:21</time>
      </trkpt>
      <trkpt lat="46.40933822840452" lon="23.45841153524816">
        <ele>429.0</ele>
        <time>2025-05-09T11:27:28</time>
      </trkpt>
      <trkpt lat="46.409664284437895" lon="23.458409942686558">
        <ele>429.0</ele>
        <time>2025-05-09T11:27:35</time>
      </trkpt>
      <trkpt lat="46.409847596660256" lon="23.45841933041811">
        <ele>429.0</ele>
        <time>2025-05-09T11:27:39</time>
      </trkpt>
      <trkpt lat="46.40993929468095" lon="23.45845361240208">
        <ele>428.79999999999995</ele>
        <time>2025-05-09T11:27:41</time>
      </trkpt>
      <trkpt lat="46.410262836143374" lon="23.45865678973496">
        <ele>428.6</ele>
        <time>2025-05-09T11:27:48</time>
      </trkpt>
      <trkpt lat="46.41055251471698" lon="23.458865582942963">
        <ele>428.6</ele>
        <time>2025-05-09T11:27:54</time>
      </trkpt>
      <trkpt lat="46.41060573980212" lon="23.45889667980373">
        <ele>428.6</ele>
        <time>2025-05-09T11:27:55</time>
      </trkpt>
      <trkpt lat="46.41096314415336" lon="23.459098432213068">
        <ele>429.0</ele>
        <time>2025-05-09T11:28:02</time>
      </trkpt>
      <trkpt lat="46.4113565068692" lon="23.45927193760872">
        <ele>429.4</ele>
        <time>2025-05-09T11:28:09</time>
      </trkpt>
      <trkpt lat="46.411718521267176" lon="23.45938039943576">
        <ele>429.4</ele>
        <time>2025-05-09T11:28:15</time>
      </trkpt>
      <trkpt lat="46.4121351018548" lon="23.459483329206705">
        <ele>429.20000000000005</ele>
        <time>2025-05-09T11:28:22</time>
      </trkpt>
      <trkpt lat="46.41220039688051" lon="23.459493136033416">
        <ele>429.20000000000005</ele>
        <time>2025-05-09T11:28:23</time>
      </trkpt>
      <trkpt lat="46.41257238574326" lon="23.45959640108049">
        <ele>429.0</ele>
        <time>2025-05-09T11:28:29</time>
      </trkpt>
      <trkpt lat="46.413036826997995" lon="23.459708048030734">
        <ele>428.79999999999995</ele>
        <time>2025-05-09T11:28:36</time>
      </trkpt>
      <trkpt lat="46.41353412531316" lon="23.459824305027723">
        <ele>428.6</ele>
        <time>2025-05-09T11:28:43</time>
      </trkpt>
      <trkpt lat="46.41389605589211" lon="23.45993611961603">
        <ele>428.4</ele>
        <time>2025-05-09T11:28:49</time>
      </trkpt>
      <trkpt lat="46.41426343470812" lon="23.45996201969683">
        <ele>428.20000000000005</ele>
        <time>2025-05-09T11:28:55</time>
      </trkpt>
      <trkpt lat="46.41438430175185" lon="23.459928324446082">
        <ele>428.20000000000005</ele>
        <time>2025-05-09T11:28:57</time>
      </trkpt>
      <trkpt lat="46.41449804417789" lon="23.45985095947981">
        <ele>428.4</ele>
        <time>2025-05-09T11:28:59</time>
      </trkpt>
      <trkpt lat="46.414666855707765" lon="23.459578044712543">
        <ele>428.6</ele>
        <time>2025-05-09T11:29:03</time>
      </trkpt>
      <trkpt lat="46.414725445210934" lon="23.459410071372986">
        <ele>428.79999999999995</ele>
        <time>2025-05-09T11:29:05</time>
      </trkpt>
      <trkpt lat="46.4148223400116" lon="23.459058282896876">
        <ele>428.79999999999995</ele>
        <time>2025-05-09T11:29:09</time>
      </trkpt>
      <trkpt lat="46.41492174938321" lon="23.458718145266175">
        <ele>428.79999999999995</ele>
        <time>2025-05-09T11:29:13</time>
      </trkpt>
      <trkpt lat="46.41498863697052" lon="23.458563080057502">
        <ele>428.79999999999995</ele>
        <time>2025-05-09T11:29:15</time>
      </trkpt>
      <trkpt lat="46.415213188156486" lon="23.458241298794746">
        <ele>428.6</ele>
        <time>2025-05-09T11:29:20</time>
      </trkpt>
      <trkpt lat="46.41552994027734" lon="23.45796729438007">
        <ele>428.0</ele>
        <time>2025-05-09T11:29:26</time>
      </trkpt>
      <trkpt lat="46.41580905765295" lon="23.457854390144348">
        <ele>427.79999999999995</ele>
        <time>2025-05-09T11:29:31</time>
      </trkpt>
      <trkpt lat="46.41617610119283" lon="23.457783814519644">
        <ele>427.79999999999995</ele>
        <time>2025-05-09T11:29:38</time>
      </trkpt>
      <trkpt lat="46.4162761811167" lon="23.45773436129093">
        <ele>428.0</ele>
        <time>2025-05-09T11:29:40</time>
      </trkpt>
      <trkpt lat="46.41648095101118" lon="23.457611482590437">
        <ele>428.20000000000005</ele>
        <time>2025-05-09T11:29:44</time>
      </trkpt>
      <trkpt lat="46.41682201065123" lon="23.45741425640881">
        <ele>428.20000000000005</ele>
        <time>2025-05-09T11:29:50</time>
      </trkpt>
      <trkpt lat="46.41716642305255" lon="23.457270674407482">
        <ele>428.0</ele>
        <time>2025-05-09T11:29:56</time>
      </trkpt>
      <trkpt lat="46.417350489646196" lon="23.45723446458578">
        <ele>428.0</ele>
        <time>2025-05-09T11:29:59</time>
      </trkpt>
      <trkpt lat="46.417472111061215" lon="23.457256508991122">
        <ele>427.79999999999995</ele>
        <time>2025-05-09T11:30:01</time>
      </trkpt>
      <trkpt lat="46.41764276660979" lon="23.457385506480932">
        <ele>427.79999999999995</ele>
        <time>2025-05-09T11:30:04</time>
      </trkpt>
      <trkpt lat="46.41769825480878" lon="23.45743814483285">
        <ele>427.79999999999995</ele>
        <time>2025-05-09T11:30:05</time>
      </trkpt>
      <trkpt lat="46.417751647531986" lon="23.457497404888272">
        <ele>427.79999999999995</ele>
        <time>2025-05-09T11:30:06</time>
      </trkpt>
      <trkpt lat="46.41793596558273" lon="23.457752717658877">
        <ele>428.0</ele>
        <time>2025-05-09T11:30:10</time>
      </trkpt>
      <trkpt lat="46.41797804273665" lon="23.457818599417806">
        <ele>428.0</ele>
        <time>2025-05-09T11:30:11</time>
      </trkpt>
      <trkpt lat="46.4180875942111" lon="23.458021441474557">
        <ele>428.20000000000005</ele>
        <time>2025-05-09T11:30:14</time>
      </trkpt>
      <trkpt lat="46.41811282373965" lon="23.458093609660864">
        <ele>428.20000000000005</ele>
        <time>2025-05-09T11:30:15</time>
      </trkpt>
      <trkpt lat="46.418137131258845" lon="23.458415055647492">
        <ele>428.4</ele>
        <time>2025-05-09T11:30:19</time>
      </trkpt>
      <trkpt lat="46.41810754314065" lon="23.458641031756997">
        <ele>428.4</ele>
        <time>2025-05-09T11:30:22</time>
      </trkpt>
      <trkpt lat="46.418070159852505" lon="23.458779752254486">
        <ele>428.6</ele>
        <time>2025-05-09T11:30:24</time>
      </trkpt>
      <trkpt lat="46.41792414709926" lon="23.459221478551626">
        <ele>428.79999999999995</ele>
        <time>2025-05-09T11:30:31</time>
      </trkpt>
      <trkpt lat="46.417877711355686" lon="23.45935508608818">
        <ele>429.0</ele>
        <time>2025-05-09T11:30:33</time>
      </trkpt>
      <trkpt lat="46.417793640866876" lon="23.459648368880153">
        <ele>430.0</ele>
        <time>2025-05-09T11:30:37</time>
      </trkpt>
      <trkpt lat="46.417686603963375" lon="23.46004785038531">
        <ele>430.0</ele>
        <time>2025-05-09T11:30:42</time>
      </trkpt>
      <trkpt lat="46.41761745326221" lon="23.46037575043738">
        <ele>430.0</ele>
        <time>2025-05-09T11:30:46</time>
      </trkpt>
      <trkpt lat="46.417606472969055" lon="23.460546573624015">
        <ele>430.0</ele>
        <time>2025-05-09T11:30:48</time>
      </trkpt>
      <trkpt lat="46.417634384706616" lon="23.46080230548978">
        <ele>429.4</ele>
        <time>2025-05-09T11:30:51</time>
      </trkpt>
      <trkpt lat="46.41766246408224" lon="23.460976984351873">
        <ele>429.20000000000005</ele>
        <time>2025-05-09T11:30:53</time>
      </trkpt>
      <trkpt lat="46.41773438081145" lon="23.46122357994318">
        <ele>428.79999999999995</ele>
        <time>2025-05-09T11:30:56</time>
      </trkpt>
      <trkpt lat="46.41780906356871" lon="23.461367329582572">
        <ele>428.6</ele>
        <time>2025-05-09T11:30:58</time>
      </trkpt>
      <trkpt lat="46.417859606444836" lon="23.461423069238663">
        <ele>428.4</ele>
        <time>2025-05-09T11:30:59</time>
      </trkpt>
      <trkpt lat="46.41796622425318" lon="23.461505211889744">
        <ele>428.0</ele>
        <time>2025-05-09T11:31:01</time>
      </trkpt>
      <trkpt lat="46.41802188009024" lon="23.46153966151178">
        <ele>427.6</ele>
        <time>2025-05-09T11:31:02</time>
      </trkpt>
      <trkpt lat="46.41807837411761" lon="23.461566483601928">
        <ele>427.4</ele>
        <time>2025-05-09T11:31:03</time>
      </trkpt>
      <trkpt lat="46.418239222839475" lon="23.4616472851485">
        <ele>426.79999999999995</ele>
        <time>2025-05-09T11:31:06</time>
      </trkpt>
      <trkpt lat="46.418290100991726" lon="23.46167117357254">
        <ele>426.6</ele>
        <time>2025-05-09T11:31:07</time>
      </trkpt>
      <trkpt lat="46.418340895324945" lon="23.461689949035645">
        <ele>426.6</ele>
        <time>2025-05-09T11:31:08</time>
      </trkpt>
      <trkpt lat="46.41848774626851" lon="23.46175038255751">
        <ele>426.20000000000005</ele>
        <time>2025-05-09T11:31:11</time>
      </trkpt>
      <trkpt lat="46.41853275708854" lon="23.461774857714772">
        <ele>426.20000000000005</ele>
        <time>2025-05-09T11:31:12</time>
      </trkpt>
      <trkpt lat="46.41885126940906" lon="23.461896143853664">
        <ele>426.0</ele>
        <time>2025-05-09T11:31:19</time>
      </trkpt>
      <trkpt lat="46.4188994653523" lon="23.461897568777204">
        <ele>426.0</ele>
        <time>2025-05-09T11:31:20</time>
      </trkpt>
      <trkpt lat="46.419022511690855" lon="23.461919697001576">
        <ele>426.0</ele>
        <time>2025-05-09T11:31:23</time>
      </trkpt>
      <trkpt lat="46.419110437855124" lon="23.461916176602244">
        <ele>426.0</ele>
        <time>2025-05-09T11:31:25</time>
      </trkpt>
      <trkpt lat="46.4192411955446" lon="23.461882146075368">
        <ele>426.0</ele>
        <time>2025-05-09T11:31:28</time>
      </trkpt>
      <trkpt lat="46.419285871088505" lon="23.461862951517105">
        <ele>426.0</ele>
        <time>2025-05-09T11:31:29</time>
      </trkpt>
      <trkpt lat="46.41941201873124" lon="23.461795058101416">
        <ele>425.79999999999995</ele>
        <time>2025-05-09T11:31:32</time>
      </trkpt>
      <trkpt lat="46.419538501650095" lon="23.461710987612605">
        <ele>425.79999999999995</ele>
        <time>2025-05-09T11:31:35</time>
      </trkpt>
      <trkpt lat="46.41981376335025" lon="23.461523316800594">
        <ele>425.79999999999995</ele>
        <time>2025-05-09T11:31:42</time>
      </trkpt>
      <trkpt lat="46.419964050874114" lon="23.461374370381236">
        <ele>425.79999999999995</ele>
        <time>2025-05-09T11:31:46</time>
      </trkpt>
      <trkpt lat="46.42003462649882" lon="23.461283426731825">
        <ele>425.6</ele>
        <time>2025-05-09T11:31:48</time>
      </trkpt>
      <trkpt lat="46.42026546411216" lon="23.461015541106462">
        <ele>425.6</ele>
        <time>2025-05-09T11:31:54</time>
      </trkpt>
      <trkpt lat="46.42030737362802" lon="23.460976146161556">
        <ele>425.4</ele>
        <time>2025-05-09T11:31:55</time>
      </trkpt>
      <trkpt lat="46.42050753347576" lon="23.460779674351215">
        <ele>425.0</ele>
        <time>2025-05-09T11:32:00</time>
      </trkpt>
      <trkpt lat="46.42061289399862" lon="23.460648078471422">
        <ele>424.79999999999995</ele>
        <time>2025-05-09T11:32:03</time>
      </trkpt>
      <trkpt lat="46.42064365558326" lon="23.460600217804313">
        <ele>424.79999999999995</ele>
        <time>2025-05-09T11:32:04</time>
      </trkpt>
      <trkpt lat="46.420700484886765" lon="23.460496785119176">
        <ele>424.6</ele>
        <time>2025-05-09T11:32:06</time>
      </trkpt>
      <trkpt lat="46.42075731419027" lon="23.460393268615007">
        <ele>424.6</ele>
        <time>2025-05-09T11:32:08</time>
      </trkpt>
      <trkpt lat="46.42078371718526" lon="23.460342809557915">
        <ele>424.6</ele>
        <time>2025-05-09T11:32:09</time>
      </trkpt>
      <trkpt lat="46.42086485400796" lon="23.460185145959258">
        <ele>424.4</ele>
        <time>2025-05-09T11:32:12</time>
      </trkpt>
      <trkpt lat="46.420916402712464" lon="23.46006947569549">
        <ele>424.4</ele>
        <time>2025-05-09T11:32:14</time>
      </trkpt>
      <trkpt lat="46.42101405188441" lon="23.459840146824718">
        <ele>424.4</ele>
        <time>2025-05-09T11:32:18</time>
      </trkpt>
      <trkpt lat="46.421133410185575" lon="23.45952993258834">
        <ele>424.6</ele>
        <time>2025-05-09T11:32:23</time>
      </trkpt>
      <trkpt lat="46.421158807352185" lon="23.459467571228743">
        <ele>424.6</ele>
        <time>2025-05-09T11:32:24</time>
      </trkpt>
      <trkpt lat="46.42118638381362" lon="23.459401186555624">
        <ele>424.6</ele>
        <time>2025-05-09T11:32:25</time>
      </trkpt>
      <trkpt lat="46.42131378874183" lon="23.45915232785046">
        <ele>424.79999999999995</ele>
        <time>2025-05-09T11:32:29</time>
      </trkpt>
      <trkpt lat="46.42148997634649" lon="23.45872133038938">
        <ele>425.0</ele>
        <time>2025-05-09T11:32:35</time>
      </trkpt>
      <trkpt lat="46.42166540957987" lon="23.45821808092296">
        <ele>424.79999999999995</ele>
        <time>2025-05-09T11:32:41</time>
      </trkpt>
      <trkpt lat="46.42182508483529" lon="23.45762145705521">
        <ele>424.4</ele>
        <time>2025-05-09T11:32:48</time>
      </trkpt>
      <trkpt lat="46.42197453416884" lon="23.457006560638547">
        <ele>424.4</ele>
        <time>2025-05-09T11:32:55</time>
      </trkpt>
      <trkpt lat="46.42215088941157" lon="23.456553351134062">
        <ele>424.20000000000005</ele>
        <time>2025-05-09T11:33:01</time>
      </trkpt>
      <trkpt lat="46.422420870512724" lon="23.456007773056626">
        <ele>424.0</ele>
        <time>2025-05-09T11:33:09</time>
      </trkpt>
      <trkpt lat="46.42265480943024" lon="23.455630587413907">
        <ele>424.0</ele>
        <time>2025-05-09T11:33:15</time>
      </trkpt>
      <trkpt lat="46.422916324809194" lon="23.455273853614926">
        <ele>423.79999999999995</ele>
        <time>2025-05-09T11:33:21</time>
      </trkpt>
      <trkpt lat="46.423112293705344" lon="23.45506296493113">
        <ele>423.6</ele>
        <time>2025-05-09T11:33:25</time>
      </trkpt>
      <trkpt lat="46.42320734448731" lon="23.454957269132137">
        <ele>423.6</ele>
        <time>2025-05-09T11:33:27</time>
      </trkpt>
      <trkpt lat="46.423584278672934" lon="23.454549154266715">
        <ele>423.6</ele>
        <time>2025-05-09T11:33:35</time>
      </trkpt>
      <trkpt lat="46.42396230250597" lon="23.454154953360558">
        <ele>423.6</ele>
        <time>2025-05-09T11:33:43</time>
      </trkpt>
      <trkpt lat="46.424014354124665" lon="23.454115139320493">
        <ele>423.6</ele>
        <time>2025-05-09T11:33:44</time>
      </trkpt>
      <trkpt lat="46.42423580400646" lon="23.453995948657393">
        <ele>423.6</ele>
        <time>2025-05-09T11:33:48</time>
      </trkpt>
      <trkpt lat="46.42429313622415" lon="23.45398060977459">
        <ele>423.6</ele>
        <time>2025-05-09T11:33:49</time>
      </trkpt>
      <trkpt lat="46.424507377669215" lon="23.45396543852985">
        <ele>423.6</ele>
        <time>2025-05-09T11:33:53</time>
      </trkpt>
      <trkpt lat="46.424819100648165" lon="23.454025201499462">
        <ele>423.6</ele>
        <time>2025-05-09T11:33:59</time>
      </trkpt>
      <trkpt lat="46.42497039400041" lon="23.45405043102801">
        <ele>423.6</ele>
        <time>2025-05-09T11:34:02</time>
      </trkpt>
      <trkpt lat="46.42513208091259" lon="23.45405973494053">
        <ele>423.6</ele>
        <time>2025-05-09T11:34:05</time>
      </trkpt>
      <trkpt lat="46.42543341033161" lon="23.454145397990942">
        <ele>423.79999999999995</ele>
        <time>2025-05-09T11:34:11</time>
      </trkpt>
      <trkpt lat="46.42575309611857" lon="23.454347820952535">
        <ele>424.0</ele>
        <time>2025-05-09T11:34:18</time>
      </trkpt>
      <trkpt lat="46.42613262869418" lon="23.454549154266715">
        <ele>424.20000000000005</ele>
        <time>2025-05-09T11:34:26</time>
      </trkpt>
      <trkpt lat="46.42650864087045" lon="23.454812597483397">
        <ele>424.4</ele>
        <time>2025-05-09T11:34:34</time>
      </trkpt>
      <trkpt lat="46.42677577212453" lon="23.45514250919223">
        <ele>424.20000000000005</ele>
        <time>2025-05-09T11:34:40</time>
      </trkpt>
      <trkpt lat="46.42697065137327" lon="23.45559219829738">
        <ele>423.6</ele>
        <time>2025-05-09T11:34:46</time>
      </trkpt>
      <trkpt lat="46.427095625549555" lon="23.456090837717056">
        <ele>423.20000000000005</ele>
        <time>2025-05-09T11:34:52</time>
      </trkpt>
      <trkpt lat="46.427101492881775" lon="23.4566221665591">
        <ele>423.0</ele>
        <time>2025-05-09T11:34:58</time>
      </trkpt>
      <trkpt lat="46.42706704325974" lon="23.45714695751667">
        <ele>422.79999999999995</ele>
        <time>2025-05-09T11:35:04</time>
      </trkpt>
      <trkpt lat="46.4270154107362" lon="23.457698402926326">
        <ele>422.79999999999995</ele>
        <time>2025-05-09T11:35:11</time>
      </trkpt>
      <trkpt lat="46.426953887566924" lon="23.458381863310933">
        <ele>422.6</ele>
        <time>2025-05-09T11:35:20</time>
      </trkpt>
      <trkpt lat="46.42693511210382" lon="23.45883658155799">
        <ele>422.79999999999995</ele>
        <time>2025-05-09T11:35:26</time>
      </trkpt>
      <trkpt lat="46.4269466791302" lon="23.459326419979334">
        <ele>422.79999999999995</ele>
        <time>2025-05-09T11:35:32</time>
      </trkpt>
      <trkpt lat="46.42700585536659" lon="23.45985054038465">
        <ele>422.6</ele>
        <time>2025-05-09T11:35:38</time>
      </trkpt>
      <trkpt lat="46.42702194862068" lon="23.45993796363473">
        <ele>422.6</ele>
        <time>2025-05-09T11:35:39</time>
      </trkpt>
      <trkpt lat="46.42704080790281" lon="23.460024297237396">
        <ele>422.4</ele>
        <time>2025-05-09T11:35:40</time>
      </trkpt>
      <trkpt lat="46.427088836207986" lon="23.460278939455748">
        <ele>422.0</ele>
        <time>2025-05-09T11:35:43</time>
      </trkpt>
      <trkpt lat="46.42721473239362" lon="23.460978409275413">
        <ele>421.4</ele>
        <time>2025-05-09T11:35:51</time>
      </trkpt>
      <trkpt lat="46.42732554115355" lon="23.461500853300095">
        <ele>421.20000000000005</ele>
        <time>2025-05-09T11:35:57</time>
      </trkpt>
      <trkpt lat="46.427449928596616" lon="23.46193252131343">
        <ele>421.20000000000005</ele>
        <time>2025-05-09T11:36:03</time>
      </trkpt>
      <trkpt lat="46.427603820338845" lon="23.462256649509072">
        <ele>421.20000000000005</ele>
        <time>2025-05-09T11:36:08</time>
      </trkpt>
      <trkpt lat="46.42782359384" lon="23.46260692924261">
        <ele>421.20000000000005</ele>
        <time>2025-05-09T11:36:14</time>
      </trkpt>
      <trkpt lat="46.42804495990276" lon="23.462837766855955">
        <ele>421.20000000000005</ele>
        <time>2025-05-09T11:36:19</time>
      </trkpt>
      <trkpt lat="46.42809617333114" lon="23.462871629744768">
        <ele>421.20000000000005</ele>
        <time>2025-05-09T11:36:20</time>
      </trkpt>
      <trkpt lat="46.428357269614935" lon="23.462980091571808">
        <ele>421.4</ele>
        <time>2025-05-09T11:36:25</time>
      </trkpt>
      <trkpt lat="46.42864292487502" lon="23.4629406966269">
        <ele>421.0</ele>
        <time>2025-05-09T11:36:30</time>
      </trkpt>
      <trkpt lat="46.429019859060645" lon="23.46287900581956">
        <ele>420.79999999999995</ele>
        <time>2025-05-09T11:36:37</time>
      </trkpt>
      <trkpt lat="46.429425962269306" lon="23.462788397446275">
        <ele>420.79999999999995</ele>
        <time>2025-05-09T11:36:45</time>
      </trkpt>
      <trkpt lat="46.42973952926695" lon="23.462680270895362">
        <ele>420.79999999999995</ele>
        <time>2025-05-09T11:36:52</time>
      </trkpt>
      <trkpt lat="46.42996232025325" lon="23.462607013061643">
        <ele>420.6</ele>
        <time>2025-05-09T11:36:57</time>
      </trkpt>
      <trkpt lat="46.43001093529165" lon="23.46259946934879">
        <ele>420.6</ele>
        <time>2025-05-09T11:36:58</time>
      </trkpt>
      <trkpt lat="46.43025392666459" lon="23.462553452700377">
        <ele>419.79999999999995</ele>
        <time>2025-05-09T11:37:03</time>
      </trkpt>
      <trkpt lat="46.43035392276943" lon="23.462527468800545">
        <ele>419.4</ele>
        <time>2025-05-09T11:37:05</time>
      </trkpt>
      <trkpt lat="46.4306781347841" lon="23.46241783350706">
        <ele>419.0</ele>
        <time>2025-05-09T11:37:11</time>
      </trkpt>
      <trkpt lat="46.43072742037475" lon="23.46238799393177">
        <ele>419.0</ele>
        <time>2025-05-09T11:37:12</time>
      </trkpt>
      <trkpt lat="46.43091802485287" lon="23.462258158251643">
        <ele>419.0</ele>
        <time>2025-05-09T11:37:16</time>
      </trkpt>
      <trkpt lat="46.43103562295437" lon="23.46213536337018">
        <ele>419.0</ele>
        <time>2025-05-09T11:37:19</time>
      </trkpt>
      <trkpt lat="46.431263694539666" lon="23.46184903755784">
        <ele>418.79999999999995</ele>
        <time>2025-05-09T11:37:25</time>
      </trkpt>
      <trkpt lat="46.43130191601813" lon="23.4618026856333">
        <ele>418.79999999999995</ele>
        <time>2025-05-09T11:37:26</time>
      </trkpt>
      <trkpt lat="46.43151666037738" lon="23.46149766817689">
        <ele>418.0</ele>
        <time>2025-05-09T11:37:32</time>
      </trkpt>
      <trkpt lat="46.43177976831794" lon="23.461065916344523">
        <ele>418.0</ele>
        <time>2025-05-09T11:37:40</time>
      </trkpt>
      <trkpt lat="46.43197322264314" lon="23.46065143123269">
        <ele>418.0</ele>
        <time>2025-05-09T11:37:47</time>
      </trkpt>
      <trkpt lat="46.43217665143311" lon="23.46029763109982">
        <ele>417.4</ele>
        <time>2025-05-09T11:37:53</time>
      </trkpt>
      <trkpt lat="46.43225787207484" lon="23.46018380485475">
        <ele>417.4</ele>
        <time>2025-05-09T11:37:55</time>
      </trkpt>
      <trkpt lat="46.43255568109453" lon="23.459690362215042">
        <ele>417.4</ele>
        <time>2025-05-09T11:38:03</time>
      </trkpt>
      <trkpt lat="46.43280998803675" lon="23.459329437464476">
        <ele>417.4</ele>
        <time>2025-05-09T11:38:09</time>
      </trkpt>
      <trkpt lat="46.4331253990531" lon="23.458920316770673">
        <ele>417.4</ele>
        <time>2025-05-09T11:38:16</time>
      </trkpt>
      <trkpt lat="46.43349110148847" lon="23.458474818617105">
        <ele>417.20000000000005</ele>
        <time>2025-05-09T11:38:24</time>
      </trkpt>
      <trkpt lat="46.43380282446742" lon="23.45808162353933">
        <ele>417.0</ele>
        <time>2025-05-09T11:38:31</time>
      </trkpt>
      <trkpt lat="46.43403978087008" lon="23.45767317339778">
        <ele>417.0</ele>
        <time>2025-05-09T11:38:37</time>
      </trkpt>
      <trkpt lat="46.43432560376823" lon="23.457088116556406">
        <ele>416.4</ele>
        <time>2025-05-09T11:38:45</time>
      </trkpt>
      <trkpt lat="46.434404477477074" lon="23.456871025264263">
        <ele>416.4</ele>
        <time>2025-05-09T11:38:48</time>
      </trkpt>
      <trkpt lat="46.43445904366672" lon="23.456662483513355">
        <ele>416.20000000000005</ele>
        <time>2025-05-09T11:38:51</time>
      </trkpt>
      <trkpt lat="46.434479327872396" lon="23.456597356125712">
        <ele>416.20000000000005</ele>
        <time>2025-05-09T11:38:52</time>
      </trkpt>
      <trkpt lat="46.434585861861706" lon="23.45633248798549">
        <ele>416.20000000000005</ele>
        <time>2025-05-09T11:38:56</time>
      </trkpt>
      <trkpt lat="46.434792475774884" lon="23.45587349496782">
        <ele>415.79999999999995</ele>
        <time>2025-05-09T11:39:03</time>
      </trkpt>
      <trkpt lat="46.43504535779357" lon="23.45522020943463">
        <ele>415.6</ele>
        <time>2025-05-09T11:39:12</time>
      </trkpt>
      <trkpt lat="46.43531366251409" lon="23.45454152673483">
        <ele>415.6</ele>
        <time>2025-05-09T11:39:20</time>
      </trkpt>
      <trkpt lat="46.43557299859822" lon="23.45412771217525">
        <ele>415.6</ele>
        <time>2025-05-09T11:39:26</time>
      </trkpt>
      <trkpt lat="46.435721442103386" lon="23.453977005556226">
        <ele>415.4</ele>
        <time>2025-05-09T11:39:29</time>
      </trkpt>
      <trkpt lat="46.435831412673" lon="23.453901316970587">
        <ele>415.6</ele>
        <time>2025-05-09T11:39:31</time>
      </trkpt>
      <trkpt lat="46.43598387949169" lon="23.45379939302802">
        <ele>415.6</ele>
        <time>2025-05-09T11:39:34</time>
      </trkpt>
      <trkpt lat="46.43608865328133" lon="23.453725213184953">
        <ele>415.4</ele>
        <time>2025-05-09T11:39:36</time>
      </trkpt>
      <trkpt lat="46.43641546368599" lon="23.45350468531251">
        <ele>415.20000000000005</ele>
        <time>2025-05-09T11:39:42</time>
      </trkpt>
      <trkpt lat="46.436779322102666" lon="23.45317737199366">
        <ele>415.20000000000005</ele>
        <time>2025-05-09T11:39:49</time>
      </trkpt>
      <trkpt lat="46.437181904911995" lon="23.452782416716218">
        <ele>415.20000000000005</ele>
        <time>2025-05-09T11:39:57</time>
      </trkpt>
      <trkpt lat="46.43748356960714" lon="23.452486200258136">
        <ele>415.20000000000005</ele>
        <time>2025-05-09T11:40:03</time>
      </trkpt>
      <trkpt lat="46.437583565711975" lon="23.452395172789693">
        <ele>415.20000000000005</ele>
        <time>2025-05-09T11:40:05</time>
      </trkpt>
      <trkpt lat="46.437873831018806" lon="23.452169448137283">
        <ele>415.20000000000005</ele>
        <time>2025-05-09T11:40:11</time>
      </trkpt>
      <trkpt lat="46.43792185932398" lon="23.452149080112576">
        <ele>415.20000000000005</ele>
        <time>2025-05-09T11:40:12</time>
      </trkpt>
      <trkpt lat="46.43806611187756" lon="23.452117312699556">
        <ele>415.20000000000005</ele>
        <time>2025-05-09T11:40:15</time>
      </trkpt>
      <trkpt lat="46.43816619180143" lon="23.452129969373345">
        <ele>415.20000000000005</ele>
        <time>2025-05-09T11:40:17</time>
      </trkpt>
      <trkpt lat="46.43826560117304" lon="23.45216928049922">
        <ele>415.20000000000005</ele>
        <time>2025-05-09T11:40:19</time>
      </trkpt>
      <trkpt lat="46.438449919223785" lon="23.452288303524256">
        <ele>415.79999999999995</ele>
        <time>2025-05-09T11:40:23</time>
      </trkpt>
      <trkpt lat="46.438776310533285" lon="23.452535904943943">
        <ele>416.20000000000005</ele>
        <time>2025-05-09T11:40:30</time>
      </trkpt>
      <trkpt lat="46.43917663022876" lon="23.452835474163294">
        <ele>416.4</ele>
        <time>2025-05-09T11:40:38</time>
      </trkpt>
      <trkpt lat="46.43957644701004" lon="23.45317678526044">
        <ele>415.6</ele>
        <time>2025-05-09T11:40:46</time>
      </trkpt>
      <trkpt lat="46.439820444211364" lon="23.45339865423739">
        <ele>415.6</ele>
        <time>2025-05-09T11:40:51</time>
      </trkpt>
      <trkpt lat="46.440172316506505" lon="23.453711299225688">
        <ele>415.4</ele>
        <time>2025-05-09T11:40:58</time>
      </trkpt>
      <trkpt lat="46.44052871502936" lon="23.454023273661733">
        <ele>415.0</ele>
        <time>2025-05-09T11:41:05</time>
      </trkpt>
      <trkpt lat="46.440929705277085" lon="23.454365925863385">
        <ele>414.79999999999995</ele>
        <time>2025-05-09T11:41:13</time>
      </trkpt>
      <trkpt lat="46.441279482096434" lon="23.454680498689413">
        <ele>414.79999999999995</ele>
        <time>2025-05-09T11:41:20</time>
      </trkpt>
      <trkpt lat="46.441682651638985" lon="23.45501258969307">
        <ele>414.4</ele>
        <time>2025-05-09T11:41:28</time>
      </trkpt>
      <trkpt lat="46.441933354362845" lon="23.45531358383596">
        <ele>414.20000000000005</ele>
        <time>2025-05-09T11:41:34</time>
      </trkpt>
      <trkpt lat="46.44200091250241" lon="23.455436462536454">
        <ele>414.0</ele>
        <time>2025-05-09T11:41:36</time>
      </trkpt>
      <trkpt lat="46.44210426136851" lon="23.45571432262659">
        <ele>413.79999999999995</ele>
        <time>2025-05-09T11:41:40</time>
      </trkpt>
      <trkpt lat="46.442189924418926" lon="23.456189408898354">
        <ele>413.79999999999995</ele>
        <time>2025-05-09T11:41:47</time>
      </trkpt>
      <trkpt lat="46.442291429266334" lon="23.456813441589475">
        <ele>415.20000000000005</ele>
        <time>2025-05-09T11:41:58</time>
      </trkpt>
      <trkpt lat="46.44235328771174" lon="23.457202948629856">
        <ele>416.20000000000005</ele>
        <time>2025-05-09T11:42:05</time>
      </trkpt>
      <trkpt lat="46.44244766794145" lon="23.45760527998209">
        <ele>416.4</ele>
        <time>2025-05-09T11:42:11</time>
      </trkpt>
      <trkpt lat="46.442625196650624" lon="23.458081791177392">
        <ele>416.4</ele>
        <time>2025-05-09T11:42:17</time>
      </trkpt>
      <trkpt lat="46.44277690909803" lon="23.45846970565617">
        <ele>415.4</ele>
        <time>2025-05-09T11:42:22</time>
      </trkpt>
      <trkpt lat="46.44289308227599" lon="23.458761060610414">
        <ele>414.4</ele>
        <time>2025-05-09T11:42:26</time>
      </trkpt>
      <trkpt lat="46.443061055615544" lon="23.459243355318904">
        <ele>414.0</ele>
        <time>2025-05-09T11:42:33</time>
      </trkpt>
      <trkpt lat="46.443303460255265" lon="23.460016334429383">
        <ele>413.6</ele>
        <time>2025-05-09T11:42:44</time>
      </trkpt>
      <trkpt lat="46.443466152995825" lon="23.460644306614995">
        <ele>413.4</ele>
        <time>2025-05-09T11:42:52</time>
      </trkpt>
      <trkpt lat="46.44361400976777" lon="23.461326425895095">
        <ele>413.4</ele>
        <time>2025-05-09T11:43:00</time>
      </trkpt>
      <trkpt lat="46.44376203417778" lon="23.462080461904407">
        <ele>413.0</ele>
        <time>2025-05-09T11:43:09</time>
      </trkpt>
      <trkpt lat="46.44389455206692" lon="23.462782446295023">
        <ele>412.6</ele>
        <time>2025-05-09T11:43:17</time>
      </trkpt>
      <trkpt lat="46.444019777700305" lon="23.46347328275442">
        <ele>412.6</ele>
        <time>2025-05-09T11:43:25</time>
      </trkpt>
      <trkpt lat="46.44402254372835" lon="23.4639198705554">
        <ele>412.6</ele>
        <time>2025-05-09T11:43:30</time>
      </trkpt>
      <trkpt lat="46.44392129033804" lon="23.464405182749033">
        <ele>412.6</ele>
        <time>2025-05-09T11:43:36</time>
      </trkpt>
      <trkpt lat="46.443835627287626" lon="23.464844478294253">
        <ele>412.79999999999995</ele>
        <time>2025-05-09T11:43:42</time>
      </trkpt>
      <trkpt lat="46.44382556900382" lon="23.465000046417117">
        <ele>412.79999999999995</ele>
        <time>2025-05-09T11:43:44</time>
      </trkpt>
      <trkpt lat="46.44383302889764" lon="23.465162068605423">
        <ele>412.6</ele>
        <time>2025-05-09T11:43:46</time>
      </trkpt>
      <trkpt lat="46.443837555125356" lon="23.465245384722948">
        <ele>412.6</ele>
        <time>2025-05-09T11:43:47</time>
      </trkpt>
      <trkpt lat="46.44391156733036" lon="23.46556699834764">
        <ele>412.79999999999995</ele>
        <time>2025-05-09T11:43:51</time>
      </trkpt>
      <trkpt lat="46.44405405968428" lon="23.465993218123913">
        <ele>412.79999999999995</ele>
        <time>2025-05-09T11:43:57</time>
      </trkpt>
      <trkpt lat="46.44416403025389" lon="23.466299576684833">
        <ele>412.79999999999995</ele>
        <time>2025-05-09T11:44:02</time>
      </trkpt>
      <trkpt lat="46.444205939769745" lon="23.466406194493175">
        <ele>412.79999999999995</ele>
        <time>2025-05-09T11:44:04</time>
      </trkpt>
      <trkpt lat="46.44422731362283" lon="23.466458916664124">
        <ele>412.79999999999995</ele>
        <time>2025-05-09T11:44:05</time>
      </trkpt>
      <trkpt lat="46.44435798749328" lon="23.466698974370956">
        <ele>413.0</ele>
        <time>2025-05-09T11:44:10</time>
      </trkpt>
      <trkpt lat="46.44438757561147" lon="23.466745242476463">
        <ele>413.20000000000005</ele>
        <time>2025-05-09T11:44:11</time>
      </trkpt>
      <trkpt lat="46.44454448483884" lon="23.466919921338558">
        <ele>413.20000000000005</ele>
        <time>2025-05-09T11:44:15</time>
      </trkpt>
      <trkpt lat="46.44479954615235" lon="23.46717841923237">
        <ele>413.20000000000005</ele>
        <time>2025-05-09T11:44:20</time>
      </trkpt>
      <trkpt lat="46.44514823332429" lon="23.46763833425939">
        <ele>412.4</ele>
        <time>2025-05-09T11:44:27</time>
      </trkpt>
      <trkpt lat="46.44523540511727" lon="23.46776540391147">
        <ele>412.0</ele>
        <time>2025-05-09T11:44:29</time>
      </trkpt>
      <trkpt lat="46.44547772593796" lon="23.468117360025644">
        <ele>411.20000000000005</ele>
        <time>2025-05-09T11:44:35</time>
      </trkpt>
      <trkpt lat="46.445754412561655" lon="23.468384072184563">
        <ele>411.20000000000005</ele>
        <time>2025-05-09T11:44:41</time>
      </trkpt>
      <trkpt lat="46.44591685384512" lon="23.46846998669207">
        <ele>411.20000000000005</ele>
        <time>2025-05-09T11:44:44</time>
      </trkpt>
      <trkpt lat="46.44603218883276" lon="23.46849538385868">
        <ele>411.20000000000005</ele>
        <time>2025-05-09T11:44:46</time>
      </trkpt>
      <trkpt lat="46.44651993177831" lon="23.46856721676886">
        <ele>411.0</ele>
        <time>2025-05-09T11:44:54</time>
      </trkpt>
      <trkpt lat="46.446874402463436" lon="23.468657238408923">
        <ele>411.0</ele>
        <time>2025-05-09T11:45:00</time>
      </trkpt>
      <trkpt lat="46.44692586734891" lon="23.468680707737803">
        <ele>411.0</ele>
        <time>2025-05-09T11:45:01</time>
      </trkpt>
      <trkpt lat="46.44730833359063" lon="23.468842478469014">
        <ele>411.20000000000005</ele>
        <time>2025-05-09T11:45:08</time>
      </trkpt>
      <trkpt lat="46.44762449897826" lon="23.46901330165565">
        <ele>411.20000000000005</ele>
        <time>2025-05-09T11:45:14</time>
      </trkpt>
      <trkpt lat="46.44790017977357" lon="23.469120506197214">
        <ele>411.20000000000005</ele>
        <time>2025-05-09T11:45:19</time>
      </trkpt>
      <trkpt lat="46.44801492802799" lon="23.46916132606566">
        <ele>410.79999999999995</ele>
        <time>2025-05-09T11:45:21</time>
      </trkpt>
      <trkpt lat="46.44829547032714" lon="23.469236344099045">
        <ele>410.4</ele>
        <time>2025-05-09T11:45:26</time>
      </trkpt>
      <trkpt lat="46.44866259768605" lon="23.46929526887834">
        <ele>410.0</ele>
        <time>2025-05-09T11:45:33</time>
      </trkpt>
      <trkpt lat="46.44891556352377" lon="23.46930650062859">
        <ele>409.79999999999995</ele>
        <time>2025-05-09T11:45:38</time>
      </trkpt>
      <trkpt lat="46.449015475809574" lon="23.46931044012308">
        <ele>409.79999999999995</ele>
        <time>2025-05-09T11:45:40</time>
      </trkpt>
      <trkpt lat="46.44939945079386" lon="23.46930499188602">
        <ele>409.79999999999995</ele>
        <time>2025-05-09T11:45:48</time>
      </trkpt>
      <trkpt lat="46.44974377937615" lon="23.46928797662258">
        <ele>409.6</ele>
        <time>2025-05-09T11:45:55</time>
      </trkpt>
      <trkpt lat="46.45001317374408" lon="23.469252437353134">
        <ele>409.6</ele>
        <time>2025-05-09T11:46:01</time>
      </trkpt>
      <trkpt lat="46.45045624114573" lon="23.469193261116743">
        <ele>409.4</ele>
        <time>2025-05-09T11:46:11</time>
      </trkpt>
      <trkpt lat="46.45086754113436" lon="23.46914137713611">
        <ele>409.4</ele>
        <time>2025-05-09T11:46:20</time>
      </trkpt>
      <trkpt lat="46.451200721785426" lon="23.46901179291308">
        <ele>409.4</ele>
        <time>2025-05-09T11:46:27</time>
      </trkpt>
      <trkpt lat="46.45151227712631" lon="23.46879629418254">
        <ele>409.6</ele>
        <time>2025-05-09T11:46:34</time>
      </trkpt>
      <trkpt lat="46.45184872671962" lon="23.4685583319515">
        <ele>409.4</ele>
        <time>2025-05-09T11:46:42</time>
      </trkpt>
      <trkpt lat="46.45214879885316" lon="23.468364207074046">
        <ele>409.4</ele>
        <time>2025-05-09T11:46:49</time>
      </trkpt>
      <trkpt lat="46.45249782130122" lon="23.46813085488975">
        <ele>409.20000000000005</ele>
        <time>2025-05-09T11:46:57</time>
      </trkpt>
      <trkpt lat="46.45279831252992" lon="23.467937149107456">
        <ele>409.20000000000005</ele>
        <time>2025-05-09T11:47:04</time>
      </trkpt>
      <trkpt lat="46.45307097584009" lon="23.467749981209636">
        <ele>409.20000000000005</ele>
        <time>2025-05-09T11:47:10</time>
      </trkpt>
      <trkpt lat="46.453347662463784" lon="23.467608243227005">
        <ele>409.0</ele>
        <time>2025-05-09T11:47:16</time>
      </trkpt>
      <trkpt lat="46.45359526388347" lon="23.467580415308475">
        <ele>409.0</ele>
        <time>2025-05-09T11:47:21</time>
      </trkpt>
      <trkpt lat="46.453650584444404" lon="23.467589048668742">
        <ele>409.0</ele>
        <time>2025-05-09T11:47:22</time>
      </trkpt>
      <trkpt lat="46.45405392162502" lon="23.467659205198288">
        <ele>409.20000000000005</ele>
        <time>2025-05-09T11:47:29</time>
      </trkpt>
      <trkpt lat="46.45435449667275" lon="23.467701952904463">
        <ele>409.20000000000005</ele>
        <time>2025-05-09T11:47:35</time>
      </trkpt>
      <trkpt lat="46.454483326524496" lon="23.467719051986933">
        <ele>409.20000000000005</ele>
        <time>2025-05-09T11:47:39</time>
      </trkpt>
      <trkpt lat="46.45461685024202" lon="23.467761212959886">
        <ele>409.0</ele>
        <time>2025-05-09T11:47:44</time>
      </trkpt>
      <trkpt lat="46.454769652336836" lon="23.46783866174519">
        <ele>409.0</ele>
        <time>2025-05-09T11:47:48</time>
      </trkpt>
      <trkpt lat="46.45480812527239" lon="23.46786640584469">
        <ele>409.0</ele>
        <time>2025-05-09T11:47:49</time>
      </trkpt>
      <trkpt lat="46.45489336922765" lon="23.46791141666472">
        <ele>409.0</ele>
        <time>2025-05-09T11:47:52</time>
      </trkpt>
      <trkpt lat="46.45490041002631" lon="23.467899346724153">
        <ele>409.0</ele>
        <time>2025-05-09T11:47:53</time>
      </trkpt>
      <trkpt lat="46.45486252382398" lon="23.46784939058125">
        <ele>409.0</ele>
        <time>2025-05-09T11:47:56</time>
      </trkpt>
      <trkpt lat="46.45484265871346" lon="23.467832375317812">
        <ele>409.0</ele>
        <time>2025-05-09T11:47:57</time>
      </trkpt>
      <trkpt lat="46.45469471812248" lon="23.467734809964895">
        <ele>409.0</ele>
        <time>2025-05-09T11:48:02</time>
      </trkpt>
      <trkpt lat="46.454605450853705" lon="23.467687787488103">
        <ele>409.0</ele>
        <time>2025-05-09T11:48:06</time>
      </trkpt>
      <trkpt lat="46.45457779057324" lon="23.467688458040357">
        <ele>409.0</ele>
        <time>2025-05-09T11:48:08</time>
      </trkpt>
      <trkpt lat="46.454539904370904" lon="23.46769943833351">
        <ele>409.0</ele>
        <time>2025-05-09T11:48:10</time>
      </trkpt>
      <trkpt lat="46.45450989715755" lon="23.467660630121827">
        <ele>409.0</ele>
        <time>2025-05-09T11:48:13</time>
      </trkpt>
      <trkpt lat="46.45452892407775" lon="23.467640848830342">
        <ele>409.0</ele>
        <time>2025-05-09T11:48:17</time>
      </trkpt>
      <trkpt lat="46.45450344309211" lon="23.467611763626337">
        <ele>409.0</ele>
        <time>2025-05-09T11:48:25</time>
      </trkpt>
      <trkpt lat="46.454500509426" lon="23.467602962628007">
        <ele>409.20000000000005</ele>
        <time>2025-05-09T11:48:37</time>
      </trkpt>
      <trkpt lat="46.454500341787934" lon="23.467603465542197">
        <ele>409.20000000000005</ele>
        <time>2025-05-09T11:48:56</time>
      </trkpt>
      <trkpt lat="46.45450101234019" lon="23.467604303732514">
        <ele>408.6</ele>
        <time>2025-05-09T11:49:32</time>
      </trkpt>
      <trkpt lat="46.45450252108276" lon="23.467605812475085">
        <ele>408.79999999999995</ele>
        <time>2025-05-09T11:50:15</time>
      </trkpt>
      <trkpt lat="46.454502772539854" lon="23.46760455518961">
        <ele>409.0</ele>
        <time>2025-05-09T11:50:35</time>
      </trkpt>
      <trkpt lat="46.45450361073017" lon="23.467604219913483">
        <ele>408.4</ele>
        <time>2025-05-09T11:50:58</time>
      </trkpt>
      <trkpt lat="46.4545036945492" lon="23.46760304644704">
        <ele>408.4</ele>
        <time>2025-05-09T11:51:26</time>
      </trkpt>
      <trkpt lat="46.45450319163501" lon="23.467602962628007">
        <ele>408.4</ele>
        <time>2025-05-09T11:51:50</time>
      </trkpt>
      <trkpt lat="46.454503778368235" lon="23.467603968456388">
        <ele>408.4</ele>
        <time>2025-05-09T11:52:22</time>
      </trkpt>
      <trkpt lat="46.45450419746339" lon="23.467602878808975">
        <ele>408.4</ele>
        <time>2025-05-09T11:52:50</time>
      </trkpt>
      <trkpt lat="46.454504281282425" lon="23.467601956799626">
        <ele>408.4</ele>
        <time>2025-05-09T11:53:12</time>
      </trkpt>
      <trkpt lat="46.454505287110806" lon="23.467600028961897">
        <ele>408.20000000000005</ele>
        <time>2025-05-09T11:53:36</time>
      </trkpt>
      <trkpt lat="46.45450763404369" lon="23.46759625710547">
        <ele>408.0</ele>
        <time>2025-05-09T11:53:57</time>
      </trkpt>
      <trkpt lat="46.45450830459595" lon="23.46759374253452">
        <ele>408.0</ele>
        <time>2025-05-09T11:54:15</time>
      </trkpt>
      <trkpt lat="46.45450662821531" lon="23.467593658715487">
        <ele>408.4</ele>
        <time>2025-05-09T11:54:34</time>
      </trkpt>
      <trkpt lat="46.45450847223401" lon="23.467591730877757">
        <ele>408.6</ele>
        <time>2025-05-09T11:54:45</time>
      </trkpt>
      <trkpt lat="46.45450889132917" lon="23.46759181469679">
        <ele>408.6</ele>
        <time>2025-05-09T11:54:54</time>
      </trkpt>
      <trkpt lat="46.45451023243368" lon="23.467591144144535">
        <ele>408.4</ele>
        <time>2025-05-09T11:55:07</time>
      </trkpt>
      <trkpt lat="46.454523308202624" lon="23.467574045062065">
        <ele>408.20000000000005</ele>
        <time>2025-05-09T11:55:22</time>
      </trkpt>
      <trkpt lat="46.4545245654881" lon="23.46757370978594">
        <ele>408.4</ele>
        <time>2025-05-09T11:55:37</time>
      </trkpt>
      <trkpt lat="46.45453722216189" lon="23.467548480257392">
        <ele>408.6</ele>
        <time>2025-05-09T11:55:47</time>
      </trkpt>
      <trkpt lat="46.45455197431147" lon="23.46749173477292">
        <ele>408.4</ele>
        <time>2025-05-09T11:56:08</time>
      </trkpt>
      <trkpt lat="46.4545488730073" lon="23.467492321506143">
        <ele>408.20000000000005</ele>
        <time>2025-05-09T11:56:18</time>
      </trkpt>
      <trkpt lat="46.45455197431147" lon="23.467487208545208">
        <ele>408.20000000000005</ele>
        <time>2025-05-09T11:56:28</time>
      </trkpt>
      <trkpt lat="46.45455080084503" lon="23.467489555478096">
        <ele>408.20000000000005</ele>
        <time>2025-05-09T11:56:37</time>
      </trkpt>
      <trkpt lat="46.45454660989344" lon="23.467491483315825">
        <ele>408.4</ele>
        <time>2025-05-09T11:56:46</time>
      </trkpt>
      <trkpt lat="46.45453814417124" lon="23.46749315969646">
        <ele>408.20000000000005</ele>
        <time>2025-05-09T11:56:59</time>
      </trkpt>
      <trkpt lat="46.45453982055187" lon="23.467492405325174">
        <ele>408.20000000000005</ele>
        <time>2025-05-09T11:57:08</time>
      </trkpt>
      <trkpt lat="46.45454007200897" lon="23.46748787909746">
        <ele>408.4</ele>
        <time>2025-05-09T11:57:19</time>
      </trkpt>
      <trkpt lat="46.45453772507608" lon="23.46747849136591">
        <ele>408.20000000000005</ele>
        <time>2025-05-09T11:57:37</time>
      </trkpt>
      <trkpt lat="46.45454216748476" lon="23.467483017593622">
        <ele>408.0</ele>
        <time>2025-05-09T11:57:47</time>
      </trkpt>
      <trkpt lat="46.454545268788934" lon="23.467481676489115">
        <ele>407.79999999999995</ele>
        <time>2025-05-09T11:58:05</time>
      </trkpt>
      <trkpt lat="46.454545268788934" lon="23.467480083927512">
        <ele>407.79999999999995</ele>
        <time>2025-05-09T11:58:21</time>
      </trkpt>
      <trkpt lat="46.45454652607441" lon="23.467479161918163">
        <ele>407.79999999999995</ele>
        <time>2025-05-09T11:58:35</time>
      </trkpt>
      <trkpt lat="46.45455532707274" lon="23.46747061237693">
        <ele>407.6</ele>
        <time>2025-05-09T11:58:46</time>
      </trkpt>
      <trkpt lat="46.4545591827482" lon="23.46745644696057">
        <ele>408.0</ele>
        <time>2025-05-09T11:59:03</time>
      </trkpt>
      <trkpt lat="46.4545607753098" lon="23.467450998723507">
        <ele>408.0</ele>
        <time>2025-05-09T11:59:17</time>
      </trkpt>
      <trkpt lat="46.4545660559088" lon="23.4674427844584">
        <ele>407.79999999999995</ele>
        <time>2025-05-09T11:59:31</time>
      </trkpt>
      <trkpt lat="46.45456697791815" lon="23.46743348054588">
        <ele>407.79999999999995</ele>
        <time>2025-05-09T11:59:41</time>
      </trkpt>
      <trkpt lat="46.454569743946195" lon="23.46742778085172">
        <ele>407.79999999999995</ele>
        <time>2025-05-09T11:59:58</time>
      </trkpt>
      <trkpt lat="46.45457427017391" lon="23.467423506081104">
        <ele>407.79999999999995</ele>
        <time>2025-05-09T12:00:16</time>
      </trkpt>
      <trkpt lat="46.45458407700062" lon="23.46741017885506">
        <ele>407.79999999999995</ele>
        <time>2025-05-09T12:00:27</time>
      </trkpt>
      <trkpt lat="46.45459488965571" lon="23.467422667890787">
        <ele>408.0</ele>
        <time>2025-05-09T12:00:44</time>
      </trkpt>
      <trkpt lat="46.45459597930312" lon="23.46742233261466">
        <ele>408.0</ele>
        <time>2025-05-09T12:00:45</time>
      </trkpt>
      <trkpt lat="46.454618694260716" lon="23.467429038137197">
        <ele>408.20000000000005</ele>
        <time>2025-05-09T12:00:47</time>
      </trkpt>
      <trkpt lat="46.454689018428326" lon="23.46750095486641">
        <ele>408.20000000000005</ele>
        <time>2025-05-09T12:00:50</time>
      </trkpt>
      <trkpt lat="46.454718355089426" lon="23.467542864382267">
        <ele>408.20000000000005</ele>
        <time>2025-05-09T12:00:51</time>
      </trkpt>
      <trkpt lat="46.45484006032348" lon="23.467617882415652">
        <ele>408.20000000000005</ele>
        <time>2025-05-09T12:00:54</time>
      </trkpt>
      <trkpt lat="46.45487962290645" lon="23.46765493042767">
        <ele>408.20000000000005</ele>
        <time>2025-05-09T12:00:55</time>
      </trkpt>
      <trkpt lat="46.45495740696788" lon="23.467740174382925">
        <ele>408.20000000000005</ele>
        <time>2025-05-09T12:00:57</time>
      </trkpt>
      <trkpt lat="46.45511389710009" lon="23.467932622879744">
        <ele>407.79999999999995</ele>
        <time>2025-05-09T12:01:01</time>
      </trkpt>
      <trkpt lat="46.455396031960845" lon="23.468206375837326">
        <ele>407.79999999999995</ele>
        <time>2025-05-09T12:01:08</time>
      </trkpt>
      <trkpt lat="46.455432157963514" lon="23.4682422503829">
        <ele>407.79999999999995</ele>
        <time>2025-05-09T12:01:09</time>
      </trkpt>
      <trkpt lat="46.45567179657519" lon="23.468438973650336">
        <ele>407.79999999999995</ele>
        <time>2025-05-09T12:01:15</time>
      </trkpt>
      <trkpt lat="46.45586156286299" lon="23.46857065334916">
        <ele>408.0</ele>
        <time>2025-05-09T12:01:19</time>
      </trkpt>
      <trkpt lat="46.45596063695848" lon="23.46864919178188">
        <ele>408.0</ele>
        <time>2025-05-09T12:01:21</time>
      </trkpt>
      <trkpt lat="46.45627127029002" lon="23.46887793391943">
        <ele>408.0</ele>
        <time>2025-05-09T12:01:27</time>
      </trkpt>
      <trkpt lat="46.456680642440915" lon="23.46917012706399">
        <ele>407.6</ele>
        <time>2025-05-09T12:01:35</time>
      </trkpt>
      <trkpt lat="46.457052547484636" lon="23.469415213912725">
        <ele>407.4</ele>
        <time>2025-05-09T12:01:43</time>
      </trkpt>
      <trkpt lat="46.4573740772903" lon="23.469580756500363">
        <ele>407.4</ele>
        <time>2025-05-09T12:01:50</time>
      </trkpt>
      <trkpt lat="46.457656379789114" lon="23.469710424542427">
        <ele>407.6</ele>
        <time>2025-05-09T12:01:56</time>
      </trkpt>
      <trkpt lat="46.45796751603484" lon="23.469857526943088">
        <ele>407.79999999999995</ele>
        <time>2025-05-09T12:02:03</time>
      </trkpt>
      <trkpt lat="46.458319975063205" lon="23.470025584101677">
        <ele>407.79999999999995</ele>
        <time>2025-05-09T12:02:11</time>
      </trkpt>
      <trkpt lat="46.45865927450359" lon="23.47019095905125">
        <ele>408.20000000000005</ele>
        <time>2025-05-09T12:02:19</time>
      </trkpt>
      <trkpt lat="46.459023132920265" lon="23.470388017594814">
        <ele>408.20000000000005</ele>
        <time>2025-05-09T12:02:28</time>
      </trkpt>
      <trkpt lat="46.45935237407684" lon="23.470571916550398">
        <ele>408.6</ele>
        <time>2025-05-09T12:02:36</time>
      </trkpt>
      <trkpt lat="46.45946846343577" lon="23.47063595429063">
        <ele>409.0</ele>
        <time>2025-05-09T12:02:39</time>
      </trkpt>
      <trkpt lat="46.45961422473192" lon="23.470724383369088">
        <ele>409.4</ele>
        <time>2025-05-09T12:02:43</time>
      </trkpt>
      <trkpt lat="46.459772139787674" lon="23.47082421183586">
        <ele>410.20000000000005</ele>
        <time>2025-05-09T12:02:47</time>
      </trkpt>
      <trkpt lat="46.45994572900236" lon="23.47092873416841">
        <ele>410.4</ele>
        <time>2025-05-09T12:02:51</time>
      </trkpt>
      <trkpt lat="46.46030028350651" lon="23.47107181325555">
        <ele>410.4</ele>
        <time>2025-05-09T12:02:58</time>
      </trkpt>
      <trkpt lat="46.460663639009" lon="23.47118580713868">
        <ele>410.0</ele>
        <time>2025-05-09T12:03:05</time>
      </trkpt>
      <trkpt lat="46.46097309887409" lon="23.4713005553931">
        <ele>409.79999999999995</ele>
        <time>2025-05-09T12:03:12</time>
      </trkpt>
      <trkpt lat="46.46101559512317" lon="23.471324695274234">
        <ele>409.79999999999995</ele>
        <time>2025-05-09T12:03:13</time>
      </trkpt>
      <trkpt lat="46.461318265646696" lon="23.471560897305608">
        <ele>410.20000000000005</ele>
        <time>2025-05-09T12:03:20</time>
      </trkpt>
      <trkpt lat="46.46158422343433" lon="23.47183079458773">
        <ele>410.4</ele>
        <time>2025-05-09T12:03:26</time>
      </trkpt>
      <trkpt lat="46.46199602633715" lon="23.472224408760667">
        <ele>410.0</ele>
        <time>2025-05-09T12:03:35</time>
      </trkpt>
      <trkpt lat="46.46232602186501" lon="23.472407972440124">
        <ele>409.6</ele>
        <time>2025-05-09T12:03:41</time>
      </trkpt>
      <trkpt lat="46.46251888945699" lon="23.472470082342625">
        <ele>409.20000000000005</ele>
        <time>2025-05-09T12:03:44</time>
      </trkpt>
      <trkpt lat="46.462850561365485" lon="23.472549123689532">
        <ele>408.0</ele>
        <time>2025-05-09T12:03:49</time>
      </trkpt>
      <trkpt lat="46.46310302428901" lon="23.47259782254696">
        <ele>407.0</ele>
        <time>2025-05-09T12:03:53</time>
      </trkpt>
      <trkpt lat="46.46334123797715" lon="23.47264191135764">
        <ele>406.20000000000005</ele>
        <time>2025-05-09T12:03:57</time>
      </trkpt>
      <trkpt lat="46.46361440420151" lon="23.47270008176565">
        <ele>405.79999999999995</ele>
        <time>2025-05-09T12:04:02</time>
      </trkpt>
      <trkpt lat="46.463829819113016" lon="23.472743751481175">
        <ele>405.79999999999995</ele>
        <time>2025-05-09T12:04:06</time>
      </trkpt>
      <trkpt lat="46.46426450461149" lon="23.472835449501872">
        <ele>405.79999999999995</ele>
        <time>2025-05-09T12:04:14</time>
      </trkpt>
      <trkpt lat="46.464771777391434" lon="23.472986156120896">
        <ele>405.79999999999995</ele>
        <time>2025-05-09T12:04:24</time>
      </trkpt>
      <trkpt lat="46.46508760750294" lon="23.473183382302523">
        <ele>405.79999999999995</ele>
        <time>2025-05-09T12:04:31</time>
      </trkpt>
      <trkpt lat="46.465373765677214" lon="23.473475072532892">
        <ele>405.79999999999995</ele>
        <time>2025-05-09T12:04:39</time>
      </trkpt>
      <trkpt lat="46.46543872542679" lon="23.473553275689483">
        <ele>405.79999999999995</ele>
        <time>2025-05-09T12:04:41</time>
      </trkpt>
      <trkpt lat="46.465569818392396" lon="23.473740108311176">
        <ele>405.79999999999995</ele>
        <time>2025-05-09T12:04:45</time>
      </trkpt>
      <trkpt lat="46.465914733707905" lon="23.474188959226012">
        <ele>406.20000000000005</ele>
        <time>2025-05-09T12:04:55</time>
      </trkpt>
      <trkpt lat="46.466231821104884" lon="23.474451899528503">
        <ele>406.4</ele>
        <time>2025-05-09T12:05:02</time>
      </trkpt>
      <trkpt lat="46.46673574112356" lon="23.474777452647686">
        <ele>405.20000000000005</ele>
        <time>2025-05-09T12:05:12</time>
      </trkpt>
      <trkpt lat="46.46717076189816" lon="23.47508263774216">
        <ele>405.20000000000005</ele>
        <time>2025-05-09T12:05:21</time>
      </trkpt>
      <trkpt lat="46.4676056150347" lon="23.475413052365184">
        <ele>405.20000000000005</ele>
        <time>2025-05-09T12:05:30</time>
      </trkpt>
      <trkpt lat="46.46807223558426" lon="23.47581990994513">
        <ele>405.20000000000005</ele>
        <time>2025-05-09T12:05:40</time>
      </trkpt>
      <trkpt lat="46.46832243539393" lon="23.476143702864647">
        <ele>405.20000000000005</ele>
        <time>2025-05-09T12:05:47</time>
      </trkpt>
      <trkpt lat="46.468484457582235" lon="23.47654947079718">
        <ele>405.4</ele>
        <time>2025-05-09T12:05:54</time>
      </trkpt>
      <trkpt lat="46.46856274455786" lon="23.476961189880967">
        <ele>406.4</ele>
        <time>2025-05-09T12:06:01</time>
      </trkpt>
      <trkpt lat="46.46860473789275" lon="23.477441808208823">
        <ele>407.0</ele>
        <time>2025-05-09T12:06:09</time>
      </trkpt>
      <trkpt lat="46.46862200461328" lon="23.477675328031182">
        <ele>407.20000000000005</ele>
        <time>2025-05-09T12:06:13</time>
      </trkpt>
      <trkpt lat="46.468633487820625" lon="23.477883702144027">
        <ele>407.20000000000005</ele>
        <time>2025-05-09T12:06:17</time>
      </trkpt>
      <trkpt lat="46.468648072332144" lon="23.478341102600098">
        <ele>407.4</ele>
        <time>2025-05-09T12:06:25</time>
      </trkpt>
      <trkpt lat="46.468654442578554" lon="23.47876933403313">
        <ele>407.4</ele>
        <time>2025-05-09T12:06:31</time>
      </trkpt>
      <trkpt lat="46.468656873330474" lon="23.479327652603388">
        <ele>406.6</ele>
        <time>2025-05-09T12:06:38</time>
      </trkpt>
      <trkpt lat="46.46866005845368" lon="23.479580283164978">
        <ele>406.20000000000005</ele>
        <time>2025-05-09T12:06:41</time>
      </trkpt>
      <trkpt lat="46.468663327395916" lon="23.47966435365379">
        <ele>406.0</ele>
        <time>2025-05-09T12:06:42</time>
      </trkpt>
      <trkpt lat="46.46867196075618" lon="23.479836769402027">
        <ele>405.6</ele>
        <time>2025-05-09T12:06:44</time>
      </trkpt>
      <trkpt lat="46.46868780255318" lon="23.48026441410184">
        <ele>405.20000000000005</ele>
        <time>2025-05-09T12:06:49</time>
      </trkpt>
      <trkpt lat="46.46867564879358" lon="23.480436578392982">
        <ele>405.0</ele>
        <time>2025-05-09T12:06:51</time>
      </trkpt>
      <trkpt lat="46.46864287555218" lon="23.48068518564105">
        <ele>405.0</ele>
        <time>2025-05-09T12:06:54</time>
      </trkpt>
      <trkpt lat="46.46864413283765" lon="23.480922896414995">
        <ele>404.79999999999995</ele>
        <time>2025-05-09T12:06:57</time>
      </trkpt>
      <trkpt lat="46.468658382073045" lon="23.481004955247045">
        <ele>404.79999999999995</ele>
        <time>2025-05-09T12:06:58</time>
      </trkpt>
      <trkpt lat="46.4686762355268" lon="23.481087600812316">
        <ele>404.79999999999995</ele>
        <time>2025-05-09T12:06:59</time>
      </trkpt>
      <trkpt lat="46.468699956312776" lon="23.481170246377587">
        <ele>404.79999999999995</ele>
        <time>2025-05-09T12:07:00</time>
      </trkpt>
      <trkpt lat="46.46880749613047" lon="23.481509881094098">
        <ele>404.79999999999995</ele>
        <time>2025-05-09T12:07:04</time>
      </trkpt>
      <trkpt lat="46.46892643533647" lon="23.482129722833633">
        <ele>404.20000000000005</ele>
        <time>2025-05-09T12:07:11</time>
      </trkpt>
      <trkpt lat="46.468937918543816" lon="23.4823006298393">
        <ele>404.0</ele>
        <time>2025-05-09T12:07:13</time>
      </trkpt>
      <trkpt lat="46.46893582306802" lon="23.48262693732977">
        <ele>404.0</ele>
        <time>2025-05-09T12:07:17</time>
      </trkpt>
      <trkpt lat="46.46894303150475" lon="23.483153823763132">
        <ele>404.20000000000005</ele>
        <time>2025-05-09T12:07:24</time>
      </trkpt>
      <trkpt lat="46.46903104148805" lon="23.483584318310022">
        <ele>404.4</ele>
        <time>2025-05-09T12:07:30</time>
      </trkpt>
      <trkpt lat="46.46927956491709" lon="23.484367355704308">
        <ele>404.4</ele>
        <time>2025-05-09T12:07:41</time>
      </trkpt>
      <trkpt lat="46.469303118065" lon="23.484439691528678">
        <ele>404.4</ele>
        <time>2025-05-09T12:07:42</time>
      </trkpt>
      <trkpt lat="46.46956128068268" lon="23.48515751771629">
        <ele>404.20000000000005</ele>
        <time>2025-05-09T12:07:52</time>
      </trkpt>
      <trkpt lat="46.469590198248625" lon="23.485226165503263">
        <ele>404.20000000000005</ele>
        <time>2025-05-09T12:07:53</time>
      </trkpt>
      <trkpt lat="46.46986009553075" lon="23.48580753430724">
        <ele>403.79999999999995</ele>
        <time>2025-05-09T12:08:02</time>
      </trkpt>
      <trkpt lat="46.4699487760663" lon="23.485991433262825">
        <ele>403.6</ele>
        <time>2025-05-09T12:08:05</time>
      </trkpt>
      <trkpt lat="46.47015689872205" lon="23.48642025142908">
        <ele>403.6</ele>
        <time>2025-05-09T12:08:12</time>
      </trkpt>
      <trkpt lat="46.47043593227863" lon="23.48700019530952">
        <ele>403.4</ele>
        <time>2025-05-09T12:08:21</time>
      </trkpt>
      <trkpt lat="46.47072938270867" lon="23.487657504156232">
        <ele>403.6</ele>
        <time>2025-05-09T12:08:31</time>
      </trkpt>
      <trkpt lat="46.47075427696109" lon="23.48771559074521">
        <ele>403.6</ele>
        <time>2025-05-09T12:08:32</time>
      </trkpt>
      <trkpt lat="46.47099911235273" lon="23.488326631486416">
        <ele>403.6</ele>
        <time>2025-05-09T12:08:42</time>
      </trkpt>
      <trkpt lat="46.47129516117275" lon="23.488931469619274">
        <ele>403.6</ele>
        <time>2025-05-09T12:08:52</time>
      </trkpt>
      <trkpt lat="46.47160696797073" lon="23.489373866468668">
        <ele>403.6</ele>
        <time>2025-05-09T12:09:00</time>
      </trkpt>
      <trkpt lat="46.47203461267054" lon="23.489854400977492">
        <ele>403.0</ele>
        <time>2025-05-09T12:09:10</time>
      </trkpt>
      <trkpt lat="46.47232923656702" lon="23.490180876106024">
        <ele>402.6</ele>
        <time>2025-05-09T12:09:17</time>
      </trkpt>
      <trkpt lat="46.47241422906518" lon="23.49027550779283">
        <ele>402.6</ele>
        <time>2025-05-09T12:09:19</time>
      </trkpt>
      <trkpt lat="46.4728363417089" lon="23.490725113078952">
        <ele>402.4</ele>
        <time>2025-05-09T12:09:29</time>
      </trkpt>
      <trkpt lat="46.47316264919937" lon="23.49097522906959">
        <ele>402.4</ele>
        <time>2025-05-09T12:09:36</time>
      </trkpt>
      <trkpt lat="46.47352055646479" lon="23.49119206890464">
        <ele>402.6</ele>
        <time>2025-05-09T12:09:43</time>
      </trkpt>
      <trkpt lat="46.474006958305836" lon="23.491482082754374">
        <ele>402.6</ele>
        <time>2025-05-09T12:09:52</time>
      </trkpt>
      <trkpt lat="46.47448514588177" lon="23.49182842299342">
        <ele>402.4</ele>
        <time>2025-05-09T12:10:01</time>
      </trkpt>
      <trkpt lat="46.47479292936623" lon="23.492166800424457">
        <ele>402.0</ele>
        <time>2025-05-09T12:10:08</time>
      </trkpt>
      <trkpt lat="46.47510448470712" lon="23.492625458166003">
        <ele>401.79999999999995</ele>
        <time>2025-05-09T12:10:16</time>
      </trkpt>
      <trkpt lat="46.475201630964875" lon="23.492908012121916">
        <ele>401.79999999999995</ele>
        <time>2025-05-09T12:10:20</time>
      </trkpt>
      <trkpt lat="46.47523406893015" lon="23.493062742054462">
        <ele>401.79999999999995</ele>
        <time>2025-05-09T12:10:22</time>
      </trkpt>
      <trkpt lat="46.47532400675118" lon="23.493545288220048">
        <ele>401.79999999999995</ele>
        <time>2025-05-09T12:10:29</time>
      </trkpt>
      <trkpt lat="46.47533909417689" lon="23.493614187464118">
        <ele>401.79999999999995</ele>
        <time>2025-05-09T12:10:30</time>
      </trkpt>
      <trkpt lat="46.47543213330209" lon="23.493969328701496">
        <ele>402.0</ele>
        <time>2025-05-09T12:10:35</time>
      </trkpt>
      <trkpt lat="46.47562215104699" lon="23.4944561496377">
        <ele>402.0</ele>
        <time>2025-05-09T12:10:42</time>
      </trkpt>
      <trkpt lat="46.47581418044865" lon="23.49495118483901">
        <ele>401.79999999999995</ele>
        <time>2025-05-09T12:10:49</time>
      </trkpt>
      <trkpt lat="46.47588827647269" lon="23.49516718648374">
        <ele>401.6</ele>
        <time>2025-05-09T12:10:52</time>
      </trkpt>
      <trkpt lat="46.475975615903735" lon="23.495456529781222">
        <ele>401.4</ele>
        <time>2025-05-09T12:10:56</time>
      </trkpt>
      <trkpt lat="46.47615993395448" lon="23.496122807264328">
        <ele>401.4</ele>
        <time>2025-05-09T12:11:05</time>
      </trkpt>
      <trkpt lat="46.476282980293036" lon="23.496724292635918">
        <ele>401.4</ele>
        <time>2025-05-09T12:11:13</time>
      </trkpt>
      <trkpt lat="46.47632924839854" lon="23.497258303686976">
        <ele>401.4</ele>
        <time>2025-05-09T12:11:20</time>
      </trkpt>
      <trkpt lat="46.476331846788526" lon="23.497663401067257">
        <ele>401.20000000000005</ele>
        <time>2025-05-09T12:11:25</time>
      </trkpt>
      <trkpt lat="46.476322039961815" lon="23.49805885925889">
        <ele>401.20000000000005</ele>
        <time>2025-05-09T12:11:30</time>
      </trkpt>
      <trkpt lat="46.47627719677985" lon="23.498608879745007">
        <ele>401.20000000000005</ele>
        <time>2025-05-09T12:11:37</time>
      </trkpt>
      <trkpt lat="46.47618843242526" lon="23.499192595481873">
        <ele>401.20000000000005</ele>
        <time>2025-05-09T12:11:44</time>
      </trkpt>
      <trkpt lat="46.47603303194046" lon="23.499998515471816">
        <ele>401.0</ele>
        <time>2025-05-09T12:11:54</time>
      </trkpt>
      <trkpt lat="46.47591803222895" lon="23.500616094097495">
        <ele>400.6</ele>
        <time>2025-05-09T12:12:02</time>
      </trkpt>
      <trkpt lat="46.47582650184631" lon="23.501065531745553">
        <ele>400.6</ele>
        <time>2025-05-09T12:12:08</time>
      </trkpt>
      <trkpt lat="46.47581845521927" lon="23.501575738191605">
        <ele>400.6</ele>
        <time>2025-05-09T12:12:15</time>
      </trkpt>
      <trkpt lat="46.47591560147703" lon="23.502274956554174">
        <ele>400.6</ele>
        <time>2025-05-09T12:12:24</time>
      </trkpt>
      <trkpt lat="46.476028924807906" lon="23.50287719629705">
        <ele>400.4</ele>
        <time>2025-05-09T12:12:32</time>
      </trkpt>
      <trkpt lat="46.4761465229094" lon="23.50358186289668">
        <ele>400.4</ele>
        <time>2025-05-09T12:12:42</time>
      </trkpt>
      <trkpt lat="46.47624861449003" lon="23.50407538935542">
        <ele>400.4</ele>
        <time>2025-05-09T12:12:49</time>
      </trkpt>
      <trkpt lat="46.47637375630438" lon="23.504482498392463">
        <ele>400.4</ele>
        <time>2025-05-09T12:12:55</time>
      </trkpt>
      <trkpt lat="46.476547177881" lon="23.504928331822157">
        <ele>400.6</ele>
        <time>2025-05-09T12:13:02</time>
      </trkpt>
      <trkpt lat="46.47678941488266" lon="23.505506180226803">
        <ele>400.6</ele>
        <time>2025-05-09T12:13:11</time>
      </trkpt>
      <trkpt lat="46.477036429569125" lon="23.506053769961">
        <ele>400.6</ele>
        <time>2025-05-09T12:13:20</time>
      </trkpt>
      <trkpt lat="46.47727648727596" lon="23.506458615884185">
        <ele>400.79999999999995</ele>
        <time>2025-05-09T12:13:28</time>
      </trkpt>
      <trkpt lat="46.47750539705157" lon="23.50679657422006">
        <ele>400.79999999999995</ele>
        <time>2025-05-09T12:13:36</time>
      </trkpt>
      <trkpt lat="46.47770161740482" lon="23.507013749331236">
        <ele>401.0</ele>
        <time>2025-05-09T12:13:42</time>
      </trkpt>
      <trkpt lat="46.47794167511165" lon="23.50725238211453">
        <ele>401.0</ele>
        <time>2025-05-09T12:13:48</time>
      </trkpt>
      <trkpt lat="46.47824116051197" lon="23.507523788139224">
        <ele>401.0</ele>
        <time>2025-05-09T12:13:55</time>
      </trkpt>
      <trkpt lat="46.4786144066602" lon="23.507727719843388">
        <ele>400.4</ele>
        <time>2025-05-09T12:14:02</time>
      </trkpt>
      <trkpt lat="46.4790668617934" lon="23.50780894048512">
        <ele>399.4</ele>
        <time>2025-05-09T12:14:10</time>
      </trkpt>
      <trkpt lat="46.479488303884864" lon="23.50775429047644">
        <ele>399.0</ele>
        <time>2025-05-09T12:14:17</time>
      </trkpt>
      <trkpt lat="46.479844618588686" lon="23.50770332850516">
        <ele>398.6</ele>
        <time>2025-05-09T12:14:23</time>
      </trkpt>
      <trkpt lat="46.48007939569652" lon="23.50774884223938">
        <ele>398.4</ele>
        <time>2025-05-09T12:14:27</time>
      </trkpt>
      <trkpt lat="46.480135302990675" lon="23.507772395387292">
        <ele>398.20000000000005</ele>
        <time>2025-05-09T12:14:28</time>
      </trkpt>
      <trkpt lat="46.480444176122546" lon="23.508000802248716">
        <ele>398.0</ele>
        <time>2025-05-09T12:14:34</time>
      </trkpt>
      <trkpt lat="46.4808782748878" lon="23.5084056481719">
        <ele>398.0</ele>
        <time>2025-05-09T12:14:43</time>
      </trkpt>
      <trkpt lat="46.481117494404316" lon="23.508765567094088">
        <ele>398.0</ele>
        <time>2025-05-09T12:14:49</time>
      </trkpt>
      <trkpt lat="46.481360318139195" lon="23.50913847796619">
        <ele>398.0</ele>
        <time>2025-05-09T12:14:56</time>
      </trkpt>
      <trkpt lat="46.48162577301264" lon="23.509438214823604">
        <ele>398.20000000000005</ele>
        <time>2025-05-09T12:15:03</time>
      </trkpt>
      <trkpt lat="46.481920229271054" lon="23.509753793478012">
        <ele>398.20000000000005</ele>
        <time>2025-05-09T12:15:10</time>
      </trkpt>
      <trkpt lat="46.48214821703732" lon="23.510097367689013">
        <ele>398.20000000000005</ele>
        <time>2025-05-09T12:15:16</time>
      </trkpt>
      <trkpt lat="46.48222784511745" lon="23.51029417477548">
        <ele>398.20000000000005</ele>
        <time>2025-05-09T12:15:19</time>
      </trkpt>
      <trkpt lat="46.48228936828673" lon="23.510504560545087">
        <ele>398.20000000000005</ele>
        <time>2025-05-09T12:15:22</time>
      </trkpt>
      <trkpt lat="46.48232809267938" lon="23.510640431195498">
        <ele>398.20000000000005</ele>
        <time>2025-05-09T12:15:24</time>
      </trkpt>
      <trkpt lat="46.482392298057675" lon="23.510849559679627">
        <ele>398.20000000000005</ele>
        <time>2025-05-09T12:15:27</time>
      </trkpt>
      <trkpt lat="46.482591200619936" lon="23.511330764740705">
        <ele>398.20000000000005</ele>
        <time>2025-05-09T12:15:34</time>
      </trkpt>
      <trkpt lat="46.48282991722226" lon="23.511751871556044">
        <ele>398.20000000000005</ele>
        <time>2025-05-09T12:15:40</time>
      </trkpt>
      <trkpt lat="46.483169132843614" lon="23.512345561757684">
        <ele>398.0</ele>
        <time>2025-05-09T12:15:48</time>
      </trkpt>
      <trkpt lat="46.48344003595412" lon="23.51277924142778">
        <ele>397.20000000000005</ele>
        <time>2025-05-09T12:15:55</time>
      </trkpt>
      <trkpt lat="46.483481861650944" lon="23.51283540017903">
        <ele>397.0</ele>
        <time>2025-05-09T12:15:56</time>
      </trkpt>
      <trkpt lat="46.48375058546662" lon="23.51313748396933">
        <ele>396.79999999999995</ele>
        <time>2025-05-09T12:16:02</time>
      </trkpt>
      <trkpt lat="46.483982261270285" lon="23.51342079229653">
        <ele>396.79999999999995</ele>
        <time>2025-05-09T12:16:07</time>
      </trkpt>
      <trkpt lat="46.48402073420584" lon="23.51349455304444">
        <ele>396.79999999999995</ele>
        <time>2025-05-09T12:16:08</time>
      </trkpt>
      <trkpt lat="46.484103882685304" lon="23.51373888552189">
        <ele>396.6</ele>
        <time>2025-05-09T12:16:11</time>
      </trkpt>
      <trkpt lat="46.48412668146193" lon="23.51382060907781">
        <ele>396.6</ele>
        <time>2025-05-09T12:16:12</time>
      </trkpt>
      <trkpt lat="46.48428493179381" lon="23.514356212690473">
        <ele>396.0</ele>
        <time>2025-05-09T12:16:19</time>
      </trkpt>
      <trkpt lat="46.48431234061718" lon="23.514431649819016">
        <ele>396.0</ele>
        <time>2025-05-09T12:16:20</time>
      </trkpt>
      <trkpt lat="46.48447067476809" lon="23.514861138537526">
        <ele>396.0</ele>
        <time>2025-05-09T12:16:26</time>
      </trkpt>
      <trkpt lat="46.48454552516341" lon="23.51518484763801">
        <ele>396.0</ele>
        <time>2025-05-09T12:16:31</time>
      </trkpt>
      <trkpt lat="46.4845563378185" lon="23.5153166949749">
        <ele>396.0</ele>
        <time>2025-05-09T12:16:33</time>
      </trkpt>
      <trkpt lat="46.48456756956875" lon="23.515503527596593">
        <ele>396.4</ele>
        <time>2025-05-09T12:16:36</time>
      </trkpt>
      <trkpt lat="46.48458978161216" lon="23.515749368816614">
        <ele>397.0</ele>
        <time>2025-05-09T12:16:40</time>
      </trkpt>
      <trkpt lat="46.48460880853236" lon="23.515868643298745">
        <ele>397.20000000000005</ele>
        <time>2025-05-09T12:16:42</time>
      </trkpt>
      <trkpt lat="46.48462247103453" lon="23.515929076820612">
        <ele>397.6</ele>
        <time>2025-05-09T12:16:43</time>
      </trkpt>
      <trkpt lat="46.48469405248761" lon="23.516110545024276">
        <ele>398.20000000000005</ele>
        <time>2025-05-09T12:16:46</time>
      </trkpt>
      <trkpt lat="46.48472774773836" lon="23.5161748342216">
        <ele>398.20000000000005</ele>
        <time>2025-05-09T12:16:47</time>
      </trkpt>
      <trkpt lat="46.48498238995671" lon="23.51657356135547">
        <ele>398.4</ele>
        <time>2025-05-09T12:16:53</time>
      </trkpt>
      <trkpt lat="46.485226387158036" lon="23.51703473366797">
        <ele>397.79999999999995</ele>
        <time>2025-05-09T12:16:59</time>
      </trkpt>
      <trkpt lat="46.48527600802481" lon="23.51729365065694">
        <ele>397.20000000000005</ele>
        <time>2025-05-09T12:17:02</time>
      </trkpt>
      <trkpt lat="46.4852833840996" lon="23.517379565164447">
        <ele>396.79999999999995</ele>
        <time>2025-05-09T12:17:03</time>
      </trkpt>
      <trkpt lat="46.48528656922281" lon="23.517546951770782">
        <ele>396.6</ele>
        <time>2025-05-09T12:17:05</time>
      </trkpt>
      <trkpt lat="46.48528380319476" lon="23.51785121485591">
        <ele>396.4</ele>
        <time>2025-05-09T12:17:09</time>
      </trkpt>
      <trkpt lat="46.48526142351329" lon="23.518427051603794">
        <ele>396.4</ele>
        <time>2025-05-09T12:17:16</time>
      </trkpt>
      <trkpt lat="46.48524357005954" lon="23.518879506736994">
        <ele>396.4</ele>
        <time>2025-05-09T12:17:21</time>
      </trkpt>
      <trkpt lat="46.485243905335665" lon="23.519137585535645">
        <ele>396.0</ele>
        <time>2025-05-09T12:17:24</time>
      </trkpt>
      <trkpt lat="46.485271230340004" lon="23.519379822537303">
        <ele>395.6</ele>
        <time>2025-05-09T12:17:27</time>
      </trkpt>
      <trkpt lat="46.48528556339443" lon="23.519458444789052">
        <ele>395.4</ele>
        <time>2025-05-09T12:17:28</time>
      </trkpt>
      <trkpt lat="46.485421769320965" lon="23.519961945712566">
        <ele>395.20000000000005</ele>
        <time>2025-05-09T12:17:35</time>
      </trkpt>
      <trkpt lat="46.485566440969706" lon="23.520424962043762">
        <ele>395.20000000000005</ele>
        <time>2025-05-09T12:17:42</time>
      </trkpt>
      <trkpt lat="46.48570583201945" lon="23.520832154899836">
        <ele>395.4</ele>
        <time>2025-05-09T12:17:49</time>
      </trkpt>
      <trkpt lat="46.48579250089824" lon="23.521115547046065">
        <ele>395.4</ele>
        <time>2025-05-09T12:17:54</time>
      </trkpt>
      <trkpt lat="46.485814629122615" lon="23.521235156804323">
        <ele>395.79999999999995</ele>
        <time>2025-05-09T12:17:56</time>
      </trkpt>
      <trkpt lat="46.48588612675667" lon="23.521815184503794">
        <ele>396.6</ele>
        <time>2025-05-09T12:18:05</time>
      </trkpt>
      <trkpt lat="46.485908925533295" lon="23.521949127316475">
        <ele>396.6</ele>
        <time>2025-05-09T12:18:07</time>
      </trkpt>
      <trkpt lat="46.48598670959473" lon="23.522214582189918">
        <ele>396.79999999999995</ele>
        <time>2025-05-09T12:18:11</time>
      </trkpt>
      <trkpt lat="46.48621126078069" lon="23.52271020412445">
        <ele>397.0</ele>
        <time>2025-05-09T12:18:19</time>
      </trkpt>
      <trkpt lat="46.48637931793928" lon="23.523052940145135">
        <ele>396.79999999999995</ele>
        <time>2025-05-09T12:18:24</time>
      </trkpt>
      <trkpt lat="46.486590541899204" lon="23.523563565686345">
        <ele>396.79999999999995</ele>
        <time>2025-05-09T12:18:30</time>
      </trkpt>
      <trkpt lat="46.486735632643104" lon="23.524101432412863">
        <ele>395.79999999999995</ele>
        <time>2025-05-09T12:18:36</time>
      </trkpt>
      <trkpt lat="46.48679564706981" lon="23.52437485009432">
        <ele>395.20000000000005</ele>
        <time>2025-05-09T12:18:39</time>
      </trkpt>
      <trkpt lat="46.48693009279668" lon="23.524857647717">
        <ele>394.6</ele>
        <time>2025-05-09T12:18:45</time>
      </trkpt>
      <trkpt lat="46.487086499109864" lon="23.52508295327425">
        <ele>394.20000000000005</ele>
        <time>2025-05-09T12:18:49</time>
      </trkpt>
      <trkpt lat="46.48717652074993" lon="23.52516107261181">
        <ele>394.20000000000005</ele>
        <time>2025-05-09T12:18:51</time>
      </trkpt>
      <trkpt lat="46.48737064562738" lon="23.525290405377746">
        <ele>394.4</ele>
        <time>2025-05-09T12:18:55</time>
      </trkpt>
      <trkpt lat="46.48768723011017" lon="23.525464665144682">
        <ele>394.20000000000005</ele>
        <time>2025-05-09T12:19:01</time>
      </trkpt>
      <trkpt lat="46.487792171537876" lon="23.52551294490695">
        <ele>394.20000000000005</ele>
        <time>2025-05-09T12:19:03</time>
      </trkpt>
      <trkpt lat="46.48795075714588" lon="23.52560724131763">
        <ele>393.79999999999995</ele>
        <time>2025-05-09T12:19:06</time>
      </trkpt>
      <trkpt lat="46.48819735273719" lon="23.525831792503595">
        <ele>393.4</ele>
        <time>2025-05-09T12:19:11</time>
      </trkpt>
      <trkpt lat="46.48853304795921" lon="23.526224652305245">
        <ele>393.0</ele>
        <time>2025-05-09T12:19:18</time>
      </trkpt>
      <trkpt lat="46.488616364076734" lon="23.526361025869846">
        <ele>393.20000000000005</ele>
        <time>2025-05-09T12:19:20</time>
      </trkpt>
      <trkpt lat="46.48874712176621" lon="23.526656990870833">
        <ele>392.79999999999995</ele>
        <time>2025-05-09T12:19:24</time>
      </trkpt>
      <trkpt lat="46.488923644647" lon="23.527192007750273">
        <ele>392.79999999999995</ele>
        <time>2025-05-09T12:19:31</time>
      </trkpt>
      <trkpt lat="46.48915993049741" lon="23.52789214812219">
        <ele>392.79999999999995</ele>
        <time>2025-05-09T12:19:40</time>
      </trkpt>
      <trkpt lat="46.48940937593579" lon="23.52859765291214">
        <ele>392.79999999999995</ele>
        <time>2025-05-09T12:19:49</time>
      </trkpt>
      <trkpt lat="46.48943653330207" lon="23.528675185516477">
        <ele>392.79999999999995</ele>
        <time>2025-05-09T12:19:50</time>
      </trkpt>
      <trkpt lat="46.489613223820925" lon="23.529206095263362">
        <ele>392.79999999999995</ele>
        <time>2025-05-09T12:19:57</time>
      </trkpt>
      <trkpt lat="46.489737862721086" lon="23.52956911548972">
        <ele>392.79999999999995</ele>
        <time>2025-05-09T12:20:02</time>
      </trkpt>
      <trkpt lat="46.48980642668903" lon="23.529701381921768">
        <ele>392.79999999999995</ele>
        <time>2025-05-09T12:20:04</time>
      </trkpt>
      <trkpt lat="46.49013080634177" lon="23.53017546236515">
        <ele>393.0</ele>
        <time>2025-05-09T12:20:12</time>
      </trkpt>
      <trkpt lat="46.49040422402322" lon="23.530464470386505">
        <ele>393.0</ele>
        <time>2025-05-09T12:20:18</time>
      </trkpt>
      <trkpt lat="46.49072793312371" lon="23.530615428462625">
        <ele>392.6</ele>
        <time>2025-05-09T12:20:24</time>
      </trkpt>
      <trkpt lat="46.49115230888128" lon="23.530681980773807">
        <ele>391.79999999999995</ele>
        <time>2025-05-09T12:20:31</time>
      </trkpt>
      <trkpt lat="46.49148439988494" lon="23.53070067241788">
        <ele>391.20000000000005</ele>
        <time>2025-05-09T12:20:37</time>
      </trkpt>
      <trkpt lat="46.49158406071365" lon="23.530700504779816">
        <ele>391.20000000000005</ele>
        <time>2025-05-09T12:20:39</time>
      </trkpt>
      <trkpt lat="46.49173770099878" lon="23.53064795024693">
        <ele>391.0</ele>
        <time>2025-05-09T12:20:42</time>
      </trkpt>
      <trkpt lat="46.49193258024752" lon="23.530564047396183">
        <ele>390.79999999999995</ele>
        <time>2025-05-09T12:20:46</time>
      </trkpt>
      <trkpt lat="46.492010867223144" lon="23.530518701300025">
        <ele>390.79999999999995</ele>
        <time>2025-05-09T12:20:48</time>
      </trkpt>
      <trkpt lat="46.49215537123382" lon="23.530412167310715">
        <ele>390.4</ele>
        <time>2025-05-09T12:20:53</time>
      </trkpt>
      <trkpt lat="46.49220775812864" lon="23.53037914261222">
        <ele>389.79999999999995</ele>
        <time>2025-05-09T12:20:57</time>
      </trkpt>
      <trkpt lat="46.492214631289244" lon="23.530372604727745">
        <ele>389.6</ele>
        <time>2025-05-09T12:21:00</time>
      </trkpt>
      <trkpt lat="46.49221379309893" lon="23.53037034161389">
        <ele>389.6</ele>
        <time>2025-05-09T12:21:08</time>
      </trkpt>
      <trkpt lat="46.492211278527975" lon="23.5303611215204">
        <ele>389.6</ele>
        <time>2025-05-09T12:21:17</time>
      </trkpt>
      <trkpt lat="46.49221261963248" lon="23.53035810403526">
        <ele>389.4</ele>
        <time>2025-05-09T12:21:34</time>
      </trkpt>
      <trkpt lat="46.4922134578228" lon="23.53036304935813">
        <ele>389.4</ele>
        <time>2025-05-09T12:21:44</time>
      </trkpt>
      <trkpt lat="46.492214715108275" lon="23.530362462624907">
        <ele>389.20000000000005</ele>
        <time>2025-05-09T12:22:06</time>
      </trkpt>
      <trkpt lat="46.492216642946005" lon="23.530361372977495">
        <ele>389.6</ele>
        <time>2025-05-09T12:22:36</time>
      </trkpt>
      <trkpt lat="46.49221991188824" lon="23.530359948053956">
        <ele>389.0</ele>
        <time>2025-05-09T12:23:13</time>
      </trkpt>
      <trkpt lat="46.49222142063081" lon="23.530358774587512">
        <ele>389.20000000000005</ele>
        <time>2025-05-09T12:23:50</time>
      </trkpt>
      <trkpt lat="46.49222309701145" lon="23.530356092378497">
        <ele>389.4</ele>
        <time>2025-05-09T12:24:42</time>
      </trkpt>
      <trkpt lat="46.49222334846854" lon="23.53035324253142">
        <ele>389.20000000000005</ele>
        <time>2025-05-09T12:25:16</time>
      </trkpt>
      <trkpt lat="46.49221605621278" lon="23.530349219217896">
        <ele>389.20000000000005</ele>
        <time>2025-05-09T12:25:29</time>
      </trkpt>
      <trkpt lat="46.49220700375736" lon="23.530333545058966">
        <ele>389.0</ele>
        <time>2025-05-09T12:25:40</time>
      </trkpt>
      <trkpt lat="46.492215637117624" lon="23.530306303873658">
        <ele>389.20000000000005</ele>
        <time>2025-05-09T12:25:54</time>
      </trkpt>
      <trkpt lat="46.492218570783734" lon="23.530304543673992">
        <ele>389.4</ele>
        <time>2025-05-09T12:26:11</time>
      </trkpt>
      <trkpt lat="46.49222066625953" lon="23.53030345402658">
        <ele>389.4</ele>
        <time>2025-05-09T12:26:42</time>
      </trkpt>
      <trkpt lat="46.49227003566921" lon="23.53026531636715">
        <ele>389.20000000000005</ele>
        <time>2025-05-09T12:26:47</time>
      </trkpt>
      <trkpt lat="46.49241227656603" lon="23.530156519263983">
        <ele>389.20000000000005</ele>
        <time>2025-05-09T12:26:52</time>
      </trkpt>
      <trkpt lat="46.492481008172035" lon="23.530110754072666">
        <ele>389.20000000000005</ele>
        <time>2025-05-09T12:26:54</time>
      </trkpt>
      <trkpt lat="46.49263666011393" lon="23.53000547736883">
        <ele>389.4</ele>
        <time>2025-05-09T12:26:58</time>
      </trkpt>
      <trkpt lat="46.49294343777001" lon="23.52987689897418">
        <ele>389.6</ele>
        <time>2025-05-09T12:27:05</time>
      </trkpt>
      <trkpt lat="46.49321551434696" lon="23.529782267287374">
        <ele>389.6</ele>
        <time>2025-05-09T12:27:11</time>
      </trkpt>
      <trkpt lat="46.49356939829886" lon="23.529645139351487">
        <ele>389.6</ele>
        <time>2025-05-09T12:27:19</time>
      </trkpt>
      <trkpt lat="46.493737706914544" lon="23.52957447990775">
        <ele>389.6</ele>
        <time>2025-05-09T12:27:23</time>
      </trkpt>
      <trkpt lat="46.493783723562956" lon="23.529561404138803">
        <ele>389.6</ele>
        <time>2025-05-09T12:27:24</time>
      </trkpt>
      <trkpt lat="46.49383074603975" lon="23.52955285459757">
        <ele>389.6</ele>
        <time>2025-05-09T12:27:25</time>
      </trkpt>
      <trkpt lat="46.493921438232064" lon="23.529538605362177">
        <ele>389.6</ele>
        <time>2025-05-09T12:27:27</time>
      </trkpt>
      <trkpt lat="46.494072983041406" lon="23.529511531814933">
        <ele>389.4</ele>
        <time>2025-05-09T12:27:30</time>
      </trkpt>
      <trkpt lat="46.49432108737528" lon="23.52944741025567">
        <ele>389.4</ele>
        <time>2025-05-09T12:27:35</time>
      </trkpt>
      <trkpt lat="46.49466256611049" lon="23.52936677634716">
        <ele>389.20000000000005</ele>
        <time>2025-05-09T12:27:42</time>
      </trkpt>
      <trkpt lat="46.49486884474754" lon="23.52933593094349">
        <ele>389.20000000000005</ele>
        <time>2025-05-09T12:27:46</time>
      </trkpt>
      <trkpt lat="46.494968086481094" lon="23.529348000884056">
        <ele>389.0</ele>
        <time>2025-05-09T12:27:48</time>
      </trkpt>
      <trkpt lat="46.49527871981263" lon="23.529387144371867">
        <ele>389.0</ele>
        <time>2025-05-09T12:27:54</time>
      </trkpt>
      <trkpt lat="46.495582815259695" lon="23.52942335419357">
        <ele>389.0</ele>
        <time>2025-05-09T12:28:00</time>
      </trkpt>
      <trkpt lat="46.49590644054115" lon="23.529485631734133">
        <ele>389.79999999999995</ele>
        <time>2025-05-09T12:28:07</time>
      </trkpt>
      <trkpt lat="46.495989337563515" lon="23.529512202367187">
        <ele>390.0</ele>
        <time>2025-05-09T12:28:09</time>
      </trkpt>
      <trkpt lat="46.49632578715682" lon="23.52964874356985">
        <ele>390.6</ele>
        <time>2025-05-09T12:28:17</time>
      </trkpt>
      <trkpt lat="46.49661345407367" lon="23.52974052540958">
        <ele>390.79999999999995</ele>
        <time>2025-05-09T12:28:24</time>
      </trkpt>
      <trkpt lat="46.496657375246286" lon="23.529746728017926">
        <ele>390.79999999999995</ele>
        <time>2025-05-09T12:28:25</time>
      </trkpt>
      <trkpt lat="46.49670305661857" lon="23.529749745503068">
        <ele>390.79999999999995</ele>
        <time>2025-05-09T12:28:26</time>
      </trkpt>
      <trkpt lat="46.497081499546766" lon="23.529711356386542">
        <ele>391.0</ele>
        <time>2025-05-09T12:28:34</time>
      </trkpt>
      <trkpt lat="46.497423900291324" lon="23.529523350298405">
        <ele>391.0</ele>
        <time>2025-05-09T12:28:41</time>
      </trkpt>
      <trkpt lat="46.49747100658715" lon="23.529482362791896">
        <ele>391.0</ele>
        <time>2025-05-09T12:28:42</time>
      </trkpt>
      <trkpt lat="46.49763495661318" lon="23.529273234307766">
        <ele>390.6</ele>
        <time>2025-05-09T12:28:46</time>
      </trkpt>
      <trkpt lat="46.49780971929431" lon="23.5290589928627">
        <ele>390.20000000000005</ele>
        <time>2025-05-09T12:28:50</time>
      </trkpt>
      <trkpt lat="46.497916504740715" lon="23.52898900397122">
        <ele>390.20000000000005</ele>
        <time>2025-05-09T12:28:52</time>
      </trkpt>
      <trkpt lat="46.498026391491294" lon="23.52894751355052">
        <ele>390.0</ele>
        <time>2025-05-09T12:28:54</time>
      </trkpt>
      <trkpt lat="46.49830215610564" lon="23.528875093907118">
        <ele>390.0</ele>
        <time>2025-05-09T12:28:59</time>
      </trkpt>
      <trkpt lat="46.49852419272065" lon="23.528866544365883">
        <ele>389.79999999999995</ele>
        <time>2025-05-09T12:29:03</time>
      </trkpt>
      <trkpt lat="46.49868931621313" lon="23.52889277972281">
        <ele>389.6</ele>
        <time>2025-05-09T12:29:06</time>
      </trkpt>
      <trkpt lat="46.499186027795076" lon="23.52896419353783">
        <ele>389.4</ele>
        <time>2025-05-09T12:29:15</time>
      </trkpt>
      <trkpt lat="46.499552903696895" lon="23.52904273197055">
        <ele>389.0</ele>
        <time>2025-05-09T12:29:22</time>
      </trkpt>
      <trkpt lat="46.49959799833596" lon="23.52905840612948">
        <ele>389.0</ele>
        <time>2025-05-09T12:29:23</time>
      </trkpt>
      <trkpt lat="46.49983520619571" lon="23.529164772480726">
        <ele>388.6</ele>
        <time>2025-05-09T12:29:29</time>
      </trkpt>
      <trkpt lat="46.500013154000044" lon="23.5293803550303">
        <ele>389.0</ele>
        <time>2025-05-09T12:29:35</time>
      </trkpt>
      <trkpt lat="46.50010007433593" lon="23.529559643939137">
        <ele>389.79999999999995</ele>
        <time>2025-05-09T12:29:39</time>
      </trkpt>
      <trkpt lat="46.50015120394528" lon="23.5297083389014">
        <ele>390.4</ele>
        <time>2025-05-09T12:29:42</time>
      </trkpt>
      <trkpt lat="46.500202249735594" lon="23.529997849836946">
        <ele>391.0</ele>
        <time>2025-05-09T12:29:47</time>
      </trkpt>
      <trkpt lat="46.500207614153624" lon="23.530065324157476">
        <ele>391.0</ele>
        <time>2025-05-09T12:29:48</time>
      </trkpt>
      <trkpt lat="46.50021197274327" lon="23.530530938878655">
        <ele>391.0</ele>
        <time>2025-05-09T12:29:54</time>
      </trkpt>
      <trkpt lat="46.500244326889515" lon="23.531213477253914">
        <ele>390.4</ele>
        <time>2025-05-09T12:30:02</time>
      </trkpt>
      <trkpt lat="46.500229155644774" lon="23.531691329553723">
        <ele>390.0</ele>
        <time>2025-05-09T12:30:08</time>
      </trkpt>
      <trkpt lat="46.50020459666848" lon="23.531832983717322">
        <ele>390.0</ele>
        <time>2025-05-09T12:30:10</time>
      </trkpt>
      <trkpt lat="46.500127483159304" lon="23.53209869004786">
        <ele>389.79999999999995</ele>
        <time>2025-05-09T12:30:14</time>
      </trkpt>
      <trkpt lat="46.499969232827425" lon="23.53255550377071">
        <ele>389.79999999999995</ele>
        <time>2025-05-09T12:30:20</time>
      </trkpt>
      <trkpt lat="46.49974132888019" lon="23.53315455839038">
        <ele>389.4</ele>
        <time>2025-05-09T12:30:27</time>
      </trkpt>
      <trkpt lat="46.499684415757656" lon="23.53334080427885">
        <ele>389.0</ele>
        <time>2025-05-09T12:30:29</time>
      </trkpt>
      <trkpt lat="46.4996580965817" lon="23.533436944708228">
        <ele>388.79999999999995</ele>
        <time>2025-05-09T12:30:30</time>
      </trkpt>
      <trkpt lat="46.49960512295365" lon="23.533627968281507">
        <ele>388.4</ele>
        <time>2025-05-09T12:30:32</time>
      </trkpt>
      <trkpt lat="46.49951174855232" lon="23.53400096297264">
        <ele>387.6</ele>
        <time>2025-05-09T12:30:36</time>
      </trkpt>
      <trkpt lat="46.49946749210358" lon="23.534177988767624">
        <ele>387.6</ele>
        <time>2025-05-09T12:30:38</time>
      </trkpt>
      <trkpt lat="46.499295914545655" lon="23.53476614691317">
        <ele>387.4</ele>
        <time>2025-05-09T12:30:45</time>
      </trkpt>
      <trkpt lat="46.499179573729634" lon="23.535326896235347">
        <ele>387.4</ele>
        <time>2025-05-09T12:30:52</time>
      </trkpt>
      <trkpt lat="46.499110758304596" lon="23.535843808203936">
        <ele>387.4</ele>
        <time>2025-05-09T12:30:59</time>
      </trkpt>
      <trkpt lat="46.49903900921345" lon="23.53660480119288">
        <ele>387.6</ele>
        <time>2025-05-09T12:31:09</time>
      </trkpt>
      <trkpt lat="46.49904806166887" lon="23.53716630488634">
        <ele>387.6</ele>
        <time>2025-05-09T12:31:16</time>
      </trkpt>
      <trkpt lat="46.49906096979976" lon="23.537243669852614">
        <ele>387.6</ele>
        <time>2025-05-09T12:31:17</time>
      </trkpt>
      <trkpt lat="46.49913154542446" lon="23.537547765299678">
        <ele>387.6</ele>
        <time>2025-05-09T12:31:21</time>
      </trkpt>
      <trkpt lat="46.499214274808764" lon="23.537866612896323">
        <ele>387.4</ele>
        <time>2025-05-09T12:31:25</time>
      </trkpt>
      <trkpt lat="46.499267751351" lon="23.53802285157144">
        <ele>387.20000000000005</ele>
        <time>2025-05-09T12:31:27</time>
      </trkpt>
      <trkpt lat="46.49938182905316" lon="23.53834136389196">
        <ele>386.6</ele>
        <time>2025-05-09T12:31:31</time>
      </trkpt>
      <trkpt lat="46.499470761045814" lon="23.53858762420714">
        <ele>386.20000000000005</ele>
        <time>2025-05-09T12:31:34</time>
      </trkpt>
      <trkpt lat="46.499645272269845" lon="23.53905675932765">
        <ele>385.6</ele>
        <time>2025-05-09T12:31:40</time>
      </trkpt>
      <trkpt lat="46.499673603102565" lon="23.539129681885242">
        <ele>385.4</ele>
        <time>2025-05-09T12:31:41</time>
      </trkpt>
      <trkpt lat="46.499866638332605" lon="23.539600996300578">
        <ele>385.4</ele>
        <time>2025-05-09T12:31:48</time>
      </trkpt>
      <trkpt lat="46.49990008212626" lon="23.5396636929363">
        <ele>385.4</ele>
        <time>2025-05-09T12:31:49</time>
      </trkpt>
      <trkpt lat="46.50006470270455" lon="23.53988103568554">
        <ele>385.4</ele>
        <time>2025-05-09T12:31:53</time>
      </trkpt>
      <trkpt lat="46.50048656389117" lon="23.54034472256899">
        <ele>385.6</ele>
        <time>2025-05-09T12:32:02</time>
      </trkpt>
      <trkpt lat="46.5008151344955" lon="23.540720902383327">
        <ele>385.4</ele>
        <time>2025-05-09T12:32:09</time>
      </trkpt>
      <trkpt lat="46.501205395907164" lon="23.541183583438396">
        <ele>384.6</ele>
        <time>2025-05-09T12:32:18</time>
      </trkpt>
      <trkpt lat="46.501477137207985" lon="23.54150234721601">
        <ele>384.6</ele>
        <time>2025-05-09T12:32:24</time>
      </trkpt>
      <trkpt lat="46.5018545743078" lon="23.54192789644003">
        <ele>384.6</ele>
        <time>2025-05-09T12:32:32</time>
      </trkpt>
      <trkpt lat="46.50216847658157" lon="23.542307261377573">
        <ele>384.6</ele>
        <time>2025-05-09T12:32:39</time>
      </trkpt>
      <trkpt lat="46.502424543723464" lon="23.542633317410946">
        <ele>384.79999999999995</ele>
        <time>2025-05-09T12:32:45</time>
      </trkpt>
      <trkpt lat="46.50270223617554" lon="23.543111002072692">
        <ele>384.79999999999995</ele>
        <time>2025-05-09T12:32:53</time>
      </trkpt>
      <trkpt lat="46.502951849251986" lon="23.543505538254976">
        <ele>385.0</ele>
        <time>2025-05-09T12:33:00</time>
      </trkpt>
      <trkpt lat="46.50308344513178" lon="23.543740483000875">
        <ele>385.0</ele>
        <time>2025-05-09T12:33:04</time>
      </trkpt>
      <trkpt lat="46.503127785399556" lon="23.543873000890017">
        <ele>385.0</ele>
        <time>2025-05-09T12:33:06</time>
      </trkpt>
      <trkpt lat="46.503249825909734" lon="23.544260999187827">
        <ele>385.0</ele>
        <time>2025-05-09T12:33:12</time>
      </trkpt>
      <trkpt lat="46.503441939130425" lon="23.544766176491976">
        <ele>385.20000000000005</ele>
        <time>2025-05-09T12:33:20</time>
      </trkpt>
      <trkpt lat="46.50363857857883" lon="23.54522466659546">
        <ele>385.4</ele>
        <time>2025-05-09T12:33:27</time>
      </trkpt>
      <trkpt lat="46.50382239371538" lon="23.54566496796906">
        <ele>385.4</ele>
        <time>2025-05-09T12:33:33</time>
      </trkpt>
      <trkpt lat="46.50393404066563" lon="23.546129912137985">
        <ele>385.4</ele>
        <time>2025-05-09T12:33:39</time>
      </trkpt>
      <trkpt lat="46.50398273952305" lon="23.5464262124151">
        <ele>385.6</ele>
        <time>2025-05-09T12:33:43</time>
      </trkpt>
      <trkpt lat="46.50401425547898" lon="23.546647327020764">
        <ele>385.6</ele>
        <time>2025-05-09T12:33:46</time>
      </trkpt>
      <trkpt lat="46.50407653301954" lon="23.54712107218802">
        <ele>385.6</ele>
        <time>2025-05-09T12:33:52</time>
      </trkpt>
      <trkpt lat="46.50413897819817" lon="23.547673942521214">
        <ele>385.20000000000005</ele>
        <time>2025-05-09T12:33:59</time>
      </trkpt>
      <trkpt lat="46.50409480556846" lon="23.54807786643505">
        <ele>384.4</ele>
        <time>2025-05-09T12:34:04</time>
      </trkpt>
      <trkpt lat="46.50407527573407" lon="23.548157745972276">
        <ele>384.4</ele>
        <time>2025-05-09T12:34:05</time>
      </trkpt>
      <trkpt lat="46.50405088439584" lon="23.5482341889292">
        <ele>384.4</ele>
        <time>2025-05-09T12:34:06</time>
      </trkpt>
      <trkpt lat="46.503928089514375" lon="23.54852193966508">
        <ele>384.4</ele>
        <time>2025-05-09T12:34:10</time>
      </trkpt>
      <trkpt lat="46.50370018556714" lon="23.54897942394018">
        <ele>384.0</ele>
        <time>2025-05-09T12:34:17</time>
      </trkpt>
      <trkpt lat="46.50364687666297" lon="23.549117892980576">
        <ele>384.0</ele>
        <time>2025-05-09T12:34:19</time>
      </trkpt>
      <trkpt lat="46.50357688777149" lon="23.549338672310114">
        <ele>383.79999999999995</ele>
        <time>2025-05-09T12:34:22</time>
      </trkpt>
      <trkpt lat="46.50345669128001" lon="23.54989162646234">
        <ele>383.79999999999995</ele>
        <time>2025-05-09T12:34:29</time>
      </trkpt>
      <trkpt lat="46.503322161734104" lon="23.550612218677998">
        <ele>384.4</ele>
        <time>2025-05-09T12:34:38</time>
      </trkpt>
      <trkpt lat="46.50323264300823" lon="23.551287967711687">
        <ele>385.0</ele>
        <time>2025-05-09T12:34:46</time>
      </trkpt>
      <trkpt lat="46.50315108709037" lon="23.552053151652217">
        <ele>385.0</ele>
        <time>2025-05-09T12:34:55</time>
      </trkpt>
      <trkpt lat="46.50308202020824" lon="23.55267584323883">
        <ele>384.6</ele>
        <time>2025-05-09T12:35:02</time>
      </trkpt>
      <trkpt lat="46.50299794971943" lon="23.553384114056826">
        <ele>384.0</ele>
        <time>2025-05-09T12:35:10</time>
      </trkpt>
      <trkpt lat="46.50294514372945" lon="23.553812764585018">
        <ele>383.4</ele>
        <time>2025-05-09T12:35:15</time>
      </trkpt>
      <trkpt lat="46.50291530415416" lon="23.554238229990005">
        <ele>383.0</ele>
        <time>2025-05-09T12:35:20</time>
      </trkpt>
      <trkpt lat="46.502918656915426" lon="23.554321294650435">
        <ele>383.0</ele>
        <time>2025-05-09T12:35:21</time>
      </trkpt>
      <trkpt lat="46.5029682777822" lon="23.55489520356059">
        <ele>382.79999999999995</ele>
        <time>2025-05-09T12:35:28</time>
      </trkpt>
      <trkpt lat="46.50304740294814" lon="23.555601965636015">
        <ele>382.6</ele>
        <time>2025-05-09T12:35:37</time>
      </trkpt>
      <trkpt lat="46.50314161553979" lon="23.55633898638189">
        <ele>382.4</ele>
        <time>2025-05-09T12:35:46</time>
      </trkpt>
      <trkpt lat="46.50317832827568" lon="23.55674752034247">
        <ele>382.20000000000005</ele>
        <time>2025-05-09T12:35:51</time>
      </trkpt>
      <trkpt lat="46.50315888226032" lon="23.556899651885033">
        <ele>382.20000000000005</ele>
        <time>2025-05-09T12:35:53</time>
      </trkpt>
      <trkpt lat="46.50311906822026" lon="23.557037031278014">
        <ele>382.20000000000005</ele>
        <time>2025-05-09T12:35:55</time>
      </trkpt>
      <trkpt lat="46.50310272350907" lon="23.557104924693704">
        <ele>382.20000000000005</ele>
        <time>2025-05-09T12:35:56</time>
      </trkpt>
      <trkpt lat="46.503089144825935" lon="23.557248506695032">
        <ele>382.20000000000005</ele>
        <time>2025-05-09T12:35:58</time>
      </trkpt>
      <trkpt lat="46.50313708931208" lon="23.55745411477983">
        <ele>382.20000000000005</ele>
        <time>2025-05-09T12:36:01</time>
      </trkpt>
      <trkpt lat="46.503168269991875" lon="23.557516308501363">
        <ele>382.20000000000005</ele>
        <time>2025-05-09T12:36:03</time>
      </trkpt>
      <trkpt lat="46.50325049646199" lon="23.557633822783828">
        <ele>382.20000000000005</ele>
        <time>2025-05-09T12:36:04</time>
      </trkpt>
      <trkpt lat="46.5032965131104" lon="23.5576921608299">
        <ele>382.20000000000005</ele>
        <time>2025-05-09T12:36:05</time>
      </trkpt>
      <trkpt lat="46.50364771485329" lon="23.55812198482454">
        <ele>382.0</ele>
        <time>2025-05-09T12:36:12</time>
      </trkpt>
      <trkpt lat="46.50379238650203" lon="23.558312505483627">
        <ele>381.4</ele>
        <time>2025-05-09T12:36:15</time>
      </trkpt>
      <trkpt lat="46.50401274673641" lon="23.558624144643545">
        <ele>380.4</ele>
        <time>2025-05-09T12:36:20</time>
      </trkpt>
      <trkpt lat="46.50437727570534" lon="23.55905975215137">
        <ele>380.20000000000005</ele>
        <time>2025-05-09T12:36:28</time>
      </trkpt>
      <trkpt lat="46.50476544164121" lon="23.559393687173724">
        <ele>380.20000000000005</ele>
        <time>2025-05-09T12:36:36</time>
      </trkpt>
      <trkpt lat="46.505183447152376" lon="23.559638606384397">
        <ele>380.6</ele>
        <time>2025-05-09T12:36:44</time>
      </trkpt>
      <trkpt lat="46.50566289201379" lon="23.55983667075634">
        <ele>380.6</ele>
        <time>2025-05-09T12:36:53</time>
      </trkpt>
      <trkpt lat="46.5060559194535" lon="23.559967847540975">
        <ele>380.6</ele>
        <time>2025-05-09T12:37:00</time>
      </trkpt>
      <trkpt lat="46.506456742063165" lon="23.56014210730791">
        <ele>380.6</ele>
        <time>2025-05-09T12:37:07</time>
      </trkpt>
      <trkpt lat="46.50692202150822" lon="23.560422398149967">
        <ele>380.20000000000005</ele>
        <time>2025-05-09T12:37:16</time>
      </trkpt>
      <trkpt lat="46.507365088909864" lon="23.56066731736064">
        <ele>380.0</ele>
        <time>2025-05-09T12:37:25</time>
      </trkpt>
      <trkpt lat="46.50771603919566" lon="23.56086865067482">
        <ele>380.0</ele>
        <time>2025-05-09T12:37:33</time>
      </trkpt>
      <trkpt lat="46.507992474362254" lon="23.56103234924376">
        <ele>380.0</ele>
        <time>2025-05-09T12:37:39</time>
      </trkpt>
      <trkpt lat="46.508362367749214" lon="23.56130844913423">
        <ele>380.0</ele>
        <time>2025-05-09T12:37:47</time>
      </trkpt>
      <trkpt lat="46.50870426557958" lon="23.56160852126777">
        <ele>380.6</ele>
        <time>2025-05-09T12:37:55</time>
      </trkpt>
      <trkpt lat="46.508877854794264" lon="23.561733914539218">
        <ele>381.0</ele>
        <time>2025-05-09T12:37:59</time>
      </trkpt>
      <trkpt lat="46.5090262144804" lon="23.561775656417012">
        <ele>381.4</ele>
        <time>2025-05-09T12:38:02</time>
      </trkpt>
      <trkpt lat="46.509467186406255" lon="23.561806669458747">
        <ele>381.6</ele>
        <time>2025-05-09T12:38:10</time>
      </trkpt>
      <trkpt lat="46.50987974368036" lon="23.56187674216926">
        <ele>381.0</ele>
        <time>2025-05-09T12:38:17</time>
      </trkpt>
      <trkpt lat="46.509936740621924" lon="23.56190155260265">
        <ele>380.79999999999995</ele>
        <time>2025-05-09T12:38:18</time>
      </trkpt>
      <trkpt lat="46.51015534065664" lon="23.562060138210654">
        <ele>380.4</ele>
        <time>2025-05-09T12:38:22</time>
      </trkpt>
      <trkpt lat="46.510503105819225" lon="23.56241997331381">
        <ele>380.0</ele>
        <time>2025-05-09T12:38:29</time>
      </trkpt>
      <trkpt lat="46.510544177144766" lon="23.562477892264724">
        <ele>380.0</ele>
        <time>2025-05-09T12:38:30</time>
      </trkpt>
      <trkpt lat="46.51068004779518" lon="23.56274552643299">
        <ele>380.0</ele>
        <time>2025-05-09T12:38:34</time>
      </trkpt>
      <trkpt lat="46.51078348048031" lon="23.563127741217613">
        <ele>380.0</ele>
        <time>2025-05-09T12:38:39</time>
      </trkpt>
      <trkpt lat="46.51079320348799" lon="23.563637025654316">
        <ele>380.0</ele>
        <time>2025-05-09T12:38:45</time>
      </trkpt>
      <trkpt lat="46.51070552878082" lon="23.564177742227912">
        <ele>379.79999999999995</ele>
        <time>2025-05-09T12:38:51</time>
      </trkpt>
      <trkpt lat="46.51066889986396" lon="23.56435988098383">
        <ele>379.4</ele>
        <time>2025-05-09T12:38:53</time>
      </trkpt>
      <trkpt lat="46.510576363652945" lon="23.56469063088298">
        <ele>379.20000000000005</ele>
        <time>2025-05-09T12:38:57</time>
      </trkpt>
      <trkpt lat="46.51033186353743" lon="23.5653958003968">
        <ele>378.20000000000005</ele>
        <time>2025-05-09T12:39:06</time>
      </trkpt>
      <trkpt lat="46.510305628180504" lon="23.565474087372422">
        <ele>378.0</ele>
        <time>2025-05-09T12:39:07</time>
      </trkpt>
      <trkpt lat="46.51003078557551" lon="23.566246815025806">
        <ele>377.0</ele>
        <time>2025-05-09T12:39:17</time>
      </trkpt>
      <trkpt lat="46.51000186800957" lon="23.56632468290627">
        <ele>377.0</ele>
        <time>2025-05-09T12:39:18</time>
      </trkpt>
      <trkpt lat="46.50976155884564" lon="23.56681728735566">
        <ele>376.79999999999995</ele>
        <time>2025-05-09T12:39:25</time>
      </trkpt>
      <trkpt lat="46.50942192412913" lon="23.567473674193025">
        <ele>376.6</ele>
        <time>2025-05-09T12:39:35</time>
      </trkpt>
      <trkpt lat="46.509389486163855" lon="23.567540226504207">
        <ele>376.6</ele>
        <time>2025-05-09T12:39:36</time>
      </trkpt>
      <trkpt lat="46.50909259915352" lon="23.56813316233456">
        <ele>376.4</ele>
        <time>2025-05-09T12:39:45</time>
      </trkpt>
      <trkpt lat="46.50875405408442" lon="23.568822154775262">
        <ele>376.0</ele>
        <time>2025-05-09T12:39:55</time>
      </trkpt>
      <trkpt lat="46.50865623727441" lon="23.569031031802297">
        <ele>376.0</ele>
        <time>2025-05-09T12:39:58</time>
      </trkpt>
      <trkpt lat="46.508430512622" lon="23.56952514499426">
        <ele>375.6</ele>
        <time>2025-05-09T12:40:05</time>
      </trkpt>
      <trkpt lat="46.50809682905674" lon="23.570181196555495">
        <ele>375.4</ele>
        <time>2025-05-09T12:40:14</time>
      </trkpt>
      <trkpt lat="46.50805827230215" lon="23.570252610370517">
        <ele>375.4</ele>
        <time>2025-05-09T12:40:15</time>
      </trkpt>
      <trkpt lat="46.50770790874958" lon="23.570770360529423">
        <ele>375.4</ele>
        <time>2025-05-09T12:40:23</time>
      </trkpt>
      <trkpt lat="46.507361652329564" lon="23.57122717425227">
        <ele>375.20000000000005</ele>
        <time>2025-05-09T12:40:31</time>
      </trkpt>
      <trkpt lat="46.50731697678566" lon="23.57128718867898">
        <ele>375.20000000000005</ele>
        <time>2025-05-09T12:40:32</time>
      </trkpt>
      <trkpt lat="46.50690517388284" lon="23.571828324347734">
        <ele>375.0</ele>
        <time>2025-05-09T12:40:41</time>
      </trkpt>
      <trkpt lat="46.50648624636233" lon="23.57235487550497">
        <ele>374.6</ele>
        <time>2025-05-09T12:40:50</time>
      </trkpt>
      <trkpt lat="46.50614133104682" lon="23.57271546497941">
        <ele>374.6</ele>
        <time>2025-05-09T12:40:57</time>
      </trkpt>
      <trkpt lat="46.50571326725185" lon="23.573165824636817">
        <ele>374.79999999999995</ele>
        <time>2025-05-09T12:41:06</time>
      </trkpt>
      <trkpt lat="46.50566691532731" lon="23.573213182389736">
        <ele>374.79999999999995</ele>
        <time>2025-05-09T12:41:07</time>
      </trkpt>
      <trkpt lat="46.50546935386956" lon="23.573420718312263">
        <ele>374.6</ele>
        <time>2025-05-09T12:41:11</time>
      </trkpt>
      <trkpt lat="46.505184369161725" lon="23.573758089914918">
        <ele>374.6</ele>
        <time>2025-05-09T12:41:17</time>
      </trkpt>
      <trkpt lat="46.5049007255584" lon="23.574101915583014">
        <ele>374.6</ele>
        <time>2025-05-09T12:41:23</time>
      </trkpt>
      <trkpt lat="46.504514487460256" lon="23.5745413787663">
        <ele>374.6</ele>
        <time>2025-05-09T12:41:31</time>
      </trkpt>
      <trkpt lat="46.50432849302888" lon="23.574765427038074">
        <ele>374.6</ele>
        <time>2025-05-09T12:41:35</time>
      </trkpt>
      <trkpt lat="46.50427786633372" lon="23.574818819761276">
        <ele>374.6</ele>
        <time>2025-05-09T12:41:36</time>
      </trkpt>
      <trkpt lat="46.50383161380887" lon="23.575328523293138">
        <ele>374.4</ele>
        <time>2025-05-09T12:41:45</time>
      </trkpt>
      <trkpt lat="46.50378182530403" lon="23.575382251292467">
        <ele>374.4</ele>
        <time>2025-05-09T12:41:46</time>
      </trkpt>
      <trkpt lat="46.50335552170873" lon="23.575870832428336">
        <ele>374.20000000000005</ele>
        <time>2025-05-09T12:41:55</time>
      </trkpt>
      <trkpt lat="46.50296215899289" lon="23.576409621164203">
        <ele>374.20000000000005</ele>
        <time>2025-05-09T12:42:04</time>
      </trkpt>
      <trkpt lat="46.50284020230174" lon="23.57669728808105">
        <ele>374.20000000000005</ele>
        <time>2025-05-09T12:42:08</time>
      </trkpt>
      <trkpt lat="46.50280055589974" lon="23.57685503549874">
        <ele>374.20000000000005</ele>
        <time>2025-05-09T12:42:10</time>
      </trkpt>
      <trkpt lat="46.50273903273046" lon="23.577351747080684">
        <ele>374.20000000000005</ele>
        <time>2025-05-09T12:42:16</time>
      </trkpt>
      <trkpt lat="46.50275655090809" lon="23.577857594937086">
        <ele>374.4</ele>
        <time>2025-05-09T12:42:22</time>
      </trkpt>
      <trkpt lat="46.50281346403062" lon="23.578421445563436">
        <ele>375.0</ele>
        <time>2025-05-09T12:42:29</time>
      </trkpt>
      <trkpt lat="46.502932822331786" lon="23.57890290208161">
        <ele>375.20000000000005</ele>
        <time>2025-05-09T12:42:35</time>
      </trkpt>
      <trkpt lat="46.503114039078355" lon="23.579239519312978">
        <ele>375.20000000000005</ele>
        <time>2025-05-09T12:42:40</time>
      </trkpt>
      <trkpt lat="46.50324529968202" lon="23.579392740502954">
        <ele>375.20000000000005</ele>
        <time>2025-05-09T12:42:43</time>
      </trkpt>
      <trkpt lat="46.50334537960589" lon="23.57947999611497">
        <ele>375.0</ele>
        <time>2025-05-09T12:42:45</time>
      </trkpt>
      <trkpt lat="46.503737485036254" lon="23.579780235886574">
        <ele>374.20000000000005</ele>
        <time>2025-05-09T12:42:53</time>
      </trkpt>
      <trkpt lat="46.5038837492466" lon="23.579892553389072">
        <ele>374.0</ele>
        <time>2025-05-09T12:42:56</time>
      </trkpt>
      <trkpt lat="46.50407594628632" lon="23.58003471046686">
        <ele>373.6</ele>
        <time>2025-05-09T12:43:00</time>
      </trkpt>
      <trkpt lat="46.50412313640118" lon="23.580073937773705">
        <ele>373.6</ele>
        <time>2025-05-09T12:43:01</time>
      </trkpt>
      <trkpt lat="46.50439554825425" lon="23.5803487803787">
        <ele>373.6</ele>
        <time>2025-05-09T12:43:07</time>
      </trkpt>
      <trkpt lat="46.5047572273761" lon="23.580752117559314">
        <ele>373.4</ele>
        <time>2025-05-09T12:43:15</time>
      </trkpt>
      <trkpt lat="46.50509719736874" lon="23.58106560073793">
        <ele>373.20000000000005</ele>
        <time>2025-05-09T12:43:22</time>
      </trkpt>
      <trkpt lat="46.5053909830749" lon="23.5813158005476">
        <ele>373.20000000000005</ele>
        <time>2025-05-09T12:43:29</time>
      </trkpt>
      <trkpt lat="46.505777053534985" lon="23.58163137920201">
        <ele>372.79999999999995</ele>
        <time>2025-05-09T12:43:38</time>
      </trkpt>
      <trkpt lat="46.50586523115635" lon="23.581700110808015">
        <ele>372.79999999999995</ele>
        <time>2025-05-09T12:43:40</time>
      </trkpt>
      <trkpt lat="46.50620528496802" lon="23.5819529928267">
        <ele>372.4</ele>
        <time>2025-05-09T12:43:47</time>
      </trkpt>
      <trkpt lat="46.50662790052593" lon="23.582240575924516">
        <ele>371.79999999999995</ele>
        <time>2025-05-09T12:43:55</time>
      </trkpt>
      <trkpt lat="46.50702235288918" lon="23.58259554952383">
        <ele>371.79999999999995</ele>
        <time>2025-05-09T12:44:03</time>
      </trkpt>
      <trkpt lat="46.50710734538734" lon="23.58270744793117">
        <ele>371.79999999999995</ele>
        <time>2025-05-09T12:44:05</time>
      </trkpt>
      <trkpt lat="46.50725335814059" lon="23.582970136776567">
        <ele>371.79999999999995</ele>
        <time>2025-05-09T12:44:09</time>
      </trkpt>
      <trkpt lat="46.50746734812856" lon="23.583506075665355">
        <ele>372.0</ele>
        <time>2025-05-09T12:44:16</time>
      </trkpt>
      <trkpt lat="46.507615791633725" lon="23.584085013717413">
        <ele>372.0</ele>
        <time>2025-05-09T12:44:23</time>
      </trkpt>
      <trkpt lat="46.50772852823138" lon="23.584590274840593">
        <ele>372.0</ele>
        <time>2025-05-09T12:44:30</time>
      </trkpt>
      <trkpt lat="46.507795583456755" lon="23.585154712200165">
        <ele>371.79999999999995</ele>
        <time>2025-05-09T12:44:37</time>
      </trkpt>
      <trkpt lat="46.50782483629882" lon="23.58565687201917">
        <ele>371.4</ele>
        <time>2025-05-09T12:44:43</time>
      </trkpt>
      <trkpt lat="46.50782709941268" lon="23.585740523412824">
        <ele>371.4</ele>
        <time>2025-05-09T12:44:44</time>
      </trkpt>
      <trkpt lat="46.50787152349949" lon="23.586384505033493">
        <ele>371.4</ele>
        <time>2025-05-09T12:44:52</time>
      </trkpt>
      <trkpt lat="46.50789985433221" lon="23.58701222576201">
        <ele>371.79999999999995</ele>
        <time>2025-05-09T12:45:00</time>
      </trkpt>
      <trkpt lat="46.50796540081501" lon="23.587662745267153">
        <ele>371.6</ele>
        <time>2025-05-09T12:45:08</time>
      </trkpt>
      <trkpt lat="46.50805282406509" lon="23.58831108547747">
        <ele>371.0</ele>
        <time>2025-05-09T12:45:16</time>
      </trkpt>
      <trkpt lat="46.50811501778662" lon="23.58900837600231">
        <ele>371.0</ele>
        <time>2025-05-09T12:45:25</time>
      </trkpt>
      <trkpt lat="46.508186431601644" lon="23.58972125686705">
        <ele>371.0</ele>
        <time>2025-05-09T12:45:34</time>
      </trkpt>
      <trkpt lat="46.50831140577793" lon="23.590410752221942">
        <ele>370.79999999999995</ele>
        <time>2025-05-09T12:45:42</time>
      </trkpt>
      <trkpt lat="46.50839723646641" lon="23.59095490537584">
        <ele>370.4</ele>
        <time>2025-05-09T12:45:49</time>
      </trkpt>
      <trkpt lat="46.508465046063066" lon="23.59145237132907">
        <ele>370.20000000000005</ele>
        <time>2025-05-09T12:45:56</time>
      </trkpt>
      <trkpt lat="46.50851525366306" lon="23.59170449897647">
        <ele>370.4</ele>
        <time>2025-05-09T12:46:01</time>
      </trkpt>
      <trkpt lat="46.50851910933852" lon="23.591740122064948">
        <ele>370.6</ele>
        <time>2025-05-09T12:46:05</time>
      </trkpt>
      <trkpt lat="46.50851642712951" lon="23.59173777513206">
        <ele>371.4</ele>
        <time>2025-05-09T12:46:20</time>
      </trkpt>
      <trkpt lat="46.50851449929178" lon="23.591736517846584">
        <ele>371.79999999999995</ele>
        <time>2025-05-09T12:46:44</time>
      </trkpt>
      <trkpt lat="46.508517768234015" lon="23.591739032417536">
        <ele>371.79999999999995</ele>
        <time>2025-05-09T12:46:57</time>
      </trkpt>
      <trkpt lat="46.508525144308805" lon="23.59172754921019">
        <ele>371.79999999999995</ele>
        <time>2025-05-09T12:47:09</time>
      </trkpt>
      <trkpt lat="46.50854014791548" lon="23.591716401278973">
        <ele>371.6</ele>
        <time>2025-05-09T12:47:23</time>
      </trkpt>
      <trkpt lat="46.50854140520096" lon="23.59171623364091">
        <ele>371.6</ele>
        <time>2025-05-09T12:47:40</time>
      </trkpt>
      <trkpt lat="46.50854148901999" lon="23.59171522781253">
        <ele>371.4</ele>
        <time>2025-05-09T12:47:59</time>
      </trkpt>
      <trkpt lat="46.508540231734514" lon="23.59171095304191">
        <ele>371.4</ele>
        <time>2025-05-09T12:48:10</time>
      </trkpt>
      <trkpt lat="46.50854157283902" lon="23.59170894138515">
        <ele>371.6</ele>
        <time>2025-05-09T12:48:26</time>
      </trkpt>
      <trkpt lat="46.50854157283902" lon="23.591709276661277">
        <ele>371.6</ele>
        <time>2025-05-09T12:48:46</time>
      </trkpt>
      <trkpt lat="46.50858976878226" lon="23.591840704903007">
        <ele>371.6</ele>
        <time>2025-05-09T12:48:52</time>
      </trkpt>
      <trkpt lat="46.50864718481898" lon="23.59214195050299">
        <ele>371.6</ele>
        <time>2025-05-09T12:48:59</time>
      </trkpt>
      <trkpt lat="46.50864559225738" lon="23.59251176007092">
        <ele>371.6</ele>
        <time>2025-05-09T12:49:06</time>
      </trkpt>
      <trkpt lat="46.5086670499295" lon="23.592932699248195">
        <ele>371.79999999999995</ele>
        <time>2025-05-09T12:49:13</time>
      </trkpt>
      <trkpt lat="46.508706863969564" lon="23.593451119959354">
        <ele>372.0</ele>
        <time>2025-05-09T12:49:21</time>
      </trkpt>
      <trkpt lat="46.50870409794152" lon="23.593944562599063">
        <ele>372.0</ele>
        <time>2025-05-09T12:49:28</time>
      </trkpt>
      <trkpt lat="46.50870770215988" lon="23.59452744014561">
        <ele>372.0</ele>
        <time>2025-05-09T12:49:36</time>
      </trkpt>
      <trkpt lat="46.508686915040016" lon="23.595193633809686">
        <ele>372.0</ele>
        <time>2025-05-09T12:49:45</time>
      </trkpt>
      <trkpt lat="46.508640982210636" lon="23.59595705755055">
        <ele>372.0</ele>
        <time>2025-05-09T12:49:55</time>
      </trkpt>
      <trkpt lat="46.508574513718486" lon="23.596768341958523">
        <ele>371.79999999999995</ele>
        <time>2025-05-09T12:50:05</time>
      </trkpt>
      <trkpt lat="46.50856579653919" lon="23.597386423498392">
        <ele>371.6</ele>
        <time>2025-05-09T12:50:13</time>
      </trkpt>
      <trkpt lat="46.5086118131876" lon="23.59813928604126">
        <ele>371.6</ele>
        <time>2025-05-09T12:50:23</time>
      </trkpt>
      <trkpt lat="46.508656572550535" lon="23.598696012049913">
        <ele>371.79999999999995</ele>
        <time>2025-05-09T12:50:31</time>
      </trkpt>
      <trkpt lat="46.50870225392282" lon="23.59937159344554">
        <ele>371.6</ele>
        <time>2025-05-09T12:50:39</time>
      </trkpt>
      <trkpt lat="46.50871390476823" lon="23.599992524832487">
        <ele>370.6</ele>
        <time>2025-05-09T12:50:46</time>
      </trkpt>
      <trkpt lat="46.50872035883367" lon="23.6002526152879">
        <ele>370.4</ele>
        <time>2025-05-09T12:50:49</time>
      </trkpt>
      <trkpt lat="46.50873997248709" lon="23.60072996467352">
        <ele>370.20000000000005</ele>
        <time>2025-05-09T12:50:55</time>
      </trkpt>
      <trkpt lat="46.50878925807774" lon="23.601410072296858">
        <ele>371.0</ele>
        <time>2025-05-09T12:51:05</time>
      </trkpt>
      <trkpt lat="46.508814319968224" lon="23.60162573866546">
        <ele>371.4</ele>
        <time>2025-05-09T12:51:08</time>
      </trkpt>
      <trkpt lat="46.508879447355866" lon="23.602027650922537">
        <ele>371.79999999999995</ele>
        <time>2025-05-09T12:51:13</time>
      </trkpt>
      <trkpt lat="46.509022526443005" lon="23.60281848348677">
        <ele>371.4</ele>
        <time>2025-05-09T12:51:22</time>
      </trkpt>
      <trkpt lat="46.509036272764206" lon="23.603349225595593">
        <ele>370.20000000000005</ele>
        <time>2025-05-09T12:51:28</time>
      </trkpt>
      <trkpt lat="46.508976174518466" lon="23.604054478928447">
        <ele>370.0</ele>
        <time>2025-05-09T12:51:36</time>
      </trkpt>
      <trkpt lat="46.508808536455035" lon="23.60461405478418">
        <ele>370.0</ele>
        <time>2025-05-09T12:51:43</time>
      </trkpt>
      <trkpt lat="46.50857568718493" lon="23.605068689212203">
        <ele>370.0</ele>
        <time>2025-05-09T12:51:50</time>
      </trkpt>
      <trkpt lat="46.50844912044704" lon="23.605239847674966">
        <ele>370.0</ele>
        <time>2025-05-09T12:51:53</time>
      </trkpt>
      <trkpt lat="46.50834392756224" lon="23.60531000420451">
        <ele>369.79999999999995</ele>
        <time>2025-05-09T12:51:55</time>
      </trkpt>
      <trkpt lat="46.5082267485559" lon="23.605341436341405">
        <ele>369.79999999999995</ele>
        <time>2025-05-09T12:51:57</time>
      </trkpt>
      <trkpt lat="46.50804846547544" lon="23.60536901280284">
        <ele>369.79999999999995</ele>
        <time>2025-05-09T12:52:00</time>
      </trkpt>
      <trkpt lat="46.50776892900467" lon="23.605482755228877">
        <ele>369.6</ele>
        <time>2025-05-09T12:52:05</time>
      </trkpt>
      <trkpt lat="46.50740942917764" lon="23.60573739744723">
        <ele>369.20000000000005</ele>
        <time>2025-05-09T12:52:12</time>
      </trkpt>
      <trkpt lat="46.507045570760965" lon="23.605980975553393">
        <ele>368.79999999999995</ele>
        <time>2025-05-09T12:52:19</time>
      </trkpt>
      <trkpt lat="46.50671222247183" lon="23.606149284169078">
        <ele>368.20000000000005</ele>
        <time>2025-05-09T12:52:25</time>
      </trkpt>
      <trkpt lat="46.506342664361" lon="23.606326393783092">
        <ele>367.4</ele>
        <time>2025-05-09T12:52:32</time>
      </trkpt>
      <trkpt lat="46.50608701631427" lon="23.606476681306958">
        <ele>367.20000000000005</ele>
        <time>2025-05-09T12:52:37</time>
      </trkpt>
      <trkpt lat="46.50573581457138" lon="23.606689497828484">
        <ele>367.20000000000005</ele>
        <time>2025-05-09T12:52:44</time>
      </trkpt>
      <trkpt lat="46.50543381460011" lon="23.60688135959208">
        <ele>367.20000000000005</ele>
        <time>2025-05-09T12:52:50</time>
      </trkpt>
      <trkpt lat="46.50508395396173" lon="23.607099037617445">
        <ele>367.20000000000005</ele>
        <time>2025-05-09T12:52:57</time>
      </trkpt>
      <trkpt lat="46.50480944663286" lon="23.607333647087216">
        <ele>367.4</ele>
        <time>2025-05-09T12:53:03</time>
      </trkpt>
      <trkpt lat="46.50455706752837" lon="23.60764268785715">
        <ele>367.4</ele>
        <time>2025-05-09T12:53:09</time>
      </trkpt>
      <trkpt lat="46.50438607670367" lon="23.608058094978333">
        <ele>367.4</ele>
        <time>2025-05-09T12:53:15</time>
      </trkpt>
      <trkpt lat="46.50423335842788" lon="23.608547849580646">
        <ele>367.4</ele>
        <time>2025-05-09T12:53:22</time>
      </trkpt>
      <trkpt lat="46.50407443754375" lon="23.608708027750254">
        <ele>367.4</ele>
        <time>2025-05-09T12:53:26</time>
      </trkpt>
      <trkpt lat="46.50391702540219" lon="23.608648516237736">
        <ele>367.6</ele>
        <time>2025-05-09T12:53:30</time>
      </trkpt>
      <trkpt lat="46.503845527768135" lon="23.60857249237597">
        <ele>367.6</ele>
        <time>2025-05-09T12:53:32</time>
      </trkpt>
      <trkpt lat="46.50365416891873" lon="23.608369398862123">
        <ele>368.4</ele>
        <time>2025-05-09T12:53:37</time>
      </trkpt>
      <trkpt lat="46.50325611233711" lon="23.60794468782842">
        <ele>368.79999999999995</ele>
        <time>2025-05-09T12:53:47</time>
      </trkpt>
      <trkpt lat="46.50298512540758" lon="23.607632126659155">
        <ele>369.0</ele>
        <time>2025-05-09T12:53:54</time>
      </trkpt>
      <trkpt lat="46.50272352620959" lon="23.607221581041813">
        <ele>369.0</ele>
        <time>2025-05-09T12:54:01</time>
      </trkpt>
      <trkpt lat="46.50269402191043" lon="23.607154358178377">
        <ele>368.79999999999995</ele>
        <time>2025-05-09T12:54:02</time>
      </trkpt>
      <trkpt lat="46.502605425193906" lon="23.606845485046506">
        <ele>368.4</ele>
        <time>2025-05-09T12:54:06</time>
      </trkpt>
      <trkpt lat="46.50254960171878" lon="23.606364531442523">
        <ele>367.6</ele>
        <time>2025-05-09T12:54:12</time>
      </trkpt>
      <trkpt lat="46.50256452150643" lon="23.606062531471252">
        <ele>367.4</ele>
        <time>2025-05-09T12:54:16</time>
      </trkpt>
      <trkpt lat="46.502588326111436" lon="23.60583462752402">
        <ele>367.4</ele>
        <time>2025-05-09T12:54:19</time>
      </trkpt>
      <trkpt lat="46.50272252038121" lon="23.60524395480752">
        <ele>367.4</ele>
        <time>2025-05-09T12:54:27</time>
      </trkpt>
      <trkpt lat="46.50294464081526" lon="23.60473475418985">
        <ele>367.4</ele>
        <time>2025-05-09T12:54:35</time>
      </trkpt>
      <trkpt lat="46.503261057659984" lon="23.604280119761825">
        <ele>367.6</ele>
        <time>2025-05-09T12:54:44</time>
      </trkpt>
      <trkpt lat="46.50365215726197" lon="23.603786760941148">
        <ele>367.6</ele>
        <time>2025-05-09T12:54:55</time>
      </trkpt>
      <trkpt lat="46.503953486680984" lon="23.603403205052018">
        <ele>367.79999999999995</ele>
        <time>2025-05-09T12:55:04</time>
      </trkpt>
      <trkpt lat="46.504210475832224" lon="23.60308561474085">
        <ele>368.0</ele>
        <time>2025-05-09T12:55:12</time>
      </trkpt>
      <trkpt lat="46.50433871895075" lon="23.602924095466733">
        <ele>368.0</ele>
        <time>2025-05-09T12:55:18</time>
      </trkpt>
      <trkpt lat="46.50451163761318" lon="23.60269141383469">
        <ele>368.4</ele>
        <time>2025-05-09T12:55:27</time>
      </trkpt>
      <trkpt lat="46.50454709306359" lon="23.6026356741786">
        <ele>368.6</ele>
        <time>2025-05-09T12:55:29</time>
      </trkpt>
      <trkpt lat="46.50464457459748" lon="23.602484799921513">
        <ele>369.20000000000005</ele>
        <time>2025-05-09T12:55:35</time>
      </trkpt>
      <trkpt lat="46.50467349216342" lon="23.602432077750564">
        <ele>369.6</ele>
        <time>2025-05-09T12:55:37</time>
      </trkpt>
      <trkpt lat="46.50476862676442" lon="23.602248765528202">
        <ele>370.6</ele>
        <time>2025-05-09T12:55:44</time>
      </trkpt>
      <trkpt lat="46.504780780524015" lon="23.602220015600324">
        <ele>370.79999999999995</ele>
        <time>2025-05-09T12:55:45</time>
      </trkpt>
      <trkpt lat="46.5048592351377" lon="23.602048438042402">
        <ele>371.6</ele>
        <time>2025-05-09T12:55:51</time>
      </trkpt>
      <trkpt lat="46.50487222708762" lon="23.602019604295492">
        <ele>371.79999999999995</ele>
        <time>2025-05-09T12:55:52</time>
      </trkpt>
      <trkpt lat="46.50494431145489" lon="23.60180008225143">
        <ele>373.0</ele>
        <time>2025-05-09T12:55:59</time>
      </trkpt>
      <trkpt lat="46.504962081089616" lon="23.601732859387994">
        <ele>373.4</ele>
        <time>2025-05-09T12:56:01</time>
      </trkpt>
      <trkpt lat="46.50500491261482" lon="23.60154217109084">
        <ele>374.20000000000005</ele>
        <time>2025-05-09T12:56:06</time>
      </trkpt>
      <trkpt lat="46.50502435863018" lon="23.60142038203776">
        <ele>374.4</ele>
        <time>2025-05-09T12:56:09</time>
      </trkpt>
      <trkpt lat="46.50503852404654" lon="23.601119136437774">
        <ele>375.0</ele>
        <time>2025-05-09T12:56:16</time>
      </trkpt>
      <trkpt lat="46.505039697512984" lon="23.601028947159648">
        <ele>375.20000000000005</ele>
        <time>2025-05-09T12:56:18</time>
      </trkpt>
      <trkpt lat="46.50501589290798" lon="23.600749159231782">
        <ele>375.6</ele>
        <time>2025-05-09T12:56:24</time>
      </trkpt>
      <trkpt lat="46.50494959205389" lon="23.60047046095133">
        <ele>376.20000000000005</ele>
        <time>2025-05-09T12:56:30</time>
      </trkpt>
      <trkpt lat="46.504769548773766" lon="23.60015345737338">
        <ele>376.20000000000005</ele>
        <time>2025-05-09T12:56:37</time>
      </trkpt>
      <trkpt lat="46.50449085049331" lon="23.599707204848528">
        <ele>376.20000000000005</ele>
        <time>2025-05-09T12:56:46</time>
      </trkpt>
      <trkpt lat="46.50445941835642" lon="23.599657667800784">
        <ele>376.20000000000005</ele>
        <time>2025-05-09T12:56:47</time>
      </trkpt>
      <trkpt lat="46.504290690645576" lon="23.599357176572084">
        <ele>376.20000000000005</ele>
        <time>2025-05-09T12:56:53</time>
      </trkpt>
      <trkpt lat="46.50401618331671" lon="23.59883263707161">
        <ele>376.79999999999995</ele>
        <time>2025-05-09T12:57:04</time>
      </trkpt>
      <trkpt lat="46.503803534433246" lon="23.598421337082982">
        <ele>377.20000000000005</ele>
        <time>2025-05-09T12:57:13</time>
      </trkpt>
      <trkpt lat="46.5037317853421" lon="23.598288232460618">
        <ele>377.4</ele>
        <time>2025-05-09T12:57:16</time>
      </trkpt>
      <trkpt lat="46.50350723415613" lon="23.597828401252627">
        <ele>378.0</ele>
        <time>2025-05-09T12:57:26</time>
      </trkpt>
      <trkpt lat="46.503469767048955" lon="23.597733434289694">
        <ele>378.20000000000005</ele>
        <time>2025-05-09T12:57:28</time>
      </trkpt>
      <trkpt lat="46.50334822945297" lon="23.59734769910574">
        <ele>379.0</ele>
        <time>2025-05-09T12:57:36</time>
      </trkpt>
      <trkpt lat="46.503293914720416" lon="23.59716698527336">
        <ele>379.4</ele>
        <time>2025-05-09T12:57:40</time>
      </trkpt>
      <trkpt lat="46.503244461491704" lon="23.596991300582886">
        <ele>380.0</ele>
        <time>2025-05-09T12:57:44</time>
      </trkpt>
      <trkpt lat="46.503189811483026" lon="23.596814526244998">
        <ele>380.4</ele>
        <time>2025-05-09T12:57:48</time>
      </trkpt>
      <trkpt lat="46.50310255587101" lon="23.596612103283405">
        <ele>380.79999999999995</ele>
        <time>2025-05-09T12:57:53</time>
      </trkpt>
      <trkpt lat="46.502966517582536" lon="23.596329297870398">
        <ele>381.4</ele>
        <time>2025-05-09T12:58:00</time>
      </trkpt>
      <trkpt lat="46.502861492335796" lon="23.59613299369812">
        <ele>382.0</ele>
        <time>2025-05-09T12:58:05</time>
      </trkpt>
      <trkpt lat="46.50276744738221" lon="23.595924032852054">
        <ele>382.4</ele>
        <time>2025-05-09T12:58:10</time>
      </trkpt>
      <trkpt lat="46.50270449928939" lon="23.595746671780944">
        <ele>382.79999999999995</ele>
        <time>2025-05-09T12:58:14</time>
      </trkpt>
      <trkpt lat="46.50262160226703" lon="23.595474176108837">
        <ele>383.4</ele>
        <time>2025-05-09T12:58:20</time>
      </trkpt>
      <trkpt lat="46.50260861031711" lon="23.595427572727203">
        <ele>383.6</ele>
        <time>2025-05-09T12:58:21</time>
      </trkpt>
      <trkpt lat="46.50253174826503" lon="23.595145102590322">
        <ele>384.6</ele>
        <time>2025-05-09T12:58:27</time>
      </trkpt>
      <trkpt lat="46.50250559672713" lon="23.595048459246755">
        <ele>384.79999999999995</ele>
        <time>2025-05-09T12:58:29</time>
      </trkpt>
      <trkpt lat="46.50240275077522" lon="23.594767916947603">
        <ele>385.6</ele>
        <time>2025-05-09T12:58:35</time>
      </trkpt>
      <trkpt lat="46.502344412729144" lon="23.594626765698195">
        <ele>386.20000000000005</ele>
        <time>2025-05-09T12:58:38</time>
      </trkpt>
      <trkpt lat="46.502280961722136" lon="23.59447555616498">
        <ele>386.79999999999995</ele>
        <time>2025-05-09T12:58:41</time>
      </trkpt>
      <trkpt lat="46.50221868418157" lon="23.59433390200138">
        <ele>387.20000000000005</ele>
        <time>2025-05-09T12:58:44</time>
      </trkpt>
      <trkpt lat="46.50208465754986" lon="23.59389896504581">
        <ele>387.6</ele>
        <time>2025-05-09T12:58:53</time>
      </trkpt>
      <trkpt lat="46.502075185999274" lon="23.593848422169685">
        <ele>387.6</ele>
        <time>2025-05-09T12:58:54</time>
      </trkpt>
      <trkpt lat="46.50203327648342" lon="23.59332002699375">
        <ele>388.6</ele>
        <time>2025-05-09T12:59:04</time>
      </trkpt>
      <trkpt lat="46.502032186836004" lon="23.59326722100377">
        <ele>388.79999999999995</ele>
        <time>2025-05-09T12:59:05</time>
      </trkpt>
      <trkpt lat="46.50199195370078" lon="23.59284309670329">
        <ele>389.6</ele>
        <time>2025-05-09T12:59:13</time>
      </trkpt>
      <trkpt lat="46.50197686627507" lon="23.592735892161727">
        <ele>389.79999999999995</ele>
        <time>2025-05-09T12:59:15</time>
      </trkpt>
      <trkpt lat="46.5019182767719" lon="23.592353174462914">
        <ele>391.0</ele>
        <time>2025-05-09T12:59:22</time>
      </trkpt>
      <trkpt lat="46.50182004086673" lon="23.591895019635558">
        <ele>392.0</ele>
        <time>2025-05-09T12:59:31</time>
      </trkpt>
      <trkpt lat="46.50176572613418" lon="23.591772224754095">
        <ele>392.0</ele>
        <time>2025-05-09T12:59:35</time>
      </trkpt>
      <trkpt lat="46.501744436100125" lon="23.59175386838615">
        <ele>392.20000000000005</ele>
        <time>2025-05-09T12:59:36</time>
      </trkpt>
      <trkpt lat="46.50167419575155" lon="23.591676838696003">
        <ele>392.79999999999995</ele>
        <time>2025-05-09T12:59:41</time>
      </trkpt>
      <trkpt lat="46.501674531027675" lon="23.59167424030602">
        <ele>392.79999999999995</ele>
        <time>2025-05-09T12:59:42</time>
      </trkpt>
      <trkpt lat="46.501671178266406" lon="23.591674072667956">
        <ele>393.0</ele>
        <time>2025-05-09T12:59:48</time>
      </trkpt>
      <trkpt lat="46.50167277082801" lon="23.591684633865952">
        <ele>393.20000000000005</ele>
        <time>2025-05-09T13:00:01</time>
      </trkpt>
      <trkpt lat="46.50167277082801" lon="23.591686729341745">
        <ele>393.4</ele>
        <time>2025-05-09T13:00:14</time>
      </trkpt>
      <trkpt lat="46.50167277082801" lon="23.591688238084316">
        <ele>393.4</ele>
        <time>2025-05-09T13:00:51</time>
      </trkpt>
      <trkpt lat="46.5016732737422" lon="23.59168798662722">
        <ele>393.6</ele>
        <time>2025-05-09T13:00:56</time>
      </trkpt>
      <trkpt lat="46.50167427957058" lon="23.59168840572238">
        <ele>393.6</ele>
        <time>2025-05-09T13:01:41</time>
      </trkpt>
      <trkpt lat="46.50167495012283" lon="23.591688740998507">
        <ele>393.6</ele>
        <time>2025-05-09T13:01:48</time>
      </trkpt>
      <trkpt lat="46.50167578831315" lon="23.591689663007855">
        <ele>393.20000000000005</ele>
        <time>2025-05-09T13:02:23</time>
      </trkpt>
      <trkpt lat="46.50167495012283" lon="23.59169326722622">
        <ele>393.0</ele>
        <time>2025-05-09T13:03:15</time>
      </trkpt>
      <trkpt lat="46.5016767103225" lon="23.591674491763115">
        <ele>393.20000000000005</ele>
        <time>2025-05-09T13:03:29</time>
      </trkpt>
      <trkpt lat="46.50167930871248" lon="23.591658985242248">
        <ele>393.20000000000005</ele>
        <time>2025-05-09T13:03:30</time>
      </trkpt>
      <trkpt lat="46.501676458865404" lon="23.591568795964122">
        <ele>393.20000000000005</ele>
        <time>2025-05-09T13:03:33</time>
      </trkpt>
      <trkpt lat="46.501650558784604" lon="23.591505009680986">
        <ele>393.20000000000005</ele>
        <time>2025-05-09T13:03:35</time>
      </trkpt>
      <trkpt lat="46.501608062535524" lon="23.5914093721658">
        <ele>393.4</ele>
        <time>2025-05-09T13:03:38</time>
      </trkpt>
      <trkpt lat="46.50153857655823" lon="23.59126285649836">
        <ele>393.4</ele>
        <time>2025-05-09T13:03:42</time>
      </trkpt>
      <trkpt lat="46.50148233398795" lon="23.59115146100521">
        <ele>393.79999999999995</ele>
        <time>2025-05-09T13:03:45</time>
      </trkpt>
      <trkpt lat="46.501356437802315" lon="23.590942583978176">
        <ele>394.6</ele>
        <time>2025-05-09T13:03:51</time>
      </trkpt>
      <trkpt lat="46.501310002058744" lon="23.590863710269332">
        <ele>395.20000000000005</ele>
        <time>2025-05-09T13:03:53</time>
      </trkpt>
      <trkpt lat="46.50126147083938" lon="23.59078441746533">
        <ele>395.6</ele>
        <time>2025-05-09T13:03:55</time>
      </trkpt>
      <trkpt lat="46.50109039619565" lon="23.59050546772778">
        <ele>396.20000000000005</ele>
        <time>2025-05-09T13:04:02</time>
      </trkpt>
      <trkpt lat="46.500908425077796" lon="23.59023188240826">
        <ele>396.79999999999995</ele>
        <time>2025-05-09T13:04:09</time>
      </trkpt>
      <trkpt lat="46.500791581347585" lon="23.590085618197918">
        <ele>397.20000000000005</ele>
        <time>2025-05-09T13:04:13</time>
      </trkpt>
      <trkpt lat="46.50070063769817" lon="23.589979000389576">
        <ele>397.6</ele>
        <time>2025-05-09T13:04:16</time>
      </trkpt>
      <trkpt lat="46.50054456666112" lon="23.589812284335494">
        <ele>398.20000000000005</ele>
        <time>2025-05-09T13:04:21</time>
      </trkpt>
      <trkpt lat="46.50038346648216" lon="23.58964347280562">
        <ele>398.6</ele>
        <time>2025-05-09T13:04:26</time>
      </trkpt>
      <trkpt lat="46.50022462941706" lon="23.58946669846773">
        <ele>398.79999999999995</ele>
        <time>2025-05-09T13:04:31</time>
      </trkpt>
      <trkpt lat="46.49989614263177" lon="23.589052464812994">
        <ele>399.6</ele>
        <time>2025-05-09T13:04:42</time>
      </trkpt>
      <trkpt lat="46.49983889423311" lon="23.588966969400644">
        <ele>399.79999999999995</ele>
        <time>2025-05-09T13:04:44</time>
      </trkpt>
      <trkpt lat="46.499613001942635" lon="23.588594561442733">
        <ele>400.4</ele>
        <time>2025-05-09T13:04:52</time>
      </trkpt>
      <trkpt lat="46.49943480268121" lon="23.588336315006018">
        <ele>400.6</ele>
        <time>2025-05-09T13:04:58</time>
      </trkpt>
      <trkpt lat="46.4993348903954" lon="23.588224668055773">
        <ele>400.79999999999995</ele>
        <time>2025-05-09T13:05:01</time>
      </trkpt>
      <trkpt lat="46.49904043413699" lon="23.587983772158623">
        <ele>401.6</ele>
        <time>2025-05-09T13:05:09</time>
      </trkpt>
      <trkpt lat="46.498999362811446" lon="23.587960302829742">
        <ele>401.79999999999995</ele>
        <time>2025-05-09T13:05:10</time>
      </trkpt>
      <trkpt lat="46.498798532411456" lon="23.58783842995763">
        <ele>402.20000000000005</ele>
        <time>2025-05-09T13:05:15</time>
      </trkpt>
      <trkpt lat="46.49860977195203" lon="23.58769635669887">
        <ele>402.6</ele>
        <time>2025-05-09T13:05:20</time>
      </trkpt>
      <trkpt lat="46.49851438589394" lon="23.587567694485188">
        <ele>402.6</ele>
        <time>2025-05-09T13:05:23</time>
      </trkpt>
      <trkpt lat="46.498437859117985" lon="23.58741430565715">
        <ele>402.79999999999995</ele>
        <time>2025-05-09T13:05:26</time>
      </trkpt>
      <trkpt lat="46.49834481999278" lon="23.587197046726942">
        <ele>403.20000000000005</ele>
        <time>2025-05-09T13:05:30</time>
      </trkpt>
      <trkpt lat="46.49815714918077" lon="23.586758254095912">
        <ele>403.79999999999995</ele>
        <time>2025-05-09T13:05:38</time>
      </trkpt>
      <trkpt lat="46.498135942965746" lon="23.58670678921044">
        <ele>403.79999999999995</ele>
        <time>2025-05-09T13:05:39</time>
      </trkpt>
      <trkpt lat="46.497964868322015" lon="23.586297165602446">
        <ele>404.79999999999995</ele>
        <time>2025-05-09T13:05:47</time>
      </trkpt>
      <trkpt lat="46.497944835573435" lon="23.586247628554702">
        <ele>405.0</ele>
        <time>2025-05-09T13:05:48</time>
      </trkpt>
      <trkpt lat="46.49777811951935" lon="23.585845297202468">
        <ele>405.6</ele>
        <time>2025-05-09T13:05:56</time>
      </trkpt>
      <trkpt lat="46.49771450087428" lon="23.585692243650556">
        <ele>405.79999999999995</ele>
        <time>2025-05-09T13:05:59</time>
      </trkpt>
      <trkpt lat="46.49761022999883" lon="23.585444474592805">
        <ele>406.4</ele>
        <time>2025-05-09T13:06:04</time>
      </trkpt>
      <trkpt lat="46.49752381257713" lon="23.585249008610845">
        <ele>406.79999999999995</ele>
        <time>2025-05-09T13:06:08</time>
      </trkpt>
      <trkpt lat="46.497482657432556" lon="23.585151443257928">
        <ele>407.20000000000005</ele>
        <time>2025-05-09T13:06:10</time>
      </trkpt>
      <trkpt lat="46.49726196192205" lon="23.584722373634577">
        <ele>407.79999999999995</ele>
        <time>2025-05-09T13:06:19</time>
      </trkpt>
      <trkpt lat="46.497046295553446" lon="23.584305038675666">
        <ele>408.6</ele>
        <time>2025-05-09T13:06:28</time>
      </trkpt>
      <trkpt lat="46.49697672575712" lon="23.584173694252968">
        <ele>409.0</ele>
        <time>2025-05-09T13:06:31</time>
      </trkpt>
      <trkpt lat="46.496817134320736" lon="23.583925673738122">
        <ele>409.6</ele>
        <time>2025-05-09T13:06:37</time>
      </trkpt>
      <trkpt lat="46.49675636552274" lon="23.583857445046306">
        <ele>410.0</ele>
        <time>2025-05-09T13:06:39</time>
      </trkpt>
      <trkpt lat="46.496549835428596" lon="23.583682347089052">
        <ele>410.6</ele>
        <time>2025-05-09T13:06:45</time>
      </trkpt>
      <trkpt lat="46.4964753203094" lon="23.583629373461008">
        <ele>411.0</ele>
        <time>2025-05-09T13:06:47</time>
      </trkpt>
      <trkpt lat="46.49625579826534" lon="23.583475649356842">
        <ele>411.6</ele>
        <time>2025-05-09T13:06:53</time>
      </trkpt>
      <trkpt lat="46.49603099562228" lon="23.5832257848233">
        <ele>412.0</ele>
        <time>2025-05-09T13:07:00</time>
      </trkpt>
      <trkpt lat="46.496000569313765" lon="23.583184210583568">
        <ele>412.20000000000005</ele>
        <time>2025-05-09T13:07:01</time>
      </trkpt>
      <trkpt lat="46.49580133147538" lon="23.5828993935138">
        <ele>412.79999999999995</ele>
        <time>2025-05-09T13:07:08</time>
      </trkpt>
      <trkpt lat="46.49571642279625" lon="23.58277291059494">
        <ele>413.20000000000005</ele>
        <time>2025-05-09T13:07:11</time>
      </trkpt>
      <trkpt lat="46.495606703683734" lon="23.582621114328504">
        <ele>413.79999999999995</ele>
        <time>2025-05-09T13:07:15</time>
      </trkpt>
      <trkpt lat="46.49548248387873" lon="23.582424307242036">
        <ele>414.20000000000005</ele>
        <time>2025-05-09T13:07:20</time>
      </trkpt>
      <trkpt lat="46.495440071448684" lon="23.58233110047877">
        <ele>414.6</ele>
        <time>2025-05-09T13:07:22</time>
      </trkpt>
      <trkpt lat="46.49530990049243" lon="23.58199205249548">
        <ele>415.4</ele>
        <time>2025-05-09T13:07:29</time>
      </trkpt>
      <trkpt lat="46.49528106674552" lon="23.581891134381294">
        <ele>415.4</ele>
        <time>2025-05-09T13:07:31</time>
      </trkpt>
      <trkpt lat="46.49516229517758" lon="23.58155284076929">
        <ele>416.20000000000005</ele>
        <time>2025-05-09T13:07:38</time>
      </trkpt>
      <trkpt lat="46.49513756856322" lon="23.581512942910194">
        <ele>416.4</ele>
        <time>2025-05-09T13:07:39</time>
      </trkpt>
      <trkpt lat="46.49499180726707" lon="23.581333067268133">
        <ele>416.79999999999995</ele>
        <time>2025-05-09T13:07:44</time>
      </trkpt>
      <trkpt lat="46.49480178952217" lon="23.581168614327908">
        <ele>417.0</ele>
        <time>2025-05-09T13:07:50</time>
      </trkpt>
      <trkpt lat="46.494617806747556" lon="23.581078425049782">
        <ele>417.4</ele>
        <time>2025-05-09T13:07:56</time>
      </trkpt>
      <trkpt lat="46.49455804377794" lon="23.581047747284174">
        <ele>417.4</ele>
        <time>2025-05-09T13:07:58</time>
      </trkpt>
      <trkpt lat="46.49442016147077" lon="23.58094389550388">
        <ele>418.0</ele>
        <time>2025-05-09T13:08:03</time>
      </trkpt>
      <trkpt lat="46.49430725723505" lon="23.580799140036106">
        <ele>418.6</ele>
        <time>2025-05-09T13:08:08</time>
      </trkpt>
      <trkpt lat="46.494233664125204" lon="23.580692438408732">
        <ele>419.0</ele>
        <time>2025-05-09T13:08:11</time>
      </trkpt>
      <trkpt lat="46.494055297225714" lon="23.580464031547308">
        <ele>419.6</ele>
        <time>2025-05-09T13:08:17</time>
      </trkpt>
      <trkpt lat="46.49402629584074" lon="23.58042849227786">
        <ele>419.79999999999995</ele>
        <time>2025-05-09T13:08:18</time>
      </trkpt>
      <trkpt lat="46.493895119056106" lon="23.580228751525283">
        <ele>420.4</ele>
        <time>2025-05-09T13:08:23</time>
      </trkpt>
      <trkpt lat="46.49373343214393" lon="23.579987520352006">
        <ele>420.79999999999995</ele>
        <time>2025-05-09T13:08:29</time>
      </trkpt>
      <trkpt lat="46.49370417930186" lon="23.579949298873544">
        <ele>420.79999999999995</ele>
        <time>2025-05-09T13:08:30</time>
      </trkpt>
      <trkpt lat="46.493473341688514" lon="23.579735895618796">
        <ele>421.20000000000005</ele>
        <time>2025-05-09T13:08:37</time>
      </trkpt>
      <trkpt lat="46.493253065273166" lon="23.579622572287917">
        <ele>421.6</ele>
        <time>2025-05-09T13:08:43</time>
      </trkpt>
      <trkpt lat="46.49309548549354" lon="23.579567670822144">
        <ele>421.79999999999995</ele>
        <time>2025-05-09T13:08:47</time>
      </trkpt>
      <trkpt lat="46.49298895150423" lon="23.57952148653567">
        <ele>422.0</ele>
        <time>2025-05-09T13:08:50</time>
      </trkpt>
      <trkpt lat="46.49267337284982" lon="23.579384945333004">
        <ele>422.6</ele>
        <time>2025-05-09T13:08:59</time>
      </trkpt>
      <trkpt lat="46.49264009669423" lon="23.579370947554708">
        <ele>422.79999999999995</ele>
        <time>2025-05-09T13:09:00</time>
      </trkpt>
      <trkpt lat="46.492420909926295" lon="23.579308250918984">
        <ele>423.4</ele>
        <time>2025-05-09T13:09:06</time>
      </trkpt>
      <trkpt lat="46.49227422662079" lon="23.579303389415145">
        <ele>423.79999999999995</ele>
        <time>2025-05-09T13:09:10</time>
      </trkpt>
      <trkpt lat="46.492164339870214" lon="23.579312693327665">
        <ele>423.79999999999995</ele>
        <time>2025-05-09T13:09:13</time>
      </trkpt>
      <trkpt lat="46.49188036099076" lon="23.579360218718648">
        <ele>424.79999999999995</ele>
        <time>2025-05-09T13:09:21</time>
      </trkpt>
      <trkpt lat="46.49184959940612" lon="23.579367762431502">
        <ele>424.79999999999995</ele>
        <time>2025-05-09T13:09:22</time>
      </trkpt>
      <trkpt lat="46.49159680120647" lon="23.579409001395106">
        <ele>425.79999999999995</ele>
        <time>2025-05-09T13:09:30</time>
      </trkpt>
      <trkpt lat="46.49156494997442" lon="23.57941704802215">
        <ele>426.0</ele>
        <time>2025-05-09T13:09:31</time>
      </trkpt>
      <trkpt lat="46.49133671075106" lon="23.57946683652699">
        <ele>426.79999999999995</ele>
        <time>2025-05-09T13:09:38</time>
      </trkpt>
      <trkpt lat="46.49130376987159" lon="23.57947421260178">
        <ele>427.0</ele>
        <time>2025-05-09T13:09:39</time>
      </trkpt>
      <trkpt lat="46.491036135703325" lon="23.579565323889256">
        <ele>428.20000000000005</ele>
        <time>2025-05-09T13:09:47</time>
      </trkpt>
      <trkpt lat="46.49097042158246" lon="23.579589212313294">
        <ele>428.4</ele>
        <time>2025-05-09T13:09:49</time>
      </trkpt>
      <trkpt lat="46.490675043314695" lon="23.57966464944184">
        <ele>428.79999999999995</ele>
        <time>2025-05-09T13:09:58</time>
      </trkpt>
      <trkpt lat="46.490489384159446" lon="23.579723155125976">
        <ele>429.4</ele>
        <time>2025-05-09T13:10:05</time>
      </trkpt>
      <trkpt lat="46.490466836839914" lon="23.57973505742848">
        <ele>429.6</ele>
        <time>2025-05-09T13:10:06</time>
      </trkpt>
      <trkpt lat="46.4903468079865" lon="23.579798005521297">
        <ele>430.4</ele>
        <time>2025-05-09T13:10:11</time>
      </trkpt>
      <trkpt lat="46.490301713347435" lon="23.579816948622465">
        <ele>430.79999999999995</ele>
        <time>2025-05-09T13:10:13</time>
      </trkpt>
      <trkpt lat="46.49019551463425" lon="23.57988358475268">
        <ele>431.6</ele>
        <time>2025-05-09T13:10:18</time>
      </trkpt>
      <trkpt lat="46.49013290181756" lon="23.57992867939174">
        <ele>432.20000000000005</ele>
        <time>2025-05-09T13:10:21</time>
      </trkpt>
      <trkpt lat="46.49003282189369" lon="23.5800136718899">
        <ele>432.79999999999995</ele>
        <time>2025-05-09T13:10:26</time>
      </trkpt>
      <trkpt lat="46.4900132920593" lon="23.580028507858515">
        <ele>433.0</ele>
        <time>2025-05-09T13:10:27</time>
      </trkpt>
      <trkpt lat="46.48989200592041" lon="23.58013529330492">
        <ele>434.0</ele>
        <time>2025-05-09T13:10:33</time>
      </trkpt>
      <trkpt lat="46.489849677309394" lon="23.580174269154668">
        <ele>434.20000000000005</ele>
        <time>2025-05-09T13:10:35</time>
      </trkpt>
      <trkpt lat="46.48968639783561" lon="23.580275857821107">
        <ele>435.0</ele>
        <time>2025-05-09T13:10:42</time>
      </trkpt>
      <trkpt lat="46.48949386551976" lon="23.580326065421104">
        <ele>436.20000000000005</ele>
        <time>2025-05-09T13:10:50</time>
      </trkpt>
      <trkpt lat="46.48934374563396" lon="23.58035271987319">
        <ele>437.20000000000005</ele>
        <time>2025-05-09T13:10:56</time>
      </trkpt>
      <trkpt lat="46.489298986271024" lon="23.58035615645349">
        <ele>437.6</ele>
        <time>2025-05-09T13:10:58</time>
      </trkpt>
      <trkpt lat="46.4892035163939" lon="23.580395551398396">
        <ele>438.4</ele>
        <time>2025-05-09T13:11:02</time>
      </trkpt>
      <trkpt lat="46.48910628631711" lon="23.58043033629656">
        <ele>439.0</ele>
        <time>2025-05-09T13:11:06</time>
      </trkpt>
      <trkpt lat="46.489082146435976" lon="23.58043913729489">
        <ele>439.79999999999995</ele>
        <time>2025-05-09T13:11:07</time>
      </trkpt>
      <trkpt lat="46.48889749310911" lon="23.580509293824434">
        <ele>440.79999999999995</ele>
        <time>2025-05-09T13:11:14</time>
      </trkpt>
      <trkpt lat="46.48884301073849" lon="23.580525051802397">
        <ele>440.79999999999995</ele>
        <time>2025-05-09T13:11:16</time>
      </trkpt>
      <trkpt lat="46.48868761025369" lon="23.580528739839792">
        <ele>441.20000000000005</ele>
        <time>2025-05-09T13:11:22</time>
      </trkpt>
      <trkpt lat="46.48850932717323" lon="23.580527398735285">
        <ele>441.79999999999995</ele>
        <time>2025-05-09T13:11:29</time>
      </trkpt>
      <trkpt lat="46.48848267272115" lon="23.58052773401141">
        <ele>442.0</ele>
        <time>2025-05-09T13:11:30</time>
      </trkpt>
      <trkpt lat="46.48829382844269" lon="23.580565620213747">
        <ele>442.79999999999995</ele>
        <time>2025-05-09T13:11:37</time>
      </trkpt>
      <trkpt lat="46.488268095999956" lon="23.580569308251143">
        <ele>443.0</ele>
        <time>2025-05-09T13:11:38</time>
      </trkpt>
      <trkpt lat="46.48807975463569" lon="23.580607194453478">
        <ele>443.4</ele>
        <time>2025-05-09T13:11:45</time>
      </trkpt>
      <trkpt lat="46.48793935775757" lon="23.580640135332942">
        <ele>444.0</ele>
        <time>2025-05-09T13:11:50</time>
      </trkpt>
      <trkpt lat="46.48785939440131" lon="23.58065673150122">
        <ele>444.4</ele>
        <time>2025-05-09T13:11:53</time>
      </trkpt>
      <trkpt lat="46.487740790471435" lon="23.580681961029768">
        <ele>445.0</ele>
        <time>2025-05-09T13:11:58</time>
      </trkpt>
      <trkpt lat="46.48759461008012" lon="23.580712722614408">
        <ele>445.79999999999995</ele>
        <time>2025-05-09T13:12:04</time>
      </trkpt>
      <trkpt lat="46.48757038637996" lon="23.580717500299215">
        <ele>446.0</ele>
        <time>2025-05-09T13:12:05</time>
      </trkpt>
      <trkpt lat="46.48745857179165" lon="23.58075136318803">
        <ele>447.0</ele>
        <time>2025-05-09T13:12:10</time>
      </trkpt>
      <trkpt lat="46.4874351862818" lon="23.58075932599604">
        <ele>447.20000000000005</ele>
        <time>2025-05-09T13:12:11</time>
      </trkpt>
      <trkpt lat="46.48731926456094" lon="23.580782627686858">
        <ele>448.4</ele>
        <time>2025-05-09T13:12:16</time>
      </trkpt>
      <trkpt lat="46.48724768310785" lon="23.580805929377675">
        <ele>449.0</ele>
        <time>2025-05-09T13:12:19</time>
      </trkpt>
      <trkpt lat="46.487199906259775" lon="23.58081540092826">
        <ele>449.6</ele>
        <time>2025-05-09T13:12:21</time>
      </trkpt>
      <trkpt lat="46.48709110915661" lon="23.58086242340505">
        <ele>450.6</ele>
        <time>2025-05-09T13:12:26</time>
      </trkpt>
      <trkpt lat="46.48702145554125" lon="23.580893268808722">
        <ele>451.0</ele>
        <time>2025-05-09T13:12:29</time>
      </trkpt>
      <trkpt lat="46.48690201342106" lon="23.58095764182508">
        <ele>451.79999999999995</ele>
        <time>2025-05-09T13:12:34</time>
      </trkpt>
      <trkpt lat="46.48682037368417" lon="23.58099091798067">
        <ele>452.0</ele>
        <time>2025-05-09T13:12:37</time>
      </trkpt>
      <trkpt lat="46.48664879612625" lon="23.58101581223309">
        <ele>452.4</ele>
        <time>2025-05-09T13:12:43</time>
      </trkpt>
      <trkpt lat="46.48645643144846" lon="23.581016147509217">
        <ele>452.79999999999995</ele>
        <time>2025-05-09T13:12:50</time>
      </trkpt>
      <trkpt lat="46.48629264906049" lon="23.581006256863475">
        <ele>454.0</ele>
        <time>2025-05-09T13:12:56</time>
      </trkpt>
      <trkpt lat="46.486139595508575" lon="23.58098689466715">
        <ele>455.0</ele>
        <time>2025-05-09T13:13:01</time>
      </trkpt>
      <trkpt lat="46.48607631213963" lon="23.580978931859136">
        <ele>455.4</ele>
        <time>2025-05-09T13:13:03</time>
      </trkpt>
      <trkpt lat="46.4858328178525" lon="23.580938363447785">
        <ele>455.79999999999995</ele>
        <time>2025-05-09T13:13:10</time>
      </trkpt>
      <trkpt lat="46.485615726560354" lon="23.580919839441776">
        <ele>456.0</ele>
        <time>2025-05-09T13:13:16</time>
      </trkpt>
      <trkpt lat="46.48550793528557" lon="23.580909445881844">
        <ele>456.0</ele>
        <time>2025-05-09T13:13:19</time>
      </trkpt>
      <trkpt lat="46.48528967052698" lon="23.58091028407216">
        <ele>457.0</ele>
        <time>2025-05-09T13:13:25</time>
      </trkpt>
      <trkpt lat="46.48521926254034" lon="23.580910535529256">
        <ele>457.4</ele>
        <time>2025-05-09T13:13:27</time>
      </trkpt>
      <trkpt lat="46.48505195975304" lon="23.580924198031425">
        <ele>458.20000000000005</ele>
        <time>2025-05-09T13:13:32</time>
      </trkpt>
      <trkpt lat="46.48496135137975" lon="23.580931657925248">
        <ele>458.6</ele>
        <time>2025-05-09T13:13:35</time>
      </trkpt>
      <trkpt lat="46.484814835712314" lon="23.580942302942276">
        <ele>459.20000000000005</ele>
        <time>2025-05-09T13:13:40</time>
      </trkpt>
      <trkpt lat="46.48472540080547" lon="23.580945320427418">
        <ele>459.6</ele>
        <time>2025-05-09T13:13:43</time>
      </trkpt>
      <trkpt lat="46.484552482143044" lon="23.580942219123244">
        <ele>460.79999999999995</ele>
        <time>2025-05-09T13:13:49</time>
      </trkpt>
      <trkpt lat="46.48449280299246" lon="23.58093660324812">
        <ele>461.20000000000005</ele>
        <time>2025-05-09T13:13:51</time>
      </trkpt>
      <trkpt lat="46.484382916241884" lon="23.58092587441206">
        <ele>461.79999999999995</ele>
        <time>2025-05-09T13:13:55</time>
      </trkpt>
      <trkpt lat="46.48429976776242" lon="23.58091606758535">
        <ele>462.20000000000005</ele>
        <time>2025-05-09T13:13:58</time>
      </trkpt>
      <trkpt lat="46.48408921435475" lon="23.580851946026087">
        <ele>462.6</ele>
        <time>2025-05-09T13:14:05</time>
      </trkpt>
      <trkpt lat="46.48389207199216" lon="23.580789752304554">
        <ele>463.0</ele>
        <time>2025-05-09T13:14:11</time>
      </trkpt>
      <trkpt lat="46.48382845334709" lon="23.580759074538946">
        <ele>463.0</ele>
        <time>2025-05-09T13:14:13</time>
      </trkpt>
      <trkpt lat="46.483598705381155" lon="23.580672908574343">
        <ele>463.20000000000005</ele>
        <time>2025-05-09T13:14:20</time>
      </trkpt>
      <trkpt lat="46.483363173902035" lon="23.580594956874847">
        <ele>464.0</ele>
        <time>2025-05-09T13:14:27</time>
      </trkpt>
      <trkpt lat="46.483328556641936" lon="23.58058573678136">
        <ele>464.20000000000005</ele>
        <time>2025-05-09T13:14:28</time>
      </trkpt>
      <trkpt lat="46.48307014256716" lon="23.580520525574684">
        <ele>465.4</ele>
        <time>2025-05-09T13:14:36</time>
      </trkpt>
      <trkpt lat="46.48281801491976" lon="23.580467300489545">
        <ele>466.4</ele>
        <time>2025-05-09T13:14:44</time>
      </trkpt>
      <trkpt lat="46.482781218364835" lon="23.580464366823435">
        <ele>466.6</ele>
        <time>2025-05-09T13:14:45</time>
      </trkpt>
      <trkpt lat="46.482535963878036" lon="23.58041474595666">
        <ele>467.0</ele>
        <time>2025-05-09T13:14:51</time>
      </trkpt>
      <trkpt lat="46.48249011486769" lon="23.580406866967678">
        <ele>467.0</ele>
        <time>2025-05-09T13:14:52</time>
      </trkpt>
      <trkpt lat="46.4822959061712" lon="23.580379206687212">
        <ele>467.20000000000005</ele>
        <time>2025-05-09T13:14:56</time>
      </trkpt>
      <trkpt lat="46.48199080489576" lon="23.580428743734956">
        <ele>467.20000000000005</ele>
        <time>2025-05-09T13:15:02</time>
      </trkpt>
      <trkpt lat="46.48163155652583" lon="23.580575678497553">
        <ele>467.6</ele>
        <time>2025-05-09T13:15:10</time>
      </trkpt>
      <trkpt lat="46.481333915144205" lon="23.580595878884196">
        <ele>468.4</ele>
        <time>2025-05-09T13:15:16</time>
      </trkpt>
      <trkpt lat="46.481149680912495" lon="23.58056721277535">
        <ele>468.79999999999995</ele>
        <time>2025-05-09T13:15:20</time>
      </trkpt>
      <trkpt lat="46.48100241087377" lon="23.5805369541049">
        <ele>468.79999999999995</ele>
        <time>2025-05-09T13:15:23</time>
      </trkpt>
      <trkpt lat="46.48053704760969" lon="23.580397395417094">
        <ele>469.0</ele>
        <time>2025-05-09T13:15:32</time>
      </trkpt>
      <trkpt lat="46.48027863353491" lon="23.580370657145977">
        <ele>469.20000000000005</ele>
        <time>2025-05-09T13:15:37</time>
      </trkpt>
      <trkpt lat="46.480226162821054" lon="23.58038004487753">
        <ele>469.20000000000005</ele>
        <time>2025-05-09T13:15:38</time>
      </trkpt>
      <trkpt lat="46.47988015785813" lon="23.58051356859505">
        <ele>469.0</ele>
        <time>2025-05-09T13:15:44</time>
      </trkpt>
      <trkpt lat="46.47946902550757" lon="23.58072211034596">
        <ele>468.0</ele>
        <time>2025-05-09T13:15:51</time>
      </trkpt>
      <trkpt lat="46.47935830056667" lon="23.580786483362317">
        <ele>467.6</ele>
        <time>2025-05-09T13:15:53</time>
      </trkpt>
      <trkpt lat="46.479127714410424" lon="23.58092838898301">
        <ele>466.79999999999995</ele>
        <time>2025-05-09T13:15:57</time>
      </trkpt>
      <trkpt lat="46.47901229560375" lon="23.58101631514728">
        <ele>466.4</ele>
        <time>2025-05-09T13:15:59</time>
      </trkpt>
      <trkpt lat="46.47881926037371" lon="23.5812346637249">
        <ele>466.20000000000005</ele>
        <time>2025-05-09T13:16:03</time>
      </trkpt>
      <trkpt lat="46.478779781609774" lon="23.581300796940923">
        <ele>466.20000000000005</ele>
        <time>2025-05-09T13:16:04</time>
      </trkpt>
      <trkpt lat="46.47868481464684" lon="23.581511015072465">
        <ele>466.20000000000005</ele>
        <time>2025-05-09T13:16:07</time>
      </trkpt>
      <trkpt lat="46.4786590822041" lon="23.58158217743039">
        <ele>466.20000000000005</ele>
        <time>2025-05-09T13:16:08</time>
      </trkpt>
      <trkpt lat="46.47845062427223" lon="23.58223680406809">
        <ele>466.6</ele>
        <time>2025-05-09T13:16:17</time>
      </trkpt>
      <trkpt lat="46.4782639592886" lon="23.582590017467737">
        <ele>466.6</ele>
        <time>2025-05-09T13:16:23</time>
      </trkpt>
      <trkpt lat="46.478118197992444" lon="23.58274256810546">
        <ele>466.79999999999995</ele>
        <time>2025-05-09T13:16:27</time>
      </trkpt>
      <trkpt lat="46.478035217151046" lon="23.582796547561884">
        <ele>466.79999999999995</ele>
        <time>2025-05-09T13:16:29</time>
      </trkpt>
      <trkpt lat="46.47781619802117" lon="23.582861507311463">
        <ele>467.4</ele>
        <time>2025-05-09T13:16:35</time>
      </trkpt>
      <trkpt lat="46.477771354839206" lon="23.582838708534837">
        <ele>467.6</ele>
        <time>2025-05-09T13:16:37</time>
      </trkpt>
      <trkpt lat="46.47770413197577" lon="23.582801576703787">
        <ele>468.20000000000005</ele>
        <time>2025-05-09T13:16:41</time>
      </trkpt>
      <trkpt lat="46.477696001529694" lon="23.5827905125916">
        <ele>468.6</ele>
        <time>2025-05-09T13:16:43</time>
      </trkpt>
      <trkpt lat="46.47769348695874" lon="23.582782885059714">
        <ele>469.0</ele>
        <time>2025-05-09T13:16:47</time>
      </trkpt>
      <trkpt lat="46.47769398987293" lon="23.582783387973905">
        <ele>469.20000000000005</ele>
        <time>2025-05-09T13:17:00</time>
      </trkpt>
      <trkpt lat="46.47769642062485" lon="23.582782382145524">
        <ele>469.20000000000005</ele>
        <time>2025-05-09T13:17:15</time>
      </trkpt>
      <trkpt lat="46.47769717499614" lon="23.582782885059714">
        <ele>469.20000000000005</ele>
        <time>2025-05-09T13:17:37</time>
      </trkpt>
      <trkpt lat="46.47769776172936" lon="23.582782885059714">
        <ele>469.0</ele>
        <time>2025-05-09T13:18:09</time>
      </trkpt>
      <trkpt lat="46.477696504443884" lon="23.582783807069063">
        <ele>469.20000000000005</ele>
        <time>2025-05-09T13:18:36</time>
      </trkpt>
      <trkpt lat="46.477698013186455" lon="23.582783387973905">
        <ele>468.79999999999995</ele>
        <time>2025-05-09T13:19:12</time>
      </trkpt>
      <trkpt lat="46.47769725881517" lon="23.582758828997612">
        <ele>468.6</ele>
        <time>2025-05-09T13:19:38</time>
      </trkpt>
      <trkpt lat="46.47766850888729" lon="23.582738460972905">
        <ele>468.6</ele>
        <time>2025-05-09T13:19:41</time>
      </trkpt>
      <trkpt lat="46.4776854403317" lon="23.582791602239013">
        <ele>468.6</ele>
        <time>2025-05-09T13:19:45</time>
      </trkpt>
      <trkpt lat="46.47771687246859" lon="23.58289696276188">
        <ele>468.6</ele>
        <time>2025-05-09T13:19:51</time>
      </trkpt>
      <trkpt lat="46.47767789661884" lon="23.582962090149522">
        <ele>468.6</ele>
        <time>2025-05-09T13:19:54</time>
      </trkpt>
      <trkpt lat="46.47763925604522" lon="23.583004670217633">
        <ele>468.79999999999995</ele>
        <time>2025-05-09T13:19:56</time>
      </trkpt>
      <trkpt lat="46.4775126054883" lon="23.58313199132681">
        <ele>469.0</ele>
        <time>2025-05-09T13:20:03</time>
      </trkpt>
      <trkpt lat="46.47738754749298" lon="23.583255959674716">
        <ele>469.6</ele>
        <time>2025-05-09T13:20:09</time>
      </trkpt>
      <trkpt lat="46.47726324386895" lon="23.583386801183224">
        <ele>470.20000000000005</ele>
        <time>2025-05-09T13:20:15</time>
      </trkpt>
      <trkpt lat="46.47724228911102" lon="23.583408761769533">
        <ele>470.4</ele>
        <time>2025-05-09T13:20:16</time>
      </trkpt>
      <trkpt lat="46.47705478593707" lon="23.583551505580544">
        <ele>471.20000000000005</ele>
        <time>2025-05-09T13:20:24</time>
      </trkpt>
      <trkpt lat="46.477030059322715" lon="23.583567095920444">
        <ele>471.4</ele>
        <time>2025-05-09T13:20:25</time>
      </trkpt>
      <trkpt lat="46.476836521178484" lon="23.583656027913094">
        <ele>472.4</ele>
        <time>2025-05-09T13:20:32</time>
      </trkpt>
      <trkpt lat="46.47674608044326" lon="23.583684945479035">
        <ele>472.6</ele>
        <time>2025-05-09T13:20:35</time>
      </trkpt>
      <trkpt lat="46.4765543024987" lon="23.58374286442995">
        <ele>473.20000000000005</ele>
        <time>2025-05-09T13:20:41</time>
      </trkpt>
      <trkpt lat="46.47642890922725" lon="23.5837818402797">
        <ele>473.6</ele>
        <time>2025-05-09T13:20:45</time>
      </trkpt>
      <trkpt lat="46.476336708292365" lon="23.58382534235716">
        <ele>474.0</ele>
        <time>2025-05-09T13:20:48</time>
      </trkpt>
      <trkpt lat="46.476113414391875" lon="23.58387714251876">
        <ele>474.4</ele>
        <time>2025-05-09T13:20:55</time>
      </trkpt>
      <trkpt lat="46.47597142495215" lon="23.583923745900393">
        <ele>474.6</ele>
        <time>2025-05-09T13:20:59</time>
      </trkpt>
      <trkpt lat="46.47589489817619" lon="23.58396179974079">
        <ele>474.79999999999995</ele>
        <time>2025-05-09T13:21:01</time>
      </trkpt>
      <trkpt lat="46.47571234032512" lon="23.584023574367166">
        <ele>475.4</ele>
        <time>2025-05-09T13:21:06</time>
      </trkpt>
      <trkpt lat="46.475526094436646" lon="23.584129521623254">
        <ele>475.79999999999995</ele>
        <time>2025-05-09T13:21:11</time>
      </trkpt>
      <trkpt lat="46.475415620952845" lon="23.58418651856482">
        <ele>476.0</ele>
        <time>2025-05-09T13:21:14</time>
      </trkpt>
      <trkpt lat="46.475138599053025" lon="23.58437762595713">
        <ele>476.4</ele>
        <time>2025-05-09T13:21:22</time>
      </trkpt>
      <trkpt lat="46.474941205233335" lon="23.58447678387165">
        <ele>476.79999999999995</ele>
        <time>2025-05-09T13:21:28</time>
      </trkpt>
      <trkpt lat="46.474907509982586" lon="23.584496900439262">
        <ele>476.79999999999995</ele>
        <time>2025-05-09T13:21:29</time>
      </trkpt>
      <trkpt lat="46.474697291851044" lon="23.58462086878717">
        <ele>477.79999999999995</ele>
        <time>2025-05-09T13:21:35</time>
      </trkpt>
      <trkpt lat="46.47458338178694" lon="23.58465355820954">
        <ele>478.20000000000005</ele>
        <time>2025-05-09T13:21:38</time>
      </trkpt>
      <trkpt lat="46.47438439540565" lon="23.5846590064466">
        <ele>478.79999999999995</ele>
        <time>2025-05-09T13:21:43</time>
      </trkpt>
      <trkpt lat="46.47434122860432" lon="23.58465263620019">
        <ele>478.79999999999995</ele>
        <time>2025-05-09T13:21:44</time>
      </trkpt>
      <trkpt lat="46.47429881617427" lon="23.584642075002193">
        <ele>478.79999999999995</ele>
        <time>2025-05-09T13:21:45</time>
      </trkpt>
      <trkpt lat="46.47412983700633" lon="23.58459547162056">
        <ele>479.0</ele>
        <time>2025-05-09T13:21:49</time>
      </trkpt>
      <trkpt lat="46.47384820505977" lon="23.584497151896358">
        <ele>479.20000000000005</ele>
        <time>2025-05-09T13:21:56</time>
      </trkpt>
      <trkpt lat="46.47362834773958" lon="23.58443319797516">
        <ele>479.79999999999995</ele>
        <time>2025-05-09T13:22:02</time>
      </trkpt>
      <trkpt lat="46.47346330806613" lon="23.58439950272441">
        <ele>480.4</ele>
        <time>2025-05-09T13:22:06</time>
      </trkpt>
      <trkpt lat="46.47323071025312" lon="23.5844034422189">
        <ele>481.0</ele>
        <time>2025-05-09T13:22:11</time>
      </trkpt>
      <trkpt lat="46.47312710992992" lon="23.58440939337015">
        <ele>481.0</ele>
        <time>2025-05-09T13:22:13</time>
      </trkpt>
      <trkpt lat="46.47275562398136" lon="23.584355413913727">
        <ele>480.79999999999995</ele>
        <time>2025-05-09T13:22:20</time>
      </trkpt>
      <trkpt lat="46.472441805526614" lon="23.584182495251298">
        <ele>480.79999999999995</ele>
        <time>2025-05-09T13:22:27</time>
      </trkpt>
      <trkpt lat="46.472030840814114" lon="23.58392064459622">
        <ele>481.6</ele>
        <time>2025-05-09T13:22:37</time>
      </trkpt>
      <trkpt lat="46.47190812975168" lon="23.58383120968938">
        <ele>482.20000000000005</ele>
        <time>2025-05-09T13:22:40</time>
      </trkpt>
      <trkpt lat="46.47173227742314" lon="23.583709923550487">
        <ele>482.4</ele>
        <time>2025-05-09T13:22:44</time>
      </trkpt>
      <trkpt lat="46.471393229439855" lon="23.583462489768863">
        <ele>482.4</ele>
        <time>2025-05-09T13:22:51</time>
      </trkpt>
      <trkpt lat="46.470933482050896" lon="23.583172811195254">
        <ele>481.20000000000005</ele>
        <time>2025-05-09T13:22:59</time>
      </trkpt>
      <trkpt lat="46.47087564691901" lon="23.583140121772885">
        <ele>481.0</ele>
        <time>2025-05-09T13:23:00</time>
      </trkpt>
      <trkpt lat="46.470472142100334" lon="23.582922024652362">
        <ele>480.0</ele>
        <time>2025-05-09T13:23:07</time>
      </trkpt>
      <trkpt lat="46.470413049682975" lon="23.58288673684001">
        <ele>479.79999999999995</ele>
        <time>2025-05-09T13:23:08</time>
      </trkpt>
      <trkpt lat="46.47002010606229" lon="23.58256319537759">
        <ele>479.4</ele>
        <time>2025-05-09T13:23:15</time>
      </trkpt>
      <trkpt lat="46.46984836086631" lon="23.582334453240037">
        <ele>479.0</ele>
        <time>2025-05-09T13:23:19</time>
      </trkpt>
      <trkpt lat="46.46978097036481" lon="23.582221632823348">
        <ele>479.0</ele>
        <time>2025-05-09T13:23:21</time>
      </trkpt>
      <trkpt lat="46.46975280717015" lon="23.5821654740721">
        <ele>479.0</ele>
        <time>2025-05-09T13:23:22</time>
      </trkpt>
      <trkpt lat="46.469657588750124" lon="23.581959530711174">
        <ele>479.0</ele>
        <time>2025-05-09T13:23:26</time>
      </trkpt>
      <trkpt lat="46.46956345997751" lon="23.581754257902503">
        <ele>480.0</ele>
        <time>2025-05-09T13:23:32</time>
      </trkpt>
      <trkpt lat="46.469510989263654" lon="23.581635486334562">
        <ele>481.20000000000005</ele>
        <time>2025-05-09T13:23:36</time>
      </trkpt>
      <trkpt lat="46.46943069063127" lon="23.58145955018699">
        <ele>482.20000000000005</ele>
        <time>2025-05-09T13:23:42</time>
      </trkpt>
      <trkpt lat="46.46933966316283" lon="23.58125427737832">
        <ele>483.4</ele>
        <time>2025-05-09T13:23:49</time>
      </trkpt>
      <trkpt lat="46.46929909475148" lon="23.581175236031413">
        <ele>484.4</ele>
        <time>2025-05-09T13:23:52</time>
      </trkpt>
      <trkpt lat="46.46928660571575" lon="23.581147324293852">
        <ele>484.6</ele>
        <time>2025-05-09T13:23:53</time>
      </trkpt>
      <trkpt lat="46.46921753883362" lon="23.58101086691022">
        <ele>485.79999999999995</ele>
        <time>2025-05-09T13:23:58</time>
      </trkpt>
      <trkpt lat="46.46918669342995" lon="23.580923276022077">
        <ele>486.20000000000005</ele>
        <time>2025-05-09T13:24:01</time>
      </trkpt>
      <trkpt lat="46.469118632376194" lon="23.580763349309564">
        <ele>487.0</ele>
        <time>2025-05-09T13:24:06</time>
      </trkpt>
      <trkpt lat="46.46908921189606" lon="23.580697802826762">
        <ele>487.20000000000005</ele>
        <time>2025-05-09T13:24:08</time>
      </trkpt>
      <trkpt lat="46.46900463849306" lon="23.5804782807827">
        <ele>488.0</ele>
        <time>2025-05-09T13:24:14</time>
      </trkpt>
      <trkpt lat="46.4689716976136" lon="23.580399239435792">
        <ele>488.20000000000005</ele>
        <time>2025-05-09T13:24:16</time>
      </trkpt>
      <trkpt lat="46.468816213309765" lon="23.580012246966362">
        <ele>488.79999999999995</ele>
        <time>2025-05-09T13:24:25</time>
      </trkpt>
      <trkpt lat="46.46876013837755" lon="23.57988844625652">
        <ele>489.20000000000005</ele>
        <time>2025-05-09T13:24:28</time>
      </trkpt>
      <trkpt lat="46.46863860078156" lon="23.579657273367047">
        <ele>490.6</ele>
        <time>2025-05-09T13:24:34</time>
      </trkpt>
      <trkpt lat="46.468455623835325" lon="23.57933054678142">
        <ele>491.4</ele>
        <time>2025-05-09T13:24:42</time>
      </trkpt>
      <trkpt lat="46.468304079025984" lon="23.579062912613153">
        <ele>491.6</ele>
        <time>2025-05-09T13:24:48</time>
      </trkpt>
      <trkpt lat="46.468278765678406" lon="23.579021003097296">
        <ele>491.6</ele>
        <time>2025-05-09T13:24:49</time>
      </trkpt>
      <trkpt lat="46.46809679456055" lon="23.578713638707995">
        <ele>491.79999999999995</ele>
        <time>2025-05-09T13:24:56</time>
      </trkpt>
      <trkpt lat="46.467848271131516" lon="23.57832874171436">
        <ele>492.6</ele>
        <time>2025-05-09T13:25:05</time>
      </trkpt>
      <trkpt lat="46.467820862308145" lon="23.578290520235896">
        <ele>492.6</ele>
        <time>2025-05-09T13:25:06</time>
      </trkpt>
      <trkpt lat="46.467670407146215" lon="23.578081810846925">
        <ele>493.6</ele>
        <time>2025-05-09T13:25:12</time>
      </trkpt>
      <trkpt lat="46.46761818788946" lon="23.578017773106694">
        <ele>494.0</ele>
        <time>2025-05-09T13:25:14</time>
      </trkpt>
      <trkpt lat="46.46751492284238" lon="23.577887015417218">
        <ele>494.79999999999995</ele>
        <time>2025-05-09T13:25:18</time>
      </trkpt>
      <trkpt lat="46.46744091063738" lon="23.57779330573976">
        <ele>495.4</ele>
        <time>2025-05-09T13:25:21</time>
      </trkpt>
      <trkpt lat="46.46736807189882" lon="23.577703535556793">
        <ele>495.79999999999995</ele>
        <time>2025-05-09T13:25:24</time>
      </trkpt>
      <trkpt lat="46.46720948629081" lon="23.577517960220575">
        <ele>497.0</ele>
        <time>2025-05-09T13:25:31</time>
      </trkpt>
      <trkpt lat="46.46709155291319" lon="23.57737991027534">
        <ele>498.0</ele>
        <time>2025-05-09T13:25:36</time>
      </trkpt>
      <trkpt lat="46.467019049450755" lon="23.577293576672673">
        <ele>498.4</ele>
        <time>2025-05-09T13:25:39</time>
      </trkpt>
      <trkpt lat="46.466873874887824" lon="23.577092410996556">
        <ele>499.0</ele>
        <time>2025-05-09T13:25:45</time>
      </trkpt>
      <trkpt lat="46.46680321544409" lon="23.57698746956885">
        <ele>499.4</ele>
        <time>2025-05-09T13:25:48</time>
      </trkpt>
      <trkpt lat="46.466629542410374" lon="23.5767153929919">
        <ele>500.20000000000005</ele>
        <time>2025-05-09T13:25:56</time>
      </trkpt>
      <trkpt lat="46.46660892292857" lon="23.576681278645992">
        <ele>500.20000000000005</ele>
        <time>2025-05-09T13:25:57</time>
      </trkpt>
      <trkpt lat="46.466526445001364" lon="23.576519340276718">
        <ele>500.79999999999995</ele>
        <time>2025-05-09T13:26:02</time>
      </trkpt>
      <trkpt lat="46.46649149246514" lon="23.576457481831312">
        <ele>501.0</ele>
        <time>2025-05-09T13:26:04</time>
      </trkpt>
      <trkpt lat="46.46645494736731" lon="23.576386403292418">
        <ele>501.20000000000005</ele>
        <time>2025-05-09T13:26:06</time>
      </trkpt>
      <trkpt lat="46.46635176613927" lon="23.57617878355086">
        <ele>502.20000000000005</ele>
        <time>2025-05-09T13:26:12</time>
      </trkpt>
      <trkpt lat="46.466338355094194" lon="23.576147435232997">
        <ele>502.4</ele>
        <time>2025-05-09T13:26:13</time>
      </trkpt>
      <trkpt lat="46.46624925546348" lon="23.575983988121152">
        <ele>503.4</ele>
        <time>2025-05-09T13:26:18</time>
      </trkpt>
      <trkpt lat="46.466195695102215" lon="23.575882064178586">
        <ele>503.79999999999995</ele>
        <time>2025-05-09T13:26:21</time>
      </trkpt>
      <trkpt lat="46.46612939424813" lon="23.575743176043034">
        <ele>504.4</ele>
        <time>2025-05-09T13:26:25</time>
      </trkpt>
      <trkpt lat="46.46607558242977" lon="23.575637647882104">
        <ele>505.20000000000005</ele>
        <time>2025-05-09T13:26:28</time>
      </trkpt>
      <trkpt lat="46.466035936027765" lon="23.575563887134194">
        <ele>505.6</ele>
        <time>2025-05-09T13:26:30</time>
      </trkpt>
      <trkpt lat="46.46591515280306" lon="23.575350986793637">
        <ele>506.79999999999995</ele>
        <time>2025-05-09T13:26:36</time>
      </trkpt>
      <trkpt lat="46.465892270207405" lon="23.57531888410449">
        <ele>507.20000000000005</ele>
        <time>2025-05-09T13:26:37</time>
      </trkpt>
      <trkpt lat="46.46580342203379" lon="23.575190640985966">
        <ele>507.79999999999995</ele>
        <time>2025-05-09T13:26:41</time>
      </trkpt>
      <trkpt lat="46.46571750752628" lon="23.575058206915855">
        <ele>508.6</ele>
        <time>2025-05-09T13:26:45</time>
      </trkpt>
      <trkpt lat="46.46555389277637" lon="23.574818735942245">
        <ele>509.20000000000005</ele>
        <time>2025-05-09T13:26:52</time>
      </trkpt>
      <trkpt lat="46.46550309844315" lon="23.574751848354936">
        <ele>509.4</ele>
        <time>2025-05-09T13:26:54</time>
      </trkpt>
      <trkpt lat="46.465319618582726" lon="23.574508605524898">
        <ele>510.20000000000005</ele>
        <time>2025-05-09T13:27:01</time>
      </trkpt>
      <trkpt lat="46.46526865661144" lon="23.574441969394684">
        <ele>510.6</ele>
        <time>2025-05-09T13:27:03</time>
      </trkpt>
      <trkpt lat="46.46514158695936" lon="23.57427718117833">
        <ele>511.4</ele>
        <time>2025-05-09T13:27:08</time>
      </trkpt>
      <trkpt lat="46.465007895603776" lon="23.57411633245647">
        <ele>511.79999999999995</ele>
        <time>2025-05-09T13:27:13</time>
      </trkpt>
      <trkpt lat="46.464863643050194" lon="23.573966128751636">
        <ele>512.4</ele>
        <time>2025-05-09T13:27:18</time>
      </trkpt>
      <trkpt lat="46.46477018482983" lon="23.573868311941624">
        <ele>512.6</ele>
        <time>2025-05-09T13:27:21</time>
      </trkpt>
      <trkpt lat="46.46450783126056" lon="23.573621464893222">
        <ele>513.8</ele>
        <time>2025-05-09T13:27:29</time>
      </trkpt>
      <trkpt lat="46.46444035694003" lon="23.573562623932958">
        <ele>514.0</ele>
        <time>2025-05-09T13:27:31</time>
      </trkpt>
      <trkpt lat="46.464190827682614" lon="23.573355758562684">
        <ele>514.8</ele>
        <time>2025-05-09T13:27:38</time>
      </trkpt>
      <trkpt lat="46.46404749713838" lon="23.573234975337982">
        <ele>515.2</ele>
        <time>2025-05-09T13:27:42</time>
      </trkpt>
      <trkpt lat="46.46378019824624" lon="23.573009418323636">
        <ele>515.6</ele>
        <time>2025-05-09T13:27:50</time>
      </trkpt>
      <trkpt lat="46.46368162706494" lon="23.572936998680234">
        <ele>515.8</ele>
        <time>2025-05-09T13:27:53</time>
      </trkpt>
      <trkpt lat="46.46356528624892" lon="23.57284354045987">
        <ele>516.2</ele>
        <time>2025-05-09T13:27:57</time>
      </trkpt>
      <trkpt lat="46.4634108915925" lon="23.572729881852865">
        <ele>517.0</ele>
        <time>2025-05-09T13:28:02</time>
      </trkpt>
      <trkpt lat="46.463304944336414" lon="23.57267145998776">
        <ele>517.4</ele>
        <time>2025-05-09T13:28:05</time>
      </trkpt>
      <trkpt lat="46.46316655911505" lon="23.57261094264686">
        <ele>518.0</ele>
        <time>2025-05-09T13:28:09</time>
      </trkpt>
      <trkpt lat="46.46300604566932" lon="23.5725571308285">
        <ele>518.2</ele>
        <time>2025-05-09T13:28:13</time>
      </trkpt>
      <trkpt lat="46.46256800740957" lon="23.572399131953716">
        <ele>518.2</ele>
        <time>2025-05-09T13:28:22</time>
      </trkpt>
      <trkpt lat="46.462267683818936" lon="23.5722722299397">
        <ele>518.0</ele>
        <time>2025-05-09T13:28:28</time>
      </trkpt>
      <trkpt lat="46.46205528639257" lon="23.5721823759377">
        <ele>518.0</ele>
        <time>2025-05-09T13:28:32</time>
      </trkpt>
      <trkpt lat="46.46167667582631" lon="23.572067376226187">
        <ele>518.2</ele>
        <time>2025-05-09T13:28:40</time>
      </trkpt>
      <trkpt lat="46.461053313687444" lon="23.571874760091305">
        <ele>518.0</ele>
        <time>2025-05-09T13:28:50</time>
      </trkpt>
      <trkpt lat="46.46061225794256" lon="23.571710139513016">
        <ele>517.8</ele>
        <time>2025-05-09T13:28:58</time>
      </trkpt>
      <trkpt lat="46.46002745255828" lon="23.571497155353427">
        <ele>517.4</ele>
        <time>2025-05-09T13:29:08</time>
      </trkpt>
      <trkpt lat="46.45988487638533" lon="23.57147670350969">
        <ele>517.2</ele>
        <time>2025-05-09T13:29:10</time>
      </trkpt>
      <trkpt lat="46.4596516918391" lon="23.571478379890323">
        <ele>517.0</ele>
        <time>2025-05-09T13:29:13</time>
      </trkpt>
      <trkpt lat="46.45939813926816" lon="23.571506878361106">
        <ele>516.0</ele>
        <time>2025-05-09T13:29:16</time>
      </trkpt>
      <trkpt lat="46.45913167856634" lon="23.571547949686646">
        <ele>514.8</ele>
        <time>2025-05-09T13:29:19</time>
      </trkpt>
      <trkpt lat="46.45904232747853" lon="23.571559181436896">
        <ele>514.2</ele>
        <time>2025-05-09T13:29:20</time>
      </trkpt>
      <trkpt lat="46.45895356312394" lon="23.571567311882973">
        <ele>513.4</ele>
        <time>2025-05-09T13:29:22</time>
      </trkpt>
      <trkpt lat="46.45886454731226" lon="23.57156823389232">
        <ele>513.0</ele>
        <time>2025-05-09T13:29:23</time>
      </trkpt>
      <trkpt lat="46.458706967532635" lon="23.57150956057012">
        <ele>512.2</ele>
        <time>2025-05-09T13:29:25</time>
      </trkpt>
      <trkpt lat="46.45851778797805" lon="23.57116548344493">
        <ele>511.0</ele>
        <time>2025-05-09T13:29:28</time>
      </trkpt>
      <trkpt lat="46.45848141051829" lon="23.57107269577682">
        <ele>510.6</ele>
        <time>2025-05-09T13:29:29</time>
      </trkpt>
      <trkpt lat="46.458408907055855" lon="23.570893574506044">
        <ele>509.79999999999995</ele>
        <time>2025-05-09T13:29:31</time>
      </trkpt>
      <trkpt lat="46.45826071500778" lon="23.570567267015576">
        <ele>509.6</ele>
        <time>2025-05-09T13:29:35</time>
      </trkpt>
      <trkpt lat="46.45799324847758" lon="23.570182202383876">
        <ele>509.6</ele>
        <time>2025-05-09T13:29:41</time>
      </trkpt>
      <trkpt lat="46.45767381414771" lon="23.569862684234977">
        <ele>510.0</ele>
        <time>2025-05-09T13:29:48</time>
      </trkpt>
      <trkpt lat="46.45737583748996" lon="23.569596223533154">
        <ele>510.4</ele>
        <time>2025-05-09T13:29:55</time>
      </trkpt>
      <trkpt lat="46.45725798793137" lon="23.56949974782765">
        <ele>511.0</ele>
        <time>2025-05-09T13:29:58</time>
      </trkpt>
      <trkpt lat="46.45707760937512" lon="23.569361194968224">
        <ele>511.6</ele>
        <time>2025-05-09T13:30:03</time>
      </trkpt>
      <trkpt lat="46.45694240927696" lon="23.56925155967474">
        <ele>512.2</ele>
        <time>2025-05-09T13:30:07</time>
      </trkpt>
      <trkpt lat="46.45676689222455" lon="23.56912557967007">
        <ele>512.8</ele>
        <time>2025-05-09T13:30:12</time>
      </trkpt>
      <trkpt lat="46.4567331969738" lon="23.5691000148654">
        <ele>513.2</ele>
        <time>2025-05-09T13:30:13</time>
      </trkpt>
      <trkpt lat="46.456495402380824" lon="23.56892466545105">
        <ele>514.4</ele>
        <time>2025-05-09T13:30:20</time>
      </trkpt>
      <trkpt lat="46.45635458640754" lon="23.56882500462234">
        <ele>514.8</ele>
        <time>2025-05-09T13:30:24</time>
      </trkpt>
      <trkpt lat="46.456284848973155" lon="23.56877856887877">
        <ele>515.6</ele>
        <time>2025-05-09T13:30:27</time>
      </trkpt>
      <trkpt lat="46.45608636550605" lon="23.568642027676105">
        <ele>516.4</ele>
        <time>2025-05-09T13:30:32</time>
      </trkpt>
      <trkpt lat="46.456019058823586" lon="23.568593747913837">
        <ele>516.6</ele>
        <time>2025-05-09T13:30:34</time>
      </trkpt>
      <trkpt lat="46.45585108548403" lon="23.56851034797728">
        <ele>517.4</ele>
        <time>2025-05-09T13:30:39</time>
      </trkpt>
      <trkpt lat="46.4558195695281" lon="23.56849618256092">
        <ele>517.8</ele>
        <time>2025-05-09T13:30:41</time>
      </trkpt>
      <trkpt lat="46.455666767433286" lon="23.568438598886132">
        <ele>518.6</ele>
        <time>2025-05-09T13:30:46</time>
      </trkpt>
      <trkpt lat="46.455607591196895" lon="23.56841999106109">
        <ele>518.8</ele>
        <time>2025-05-09T13:30:48</time>
      </trkpt>
      <trkpt lat="46.45542997866869" lon="23.568347236141562">
        <ele>519.8</ele>
        <time>2025-05-09T13:30:54</time>
      </trkpt>
      <trkpt lat="46.45540064200759" lon="23.568334579467773">
        <ele>520.0</ele>
        <time>2025-05-09T13:30:55</time>
      </trkpt>
      <trkpt lat="46.45528455264866" lon="23.568304488435388">
        <ele>520.8</ele>
        <time>2025-05-09T13:30:59</time>
      </trkpt>
      <trkpt lat="46.455107778310776" lon="23.5682572145015">
        <ele>521.8</ele>
        <time>2025-05-09T13:31:05</time>
      </trkpt>
      <trkpt lat="46.4550494402647" lon="23.56824053451419">
        <ele>522.0</ele>
        <time>2025-05-09T13:31:06</time>
      </trkpt>
      <trkpt lat="46.45484425127506" lon="23.568218490108848">
        <ele>523.0</ele>
        <time>2025-05-09T13:31:13</time>
      </trkpt>
      <trkpt lat="46.4547817222774" lon="23.568219244480133">
        <ele>523.4</ele>
        <time>2025-05-09T13:31:15</time>
      </trkpt>
      <trkpt lat="46.45446999929845" lon="23.56820398941636">
        <ele>524.0</ele>
        <time>2025-05-09T13:31:24</time>
      </trkpt>
      <trkpt lat="46.454078145325184" lon="23.568188566714525">
        <ele>524.8</ele>
        <time>2025-05-09T13:31:35</time>
      </trkpt>
      <trkpt lat="46.453999103978276" lon="23.568177418783307">
        <ele>525.0</ele>
        <time>2025-05-09T13:31:37</time>
      </trkpt>
      <trkpt lat="46.453878907486796" lon="23.56816241517663">
        <ele>525.0</ele>
        <time>2025-05-09T13:31:39</time>
      </trkpt>
      <trkpt lat="46.45367296412587" lon="23.568144142627716">
        <ele>525.8</ele>
        <time>2025-05-09T13:31:45</time>
      </trkpt>
      <trkpt lat="46.45346065051854" lon="23.568124109879136">
        <ele>526.2</ele>
        <time>2025-05-09T13:31:50</time>
      </trkpt>
      <trkpt lat="46.4532501809299" lon="23.568108519539237">
        <ele>526.4000000000001</ele>
        <time>2025-05-09T13:31:54</time>
      </trkpt>
      <trkpt lat="46.452845837920904" lon="23.568038111552596">
        <ele>527.0</ele>
        <time>2025-05-09T13:32:04</time>
      </trkpt>
      <trkpt lat="46.45276486873627" lon="23.568002907559276">
        <ele>527.2</ele>
        <time>2025-05-09T13:32:05</time>
      </trkpt>
      <trkpt lat="46.45272555761039" lon="23.56798312626779">
        <ele>527.4000000000001</ele>
        <time>2025-05-09T13:32:06</time>
      </trkpt>
      <trkpt lat="46.452576695010066" lon="23.567887656390667">
        <ele>527.8</ele>
        <time>2025-05-09T13:32:10</time>
      </trkpt>
      <trkpt lat="46.45235365256667" lon="23.56771197170019">
        <ele>528.4000000000001</ele>
        <time>2025-05-09T13:32:17</time>
      </trkpt>
      <trkpt lat="46.452322807163" lon="23.567690011113882">
        <ele>528.4000000000001</ele>
        <time>2025-05-09T13:32:18</time>
      </trkpt>
      <trkpt lat="46.45214636810124" lon="23.56750762090087">
        <ele>529.4000000000001</ele>
        <time>2025-05-09T13:32:24</time>
      </trkpt>
      <trkpt lat="46.45211870782077" lon="23.56746864505112">
        <ele>529.4000000000001</ele>
        <time>2025-05-09T13:32:25</time>
      </trkpt>
      <trkpt lat="46.451923325657845" lon="23.56724484823644">
        <ele>530.4000000000001</ele>
        <time>2025-05-09T13:32:32</time>
      </trkpt>
      <trkpt lat="46.45189667120576" lon="23.567211907356977">
        <ele>530.4000000000001</ele>
        <time>2025-05-09T13:32:33</time>
      </trkpt>
      <trkpt lat="46.451738672330976" lon="23.567003784701228">
        <ele>531.4000000000001</ele>
        <time>2025-05-09T13:32:39</time>
      </trkpt>
      <trkpt lat="46.451710257679224" lon="23.566972268745303">
        <ele>531.4000000000001</ele>
        <time>2025-05-09T13:32:40</time>
      </trkpt>
      <trkpt lat="46.45155326463282" lon="23.56679515913129">
        <ele>532.4000000000001</ele>
        <time>2025-05-09T13:32:46</time>
      </trkpt>
      <trkpt lat="46.451384369283915" lon="23.56671159155667">
        <ele>533.5999999999999</ele>
        <time>2025-05-09T13:32:51</time>
      </trkpt>
      <trkpt lat="46.45134690217674" lon="23.566702120006084">
        <ele>533.8</ele>
        <time>2025-05-09T13:32:52</time>
      </trkpt>
      <trkpt lat="46.451157722622156" lon="23.566653672605753">
        <ele>534.5999999999999</ele>
        <time>2025-05-09T13:32:57</time>
      </trkpt>
      <trkpt lat="46.45100156776607" lon="23.566608410328627">
        <ele>535.4000000000001</ele>
        <time>2025-05-09T13:33:01</time>
      </trkpt>
      <trkpt lat="46.45089494995773" lon="23.56656021438539">
        <ele>535.4000000000001</ele>
        <time>2025-05-09T13:33:05</time>
      </trkpt>
      <trkpt lat="46.45087935961783" lon="23.566556023433805">
        <ele>535.5999999999999</ele>
        <time>2025-05-09T13:33:07</time>
      </trkpt>
      <trkpt lat="46.45087885670364" lon="23.566555185243487">
        <ele>535.5999999999999</ele>
        <time>2025-05-09T13:33:09</time>
      </trkpt>
      <trkpt lat="46.4508774317801" lon="23.56655342504382">
        <ele>535.5999999999999</ele>
        <time>2025-05-09T13:33:22</time>
      </trkpt>
      <trkpt lat="46.45087692886591" lon="23.56655535288155">
        <ele>535.2</ele>
        <time>2025-05-09T13:33:36</time>
      </trkpt>
      <trkpt lat="46.450873324647546" lon="23.56654847972095">
        <ele>535.2</ele>
        <time>2025-05-09T13:33:46</time>
      </trkpt>
      <trkpt lat="46.45086863078177" lon="23.566551161929965">
        <ele>535.2</ele>
        <time>2025-05-09T13:33:56</time>
      </trkpt>
      <trkpt lat="46.45086904987693" lon="23.566554095596075">
        <ele>535.2</ele>
        <time>2025-05-09T13:34:12</time>
      </trkpt>
      <trkpt lat="46.450869804248214" lon="23.56655484996736">
        <ele>535.2</ele>
        <time>2025-05-09T13:34:46</time>
      </trkpt>
      <trkpt lat="46.45087064243853" lon="23.566555688157678">
        <ele>535.0</ele>
        <time>2025-05-09T13:35:57</time>
      </trkpt>
      <trkpt lat="46.45086142234504" lon="23.56655669398606">
        <ele>535.2</ele>
        <time>2025-05-09T13:36:42</time>
      </trkpt>
      <trkpt lat="46.450772657990456" lon="23.56654269620776">
        <ele>535.2</ele>
        <time>2025-05-09T13:36:46</time>
      </trkpt>
      <trkpt lat="46.450566966086626" lon="23.56648502871394">
        <ele>535.2</ele>
        <time>2025-05-09T13:36:52</time>
      </trkpt>
      <trkpt lat="46.45021978765726" lon="23.566375309601426">
        <ele>535.2</ele>
        <time>2025-05-09T13:37:00</time>
      </trkpt>
      <trkpt lat="46.44988006912172" lon="23.56622745282948">
        <ele>535.2</ele>
        <time>2025-05-09T13:37:07</time>
      </trkpt>
      <trkpt lat="46.44951528869569" lon="23.566086972132325">
        <ele>535.2</ele>
        <time>2025-05-09T13:37:14</time>
      </trkpt>
      <trkpt lat="46.44917179830372" lon="23.56598027050495">
        <ele>535.2</ele>
        <time>2025-05-09T13:37:21</time>
      </trkpt>
      <trkpt lat="46.44891313277185" lon="23.56588731519878">
        <ele>535.5999999999999</ele>
        <time>2025-05-09T13:37:27</time>
      </trkpt>
      <trkpt lat="46.44866527989507" lon="23.565790923312306">
        <ele>536.2</ele>
        <time>2025-05-09T13:37:33</time>
      </trkpt>
      <trkpt lat="46.44862739369273" lon="23.56577441096306">
        <ele>536.4000000000001</ele>
        <time>2025-05-09T13:37:34</time>
      </trkpt>
      <trkpt lat="46.44843804650009" lon="23.56572076678276">
        <ele>536.5999999999999</ele>
        <time>2025-05-09T13:37:39</time>
      </trkpt>
      <trkpt lat="46.44818130880594" lon="23.565654130652547">
        <ele>537.4000000000001</ele>
        <time>2025-05-09T13:37:46</time>
      </trkpt>
      <trkpt lat="46.44796128384769" lon="23.565606772899628">
        <ele>538.2</ele>
        <time>2025-05-09T13:37:52</time>
      </trkpt>
      <trkpt lat="46.44788609817624" lon="23.565588584169745">
        <ele>538.4000000000001</ele>
        <time>2025-05-09T13:37:54</time>
      </trkpt>
      <trkpt lat="46.447624415159225" lon="23.565516583621502">
        <ele>539.2</ele>
        <time>2025-05-09T13:38:01</time>
      </trkpt>
      <trkpt lat="46.447512013837695" lon="23.5654959641397">
        <ele>539.5999999999999</ele>
        <time>2025-05-09T13:38:04</time>
      </trkpt>
      <trkpt lat="46.44733088091016" lon="23.565460173413157">
        <ele>540.0</ele>
        <time>2025-05-09T13:38:09</time>
      </trkpt>
      <trkpt lat="46.44722233526409" lon="23.565445337444544">
        <ele>540.5999999999999</ele>
        <time>2025-05-09T13:38:12</time>
      </trkpt>
      <trkpt lat="46.44707389175892" lon="23.56542899273336">
        <ele>541.0</ele>
        <time>2025-05-09T13:38:16</time>
      </trkpt>
      <trkpt lat="46.44696593284607" lon="23.565418431535363">
        <ele>541.5999999999999</ele>
        <time>2025-05-09T13:38:19</time>
      </trkpt>
      <trkpt lat="46.44685445353389" lon="23.56540124863386">
        <ele>542.2</ele>
        <time>2025-05-09T13:38:22</time>
      </trkpt>
      <trkpt lat="46.44670927897096" lon="23.565381383523345">
        <ele>542.8</ele>
        <time>2025-05-09T13:38:26</time>
      </trkpt>
      <trkpt lat="46.44659444689751" lon="23.565375516191125">
        <ele>543.2</ele>
        <time>2025-05-09T13:38:29</time>
      </trkpt>
      <trkpt lat="46.44640509970486" lon="23.56535858474672">
        <ele>543.8</ele>
        <time>2025-05-09T13:38:34</time>
      </trkpt>
      <trkpt lat="46.44629940390587" lon="23.565345341339707">
        <ele>544.2</ele>
        <time>2025-05-09T13:38:37</time>
      </trkpt>
      <trkpt lat="46.44611969590187" lon="23.56532203964889">
        <ele>545.0</ele>
        <time>2025-05-09T13:38:43</time>
      </trkpt>
      <trkpt lat="46.446060352027416" lon="23.565314412117004">
        <ele>545.2</ele>
        <time>2025-05-09T13:38:45</time>
      </trkpt>
      <trkpt lat="46.44593831151724" lon="23.56528247706592">
        <ele>546.4000000000001</ele>
        <time>2025-05-09T13:38:49</time>
      </trkpt>
      <trkpt lat="46.44579380750656" lon="23.5652472730726">
        <ele>546.8</ele>
        <time>2025-05-09T13:38:54</time>
      </trkpt>
      <trkpt lat="46.44573848694563" lon="23.56522422283888">
        <ele>547.2</ele>
        <time>2025-05-09T13:38:56</time>
      </trkpt>
      <trkpt lat="46.44561091437936" lon="23.565148869529366">
        <ele>548.2</ele>
        <time>2025-05-09T13:39:01</time>
      </trkpt>
      <trkpt lat="46.445585349574685" lon="23.56513202190399">
        <ele>548.5999999999999</ele>
        <time>2025-05-09T13:39:02</time>
      </trkpt>
      <trkpt lat="46.445503206923604" lon="23.565054573118687">
        <ele>549.4000000000001</ele>
        <time>2025-05-09T13:39:06</time>
      </trkpt>
      <trkpt lat="46.445482755079865" lon="23.565034121274948">
        <ele>549.5999999999999</ele>
        <time>2025-05-09T13:39:07</time>
      </trkpt>
      <trkpt lat="46.445377394557" lon="23.564916355535388">
        <ele>550.4000000000001</ele>
        <time>2025-05-09T13:39:12</time>
      </trkpt>
      <trkpt lat="46.445313692092896" lon="23.564836895093322">
        <ele>551.0</ele>
        <time>2025-05-09T13:39:15</time>
      </trkpt>
      <trkpt lat="46.44525493495166" lon="23.56476489454508">
        <ele>551.4000000000001</ele>
        <time>2025-05-09T13:39:18</time>
      </trkpt>
      <trkpt lat="46.445130882784724" lon="23.564612176269293">
        <ele>552.4000000000001</ele>
        <time>2025-05-09T13:39:24</time>
      </trkpt>
      <trkpt lat="46.44500917755067" lon="23.56446700170636">
        <ele>553.5999999999999</ele>
        <time>2025-05-09T13:39:30</time>
      </trkpt>
      <trkpt lat="46.44496249035001" lon="23.56442199088633">
        <ele>553.8</ele>
        <time>2025-05-09T13:39:32</time>
      </trkpt>
      <trkpt lat="46.44481899216771" lon="23.564291400834918">
        <ele>554.5999999999999</ele>
        <time>2025-05-09T13:39:38</time>
      </trkpt>
      <trkpt lat="46.444746404886246" lon="23.5642353259027">
        <ele>555.0</ele>
        <time>2025-05-09T13:39:41</time>
      </trkpt>
      <trkpt lat="46.44451196305454" lon="23.564116889610887">
        <ele>556.0</ele>
        <time>2025-05-09T13:39:49</time>
      </trkpt>
      <trkpt lat="46.44427324645221" lon="23.564046481624246">
        <ele>556.5999999999999</ele>
        <time>2025-05-09T13:39:56</time>
      </trkpt>
      <trkpt lat="46.44411968998611" lon="23.56402225792408">
        <ele>557.0</ele>
        <time>2025-05-09T13:40:00</time>
      </trkpt>
      <trkpt lat="46.44400343298912" lon="23.564003817737103">
        <ele>557.2</ele>
        <time>2025-05-09T13:40:03</time>
      </trkpt>
      <trkpt lat="46.44371643662453" lon="23.563973559066653">
        <ele>557.5999999999999</ele>
        <time>2025-05-09T13:40:10</time>
      </trkpt>
      <trkpt lat="46.44363454543054" lon="23.56396207585931">
        <ele>557.5999999999999</ele>
        <time>2025-05-09T13:40:12</time>
      </trkpt>
      <trkpt lat="46.44346087239683" lon="23.56393768452108">
        <ele>557.5999999999999</ele>
        <time>2025-05-09T13:40:16</time>
      </trkpt>
      <trkpt lat="46.44312744028866" lon="23.563888734206557">
        <ele>558.0</ele>
        <time>2025-05-09T13:40:23</time>
      </trkpt>
      <trkpt lat="46.44271546974778" lon="23.56379795819521">
        <ele>558.0</ele>
        <time>2025-05-09T13:40:31</time>
      </trkpt>
      <trkpt lat="46.442297799512744" lon="23.563710786402225">
        <ele>558.0</ele>
        <time>2025-05-09T13:40:39</time>
      </trkpt>
      <trkpt lat="46.441863952204585" lon="23.563636019825935">
        <ele>557.8</ele>
        <time>2025-05-09T13:40:47</time>
      </trkpt>
      <trkpt lat="46.441384172067046" lon="23.563593942672014">
        <ele>557.4000000000001</ele>
        <time>2025-05-09T13:40:55</time>
      </trkpt>
      <trkpt lat="46.4412622153759" lon="23.56359855271876">
        <ele>557.2</ele>
        <time>2025-05-09T13:40:57</time>
      </trkpt>
      <trkpt lat="46.441039592027664" lon="23.563643312081695">
        <ele>556.5999999999999</ele>
        <time>2025-05-09T13:41:01</time>
      </trkpt>
      <trkpt lat="46.44094931893051" lon="23.563711624592543">
        <ele>556.0</ele>
        <time>2025-05-09T13:41:04</time>
      </trkpt>
      <trkpt lat="46.4409202337265" lon="23.56373643502593">
        <ele>555.8</ele>
        <time>2025-05-09T13:41:05</time>
      </trkpt>
      <trkpt lat="46.44072242081165" lon="23.56380240060389">
        <ele>554.8</ele>
        <time>2025-05-09T13:41:10</time>
      </trkpt>
      <trkpt lat="46.44058210775256" lon="23.56385068036616">
        <ele>553.8</ele>
        <time>2025-05-09T13:41:15</time>
      </trkpt>
      <trkpt lat="46.44056970253587" lon="23.563853865489364">
        <ele>553.5999999999999</ele>
        <time>2025-05-09T13:41:16</time>
      </trkpt>
      <trkpt lat="46.440562745556235" lon="23.563853362575173">
        <ele>553.0</ele>
        <time>2025-05-09T13:41:20</time>
      </trkpt>
      <trkpt lat="46.44056358374655" lon="23.56385512277484">
        <ele>552.5999999999999</ele>
        <time>2025-05-09T13:41:22</time>
      </trkpt>
      <trkpt lat="46.44056333228946" lon="23.56385621242225">
        <ele>552.0</ele>
        <time>2025-05-09T13:41:37</time>
      </trkpt>
      <trkpt lat="46.44055553711951" lon="23.563850512728095">
        <ele>552.2</ele>
        <time>2025-05-09T13:41:55</time>
      </trkpt>
      <trkpt lat="46.440443973988295" lon="23.56377792544663">
        <ele>552.2</ele>
        <time>2025-05-09T13:41:59</time>
      </trkpt>
      <trkpt lat="46.440212382003665" lon="23.563682958483696">
        <ele>552.0</ele>
        <time>2025-05-09T13:42:04</time>
      </trkpt>
      <trkpt lat="46.4399341866374" lon="23.56351800262928">
        <ele>551.4000000000001</ele>
        <time>2025-05-09T13:42:09</time>
      </trkpt>
      <trkpt lat="46.439816169440746" lon="23.563433596864343">
        <ele>551.0</ele>
        <time>2025-05-09T13:42:11</time>
      </trkpt>
      <trkpt lat="46.43963931128383" lon="23.563293367624283">
        <ele>550.2</ele>
        <time>2025-05-09T13:42:14</time>
      </trkpt>
      <trkpt lat="46.43952255137265" lon="23.563195718452334">
        <ele>549.8</ele>
        <time>2025-05-09T13:42:16</time>
      </trkpt>
      <trkpt lat="46.43935114145279" lon="23.563043251633644">
        <ele>549.0</ele>
        <time>2025-05-09T13:42:19</time>
      </trkpt>
      <trkpt lat="46.43917822279036" lon="23.562890700995922">
        <ele>548.5999999999999</ele>
        <time>2025-05-09T13:42:22</time>
      </trkpt>
      <trkpt lat="46.43895937129855" lon="23.56269129551947">
        <ele>547.8</ele>
        <time>2025-05-09T13:42:26</time>
      </trkpt>
      <trkpt lat="46.43862375989556" lon="23.56239558197558">
        <ele>546.5999999999999</ele>
        <time>2025-05-09T13:42:32</time>
      </trkpt>
      <trkpt lat="46.43815931864083" lon="23.562053265050054">
        <ele>546.2</ele>
        <time>2025-05-09T13:42:40</time>
      </trkpt>
      <trkpt lat="46.43780359067023" lon="23.561865845695138">
        <ele>545.8</ele>
        <time>2025-05-09T13:42:46</time>
      </trkpt>
      <trkpt lat="46.437558168545365" lon="23.561760652810335">
        <ele>545.5999999999999</ele>
        <time>2025-05-09T13:42:50</time>
      </trkpt>
      <trkpt lat="46.43731710501015" lon="23.561661913990974">
        <ele>545.4000000000001</ele>
        <time>2025-05-09T13:42:54</time>
      </trkpt>
      <trkpt lat="46.43693279474974" lon="23.56153509579599">
        <ele>545.4000000000001</ele>
        <time>2025-05-09T13:43:01</time>
      </trkpt>
      <trkpt lat="46.43677353858948" lon="23.561486983671784">
        <ele>545.4000000000001</ele>
        <time>2025-05-09T13:43:04</time>
      </trkpt>
      <trkpt lat="46.43661352805793" lon="23.561447924003005">
        <ele>545.5999999999999</ele>
        <time>2025-05-09T13:43:07</time>
      </trkpt>
      <trkpt lat="46.436166102066636" lon="23.561392100527883">
        <ele>546.2</ele>
        <time>2025-05-09T13:43:15</time>
      </trkpt>
      <trkpt lat="46.43561038188636" lon="23.56137877330184">
        <ele>546.2</ele>
        <time>2025-05-09T13:43:25</time>
      </trkpt>
      <trkpt lat="46.43527217209339" lon="23.561313562095165">
        <ele>546.4000000000001</ele>
        <time>2025-05-09T13:43:32</time>
      </trkpt>
      <trkpt lat="46.43502440303564" lon="23.561204178258777">
        <ele>546.5999999999999</ele>
        <time>2025-05-09T13:43:37</time>
      </trkpt>
      <trkpt lat="46.434927424415946" lon="23.561138967052102">
        <ele>546.8</ele>
        <time>2025-05-09T13:43:39</time>
      </trkpt>
      <trkpt lat="46.43488207831979" lon="23.56109973974526">
        <ele>546.8</ele>
        <time>2025-05-09T13:43:40</time>
      </trkpt>
      <trkpt lat="46.434725504368544" lon="23.56089790351689">
        <ele>547.0</ele>
        <time>2025-05-09T13:43:44</time>
      </trkpt>
      <trkpt lat="46.43454269506037" lon="23.560648960992694">
        <ele>547.2</ele>
        <time>2025-05-09T13:43:49</time>
      </trkpt>
      <trkpt lat="46.434472454711795" lon="23.560557514429092">
        <ele>547.2</ele>
        <time>2025-05-09T13:43:51</time>
      </trkpt>
      <trkpt lat="46.434350246563554" lon="23.560442430898547">
        <ele>547.4000000000001</ele>
        <time>2025-05-09T13:43:54</time>
      </trkpt>
      <trkpt lat="46.43426097929478" lon="23.560391636565328">
        <ele>547.8</ele>
        <time>2025-05-09T13:43:56</time>
      </trkpt>
      <trkpt lat="46.43416685052216" lon="23.56036347337067">
        <ele>548.0</ele>
        <time>2025-05-09T13:43:58</time>
      </trkpt>
      <trkpt lat="46.43412024714053" lon="23.560354840010405">
        <ele>548.0</ele>
        <time>2025-05-09T13:43:59</time>
      </trkpt>
      <trkpt lat="46.43384917639196" lon="23.560365652665496">
        <ele>548.5999999999999</ele>
        <time>2025-05-09T13:44:05</time>
      </trkpt>
      <trkpt lat="46.433576345443726" lon="23.5604655649513">
        <ele>548.8</ele>
        <time>2025-05-09T13:44:11</time>
      </trkpt>
      <trkpt lat="46.433532340452075" lon="23.560484256595373">
        <ele>549.2</ele>
        <time>2025-05-09T13:44:12</time>
      </trkpt>
      <trkpt lat="46.43327375873923" lon="23.560613924637437">
        <ele>549.5999999999999</ele>
        <time>2025-05-09T13:44:18</time>
      </trkpt>
      <trkpt lat="46.43299313262105" lon="23.560747196897864">
        <ele>550.2</ele>
        <time>2025-05-09T13:44:25</time>
      </trkpt>
      <trkpt lat="46.432954324409366" lon="23.560763457790017">
        <ele>550.2</ele>
        <time>2025-05-09T13:44:26</time>
      </trkpt>
      <trkpt lat="46.432680236175656" lon="23.560872338712215">
        <ele>551.2</ele>
        <time>2025-05-09T13:44:33</time>
      </trkpt>
      <trkpt lat="46.432602955028415" lon="23.560900501906872">
        <ele>551.5999999999999</ele>
        <time>2025-05-09T13:44:35</time>
      </trkpt>
      <trkpt lat="46.432454427704215" lon="23.56094140559435">
        <ele>552.2</ele>
        <time>2025-05-09T13:44:39</time>
      </trkpt>
      <trkpt lat="46.432342026382685" lon="23.560973424464464">
        <ele>552.8</ele>
        <time>2025-05-09T13:44:42</time>
      </trkpt>
      <trkpt lat="46.43222266808152" lon="23.560998821631074">
        <ele>553.4000000000001</ele>
        <time>2025-05-09T13:44:45</time>
      </trkpt>
      <trkpt lat="46.43204723484814" lon="23.561009969562292">
        <ele>553.8</ele>
        <time>2025-05-09T13:44:49</time>
      </trkpt>
      <trkpt lat="46.431649178266525" lon="23.561001420021057">
        <ele>554.2</ele>
        <time>2025-05-09T13:44:57</time>
      </trkpt>
      <trkpt lat="46.43137282691896" lon="23.560970406979322">
        <ele>554.2</ele>
        <time>2025-05-09T13:45:02</time>
      </trkpt>
      <trkpt lat="46.43115288577974" lon="23.560937885195017">
        <ele>553.5999999999999</ele>
        <time>2025-05-09T13:45:06</time>
      </trkpt>
      <trkpt lat="46.43071467988193" lon="23.560940148308873">
        <ele>553.4000000000001</ele>
        <time>2025-05-09T13:45:14</time>
      </trkpt>
      <trkpt lat="46.43028468824923" lon="23.561055567115545">
        <ele>553.4000000000001</ele>
        <time>2025-05-09T13:45:22</time>
      </trkpt>
      <trkpt lat="46.429728884249926" lon="23.56115690432489">
        <ele>553.4000000000001</ele>
        <time>2025-05-09T13:45:32</time>
      </trkpt>
      <trkpt lat="46.42936712130904" lon="23.561146426945925">
        <ele>553.8</ele>
        <time>2025-05-09T13:45:39</time>
      </trkpt>
      <trkpt lat="46.42903435975313" lon="23.56111239641905">
        <ele>554.2</ele>
        <time>2025-05-09T13:45:46</time>
      </trkpt>
      <trkpt lat="46.428987588733435" lon="23.56110175140202">
        <ele>554.4000000000001</ele>
        <time>2025-05-09T13:45:47</time>
      </trkpt>
      <trkpt lat="46.428657844662666" lon="23.56104165315628">
        <ele>555.2</ele>
        <time>2025-05-09T13:45:54</time>
      </trkpt>
      <trkpt lat="46.428432958200574" lon="23.561024218797684">
        <ele>555.5999999999999</ele>
        <time>2025-05-09T13:45:59</time>
      </trkpt>
      <trkpt lat="46.42838870175183" lon="23.561024721711874">
        <ele>555.5999999999999</ele>
        <time>2025-05-09T13:46:00</time>
      </trkpt>
      <trkpt lat="46.428250232711434" lon="23.561025643721223">
        <ele>556.0</ele>
        <time>2025-05-09T13:46:03</time>
      </trkpt>
      <trkpt lat="46.42811947502196" lon="23.561034696176648">
        <ele>556.5999999999999</ele>
        <time>2025-05-09T13:46:06</time>
      </trkpt>
      <trkpt lat="46.42794420942664" lon="23.561067217960954">
        <ele>557.0</ele>
        <time>2025-05-09T13:46:10</time>
      </trkpt>
      <trkpt lat="46.42790028825402" lon="23.561077946797013">
        <ele>557.2</ele>
        <time>2025-05-09T13:46:11</time>
      </trkpt>
      <trkpt lat="46.42773876897991" lon="23.561114240437746">
        <ele>557.5999999999999</ele>
        <time>2025-05-09T13:46:15</time>
      </trkpt>
      <trkpt lat="46.427698116749525" lon="23.56112513691187">
        <ele>557.5999999999999</ele>
        <time>2025-05-09T13:46:16</time>
      </trkpt>
      <trkpt lat="46.427614130079746" lon="23.56114131398499">
        <ele>558.0</ele>
        <time>2025-05-09T13:46:18</time>
      </trkpt>
      <trkpt lat="46.427408857271075" lon="23.56120426207781">
        <ele>558.5999999999999</ele>
        <time>2025-05-09T13:46:23</time>
      </trkpt>
      <trkpt lat="46.42737147398293" lon="23.56121364980936">
        <ele>558.5999999999999</ele>
        <time>2025-05-09T13:46:24</time>
      </trkpt>
      <trkpt lat="46.42729427665472" lon="23.561234772205353">
        <ele>559.0</ele>
        <time>2025-05-09T13:46:26</time>
      </trkpt>
      <trkpt lat="46.427214816212654" lon="23.56126536615193">
        <ele>559.2</ele>
        <time>2025-05-09T13:46:28</time>
      </trkpt>
      <trkpt lat="46.42701004631817" lon="23.561351196840405">
        <ele>559.8</ele>
        <time>2025-05-09T13:46:33</time>
      </trkpt>
      <trkpt lat="46.426968639716506" lon="23.56136745773256">
        <ele>560.0</ele>
        <time>2025-05-09T13:46:34</time>
      </trkpt>
      <trkpt lat="46.42672212794423" lon="23.561445912346244">
        <ele>560.4000000000001</ele>
        <time>2025-05-09T13:46:40</time>
      </trkpt>
      <trkpt lat="46.42653646878898" lon="23.561492431908846">
        <ele>560.8</ele>
        <time>2025-05-09T13:46:45</time>
      </trkpt>
      <trkpt lat="46.42650025896728" lon="23.56150290928781">
        <ele>561.0</ele>
        <time>2025-05-09T13:46:46</time>
      </trkpt>
      <trkpt lat="46.42627210356295" lon="23.56158253736794">
        <ele>561.8</ele>
        <time>2025-05-09T13:46:53</time>
      </trkpt>
      <trkpt lat="46.42605224624276" lon="23.561632242053747">
        <ele>562.5999999999999</ele>
        <time>2025-05-09T13:46:58</time>
      </trkpt>
      <trkpt lat="46.42595543526113" lon="23.56166652403772">
        <ele>563.0</ele>
        <time>2025-05-09T13:47:00</time>
      </trkpt>
      <trkpt lat="46.425627283751965" lon="23.561757132411003">
        <ele>564.0</ele>
        <time>2025-05-09T13:47:07</time>
      </trkpt>
      <trkpt lat="46.42522478476167" lon="23.561830641701818">
        <ele>564.8</ele>
        <time>2025-05-09T13:47:16</time>
      </trkpt>
      <trkpt lat="46.42513459548354" lon="23.5618453938514">
        <ele>564.8</ele>
        <time>2025-05-09T13:47:18</time>
      </trkpt>
      <trkpt lat="46.4248189330101" lon="23.561919908970594">
        <ele>565.5999999999999</ele>
        <time>2025-05-09T13:47:25</time>
      </trkpt>
      <trkpt lat="46.424647103995085" lon="23.561957040801644">
        <ele>565.8</ele>
        <time>2025-05-09T13:47:29</time>
      </trkpt>
      <trkpt lat="46.42443344928324" lon="23.56201739050448">
        <ele>566.4000000000001</ele>
        <time>2025-05-09T13:47:34</time>
      </trkpt>
      <trkpt lat="46.4241730235517" lon="23.562092576175928">
        <ele>566.8</ele>
        <time>2025-05-09T13:47:40</time>
      </trkpt>
      <trkpt lat="46.424087695777416" lon="23.56210933998227">
        <ele>567.0</ele>
        <time>2025-05-09T13:47:42</time>
      </trkpt>
      <trkpt lat="46.42371662892401" lon="23.562213610857725">
        <ele>568.0</ele>
        <time>2025-05-09T13:47:51</time>
      </trkpt>
      <trkpt lat="46.42363306134939" lon="23.562212018296123">
        <ele>568.0</ele>
        <time>2025-05-09T13:47:53</time>
      </trkpt>
      <trkpt lat="46.42352057620883" lon="23.5621440410614">
        <ele>568.4000000000001</ele>
        <time>2025-05-09T13:47:56</time>
      </trkpt>
      <trkpt lat="46.42348302528262" lon="23.56211361475289">
        <ele>568.4000000000001</ele>
        <time>2025-05-09T13:47:57</time>
      </trkpt>
      <trkpt lat="46.423224275931716" lon="23.561876825988293">
        <ele>569.0</ele>
        <time>2025-05-09T13:48:04</time>
      </trkpt>
      <trkpt lat="46.42314867116511" lon="23.56180775910616">
        <ele>569.2</ele>
        <time>2025-05-09T13:48:06</time>
      </trkpt>
      <trkpt lat="46.42289268784225" lon="23.561572395265102">
        <ele>570.0</ele>
        <time>2025-05-09T13:48:13</time>
      </trkpt>
      <trkpt lat="46.42274935729802" lon="23.56143845245242">
        <ele>570.5999999999999</ele>
        <time>2025-05-09T13:48:17</time>
      </trkpt>
      <trkpt lat="46.42257367260754" lon="23.561294870451093">
        <ele>571.2</ele>
        <time>2025-05-09T13:48:22</time>
      </trkpt>
      <trkpt lat="46.422453140839934" lon="23.561214404180646">
        <ele>571.4000000000001</ele>
        <time>2025-05-09T13:48:25</time>
      </trkpt>
      <trkpt lat="46.422164887189865" lon="23.561091357842088">
        <ele>571.8</ele>
        <time>2025-05-09T13:48:31</time>
      </trkpt>
      <trkpt lat="46.4220077265054" lon="23.56104701757431">
        <ele>571.8</ele>
        <time>2025-05-09T13:48:34</time>
      </trkpt>
      <trkpt lat="46.42184075899422" lon="23.561027571558952">
        <ele>571.8</ele>
        <time>2025-05-09T13:48:37</time>
      </trkpt>
      <trkpt lat="46.42148503102362" lon="23.56095364317298">
        <ele>571.2</ele>
        <time>2025-05-09T13:48:43</time>
      </trkpt>
      <trkpt lat="46.42107113264501" lon="23.56080318801105">
        <ele>570.5999999999999</ele>
        <time>2025-05-09T13:48:50</time>
      </trkpt>
      <trkpt lat="46.4207211881876" lon="23.560575116425753">
        <ele>570.2</ele>
        <time>2025-05-09T13:48:56</time>
      </trkpt>
      <trkpt lat="46.42061339691281" lon="23.560485346242785">
        <ele>570.2</ele>
        <time>2025-05-09T13:48:58</time>
      </trkpt>
      <trkpt lat="46.42029547132552" lon="23.560255682095885">
        <ele>569.8</ele>
        <time>2025-05-09T13:49:04</time>
      </trkpt>
      <trkpt lat="46.420065220445395" lon="23.56013330630958">
        <ele>569.4000000000001</ele>
        <time>2025-05-09T13:49:08</time>
      </trkpt>
      <trkpt lat="46.419834131374955" lon="23.560010427609086">
        <ele>569.2</ele>
        <time>2025-05-09T13:49:12</time>
      </trkpt>
      <trkpt lat="46.41961217857897" lon="23.5599026363343">
        <ele>569.2</ele>
        <time>2025-05-09T13:49:16</time>
      </trkpt>
      <trkpt lat="46.41933490522206" lon="23.55977606959641">
        <ele>569.0</ele>
        <time>2025-05-09T13:49:21</time>
      </trkpt>
      <trkpt lat="46.41891488805413" lon="23.55956057086587">
        <ele>569.0</ele>
        <time>2025-05-09T13:49:29</time>
      </trkpt>
      <trkpt lat="46.41863560304046" lon="23.55934465304017">
        <ele>569.4000000000001</ele>
        <time>2025-05-09T13:49:35</time>
      </trkpt>
      <trkpt lat="46.41826277598739" lon="23.55898833833635">
        <ele>570.0</ele>
        <time>2025-05-09T13:49:44</time>
      </trkpt>
      <trkpt lat="46.41809597611427" lon="23.558849953114986">
        <ele>570.2</ele>
        <time>2025-05-09T13:49:48</time>
      </trkpt>
      <trkpt lat="46.41796144656837" lon="23.558760518208146">
        <ele>570.4000000000001</ele>
        <time>2025-05-09T13:49:51</time>
      </trkpt>
      <trkpt lat="46.41755391843617" lon="23.558543426916003">
        <ele>570.5999999999999</ele>
        <time>2025-05-09T13:49:59</time>
      </trkpt>
      <trkpt lat="46.41716801561415" lon="23.558344021439552">
        <ele>570.0</ele>
        <time>2025-05-09T13:50:06</time>
      </trkpt>
      <trkpt lat="46.41682016663253" lon="23.558155931532383">
        <ele>569.2</ele>
        <time>2025-05-09T13:50:12</time>
      </trkpt>
      <trkpt lat="46.41669192351401" lon="23.55810346081853">
        <ele>569.2</ele>
        <time>2025-05-09T13:50:14</time>
      </trkpt>
      <trkpt lat="46.41641532070935" lon="23.55804193764925">
        <ele>568.2</ele>
        <time>2025-05-09T13:50:18</time>
      </trkpt>
      <trkpt lat="46.41626696102321" lon="23.55802341364324">
        <ele>567.5999999999999</ele>
        <time>2025-05-09T13:50:20</time>
      </trkpt>
      <trkpt lat="46.41618967987597" lon="23.55801603756845">
        <ele>567.4000000000001</ele>
        <time>2025-05-09T13:50:21</time>
      </trkpt>
      <trkpt lat="46.415867479518056" lon="23.557987539097667">
        <ele>566.2</ele>
        <time>2025-05-09T13:50:25</time>
      </trkpt>
      <trkpt lat="46.415609903633595" lon="23.55797303840518">
        <ele>565.5999999999999</ele>
        <time>2025-05-09T13:50:28</time>
      </trkpt>
      <trkpt lat="46.41552189365029" lon="23.557969937101007">
        <ele>565.2</ele>
        <time>2025-05-09T13:50:29</time>
      </trkpt>
      <trkpt lat="46.415345538407564" lon="23.557963566854596">
        <ele>564.0</ele>
        <time>2025-05-09T13:50:31</time>
      </trkpt>
      <trkpt lat="46.41507798805833" lon="23.557948311790824">
        <ele>562.5999999999999</ele>
        <time>2025-05-09T13:50:34</time>
      </trkpt>
      <trkpt lat="46.414806582033634" lon="23.55793255381286">
        <ele>561.5999999999999</ele>
        <time>2025-05-09T13:50:37</time>
      </trkpt>
      <trkpt lat="46.414714213460684" lon="23.557928949594498">
        <ele>561.2</ele>
        <time>2025-05-09T13:50:38</time>
      </trkpt>
      <trkpt lat="46.41453257761896" lon="23.557918891310692">
        <ele>560.2</ele>
        <time>2025-05-09T13:50:40</time>
      </trkpt>
      <trkpt lat="46.41425781883299" lon="23.55791486799717">
        <ele>559.2</ele>
        <time>2025-05-09T13:50:43</time>
      </trkpt>
      <trkpt lat="46.413981802761555" lon="23.557930625975132">
        <ele>558.2</ele>
        <time>2025-05-09T13:50:46</time>
      </trkpt>
      <trkpt lat="46.413711570203304" lon="23.55798083357513">
        <ele>557.0</ele>
        <time>2025-05-09T13:50:49</time>
      </trkpt>
      <trkpt lat="46.41345189884305" lon="23.558064065873623">
        <ele>556.0</ele>
        <time>2025-05-09T13:50:52</time>
      </trkpt>
      <trkpt lat="46.41319826245308" lon="23.55816070921719">
        <ele>554.5999999999999</ele>
        <time>2025-05-09T13:50:55</time>
      </trkpt>
      <trkpt lat="46.41294219531119" lon="23.558258777484298">
        <ele>553.4000000000001</ele>
        <time>2025-05-09T13:50:58</time>
      </trkpt>
      <trkpt lat="46.412770031020045" lon="23.558325245976448">
        <ele>552.4000000000001</ele>
        <time>2025-05-09T13:51:00</time>
      </trkpt>
      <trkpt lat="46.41259778290987" lon="23.558392468839884">
        <ele>551.5999999999999</ele>
        <time>2025-05-09T13:51:02</time>
      </trkpt>
      <trkpt lat="46.41251178458333" lon="23.558425409719348">
        <ele>551.2</ele>
        <time>2025-05-09T13:51:03</time>
      </trkpt>
      <trkpt lat="46.412251526489854" lon="23.5585246514529">
        <ele>550.0</ele>
        <time>2025-05-09T13:51:06</time>
      </trkpt>
      <trkpt lat="46.41199386678636" lon="23.558624731376767">
        <ele>549.0</ele>
        <time>2025-05-09T13:51:09</time>
      </trkpt>
      <trkpt lat="46.411739559844136" lon="23.558718776330352">
        <ele>548.0</ele>
        <time>2025-05-09T13:51:12</time>
      </trkpt>
      <trkpt lat="46.41165632754564" lon="23.558751214295626">
        <ele>547.8</ele>
        <time>2025-05-09T13:51:13</time>
      </trkpt>
      <trkpt lat="46.41141031868756" lon="23.558845343068242">
        <ele>546.8</ele>
        <time>2025-05-09T13:51:16</time>
      </trkpt>
      <trkpt lat="46.41117202118039" lon="23.55893410742283">
        <ele>545.4000000000001</ele>
        <time>2025-05-09T13:51:19</time>
      </trkpt>
      <trkpt lat="46.41093707643449" lon="23.55901918374002">
        <ele>544.4000000000001</ele>
        <time>2025-05-09T13:51:22</time>
      </trkpt>
      <trkpt lat="46.41086013056338" lon="23.55904810130596">
        <ele>544.2</ele>
        <time>2025-05-09T13:51:23</time>
      </trkpt>
      <trkpt lat="46.41048730351031" lon="23.559172321110964">
        <ele>542.8</ele>
        <time>2025-05-09T13:51:28</time>
      </trkpt>
      <trkpt lat="46.410343050956726" lon="23.55920727364719">
        <ele>542.2</ele>
        <time>2025-05-09T13:51:30</time>
      </trkpt>
      <trkpt lat="46.41012478619814" lon="23.559250440448523">
        <ele>541.8</ele>
        <time>2025-05-09T13:51:33</time>
      </trkpt>
      <trkpt lat="46.40982764773071" lon="23.559277011081576">
        <ele>541.2</ele>
        <time>2025-05-09T13:51:37</time>
      </trkpt>
      <trkpt lat="46.40961139462888" lon="23.559280866757035">
        <ele>540.5999999999999</ele>
        <time>2025-05-09T13:51:40</time>
      </trkpt>
      <trkpt lat="46.40919632278383" lon="23.55926100164652">
        <ele>539.8</ele>
        <time>2025-05-09T13:51:46</time>
      </trkpt>
      <trkpt lat="46.4091304410249" lon="23.559249015524983">
        <ele>539.4000000000001</ele>
        <time>2025-05-09T13:51:47</time>
      </trkpt>
      <trkpt lat="46.408941177651286" lon="23.559177350252867">
        <ele>539.2</ele>
        <time>2025-05-09T13:51:50</time>
      </trkpt>
      <trkpt lat="46.40888091176748" lon="23.55913745239377">
        <ele>539.2</ele>
        <time>2025-05-09T13:51:51</time>
      </trkpt>
      <trkpt lat="46.40872115269303" lon="23.558962270617485">
        <ele>538.8</ele>
        <time>2025-05-09T13:51:54</time>
      </trkpt>
      <trkpt lat="46.40867320820689" lon="23.558895718306303">
        <ele>538.8</ele>
        <time>2025-05-09T13:51:55</time>
      </trkpt>
      <trkpt lat="46.40858075581491" lon="23.558765379711986">
        <ele>538.4000000000001</ele>
        <time>2025-05-09T13:51:57</time>
      </trkpt>
      <trkpt lat="46.40831295400858" lon="23.55839028954506">
        <ele>537.8</ele>
        <time>2025-05-09T13:52:03</time>
      </trkpt>
      <trkpt lat="46.40809401869774" lon="23.55809273198247">
        <ele>537.4000000000001</ele>
        <time>2025-05-09T13:52:08</time>
      </trkpt>
      <trkpt lat="46.40793174505234" lon="23.557887291535735">
        <ele>537.0</ele>
        <time>2025-05-09T13:52:12</time>
      </trkpt>
      <trkpt lat="46.40782780945301" lon="23.55776147916913">
        <ele>536.8</ele>
        <time>2025-05-09T13:52:16</time>
      </trkpt>
      <trkpt lat="46.407816745340824" lon="23.557743290439248">
        <ele>536.5999999999999</ele>
        <time>2025-05-09T13:52:19</time>
      </trkpt>
      <trkpt lat="46.40781599096954" lon="23.557740692049265">
        <ele>536.4000000000001</ele>
        <time>2025-05-09T13:52:20</time>
      </trkpt>
      <trkpt lat="46.40781498514116" lon="23.55773507617414">
        <ele>535.5999999999999</ele>
        <time>2025-05-09T13:52:31</time>
      </trkpt>
      <trkpt lat="46.40781498514116" lon="23.557735662907362">
        <ele>536.0</ele>
        <time>2025-05-09T13:53:01</time>
      </trkpt>
      <trkpt lat="46.407814901322126" lon="23.557736752554774">
        <ele>535.8</ele>
        <time>2025-05-09T13:53:19</time>
      </trkpt>
      <trkpt lat="46.40781540423632" lon="23.557736417278647">
        <ele>535.8</ele>
        <time>2025-05-09T13:53:30</time>
      </trkpt>
      <trkpt lat="46.40779168345034" lon="23.557729460299015">
        <ele>535.8</ele>
        <time>2025-05-09T13:53:48</time>
      </trkpt>
      <trkpt lat="46.40778120607138" lon="23.55772485025227">
        <ele>535.8</ele>
        <time>2025-05-09T13:53:49</time>
      </trkpt>
      <trkpt lat="46.407714653760195" lon="23.55768285691738">
        <ele>535.8</ele>
        <time>2025-05-09T13:53:52</time>
      </trkpt>
      <trkpt lat="46.40746898017824" lon="23.5576059948653">
        <ele>535.5999999999999</ele>
        <time>2025-05-09T13:53:58</time>
      </trkpt>
      <trkpt lat="46.407369235530496" lon="23.557599121704698">
        <ele>535.5999999999999</ele>
        <time>2025-05-09T13:54:00</time>
      </trkpt>
      <trkpt lat="46.40709154307842" lon="23.557585291564465">
        <ele>535.0</ele>
        <time>2025-05-09T13:54:05</time>
      </trkpt>
      <trkpt lat="46.406783843412995" lon="23.557579927146435">
        <ele>534.4000000000001</ele>
        <time>2025-05-09T13:54:10</time>
      </trkpt>
      <trkpt lat="46.40659156255424" lon="23.557572551071644">
        <ele>533.8</ele>
        <time>2025-05-09T13:54:13</time>
      </trkpt>
      <trkpt lat="46.40631789341569" lon="23.557533491402864">
        <ele>533.2</ele>
        <time>2025-05-09T13:54:17</time>
      </trkpt>
      <trkpt lat="46.40618311241269" lon="23.557482194155455">
        <ele>532.8</ele>
        <time>2025-05-09T13:54:19</time>
      </trkpt>
      <trkpt lat="46.40592494979501" lon="23.557339198887348">
        <ele>532.2</ele>
        <time>2025-05-09T13:54:23</time>
      </trkpt>
      <trkpt lat="46.40580575913191" lon="23.557265773415565">
        <ele>531.8</ele>
        <time>2025-05-09T13:54:25</time>
      </trkpt>
      <trkpt lat="46.4055541343987" lon="23.55714180506766">
        <ele>531.0</ele>
        <time>2025-05-09T13:54:29</time>
      </trkpt>
      <trkpt lat="46.405422789976" lon="23.557096794247627">
        <ele>531.0</ele>
        <time>2025-05-09T13:54:31</time>
      </trkpt>
      <trkpt lat="46.40502255409956" lon="23.557047760114074">
        <ele>530.4000000000001</ele>
        <time>2025-05-09T13:54:37</time>
      </trkpt>
      <trkpt lat="46.40470345504582" lon="23.5571379493922">
        <ele>530.0</ele>
        <time>2025-05-09T13:54:42</time>
      </trkpt>
      <trkpt lat="46.40425242483616" lon="23.55733877979219">
        <ele>529.4000000000001</ele>
        <time>2025-05-09T13:54:49</time>
      </trkpt>
      <trkpt lat="46.40405712649226" lon="23.5574003867805">
        <ele>529.0</ele>
        <time>2025-05-09T13:54:52</time>
      </trkpt>
      <trkpt lat="46.403655130416155" lon="23.557497449219227">
        <ele>528.2</ele>
        <time>2025-05-09T13:54:58</time>
      </trkpt>
      <trkpt lat="46.4035889133811" lon="23.557511195540428">
        <ele>527.8</ele>
        <time>2025-05-09T13:54:59</time>
      </trkpt>
      <trkpt lat="46.403119610622525" lon="23.557605911046267">
        <ele>526.8</ele>
        <time>2025-05-09T13:55:06</time>
      </trkpt>
      <trkpt lat="46.40256682410836" lon="23.557740608230233">
        <ele>525.8</ele>
        <time>2025-05-09T13:55:14</time>
      </trkpt>
      <trkpt lat="46.402498008683324" lon="23.557760808616877">
        <ele>525.5999999999999</ele>
        <time>2025-05-09T13:55:15</time>
      </trkpt>
      <trkpt lat="46.402363646775484" lon="23.557802215218544">
        <ele>525.2</ele>
        <time>2025-05-09T13:55:17</time>
      </trkpt>
      <trkpt lat="46.40204622410238" lon="23.557932386174798">
        <ele>524.5999999999999</ele>
        <time>2025-05-09T13:55:22</time>
      </trkpt>
      <trkpt lat="46.40198713168502" lon="23.557967841625214">
        <ele>524.4000000000001</ele>
        <time>2025-05-09T13:55:23</time>
      </trkpt>
      <trkpt lat="46.40159871429205" lon="23.55827696621418">
        <ele>523.8</ele>
        <time>2025-05-09T13:55:30</time>
      </trkpt>
      <trkpt lat="46.40121700242162" lon="23.558514593169093">
        <ele>523.6</ele>
        <time>2025-05-09T13:55:37</time>
      </trkpt>
      <trkpt lat="46.401106948032975" lon="23.55855843052268">
        <ele>523.4</ele>
        <time>2025-05-09T13:55:39</time>
      </trkpt>
      <trkpt lat="46.40073831193149" lon="23.558677537366748">
        <ele>523.4</ele>
        <time>2025-05-09T13:55:46</time>
      </trkpt>
      <trkpt lat="46.40031075105071" lon="23.558778204023838">
        <ele>523.6</ele>
        <time>2025-05-09T13:55:55</time>
      </trkpt>
      <trkpt lat="46.39990573748946" lon="23.55884861201048">
        <ele>524.0</ele>
        <time>2025-05-09T13:56:04</time>
      </trkpt>
      <trkpt lat="46.39952301979065" lon="23.558999905362725">
        <ele>524.2</ele>
        <time>2025-05-09T13:56:12</time>
      </trkpt>
      <trkpt lat="46.39913351275027" lon="23.55923568829894">
        <ele>523.8</ele>
        <time>2025-05-09T13:56:20</time>
      </trkpt>
      <trkpt lat="46.3986449316144" lon="23.559548584744334">
        <ele>522.8</ele>
        <time>2025-05-09T13:56:29</time>
      </trkpt>
      <trkpt lat="46.398476203903556" lon="23.559654280543327">
        <ele>522.4</ele>
        <time>2025-05-09T13:56:32</time>
      </trkpt>
      <trkpt lat="46.398095497861505" lon="23.55987279675901">
        <ele>521.4</ele>
        <time>2025-05-09T13:56:39</time>
      </trkpt>
      <trkpt lat="46.39776290394366" lon="23.56003062799573">
        <ele>521.2</ele>
        <time>2025-05-09T13:56:46</time>
      </trkpt>
      <trkpt lat="46.39742720872164" lon="23.56007463298738">
        <ele>521.4</ele>
        <time>2025-05-09T13:56:53</time>
      </trkpt>
      <trkpt lat="46.39688976109028" lon="23.56005703099072">
        <ele>521.8</ele>
        <time>2025-05-09T13:57:04</time>
      </trkpt>
      <trkpt lat="46.39640277251601" lon="23.560085278004408">
        <ele>521.8</ele>
        <time>2025-05-09T13:57:14</time>
      </trkpt>
      <trkpt lat="46.39592684805393" lon="23.56016792356968">
        <ele>521.6</ele>
        <time>2025-05-09T13:57:23</time>
      </trkpt>
      <trkpt lat="46.395357800647616" lon="23.560245539993048">
        <ele>520.8</ele>
        <time>2025-05-09T13:57:33</time>
      </trkpt>
      <trkpt lat="46.394933592528105" lon="23.56026716530323">
        <ele>520.2</ele>
        <time>2025-05-09T13:57:40</time>
      </trkpt>
      <trkpt lat="46.39487475156784" lon="23.560262052342296">
        <ele>520.2</ele>
        <time>2025-05-09T13:57:41</time>
      </trkpt>
      <trkpt lat="46.394424978643656" lon="23.56020061299205">
        <ele>520.0</ele>
        <time>2025-05-09T13:57:49</time>
      </trkpt>
      <trkpt lat="46.394020300358534" lon="23.56020899489522">
        <ele>519.6</ele>
        <time>2025-05-09T13:57:56</time>
      </trkpt>
      <trkpt lat="46.393909407779574" lon="23.560249898582697">
        <ele>519.4</ele>
        <time>2025-05-09T13:57:58</time>
      </trkpt>
      <trkpt lat="46.393638253211975" lon="23.560376297682524">
        <ele>519.0</ele>
        <time>2025-05-09T13:58:03</time>
      </trkpt>
      <trkpt lat="46.3932448066771" lon="23.560619540512562">
        <ele>518.6</ele>
        <time>2025-05-09T13:58:11</time>
      </trkpt>
      <trkpt lat="46.39287239871919" lon="23.560934029519558">
        <ele>518.4</ele>
        <time>2025-05-09T13:58:20</time>
      </trkpt>
      <trkpt lat="46.392561262473464" lon="23.56122588738799">
        <ele>518.4</ele>
        <time>2025-05-09T13:58:27</time>
      </trkpt>
      <trkpt lat="46.392211988568306" lon="23.561489833518863">
        <ele>517.4</ele>
        <time>2025-05-09T13:58:34</time>
      </trkpt>
      <trkpt lat="46.39216370880604" lon="23.561520762741566">
        <ele>517.2</ele>
        <time>2025-05-09T13:58:35</time>
      </trkpt>
      <trkpt lat="46.39182893559337" lon="23.561713295057416">
        <ele>516.6</ele>
        <time>2025-05-09T13:58:42</time>
      </trkpt>
      <trkpt lat="46.39143389649689" lon="23.56189141049981">
        <ele>516.6</ele>
        <time>2025-05-09T13:58:50</time>
      </trkpt>
      <trkpt lat="46.39096015132964" lon="23.561975061893463">
        <ele>517.2</ele>
        <time>2025-05-09T13:58:59</time>
      </trkpt>
      <trkpt lat="46.39057642780244" lon="23.56199534609914">
        <ele>518.4</ele>
        <time>2025-05-09T13:59:07</time>
      </trkpt>
      <trkpt lat="46.390182143077254" lon="23.562038680538535">
        <ele>519.2</ele>
        <time>2025-05-09T13:59:16</time>
      </trkpt>
      <trkpt lat="46.390058593824506" lon="23.562045134603977">
        <ele>519.6</ele>
        <time>2025-05-09T13:59:19</time>
      </trkpt>
      <trkpt lat="46.389762964099646" lon="23.56206675991416">
        <ele>520.2</ele>
        <time>2025-05-09T13:59:26</time>
      </trkpt>
      <trkpt lat="46.38950429856777" lon="23.562049325555563">
        <ele>520.6</ele>
        <time>2025-05-09T13:59:32</time>
      </trkpt>
      <trkpt lat="46.38936214148998" lon="23.562044128775597">
        <ele>520.8</ele>
        <time>2025-05-09T13:59:35</time>
      </trkpt>
      <trkpt lat="46.38892745599151" lon="23.562018228694797">
        <ele>520.8</ele>
        <time>2025-05-09T13:59:44</time>
      </trkpt>
      <trkpt lat="46.3885463308543" lon="23.562006326392293">
        <ele>520.8</ele>
        <time>2025-05-09T13:59:52</time>
      </trkpt>
      <trkpt lat="46.38813980855048" lon="23.562029963359237">
        <ele>520.8</ele>
        <time>2025-05-09T13:59:59</time>
      </trkpt>
      <trkpt lat="46.38785842806101" lon="23.562126774340868">
        <ele>520.2</ele>
        <time>2025-05-09T14:00:04</time>
      </trkpt>
      <trkpt lat="46.38780905865133" lon="23.562162900343537">
        <ele>520.0</ele>
        <time>2025-05-09T14:00:05</time>
      </trkpt>
      <trkpt lat="46.38771350495517" lon="23.562256023287773">
        <ele>519.4</ele>
        <time>2025-05-09T14:00:07</time>
      </trkpt>
      <trkpt lat="46.38762289658189" lon="23.562371525913477">
        <ele>519.0</ele>
        <time>2025-05-09T14:00:09</time>
      </trkpt>
      <trkpt lat="46.38757738284767" lon="23.56243279762566">
        <ele>519.0</ele>
        <time>2025-05-09T14:00:10</time>
      </trkpt>
      <trkpt lat="46.387287536635995" lon="23.562879553064704">
        <ele>518.4</ele>
        <time>2025-05-09T14:00:17</time>
      </trkpt>
      <trkpt lat="46.3872561044991" lon="23.56295306235552">
        <ele>518.2</ele>
        <time>2025-05-09T14:00:18</time>
      </trkpt>
      <trkpt lat="46.38720438815653" lon="23.563279202207923">
        <ele>517.8</ele>
        <time>2025-05-09T14:00:22</time>
      </trkpt>
      <trkpt lat="46.387224085628986" lon="23.56351557187736">
        <ele>517.6</ele>
        <time>2025-05-09T14:00:25</time>
      </trkpt>
      <trkpt lat="46.38725224882364" lon="23.56366845779121">
        <ele>517.4</ele>
        <time>2025-05-09T14:00:27</time>
      </trkpt>
      <trkpt lat="46.387346126139164" lon="23.56406576000154">
        <ele>517.4</ele>
        <time>2025-05-09T14:00:32</time>
      </trkpt>
      <trkpt lat="46.38739465735853" lon="23.564221914857626">
        <ele>517.2</ele>
        <time>2025-05-09T14:00:34</time>
      </trkpt>
      <trkpt lat="46.38762264512479" lon="23.564895736053586">
        <ele>516.4</ele>
        <time>2025-05-09T14:00:43</time>
      </trkpt>
      <trkpt lat="46.38772699981928" lon="23.565347688272595">
        <ele>516.4</ele>
        <time>2025-05-09T14:00:49</time>
      </trkpt>
      <trkpt lat="46.38778634369373" lon="23.56593777425587">
        <ele>516.2</ele>
        <time>2025-05-09T14:00:56</time>
      </trkpt>
      <trkpt lat="46.38779120519757" lon="23.56602561660111">
        <ele>516.0</ele>
        <time>2025-05-09T14:00:57</time>
      </trkpt>
      <trkpt lat="46.38781442306936" lon="23.5666564386338">
        <ele>515.0</ele>
        <time>2025-05-09T14:01:04</time>
      </trkpt>
      <trkpt lat="46.3878158479929" lon="23.566749393939972">
        <ele>514.8</ele>
        <time>2025-05-09T14:01:05</time>
      </trkpt>
      <trkpt lat="46.387807466089725" lon="23.567133955657482">
        <ele>513.8</ele>
        <time>2025-05-09T14:01:09</time>
      </trkpt>
      <trkpt lat="46.387777626514435" lon="23.567438386380672">
        <ele>513.0</ele>
        <time>2025-05-09T14:01:12</time>
      </trkpt>
      <trkpt lat="46.38776262290776" lon="23.567542992532253">
        <ele>512.8</ele>
        <time>2025-05-09T14:01:13</time>
      </trkpt>
      <trkpt lat="46.387683833017945" lon="23.567980946972966">
        <ele>511.6</ele>
        <time>2025-05-09T14:01:17</time>
      </trkpt>
      <trkpt lat="46.387641252949834" lon="23.568204576149583">
        <ele>511.0</ele>
        <time>2025-05-09T14:01:19</time>
      </trkpt>
      <trkpt lat="46.387620298191905" lon="23.568316139280796">
        <ele>510.6</ele>
        <time>2025-05-09T14:01:20</time>
      </trkpt>
      <trkpt lat="46.38755810447037" lon="23.568652169778943">
        <ele>509.4</ele>
        <time>2025-05-09T14:01:23</time>
      </trkpt>
      <trkpt lat="46.387516697868705" lon="23.568879989907146">
        <ele>508.20000000000005</ele>
        <time>2025-05-09T14:01:25</time>
      </trkpt>
      <trkpt lat="46.38747453689575" lon="23.569108732044697">
        <ele>507.20000000000005</ele>
        <time>2025-05-09T14:01:27</time>
      </trkpt>
      <trkpt lat="46.387433214113116" lon="23.56933462433517">
        <ele>506.20000000000005</ele>
        <time>2025-05-09T14:01:29</time>
      </trkpt>
      <trkpt lat="46.38739105314016" lon="23.569552302360535">
        <ele>506.0</ele>
        <time>2025-05-09T14:01:31</time>
      </trkpt>
      <trkpt lat="46.38731360435486" lon="23.569962847977877">
        <ele>504.79999999999995</ele>
        <time>2025-05-09T14:01:35</time>
      </trkpt>
      <trkpt lat="46.38729566708207" lon="23.570063430815935">
        <ele>504.4</ele>
        <time>2025-05-09T14:01:36</time>
      </trkpt>
      <trkpt lat="46.387237748131156" lon="23.570366352796555">
        <ele>503.6</ele>
        <time>2025-05-09T14:01:39</time>
      </trkpt>
      <trkpt lat="46.38712735846639" lon="23.5709960013628">
        <ele>502.6</ele>
        <time>2025-05-09T14:01:45</time>
      </trkpt>
      <trkpt lat="46.38710858300328" lon="23.571103624999523">
        <ele>502.4</ele>
        <time>2025-05-09T14:01:46</time>
      </trkpt>
      <trkpt lat="46.38703255914152" lon="23.571536634117365">
        <ele>501.0</ele>
        <time>2025-05-09T14:01:50</time>
      </trkpt>
      <trkpt lat="46.38695544563234" lon="23.571975929662585">
        <ele>499.79999999999995</ele>
        <time>2025-05-09T14:01:54</time>
      </trkpt>
      <trkpt lat="46.38691529631615" lon="23.57219805009663">
        <ele>499.20000000000005</ele>
        <time>2025-05-09T14:01:56</time>
      </trkpt>
      <trkpt lat="46.38687673956156" lon="23.572424529120326">
        <ele>498.6</ele>
        <time>2025-05-09T14:01:58</time>
      </trkpt>
      <trkpt lat="46.38681513257325" lon="23.572774473577738">
        <ele>497.4</ele>
        <time>2025-05-09T14:02:01</time>
      </trkpt>
      <trkpt lat="46.386734414845705" lon="23.573253331705928">
        <ele>496.20000000000005</ele>
        <time>2025-05-09T14:02:05</time>
      </trkpt>
      <trkpt lat="46.386713376268744" lon="23.573372270911932">
        <ele>495.79999999999995</ele>
        <time>2025-05-09T14:02:06</time>
      </trkpt>
      <trkpt lat="46.38667322695255" lon="23.573610987514257">
        <ele>495.0</ele>
        <time>2025-05-09T14:02:08</time>
      </trkpt>
      <trkpt lat="46.38658655807376" lon="23.574091270565987">
        <ele>493.6</ele>
        <time>2025-05-09T14:02:12</time>
      </trkpt>
      <trkpt lat="46.38655629940331" lon="23.574208533391356">
        <ele>492.79999999999995</ele>
        <time>2025-05-09T14:02:13</time>
      </trkpt>
      <trkpt lat="46.38651615008712" lon="23.57431816868484">
        <ele>492.6</ele>
        <time>2025-05-09T14:02:14</time>
      </trkpt>
      <trkpt lat="46.38636569492519" lon="23.574617570266128">
        <ele>491.4</ele>
        <time>2025-05-09T14:02:17</time>
      </trkpt>
      <trkpt lat="46.38626603409648" lon="23.57481513172388">
        <ele>490.4</ele>
        <time>2025-05-09T14:02:19</time>
      </trkpt>
      <trkpt lat="46.38621683232486" lon="23.574912110343575">
        <ele>489.79999999999995</ele>
        <time>2025-05-09T14:02:20</time>
      </trkpt>
      <trkpt lat="46.3861199375242" lon="23.57509844005108">
        <ele>489.0</ele>
        <time>2025-05-09T14:02:22</time>
      </trkpt>
      <trkpt lat="46.385981887578964" lon="23.575366493314505">
        <ele>488.0</ele>
        <time>2025-05-09T14:02:25</time>
      </trkpt>
      <trkpt lat="46.38585397973657" lon="23.57561945915222">
        <ele>487.20000000000005</ele>
        <time>2025-05-09T14:02:28</time>
      </trkpt>
      <trkpt lat="46.38581223785877" lon="23.575699254870415">
        <ele>487.0</ele>
        <time>2025-05-09T14:02:29</time>
      </trkpt>
      <trkpt lat="46.38565231114626" lon="23.576007960364223">
        <ele>485.79999999999995</ele>
        <time>2025-05-09T14:02:33</time>
      </trkpt>
      <trkpt lat="46.38549045659602" lon="23.57630543410778">
        <ele>485.20000000000005</ele>
        <time>2025-05-09T14:02:37</time>
      </trkpt>
      <trkpt lat="46.38531426899135" lon="23.576666191220284">
        <ele>485.0</ele>
        <time>2025-05-09T14:02:42</time>
      </trkpt>
      <trkpt lat="46.38520907610655" lon="23.576865177601576">
        <ele>484.79999999999995</ele>
        <time>2025-05-09T14:02:45</time>
      </trkpt>
      <trkpt lat="46.38507429510355" lon="23.577137673273683">
        <ele>484.79999999999995</ele>
        <time>2025-05-09T14:02:49</time>
      </trkpt>
      <trkpt lat="46.38488075695932" lon="23.57745702378452">
        <ele>484.6</ele>
        <time>2025-05-09T14:02:54</time>
      </trkpt>
      <trkpt lat="46.38455889187753" lon="23.57786321081221">
        <ele>483.79999999999995</ele>
        <time>2025-05-09T14:03:01</time>
      </trkpt>
      <trkpt lat="46.38450684025884" lon="23.57791794463992">
        <ele>483.6</ele>
        <time>2025-05-09T14:03:02</time>
      </trkpt>
      <trkpt lat="46.38419075869024" lon="23.578254645690322">
        <ele>482.6</ele>
        <time>2025-05-09T14:03:08</time>
      </trkpt>
      <trkpt lat="46.38408087193966" lon="23.578369645401835">
        <ele>482.0</ele>
        <time>2025-05-09T14:03:10</time>
      </trkpt>
      <trkpt lat="46.38397836126387" lon="23.57848070561886">
        <ele>481.6</ele>
        <time>2025-05-09T14:03:12</time>
      </trkpt>
      <trkpt lat="46.383776189759374" lon="23.578669214621186">
        <ele>480.79999999999995</ele>
        <time>2025-05-09T14:03:16</time>
      </trkpt>
      <trkpt lat="46.383723970502615" lon="23.57871489599347">
        <ele>480.6</ele>
        <time>2025-05-09T14:03:17</time>
      </trkpt>
      <trkpt lat="46.38341182842851" lon="23.579019075259566">
        <ele>479.6</ele>
        <time>2025-05-09T14:03:23</time>
      </trkpt>
      <trkpt lat="46.38336891308427" lon="23.57907012104988">
        <ele>479.6</ele>
        <time>2025-05-09T14:03:24</time>
      </trkpt>
      <trkpt lat="46.383166993036866" lon="23.579282015562057">
        <ele>478.79999999999995</ele>
        <time>2025-05-09T14:03:28</time>
      </trkpt>
      <trkpt lat="46.383079905062914" lon="23.57940372079611">
        <ele>478.6</ele>
        <time>2025-05-09T14:03:30</time>
      </trkpt>
      <trkpt lat="46.382959708571434" lon="23.57958166860044">
        <ele>478.4</ele>
        <time>2025-05-09T14:03:33</time>
      </trkpt>
      <trkpt lat="46.3827904779464" lon="23.57997310347855">
        <ele>477.79999999999995</ele>
        <time>2025-05-09T14:03:39</time>
      </trkpt>
      <trkpt lat="46.38273222371936" lon="23.580125151202083">
        <ele>477.6</ele>
        <time>2025-05-09T14:03:41</time>
      </trkpt>
      <trkpt lat="46.38263608328998" lon="23.58043821528554">
        <ele>477.20000000000005</ele>
        <time>2025-05-09T14:03:45</time>
      </trkpt>
      <trkpt lat="46.38253499753773" lon="23.580732755362988">
        <ele>477.0</ele>
        <time>2025-05-09T14:03:49</time>
      </trkpt>
      <trkpt lat="46.38250130228698" lon="23.58079536817968">
        <ele>476.79999999999995</ele>
        <time>2025-05-09T14:03:50</time>
      </trkpt>
      <trkpt lat="46.38230231590569" lon="23.580970466136932">
        <ele>476.6</ele>
        <time>2025-05-09T14:03:54</time>
      </trkpt>
      <trkpt lat="46.38224406167865" lon="23.58099770732224">
        <ele>476.4</ele>
        <time>2025-05-09T14:03:55</time>
      </trkpt>
      <trkpt lat="46.38212830759585" lon="23.58105780556798">
        <ele>476.0</ele>
        <time>2025-05-09T14:03:57</time>
      </trkpt>
      <trkpt lat="46.38182882219553" lon="23.58121362514794">
        <ele>475.0</ele>
        <time>2025-05-09T14:04:02</time>
      </trkpt>
      <trkpt lat="46.381766544654965" lon="23.581242207437754">
        <ele>475.0</ele>
        <time>2025-05-09T14:04:03</time>
      </trkpt>
      <trkpt lat="46.381461611017585" lon="23.581396099179983">
        <ele>473.79999999999995</ele>
        <time>2025-05-09T14:04:08</time>
      </trkpt>
      <trkpt lat="46.38133839704096" lon="23.58146038837731">
        <ele>473.4</ele>
        <time>2025-05-09T14:04:10</time>
      </trkpt>
      <trkpt lat="46.38107151724398" lon="23.58160120435059">
        <ele>472.6</ele>
        <time>2025-05-09T14:04:14</time>
      </trkpt>
      <trkpt lat="46.38085752725601" lon="23.581706564873457">
        <ele>472.20000000000005</ele>
        <time>2025-05-09T14:04:17</time>
      </trkpt>
      <trkpt lat="46.38063850812614" lon="23.58181812800467">
        <ele>471.6</ele>
        <time>2025-05-09T14:04:20</time>
      </trkpt>
      <trkpt lat="46.380264004692435" lon="23.582014683634043">
        <ele>470.20000000000005</ele>
        <time>2025-05-09T14:04:25</time>
      </trkpt>
      <trkpt lat="46.37995094060898" lon="23.582174945622683">
        <ele>469.20000000000005</ele>
        <time>2025-05-09T14:04:29</time>
      </trkpt>
      <trkpt lat="46.37963376939297" lon="23.582341074943542">
        <ele>468.20000000000005</ele>
        <time>2025-05-09T14:04:33</time>
      </trkpt>
      <trkpt lat="46.379553973674774" lon="23.582381643354893">
        <ele>468.0</ele>
        <time>2025-05-09T14:04:34</time>
      </trkpt>
      <trkpt lat="46.3792382273823" lon="23.58254274353385">
        <ele>466.79999999999995</ele>
        <time>2025-05-09T14:04:38</time>
      </trkpt>
      <trkpt lat="46.3790812343359" lon="23.582610804587603">
        <ele>466.0</ele>
        <time>2025-05-09T14:04:40</time>
      </trkpt>
      <trkpt lat="46.3790035340935" lon="23.582638883963227">
        <ele>465.6</ele>
        <time>2025-05-09T14:04:41</time>
      </trkpt>
      <trkpt lat="46.37869072146714" lon="23.582725720480084">
        <ele>464.4</ele>
        <time>2025-05-09T14:04:45</time>
      </trkpt>
      <trkpt lat="46.37861427851021" lon="23.582731168717146">
        <ele>464.20000000000005</ele>
        <time>2025-05-09T14:04:46</time>
      </trkpt>
      <trkpt lat="46.378389140591025" lon="23.582682302221656">
        <ele>463.4</ele>
        <time>2025-05-09T14:04:49</time>
      </trkpt>
      <trkpt lat="46.378312949091196" lon="23.582656737416983">
        <ele>463.20000000000005</ele>
        <time>2025-05-09T14:04:50</time>
      </trkpt>
      <trkpt lat="46.37808286584914" lon="23.58260485343635">
        <ele>462.79999999999995</ele>
        <time>2025-05-09T14:04:53</time>
      </trkpt>
      <trkpt lat="46.37792847119272" lon="23.58261063694954">
        <ele>462.20000000000005</ele>
        <time>2025-05-09T14:04:55</time>
      </trkpt>
      <trkpt lat="46.37762563303113" lon="23.582653300836682">
        <ele>461.20000000000005</ele>
        <time>2025-05-09T14:04:59</time>
      </trkpt>
      <trkpt lat="46.37739655561745" lon="23.58268548734486">
        <ele>460.4</ele>
        <time>2025-05-09T14:05:02</time>
      </trkpt>
      <trkpt lat="46.377318603917956" lon="23.582699066028">
        <ele>460.0</ele>
        <time>2025-05-09T14:05:03</time>
      </trkpt>
      <trkpt lat="46.37709103524685" lon="23.582734018564224">
        <ele>458.79999999999995</ele>
        <time>2025-05-09T14:05:06</time>
      </trkpt>
      <trkpt lat="46.37678869999945" lon="23.582782549783587">
        <ele>457.20000000000005</ele>
        <time>2025-05-09T14:05:10</time>
      </trkpt>
      <trkpt lat="46.37642668560147" lon="23.58284139074385">
        <ele>456.0</ele>
        <time>2025-05-09T14:05:15</time>
      </trkpt>
      <trkpt lat="46.37621738947928" lon="23.582878774031997">
        <ele>455.20000000000005</ele>
        <time>2025-05-09T14:05:18</time>
      </trkpt>
      <trkpt lat="46.376078836619854" lon="23.582899142056704">
        <ele>455.0</ele>
        <time>2025-05-09T14:05:20</time>
      </trkpt>
      <trkpt lat="46.375730987638235" lon="23.582974579185247">
        <ele>454.0</ele>
        <time>2025-05-09T14:05:25</time>
      </trkpt>
      <trkpt lat="46.37539009563625" lon="23.583150850608945">
        <ele>452.79999999999995</ele>
        <time>2025-05-09T14:05:30</time>
      </trkpt>
      <trkpt lat="46.37533091939986" lon="23.583208434283733">
        <ele>452.6</ele>
        <time>2025-05-09T14:05:31</time>
      </trkpt>
      <trkpt lat="46.3751732558012" lon="23.583434829488397">
        <ele>452.0</ele>
        <time>2025-05-09T14:05:34</time>
      </trkpt>
      <trkpt lat="46.375074936077" lon="23.58359827660024">
        <ele>451.4</ele>
        <time>2025-05-09T14:05:36</time>
      </trkpt>
      <trkpt lat="46.37492246925831" lon="23.58382106758654">
        <ele>450.6</ele>
        <time>2025-05-09T14:05:39</time>
      </trkpt>
      <trkpt lat="46.37486823834479" lon="23.58389382250607">
        <ele>450.20000000000005</ele>
        <time>2025-05-09T14:05:40</time>
      </trkpt>
      <trkpt lat="46.37464217841625" lon="23.584190541878343">
        <ele>449.0</ele>
        <time>2025-05-09T14:05:44</time>
      </trkpt>
      <trkpt lat="46.374583253636956" lon="23.584253238514066">
        <ele>448.79999999999995</ele>
        <time>2025-05-09T14:05:45</time>
      </trkpt>
      <trkpt lat="46.37434562668204" lon="23.5845416598022">
        <ele>447.79999999999995</ele>
        <time>2025-05-09T14:05:49</time>
      </trkpt>
      <trkpt lat="46.3742889650166" lon="23.584617683663964">
        <ele>447.4</ele>
        <time>2025-05-09T14:05:50</time>
      </trkpt>
      <trkpt lat="46.37416407465935" lon="23.58475724235177">
        <ele>446.79999999999995</ele>
        <time>2025-05-09T14:05:52</time>
      </trkpt>
      <trkpt lat="46.373964585363865" lon="23.58494533225894">
        <ele>445.79999999999995</ele>
        <time>2025-05-09T14:05:55</time>
      </trkpt>
      <trkpt lat="46.37372503057122" lon="23.585240710526705">
        <ele>444.6</ele>
        <time>2025-05-09T14:05:59</time>
      </trkpt>
      <trkpt lat="46.373677253723145" lon="23.58533031307161">
        <ele>444.20000000000005</ele>
        <time>2025-05-09T14:06:00</time>
      </trkpt>
      <trkpt lat="46.37355638667941" lon="23.585621835663915">
        <ele>443.4</ele>
        <time>2025-05-09T14:06:03</time>
      </trkpt>
      <trkpt lat="46.37348120100796" lon="23.585802130401134">
        <ele>443.0</ele>
        <time>2025-05-09T14:06:05</time>
      </trkpt>
      <trkpt lat="46.373350443318486" lon="23.58601586893201">
        <ele>442.20000000000005</ele>
        <time>2025-05-09T14:06:08</time>
      </trkpt>
      <trkpt lat="46.37329772114754" lon="23.58607362024486">
        <ele>441.79999999999995</ele>
        <time>2025-05-09T14:06:09</time>
      </trkpt>
      <trkpt lat="46.3731926959008" lon="23.586180824786425">
        <ele>441.20000000000005</ele>
        <time>2025-05-09T14:06:11</time>
      </trkpt>
      <trkpt lat="46.372928163036704" lon="23.586438484489918">
        <ele>440.6</ele>
        <time>2025-05-09T14:06:16</time>
      </trkpt>
      <trkpt lat="46.37267033569515" lon="23.586707711219788">
        <ele>440.4</ele>
        <time>2025-05-09T14:06:21</time>
      </trkpt>
      <trkpt lat="46.372607722878456" lon="23.586751548573375">
        <ele>440.4</ele>
        <time>2025-05-09T14:06:22</time>
      </trkpt>
      <trkpt lat="46.37226280756295" lon="23.58693804591894">
        <ele>439.79999999999995</ele>
        <time>2025-05-09T14:06:27</time>
      </trkpt>
      <trkpt lat="46.372194243595004" lon="23.586980206891894">
        <ele>439.6</ele>
        <time>2025-05-09T14:06:28</time>
      </trkpt>
      <trkpt lat="46.37206063605845" lon="23.58706695958972">
        <ele>439.0</ele>
        <time>2025-05-09T14:06:30</time>
      </trkpt>
      <trkpt lat="46.371993999928236" lon="23.587120855227113">
        <ele>438.6</ele>
        <time>2025-05-09T14:06:31</time>
      </trkpt>
      <trkpt lat="46.371936248615384" lon="23.58719101175666">
        <ele>438.0</ele>
        <time>2025-05-09T14:06:32</time>
      </trkpt>
      <trkpt lat="46.37188771739602" lon="23.58727508224547">
        <ele>437.6</ele>
        <time>2025-05-09T14:06:33</time>
      </trkpt>
      <trkpt lat="46.37184211984277" lon="23.58736988157034">
        <ele>436.79999999999995</ele>
        <time>2025-05-09T14:06:34</time>
      </trkpt>
      <trkpt lat="46.37179241515696" lon="23.58746225014329">
        <ele>436.20000000000005</ele>
        <time>2025-05-09T14:06:35</time>
      </trkpt>
      <trkpt lat="46.371664088219404" lon="23.587615303695202">
        <ele>434.79999999999995</ele>
        <time>2025-05-09T14:06:37</time>
      </trkpt>
      <trkpt lat="46.37150173075497" lon="23.587720161303878">
        <ele>433.6</ele>
        <time>2025-05-09T14:06:39</time>
      </trkpt>
      <trkpt lat="46.37132520787418" lon="23.587767519056797">
        <ele>432.0</ele>
        <time>2025-05-09T14:06:41</time>
      </trkpt>
      <trkpt lat="46.371234683319926" lon="23.587766345590353">
        <ele>431.20000000000005</ele>
        <time>2025-05-09T14:06:42</time>
      </trkpt>
      <trkpt lat="46.371137369424105" lon="23.587746312841773">
        <ele>430.4</ele>
        <time>2025-05-09T14:06:43</time>
      </trkpt>
      <trkpt lat="46.370949698612094" lon="23.587691159918904">
        <ele>428.79999999999995</ele>
        <time>2025-05-09T14:06:45</time>
      </trkpt>
      <trkpt lat="46.370855402201414" lon="23.58766903169453">
        <ele>428.0</ele>
        <time>2025-05-09T14:06:46</time>
      </trkpt>
      <trkpt lat="46.37076269835234" lon="23.587653525173664">
        <ele>427.20000000000005</ele>
        <time>2025-05-09T14:06:47</time>
      </trkpt>
      <trkpt lat="46.37067032977939" lon="23.58765486627817">
        <ele>426.20000000000005</ele>
        <time>2025-05-09T14:06:48</time>
      </trkpt>
      <trkpt lat="46.370579805225134" lon="23.587672971189022">
        <ele>425.6</ele>
        <time>2025-05-09T14:06:49</time>
      </trkpt>
      <trkpt lat="46.370489532127976" lon="23.587704906240106">
        <ele>424.6</ele>
        <time>2025-05-09T14:06:50</time>
      </trkpt>
      <trkpt lat="46.37039791792631" lon="23.587739942595363">
        <ele>423.6</ele>
        <time>2025-05-09T14:06:51</time>
      </trkpt>
      <trkpt lat="46.37022298760712" lon="23.587821666151285">
        <ele>422.0</ele>
        <time>2025-05-09T14:06:53</time>
      </trkpt>
      <trkpt lat="46.370056020095944" lon="23.587924344465137">
        <ele>420.20000000000005</ele>
        <time>2025-05-09T14:06:55</time>
      </trkpt>
      <trkpt lat="46.3697958458215" lon="23.588150069117546">
        <ele>419.0</ele>
        <time>2025-05-09T14:06:58</time>
      </trkpt>
      <trkpt lat="46.369705656543374" lon="23.588214609771967">
        <ele>418.4</ele>
        <time>2025-05-09T14:06:59</time>
      </trkpt>
      <trkpt lat="46.36960809119046" lon="23.588263895362616">
        <ele>417.79999999999995</ele>
        <time>2025-05-09T14:07:00</time>
      </trkpt>
      <trkpt lat="46.36950893327594" lon="23.588329693302512">
        <ele>417.20000000000005</ele>
        <time>2025-05-09T14:07:01</time>
      </trkpt>
      <trkpt lat="46.369419246912" lon="23.588424576446414">
        <ele>416.4</ele>
        <time>2025-05-09T14:07:02</time>
      </trkpt>
      <trkpt lat="46.36934280395508" lon="23.58853387646377">
        <ele>415.79999999999995</ele>
        <time>2025-05-09T14:07:03</time>
      </trkpt>
      <trkpt lat="46.369271809235215" lon="23.588651809841394">
        <ele>414.0</ele>
        <time>2025-05-09T14:07:04</time>
      </trkpt>
      <trkpt lat="46.369205843657255" lon="23.58877661637962">
        <ele>413.20000000000005</ele>
        <time>2025-05-09T14:07:05</time>
      </trkpt>
      <trkpt lat="46.36914021335542" lon="23.588896058499813">
        <ele>412.20000000000005</ele>
        <time>2025-05-09T14:07:06</time>
      </trkpt>
      <trkpt lat="46.369003588333726" lon="23.5891280695796">
        <ele>410.4</ele>
        <time>2025-05-09T14:07:08</time>
      </trkpt>
      <trkpt lat="46.36893737129867" lon="23.589235357940197">
        <ele>409.20000000000005</ele>
        <time>2025-05-09T14:07:09</time>
      </trkpt>
      <trkpt lat="46.368874590843916" lon="23.58934842981398">
        <ele>408.20000000000005</ele>
        <time>2025-05-09T14:07:10</time>
      </trkpt>
      <trkpt lat="46.368767553940415" lon="23.589585470035672">
        <ele>406.79999999999995</ele>
        <time>2025-05-09T14:07:12</time>
      </trkpt>
      <trkpt lat="46.36872421950102" lon="23.58970994129777">
        <ele>406.0</ele>
        <time>2025-05-09T14:07:13</time>
      </trkpt>
      <trkpt lat="46.36868624947965" lon="23.589837597683072">
        <ele>405.6</ele>
        <time>2025-05-09T14:07:14</time>
      </trkpt>
      <trkpt lat="46.36859245598316" lon="23.59022794291377">
        <ele>404.20000000000005</ele>
        <time>2025-05-09T14:07:17</time>
      </trkpt>
      <trkpt lat="46.36856739409268" lon="23.590357694774866">
        <ele>404.0</ele>
        <time>2025-05-09T14:07:18</time>
      </trkpt>
      <trkpt lat="46.36849790811539" lon="23.590733036398888">
        <ele>403.0</ele>
        <time>2025-05-09T14:07:21</time>
      </trkpt>
      <trkpt lat="46.36841635219753" lon="23.591084741055965">
        <ele>401.6</ele>
        <time>2025-05-09T14:07:24</time>
      </trkpt>
      <trkpt lat="46.36838332749903" lon="23.591200914233923">
        <ele>401.20000000000005</ele>
        <time>2025-05-09T14:07:25</time>
      </trkpt>
      <trkpt lat="46.36834284290671" lon="23.59131122007966">
        <ele>401.0</ele>
        <time>2025-05-09T14:07:26</time>
      </trkpt>
      <trkpt lat="46.36824645102024" lon="23.591512301936746">
        <ele>400.6</ele>
        <time>2025-05-09T14:07:28</time>
      </trkpt>
      <trkpt lat="46.36819607578218" lon="23.59160777181387">
        <ele>400.4</ele>
        <time>2025-05-09T14:07:29</time>
      </trkpt>
      <trkpt lat="46.36785057373345" lon="23.592129964381456">
        <ele>399.4</ele>
        <time>2025-05-09T14:07:35</time>
      </trkpt>
      <trkpt lat="46.36755008250475" lon="23.592392234131694">
        <ele>398.6</ele>
        <time>2025-05-09T14:07:39</time>
      </trkpt>
      <trkpt lat="46.367469700053334" lon="23.592444034293294">
        <ele>398.20000000000005</ele>
        <time>2025-05-09T14:07:40</time>
      </trkpt>
      <trkpt lat="46.36721924878657" lon="23.592567667365074">
        <ele>397.20000000000005</ele>
        <time>2025-05-09T14:07:43</time>
      </trkpt>
      <trkpt lat="46.3671366032213" lon="23.592606894671917">
        <ele>396.79999999999995</ele>
        <time>2025-05-09T14:07:44</time>
      </trkpt>
      <trkpt lat="46.36696930043399" lon="23.592686438933015">
        <ele>395.79999999999995</ele>
        <time>2025-05-09T14:07:46</time>
      </trkpt>
      <trkpt lat="46.366809541359544" lon="23.592784255743027">
        <ele>394.6</ele>
        <time>2025-05-09T14:07:48</time>
      </trkpt>
      <trkpt lat="46.36674340814352" lon="23.592859357595444">
        <ele>394.0</ele>
        <time>2025-05-09T14:07:49</time>
      </trkpt>
      <trkpt lat="46.366686914116144" lon="23.592947954311967">
        <ele>393.6</ele>
        <time>2025-05-09T14:07:50</time>
      </trkpt>
      <trkpt lat="46.36660309508443" lon="23.59315817244351">
        <ele>392.6</ele>
        <time>2025-05-09T14:07:52</time>
      </trkpt>
      <trkpt lat="46.366571662947536" lon="23.593265460804105">
        <ele>392.20000000000005</ele>
        <time>2025-05-09T14:07:53</time>
      </trkpt>
      <trkpt lat="46.36652304790914" lon="23.59349101781845">
        <ele>391.4</ele>
        <time>2025-05-09T14:07:55</time>
      </trkpt>
      <trkpt lat="46.366506703197956" lon="23.5936076939106">
        <ele>391.0</ele>
        <time>2025-05-09T14:07:56</time>
      </trkpt>
      <trkpt lat="46.366493878886104" lon="23.593721939250827">
        <ele>390.6</ele>
        <time>2025-05-09T14:07:57</time>
      </trkpt>
      <trkpt lat="46.366483150050044" lon="23.593941126018763">
        <ele>390.0</ele>
        <time>2025-05-09T14:07:59</time>
      </trkpt>
      <trkpt lat="46.36645699851215" lon="23.59425226226449">
        <ele>388.79999999999995</ele>
        <time>2025-05-09T14:08:02</time>
      </trkpt>
      <trkpt lat="46.36644107289612" lon="23.594357538968325">
        <ele>388.6</ele>
        <time>2025-05-09T14:08:03</time>
      </trkpt>
      <trkpt lat="46.36635297909379" lon="23.594788536429405">
        <ele>387.6</ele>
        <time>2025-05-09T14:08:07</time>
      </trkpt>
      <trkpt lat="46.366303442046046" lon="23.59500822611153">
        <ele>387.0</ele>
        <time>2025-05-09T14:08:09</time>
      </trkpt>
      <trkpt lat="46.366256922483444" lon="23.59522615559399">
        <ele>386.4</ele>
        <time>2025-05-09T14:08:11</time>
      </trkpt>
      <trkpt lat="46.366182239726186" lon="23.595665534958243">
        <ele>385.20000000000005</ele>
        <time>2025-05-09T14:08:15</time>
      </trkpt>
      <trkpt lat="46.366166565567255" lon="23.595772488042712">
        <ele>385.0</ele>
        <time>2025-05-09T14:08:16</time>
      </trkpt>
      <trkpt lat="46.36608081869781" lon="23.59637430869043">
        <ele>384.20000000000005</ele>
        <time>2025-05-09T14:08:22</time>
      </trkpt>
      <trkpt lat="46.36606656946242" lon="23.596467012539506">
        <ele>384.0</ele>
        <time>2025-05-09T14:08:23</time>
      </trkpt>
      <trkpt lat="46.3659346383065" lon="23.596996245905757">
        <ele>383.20000000000005</ele>
        <time>2025-05-09T14:08:29</time>
      </trkpt>
      <trkpt lat="46.365736071020365" lon="23.59757736325264">
        <ele>383.20000000000005</ele>
        <time>2025-05-09T14:08:36</time>
      </trkpt>
      <trkpt lat="46.36563749983907" lon="23.597902413457632">
        <ele>383.0</ele>
        <time>2025-05-09T14:08:40</time>
      </trkpt>
      <trkpt lat="46.365622747689486" lon="23.597984304651618">
        <ele>382.79999999999995</ele>
        <time>2025-05-09T14:08:41</time>
      </trkpt>
      <trkpt lat="46.36561562307179" lon="23.598069297149777">
        <ele>382.79999999999995</ele>
        <time>2025-05-09T14:08:42</time>
      </trkpt>
      <trkpt lat="46.365662310272455" lon="23.59841831959784">
        <ele>382.20000000000005</ele>
        <time>2025-05-09T14:08:46</time>
      </trkpt>
      <trkpt lat="46.36568636633456" lon="23.598499540239573">
        <ele>382.0</ele>
        <time>2025-05-09T14:08:47</time>
      </trkpt>
      <trkpt lat="46.365741435438395" lon="23.598663825541735">
        <ele>381.79999999999995</ele>
        <time>2025-05-09T14:08:49</time>
      </trkpt>
      <trkpt lat="46.36586397886276" lon="23.59900128096342">
        <ele>381.4</ele>
        <time>2025-05-09T14:08:53</time>
      </trkpt>
      <trkpt lat="46.365975961089134" lon="23.599358266219497">
        <ele>380.79999999999995</ele>
        <time>2025-05-09T14:08:57</time>
      </trkpt>
      <trkpt lat="46.36601175181568" lon="23.59955339692533">
        <ele>380.4</ele>
        <time>2025-05-09T14:08:59</time>
      </trkpt>
      <trkpt lat="46.36602818034589" lon="23.59974634833634">
        <ele>379.79999999999995</ele>
        <time>2025-05-09T14:09:01</time>
      </trkpt>
      <trkpt lat="46.36600739322603" lon="23.599935192614794">
        <ele>379.20000000000005</ele>
        <time>2025-05-09T14:09:03</time>
      </trkpt>
      <trkpt lat="46.36597101576626" lon="23.60010995529592">
        <ele>378.79999999999995</ele>
        <time>2025-05-09T14:09:05</time>
      </trkpt>
      <trkpt lat="46.36592206545174" lon="23.60028589144349">
        <ele>378.6</ele>
        <time>2025-05-09T14:09:07</time>
      </trkpt>
      <trkpt lat="46.36590144596994" lon="23.6003786791116">
        <ele>378.4</ele>
        <time>2025-05-09T14:09:08</time>
      </trkpt>
      <trkpt lat="46.36591167189181" lon="23.600750751793385">
        <ele>377.79999999999995</ele>
        <time>2025-05-09T14:09:12</time>
      </trkpt>
      <trkpt lat="46.36593027971685" lon="23.60084722749889">
        <ele>377.6</ele>
        <time>2025-05-09T14:09:13</time>
      </trkpt>
      <trkpt lat="46.36594947427511" lon="23.600942278280854">
        <ele>377.4</ele>
        <time>2025-05-09T14:09:14</time>
      </trkpt>
      <trkpt lat="46.366041926667094" lon="23.601409569382668">
        <ele>376.20000000000005</ele>
        <time>2025-05-09T14:09:19</time>
      </trkpt>
      <trkpt lat="46.366085428744555" lon="23.60168726183474">
        <ele>375.6</ele>
        <time>2025-05-09T14:09:22</time>
      </trkpt>
      <trkpt lat="46.36608584783971" lon="23.601781306788325">
        <ele>375.0</ele>
        <time>2025-05-09T14:09:23</time>
      </trkpt>
      <trkpt lat="46.36607729829848" lon="23.60187627375126">
        <ele>374.79999999999995</ele>
        <time>2025-05-09T14:09:24</time>
      </trkpt>
      <trkpt lat="46.366043938323855" lon="23.602062268182635">
        <ele>374.20000000000005</ele>
        <time>2025-05-09T14:09:26</time>
      </trkpt>
      <trkpt lat="46.36601929552853" lon="23.602146673947573">
        <ele>374.0</ele>
        <time>2025-05-09T14:09:27</time>
      </trkpt>
      <trkpt lat="46.36596539989114" lon="23.60230727121234">
        <ele>373.6</ele>
        <time>2025-05-09T14:09:29</time>
      </trkpt>
      <trkpt lat="46.36582240462303" lon="23.602729635313153">
        <ele>373.20000000000005</ele>
        <time>2025-05-09T14:09:35</time>
      </trkpt>
      <trkpt lat="46.365790301933885" lon="23.602871540933847">
        <ele>373.20000000000005</ele>
        <time>2025-05-09T14:09:37</time>
      </trkpt>
      <trkpt lat="46.365782925859094" lon="23.603092739358544">
        <ele>373.0</ele>
        <time>2025-05-09T14:09:40</time>
      </trkpt>
      <trkpt lat="46.365807484835386" lon="23.60324554145336">
        <ele>373.0</ele>
        <time>2025-05-09T14:09:42</time>
      </trkpt>
      <trkpt lat="46.36582441627979" lon="23.603320056572556">
        <ele>373.0</ele>
        <time>2025-05-09T14:09:43</time>
      </trkpt>
      <trkpt lat="46.36585894972086" lon="23.603458777070045">
        <ele>373.0</ele>
        <time>2025-05-09T14:09:45</time>
      </trkpt>
      <trkpt lat="46.36595509015024" lon="23.603903939947486">
        <ele>372.79999999999995</ele>
        <time>2025-05-09T14:09:51</time>
      </trkpt>
      <trkpt lat="46.36605684645474" lon="23.60458731651306">
        <ele>372.6</ele>
        <time>2025-05-09T14:09:59</time>
      </trkpt>
      <trkpt lat="46.36606765910983" lon="23.60496299341321">
        <ele>372.0</ele>
        <time>2025-05-09T14:10:03</time>
      </trkpt>
      <trkpt lat="46.36605835519731" lon="23.605242194607854">
        <ele>371.6</ele>
        <time>2025-05-09T14:10:06</time>
      </trkpt>
      <trkpt lat="46.36604997329414" lon="23.605330288410187">
        <ele>371.4</ele>
        <time>2025-05-09T14:10:07</time>
      </trkpt>
      <trkpt lat="46.365993563085794" lon="23.605668665841222">
        <ele>371.0</ele>
        <time>2025-05-09T14:10:11</time>
      </trkpt>
      <trkpt lat="46.36585802771151" lon="23.60618649981916">
        <ele>370.0</ele>
        <time>2025-05-09T14:10:17</time>
      </trkpt>
      <trkpt lat="46.365841180086136" lon="23.606278533115983">
        <ele>369.79999999999995</ele>
        <time>2025-05-09T14:10:18</time>
      </trkpt>
      <trkpt lat="46.36576037853956" lon="23.606770718470216">
        <ele>368.79999999999995</ele>
        <time>2025-05-09T14:10:23</time>
      </trkpt>
      <trkpt lat="46.36573632247746" lon="23.606867277994752">
        <ele>368.4</ele>
        <time>2025-05-09T14:10:24</time>
      </trkpt>
      <trkpt lat="46.36570614762604" lon="23.60695864073932">
        <ele>368.20000000000005</ele>
        <time>2025-05-09T14:10:25</time>
      </trkpt>
      <trkpt lat="46.365633895620704" lon="23.607120579108596">
        <ele>367.6</ele>
        <time>2025-05-09T14:10:27</time>
      </trkpt>
      <trkpt lat="46.36559525504708" lon="23.60718872398138">
        <ele>367.20000000000005</ele>
        <time>2025-05-09T14:10:28</time>
      </trkpt>
      <trkpt lat="46.36555694974959" lon="23.607251420617104">
        <ele>366.79999999999995</ele>
        <time>2025-05-09T14:10:29</time>
      </trkpt>
      <trkpt lat="46.365517638623714" lon="23.607305651530623">
        <ele>366.6</ele>
        <time>2025-05-09T14:10:30</time>
      </trkpt>
      <trkpt lat="46.36539417319" lon="23.607438588514924">
        <ele>366.20000000000005</ele>
        <time>2025-05-09T14:10:33</time>
      </trkpt>
      <trkpt lat="46.365151684731245" lon="23.60768996179104">
        <ele>366.0</ele>
        <time>2025-05-09T14:10:39</time>
      </trkpt>
      <trkpt lat="46.36505370028317" lon="23.607729943469167">
        <ele>365.79999999999995</ele>
        <time>2025-05-09T14:10:41</time>
      </trkpt>
      <trkpt lat="46.364935180172324" lon="23.60774184577167">
        <ele>365.79999999999995</ele>
        <time>2025-05-09T14:10:43</time>
      </trkpt>
      <trkpt lat="46.36475111357868" lon="23.607754753902555">
        <ele>365.4</ele>
        <time>2025-05-09T14:10:46</time>
      </trkpt>
      <trkpt lat="46.36468808166683" lon="23.607761627063155">
        <ele>365.4</ele>
        <time>2025-05-09T14:10:47</time>
      </trkpt>
      <trkpt lat="46.364320535212755" lon="23.607836393639445">
        <ele>364.4</ele>
        <time>2025-05-09T14:10:53</time>
      </trkpt>
      <trkpt lat="46.364139737561345" lon="23.607895988970995">
        <ele>364.20000000000005</ele>
        <time>2025-05-09T14:10:56</time>
      </trkpt>
      <trkpt lat="46.3637881167233" lon="23.608090532943606">
        <ele>363.79999999999995</ele>
        <time>2025-05-09T14:11:02</time>
      </trkpt>
      <trkpt lat="46.36362039484084" lon="23.608222967013717">
        <ele>363.4</ele>
        <time>2025-05-09T14:11:05</time>
      </trkpt>
      <trkpt lat="46.36334144510329" lon="23.608461851254106">
        <ele>362.79999999999995</ele>
        <time>2025-05-09T14:11:10</time>
      </trkpt>
      <trkpt lat="46.36318621225655" lon="23.608613396063447">
        <ele>362.4</ele>
        <time>2025-05-09T14:11:13</time>
      </trkpt>
      <trkpt lat="46.362868370488286" lon="23.608913887292147">
        <ele>361.6</ele>
        <time>2025-05-09T14:11:19</time>
      </trkpt>
      <trkpt lat="46.36265471577644" lon="23.609109185636044">
        <ele>361.20000000000005</ele>
        <time>2025-05-09T14:11:23</time>
      </trkpt>
      <trkpt lat="46.3622735068202" lon="23.609459968283772">
        <ele>360.4</ele>
        <time>2025-05-09T14:11:30</time>
      </trkpt>
      <trkpt lat="46.36210888624191" lon="23.609615620225668">
        <ele>360.20000000000005</ele>
        <time>2025-05-09T14:11:33</time>
      </trkpt>
      <trkpt lat="46.36187369003892" lon="23.60991720110178">
        <ele>359.79999999999995</ele>
        <time>2025-05-09T14:11:38</time>
      </trkpt>
      <trkpt lat="46.36167570948601" lon="23.61032967455685">
        <ele>359.79999999999995</ele>
        <time>2025-05-09T14:11:44</time>
      </trkpt>
      <trkpt lat="46.36137278750539" lon="23.610948342829943">
        <ele>359.4</ele>
        <time>2025-05-09T14:11:53</time>
      </trkpt>
      <trkpt lat="46.36105712503195" lon="23.611324690282345">
        <ele>359.4</ele>
        <time>2025-05-09T14:12:00</time>
      </trkpt>
      <trkpt lat="46.36074070818722" lon="23.61160095781088">
        <ele>359.20000000000005</ele>
        <time>2025-05-09T14:12:06</time>
      </trkpt>
      <trkpt lat="46.360683124512434" lon="23.611643621698022">
        <ele>359.20000000000005</ele>
        <time>2025-05-09T14:12:07</time>
      </trkpt>
      <trkpt lat="46.36021859943867" lon="23.61193573102355">
        <ele>358.79999999999995</ele>
        <time>2025-05-09T14:12:15</time>
      </trkpt>
      <trkpt lat="46.35968375019729" lon="23.61225977540016">
        <ele>358.4</ele>
        <time>2025-05-09T14:12:24</time>
      </trkpt>
      <trkpt lat="46.35962306521833" lon="23.612299505621195">
        <ele>358.4</ele>
        <time>2025-05-09T14:12:25</time>
      </trkpt>
      <trkpt lat="46.35944386012852" lon="23.612433448433876">
        <ele>358.20000000000005</ele>
        <time>2025-05-09T14:12:28</time>
      </trkpt>
      <trkpt lat="46.35921411216259" lon="23.61264224164188">
        <ele>358.0</ele>
        <time>2025-05-09T14:12:32</time>
      </trkpt>
      <trkpt lat="46.35871874168515" lon="23.613130655139685">
        <ele>357.4</ele>
        <time>2025-05-09T14:12:41</time>
      </trkpt>
      <trkpt lat="46.358443731442094" lon="23.613378759473562">
        <ele>357.0</ele>
        <time>2025-05-09T14:12:46</time>
      </trkpt>
      <trkpt lat="46.35828430764377" lon="23.613519072532654">
        <ele>356.79999999999995</ele>
        <time>2025-05-09T14:12:49</time>
      </trkpt>
      <trkpt lat="46.3577698264271" lon="23.613905142992735">
        <ele>356.0</ele>
        <time>2025-05-09T14:12:58</time>
      </trkpt>
      <trkpt lat="46.3577129971236" lon="23.613946130499244">
        <ele>356.0</ele>
        <time>2025-05-09T14:12:59</time>
      </trkpt>
      <trkpt lat="46.357454331591725" lon="23.614129777997732">
        <ele>355.79999999999995</ele>
        <time>2025-05-09T14:13:04</time>
      </trkpt>
      <trkpt lat="46.35740554891527" lon="23.614165149629116">
        <ele>355.79999999999995</ele>
        <time>2025-05-09T14:13:05</time>
      </trkpt>
      <trkpt lat="46.357007659971714" lon="23.614482237026095">
        <ele>355.4</ele>
        <time>2025-05-09T14:13:13</time>
      </trkpt>
      <trkpt lat="46.356720412150025" lon="23.614783231168985">
        <ele>354.79999999999995</ele>
        <time>2025-05-09T14:13:19</time>
      </trkpt>
      <trkpt lat="46.356673473492265" lon="23.614840814843774">
        <ele>354.79999999999995</ele>
        <time>2025-05-09T14:13:20</time>
      </trkpt>
      <trkpt lat="46.35639720596373" lon="23.615229902788997">
        <ele>354.79999999999995</ele>
        <time>2025-05-09T14:13:26</time>
      </trkpt>
      <trkpt lat="46.356074921786785" lon="23.61570649780333">
        <ele>354.4</ele>
        <time>2025-05-09T14:13:33</time>
      </trkpt>
      <trkpt lat="46.35588565841317" lon="23.6159688513726">
        <ele>353.79999999999995</ele>
        <time>2025-05-09T14:13:37</time>
      </trkpt>
      <trkpt lat="46.355634117498994" lon="23.616288118064404">
        <ele>353.4</ele>
        <time>2025-05-09T14:13:42</time>
      </trkpt>
      <trkpt lat="46.35519431903958" lon="23.61681223846972">
        <ele>353.0</ele>
        <time>2025-05-09T14:13:51</time>
      </trkpt>
      <trkpt lat="46.35490162298083" lon="23.617150029167533">
        <ele>352.79999999999995</ele>
        <time>2025-05-09T14:13:57</time>
      </trkpt>
      <trkpt lat="46.35485543869436" lon="23.617199482396245">
        <ele>352.6</ele>
        <time>2025-05-09T14:13:58</time>
      </trkpt>
      <trkpt lat="46.35453307069838" lon="23.617555545642972">
        <ele>351.79999999999995</ele>
        <time>2025-05-09T14:14:05</time>
      </trkpt>
      <trkpt lat="46.354436594992876" lon="23.617659397423267">
        <ele>351.6</ele>
        <time>2025-05-09T14:14:07</time>
      </trkpt>
      <trkpt lat="46.35397458449006" lon="23.618073128163815">
        <ele>350.79999999999995</ele>
        <time>2025-05-09T14:14:16</time>
      </trkpt>
      <trkpt lat="46.35391867719591" lon="23.618107493966818">
        <ele>350.79999999999995</ele>
        <time>2025-05-09T14:14:17</time>
      </trkpt>
      <trkpt lat="46.35349270887673" lon="23.618334224447608">
        <ele>350.4</ele>
        <time>2025-05-09T14:14:24</time>
      </trkpt>
      <trkpt lat="46.353118289262056" lon="23.618526170030236">
        <ele>349.6</ele>
        <time>2025-05-09T14:14:30</time>
      </trkpt>
      <trkpt lat="46.353062968701124" lon="23.618555339053273">
        <ele>349.4</ele>
        <time>2025-05-09T14:14:31</time>
      </trkpt>
      <trkpt lat="46.3527774810791" lon="23.618709985166788">
        <ele>348.6</ele>
        <time>2025-05-09T14:14:36</time>
      </trkpt>
      <trkpt lat="46.352568520233035" lon="23.61887619830668">
        <ele>348.4</ele>
        <time>2025-05-09T14:14:40</time>
      </trkpt>
      <trkpt lat="46.35227708145976" lon="23.619261011481285">
        <ele>348.20000000000005</ele>
        <time>2025-05-09T14:14:46</time>
      </trkpt>
      <trkpt lat="46.35219485498965" lon="23.619419932365417">
        <ele>348.0</ele>
        <time>2025-05-09T14:14:48</time>
      </trkpt>
      <trkpt lat="46.35206954553723" lon="23.619780438020825">
        <ele>347.79999999999995</ele>
        <time>2025-05-09T14:14:52</time>
      </trkpt>
      <trkpt lat="46.35204624384642" lon="23.61987456679344">
        <ele>347.6</ele>
        <time>2025-05-09T14:14:53</time>
      </trkpt>
      <trkpt lat="46.35187382809818" lon="23.620539754629135">
        <ele>346.79999999999995</ele>
        <time>2025-05-09T14:15:00</time>
      </trkpt>
      <trkpt lat="46.351726138964295" lon="23.62111173570156">
        <ele>346.4</ele>
        <time>2025-05-09T14:15:06</time>
      </trkpt>
      <trkpt lat="46.35157258249819" lon="23.621685141697526">
        <ele>345.4</ele>
        <time>2025-05-09T14:15:12</time>
      </trkpt>
      <trkpt lat="46.351546347141266" lon="23.621781198307872">
        <ele>345.4</ele>
        <time>2025-05-09T14:15:13</time>
      </trkpt>
      <trkpt lat="46.351386085152626" lon="23.622365752235055">
        <ele>344.6</ele>
        <time>2025-05-09T14:15:19</time>
      </trkpt>
      <trkpt lat="46.35118483565748" lon="23.623145101591945">
        <ele>344.4</ele>
        <time>2025-05-09T14:15:27</time>
      </trkpt>
      <trkpt lat="46.35114284232259" lon="23.6233217921108">
        <ele>344.20000000000005</ele>
        <time>2025-05-09T14:15:29</time>
      </trkpt>
      <trkpt lat="46.350939497351646" lon="23.624047162011266">
        <ele>344.20000000000005</ele>
        <time>2025-05-09T14:15:37</time>
      </trkpt>
      <trkpt lat="46.35091175325215" lon="23.62414414063096">
        <ele>344.20000000000005</ele>
        <time>2025-05-09T14:15:38</time>
      </trkpt>
      <trkpt lat="46.350720059126616" lon="23.624819554388523">
        <ele>343.0</ele>
        <time>2025-05-09T14:15:45</time>
      </trkpt>
      <trkpt lat="46.35063070803881" lon="23.625115687027574">
        <ele>342.6</ele>
        <time>2025-05-09T14:15:48</time>
      </trkpt>
      <trkpt lat="46.35046608746052" lon="23.625580463558435">
        <ele>341.79999999999995</ele>
        <time>2025-05-09T14:15:53</time>
      </trkpt>
      <trkpt lat="46.350369695574045" lon="23.625839799642563">
        <ele>341.20000000000005</ele>
        <time>2025-05-09T14:15:56</time>
      </trkpt>
      <trkpt lat="46.350267520174384" lon="23.62607860006392">
        <ele>340.6</ele>
        <time>2025-05-09T14:15:59</time>
      </trkpt>
      <trkpt lat="46.35014556348324" lon="23.62641722895205">
        <ele>340.4</ele>
        <time>2025-05-09T14:16:03</time>
      </trkpt>
      <trkpt lat="46.3499231915921" lon="23.627139665186405">
        <ele>340.20000000000005</ele>
        <time>2025-05-09T14:16:12</time>
      </trkpt>
      <trkpt lat="46.34976787492633" lon="23.627721117809415">
        <ele>340.0</ele>
        <time>2025-05-09T14:16:20</time>
      </trkpt>
      <trkpt lat="46.349601997062564" lon="23.62808338366449">
        <ele>340.20000000000005</ele>
        <time>2025-05-09T14:16:26</time>
      </trkpt>
      <trkpt lat="46.34939203038812" lon="23.62854413688183">
        <ele>340.20000000000005</ele>
        <time>2025-05-09T14:16:34</time>
      </trkpt>
      <trkpt lat="46.34926219470799" lon="23.628982761874795">
        <ele>340.20000000000005</ele>
        <time>2025-05-09T14:16:41</time>
      </trkpt>
      <trkpt lat="46.349201928824186" lon="23.629469834268093">
        <ele>340.6</ele>
        <time>2025-05-09T14:16:49</time>
      </trkpt>
      <trkpt lat="46.34916404262185" lon="23.629821203649044">
        <ele>341.0</ele>
        <time>2025-05-09T14:16:55</time>
      </trkpt>
      <trkpt lat="46.34915918111801" lon="23.62988599576056">
        <ele>341.20000000000005</ele>
        <time>2025-05-09T14:16:56</time>
      </trkpt>
      <trkpt lat="46.34910620748997" lon="23.630341552197933">
        <ele>341.20000000000005</ele>
        <time>2025-05-09T14:17:02</time>
      </trkpt>
      <trkpt lat="46.349003026261926" lon="23.63107974641025">
        <ele>340.4</ele>
        <time>2025-05-09T14:17:10</time>
      </trkpt>
      <trkpt lat="46.348926750943065" lon="23.63150143995881">
        <ele>339.6</ele>
        <time>2025-05-09T14:17:14</time>
      </trkpt>
      <trkpt lat="46.34887218475342" lon="23.63181995227933">
        <ele>338.6</ele>
        <time>2025-05-09T14:17:17</time>
      </trkpt>
      <trkpt lat="46.3488576002419" lon="23.63192212767899">
        <ele>338.4</ele>
        <time>2025-05-09T14:17:18</time>
      </trkpt>
      <trkpt lat="46.34885022416711" lon="23.63202086649835">
        <ele>337.4</ele>
        <time>2025-05-09T14:17:19</time>
      </trkpt>
      <trkpt lat="46.348851481452584" lon="23.632115498185158">
        <ele>337.0</ele>
        <time>2025-05-09T14:17:20</time>
      </trkpt>
      <trkpt lat="46.34886070154607" lon="23.63220551982522">
        <ele>336.6</ele>
        <time>2025-05-09T14:17:21</time>
      </trkpt>
      <trkpt lat="46.34890202432871" lon="23.632468711584806">
        <ele>335.79999999999995</ele>
        <time>2025-05-09T14:17:24</time>
      </trkpt>
      <trkpt lat="46.3489181175828" lon="23.632650766521692">
        <ele>335.0</ele>
        <time>2025-05-09T14:17:26</time>
      </trkpt>
      <trkpt lat="46.348905712366104" lon="23.63282846286893">
        <ele>334.6</ele>
        <time>2025-05-09T14:17:28</time>
      </trkpt>
      <trkpt lat="46.34886313229799" lon="23.633069023489952">
        <ele>334.4</ele>
        <time>2025-05-09T14:17:31</time>
      </trkpt>
      <trkpt lat="46.34872918948531" lon="23.63362457603216">
        <ele>334.4</ele>
        <time>2025-05-09T14:17:39</time>
      </trkpt>
      <trkpt lat="46.34858896024525" lon="23.63407753407955">
        <ele>334.4</ele>
        <time>2025-05-09T14:17:47</time>
      </trkpt>
      <trkpt lat="46.34848267771304" lon="23.634469555690885">
        <ele>335.20000000000005</ele>
        <time>2025-05-09T14:17:55</time>
      </trkpt>
      <trkpt lat="46.348441103473306" lon="23.63462026230991">
        <ele>335.79999999999995</ele>
        <time>2025-05-09T14:17:58</time>
      </trkpt>
      <trkpt lat="46.34839701466262" lon="23.634835090488195">
        <ele>336.20000000000005</ele>
        <time>2025-05-09T14:18:02</time>
      </trkpt>
      <trkpt lat="46.348339430987835" lon="23.635242702439427">
        <ele>336.4</ele>
        <time>2025-05-09T14:18:08</time>
      </trkpt>
      <trkpt lat="46.348316967487335" lon="23.635828429833055">
        <ele>335.79999999999995</ele>
        <time>2025-05-09T14:18:16</time>
      </trkpt>
      <trkpt lat="46.3483411911875" lon="23.636412480846047">
        <ele>335.4</ele>
        <time>2025-05-09T14:18:24</time>
      </trkpt>
      <trkpt lat="46.348352590575814" lon="23.636850686743855">
        <ele>335.20000000000005</ele>
        <time>2025-05-09T14:18:29</time>
      </trkpt>
      <trkpt lat="46.34835393168032" lon="23.637444293126464">
        <ele>334.6</ele>
        <time>2025-05-09T14:18:35</time>
      </trkpt>
      <trkpt lat="46.348343789577484" lon="23.637537667527795">
        <ele>334.20000000000005</ele>
        <time>2025-05-09T14:18:36</time>
      </trkpt>
      <trkpt lat="46.34831562638283" lon="23.637713016942143">
        <ele>333.4</ele>
        <time>2025-05-09T14:18:38</time>
      </trkpt>
      <trkpt lat="46.348245553672314" lon="23.637961288914084">
        <ele>332.6</ele>
        <time>2025-05-09T14:18:41</time>
      </trkpt>
      <trkpt lat="46.348216300830245" lon="23.63803731277585">
        <ele>332.20000000000005</ele>
        <time>2025-05-09T14:18:42</time>
      </trkpt>
      <trkpt lat="46.34799434803426" lon="23.638525558635592">
        <ele>331.79999999999995</ele>
        <time>2025-05-09T14:18:49</time>
      </trkpt>
      <trkpt lat="46.3478128798306" lon="23.63898572511971">
        <ele>331.79999999999995</ele>
        <time>2025-05-09T14:18:56</time>
      </trkpt>
      <trkpt lat="46.34779536165297" lon="23.639058144763112">
        <ele>332.0</ele>
        <time>2025-05-09T14:18:57</time>
      </trkpt>
      <trkpt lat="46.34774590842426" lon="23.639550413936377">
        <ele>332.0</ele>
        <time>2025-05-09T14:19:03</time>
      </trkpt>
      <trkpt lat="46.34772654622793" lon="23.639841014519334">
        <ele>332.0</ele>
        <time>2025-05-09T14:19:06</time>
      </trkpt>
      <trkpt lat="46.34767063893378" lon="23.64003530703485">
        <ele>332.0</ele>
        <time>2025-05-09T14:19:08</time>
      </trkpt>
      <trkpt lat="46.34746829979122" lon="23.640359602868557">
        <ele>331.20000000000005</ele>
        <time>2025-05-09T14:19:12</time>
      </trkpt>
      <trkpt lat="46.34741800837219" lon="23.64043931476772">
        <ele>330.6</ele>
        <time>2025-05-09T14:19:13</time>
      </trkpt>
      <trkpt lat="46.347288005054" lon="23.64071105606854">
        <ele>329.6</ele>
        <time>2025-05-09T14:19:16</time>
      </trkpt>
      <trkpt lat="46.34725883603096" lon="23.64080971106887">
        <ele>329.0</ele>
        <time>2025-05-09T14:19:17</time>
      </trkpt>
      <trkpt lat="46.34721642360091" lon="23.641007775440812">
        <ele>328.4</ele>
        <time>2025-05-09T14:19:19</time>
      </trkpt>
      <trkpt lat="46.34719270281494" lon="23.641299717128277">
        <ele>327.4</ele>
        <time>2025-05-09T14:19:22</time>
      </trkpt>
      <trkpt lat="46.34719043970108" lon="23.641398204490542">
        <ele>327.20000000000005</ele>
        <time>2025-05-09T14:19:23</time>
      </trkpt>
      <trkpt lat="46.347180465236306" lon="23.641976388171315">
        <ele>326.20000000000005</ele>
        <time>2025-05-09T14:19:29</time>
      </trkpt>
      <trkpt lat="46.34717241860926" lon="23.642064901068807">
        <ele>326.20000000000005</ele>
        <time>2025-05-09T14:19:30</time>
      </trkpt>
      <trkpt lat="46.34705691598356" lon="23.642557002604008">
        <ele>325.4</ele>
        <time>2025-05-09T14:19:36</time>
      </trkpt>
      <trkpt lat="46.34696815162897" lon="23.642776859924197">
        <ele>325.20000000000005</ele>
        <time>2025-05-09T14:19:39</time>
      </trkpt>
      <trkpt lat="46.346853571012616" lon="23.643053378909826">
        <ele>324.79999999999995</ele>
        <time>2025-05-09T14:19:43</time>
      </trkpt>
      <trkpt lat="46.34665299206972" lon="23.643596777692437">
        <ele>324.79999999999995</ele>
        <time>2025-05-09T14:19:52</time>
      </trkpt>
      <trkpt lat="46.34663304314017" lon="23.64374253898859">
        <ele>324.79999999999995</ele>
        <time>2025-05-09T14:19:53</time>
      </trkpt>
      <trkpt lat="46.346607729792595" lon="23.644036995247006">
        <ele>324.79999999999995</ele>
        <time>2025-05-09T14:19:57</time>
      </trkpt>
      <trkpt lat="46.34660228155553" lon="23.644109331071377">
        <ele>324.79999999999995</ele>
        <time>2025-05-09T14:19:58</time>
      </trkpt>
      <trkpt lat="46.346572609618306" lon="23.64438115619123">
        <ele>324.79999999999995</ele>
        <time>2025-05-09T14:20:02</time>
      </trkpt>
      <trkpt lat="46.34657931514084" lon="23.644802598282695">
        <ele>325.4</ele>
        <time>2025-05-09T14:20:09</time>
      </trkpt>
      <trkpt lat="46.34669381193817" lon="23.64527097903192">
        <ele>326.4</ele>
        <time>2025-05-09T14:20:17</time>
      </trkpt>
      <trkpt lat="46.346718622371554" lon="23.645386649295688">
        <ele>326.6</ele>
        <time>2025-05-09T14:20:19</time>
      </trkpt>
      <trkpt lat="46.34674971923232" lon="23.645627293735743">
        <ele>326.79999999999995</ele>
        <time>2025-05-09T14:20:23</time>
      </trkpt>
      <trkpt lat="46.346778301522136" lon="23.64599408581853">
        <ele>327.20000000000005</ele>
        <time>2025-05-09T14:20:29</time>
      </trkpt>
      <trkpt lat="46.34677696041763" lon="23.646114030852914">
        <ele>327.4</ele>
        <time>2025-05-09T14:20:31</time>
      </trkpt>
      <trkpt lat="46.34676740504801" lon="23.646292062476277">
        <ele>327.6</ele>
        <time>2025-05-09T14:20:34</time>
      </trkpt>
      <trkpt lat="46.346761705353856" lon="23.646351071074605">
        <ele>327.6</ele>
        <time>2025-05-09T14:20:35</time>
      </trkpt>
      <trkpt lat="46.346738236024976" lon="23.6465844232589">
        <ele>328.0</ele>
        <time>2025-05-09T14:20:39</time>
      </trkpt>
      <trkpt lat="46.346668750047684" lon="23.64715112373233">
        <ele>328.4</ele>
        <time>2025-05-09T14:20:48</time>
      </trkpt>
      <trkpt lat="46.34660177864134" lon="23.647590167820454">
        <ele>328.4</ele>
        <time>2025-05-09T14:20:54</time>
      </trkpt>
      <trkpt lat="46.346524246037006" lon="23.64808696322143">
        <ele>328.0</ele>
        <time>2025-05-09T14:21:00</time>
      </trkpt>
      <trkpt lat="46.34647596627474" lon="23.648756006732583">
        <ele>327.0</ele>
        <time>2025-05-09T14:21:07</time>
      </trkpt>
      <trkpt lat="46.346435733139515" lon="23.649222124367952">
        <ele>326.4</ele>
        <time>2025-05-09T14:21:12</time>
      </trkpt>
      <trkpt lat="46.3464193046093" lon="23.649573158472776">
        <ele>326.0</ele>
        <time>2025-05-09T14:21:16</time>
      </trkpt>
      <trkpt lat="46.346413269639015" lon="23.65019978955388">
        <ele>325.4</ele>
        <time>2025-05-09T14:21:23</time>
      </trkpt>
      <trkpt lat="46.346407905220985" lon="23.650296265259385">
        <ele>325.4</ele>
        <time>2025-05-09T14:21:24</time>
      </trkpt>
      <trkpt lat="46.34633783251047" lon="23.65093077532947">
        <ele>325.0</ele>
        <time>2025-05-09T14:21:31</time>
      </trkpt>
      <trkpt lat="46.34630128741264" lon="23.651286251842976">
        <ele>324.4</ele>
        <time>2025-05-09T14:21:35</time>
      </trkpt>
      <trkpt lat="46.346271028742194" lon="23.651576349511743">
        <ele>324.20000000000005</ele>
        <time>2025-05-09T14:21:38</time>
      </trkpt>
      <trkpt lat="46.34616776369512" lon="23.652139948680997">
        <ele>323.79999999999995</ele>
        <time>2025-05-09T14:21:44</time>
      </trkpt>
      <trkpt lat="46.34606801904738" lon="23.652467848733068">
        <ele>323.20000000000005</ele>
        <time>2025-05-09T14:21:48</time>
      </trkpt>
      <trkpt lat="46.345981350168586" lon="23.652687454596162">
        <ele>322.6</ele>
        <time>2025-05-09T14:21:51</time>
      </trkpt>
      <trkpt lat="46.34572855196893" lon="23.65327133797109">
        <ele>322.4</ele>
        <time>2025-05-09T14:21:59</time>
      </trkpt>
      <trkpt lat="46.34553560055792" lon="23.653782047331333">
        <ele>322.0</ele>
        <time>2025-05-09T14:22:05</time>
      </trkpt>
      <trkpt lat="46.34547499939799" lon="23.65395689383149">
        <ele>321.79999999999995</ele>
        <time>2025-05-09T14:22:07</time>
      </trkpt>
      <trkpt lat="46.34531456977129" lon="23.654480930417776">
        <ele>321.0</ele>
        <time>2025-05-09T14:22:13</time>
      </trkpt>
      <trkpt lat="46.34528221562505" lon="23.654567850753665">
        <ele>320.79999999999995</ele>
        <time>2025-05-09T14:22:14</time>
      </trkpt>
      <trkpt lat="46.345167718827724" lon="23.6547973472625">
        <ele>320.20000000000005</ele>
        <time>2025-05-09T14:22:17</time>
      </trkpt>
      <trkpt lat="46.34506965056062" lon="23.65492718294263">
        <ele>319.79999999999995</ele>
        <time>2025-05-09T14:22:19</time>
      </trkpt>
      <trkpt lat="46.344655165448785" lon="23.655399419367313">
        <ele>318.4</ele>
        <time>2025-05-09T14:22:27</time>
      </trkpt>
      <trkpt lat="46.344655165448785" lon="23.655399419367313">
        <ele>318.20000000000005</ele>
        <time>2025-05-09T14:22:28</time>
      </trkpt>
      <trkpt lat="46.34452725760639" lon="23.655467061325908">
        <ele>318.0</ele>
        <time>2025-05-09T14:22:29</time>
      </trkpt>
      <trkpt lat="46.34438476525247" lon="23.655522800982">
        <ele>317.4</ele>
        <time>2025-05-09T14:22:31</time>
      </trkpt>
      <trkpt lat="46.34431150741875" lon="23.65555423311889">
        <ele>317.20000000000005</ele>
        <time>2025-05-09T14:22:32</time>
      </trkpt>
      <trkpt lat="46.344173373654485" lon="23.65563620813191">
        <ele>317.0</ele>
        <time>2025-05-09T14:22:34</time>
      </trkpt>
      <trkpt lat="46.34405083023012" lon="23.65575548261404">
        <ele>316.79999999999995</ele>
        <time>2025-05-09T14:22:36</time>
      </trkpt>
      <trkpt lat="46.34396206587553" lon="23.655912224203348">
        <ele>316.4</ele>
        <time>2025-05-09T14:22:38</time>
      </trkpt>
      <trkpt lat="46.34396206587553" lon="23.655912224203348">
        <ele>316.0</ele>
        <time>2025-05-09T14:22:39</time>
      </trkpt>
      <trkpt lat="46.34394044056535" lon="23.656008196994662">
        <ele>315.6</ele>
        <time>2025-05-09T14:22:40</time>
      </trkpt>
      <trkpt lat="46.343931974843144" lon="23.656105594709516">
        <ele>315.20000000000005</ele>
        <time>2025-05-09T14:22:41</time>
      </trkpt>
      <trkpt lat="46.343934908509254" lon="23.656202824786305">
        <ele>314.79999999999995</ele>
        <time>2025-05-09T14:22:42</time>
      </trkpt>
      <trkpt lat="46.343994587659836" lon="23.65648252889514">
        <ele>314.0</ele>
        <time>2025-05-09T14:22:44</time>
      </trkpt>
      <trkpt lat="46.344024091959" lon="23.656571125611663">
        <ele>313.79999999999995</ele>
        <time>2025-05-09T14:22:45</time>
      </trkpt>
      <trkpt lat="46.34405535645783" lon="23.656658716499805">
        <ele>313.6</ele>
        <time>2025-05-09T14:22:46</time>
      </trkpt>
      <trkpt lat="46.34417957626283" lon="23.657007571309805">
        <ele>313.0</ele>
        <time>2025-05-09T14:22:50</time>
      </trkpt>
      <trkpt lat="46.34427856653929" lon="23.657350726425648">
        <ele>312.4</ele>
        <time>2025-05-09T14:22:54</time>
      </trkpt>
      <trkpt lat="46.3442968390882" lon="23.657533284276724">
        <ele>311.79999999999995</ele>
        <time>2025-05-09T14:22:57</time>
      </trkpt>
      <trkpt lat="46.344288373366" lon="23.65771726705134">
        <ele>311.4</ele>
        <time>2025-05-09T14:22:59</time>
      </trkpt>
      <trkpt lat="46.34424738585949" lon="23.65796067751944">
        <ele>311.20000000000005</ele>
        <time>2025-05-09T14:23:01</time>
      </trkpt>
      <trkpt lat="46.344207152724266" lon="23.658117251470685">
        <ele>311.20000000000005</ele>
        <time>2025-05-09T14:23:03</time>
      </trkpt>
      <trkpt lat="46.344155771657825" lon="23.658271729946136">
        <ele>311.20000000000005</ele>
        <time>2025-05-09T14:23:05</time>
      </trkpt>
      <trkpt lat="46.34408284910023" lon="23.658398548141122">
        <ele>311.0</ele>
        <time>2025-05-09T14:23:07</time>
      </trkpt>
      <trkpt lat="46.343831308186054" lon="23.658635336905718">
        <ele>311.0</ele>
        <time>2025-05-09T14:23:12</time>
      </trkpt>
      <trkpt lat="46.34378093294799" lon="23.658680766820908">
        <ele>311.0</ele>
        <time>2025-05-09T14:23:13</time>
      </trkpt>
      <trkpt lat="46.34350558742881" lon="23.658951250836253">
        <ele>310.79999999999995</ele>
        <time>2025-05-09T14:23:19</time>
      </trkpt>
      <trkpt lat="46.34341883473098" lon="23.65903272293508">
        <ele>310.6</ele>
        <time>2025-05-09T14:23:21</time>
      </trkpt>
      <trkpt lat="46.34314809925854" lon="23.659328939393163">
        <ele>310.4</ele>
        <time>2025-05-09T14:23:27</time>
      </trkpt>
      <trkpt lat="46.34302723221481" lon="23.659511916339397">
        <ele>310.20000000000005</ele>
        <time>2025-05-09T14:23:30</time>
      </trkpt>
      <trkpt lat="46.34299353696406" lon="23.659583665430546">
        <ele>310.20000000000005</ele>
        <time>2025-05-09T14:23:32</time>
      </trkpt>
      <trkpt lat="46.34294047951698" lon="23.659741999581456">
        <ele>310.0</ele>
        <time>2025-05-09T14:23:33</time>
      </trkpt>
      <trkpt lat="46.34288985282183" lon="23.659989181905985">
        <ele>309.79999999999995</ele>
        <time>2025-05-09T14:23:36</time>
      </trkpt>
      <trkpt lat="46.34287644177675" lon="23.66007249802351">
        <ele>309.6</ele>
        <time>2025-05-09T14:23:37</time>
      </trkpt>
      <trkpt lat="46.34283905848861" lon="23.660326385870576">
        <ele>309.4</ele>
        <time>2025-05-09T14:23:40</time>
      </trkpt>
      <trkpt lat="46.342682065442204" lon="23.660969529300928">
        <ele>309.0</ele>
        <time>2025-05-09T14:23:49</time>
      </trkpt>
      <trkpt lat="46.34247763082385" lon="23.6614406760782">
        <ele>308.79999999999995</ele>
        <time>2025-05-09T14:23:55</time>
      </trkpt>
      <trkpt lat="46.34226355701685" lon="23.66187016479671">
        <ele>308.6</ele>
        <time>2025-05-09T14:24:01</time>
      </trkpt>
      <trkpt lat="46.342189544811845" lon="23.662019781768322">
        <ele>308.6</ele>
        <time>2025-05-09T14:24:04</time>
      </trkpt>
      <trkpt lat="46.341853346675634" lon="23.662655297666788">
        <ele>307.79999999999995</ele>
        <time>2025-05-09T14:24:12</time>
      </trkpt>
      <trkpt lat="46.341783525422215" lon="23.66279510781169">
        <ele>307.6</ele>
        <time>2025-05-09T14:24:14</time>
      </trkpt>
      <trkpt lat="46.341538690030575" lon="23.663364574313164">
        <ele>307.0</ele>
        <time>2025-05-09T14:24:22</time>
      </trkpt>
      <trkpt lat="46.34141430258751" lon="23.66392088122666">
        <ele>306.79999999999995</ele>
        <time>2025-05-09T14:24:29</time>
      </trkpt>
      <trkpt lat="46.34129553101957" lon="23.664490347728133">
        <ele>306.79999999999995</ele>
        <time>2025-05-09T14:24:37</time>
      </trkpt>
      <trkpt lat="46.34119352325797" lon="23.66490072570741">
        <ele>306.79999999999995</ele>
        <time>2025-05-09T14:24:42</time>
      </trkpt>
      <trkpt lat="46.341132586821914" lon="23.665118990466">
        <ele>306.6</ele>
        <time>2025-05-09T14:24:45</time>
      </trkpt>
      <trkpt lat="46.34100534953177" lon="23.665512185543776">
        <ele>306.4</ele>
        <time>2025-05-09T14:24:50</time>
      </trkpt>
      <trkpt lat="46.34074970148504" lon="23.66619447246194">
        <ele>306.0</ele>
        <time>2025-05-09T14:24:59</time>
      </trkpt>
      <trkpt lat="46.34051760658622" lon="23.666712306439877">
        <ele>305.79999999999995</ele>
        <time>2025-05-09T14:25:07</time>
      </trkpt>
      <trkpt lat="46.34017612785101" lon="23.667309852316976">
        <ele>305.79999999999995</ele>
        <time>2025-05-09T14:25:15</time>
      </trkpt>
      <trkpt lat="46.339841270819306" lon="23.667778568342328">
        <ele>305.6</ele>
        <time>2025-05-09T14:25:23</time>
      </trkpt>
      <trkpt lat="46.339530386030674" lon="23.668169751763344">
        <ele>305.4</ele>
        <time>2025-05-09T14:25:30</time>
      </trkpt>
      <trkpt lat="46.33929125033319" lon="23.66840553469956">
        <ele>305.20000000000005</ele>
        <time>2025-05-09T14:25:35</time>
      </trkpt>
      <trkpt lat="46.3389299903065" lon="23.668675431981683">
        <ele>305.0</ele>
        <time>2025-05-09T14:25:42</time>
      </trkpt>
      <trkpt lat="46.338533610105515" lon="23.668998554348946">
        <ele>304.6</ele>
        <time>2025-05-09T14:25:50</time>
      </trkpt>
      <trkpt lat="46.338205793872476" lon="23.669409602880478">
        <ele>304.6</ele>
        <time>2025-05-09T14:25:57</time>
      </trkpt>
      <trkpt lat="46.338048465549946" lon="23.669610265642405">
        <ele>304.4</ele>
        <time>2025-05-09T14:26:00</time>
      </trkpt>
      <trkpt lat="46.33771453052759" lon="23.6699834279716">
        <ele>304.0</ele>
        <time>2025-05-09T14:26:06</time>
      </trkpt>
      <trkpt lat="46.33759944699705" lon="23.670104630291462">
        <ele>303.4</ele>
        <time>2025-05-09T14:26:08</time>
      </trkpt>
      <trkpt lat="46.33732141926885" lon="23.670384921133518">
        <ele>302.4</ele>
        <time>2025-05-09T14:26:13</time>
      </trkpt>
      <trkpt lat="46.33726433850825" lon="23.67043185979128">
        <ele>302.20000000000005</ele>
        <time>2025-05-09T14:26:14</time>
      </trkpt>
      <trkpt lat="46.33683091029525" lon="23.6706811375916">
        <ele>301.0</ele>
        <time>2025-05-09T14:26:21</time>
      </trkpt>
      <trkpt lat="46.33626563474536" lon="23.67092991247773">
        <ele>300.20000000000005</ele>
        <time>2025-05-09T14:26:30</time>
      </trkpt>
      <trkpt lat="46.33620268665254" lon="23.670966792851686">
        <ele>300.20000000000005</ele>
        <time>2025-05-09T14:26:31</time>
      </trkpt>
      <trkpt lat="46.33590655401349" lon="23.671182710677385">
        <ele>300.0</ele>
        <time>2025-05-09T14:26:36</time>
      </trkpt>
      <trkpt lat="46.33574101142585" lon="23.6713167373091">
        <ele>299.79999999999995</ele>
        <time>2025-05-09T14:26:39</time>
      </trkpt>
      <trkpt lat="46.33544974029064" lon="23.671555956825614">
        <ele>299.79999999999995</ele>
        <time>2025-05-09T14:26:45</time>
      </trkpt>
      <trkpt lat="46.33510013110936" lon="23.671819902956486">
        <ele>299.79999999999995</ele>
        <time>2025-05-09T14:26:52</time>
      </trkpt>
      <trkpt lat="46.3346800301224" lon="23.672039760276675">
        <ele>300.0</ele>
        <time>2025-05-09T14:27:00</time>
      </trkpt>
      <trkpt lat="46.33430192247033" lon="23.67219775915146">
        <ele>300.0</ele>
        <time>2025-05-09T14:27:08</time>
      </trkpt>
      <trkpt lat="46.33409656584263" lon="23.67229121737182">
        <ele>300.4</ele>
        <time>2025-05-09T14:27:14</time>
      </trkpt>
      <trkpt lat="46.33387327194214" lon="23.672398421913385">
        <ele>301.20000000000005</ele>
        <time>2025-05-09T14:27:19</time>
      </trkpt>
      <trkpt lat="46.333754835650325" lon="23.672463297843933">
        <ele>301.6</ele>
        <time>2025-05-09T14:27:22</time>
      </trkpt>
      <trkpt lat="46.33360370993614" lon="23.67258634418249">
        <ele>302.20000000000005</ele>
        <time>2025-05-09T14:27:26</time>
      </trkpt>
      <trkpt lat="46.33349608629942" lon="23.672701008617878">
        <ele>302.6</ele>
        <time>2025-05-09T14:27:30</time>
      </trkpt>
      <trkpt lat="46.333434311673045" lon="23.672782480716705">
        <ele>302.79999999999995</ele>
        <time>2025-05-09T14:27:31</time>
      </trkpt>
      <trkpt lat="46.333272624760866" lon="23.67301097139716">
        <ele>303.0</ele>
        <time>2025-05-09T14:27:36</time>
      </trkpt>
      <trkpt lat="46.332999877631664" lon="23.67337583564222">
        <ele>303.20000000000005</ele>
        <time>2025-05-09T14:27:44</time>
      </trkpt>
      <trkpt lat="46.33272604085505" lon="23.673623017966747">
        <ele>303.0</ele>
        <time>2025-05-09T14:27:49</time>
      </trkpt>
      <trkpt lat="46.332194628193974" lon="23.67404001764953">
        <ele>301.20000000000005</ele>
        <time>2025-05-09T14:27:58</time>
      </trkpt>
      <trkpt lat="46.33208205923438" lon="23.67412593215704">
        <ele>301.0</ele>
        <time>2025-05-09T14:27:59</time>
      </trkpt>
      <trkpt lat="46.331635136157274" lon="23.674469087272882">
        <ele>300.20000000000005</ele>
        <time>2025-05-09T14:28:08</time>
      </trkpt>
      <trkpt lat="46.33148929104209" lon="23.674572939053178">
        <ele>299.79999999999995</ele>
        <time>2025-05-09T14:28:13</time>
      </trkpt>
      <trkpt lat="46.331437239423394" lon="23.67460336536169">
        <ele>299.79999999999995</ele>
        <time>2025-05-09T14:28:17</time>
      </trkpt>
      <trkpt lat="46.3314353954047" lon="23.67460772395134">
        <ele>299.4</ele>
        <time>2025-05-09T14:28:26</time>
      </trkpt>
      <trkpt lat="46.33143455721438" lon="23.67460780777037">
        <ele>299.20000000000005</ele>
        <time>2025-05-09T14:28:29</time>
      </trkpt>
      <trkpt lat="46.331434305757284" lon="23.674605544656515">
        <ele>299.20000000000005</ele>
        <time>2025-05-09T14:28:44</time>
      </trkpt>
      <trkpt lat="46.33143346756697" lon="23.674606466665864">
        <ele>299.0</ele>
        <time>2025-05-09T14:29:05</time>
      </trkpt>
      <trkpt lat="46.33143254555762" lon="23.674606131389737">
        <ele>298.79999999999995</ele>
        <time>2025-05-09T14:29:22</time>
      </trkpt>
      <trkpt lat="46.33143254555762" lon="23.67461074143648">
        <ele>298.79999999999995</ele>
        <time>2025-05-09T14:29:35</time>
      </trkpt>
      <trkpt lat="46.33138342760503" lon="23.6746425088495">
        <ele>298.79999999999995</ele>
        <time>2025-05-09T14:29:45</time>
      </trkpt>
      <trkpt lat="46.331280497834086" lon="23.674736469984055">
        <ele>298.79999999999995</ele>
        <time>2025-05-09T14:29:50</time>
      </trkpt>
      <trkpt lat="46.33103675208986" lon="23.674927493557334">
        <ele>298.6</ele>
        <time>2025-05-09T14:29:56</time>
      </trkpt>
      <trkpt lat="46.330674067139626" lon="23.675204683095217">
        <ele>298.4</ele>
        <time>2025-05-09T14:30:04</time>
      </trkpt>
      <trkpt lat="46.33057935163379" lon="23.67527903057635">
        <ele>298.4</ele>
        <time>2025-05-09T14:30:06</time>
      </trkpt>
      <trkpt lat="46.330293361097574" lon="23.675499642267823">
        <ele>298.20000000000005</ele>
        <time>2025-05-09T14:30:13</time>
      </trkpt>
      <trkpt lat="46.329790614545345" lon="23.675855118781328">
        <ele>298.0</ele>
        <time>2025-05-09T14:30:22</time>
      </trkpt>
      <trkpt lat="46.32928811945021" lon="23.67617036215961">
        <ele>298.4</ele>
        <time>2025-05-09T14:30:32</time>
      </trkpt>
      <trkpt lat="46.3288932479918" lon="23.676476469263434">
        <ele>298.4</ele>
        <time>2025-05-09T14:30:40</time>
      </trkpt>
      <trkpt lat="46.32861287333071" lon="23.67678509093821">
        <ele>298.20000000000005</ele>
        <time>2025-05-09T14:30:47</time>
      </trkpt>
      <trkpt lat="46.32831506431103" lon="23.67719404399395">
        <ele>297.20000000000005</ele>
        <time>2025-05-09T14:30:53</time>
      </trkpt>
      <trkpt lat="46.32821741513908" lon="23.67734550498426">
        <ele>296.79999999999995</ele>
        <time>2025-05-09T14:30:55</time>
      </trkpt>
      <trkpt lat="46.32807182148099" lon="23.67757231928408">
        <ele>296.20000000000005</ele>
        <time>2025-05-09T14:30:58</time>
      </trkpt>
      <trkpt lat="46.32787593640387" lon="23.677858226001263">
        <ele>295.0</ele>
        <time>2025-05-09T14:31:02</time>
      </trkpt>
      <trkpt lat="46.327774012461305" lon="23.67798998951912">
        <ele>294.4</ele>
        <time>2025-05-09T14:31:04</time>
      </trkpt>
      <trkpt lat="46.327720284461975" lon="23.678054613992572">
        <ele>294.0</ele>
        <time>2025-05-09T14:31:05</time>
      </trkpt>
      <trkpt lat="46.32749388925731" lon="23.678309256210923">
        <ele>293.0</ele>
        <time>2025-05-09T14:31:09</time>
      </trkpt>
      <trkpt lat="46.32731803692877" lon="23.67848644964397">
        <ele>292.6</ele>
        <time>2025-05-09T14:31:12</time>
      </trkpt>
      <trkpt lat="46.32714134640992" lon="23.678648890927434">
        <ele>291.79999999999995</ele>
        <time>2025-05-09T14:31:14</time>
      </trkpt>
      <trkpt lat="46.32684487849474" lon="23.678884422406554">
        <ele>290.79999999999995</ele>
        <time>2025-05-09T14:31:19</time>
      </trkpt>
      <trkpt lat="46.326724430546165" lon="23.678969331085682">
        <ele>290.6</ele>
        <time>2025-05-09T14:31:21</time>
      </trkpt>
      <trkpt lat="46.326187402009964" lon="23.679282311350107">
        <ele>290.20000000000005</ele>
        <time>2025-05-09T14:31:30</time>
      </trkpt>
      <trkpt lat="46.325664203614" lon="23.67957710288465">
        <ele>290.0</ele>
        <time>2025-05-09T14:31:39</time>
      </trkpt>
      <trkpt lat="46.32522515952587" lon="23.679905673488975">
        <ele>289.79999999999995</ele>
        <time>2025-05-09T14:31:47</time>
      </trkpt>
      <trkpt lat="46.325121810659766" lon="23.68000030517578">
        <ele>289.79999999999995</ele>
        <time>2025-05-09T14:31:49</time>
      </trkpt>
      <trkpt lat="46.32487362250686" lon="23.680279841646552">
        <ele>289.6</ele>
        <time>2025-05-09T14:31:55</time>
      </trkpt>
      <trkpt lat="46.324631636962295" lon="23.680715449154377">
        <ele>289.0</ele>
        <time>2025-05-09T14:32:01</time>
      </trkpt>
      <trkpt lat="46.32453893311322" lon="23.680951232090592">
        <ele>288.79999999999995</ele>
        <time>2025-05-09T14:32:04</time>
      </trkpt>
      <trkpt lat="46.324415216222405" lon="23.68128491565585">
        <ele>288.20000000000005</ele>
        <time>2025-05-09T14:32:08</time>
      </trkpt>
      <trkpt lat="46.32430449128151" lon="23.681623796001077">
        <ele>287.6</ele>
        <time>2025-05-09T14:32:12</time>
      </trkpt>
      <trkpt lat="46.324193347245455" lon="23.681848011910915">
        <ele>287.20000000000005</ele>
        <time>2025-05-09T14:32:15</time>
      </trkpt>
      <trkpt lat="46.323973489925265" lon="23.68207549676299">
        <ele>286.6</ele>
        <time>2025-05-09T14:32:18</time>
      </trkpt>
      <trkpt lat="46.3239164929837" lon="23.68212536908686">
        <ele>286.4</ele>
        <time>2025-05-09T14:32:19</time>
      </trkpt>
      <trkpt lat="46.32358339615166" lon="23.682410269975662">
        <ele>285.4</ele>
        <time>2025-05-09T14:32:25</time>
      </trkpt>
      <trkpt lat="46.32348163984716" lon="23.682512948289514">
        <ele>284.79999999999995</ele>
        <time>2025-05-09T14:32:27</time>
      </trkpt>
      <trkpt lat="46.32334149442613" lon="23.682664996013045">
        <ele>284.20000000000005</ele>
        <time>2025-05-09T14:32:30</time>
      </trkpt>
      <trkpt lat="46.32321299985051" lon="23.682807572185993">
        <ele>283.79999999999995</ele>
        <time>2025-05-09T14:32:33</time>
      </trkpt>
      <trkpt lat="46.32288459688425" lon="23.683136058971286">
        <ele>283.4</ele>
        <time>2025-05-09T14:32:41</time>
      </trkpt>
      <trkpt lat="46.3228421844542" lon="23.683161959052086">
        <ele>283.4</ele>
        <time>2025-05-09T14:32:42</time>
      </trkpt>
      <trkpt lat="46.32267136126757" lon="23.683217531070113">
        <ele>283.4</ele>
        <time>2025-05-09T14:32:46</time>
      </trkpt>
      <trkpt lat="46.322314543649554" lon="23.683365639299154">
        <ele>283.4</ele>
        <time>2025-05-09T14:32:55</time>
      </trkpt>
      <trkpt lat="46.322017489001155" lon="23.683552807196975">
        <ele>283.4</ele>
        <time>2025-05-09T14:33:02</time>
      </trkpt>
      <trkpt lat="46.321992091834545" lon="23.683566553518176">
        <ele>283.6</ele>
        <time>2025-05-09T14:33:04</time>
      </trkpt>
      <trkpt lat="46.32195604965091" lon="23.683582060039043">
        <ele>283.6</ele>
        <time>2025-05-09T14:33:07</time>
      </trkpt>
      <trkpt lat="46.32195923477411" lon="23.6835843231529">
        <ele>283.79999999999995</ele>
        <time>2025-05-09T14:33:23</time>
      </trkpt>
      <trkpt lat="46.32195412181318" lon="23.68358046747744">
        <ele>283.79999999999995</ele>
        <time>2025-05-09T14:33:36</time>
      </trkpt>
      <trkpt lat="46.32195211015642" lon="23.683582562953234">
        <ele>283.79999999999995</ele>
        <time>2025-05-09T14:33:46</time>
      </trkpt>
      <trkpt lat="46.321949511766434" lon="23.683585161343217">
        <ele>284.0</ele>
        <time>2025-05-09T14:33:56</time>
      </trkpt>
      <trkpt lat="46.32194867357612" lon="23.68358725681901">
        <ele>284.20000000000005</ele>
        <time>2025-05-09T14:34:17</time>
      </trkpt>
      <trkpt lat="46.321947583928704" lon="23.683585915714502">
        <ele>284.0</ele>
        <time>2025-05-09T14:34:30</time>
      </trkpt>
      <trkpt lat="46.321829399093986" lon="23.683619610965252">
        <ele>284.0</ele>
        <time>2025-05-09T14:34:37</time>
      </trkpt>
      <trkpt lat="46.32154315710068" lon="23.683665795251727">
        <ele>284.20000000000005</ele>
        <time>2025-05-09T14:34:46</time>
      </trkpt>
      <trkpt lat="46.32134241051972" lon="23.683810885995626">
        <ele>284.6</ele>
        <time>2025-05-09T14:34:53</time>
      </trkpt>
      <trkpt lat="46.3212051987648" lon="23.68396494537592">
        <ele>285.4</ele>
        <time>2025-05-09T14:34:58</time>
      </trkpt>
      <trkpt lat="46.32107745856047" lon="23.684113221243024">
        <ele>286.0</ele>
        <time>2025-05-09T14:35:02</time>
      </trkpt>
      <trkpt lat="46.32079230621457" lon="23.684452520683408">
        <ele>286.20000000000005</ele>
        <time>2025-05-09T14:35:10</time>
      </trkpt>
      <trkpt lat="46.32079230621457" lon="23.684452520683408">
        <ele>286.20000000000005</ele>
        <time>2025-05-09T14:35:11</time>
      </trkpt>
      <trkpt lat="46.320439176633954" lon="23.684997176751494">
        <ele>285.79999999999995</ele>
        <time>2025-05-09T14:35:20</time>
      </trkpt>
      <trkpt lat="46.32031629793346" lon="23.68515190668404">
        <ele>285.6</ele>
        <time>2025-05-09T14:35:23</time>
      </trkpt>
      <trkpt lat="46.32022686302662" lon="23.68523245677352">
        <ele>285.6</ele>
        <time>2025-05-09T14:35:25</time>
      </trkpt>
      <trkpt lat="46.3201795052737" lon="23.685264978557825">
        <ele>285.6</ele>
        <time>2025-05-09T14:35:26</time>
      </trkpt>
      <trkpt lat="46.31977499462664" lon="23.68546606041491">
        <ele>285.4</ele>
        <time>2025-05-09T14:35:34</time>
      </trkpt>
      <trkpt lat="46.31959034129977" lon="23.685590866953135">
        <ele>285.4</ele>
        <time>2025-05-09T14:35:39</time>
      </trkpt>
      <trkpt lat="46.31948657333851" lon="23.685712656006217">
        <ele>285.4</ele>
        <time>2025-05-09T14:35:41</time>
      </trkpt>
      <trkpt lat="46.31936805322766" lon="23.685997556895018">
        <ele>285.6</ele>
        <time>2025-05-09T14:35:47</time>
      </trkpt>
      <trkpt lat="46.31927660666406" lon="23.686330234631896">
        <ele>286.4</ele>
        <time>2025-05-09T14:35:54</time>
      </trkpt>
      <trkpt lat="46.31927660666406" lon="23.686330234631896">
        <ele>286.6</ele>
        <time>2025-05-09T14:35:55</time>
      </trkpt>
      <trkpt lat="46.31916403770447" lon="23.686681604012847">
        <ele>287.6</ele>
        <time>2025-05-09T14:36:01</time>
      </trkpt>
      <trkpt lat="46.31914400495589" lon="23.686740109696984">
        <ele>287.4</ele>
        <time>2025-05-09T14:36:02</time>
      </trkpt>
      <trkpt lat="46.31904250010848" lon="23.686966001987457">
        <ele>287.4</ele>
        <time>2025-05-09T14:36:06</time>
      </trkpt>
      <trkpt lat="46.31897686980665" lon="23.687082258984447">
        <ele>287.6</ele>
        <time>2025-05-09T14:36:09</time>
      </trkpt>
      <trkpt lat="46.31872666999698" lon="23.687485931441188">
        <ele>287.4</ele>
        <time>2025-05-09T14:36:14</time>
      </trkpt>
      <trkpt lat="46.31854805164039" lon="23.687764294445515">
        <ele>286.79999999999995</ele>
        <time>2025-05-09T14:36:18</time>
      </trkpt>
      <trkpt lat="46.31854805164039" lon="23.687764294445515">
        <ele>286.6</ele>
        <time>2025-05-09T14:36:19</time>
      </trkpt>
      <trkpt lat="46.31844436749816" lon="23.687872672453523">
        <ele>286.0</ele>
        <time>2025-05-09T14:36:21</time>
      </trkpt>
      <trkpt lat="46.31838493980467" lon="23.687906619161367">
        <ele>285.6</ele>
        <time>2025-05-09T14:36:22</time>
      </trkpt>
      <trkpt lat="46.31832266226411" lon="23.687925646081567">
        <ele>285.4</ele>
        <time>2025-05-09T14:36:23</time>
      </trkpt>
      <trkpt lat="46.318142618983984" lon="23.68792187422514">
        <ele>285.0</ele>
        <time>2025-05-09T14:36:25</time>
      </trkpt>
      <trkpt lat="46.31808780133724" lon="23.687911983579397">
        <ele>285.0</ele>
        <time>2025-05-09T14:36:26</time>
      </trkpt>
      <trkpt lat="46.31781153380871" lon="23.68787015788257">
        <ele>284.79999999999995</ele>
        <time>2025-05-09T14:36:32</time>
      </trkpt>
      <trkpt lat="46.31760835647583" lon="23.687883149832487">
        <ele>285.0</ele>
        <time>2025-05-09T14:36:37</time>
      </trkpt>
      <trkpt lat="46.31760835647583" lon="23.687883149832487">
        <ele>285.20000000000005</ele>
        <time>2025-05-09T14:36:38</time>
      </trkpt>
      <trkpt lat="46.3175303209573" lon="23.687926651909947">
        <ele>285.4</ele>
        <time>2025-05-09T14:36:39</time>
      </trkpt>
      <trkpt lat="46.31744960322976" lon="23.68799856863916">
        <ele>286.0</ele>
        <time>2025-05-09T14:36:41</time>
      </trkpt>
      <trkpt lat="46.317368214949965" lon="23.688095463439822">
        <ele>286.0</ele>
        <time>2025-05-09T14:36:43</time>
      </trkpt>
      <trkpt lat="46.317093539983034" lon="23.688507433980703">
        <ele>286.20000000000005</ele>
        <time>2025-05-09T14:36:50</time>
      </trkpt>
      <trkpt lat="46.31674150004983" lon="23.689027782529593">
        <ele>285.0</ele>
        <time>2025-05-09T14:36:59</time>
      </trkpt>
      <trkpt lat="46.3164028711617" lon="23.68954016827047">
        <ele>284.4</ele>
        <time>2025-05-09T14:37:08</time>
      </trkpt>
      <trkpt lat="46.316063571721315" lon="23.68996923789382">
        <ele>283.79999999999995</ele>
        <time>2025-05-09T14:37:16</time>
      </trkpt>
      <trkpt lat="46.31598109379411" lon="23.690106701105833">
        <ele>283.4</ele>
        <time>2025-05-09T14:37:18</time>
      </trkpt>
      <trkpt lat="46.31581513211131" lon="23.690404510125518">
        <ele>283.0</ele>
        <time>2025-05-09T14:37:22</time>
      </trkpt>
      <trkpt lat="46.31572779268026" lon="23.690559659153223">
        <ele>282.4</ele>
        <time>2025-05-09T14:37:25</time>
      </trkpt>
      <trkpt lat="46.3155098631978" lon="23.690985878929496">
        <ele>281.0</ele>
        <time>2025-05-09T14:37:29</time>
      </trkpt>
      <trkpt lat="46.31541984155774" lon="23.691160641610622">
        <ele>280.0</ele>
        <time>2025-05-09T14:37:31</time>
      </trkpt>
      <trkpt lat="46.315375585108995" lon="23.691249741241336">
        <ele>279.6</ele>
        <time>2025-05-09T14:37:32</time>
      </trkpt>
      <trkpt lat="46.31520660594106" lon="23.691598679870367">
        <ele>278.4</ele>
        <time>2025-05-09T14:37:36</time>
      </trkpt>
      <trkpt lat="46.31505045108497" lon="23.69195742532611">
        <ele>277.4</ele>
        <time>2025-05-09T14:37:40</time>
      </trkpt>
      <trkpt lat="46.3150143250823" lon="23.69204786606133">
        <ele>277.20000000000005</ele>
        <time>2025-05-09T14:37:41</time>
      </trkpt>
      <trkpt lat="46.31472825072706" lon="23.692761417478323">
        <ele>276.4</ele>
        <time>2025-05-09T14:37:49</time>
      </trkpt>
      <trkpt lat="46.31472825072706" lon="23.692761417478323">
        <ele>276.20000000000005</ele>
        <time>2025-05-09T14:37:50</time>
      </trkpt>
      <trkpt lat="46.31465231068432" lon="23.69292746298015">
        <ele>276.0</ele>
        <time>2025-05-09T14:37:51</time>
      </trkpt>
      <trkpt lat="46.314522475004196" lon="23.693143632262945">
        <ele>275.6</ele>
        <time>2025-05-09T14:37:54</time>
      </trkpt>
      <trkpt lat="46.3144791405648" lon="23.69320792146027">
        <ele>275.4</ele>
        <time>2025-05-09T14:37:55</time>
      </trkpt>
      <trkpt lat="46.31443630903959" lon="23.693271540105343">
        <ele>275.20000000000005</ele>
        <time>2025-05-09T14:37:56</time>
      </trkpt>
      <trkpt lat="46.314210668206215" lon="23.693636571988463">
        <ele>275.20000000000005</ele>
        <time>2025-05-09T14:38:02</time>
      </trkpt>
      <trkpt lat="46.31409768015146" lon="23.69390814565122">
        <ele>275.20000000000005</ele>
        <time>2025-05-09T14:38:06</time>
      </trkpt>
      <trkpt lat="46.31404537707567" lon="23.694056337699294">
        <ele>275.4</ele>
        <time>2025-05-09T14:38:08</time>
      </trkpt>
      <trkpt lat="46.31384873762727" lon="23.694660421460867">
        <ele>275.4</ele>
        <time>2025-05-09T14:38:16</time>
      </trkpt>
      <trkpt lat="46.31363424472511" lon="23.695350671187043">
        <ele>275.0</ele>
        <time>2025-05-09T14:38:25</time>
      </trkpt>
      <trkpt lat="46.31348102353513" lon="23.69598425924778">
        <ele>274.4</ele>
        <time>2025-05-09T14:38:33</time>
      </trkpt>
      <trkpt lat="46.31343928165734" lon="23.696206798776984">
        <ele>274.20000000000005</ele>
        <time>2025-05-09T14:38:36</time>
      </trkpt>
      <trkpt lat="46.31337298080325" lon="23.69655540212989">
        <ele>274.20000000000005</ele>
        <time>2025-05-09T14:38:41</time>
      </trkpt>
      <trkpt lat="46.31327575072646" lon="23.69709787890315">
        <ele>274.4</ele>
        <time>2025-05-09T14:38:49</time>
      </trkpt>
      <trkpt lat="46.313232416287065" lon="23.697588052600622">
        <ele>274.79999999999995</ele>
        <time>2025-05-09T14:38:56</time>
      </trkpt>
      <trkpt lat="46.313220262527466" lon="23.69804671034217">
        <ele>275.0</ele>
        <time>2025-05-09T14:39:02</time>
      </trkpt>
      <trkpt lat="46.31320743821561" lon="23.69812491349876">
        <ele>275.0</ele>
        <time>2025-05-09T14:39:03</time>
      </trkpt>
      <trkpt lat="46.31308673880994" lon="23.698405707255006">
        <ele>275.0</ele>
        <time>2025-05-09T14:39:07</time>
      </trkpt>
      <trkpt lat="46.312984228134155" lon="23.69852271862328">
        <ele>274.79999999999995</ele>
        <time>2025-05-09T14:39:09</time>
      </trkpt>
      <trkpt lat="46.31280460394919" lon="23.69869907386601">
        <ele>274.4</ele>
        <time>2025-05-09T14:39:12</time>
      </trkpt>
      <trkpt lat="46.312492713332176" lon="23.699025800451636">
        <ele>273.20000000000005</ele>
        <time>2025-05-09T14:39:17</time>
      </trkpt>
      <trkpt lat="46.312320716679096" lon="23.69924884289503">
        <ele>272.20000000000005</ele>
        <time>2025-05-09T14:39:20</time>
      </trkpt>
      <trkpt lat="46.3122757896781" lon="23.699330231174827">
        <ele>272.0</ele>
        <time>2025-05-09T14:39:21</time>
      </trkpt>
      <trkpt lat="46.312133045867085" lon="23.69958344846964">
        <ele>270.79999999999995</ele>
        <time>2025-05-09T14:39:24</time>
      </trkpt>
      <trkpt lat="46.31208987906575" lon="23.699669865891337">
        <ele>270.20000000000005</ele>
        <time>2025-05-09T14:39:25</time>
      </trkpt>
      <trkpt lat="46.31204788573086" lon="23.69975603185594">
        <ele>269.6</ele>
        <time>2025-05-09T14:39:26</time>
      </trkpt>
      <trkpt lat="46.31193766370416" lon="23.700022492557764">
        <ele>268.6</ele>
        <time>2025-05-09T14:39:29</time>
      </trkpt>
      <trkpt lat="46.31183456629515" lon="23.700297251343727">
        <ele>268.0</ele>
        <time>2025-05-09T14:39:32</time>
      </trkpt>
      <trkpt lat="46.31176910363138" lon="23.700481988489628">
        <ele>267.4</ele>
        <time>2025-05-09T14:39:34</time>
      </trkpt>
      <trkpt lat="46.31162468343973" lon="23.70103720575571">
        <ele>266.6</ele>
        <time>2025-05-09T14:39:40</time>
      </trkpt>
      <trkpt lat="46.3116071652621" lon="23.70112999342382">
        <ele>266.4</ele>
        <time>2025-05-09T14:39:41</time>
      </trkpt>
      <trkpt lat="46.311512030661106" lon="23.70163827203214">
        <ele>265.79999999999995</ele>
        <time>2025-05-09T14:39:47</time>
      </trkpt>
      <trkpt lat="46.31147112697363" lon="23.701879419386387">
        <ele>265.4</ele>
        <time>2025-05-09T14:39:50</time>
      </trkpt>
      <trkpt lat="46.31140046752989" lon="23.7022724468261">
        <ele>265.20000000000005</ele>
        <time>2025-05-09T14:39:55</time>
      </trkpt>
      <trkpt lat="46.31127172149718" lon="23.702933192253113">
        <ele>265.4</ele>
        <time>2025-05-09T14:40:04</time>
      </trkpt>
      <trkpt lat="46.31117164157331" lon="23.70355454273522">
        <ele>265.4</ele>
        <time>2025-05-09T14:40:12</time>
      </trkpt>
      <trkpt lat="46.31113023497164" lon="23.70414823293686">
        <ele>265.20000000000005</ele>
        <time>2025-05-09T14:40:19</time>
      </trkpt>
      <trkpt lat="46.311115231364965" lon="23.704838063567877">
        <ele>264.4</ele>
        <time>2025-05-09T14:40:27</time>
      </trkpt>
      <trkpt lat="46.311113722622395" lon="23.70492422953248">
        <ele>264.4</ele>
        <time>2025-05-09T14:40:28</time>
      </trkpt>
      <trkpt lat="46.31110232323408" lon="23.705452289432287">
        <ele>263.79999999999995</ele>
        <time>2025-05-09T14:40:34</time>
      </trkpt>
      <trkpt lat="46.311150854453444" lon="23.70588772930205">
        <ele>263.4</ele>
        <time>2025-05-09T14:40:39</time>
      </trkpt>
      <trkpt lat="46.31115940399468" lon="23.705968111753464">
        <ele>263.20000000000005</ele>
        <time>2025-05-09T14:40:40</time>
      </trkpt>
      <trkpt lat="46.31118304096162" lon="23.706285702064633">
        <ele>263.0</ele>
        <time>2025-05-09T14:40:44</time>
      </trkpt>
      <trkpt lat="46.311182705685496" lon="23.70651570148766">
        <ele>262.79999999999995</ele>
        <time>2025-05-09T14:40:47</time>
      </trkpt>
      <trkpt lat="46.311125960201025" lon="23.70718901976943">
        <ele>263.0</ele>
        <time>2025-05-09T14:40:56</time>
      </trkpt>
      <trkpt lat="46.311032669618726" lon="23.70778413489461">
        <ele>263.20000000000005</ele>
        <time>2025-05-09T14:41:04</time>
      </trkpt>
      <trkpt lat="46.3109184242785" lon="23.708430379629135">
        <ele>263.79999999999995</ele>
        <time>2025-05-09T14:41:13</time>
      </trkpt>
      <trkpt lat="46.310843070968986" lon="23.708991715684533">
        <ele>264.0</ele>
        <time>2025-05-09T14:41:21</time>
      </trkpt>
      <trkpt lat="46.31078406237066" lon="23.70952514000237">
        <ele>264.20000000000005</ele>
        <time>2025-05-09T14:41:28</time>
      </trkpt>
      <trkpt lat="46.31073150783777" lon="23.710076417773962">
        <ele>264.0</ele>
        <time>2025-05-09T14:41:35</time>
      </trkpt>
      <trkpt lat="46.31069730967283" lon="23.710636412724853">
        <ele>263.6</ele>
        <time>2025-05-09T14:41:42</time>
      </trkpt>
      <trkpt lat="46.31069244816899" lon="23.711098842322826">
        <ele>263.20000000000005</ele>
        <time>2025-05-09T14:41:48</time>
      </trkpt>
      <trkpt lat="46.31067015230656" lon="23.71158222667873">
        <ele>262.79999999999995</ele>
        <time>2025-05-09T14:41:54</time>
      </trkpt>
      <trkpt lat="46.31061206571758" lon="23.712079524993896">
        <ele>262.20000000000005</ele>
        <time>2025-05-09T14:42:00</time>
      </trkpt>
      <trkpt lat="46.310603599995375" lon="23.712164601311088">
        <ele>262.0</ele>
        <time>2025-05-09T14:42:01</time>
      </trkpt>
      <trkpt lat="46.3105040229857" lon="23.7127579562366">
        <ele>261.0</ele>
        <time>2025-05-09T14:42:08</time>
      </trkpt>
      <trkpt lat="46.31038726307452" lon="23.71329884044826">
        <ele>260.6</ele>
        <time>2025-05-09T14:42:15</time>
      </trkpt>
      <trkpt lat="46.31032498553395" lon="23.713868474587798">
        <ele>260.4</ele>
        <time>2025-05-09T14:42:22</time>
      </trkpt>
      <trkpt lat="46.310286428779364" lon="23.714505080133677">
        <ele>260.0</ele>
        <time>2025-05-09T14:42:29</time>
      </trkpt>
      <trkpt lat="46.31027888506651" lon="23.714595772325993">
        <ele>259.79999999999995</ele>
        <time>2025-05-09T14:42:30</time>
      </trkpt>
      <trkpt lat="46.310239154845476" lon="23.71529683470726">
        <ele>258.79999999999995</ele>
        <time>2025-05-09T14:42:38</time>
      </trkpt>
      <trkpt lat="46.310228845104575" lon="23.71581483632326">
        <ele>257.79999999999995</ele>
        <time>2025-05-09T14:42:44</time>
      </trkpt>
      <trkpt lat="46.31022658199072" lon="23.715899661183357">
        <ele>257.6</ele>
        <time>2025-05-09T14:42:45</time>
      </trkpt>
      <trkpt lat="46.310212751850486" lon="23.71638346463442">
        <ele>256.79999999999995</ele>
        <time>2025-05-09T14:42:51</time>
      </trkpt>
      <trkpt lat="46.31019892171025" lon="23.71645202860236">
        <ele>256.79999999999995</ele>
        <time>2025-05-09T14:42:52</time>
      </trkpt>
      <trkpt lat="46.31017570383847" lon="23.71650910936296">
        <ele>256.6</ele>
        <time>2025-05-09T14:42:53</time>
      </trkpt>
      <trkpt lat="46.31013731472194" lon="23.71660784818232">
        <ele>256.4</ele>
        <time>2025-05-09T14:42:55</time>
      </trkpt>
      <trkpt lat="46.310173608362675" lon="23.716776492074132">
        <ele>256.0</ele>
        <time>2025-05-09T14:42:58</time>
      </trkpt>
      <trkpt lat="46.3102154340595" lon="23.717051669955254">
        <ele>255.60000000000002</ele>
        <time>2025-05-09T14:43:02</time>
      </trkpt>
      <trkpt lat="46.31021250039339" lon="23.717192318290472">
        <ele>255.60000000000002</ele>
        <time>2025-05-09T14:43:04</time>
      </trkpt>
      <trkpt lat="46.310200514271855" lon="23.717412007972598">
        <ele>255.39999999999998</ele>
        <time>2025-05-09T14:43:07</time>
      </trkpt>
      <trkpt lat="46.310200514271855" lon="23.717486774548888">
        <ele>255.39999999999998</ele>
        <time>2025-05-09T14:43:08</time>
      </trkpt>
      <trkpt lat="46.31020403467119" lon="23.71798960492015">
        <ele>254.79999999999995</ele>
        <time>2025-05-09T14:43:15</time>
      </trkpt>
      <trkpt lat="46.310208309441805" lon="23.71827936731279">
        <ele>254.79999999999995</ele>
        <time>2025-05-09T14:43:19</time>
      </trkpt>
      <trkpt lat="46.31021970883012" lon="23.718418003991246">
        <ele>254.60000000000002</ele>
        <time>2025-05-09T14:43:21</time>
      </trkpt>
      <trkpt lat="46.31022507324815" lon="23.718483801931143">
        <ele>254.60000000000002</ele>
        <time>2025-05-09T14:43:22</time>
      </trkpt>
      <trkpt lat="46.31024368107319" lon="23.718609865754843">
        <ele>254.20000000000005</ele>
        <time>2025-05-09T14:43:24</time>
      </trkpt>
      <trkpt lat="46.31028391420841" lon="23.718807930126786">
        <ele>254.0</ele>
        <time>2025-05-09T14:43:27</time>
      </trkpt>
      <trkpt lat="46.31032817065716" lon="23.71894254349172">
        <ele>253.79999999999995</ele>
        <time>2025-05-09T14:43:29</time>
      </trkpt>
      <trkpt lat="46.3104210421443" lon="23.71911931782961">
        <ele>253.60000000000002</ele>
        <time>2025-05-09T14:43:32</time>
      </trkpt>
      <trkpt lat="46.31056319922209" lon="23.71938812546432">
        <ele>253.0</ele>
        <time>2025-05-09T14:43:37</time>
      </trkpt>
      <trkpt lat="46.310619777068496" lon="23.719487199559808">
        <ele>252.79999999999995</ele>
        <time>2025-05-09T14:43:39</time>
      </trkpt>
      <trkpt lat="46.31073880009353" lon="23.719686940312386">
        <ele>252.39999999999998</ele>
        <time>2025-05-09T14:43:43</time>
      </trkpt>
      <trkpt lat="46.3107939530164" lon="23.71978970244527">
        <ele>252.20000000000005</ele>
        <time>2025-05-09T14:43:45</time>
      </trkpt>
      <trkpt lat="46.310984808951616" lon="23.720176862552762">
        <ele>252.0</ele>
        <time>2025-05-09T14:43:53</time>
      </trkpt>
      <trkpt lat="46.31102168932557" lon="23.72039169073105">
        <ele>251.60000000000002</ele>
        <time>2025-05-09T14:43:58</time>
      </trkpt>
      <trkpt lat="46.311029149219394" lon="23.72040786780417">
        <ele>251.20000000000005</ele>
        <time>2025-05-09T14:44:02</time>
      </trkpt>
      <trkpt lat="46.31102948449552" lon="23.720407532528043">
        <ele>251.39999999999998</ele>
        <time>2025-05-09T14:44:04</time>
      </trkpt>
      <trkpt lat="46.31102898158133" lon="23.720407783985138">
        <ele>250.79999999999995</ele>
        <time>2025-05-09T14:44:18</time>
      </trkpt>
      <trkpt lat="46.311030657961965" lon="23.72040644288063">
        <ele>250.79999999999995</ele>
        <time>2025-05-09T14:44:31</time>
      </trkpt>
      <trkpt lat="46.31102797575295" lon="23.720406778156757">
        <ele>250.79999999999995</ele>
        <time>2025-05-09T14:44:42</time>
      </trkpt>
      <trkpt lat="46.31103451363742" lon="23.72039663605392">
        <ele>250.60000000000002</ele>
        <time>2025-05-09T14:44:54</time>
      </trkpt>
      <trkpt lat="46.31103468127549" lon="23.720397390425205">
        <ele>250.79999999999995</ele>
        <time>2025-05-09T14:45:10</time>
      </trkpt>
      <trkpt lat="46.3110341783613" lon="23.720399904996157">
        <ele>250.60000000000002</ele>
        <time>2025-05-09T14:45:31</time>
      </trkpt>
      <trkpt lat="46.31103401072323" lon="23.720402754843235">
        <ele>250.60000000000002</ele>
        <time>2025-05-09T14:45:57</time>
      </trkpt>
      <trkpt lat="46.31103283725679" lon="23.720401916652918">
        <ele>250.60000000000002</ele>
        <time>2025-05-09T14:46:14</time>
      </trkpt>
      <trkpt lat="46.31105194799602" lon="23.720398312434554">
        <ele>250.60000000000002</ele>
        <time>2025-05-09T14:46:21</time>
      </trkpt>
      <trkpt lat="46.31106368266046" lon="23.720384733751416">
        <ele>250.60000000000002</ele>
        <time>2025-05-09T14:46:30</time>
      </trkpt>
      <trkpt lat="46.31105873733759" lon="23.720340561121702">
        <ele>250.60000000000002</ele>
        <time>2025-05-09T14:46:33</time>
      </trkpt>
      <trkpt lat="46.311030657961965" lon="23.720262944698334">
        <ele>250.60000000000002</ele>
        <time>2025-05-09T14:46:35</time>
      </trkpt>
      <trkpt lat="46.31088288500905" lon="23.71996857225895">
        <ele>250.60000000000002</ele>
        <time>2025-05-09T14:46:41</time>
      </trkpt>
      <trkpt lat="46.31073863245547" lon="23.719714265316725">
        <ele>250.60000000000002</ele>
        <time>2025-05-09T14:46:46</time>
      </trkpt>
      <trkpt lat="46.31071072071791" lon="23.719659112393856">
        <ele>250.60000000000002</ele>
        <time>2025-05-09T14:46:47</time>
      </trkpt>
      <trkpt lat="46.310580214485526" lon="23.719399105757475">
        <ele>251.0</ele>
        <time>2025-05-09T14:46:52</time>
      </trkpt>
      <trkpt lat="46.310434034094214" lon="23.71908118017018">
        <ele>251.39999999999998</ele>
        <time>2025-05-09T14:46:59</time>
      </trkpt>
      <trkpt lat="46.31031115539372" lon="23.718747915700078">
        <ele>251.79999999999995</ele>
        <time>2025-05-09T14:47:05</time>
      </trkpt>
      <trkpt lat="46.31029740907252" lon="23.71868697926402">
        <ele>252.0</ele>
        <time>2025-05-09T14:47:06</time>
      </trkpt>
      <trkpt lat="46.31025122478604" lon="23.718270901590586">
        <ele>252.39999999999998</ele>
        <time>2025-05-09T14:47:13</time>
      </trkpt>
      <trkpt lat="46.310256673023105" lon="23.71795113198459">
        <ele>253.20000000000005</ele>
        <time>2025-05-09T14:47:19</time>
      </trkpt>
      <trkpt lat="46.31028676405549" lon="23.717878209427">
        <ele>253.39999999999998</ele>
        <time>2025-05-09T14:47:21</time>
      </trkpt>
      <trkpt lat="46.310312412679195" lon="23.717865301296115">
        <ele>253.39999999999998</ele>
        <time>2025-05-09T14:47:22</time>
      </trkpt>
      <trkpt lat="46.31034183315933" lon="23.717862786725163">
        <ele>253.60000000000002</ele>
        <time>2025-05-09T14:47:23</time>
      </trkpt>
      <trkpt lat="46.31044107489288" lon="23.717889273539186">
        <ele>253.79999999999995</ele>
        <time>2025-05-09T14:47:26</time>
      </trkpt>
      <trkpt lat="46.31047619506717" lon="23.717899583280087">
        <ele>253.79999999999995</ele>
        <time>2025-05-09T14:47:27</time>
      </trkpt>
      <trkpt lat="46.31068934686482" lon="23.717951215803623">
        <ele>253.79999999999995</ele>
        <time>2025-05-09T14:47:33</time>
      </trkpt>
      <trkpt lat="46.310876263305545" lon="23.71802581474185">
        <ele>253.60000000000002</ele>
        <time>2025-05-09T14:47:38</time>
      </trkpt>
      <trkpt lat="46.31111020222306" lon="23.718143245205283">
        <ele>253.79999999999995</ele>
        <time>2025-05-09T14:47:44</time>
      </trkpt>
      <trkpt lat="46.311385966837406" lon="23.718312308192253">
        <ele>254.20000000000005</ele>
        <time>2025-05-09T14:47:51</time>
      </trkpt>
      <trkpt lat="46.31158947944641" lon="23.71842605061829">
        <ele>254.39999999999998</ele>
        <time>2025-05-09T14:47:57</time>
      </trkpt>
      <trkpt lat="46.3116523437202" lon="23.718459494411945">
        <ele>254.60000000000002</ele>
        <time>2025-05-09T14:47:59</time>
      </trkpt>
      <trkpt lat="46.31178192794323" lon="23.718563681468368">
        <ele>254.79999999999995</ele>
        <time>2025-05-09T14:48:03</time>
      </trkpt>
      <trkpt lat="46.31203363649547" lon="23.718776078894734">
        <ele>255.39999999999998</ele>
        <time>2025-05-09T14:48:11</time>
      </trkpt>
      <trkpt lat="46.31206247024238" lon="23.71880172751844">
        <ele>255.60000000000002</ele>
        <time>2025-05-09T14:48:12</time>
      </trkpt>
      <trkpt lat="46.31224217824638" lon="23.718964755535126">
        <ele>256.6</ele>
        <time>2025-05-09T14:48:19</time>
      </trkpt>
      <trkpt lat="46.31226631812751" lon="23.71898495592177">
        <ele>256.79999999999995</ele>
        <time>2025-05-09T14:48:20</time>
      </trkpt>
      <trkpt lat="46.3123894482851" lon="23.719088388606906">
        <ele>257.79999999999995</ele>
        <time>2025-05-09T14:48:25</time>
      </trkpt>
      <trkpt lat="46.31242741830647" lon="23.71912619099021">
        <ele>258.0</ele>
        <time>2025-05-09T14:48:27</time>
      </trkpt>
      <trkpt lat="46.31253194063902" lon="23.719233479350805">
        <ele>258.79999999999995</ele>
        <time>2025-05-09T14:48:33</time>
      </trkpt>
      <trkpt lat="46.312564965337515" lon="23.719265582039952">
        <ele>259.4</ele>
        <time>2025-05-09T14:48:35</time>
      </trkpt>
      <trkpt lat="46.31261316128075" lon="23.719316041097045">
        <ele>260.0</ele>
        <time>2025-05-09T14:48:38</time>
      </trkpt>
      <trkpt lat="46.31270268000662" lon="23.719370691105723">
        <ele>260.4</ele>
        <time>2025-05-09T14:48:43</time>
      </trkpt>
      <trkpt lat="46.31282513961196" lon="23.719381587579846">
        <ele>261.0</ele>
        <time>2025-05-09T14:48:48</time>
      </trkpt>
      <trkpt lat="46.312865959480405" lon="23.719388209283352">
        <ele>261.20000000000005</ele>
        <time>2025-05-09T14:48:50</time>
      </trkpt>
      <trkpt lat="46.31294617429376" lon="23.719429448246956">
        <ele>262.0</ele>
        <time>2025-05-09T14:48:54</time>
      </trkpt>
      <trkpt lat="46.31300895474851" lon="23.719460293650627">
        <ele>262.79999999999995</ele>
        <time>2025-05-09T14:48:57</time>
      </trkpt>
      <trkpt lat="46.31305228918791" lon="23.719475381076336">
        <ele>263.20000000000005</ele>
        <time>2025-05-09T14:48:59</time>
      </trkpt>
      <trkpt lat="46.31313258782029" lon="23.719526510685682">
        <ele>264.20000000000005</ele>
        <time>2025-05-09T14:49:03</time>
      </trkpt>
      <trkpt lat="46.31315144710243" lon="23.719536820426583">
        <ele>264.4</ele>
        <time>2025-05-09T14:49:04</time>
      </trkpt>
      <trkpt lat="46.31327130831778" lon="23.719587111845613">
        <ele>265.4</ele>
        <time>2025-05-09T14:49:10</time>
      </trkpt>
      <trkpt lat="46.313305757939816" lon="23.719604462385178">
        <ele>265.6</ele>
        <time>2025-05-09T14:49:12</time>
      </trkpt>
      <trkpt lat="46.31339695304632" lon="23.71965592727065">
        <ele>266.4</ele>
        <time>2025-05-09T14:49:17</time>
      </trkpt>
      <trkpt lat="46.31345009431243" lon="23.71968325227499">
        <ele>267.4</ele>
        <time>2025-05-09T14:49:20</time>
      </trkpt>
      <trkpt lat="46.313468450680375" lon="23.71969004161656">
        <ele>267.6</ele>
        <time>2025-05-09T14:49:21</time>
      </trkpt>
      <trkpt lat="46.31357900798321" lon="23.719735220074654">
        <ele>268.79999999999995</ele>
        <time>2025-05-09T14:49:27</time>
      </trkpt>
      <trkpt lat="46.31359535269439" lon="23.71974385343492">
        <ele>269.0</ele>
        <time>2025-05-09T14:49:28</time>
      </trkpt>
      <trkpt lat="46.313643380999565" lon="23.719780649989843">
        <ele>270.0</ele>
        <time>2025-05-09T14:49:31</time>
      </trkpt>
      <trkpt lat="46.31371194496751" lon="23.71980344876647">
        <ele>270.20000000000005</ele>
        <time>2025-05-09T14:49:34</time>
      </trkpt>
      <trkpt lat="46.31382443010807" lon="23.719846280291677">
        <ele>270.79999999999995</ele>
        <time>2025-05-09T14:49:39</time>
      </trkpt>
      <trkpt lat="46.313851587474346" lon="23.719853069633245">
        <ele>271.0</ele>
        <time>2025-05-09T14:49:40</time>
      </trkpt>
      <trkpt lat="46.31396080367267" lon="23.71990411542356">
        <ele>271.79999999999995</ele>
        <time>2025-05-09T14:49:45</time>
      </trkpt>
      <trkpt lat="46.31411503069103" lon="23.719942588359118">
        <ele>272.79999999999995</ele>
        <time>2025-05-09T14:49:52</time>
      </trkpt>
      <trkpt lat="46.31413699127734" lon="23.719937978312373">
        <ele>273.0</ele>
        <time>2025-05-09T14:49:53</time>
      </trkpt>
      <trkpt lat="46.31429985165596" lon="23.71990906074643">
        <ele>273.79999999999995</ele>
        <time>2025-05-09T14:49:58</time>
      </trkpt>
      <trkpt lat="46.31433840841055" lon="23.719903528690338">
        <ele>274.0</ele>
        <time>2025-05-09T14:49:59</time>
      </trkpt>
      <trkpt lat="46.31461744196713" lon="23.71980587951839">
        <ele>274.0</ele>
        <time>2025-05-09T14:50:05</time>
      </trkpt>
      <trkpt lat="46.31486671976745" lon="23.719645282253623">
        <ele>273.6</ele>
        <time>2025-05-09T14:50:10</time>
      </trkpt>
      <trkpt lat="46.314920615404844" lon="23.719617621973157">
        <ele>273.6</ele>
        <time>2025-05-09T14:50:11</time>
      </trkpt>
      <trkpt lat="46.31509001366794" lon="23.71952148154378">
        <ele>272.79999999999995</ele>
        <time>2025-05-09T14:50:14</time>
      </trkpt>
      <trkpt lat="46.31514281965792" lon="23.71948879212141">
        <ele>272.6</ele>
        <time>2025-05-09T14:50:15</time>
      </trkpt>
      <trkpt lat="46.315373657271266" lon="23.719345964491367">
        <ele>271.79999999999995</ele>
        <time>2025-05-09T14:50:19</time>
      </trkpt>
      <trkpt lat="46.3154963683337" lon="23.719265749678016">
        <ele>271.4</ele>
        <time>2025-05-09T14:50:21</time>
      </trkpt>
      <trkpt lat="46.31567096337676" lon="23.719147061929107">
        <ele>270.6</ele>
        <time>2025-05-09T14:50:24</time>
      </trkpt>
      <trkpt lat="46.3158658426255" lon="23.719031307846308">
        <ele>269.79999999999995</ele>
        <time>2025-05-09T14:50:27</time>
      </trkpt>
      <trkpt lat="46.315926695242524" lon="23.718995852395892">
        <ele>269.4</ele>
        <time>2025-05-09T14:50:28</time>
      </trkpt>
      <trkpt lat="46.31624503992498" lon="23.718794099986553">
        <ele>268.4</ele>
        <time>2025-05-09T14:50:33</time>
      </trkpt>
      <trkpt lat="46.316297594457865" lon="23.718760069459677">
        <ele>268.20000000000005</ele>
        <time>2025-05-09T14:50:34</time>
      </trkpt>
      <trkpt lat="46.3164079003036" lon="23.71866099536419">
        <ele>267.6</ele>
        <time>2025-05-09T14:50:36</time>
      </trkpt>
      <trkpt lat="46.3164943177253" lon="23.718561166897416">
        <ele>267.0</ele>
        <time>2025-05-09T14:50:38</time>
      </trkpt>
      <trkpt lat="46.316597163677216" lon="23.71843669563532">
        <ele>266.0</ele>
        <time>2025-05-09T14:50:41</time>
      </trkpt>
      <trkpt lat="46.316668493673205" lon="23.718295795843005">
        <ele>265.0</ele>
        <time>2025-05-09T14:50:44</time>
      </trkpt>
      <trkpt lat="46.31668584421277" lon="23.71823988854885">
        <ele>264.79999999999995</ele>
        <time>2025-05-09T14:50:45</time>
      </trkpt>
      <trkpt lat="46.31677469238639" lon="23.717895559966564">
        <ele>264.4</ele>
        <time>2025-05-09T14:50:51</time>
      </trkpt>
      <trkpt lat="46.316883908584714" lon="23.71741745620966">
        <ele>265.20000000000005</ele>
        <time>2025-05-09T14:51:00</time>
      </trkpt>
      <trkpt lat="46.31691777147353" lon="23.71723431162536">
        <ele>265.79999999999995</ele>
        <time>2025-05-09T14:51:04</time>
      </trkpt>
      <trkpt lat="46.31693554110825" lon="23.71714537963271">
        <ele>266.0</ele>
        <time>2025-05-09T14:51:06</time>
      </trkpt>
      <trkpt lat="46.31702388636768" lon="23.71689467690885">
        <ele>267.0</ele>
        <time>2025-05-09T14:51:12</time>
      </trkpt>
      <trkpt lat="46.31706353276968" lon="23.716820161789656">
        <ele>267.20000000000005</ele>
        <time>2025-05-09T14:51:14</time>
      </trkpt>
      <trkpt lat="46.317134108394384" lon="23.716676495969296">
        <ele>268.20000000000005</ele>
        <time>2025-05-09T14:51:18</time>
      </trkpt>
      <trkpt lat="46.31720979698002" lon="23.716548420488834">
        <ele>269.20000000000005</ele>
        <time>2025-05-09T14:51:22</time>
      </trkpt>
      <trkpt lat="46.31723259575665" lon="23.716515647247434">
        <ele>269.4</ele>
        <time>2025-05-09T14:51:23</time>
      </trkpt>
      <trkpt lat="46.317360419780016" lon="23.7163361068815">
        <ele>270.4</ele>
        <time>2025-05-09T14:51:29</time>
      </trkpt>
      <trkpt lat="46.31744910031557" lon="23.716126224026084">
        <ele>271.6</ele>
        <time>2025-05-09T14:51:35</time>
      </trkpt>
      <trkpt lat="46.3175115454942" lon="23.71596277691424">
        <ele>272.6</ele>
        <time>2025-05-09T14:51:39</time>
      </trkpt>
      <trkpt lat="46.31757675670087" lon="23.715782398357987">
        <ele>273.20000000000005</ele>
        <time>2025-05-09T14:51:43</time>
      </trkpt>
      <trkpt lat="46.31760341115296" lon="23.715692460536957">
        <ele>273.6</ele>
        <time>2025-05-09T14:51:45</time>
      </trkpt>
      <trkpt lat="46.3176756631583" lon="23.715507807210088">
        <ele>274.6</ele>
        <time>2025-05-09T14:51:50</time>
      </trkpt>
      <trkpt lat="46.3176978752017" lon="23.715481907129288">
        <ele>274.6</ele>
        <time>2025-05-09T14:51:51</time>
      </trkpt>
      <trkpt lat="46.31778806447983" lon="23.71541946195066">
        <ele>275.6</ele>
        <time>2025-05-09T14:51:56</time>
      </trkpt>
      <trkpt lat="46.317793764173985" lon="23.71541652828455">
        <ele>275.6</ele>
        <time>2025-05-09T14:51:57</time>
      </trkpt>
      <trkpt lat="46.31779602728784" lon="23.71542281471193">
        <ele>276.4</ele>
        <time>2025-05-09T14:52:02</time>
      </trkpt>
      <trkpt lat="46.31779661402106" lon="23.71542239561677">
        <ele>276.6</ele>
        <time>2025-05-09T14:52:14</time>
      </trkpt>
      <trkpt lat="46.31780868396163" lon="23.715422647073865">
        <ele>276.6</ele>
        <time>2025-05-09T14:52:18</time>
      </trkpt>
      <trkpt lat="46.31785964593291" lon="23.715394316241145">
        <ele>276.6</ele>
        <time>2025-05-09T14:52:23</time>
      </trkpt>
      <trkpt lat="46.31788303144276" lon="23.71538425795734">
        <ele>276.6</ele>
        <time>2025-05-09T14:52:30</time>
      </trkpt>
      <trkpt lat="46.31788537837565" lon="23.71538920328021">
        <ele>276.79999999999995</ele>
        <time>2025-05-09T14:52:46</time>
      </trkpt>
      <trkpt lat="46.3178759906441" lon="23.71535592712462">
        <ele>276.6</ele>
        <time>2025-05-09T14:53:04</time>
      </trkpt>
      <trkpt lat="46.31786232814193" lon="23.715342180803418">
        <ele>276.6</ele>
        <time>2025-05-09T14:53:06</time>
      </trkpt>
      <trkpt lat="46.31782955490053" lon="23.715298427268863">
        <ele>276.6</ele>
        <time>2025-05-09T14:53:10</time>
      </trkpt>
      <trkpt lat="46.31778580136597" lon="23.715188121423125">
        <ele>277.4</ele>
        <time>2025-05-09T14:53:18</time>
      </trkpt>
      <trkpt lat="46.31778320297599" lon="23.715173536911607">
        <ele>277.79999999999995</ele>
        <time>2025-05-09T14:53:19</time>
      </trkpt>
      <trkpt lat="46.317764511331916" lon="23.715086532756686">
        <ele>278.6</ele>
        <time>2025-05-09T14:53:25</time>
      </trkpt>
      <trkpt lat="46.31775604560971" lon="23.715053759515285">
        <ele>278.79999999999995</ele>
        <time>2025-05-09T14:53:27</time>
      </trkpt>
      <trkpt lat="46.31772159598768" lon="23.714926103129983">
        <ele>279.4</ele>
        <time>2025-05-09T14:53:35</time>
      </trkpt>
      <trkpt lat="46.31772863678634" lon="23.714874051511288">
        <ele>279.79999999999995</ele>
        <time>2025-05-09T14:53:38</time>
      </trkpt>
      <trkpt lat="46.31774825043976" lon="23.71482635848224">
        <ele>280.20000000000005</ele>
        <time>2025-05-09T14:53:41</time>
      </trkpt>
      <trkpt lat="46.31777113303542" lon="23.714801631867886">
        <ele>280.4</ele>
        <time>2025-05-09T14:53:43</time>
      </trkpt>
      <trkpt lat="46.317832320928574" lon="23.71471588499844">
        <ele>280.6</ele>
        <time>2025-05-09T14:53:50</time>
      </trkpt>
      <trkpt lat="46.317851515486836" lon="23.71469233185053">
        <ele>280.6</ele>
        <time>2025-05-09T14:53:52</time>
      </trkpt>
      <trkpt lat="46.317874900996685" lon="23.714646650478244">
        <ele>280.6</ele>
        <time>2025-05-09T14:53:55</time>
      </trkpt>
      <trkpt lat="46.31797489710152" lon="23.714556796476245">
        <ele>280.4</ele>
        <time>2025-05-09T14:54:04</time>
      </trkpt>
      <trkpt lat="46.31802518852055" lon="23.714496279135346">
        <ele>280.0</ele>
        <time>2025-05-09T14:54:10</time>
      </trkpt>
      <trkpt lat="46.31803600117564" lon="23.714479682967067">
        <ele>280.0</ele>
        <time>2025-05-09T14:54:11</time>
      </trkpt>
      <trkpt lat="46.318129459396005" lon="23.714381027966738">
        <ele>279.79999999999995</ele>
        <time>2025-05-09T14:54:20</time>
      </trkpt>
      <trkpt lat="46.318196849897504" lon="23.71428874321282">
        <ele>279.6</ele>
        <time>2025-05-09T14:54:27</time>
      </trkpt>
      <trkpt lat="46.31823230534792" lon="23.714276673272252">
        <ele>279.6</ele>
        <time>2025-05-09T14:54:30</time>
      </trkpt>
      <trkpt lat="46.318278489634395" lon="23.71426192112267">
        <ele>279.4</ele>
        <time>2025-05-09T14:54:34</time>
      </trkpt>
      <trkpt lat="46.31830128841102" lon="23.714248342439532">
        <ele>279.4</ele>
        <time>2025-05-09T14:54:36</time>
      </trkpt>
      <trkpt lat="46.318309335038066" lon="23.71423409320414">
        <ele>279.4</ele>
        <time>2025-05-09T14:54:37</time>
      </trkpt>
      <trkpt lat="46.3183231651783" lon="23.714214731007814">
        <ele>279.20000000000005</ele>
        <time>2025-05-09T14:54:39</time>
      </trkpt>
      <trkpt lat="46.318372283130884" lon="23.71426627971232">
        <ele>279.0</ele>
        <time>2025-05-09T14:54:46</time>
      </trkpt>
      <trkpt lat="46.318383514881134" lon="23.714280612766743">
        <ele>279.0</ele>
        <time>2025-05-09T14:54:47</time>
      </trkpt>
      <trkpt lat="46.318397177383304" lon="23.71434490196407">
        <ele>278.79999999999995</ele>
        <time>2025-05-09T14:54:52</time>
      </trkpt>
      <trkpt lat="46.31841704249382" lon="23.714380357414484">
        <ele>278.6</ele>
        <time>2025-05-09T14:54:55</time>
      </trkpt>
      <trkpt lat="46.31844143383205" lon="23.714411035180092">
        <ele>278.20000000000005</ele>
        <time>2025-05-09T14:54:58</time>
      </trkpt>
      <trkpt lat="46.31847630254924" lon="23.714417153969407">
        <ele>278.0</ele>
        <time>2025-05-09T14:55:02</time>
      </trkpt>
      <trkpt lat="46.318489043042064" lon="23.714401395991445">
        <ele>277.6</ele>
        <time>2025-05-09T14:55:04</time>
      </trkpt>
      <trkpt lat="46.318509075790644" lon="23.71437289752066">
        <ele>277.4</ele>
        <time>2025-05-09T14:55:07</time>
      </trkpt>
      <trkpt lat="46.31856364198029" lon="23.714355379343033">
        <ele>277.20000000000005</ele>
        <time>2025-05-09T14:55:16</time>
      </trkpt>
      <trkpt lat="46.31862139329314" lon="23.714372059330344">
        <ele>276.79999999999995</ele>
        <time>2025-05-09T14:55:23</time>
      </trkpt>
      <trkpt lat="46.31864754483104" lon="23.714361498132348">
        <ele>276.4</ele>
        <time>2025-05-09T14:55:28</time>
      </trkpt>
      <trkpt lat="46.31866363808513" lon="23.714347584173083">
        <ele>276.4</ele>
        <time>2025-05-09T14:55:31</time>
      </trkpt>
      <trkpt lat="46.31869171746075" lon="23.714320342987776">
        <ele>275.6</ele>
        <time>2025-05-09T14:55:44</time>
      </trkpt>
      <trkpt lat="46.31869465112686" lon="23.714323109015822">
        <ele>275.6</ele>
        <time>2025-05-09T14:55:56</time>
      </trkpt>
      <trkpt lat="46.31868132390082" lon="23.71430986560881">
        <ele>275.4</ele>
        <time>2025-05-09T14:56:10</time>
      </trkpt>
      <trkpt lat="46.31868274882436" lon="23.71430584229529">
        <ele>275.4</ele>
        <time>2025-05-09T14:56:13</time>
      </trkpt>
    </trkseg>
  </trk>
</gpx>