<?xml version="1.0" encoding="UTF-8"?>
<gpx xmlns="http://www.topografix.com/GPX/1/1" xmlns:xsi="http://www.w3.org/2001/XMLSchema-instance" xsi:schemaLocation="http://www.topografix.com/GPX/1/1 http://www.topografix.com/GPX/1/1/gpx.xsd" version="1.1" creator="gpx.py -- https://github.com/tkrajina/gpxpy">
  <trk>
    <trkseg>
      <trkpt lat="43.50042614154518" lon="27.09567471407354">
        <ele>287.79999999999995</ele>
        <time>2025-05-19T06:01:07</time>
      </trkpt>
      <trkpt lat="43.50051213987172" lon="27.09582583978772">
        <ele>287.6</ele>
        <time>2025-05-19T06:01:12</time>
      </trkpt>
      <trkpt lat="43.50063845515251" lon="27.096074279397726">
        <ele>287.4</ele>
        <time>2025-05-19T06:01:19</time>
      </trkpt>
      <trkpt lat="43.50074524059892" lon="27.09627971984446">
        <ele>287.4</ele>
        <time>2025-05-19T06:01:25</time>
      </trkpt>
      <trkpt lat="43.500911286100745" lon="27.096539055928588">
        <ele>287.6</ele>
        <time>2025-05-19T06:01:33</time>
      </trkpt>
      <trkpt lat="43.500927463173866" lon="27.096574008464813">
        <ele>287.6</ele>
        <time>2025-05-19T06:01:34</time>
      </trkpt>
      <trkpt lat="43.501045145094395" lon="27.09678246639669">
        <ele>287.6</ele>
        <time>2025-05-19T06:01:40</time>
      </trkpt>
      <trkpt lat="43.50118118338287" lon="27.097027385607362">
        <ele>287.79999999999995</ele>
        <time>2025-05-19T06:01:48</time>
      </trkpt>
      <trkpt lat="43.5013107676059" lon="27.097259564325213">
        <ele>288.0</ele>
        <time>2025-05-19T06:01:55</time>
      </trkpt>
      <trkpt lat="43.50143582560122" lon="27.09747489541769">
        <ele>288.0</ele>
        <time>2025-05-19T06:02:02</time>
      </trkpt>
      <trkpt lat="43.501509418711066" lon="27.097687292844057">
        <ele>288.4</ele>
        <time>2025-05-19T06:02:08</time>
      </trkpt>
      <trkpt lat="43.50158678367734" lon="27.097835401073098">
        <ele>288.4</ele>
        <time>2025-05-19T06:02:13</time>
      </trkpt>
      <trkpt lat="43.50162802264094" lon="27.097956519573927">
        <ele>288.6</ele>
        <time>2025-05-19T06:02:16</time>
      </trkpt>
      <trkpt lat="43.50165140815079" lon="27.098038578405976">
        <ele>288.6</ele>
        <time>2025-05-19T06:02:18</time>
      </trkpt>
      <trkpt lat="43.501751655712724" lon="27.09825617261231">
        <ele>288.6</ele>
        <time>2025-05-19T06:02:24</time>
      </trkpt>
      <trkpt lat="43.50184528157115" lon="27.098509054630995">
        <ele>288.6</ele>
        <time>2025-05-19T06:02:30</time>
      </trkpt>
      <trkpt lat="43.50191971287131" lon="27.098682560026646">
        <ele>288.4</ele>
        <time>2025-05-19T06:02:35</time>
      </trkpt>
      <trkpt lat="43.50193798542023" lon="27.098740562796593">
        <ele>288.4</ele>
        <time>2025-05-19T06:02:37</time>
      </trkpt>
      <trkpt lat="43.50194393657148" lon="27.09880636073649">
        <ele>288.6</ele>
        <time>2025-05-19T06:02:40</time>
      </trkpt>
      <trkpt lat="43.50193806923926" lon="27.09881231188774">
        <ele>288.79999999999995</ele>
        <time>2025-05-19T06:02:46</time>
      </trkpt>
      <trkpt lat="43.50193463265896" lon="27.098804684355855">
        <ele>288.79999999999995</ele>
        <time>2025-05-19T06:02:57</time>
      </trkpt>
      <trkpt lat="43.50193438120186" lon="27.09880451671779">
        <ele>288.79999999999995</ele>
        <time>2025-05-19T06:02:58</time>
      </trkpt>
      <trkpt lat="43.50193505175412" lon="27.0987989846617">
        <ele>288.79999999999995</ele>
        <time>2025-05-19T06:03:16</time>
      </trkpt>
      <trkpt lat="43.50192834623158" lon="27.098791943863034">
        <ele>288.79999999999995</ele>
        <time>2025-05-19T06:03:25</time>
      </trkpt>
      <trkpt lat="43.50192826241255" lon="27.098792446777225">
        <ele>288.79999999999995</ele>
        <time>2025-05-19T06:03:26</time>
      </trkpt>
      <trkpt lat="43.50193513557315" lon="27.0987937040627">
        <ele>288.4</ele>
        <time>2025-05-19T06:03:38</time>
      </trkpt>
      <trkpt lat="43.501928094774485" lon="27.09878884255886">
        <ele>288.6</ele>
        <time>2025-05-19T06:03:48</time>
      </trkpt>
      <trkpt lat="43.501945277675986" lon="27.098828740417957">
        <ele>288.6</ele>
        <time>2025-05-19T06:03:55</time>
      </trkpt>
      <trkpt lat="43.502003448084" lon="27.098958492279053">
        <ele>288.4</ele>
        <time>2025-05-19T06:03:59</time>
      </trkpt>
      <trkpt lat="43.50208852440119" lon="27.099193604663014">
        <ele>288.4</ele>
        <time>2025-05-19T06:04:05</time>
      </trkpt>
      <trkpt lat="43.50215834565461" lon="27.09945042617619">
        <ele>288.20000000000005</ele>
        <time>2025-05-19T06:04:11</time>
      </trkpt>
      <trkpt lat="43.50221190601587" lon="27.099750330671668">
        <ele>288.0</ele>
        <time>2025-05-19T06:04:17</time>
      </trkpt>
      <trkpt lat="43.50226714275777" lon="27.100040847435594">
        <ele>288.0</ele>
        <time>2025-05-19T06:04:23</time>
      </trkpt>
      <trkpt lat="43.502358170226216" lon="27.10042172111571">
        <ele>287.79999999999995</ele>
        <time>2025-05-19T06:04:31</time>
      </trkpt>
      <trkpt lat="43.50240804255009" lon="27.100701928138733">
        <ele>287.6</ele>
        <time>2025-05-19T06:04:37</time>
      </trkpt>
      <trkpt lat="43.50241885520518" lon="27.100747358053923">
        <ele>287.6</ele>
        <time>2025-05-19T06:04:38</time>
      </trkpt>
      <trkpt lat="43.50245984271169" lon="27.10101591423154">
        <ele>287.20000000000005</ele>
        <time>2025-05-19T06:04:44</time>
      </trkpt>
      <trkpt lat="43.502510888502" lon="27.101284973323345">
        <ele>286.79999999999995</ele>
        <time>2025-05-19T06:04:50</time>
      </trkpt>
      <trkpt lat="43.502561347559094" lon="27.101585967466235">
        <ele>286.6</ele>
        <time>2025-05-19T06:04:57</time>
      </trkpt>
      <trkpt lat="43.50256947800517" lon="27.101627457886934">
        <ele>286.4</ele>
        <time>2025-05-19T06:04:58</time>
      </trkpt>
      <trkpt lat="43.502604346722364" lon="27.101872796192765">
        <ele>286.0</ele>
        <time>2025-05-19T06:05:04</time>
      </trkpt>
      <trkpt lat="43.502562353387475" lon="27.102133221924305">
        <ele>285.79999999999995</ele>
        <time>2025-05-19T06:05:11</time>
      </trkpt>
      <trkpt lat="43.502521282061934" lon="27.102332459762692">
        <ele>285.4</ele>
        <time>2025-05-19T06:05:17</time>
      </trkpt>
      <trkpt lat="43.502516923472285" lon="27.102367747575045">
        <ele>285.4</ele>
        <time>2025-05-19T06:05:18</time>
      </trkpt>
      <trkpt lat="43.502508541569114" lon="27.10250881500542">
        <ele>284.79999999999995</ele>
        <time>2025-05-19T06:05:22</time>
      </trkpt>
      <trkpt lat="43.50246135145426" lon="27.10267687216401">
        <ele>284.20000000000005</ele>
        <time>2025-05-19T06:05:27</time>
      </trkpt>
      <trkpt lat="43.502416759729385" lon="27.102852053940296">
        <ele>284.0</ele>
        <time>2025-05-19T06:05:32</time>
      </trkpt>
      <trkpt lat="43.502402594313025" lon="27.10296554490924">
        <ele>283.4</ele>
        <time>2025-05-19T06:05:35</time>
      </trkpt>
      <trkpt lat="43.50240024738014" lon="27.10300477221608">
        <ele>283.20000000000005</ele>
        <time>2025-05-19T06:05:36</time>
      </trkpt>
      <trkpt lat="43.502378202974796" lon="27.103186910972">
        <ele>282.4</ele>
        <time>2025-05-19T06:05:41</time>
      </trkpt>
      <trkpt lat="43.50237309001386" lon="27.103222366422415">
        <ele>282.0</ele>
        <time>2025-05-19T06:05:42</time>
      </trkpt>
      <trkpt lat="43.502354146912694" lon="27.103347424417734">
        <ele>281.20000000000005</ele>
        <time>2025-05-19T06:05:46</time>
      </trkpt>
      <trkpt lat="43.50233277305961" lon="27.103446079418063">
        <ele>280.79999999999995</ele>
        <time>2025-05-19T06:05:49</time>
      </trkpt>
      <trkpt lat="43.50231206975877" lon="27.103545321151614">
        <ele>280.20000000000005</ele>
        <time>2025-05-19T06:05:52</time>
      </trkpt>
      <trkpt lat="43.5022761952132" lon="27.10364146158099">
        <ele>279.6</ele>
        <time>2025-05-19T06:05:56</time>
      </trkpt>
      <trkpt lat="43.502246690914035" lon="27.103715809062123">
        <ele>278.79999999999995</ele>
        <time>2025-05-19T06:05:59</time>
      </trkpt>
      <trkpt lat="43.5022296756506" lon="27.103777835145593">
        <ele>278.20000000000005</ele>
        <time>2025-05-19T06:06:01</time>
      </trkpt>
      <trkpt lat="43.502194890752435" lon="27.10396684706211">
        <ele>277.20000000000005</ele>
        <time>2025-05-19T06:06:06</time>
      </trkpt>
      <trkpt lat="43.50215851329267" lon="27.104190476238728">
        <ele>276.0</ele>
        <time>2025-05-19T06:06:12</time>
      </trkpt>
      <trkpt lat="43.502142168581486" lon="27.104282593354583">
        <ele>275.79999999999995</ele>
        <time>2025-05-19T06:06:14</time>
      </trkpt>
      <trkpt lat="43.50211643613875" lon="27.104482166469097">
        <ele>275.0</ele>
        <time>2025-05-19T06:06:17</time>
      </trkpt>
      <trkpt lat="43.50210654549301" lon="27.104561123996973">
        <ele>274.79999999999995</ele>
        <time>2025-05-19T06:06:18</time>
      </trkpt>
      <trkpt lat="43.5020534042269" lon="27.10491576232016">
        <ele>274.0</ele>
        <time>2025-05-19T06:06:22</time>
      </trkpt>
      <trkpt lat="43.502017026767135" lon="27.105122711509466">
        <ele>273.6</ele>
        <time>2025-05-19T06:06:24</time>
      </trkpt>
      <trkpt lat="43.50198391824961" lon="27.10534139536321">
        <ele>272.79999999999995</ele>
        <time>2025-05-19T06:06:26</time>
      </trkpt>
      <trkpt lat="43.501920802518725" lon="27.105657728388906">
        <ele>271.6</ele>
        <time>2025-05-19T06:06:29</time>
      </trkpt>
      <trkpt lat="43.501888113096356" lon="27.105752946808934">
        <ele>271.20000000000005</ele>
        <time>2025-05-19T06:06:30</time>
      </trkpt>
      <trkpt lat="43.501847460865974" lon="27.105842046439648">
        <ele>270.6</ele>
        <time>2025-05-19T06:06:31</time>
      </trkpt>
      <trkpt lat="43.50175056606531" lon="27.10601856932044">
        <ele>269.20000000000005</ele>
        <time>2025-05-19T06:06:33</time>
      </trkpt>
      <trkpt lat="43.50165266543627" lon="27.106210431084037">
        <ele>268.0</ele>
        <time>2025-05-19T06:06:35</time>
      </trkpt>
      <trkpt lat="43.501608492806554" lon="27.10631520487368">
        <ele>267.4</ele>
        <time>2025-05-19T06:06:36</time>
      </trkpt>
      <trkpt lat="43.501569936051965" lon="27.106425845995545">
        <ele>266.79999999999995</ele>
        <time>2025-05-19T06:06:37</time>
      </trkpt>
      <trkpt lat="43.50151252001524" lon="27.106655510142446">
        <ele>265.6</ele>
        <time>2025-05-19T06:06:39</time>
      </trkpt>
      <trkpt lat="43.50149340927601" lon="27.106772270053625">
        <ele>264.6</ele>
        <time>2025-05-19T06:06:40</time>
      </trkpt>
      <trkpt lat="43.501467844471335" lon="27.107003191486">
        <ele>263.4</ele>
        <time>2025-05-19T06:06:42</time>
      </trkpt>
      <trkpt lat="43.50144202820957" lon="27.10722397081554">
        <ele>262.0</ele>
        <time>2025-05-19T06:06:44</time>
      </trkpt>
      <trkpt lat="43.50142702460289" lon="27.107329415157437">
        <ele>261.6</ele>
        <time>2025-05-19T06:06:45</time>
      </trkpt>
      <trkpt lat="43.50140883587301" lon="27.107536364346743">
        <ele>261.0</ele>
        <time>2025-05-19T06:06:47</time>
      </trkpt>
      <trkpt lat="43.501368602737784" lon="27.107947329059243">
        <ele>259.79999999999995</ele>
        <time>2025-05-19T06:06:51</time>
      </trkpt>
      <trkpt lat="43.50133758969605" lon="27.10825259797275">
        <ele>259.4</ele>
        <time>2025-05-19T06:06:54</time>
      </trkpt>
      <trkpt lat="43.50126173347235" lon="27.109049716964364">
        <ele>259.0</ele>
        <time>2025-05-19T06:07:02</time>
      </trkpt>
      <trkpt lat="43.50121538154781" lon="27.109527988359332">
        <ele>258.6</ele>
        <time>2025-05-19T06:07:07</time>
      </trkpt>
      <trkpt lat="43.501197192817926" lon="27.10970182903111">
        <ele>258.4</ele>
        <time>2025-05-19T06:07:09</time>
      </trkpt>
      <trkpt lat="43.50118017755449" lon="27.109854631125927">
        <ele>258.4</ele>
        <time>2025-05-19T06:07:12</time>
      </trkpt>
      <trkpt lat="43.50113030523062" lon="27.11006443016231">
        <ele>258.0</ele>
        <time>2025-05-19T06:07:18</time>
      </trkpt>
      <trkpt lat="43.50102134048939" lon="27.110383864492178">
        <ele>257.79999999999995</ele>
        <time>2025-05-19T06:07:24</time>
      </trkpt>
      <trkpt lat="43.500872142612934" lon="27.110743867233396">
        <ele>257.6</ele>
        <time>2025-05-19T06:07:30</time>
      </trkpt>
      <trkpt lat="43.500783797353506" lon="27.11093262769282">
        <ele>257.4</ele>
        <time>2025-05-19T06:07:33</time>
      </trkpt>
      <trkpt lat="43.50063317455351" lon="27.111307298764586">
        <ele>257.0</ele>
        <time>2025-05-19T06:07:39</time>
      </trkpt>
      <trkpt lat="43.500592270866036" lon="27.111424645408988">
        <ele>257.0</ele>
        <time>2025-05-19T06:07:41</time>
      </trkpt>
      <trkpt lat="43.500520857051015" lon="27.11151994764805">
        <ele>257.0</ele>
        <time>2025-05-19T06:07:43</time>
      </trkpt>
      <trkpt lat="43.50035984069109" lon="27.111595468595624">
        <ele>256.79999999999995</ele>
        <time>2025-05-19T06:07:46</time>
      </trkpt>
      <trkpt lat="43.50030326284468" lon="27.111619943752885">
        <ele>256.79999999999995</ele>
        <time>2025-05-19T06:07:47</time>
      </trkpt>
      <trkpt lat="43.50001601502299" lon="27.111746091395617">
        <ele>256.4</ele>
        <time>2025-05-19T06:07:52</time>
      </trkpt>
      <trkpt lat="43.499667663127184" lon="27.11189134977758">
        <ele>256.0</ele>
        <time>2025-05-19T06:07:58</time>
      </trkpt>
      <trkpt lat="43.49921747110784" lon="27.11208740249276">
        <ele>255.79999999999995</ele>
        <time>2025-05-19T06:08:06</time>
      </trkpt>
      <trkpt lat="43.49888370372355" lon="27.112235259264708">
        <ele>255.79999999999995</ele>
        <time>2025-05-19T06:08:13</time>
      </trkpt>
      <trkpt lat="43.49860282614827" lon="27.112378170713782">
        <ele>255.79999999999995</ele>
        <time>2025-05-19T06:08:19</time>
      </trkpt>
      <trkpt lat="43.498259419575334" lon="27.112505491822958">
        <ele>255.60000000000002</ele>
        <time>2025-05-19T06:08:26</time>
      </trkpt>
      <trkpt lat="43.49789220839739" lon="27.11270841769874">
        <ele>255.79999999999995</ele>
        <time>2025-05-19T06:08:34</time>
      </trkpt>
      <trkpt lat="43.497851975262165" lon="27.112744711339474">
        <ele>255.79999999999995</ele>
        <time>2025-05-19T06:08:35</time>
      </trkpt>
      <trkpt lat="43.49767042323947" lon="27.11296398192644">
        <ele>256.0</ele>
        <time>2025-05-19T06:08:40</time>
      </trkpt>
      <trkpt lat="43.49745408631861" lon="27.11330604739487">
        <ele>256.79999999999995</ele>
        <time>2025-05-19T06:08:47</time>
      </trkpt>
      <trkpt lat="43.49730597808957" lon="27.113538393750787">
        <ele>257.4</ele>
        <time>2025-05-19T06:08:52</time>
      </trkpt>
      <trkpt lat="43.497194834053516" lon="27.11371986195445">
        <ele>258.0</ele>
        <time>2025-05-19T06:08:56</time>
      </trkpt>
      <trkpt lat="43.49714135751128" lon="27.11380686610937">
        <ele>258.79999999999995</ele>
        <time>2025-05-19T06:08:58</time>
      </trkpt>
      <trkpt lat="43.497031554579735" lon="27.114038038998842">
        <ele>259.6</ele>
        <time>2025-05-19T06:09:03</time>
      </trkpt>
      <trkpt lat="43.49699777550995" lon="27.114136358723044">
        <ele>259.79999999999995</ele>
        <time>2025-05-19T06:09:05</time>
      </trkpt>
      <trkpt lat="43.49692493677139" lon="27.11438287049532">
        <ele>260.6</ele>
        <time>2025-05-19T06:09:10</time>
      </trkpt>
      <trkpt lat="43.496899204328656" lon="27.11448445916176">
        <ele>260.79999999999995</ele>
        <time>2025-05-19T06:09:12</time>
      </trkpt>
      <trkpt lat="43.496847320348024" lon="27.114788303151727">
        <ele>261.79999999999995</ele>
        <time>2025-05-19T06:09:18</time>
      </trkpt>
      <trkpt lat="43.49684162065387" lon="27.11483968421817">
        <ele>262.20000000000005</ele>
        <time>2025-05-19T06:09:19</time>
      </trkpt>
      <trkpt lat="43.496801974251866" lon="27.115127686411142">
        <ele>263.20000000000005</ele>
        <time>2025-05-19T06:09:25</time>
      </trkpt>
      <trkpt lat="43.496798034757376" lon="27.115170434117317">
        <ele>263.20000000000005</ele>
        <time>2025-05-19T06:09:26</time>
      </trkpt>
      <trkpt lat="43.49675461649895" lon="27.115459442138672">
        <ele>264.20000000000005</ele>
        <time>2025-05-19T06:09:33</time>
      </trkpt>
      <trkpt lat="43.49672737531364" lon="27.115691704675555">
        <ele>265.4</ele>
        <time>2025-05-19T06:09:39</time>
      </trkpt>
      <trkpt lat="43.496707594022155" lon="27.115844255313277">
        <ele>266.0</ele>
        <time>2025-05-19T06:09:43</time>
      </trkpt>
      <trkpt lat="43.496685549616814" lon="27.115955986082554">
        <ele>266.4</ele>
        <time>2025-05-19T06:09:46</time>
      </trkpt>
      <trkpt lat="43.4966638404876" lon="27.116110464558005">
        <ele>267.20000000000005</ele>
        <time>2025-05-19T06:09:50</time>
      </trkpt>
      <trkpt lat="43.49665453657508" lon="27.116231583058834">
        <ele>267.79999999999995</ele>
        <time>2025-05-19T06:09:53</time>
      </trkpt>
      <trkpt lat="43.49663400091231" lon="27.116349516436458">
        <ele>268.4</ele>
        <time>2025-05-19T06:09:56</time>
      </trkpt>
      <trkpt lat="43.49661581218243" lon="27.116464851424098">
        <ele>268.79999999999995</ele>
        <time>2025-05-19T06:09:59</time>
      </trkpt>
      <trkpt lat="43.496581027284265" lon="27.11661790497601">
        <ele>269.6</ele>
        <time>2025-05-19T06:10:03</time>
      </trkpt>
      <trkpt lat="43.49656627513468" lon="27.116693928837776">
        <ele>269.79999999999995</ele>
        <time>2025-05-19T06:10:05</time>
      </trkpt>
      <trkpt lat="43.496522856876254" lon="27.116819825023413">
        <ele>270.6</ele>
        <time>2025-05-19T06:10:09</time>
      </trkpt>
      <trkpt lat="43.49650064483285" lon="27.116876989603043">
        <ele>270.79999999999995</ele>
        <time>2025-05-19T06:10:11</time>
      </trkpt>
      <trkpt lat="43.49646996706724" lon="27.116928789764643">
        <ele>271.20000000000005</ele>
        <time>2025-05-19T06:10:13</time>
      </trkpt>
      <trkpt lat="43.496421268209815" lon="27.117005651816726">
        <ele>271.79999999999995</ele>
        <time>2025-05-19T06:10:16</time>
      </trkpt>
      <trkpt lat="43.49640349857509" lon="27.117029204964638">
        <ele>272.0</ele>
        <time>2025-05-19T06:10:17</time>
      </trkpt>
      <trkpt lat="43.49628481082618" lon="27.117158034816384">
        <ele>273.20000000000005</ele>
        <time>2025-05-19T06:10:23</time>
      </trkpt>
      <trkpt lat="43.496133014559746" lon="27.1172867808491">
        <ele>274.20000000000005</ele>
        <time>2025-05-19T06:10:30</time>
      </trkpt>
      <trkpt lat="43.49611021578312" lon="27.117303544655442">
        <ele>274.20000000000005</ele>
        <time>2025-05-19T06:10:31</time>
      </trkpt>
      <trkpt lat="43.49597627297044" lon="27.117393733933568">
        <ele>275.4</ele>
        <time>2025-05-19T06:10:37</time>
      </trkpt>
      <trkpt lat="43.49591131322086" lon="27.117427345365286">
        <ele>275.79999999999995</ele>
        <time>2025-05-19T06:10:40</time>
      </trkpt>
      <trkpt lat="43.495820201933384" lon="27.117460872977972">
        <ele>276.4</ele>
        <time>2025-05-19T06:10:44</time>
      </trkpt>
      <trkpt lat="43.49572464823723" lon="27.117495574057102">
        <ele>276.79999999999995</ele>
        <time>2025-05-19T06:10:48</time>
      </trkpt>
      <trkpt lat="43.495657509192824" lon="27.11751845665276">
        <ele>277.6</ele>
        <time>2025-05-19T06:10:51</time>
      </trkpt>
      <trkpt lat="43.495611073449254" lon="27.117537232115865">
        <ele>278.0</ele>
        <time>2025-05-19T06:10:53</time>
      </trkpt>
      <trkpt lat="43.49554209038615" lon="27.117550559341908">
        <ele>278.6</ele>
        <time>2025-05-19T06:10:56</time>
      </trkpt>
      <trkpt lat="43.49544636905193" lon="27.117583332583308">
        <ele>279.20000000000005</ele>
        <time>2025-05-19T06:11:00</time>
      </trkpt>
      <trkpt lat="43.49539574235678" lon="27.11760152131319">
        <ele>279.79999999999995</ele>
        <time>2025-05-19T06:11:02</time>
      </trkpt>
      <trkpt lat="43.49525517784059" lon="27.11764686740935">
        <ele>280.6</ele>
        <time>2025-05-19T06:11:08</time>
      </trkpt>
      <trkpt lat="43.495230451226234" lon="27.11765516549349">
        <ele>280.79999999999995</ele>
        <time>2025-05-19T06:11:09</time>
      </trkpt>
      <trkpt lat="43.495105393230915" lon="27.11768508888781">
        <ele>281.6</ele>
        <time>2025-05-19T06:11:14</time>
      </trkpt>
      <trkpt lat="43.49505468271673" lon="27.117700343951583">
        <ele>282.0</ele>
        <time>2025-05-19T06:11:16</time>
      </trkpt>
      <trkpt lat="43.4949145372957" lon="27.117747198790312">
        <ele>283.0</ele>
        <time>2025-05-19T06:11:22</time>
      </trkpt>
      <trkpt lat="43.494777493178844" lon="27.117810985073447">
        <ele>284.20000000000005</ele>
        <time>2025-05-19T06:11:28</time>
      </trkpt>
      <trkpt lat="43.494755029678345" lon="27.11782431229949">
        <ele>284.20000000000005</ele>
        <time>2025-05-19T06:11:29</time>
      </trkpt>
      <trkpt lat="43.494617315009236" lon="27.117917351424694">
        <ele>285.20000000000005</ele>
        <time>2025-05-19T06:11:35</time>
      </trkpt>
      <trkpt lat="43.49457632750273" lon="27.117950292304158">
        <ele>285.6</ele>
        <time>2025-05-19T06:11:37</time>
      </trkpt>
      <trkpt lat="43.49449695087969" lon="27.11800653487444">
        <ele>286.4</ele>
        <time>2025-05-19T06:11:42</time>
      </trkpt>
      <trkpt lat="43.494490161538124" lon="27.11801298893988">
        <ele>286.6</ele>
        <time>2025-05-19T06:11:43</time>
      </trkpt>
      <trkpt lat="43.49447784014046" lon="27.11802128702402">
        <ele>287.4</ele>
        <time>2025-05-19T06:11:49</time>
      </trkpt>
      <trkpt lat="43.49447775632143" lon="27.118021370843053">
        <ele>287.6</ele>
        <time>2025-05-19T06:11:53</time>
      </trkpt>
      <trkpt lat="43.49447482265532" lon="27.118020867928863">
        <ele>287.79999999999995</ele>
        <time>2025-05-19T06:12:09</time>
      </trkpt>
      <trkpt lat="43.49447532556951" lon="27.118021454662085">
        <ele>287.79999999999995</ele>
        <time>2025-05-19T06:12:33</time>
      </trkpt>
      <trkpt lat="43.49447289481759" lon="27.118022041395307">
        <ele>287.79999999999995</ele>
        <time>2025-05-19T06:12:51</time>
      </trkpt>
      <trkpt lat="43.494464261457324" lon="27.11801927536726">
        <ele>288.0</ele>
        <time>2025-05-19T06:13:08</time>
      </trkpt>
      <trkpt lat="43.494424195960164" lon="27.118038972839713">
        <ele>288.0</ele>
        <time>2025-05-19T06:13:15</time>
      </trkpt>
      <trkpt lat="43.49433643743396" lon="27.118139723315835">
        <ele>288.4</ele>
        <time>2025-05-19T06:13:20</time>
      </trkpt>
      <trkpt lat="43.49429729394615" lon="27.118186242878437">
        <ele>288.4</ele>
        <time>2025-05-19T06:13:22</time>
      </trkpt>
      <trkpt lat="43.49418556317687" lon="27.11832865141332">
        <ele>288.79999999999995</ele>
        <time>2025-05-19T06:13:28</time>
      </trkpt>
      <trkpt lat="43.494132589548826" lon="27.118400651961565">
        <ele>289.4</ele>
        <time>2025-05-19T06:13:31</time>
      </trkpt>
      <trkpt lat="43.49406109191477" lon="27.118493355810642">
        <ele>290.0</ele>
        <time>2025-05-19T06:13:35</time>
      </trkpt>
      <trkpt lat="43.49398976191878" lon="27.118593016639352">
        <ele>290.6</ele>
        <time>2025-05-19T06:13:39</time>
      </trkpt>
      <trkpt lat="43.49389831535518" lon="27.11871363222599">
        <ele>291.20000000000005</ele>
        <time>2025-05-19T06:13:44</time>
      </trkpt>
      <trkpt lat="43.49386051297188" lon="27.118762079626322">
        <ele>291.6</ele>
        <time>2025-05-19T06:13:46</time>
      </trkpt>
      <trkpt lat="43.493745094165206" lon="27.11891203187406">
        <ele>292.6</ele>
        <time>2025-05-19T06:13:52</time>
      </trkpt>
      <trkpt lat="43.49372480995953" lon="27.118936087936163">
        <ele>292.79999999999995</ele>
        <time>2025-05-19T06:13:53</time>
      </trkpt>
      <trkpt lat="43.49358340725303" lon="27.11911629885435">
        <ele>293.79999999999995</ele>
        <time>2025-05-19T06:14:00</time>
      </trkpt>
      <trkpt lat="43.49354208447039" lon="27.119168434292078">
        <ele>294.20000000000005</ele>
        <time>2025-05-19T06:14:02</time>
      </trkpt>
      <trkpt lat="43.493434209376574" lon="27.11930003017187">
        <ele>295.0</ele>
        <time>2025-05-19T06:14:07</time>
      </trkpt>
      <trkpt lat="43.49339431151748" lon="27.11935074068606">
        <ele>295.4</ele>
        <time>2025-05-19T06:14:09</time>
      </trkpt>
      <trkpt lat="43.49333547055721" lon="27.119421316310763">
        <ele>296.20000000000005</ele>
        <time>2025-05-19T06:14:12</time>
      </trkpt>
      <trkpt lat="43.49321418441832" lon="27.119569340720773">
        <ele>297.20000000000005</ele>
        <time>2025-05-19T06:14:18</time>
      </trkpt>
      <trkpt lat="43.49309398792684" lon="27.119721807539463">
        <ele>298.20000000000005</ele>
        <time>2025-05-19T06:14:24</time>
      </trkpt>
      <trkpt lat="43.49303724244237" lon="27.119801016524434">
        <ele>298.79999999999995</ele>
        <time>2025-05-19T06:14:27</time>
      </trkpt>
      <trkpt lat="43.4929577820003" lon="27.119900761172175">
        <ele>299.4</ele>
        <time>2025-05-19T06:14:31</time>
      </trkpt>
      <trkpt lat="43.492901623249054" lon="27.119973935186863">
        <ele>299.79999999999995</ele>
        <time>2025-05-19T06:14:34</time>
      </trkpt>
      <trkpt lat="43.49278796464205" lon="27.120116595178843">
        <ele>300.4</ele>
        <time>2025-05-19T06:14:40</time>
      </trkpt>
      <trkpt lat="43.492746725678444" lon="27.120163701474667">
        <ele>300.79999999999995</ele>
        <time>2025-05-19T06:14:42</time>
      </trkpt>
      <trkpt lat="43.49265125580132" lon="27.120289597660303">
        <ele>301.4</ele>
        <time>2025-05-19T06:14:47</time>
      </trkpt>
      <trkpt lat="43.492565508931875" lon="27.120385570451617">
        <ele>302.6</ele>
        <time>2025-05-19T06:14:51</time>
      </trkpt>
      <trkpt lat="43.49242192693055" lon="27.120568128302693">
        <ele>303.79999999999995</ele>
        <time>2025-05-19T06:14:58</time>
      </trkpt>
      <trkpt lat="43.4923639241606" lon="27.12064960040152">
        <ele>304.20000000000005</ele>
        <time>2025-05-19T06:15:01</time>
      </trkpt>
      <trkpt lat="43.49229862913489" lon="27.120718751102686">
        <ele>304.79999999999995</ele>
        <time>2025-05-19T06:15:04</time>
      </trkpt>
      <trkpt lat="43.49223920144141" lon="27.120785303413868">
        <ele>305.4</ele>
        <time>2025-05-19T06:15:07</time>
      </trkpt>
      <trkpt lat="43.492179941385984" lon="27.120859064161777">
        <ele>306.0</ele>
        <time>2025-05-19T06:15:10</time>
      </trkpt>
      <trkpt lat="43.49209017120302" lon="27.120949504897">
        <ele>306.79999999999995</ele>
        <time>2025-05-19T06:15:14</time>
      </trkpt>
      <trkpt lat="43.49206913262606" lon="27.120976578444242">
        <ele>307.0</ele>
        <time>2025-05-19T06:15:15</time>
      </trkpt>
      <trkpt lat="43.491947846487164" lon="27.121099708601832">
        <ele>308.20000000000005</ele>
        <time>2025-05-19T06:15:20</time>
      </trkpt>
      <trkpt lat="43.49189420230687" lon="27.12115184403956">
        <ele>308.4</ele>
        <time>2025-05-19T06:15:22</time>
      </trkpt>
      <trkpt lat="43.49167367443442" lon="27.12131948210299">
        <ele>309.20000000000005</ele>
        <time>2025-05-19T06:15:29</time>
      </trkpt>
      <trkpt lat="43.491640482097864" lon="27.12134093977511">
        <ele>309.4</ele>
        <time>2025-05-19T06:15:30</time>
      </trkpt>
      <trkpt lat="43.49136262200773" lon="27.121516792103648">
        <ele>309.79999999999995</ele>
        <time>2025-05-19T06:15:37</time>
      </trkpt>
      <trkpt lat="43.49104469642043" lon="27.12168258614838">
        <ele>309.79999999999995</ele>
        <time>2025-05-19T06:15:43</time>
      </trkpt>
      <trkpt lat="43.49060037173331" lon="27.12190872989595">
        <ele>308.79999999999995</ele>
        <time>2025-05-19T06:15:50</time>
      </trkpt>
      <trkpt lat="43.490465423092246" lon="27.121980227530003">
        <ele>308.4</ele>
        <time>2025-05-19T06:15:52</time>
      </trkpt>
      <trkpt lat="43.49019259214401" lon="27.122120959684253">
        <ele>307.0</ele>
        <time>2025-05-19T06:15:56</time>
      </trkpt>
      <trkpt lat="43.49006250500679" lon="27.122200839221478">
        <ele>306.20000000000005</ele>
        <time>2025-05-19T06:15:58</time>
      </trkpt>
      <trkpt lat="43.49000089801848" lon="27.12224258109927">
        <ele>305.6</ele>
        <time>2025-05-19T06:15:59</time>
      </trkpt>
      <trkpt lat="43.48966511897743" lon="27.122478866949677">
        <ele>305.0</ele>
        <time>2025-05-19T06:16:05</time>
      </trkpt>
      <trkpt lat="43.489296566694975" lon="27.122749350965023">
        <ele>305.4</ele>
        <time>2025-05-19T06:16:13</time>
      </trkpt>
      <trkpt lat="43.4888877812773" lon="27.123047411441803">
        <ele>306.6</ele>
        <time>2025-05-19T06:16:22</time>
      </trkpt>
      <trkpt lat="43.48879641853273" lon="27.123111449182034">
        <ele>306.79999999999995</ele>
        <time>2025-05-19T06:16:24</time>
      </trkpt>
      <trkpt lat="43.48852928727865" lon="27.123301550745964">
        <ele>307.20000000000005</ele>
        <time>2025-05-19T06:16:30</time>
      </trkpt>
      <trkpt lat="43.488040287047625" lon="27.123662140220404">
        <ele>307.6</ele>
        <time>2025-05-19T06:16:41</time>
      </trkpt>
      <trkpt lat="43.48790525458753" lon="27.123761465772986">
        <ele>307.79999999999995</ele>
        <time>2025-05-19T06:16:44</time>
      </trkpt>
      <trkpt lat="43.48785974085331" lon="27.123794993385673">
        <ele>307.79999999999995</ele>
        <time>2025-05-19T06:16:45</time>
      </trkpt>
      <trkpt lat="43.48753301426768" lon="27.124028261750937">
        <ele>307.79999999999995</ele>
        <time>2025-05-19T06:16:52</time>
      </trkpt>
      <trkpt lat="43.48701450973749" lon="27.124402429908514">
        <ele>308.20000000000005</ele>
        <time>2025-05-19T06:17:03</time>
      </trkpt>
      <trkpt lat="43.486545626074076" lon="27.124749775975943">
        <ele>308.0</ele>
        <time>2025-05-19T06:17:13</time>
      </trkpt>
      <trkpt lat="43.48609300330281" lon="27.12509226053953">
        <ele>308.0</ele>
        <time>2025-05-19T06:17:22</time>
      </trkpt>
      <trkpt lat="43.485656809061766" lon="27.12550356052816">
        <ele>307.0</ele>
        <time>2025-05-19T06:17:30</time>
      </trkpt>
      <trkpt lat="43.48545916378498" lon="27.12565208785236">
        <ele>306.6</ele>
        <time>2025-05-19T06:17:33</time>
      </trkpt>
      <trkpt lat="43.48523578606546" lon="27.12578267790377">
        <ele>305.4</ele>
        <time>2025-05-19T06:17:36</time>
      </trkpt>
      <trkpt lat="43.48515716381371" lon="27.125820564106107">
        <ele>305.4</ele>
        <time>2025-05-19T06:17:37</time>
      </trkpt>
      <trkpt lat="43.48464762791991" lon="27.126032458618283">
        <ele>304.0</ele>
        <time>2025-05-19T06:17:43</time>
      </trkpt>
      <trkpt lat="43.48455810919404" lon="27.126068752259016">
        <ele>303.6</ele>
        <time>2025-05-19T06:17:44</time>
      </trkpt>
      <trkpt lat="43.484377562999725" lon="27.126140501350164">
        <ele>303.0</ele>
        <time>2025-05-19T06:17:46</time>
      </trkpt>
      <trkpt lat="43.484192825853825" lon="27.126212501898408">
        <ele>301.4</ele>
        <time>2025-05-19T06:17:48</time>
      </trkpt>
      <trkpt lat="43.4840043168515" lon="27.126287017017603">
        <ele>300.4</ele>
        <time>2025-05-19T06:17:50</time>
      </trkpt>
      <trkpt lat="43.483816143125296" lon="27.12636404670775">
        <ele>299.20000000000005</ele>
        <time>2025-05-19T06:17:52</time>
      </trkpt>
      <trkpt lat="43.48372302018106" lon="27.12640067562461">
        <ele>298.6</ele>
        <time>2025-05-19T06:17:53</time>
      </trkpt>
      <trkpt lat="43.48363224416971" lon="27.12643688544631">
        <ele>298.20000000000005</ele>
        <time>2025-05-19T06:17:54</time>
      </trkpt>
      <trkpt lat="43.483456475660205" lon="27.1265150886029">
        <ele>296.6</ele>
        <time>2025-05-19T06:17:56</time>
      </trkpt>
      <trkpt lat="43.48328749649227" lon="27.126604774966836">
        <ele>295.6</ele>
        <time>2025-05-19T06:17:58</time>
      </trkpt>
      <trkpt lat="43.48320501856506" lon="27.126654479652643">
        <ele>295.0</ele>
        <time>2025-05-19T06:17:59</time>
      </trkpt>
      <trkpt lat="43.48304785788059" lon="27.126762438565493">
        <ele>294.0</ele>
        <time>2025-05-19T06:18:01</time>
      </trkpt>
      <trkpt lat="43.482902934774756" lon="27.12687567807734">
        <ele>293.0</ele>
        <time>2025-05-19T06:18:03</time>
      </trkpt>
      <trkpt lat="43.48276681266725" lon="27.126986989751458">
        <ele>292.4</ele>
        <time>2025-05-19T06:18:05</time>
      </trkpt>
      <trkpt lat="43.48257319070399" lon="27.127138786017895">
        <ele>292.0</ele>
        <time>2025-05-19T06:18:08</time>
      </trkpt>
      <trkpt lat="43.48234453238547" lon="27.127324445173144">
        <ele>292.0</ele>
        <time>2025-05-19T06:18:12</time>
      </trkpt>
      <trkpt lat="43.48201420158148" lon="27.127594845369458">
        <ele>292.20000000000005</ele>
        <time>2025-05-19T06:18:19</time>
      </trkpt>
      <trkpt lat="43.48185511305928" lon="27.127728033810854">
        <ele>293.4</ele>
        <time>2025-05-19T06:18:23</time>
      </trkpt>
      <trkpt lat="43.481709016487" lon="27.12784554809332">
        <ele>294.4</ele>
        <time>2025-05-19T06:18:27</time>
      </trkpt>
      <trkpt lat="43.4815417136997" lon="27.12798778899014">
        <ele>295.4</ele>
        <time>2025-05-19T06:18:32</time>
      </trkpt>
      <trkpt lat="43.48137524910271" lon="27.128121815621853">
        <ele>296.20000000000005</ele>
        <time>2025-05-19T06:18:37</time>
      </trkpt>
      <trkpt lat="43.48131154663861" lon="27.12817495688796">
        <ele>296.6</ele>
        <time>2025-05-19T06:18:39</time>
      </trkpt>
      <trkpt lat="43.48111867904663" lon="27.12833471596241">
        <ele>297.79999999999995</ele>
        <time>2025-05-19T06:18:45</time>
      </trkpt>
      <trkpt lat="43.481054389849305" lon="27.12838852778077">
        <ele>298.20000000000005</ele>
        <time>2025-05-19T06:18:47</time>
      </trkpt>
      <trkpt lat="43.48086881451309" lon="27.12853839620948">
        <ele>298.79999999999995</ele>
        <time>2025-05-19T06:18:53</time>
      </trkpt>
      <trkpt lat="43.480777870863676" lon="27.12861525826156">
        <ele>299.4</ele>
        <time>2025-05-19T06:18:56</time>
      </trkpt>
      <trkpt lat="43.4806555788964" lon="27.128717433661222">
        <ele>300.0</ele>
        <time>2025-05-19T06:19:00</time>
      </trkpt>
      <trkpt lat="43.48050487227738" lon="27.128839557990432">
        <ele>301.0</ele>
        <time>2025-05-19T06:19:05</time>
      </trkpt>
      <trkpt lat="43.480474865064025" lon="27.128863781690598">
        <ele>301.20000000000005</ele>
        <time>2025-05-19T06:19:06</time>
      </trkpt>
      <trkpt lat="43.48029934801161" lon="27.129011303186417">
        <ele>302.20000000000005</ele>
        <time>2025-05-19T06:19:12</time>
      </trkpt>
      <trkpt lat="43.480213936418295" lon="27.129083639010787">
        <ele>302.79999999999995</ele>
        <time>2025-05-19T06:19:15</time>
      </trkpt>
      <trkpt lat="43.480124585330486" lon="27.129156896844506">
        <ele>303.4</ele>
        <time>2025-05-19T06:19:18</time>
      </trkpt>
      <trkpt lat="43.479928113520145" lon="27.129321433603764">
        <ele>304.20000000000005</ele>
        <time>2025-05-19T06:19:25</time>
      </trkpt>
      <trkpt lat="43.47987396642566" lon="27.129363678395748">
        <ele>304.4</ele>
        <time>2025-05-19T06:19:27</time>
      </trkpt>
      <trkpt lat="43.47971345297992" lon="27.129492675885558">
        <ele>305.4</ele>
        <time>2025-05-19T06:19:33</time>
      </trkpt>
      <trkpt lat="43.47968746908009" lon="27.1295147202909">
        <ele>305.6</ele>
        <time>2025-05-19T06:19:34</time>
      </trkpt>
      <trkpt lat="43.47947540692985" lon="27.12968822568655">
        <ele>306.4</ele>
        <time>2025-05-19T06:19:42</time>
      </trkpt>
      <trkpt lat="43.479421930387616" lon="27.129732901230454">
        <ele>306.79999999999995</ele>
        <time>2025-05-19T06:19:44</time>
      </trkpt>
      <trkpt lat="43.47923677414656" lon="27.129881512373686">
        <ele>307.79999999999995</ele>
        <time>2025-05-19T06:19:51</time>
      </trkpt>
      <trkpt lat="43.47904927097261" lon="27.130035823211074">
        <ele>308.79999999999995</ele>
        <time>2025-05-19T06:19:58</time>
      </trkpt>
      <trkpt lat="43.478970313444734" lon="27.13010212406516">
        <ele>309.4</ele>
        <time>2025-05-19T06:20:01</time>
      </trkpt>
      <trkpt lat="43.478890182450414" lon="27.13016213849187">
        <ele>310.0</ele>
        <time>2025-05-19T06:20:04</time>
      </trkpt>
      <trkpt lat="43.478784151375294" lon="27.130247298628092">
        <ele>310.79999999999995</ele>
        <time>2025-05-19T06:20:08</time>
      </trkpt>
      <trkpt lat="43.478731010109186" lon="27.130291555076838">
        <ele>311.0</ele>
        <time>2025-05-19T06:20:10</time>
      </trkpt>
      <trkpt lat="43.478573095053434" lon="27.13042021729052">
        <ele>311.79999999999995</ele>
        <time>2025-05-19T06:20:16</time>
      </trkpt>
      <trkpt lat="43.47849522717297" lon="27.130489200353622">
        <ele>312.20000000000005</ele>
        <time>2025-05-19T06:20:19</time>
      </trkpt>
      <trkpt lat="43.47835650667548" lon="27.13059992529452">
        <ele>313.0</ele>
        <time>2025-05-19T06:20:24</time>
      </trkpt>
      <trkpt lat="43.47830353304744" lon="27.130647199228406">
        <ele>313.4</ele>
        <time>2025-05-19T06:20:26</time>
      </trkpt>
      <trkpt lat="43.47812684252858" lon="27.130790948867798">
        <ele>314.4</ele>
        <time>2025-05-19T06:20:32</time>
      </trkpt>
      <trkpt lat="43.4779167920351" lon="27.130963364616036">
        <ele>315.4</ele>
        <time>2025-05-19T06:20:39</time>
      </trkpt>
      <trkpt lat="43.477886617183685" lon="27.130989348515868">
        <ele>315.6</ele>
        <time>2025-05-19T06:20:40</time>
      </trkpt>
      <trkpt lat="43.477734653279185" lon="27.13111063465476">
        <ele>316.4</ele>
        <time>2025-05-19T06:20:45</time>
      </trkpt>
      <trkpt lat="43.477617306634784" lon="27.131210966035724">
        <ele>317.0</ele>
        <time>2025-05-19T06:20:49</time>
      </trkpt>
      <trkpt lat="43.47749945707619" lon="27.131305262446404">
        <ele>317.6</ele>
        <time>2025-05-19T06:20:53</time>
      </trkpt>
      <trkpt lat="43.4773522708565" lon="27.131435684859753">
        <ele>318.4</ele>
        <time>2025-05-19T06:20:58</time>
      </trkpt>
      <trkpt lat="43.477322263643146" lon="27.131459405645728">
        <ele>318.6</ele>
        <time>2025-05-19T06:20:59</time>
      </trkpt>
      <trkpt lat="43.47714414820075" lon="27.13160357438028">
        <ele>319.4</ele>
        <time>2025-05-19T06:21:05</time>
      </trkpt>
      <trkpt lat="43.4770861454308" lon="27.131653362885118">
        <ele>319.79999999999995</ele>
        <time>2025-05-19T06:21:07</time>
      </trkpt>
      <trkpt lat="43.476880956441164" lon="27.13182594627142">
        <ele>320.6</ele>
        <time>2025-05-19T06:21:14</time>
      </trkpt>
      <trkpt lat="43.47682471387088" lon="27.13187774643302">
        <ele>321.20000000000005</ele>
        <time>2025-05-19T06:21:16</time>
      </trkpt>
      <trkpt lat="43.47664626315236" lon="27.132022753357887">
        <ele>321.6</ele>
        <time>2025-05-19T06:21:22</time>
      </trkpt>
      <trkpt lat="43.47643990069628" lon="27.132194247096777">
        <ele>322.4</ele>
        <time>2025-05-19T06:21:29</time>
      </trkpt>
      <trkpt lat="43.476382652297616" lon="27.132240179926157">
        <ele>322.79999999999995</ele>
        <time>2025-05-19T06:21:31</time>
      </trkpt>
      <trkpt lat="43.47617897205055" lon="27.132416451349854">
        <ele>323.4</ele>
        <time>2025-05-19T06:21:38</time>
      </trkpt>
      <trkpt lat="43.47605592571199" lon="27.13251351378858">
        <ele>323.79999999999995</ele>
        <time>2025-05-19T06:21:42</time>
      </trkpt>
      <trkpt lat="43.47596229985356" lon="27.132593477144837">
        <ele>324.20000000000005</ele>
        <time>2025-05-19T06:21:45</time>
      </trkpt>
      <trkpt lat="43.475797260180116" lon="27.132724653929472">
        <ele>324.79999999999995</ele>
        <time>2025-05-19T06:21:50</time>
      </trkpt>
      <trkpt lat="43.47566264681518" lon="27.13283495977521">
        <ele>325.20000000000005</ele>
        <time>2025-05-19T06:21:54</time>
      </trkpt>
      <trkpt lat="43.47545695491135" lon="27.133012069389224">
        <ele>325.79999999999995</ele>
        <time>2025-05-19T06:22:00</time>
      </trkpt>
      <trkpt lat="43.47530842758715" lon="27.133133355528116">
        <ele>326.0</ele>
        <time>2025-05-19T06:22:04</time>
      </trkpt>
      <trkpt lat="43.474864941090345" lon="27.13343837298453">
        <ele>326.6</ele>
        <time>2025-05-19T06:22:15</time>
      </trkpt>
      <trkpt lat="43.47473502159119" lon="27.133495286107063">
        <ele>326.79999999999995</ele>
        <time>2025-05-19T06:22:18</time>
      </trkpt>
      <trkpt lat="43.47455472685397" lon="27.13354792445898">
        <ele>327.20000000000005</ele>
        <time>2025-05-19T06:22:22</time>
      </trkpt>
      <trkpt lat="43.47419832833111" lon="27.133657224476337">
        <ele>328.0</ele>
        <time>2025-05-19T06:22:30</time>
      </trkpt>
      <trkpt lat="43.47401836887002" lon="27.133709862828255">
        <ele>328.20000000000005</ele>
        <time>2025-05-19T06:22:34</time>
      </trkpt>
      <trkpt lat="43.47371050156653" lon="27.133805667981505">
        <ele>329.0</ele>
        <time>2025-05-19T06:22:41</time>
      </trkpt>
      <trkpt lat="43.47355258651078" lon="27.133864425122738">
        <ele>329.4</ele>
        <time>2025-05-19T06:22:45</time>
      </trkpt>
      <trkpt lat="43.47324689850211" lon="27.133950926363468">
        <ele>329.4</ele>
        <time>2025-05-19T06:22:52</time>
      </trkpt>
      <trkpt lat="43.4728538710624" lon="27.134078247472644">
        <ele>329.4</ele>
        <time>2025-05-19T06:23:01</time>
      </trkpt>
      <trkpt lat="43.47251038067043" lon="27.134174639359117">
        <ele>328.20000000000005</ele>
        <time>2025-05-19T06:23:07</time>
      </trkpt>
      <trkpt lat="43.47237744368613" lon="27.134218560531735">
        <ele>327.6</ele>
        <time>2025-05-19T06:23:09</time>
      </trkpt>
      <trkpt lat="43.47216387279332" lon="27.134281676262617">
        <ele>326.20000000000005</ele>
        <time>2025-05-19T06:23:12</time>
      </trkpt>
      <trkpt lat="43.472012830898166" lon="27.134315706789494">
        <ele>325.79999999999995</ele>
        <time>2025-05-19T06:23:14</time>
      </trkpt>
      <trkpt lat="43.47177989780903" lon="27.134352922439575">
        <ele>325.0</ele>
        <time>2025-05-19T06:23:17</time>
      </trkpt>
      <trkpt lat="43.47154847346246" lon="27.134370524436235">
        <ele>323.79999999999995</ele>
        <time>2025-05-19T06:23:20</time>
      </trkpt>
      <trkpt lat="43.47139248624444" lon="27.134372955188155">
        <ele>323.20000000000005</ele>
        <time>2025-05-19T06:23:22</time>
      </trkpt>
      <trkpt lat="43.47123356536031" lon="27.134375302121043">
        <ele>322.6</ele>
        <time>2025-05-19T06:23:24</time>
      </trkpt>
      <trkpt lat="43.470989065244794" lon="27.134381253272295">
        <ele>321.4</ele>
        <time>2025-05-19T06:23:27</time>
      </trkpt>
      <trkpt lat="43.47073911689222" lon="27.134386282414198">
        <ele>320.4</ele>
        <time>2025-05-19T06:23:30</time>
      </trkpt>
      <trkpt lat="43.47056904807687" lon="27.134390473365784">
        <ele>319.4</ele>
        <time>2025-05-19T06:23:32</time>
      </trkpt>
      <trkpt lat="43.470483385026455" lon="27.134392065927386">
        <ele>319.20000000000005</ele>
        <time>2025-05-19T06:23:33</time>
      </trkpt>
      <trkpt lat="43.47013964317739" lon="27.134396843612194">
        <ele>318.0</ele>
        <time>2025-05-19T06:23:37</time>
      </trkpt>
      <trkpt lat="43.469891119748354" lon="27.134403716772795">
        <ele>316.6</ele>
        <time>2025-05-19T06:23:40</time>
      </trkpt>
      <trkpt lat="43.46981182694435" lon="27.13440740481019">
        <ele>316.0</ele>
        <time>2025-05-19T06:23:41</time>
      </trkpt>
      <trkpt lat="43.469734294340014" lon="27.134410589933395">
        <ele>315.20000000000005</ele>
        <time>2025-05-19T06:23:42</time>
      </trkpt>
      <trkpt lat="43.4695088211447" lon="27.134415870532393">
        <ele>314.0</ele>
        <time>2025-05-19T06:23:45</time>
      </trkpt>
      <trkpt lat="43.46921478398144" lon="27.134436406195164">
        <ele>312.6</ele>
        <time>2025-05-19T06:23:49</time>
      </trkpt>
      <trkpt lat="43.46865897998214" lon="27.134515028446913">
        <ele>311.79999999999995</ele>
        <time>2025-05-19T06:23:57</time>
      </trkpt>
      <trkpt lat="43.46852847374976" lon="27.134539084509015">
        <ele>311.79999999999995</ele>
        <time>2025-05-19T06:23:59</time>
      </trkpt>
      <trkpt lat="43.46840299665928" lon="27.13456087745726">
        <ele>311.4</ele>
        <time>2025-05-19T06:24:01</time>
      </trkpt>
      <trkpt lat="43.467955654487014" lon="27.134616365656257">
        <ele>310.4</ele>
        <time>2025-05-19T06:24:08</time>
      </trkpt>
      <trkpt lat="43.46756757237017" lon="27.134610330685973">
        <ele>309.4</ele>
        <time>2025-05-19T06:24:14</time>
      </trkpt>
      <trkpt lat="43.46744251437485" lon="27.13459398597479">
        <ele>309.0</ele>
        <time>2025-05-19T06:24:16</time>
      </trkpt>
      <trkpt lat="43.46705527044833" lon="27.134536150842905">
        <ele>308.20000000000005</ele>
        <time>2025-05-19T06:24:22</time>
      </trkpt>
      <trkpt lat="43.46666400320828" lon="27.13448158465326">
        <ele>307.20000000000005</ele>
        <time>2025-05-19T06:24:28</time>
      </trkpt>
      <trkpt lat="43.4662121348083" lon="27.13434630073607">
        <ele>306.4</ele>
        <time>2025-05-19T06:24:35</time>
      </trkpt>
      <trkpt lat="43.466148767620325" lon="27.13431512005627">
        <ele>306.20000000000005</ele>
        <time>2025-05-19T06:24:36</time>
      </trkpt>
      <trkpt lat="43.46584785729647" lon="27.134134573861957">
        <ele>305.0</ele>
        <time>2025-05-19T06:24:41</time>
      </trkpt>
      <trkpt lat="43.46573671326041" lon="27.134053939953446">
        <ele>304.79999999999995</ele>
        <time>2025-05-19T06:24:43</time>
      </trkpt>
      <trkpt lat="43.465325916185975" lon="27.133763255551457">
        <ele>304.20000000000005</ele>
        <time>2025-05-19T06:24:51</time>
      </trkpt>
      <trkpt lat="43.46527688205242" lon="27.133727883920074">
        <ele>304.0</ele>
        <time>2025-05-19T06:24:52</time>
      </trkpt>
      <trkpt lat="43.4649842698127" lon="27.133477851748466">
        <ele>303.6</ele>
        <time>2025-05-19T06:24:58</time>
      </trkpt>
      <trkpt lat="43.46494202502072" lon="27.133420603349805">
        <ele>303.6</ele>
        <time>2025-05-19T06:24:59</time>
      </trkpt>
      <trkpt lat="43.46484060399234" lon="27.133217258378863">
        <ele>303.4</ele>
        <time>2025-05-19T06:25:02</time>
      </trkpt>
      <trkpt lat="43.46473826095462" lon="27.13301341049373">
        <ele>303.0</ele>
        <time>2025-05-19T06:25:05</time>
      </trkpt>
      <trkpt lat="43.46460088156164" lon="27.132730688899755">
        <ele>302.6</ele>
        <time>2025-05-19T06:25:09</time>
      </trkpt>
      <trkpt lat="43.46435084939003" lon="27.132216626778245">
        <ele>302.0</ele>
        <time>2025-05-19T06:25:16</time>
      </trkpt>
      <trkpt lat="43.46431480720639" lon="27.132138004526496">
        <ele>301.79999999999995</ele>
        <time>2025-05-19T06:25:17</time>
      </trkpt>
      <trkpt lat="43.46401138231158" lon="27.131513133645058">
        <ele>301.0</ele>
        <time>2025-05-19T06:25:25</time>
      </trkpt>
      <trkpt lat="43.46397751942277" lon="27.1314384508878">
        <ele>300.79999999999995</ele>
        <time>2025-05-19T06:25:26</time>
      </trkpt>
      <trkpt lat="43.46376805566251" lon="27.13099781423807">
        <ele>300.0</ele>
        <time>2025-05-19T06:25:32</time>
      </trkpt>
      <trkpt lat="43.46365548670292" lon="27.130779214203358">
        <ele>299.79999999999995</ele>
        <time>2025-05-19T06:25:35</time>
      </trkpt>
      <trkpt lat="43.4635512996465" lon="27.13056094944477">
        <ele>299.20000000000005</ele>
        <time>2025-05-19T06:25:38</time>
      </trkpt>
      <trkpt lat="43.463403694331646" lon="27.130254758521914">
        <ele>298.6</ele>
        <time>2025-05-19T06:25:42</time>
      </trkpt>
      <trkpt lat="43.46328601241112" lon="27.130018388852477">
        <ele>298.0</ele>
        <time>2025-05-19T06:25:45</time>
      </trkpt>
      <trkpt lat="43.46320831216872" lon="27.12985628284514">
        <ele>297.6</ele>
        <time>2025-05-19T06:25:47</time>
      </trkpt>
      <trkpt lat="43.46299750730395" lon="27.129467697814107">
        <ele>296.79999999999995</ele>
        <time>2025-05-19T06:25:52</time>
      </trkpt>
      <trkpt lat="43.46291813068092" lon="27.129325289279222">
        <ele>296.20000000000005</ele>
        <time>2025-05-19T06:25:54</time>
      </trkpt>
      <trkpt lat="43.462768429890275" lon="27.129041394218802">
        <ele>295.0</ele>
        <time>2025-05-19T06:25:58</time>
      </trkpt>
      <trkpt lat="43.46269492059946" lon="27.12890828959644">
        <ele>294.79999999999995</ele>
        <time>2025-05-19T06:26:00</time>
      </trkpt>
      <trkpt lat="43.46246525645256" lon="27.128502437844872">
        <ele>294.0</ele>
        <time>2025-05-19T06:26:06</time>
      </trkpt>
      <trkpt lat="43.46228395588696" lon="27.128209825605154">
        <ele>293.0</ele>
        <time>2025-05-19T06:26:11</time>
      </trkpt>
      <trkpt lat="43.46224380657077" lon="27.12815400213003">
        <ele>292.79999999999995</ele>
        <time>2025-05-19T06:26:12</time>
      </trkpt>
      <trkpt lat="43.46219829283655" lon="27.1281021181494">
        <ele>292.79999999999995</ele>
        <time>2025-05-19T06:26:13</time>
      </trkpt>
      <trkpt lat="43.461838625371456" lon="27.127764327451587">
        <ele>292.6</ele>
        <time>2025-05-19T06:26:20</time>
      </trkpt>
      <trkpt lat="43.46160611137748" lon="27.1275373455137">
        <ele>291.79999999999995</ele>
        <time>2025-05-19T06:26:24</time>
      </trkpt>
      <trkpt lat="43.461481388658285" lon="27.12741714902222">
        <ele>291.20000000000005</ele>
        <time>2025-05-19T06:26:26</time>
      </trkpt>
      <trkpt lat="43.46135255880654" lon="27.12729242630303">
        <ele>290.6</ele>
        <time>2025-05-19T06:26:28</time>
      </trkpt>
      <trkpt lat="43.46115726046264" lon="27.127100061625242">
        <ele>289.4</ele>
        <time>2025-05-19T06:26:31</time>
      </trkpt>
      <trkpt lat="43.46095483750105" lon="27.126905685290694">
        <ele>288.20000000000005</ele>
        <time>2025-05-19T06:26:34</time>
      </trkpt>
      <trkpt lat="43.460745960474014" lon="27.12670653127134">
        <ele>287.20000000000005</ele>
        <time>2025-05-19T06:26:37</time>
      </trkpt>
      <trkpt lat="43.460606737062335" lon="27.12657024152577">
        <ele>286.0</ele>
        <time>2025-05-19T06:26:39</time>
      </trkpt>
      <trkpt lat="43.460412193089724" lon="27.12636119686067">
        <ele>284.6</ele>
        <time>2025-05-19T06:26:42</time>
      </trkpt>
      <trkpt lat="43.46030213870108" lon="27.12622239254415">
        <ele>283.6</ele>
        <time>2025-05-19T06:26:44</time>
      </trkpt>
      <trkpt lat="43.46025159582496" lon="27.126154750585556">
        <ele>283.0</ele>
        <time>2025-05-19T06:26:45</time>
      </trkpt>
      <trkpt lat="43.46006853505969" lon="27.1259175427258">
        <ele>282.0</ele>
        <time>2025-05-19T06:26:49</time>
      </trkpt>
      <trkpt lat="43.46002880483866" lon="27.125868760049343">
        <ele>282.0</ele>
        <time>2025-05-19T06:26:50</time>
      </trkpt>
      <trkpt lat="43.45987608656287" lon="27.12566734291613">
        <ele>281.79999999999995</ele>
        <time>2025-05-19T06:26:55</time>
      </trkpt>
      <trkpt lat="43.459761925041676" lon="27.12551236152649">
        <ele>282.6</ele>
        <time>2025-05-19T06:27:01</time>
      </trkpt>
      <trkpt lat="43.45973426476121" lon="27.125468188896775">
        <ele>283.0</ele>
        <time>2025-05-19T06:27:03</time>
      </trkpt>
      <trkpt lat="43.45967818982899" lon="27.125385710969567">
        <ele>284.0</ele>
        <time>2025-05-19T06:27:07</time>
      </trkpt>
      <trkpt lat="43.45966444350779" lon="27.125361571088433">
        <ele>284.6</ele>
        <time>2025-05-19T06:27:08</time>
      </trkpt>
      <trkpt lat="43.45962965860963" lon="27.12531295605004">
        <ele>285.20000000000005</ele>
        <time>2025-05-19T06:27:10</time>
      </trkpt>
      <trkpt lat="43.45956704579294" lon="27.12522653862834">
        <ele>286.0</ele>
        <time>2025-05-19T06:27:14</time>
      </trkpt>
      <trkpt lat="43.459535110741854" lon="27.125180941075087">
        <ele>286.20000000000005</ele>
        <time>2025-05-19T06:27:16</time>
      </trkpt>
      <trkpt lat="43.45943151041865" lon="27.125040711835027">
        <ele>287.4</ele>
        <time>2025-05-19T06:27:22</time>
      </trkpt>
      <trkpt lat="43.45932623371482" lon="27.124894866719842">
        <ele>288.4</ele>
        <time>2025-05-19T06:27:28</time>
      </trkpt>
      <trkpt lat="43.45930628478527" lon="27.124871062114835">
        <ele>288.6</ele>
        <time>2025-05-19T06:27:29</time>
      </trkpt>
      <trkpt lat="43.45920570194721" lon="27.12481322698295">
        <ele>289.20000000000005</ele>
        <time>2025-05-19T06:27:33</time>
      </trkpt>
      <trkpt lat="43.45912364311516" lon="27.124815909191966">
        <ele>290.0</ele>
        <time>2025-05-19T06:27:36</time>
      </trkpt>
      <trkpt lat="43.45904007554054" lon="27.12484147399664">
        <ele>290.79999999999995</ele>
        <time>2025-05-19T06:27:39</time>
      </trkpt>
      <trkpt lat="43.458894062787294" lon="27.12493048980832">
        <ele>291.20000000000005</ele>
        <time>2025-05-19T06:27:44</time>
      </trkpt>
      <trkpt lat="43.45880152657628" lon="27.12498866021633">
        <ele>291.4</ele>
        <time>2025-05-19T06:27:47</time>
      </trkpt>
      <trkpt lat="43.45852458849549" lon="27.12511371821165">
        <ele>292.0</ele>
        <time>2025-05-19T06:27:55</time>
      </trkpt>
      <trkpt lat="43.458454264327884" lon="27.125146072357893">
        <ele>292.20000000000005</ele>
        <time>2025-05-19T06:27:57</time>
      </trkpt>
      <trkpt lat="43.45828151330352" lon="27.12520306929946">
        <ele>292.6</ele>
        <time>2025-05-19T06:28:02</time>
      </trkpt>
      <trkpt lat="43.458110857754946" lon="27.125254198908806">
        <ele>293.0</ele>
        <time>2025-05-19T06:28:07</time>
      </trkpt>
      <trkpt lat="43.45800700597465" lon="27.125288732349873">
        <ele>293.20000000000005</ele>
        <time>2025-05-19T06:28:10</time>
      </trkpt>
      <trkpt lat="43.45797163434327" lon="27.12529585696757">
        <ele>293.4</ele>
        <time>2025-05-19T06:28:11</time>
      </trkpt>
      <trkpt lat="43.45773434266448" lon="27.125356206670403">
        <ele>294.0</ele>
        <time>2025-05-19T06:28:18</time>
      </trkpt>
      <trkpt lat="43.457701401785016" lon="27.125365594401956">
        <ele>294.20000000000005</ele>
        <time>2025-05-19T06:28:19</time>
      </trkpt>
      <trkpt lat="43.45750627107918" lon="27.125417310744524">
        <ele>295.20000000000005</ele>
        <time>2025-05-19T06:28:25</time>
      </trkpt>
      <trkpt lat="43.4574413113296" lon="27.125431392341852">
        <ele>295.4</ele>
        <time>2025-05-19T06:28:27</time>
      </trkpt>
      <trkpt lat="43.45729211345315" lon="27.12547522969544">
        <ele>296.4</ele>
        <time>2025-05-19T06:28:32</time>
      </trkpt>
      <trkpt lat="43.45719890668988" lon="27.125501045957208">
        <ele>296.79999999999995</ele>
        <time>2025-05-19T06:28:35</time>
      </trkpt>
      <trkpt lat="43.45692867413163" lon="27.12557346560061">
        <ele>297.4</ele>
        <time>2025-05-19T06:28:44</time>
      </trkpt>
      <trkpt lat="43.45689984038472" lon="27.125585451722145">
        <ele>297.4</ele>
        <time>2025-05-19T06:28:45</time>
      </trkpt>
      <trkpt lat="43.45665190368891" lon="27.12567421607673">
        <ele>298.20000000000005</ele>
        <time>2025-05-19T06:28:53</time>
      </trkpt>
      <trkpt lat="43.4565884526819" lon="27.125696511939168">
        <ele>298.6</ele>
        <time>2025-05-19T06:28:55</time>
      </trkpt>
      <trkpt lat="43.45639650709927" lon="27.12575962767005">
        <ele>299.20000000000005</ele>
        <time>2025-05-19T06:29:01</time>
      </trkpt>
      <trkpt lat="43.45623138360679" lon="27.125804806128144">
        <ele>299.6</ele>
        <time>2025-05-19T06:29:06</time>
      </trkpt>
      <trkpt lat="43.45610230229795" lon="27.125827185809612">
        <ele>300.4</ele>
        <time>2025-05-19T06:29:10</time>
      </trkpt>
      <trkpt lat="43.45600842498243" lon="27.125846799463034">
        <ele>300.79999999999995</ele>
        <time>2025-05-19T06:29:13</time>
      </trkpt>
      <trkpt lat="43.455883618444204" lon="27.12587303481996">
        <ele>301.20000000000005</ele>
        <time>2025-05-19T06:29:17</time>
      </trkpt>
      <trkpt lat="43.45579334534705" lon="27.125894157215953">
        <ele>301.79999999999995</ele>
        <time>2025-05-19T06:29:20</time>
      </trkpt>
      <trkpt lat="43.455591509118676" lon="27.125942520797253">
        <ele>302.79999999999995</ele>
        <time>2025-05-19T06:29:27</time>
      </trkpt>
      <trkpt lat="43.455536188557744" lon="27.12595794349909">
        <ele>303.20000000000005</ele>
        <time>2025-05-19T06:29:29</time>
      </trkpt>
      <trkpt lat="43.45535379834473" lon="27.125992979854345">
        <ele>304.0</ele>
        <time>2025-05-19T06:29:35</time>
      </trkpt>
      <trkpt lat="43.455263525247574" lon="27.126016281545162">
        <ele>304.4</ele>
        <time>2025-05-19T06:29:38</time>
      </trkpt>
      <trkpt lat="43.45508842729032" lon="27.126060873270035">
        <ele>305.0</ele>
        <time>2025-05-19T06:29:44</time>
      </trkpt>
      <trkpt lat="43.45496906898916" lon="27.12608124129474">
        <ele>305.6</ele>
        <time>2025-05-19T06:29:48</time>
      </trkpt>
      <trkpt lat="43.4547923784703" lon="27.126126838847995">
        <ele>306.20000000000005</ele>
        <time>2025-05-19T06:29:54</time>
      </trkpt>
      <trkpt lat="43.45470177009702" lon="27.126145279034972">
        <ele>306.6</ele>
        <time>2025-05-19T06:29:57</time>
      </trkpt>
      <trkpt lat="43.454554080963135" lon="27.126175789162517">
        <ele>307.20000000000005</ele>
        <time>2025-05-19T06:30:02</time>
      </trkpt>
      <trkpt lat="43.4544662386179" lon="27.126200180500746">
        <ele>307.6</ele>
        <time>2025-05-19T06:30:05</time>
      </trkpt>
      <trkpt lat="43.454317543655634" lon="27.126230522990227">
        <ele>308.20000000000005</ele>
        <time>2025-05-19T06:30:10</time>
      </trkpt>
      <trkpt lat="43.45419902354479" lon="27.12624770589173">
        <ele>308.6</ele>
        <time>2025-05-19T06:30:14</time>
      </trkpt>
      <trkpt lat="43.45407891087234" lon="27.12626153603196">
        <ele>309.20000000000005</ele>
        <time>2025-05-19T06:30:18</time>
      </trkpt>
      <trkpt lat="43.45390004105866" lon="27.126291962340474">
        <ele>310.0</ele>
        <time>2025-05-19T06:30:24</time>
      </trkpt>
      <trkpt lat="43.45384086482227" lon="27.1262975782156">
        <ele>310.4</ele>
        <time>2025-05-19T06:30:26</time>
      </trkpt>
      <trkpt lat="43.45363995060325" lon="27.126308474689722">
        <ele>311.20000000000005</ele>
        <time>2025-05-19T06:30:33</time>
      </trkpt>
      <trkpt lat="43.45358102582395" lon="27.12631526403129">
        <ele>311.4</ele>
        <time>2025-05-19T06:30:35</time>
      </trkpt>
      <trkpt lat="43.45338933169842" lon="27.126326579600573">
        <ele>311.79999999999995</ele>
        <time>2025-05-19T06:30:41</time>
      </trkpt>
      <trkpt lat="43.45319487154484" lon="27.12633965536952">
        <ele>312.4</ele>
        <time>2025-05-19T06:30:47</time>
      </trkpt>
      <trkpt lat="43.453096551820636" lon="27.126341415569186">
        <ele>312.6</ele>
        <time>2025-05-19T06:30:50</time>
      </trkpt>
      <trkpt lat="43.452832186594605" lon="27.126334039494395">
        <ele>313.4</ele>
        <time>2025-05-19T06:30:58</time>
      </trkpt>
      <trkpt lat="43.452799413353205" lon="27.126331524923444">
        <ele>313.6</ele>
        <time>2025-05-19T06:30:59</time>
      </trkpt>
      <trkpt lat="43.45251350663602" lon="27.126286262646317">
        <ele>314.4</ele>
        <time>2025-05-19T06:31:08</time>
      </trkpt>
      <trkpt lat="43.45248249359429" lon="27.12628106586635">
        <ele>314.6</ele>
        <time>2025-05-19T06:31:09</time>
      </trkpt>
      <trkpt lat="43.45225718803704" lon="27.126235384494066">
        <ele>315.6</ele>
        <time>2025-05-19T06:31:17</time>
      </trkpt>
      <trkpt lat="43.4520173817873" lon="27.126183081418276">
        <ele>316.6</ele>
        <time>2025-05-19T06:31:25</time>
      </trkpt>
      <trkpt lat="43.45195636153221" lon="27.126166988164186">
        <ele>316.79999999999995</ele>
        <time>2025-05-19T06:31:27</time>
      </trkpt>
      <trkpt lat="43.45168311148882" lon="27.126108817756176">
        <ele>317.79999999999995</ele>
        <time>2025-05-19T06:31:36</time>
      </trkpt>
      <trkpt lat="43.45162301324308" lon="27.126094652339816">
        <ele>318.0</ele>
        <time>2025-05-19T06:31:38</time>
      </trkpt>
      <trkpt lat="43.451359402388334" lon="27.126013347879052">
        <ele>318.79999999999995</ele>
        <time>2025-05-19T06:31:47</time>
      </trkpt>
      <trkpt lat="43.451302321627736" lon="27.12599080055952">
        <ele>319.0</ele>
        <time>2025-05-19T06:31:49</time>
      </trkpt>
      <trkpt lat="43.45110232941806" lon="27.12590874172747">
        <ele>319.79999999999995</ele>
        <time>2025-05-19T06:31:56</time>
      </trkpt>
      <trkpt lat="43.45104491338134" lon="27.1258847694844">
        <ele>320.0</ele>
        <time>2025-05-19T06:31:58</time>
      </trkpt>
      <trkpt lat="43.450816506519914" lon="27.12577178142965">
        <ele>320.4</ele>
        <time>2025-05-19T06:32:06</time>
      </trkpt>
      <trkpt lat="43.45056907273829" lon="27.125636413693428">
        <ele>320.79999999999995</ele>
        <time>2025-05-19T06:32:15</time>
      </trkpt>
      <trkpt lat="43.45054208301008" lon="27.12562141008675">
        <ele>321.0</ele>
        <time>2025-05-19T06:32:16</time>
      </trkpt>
      <trkpt lat="43.45037570223212" lon="27.125529292970896">
        <ele>321.20000000000005</ele>
        <time>2025-05-19T06:32:22</time>
      </trkpt>
      <trkpt lat="43.45011066645384" lon="27.125380346551538">
        <ele>321.79999999999995</ele>
        <time>2025-05-19T06:32:31</time>
      </trkpt>
      <trkpt lat="43.45001502893865" lon="27.12532720528543">
        <ele>322.0</ele>
        <time>2025-05-19T06:32:34</time>
      </trkpt>
      <trkpt lat="43.44979458488524" lon="27.125195860862732">
        <ele>322.4</ele>
        <time>2025-05-19T06:32:41</time>
      </trkpt>
      <trkpt lat="43.44961931928992" lon="27.125040208920836">
        <ele>322.6</ele>
        <time>2025-05-19T06:32:47</time>
      </trkpt>
      <trkpt lat="43.44949174672365" lon="27.12487617507577">
        <ele>323.0</ele>
        <time>2025-05-19T06:32:52</time>
      </trkpt>
      <trkpt lat="43.44939694739878" lon="27.124730497598648">
        <ele>323.0</ele>
        <time>2025-05-19T06:32:56</time>
      </trkpt>
      <trkpt lat="43.449160158634186" lon="27.124336967244744">
        <ele>323.20000000000005</ele>
        <time>2025-05-19T06:33:05</time>
      </trkpt>
      <trkpt lat="43.44892823137343" lon="27.123959781602025">
        <ele>323.0</ele>
        <time>2025-05-19T06:33:13</time>
      </trkpt>
      <trkpt lat="43.44880015589297" lon="27.123815109953284">
        <ele>322.79999999999995</ele>
        <time>2025-05-19T06:33:18</time>
      </trkpt>
      <trkpt lat="43.44865900464356" lon="27.123494753614068">
        <ele>322.6</ele>
        <time>2025-05-19T06:33:25</time>
      </trkpt>
      <trkpt lat="43.44838893972337" lon="27.123049423098564">
        <ele>322.4</ele>
        <time>2025-05-19T06:33:35</time>
      </trkpt>
      <trkpt lat="43.44811032526195" lon="27.122698640450835">
        <ele>322.20000000000005</ele>
        <time>2025-05-19T06:33:44</time>
      </trkpt>
      <trkpt lat="43.447840344160795" lon="27.12249563075602">
        <ele>322.20000000000005</ele>
        <time>2025-05-19T06:33:51</time>
      </trkpt>
      <trkpt lat="43.447759207338095" lon="27.122445926070213">
        <ele>322.20000000000005</ele>
        <time>2025-05-19T06:33:55</time>
      </trkpt>
      <trkpt lat="43.44775107689202" lon="27.122440561652184">
        <ele>322.0</ele>
        <time>2025-05-19T06:33:58</time>
      </trkpt>
      <trkpt lat="43.44775174744427" lon="27.122442489489913">
        <ele>321.6</ele>
        <time>2025-05-19T06:34:02</time>
      </trkpt>
      <trkpt lat="43.44775166362524" lon="27.12244424968958">
        <ele>322.20000000000005</ele>
        <time>2025-05-19T06:34:27</time>
      </trkpt>
      <trkpt lat="43.447751412168145" lon="27.122445506975055">
        <ele>322.20000000000005</ele>
        <time>2025-05-19T06:35:15</time>
      </trkpt>
      <trkpt lat="43.44775199890137" lon="27.12244869209826">
        <ele>321.79999999999995</ele>
        <time>2025-05-19T06:35:39</time>
      </trkpt>
      <trkpt lat="43.44775266945362" lon="27.122448440641165">
        <ele>322.0</ele>
        <time>2025-05-19T06:36:07</time>
      </trkpt>
      <trkpt lat="43.44775325618684" lon="27.122448608279228">
        <ele>322.20000000000005</ele>
        <time>2025-05-19T06:36:19</time>
      </trkpt>
      <trkpt lat="43.44775426201522" lon="27.122450536116958">
        <ele>322.20000000000005</ele>
        <time>2025-05-19T06:37:06</time>
      </trkpt>
      <trkpt lat="43.44775451347232" lon="27.122450955212116">
        <ele>322.20000000000005</ele>
        <time>2025-05-19T06:37:34</time>
      </trkpt>
      <trkpt lat="43.447752837091684" lon="27.12245212867856">
        <ele>322.20000000000005</ele>
        <time>2025-05-19T06:37:56</time>
      </trkpt>
      <trkpt lat="43.447752920910716" lon="27.12245212867856">
        <ele>322.0</ele>
        <time>2025-05-19T06:37:57</time>
      </trkpt>
      <trkpt lat="43.44775459729135" lon="27.122452212497592">
        <ele>321.79999999999995</ele>
        <time>2025-05-19T06:38:36</time>
      </trkpt>
      <trkpt lat="43.44775350764394" lon="27.122453302145004">
        <ele>322.0</ele>
        <time>2025-05-19T06:39:06</time>
      </trkpt>
      <trkpt lat="43.44775350764394" lon="27.1224535536021">
        <ele>322.20000000000005</ele>
        <time>2025-05-19T06:39:29</time>
      </trkpt>
      <trkpt lat="43.44775426201522" lon="27.122452883049846">
        <ele>322.4</ele>
        <time>2025-05-19T06:39:56</time>
      </trkpt>
      <trkpt lat="43.447754848748446" lon="27.122453805059195">
        <ele>322.4</ele>
        <time>2025-05-19T06:40:24</time>
      </trkpt>
      <trkpt lat="43.44775493256748" lon="27.122453888878226">
        <ele>322.4</ele>
        <time>2025-05-19T06:40:31</time>
      </trkpt>
      <trkpt lat="43.44775468111038" lon="27.122448356822133">
        <ele>322.6</ele>
        <time>2025-05-19T06:40:57</time>
      </trkpt>
      <trkpt lat="43.44775660894811" lon="27.12242187000811">
        <ele>322.6</ele>
        <time>2025-05-19T06:40:59</time>
      </trkpt>
      <trkpt lat="43.4477539267391" lon="27.122366717085242">
        <ele>322.4</ele>
        <time>2025-05-19T06:41:02</time>
      </trkpt>
      <trkpt lat="43.447747975587845" lon="27.12235288694501">
        <ele>322.4</ele>
        <time>2025-05-19T06:41:03</time>
      </trkpt>
      <trkpt lat="43.44773607328534" lon="27.122336206957698">
        <ele>322.20000000000005</ele>
        <time>2025-05-19T06:41:10</time>
      </trkpt>
      <trkpt lat="43.44771637581289" lon="27.122327657416463">
        <ele>322.0</ele>
        <time>2025-05-19T06:41:23</time>
      </trkpt>
      <trkpt lat="43.447613110765815" lon="27.12223176844418">
        <ele>322.0</ele>
        <time>2025-05-19T06:41:28</time>
      </trkpt>
      <trkpt lat="43.44735813327134" lon="27.121982909739017">
        <ele>322.0</ele>
        <time>2025-05-19T06:41:37</time>
      </trkpt>
      <trkpt lat="43.44705638475716" lon="27.121697925031185">
        <ele>322.4</ele>
        <time>2025-05-19T06:41:47</time>
      </trkpt>
      <trkpt lat="43.44677341170609" lon="27.12142752483487">
        <ele>322.6</ele>
        <time>2025-05-19T06:41:56</time>
      </trkpt>
      <trkpt lat="43.4464378003031" lon="27.121103815734386">
        <ele>322.79999999999995</ele>
        <time>2025-05-19T06:42:06</time>
      </trkpt>
      <trkpt lat="43.44630058854818" lon="27.120968950912356">
        <ele>323.0</ele>
        <time>2025-05-19T06:42:10</time>
      </trkpt>
      <trkpt lat="43.44610394909978" lon="27.12075755931437">
        <ele>323.20000000000005</ele>
        <time>2025-05-19T06:42:16</time>
      </trkpt>
      <trkpt lat="43.445842768996954" lon="27.120385905727744">
        <ele>323.20000000000005</ele>
        <time>2025-05-19T06:42:25</time>
      </trkpt>
      <trkpt lat="43.44561444595456" lon="27.11989313364029">
        <ele>323.0</ele>
        <time>2025-05-19T06:42:35</time>
      </trkpt>
      <trkpt lat="43.44539903104305" lon="27.11938451975584">
        <ele>322.6</ele>
        <time>2025-05-19T06:42:45</time>
      </trkpt>
      <trkpt lat="43.4451909083873" lon="27.118876576423645">
        <ele>322.20000000000005</ele>
        <time>2025-05-19T06:42:54</time>
      </trkpt>
      <trkpt lat="43.4450960252434" lon="27.118647750467062">
        <ele>322.0</ele>
        <time>2025-05-19T06:42:58</time>
      </trkpt>
      <trkpt lat="43.44498161226511" lon="27.118364945054054">
        <ele>321.6</ele>
        <time>2025-05-19T06:43:03</time>
      </trkpt>
      <trkpt lat="43.44481196254492" lon="27.117992704734206">
        <ele>321.20000000000005</ele>
        <time>2025-05-19T06:43:10</time>
      </trkpt>
      <trkpt lat="43.44471079297364" lon="27.1177910361439">
        <ele>321.0</ele>
        <time>2025-05-19T06:43:14</time>
      </trkpt>
      <trkpt lat="43.44457768835127" lon="27.1175457816571">
        <ele>320.79999999999995</ele>
        <time>2025-05-19T06:43:19</time>
      </trkpt>
      <trkpt lat="43.444346683099866" lon="27.117119813337922">
        <ele>320.79999999999995</ele>
        <time>2025-05-19T06:43:28</time>
      </trkpt>
      <trkpt lat="43.444176614284515" lon="27.1168031450361">
        <ele>321.6</ele>
        <time>2025-05-19T06:43:36</time>
      </trkpt>
      <trkpt lat="43.44406840391457" lon="27.116601979359984">
        <ele>321.79999999999995</ele>
        <time>2025-05-19T06:43:42</time>
      </trkpt>
      <trkpt lat="43.44391291961074" lon="27.116311378777027">
        <ele>322.0</ele>
        <time>2025-05-19T06:43:51</time>
      </trkpt>
      <trkpt lat="43.44379624351859" lon="27.116092862561345">
        <ele>322.4</ele>
        <time>2025-05-19T06:43:58</time>
      </trkpt>
      <trkpt lat="43.443686943501234" lon="27.11588256061077">
        <ele>323.0</ele>
        <time>2025-05-19T06:44:05</time>
      </trkpt>
      <trkpt lat="43.4436715207994" lon="27.115849535912275">
        <ele>323.0</ele>
        <time>2025-05-19T06:44:06</time>
      </trkpt>
      <trkpt lat="43.44358786940575" lon="27.115681478753686">
        <ele>323.20000000000005</ele>
        <time>2025-05-19T06:44:11</time>
      </trkpt>
      <trkpt lat="43.443558029830456" lon="27.115607801824808">
        <ele>323.4</ele>
        <time>2025-05-19T06:44:13</time>
      </trkpt>
      <trkpt lat="43.44343548640609" lon="27.11527470499277">
        <ele>323.79999999999995</ele>
        <time>2025-05-19T06:44:21</time>
      </trkpt>
      <trkpt lat="43.443283857777715" lon="27.11480213329196">
        <ele>324.0</ele>
        <time>2025-05-19T06:44:30</time>
      </trkpt>
      <trkpt lat="43.44309409148991" lon="27.114191008731723">
        <ele>323.0</ele>
        <time>2025-05-19T06:44:40</time>
      </trkpt>
      <trkpt lat="43.442979427054524" lon="27.1136861667037">
        <ele>322.20000000000005</ele>
        <time>2025-05-19T06:44:47</time>
      </trkpt>
      <trkpt lat="43.442955035716295" lon="27.1135326102376">
        <ele>321.6</ele>
        <time>2025-05-19T06:44:49</time>
      </trkpt>
      <trkpt lat="43.44285671599209" lon="27.11288720369339">
        <ele>320.6</ele>
        <time>2025-05-19T06:44:57</time>
      </trkpt>
      <trkpt lat="43.44284389168024" lon="27.112802881747484">
        <ele>320.4</ele>
        <time>2025-05-19T06:44:58</time>
      </trkpt>
      <trkpt lat="43.44277775846422" lon="27.1123790089041">
        <ele>319.6</ele>
        <time>2025-05-19T06:45:03</time>
      </trkpt>
      <trkpt lat="43.44271229580045" lon="27.111955722793937">
        <ele>318.4</ele>
        <time>2025-05-19T06:45:08</time>
      </trkpt>
      <trkpt lat="43.44269880093634" lon="27.11187274195254">
        <ele>318.20000000000005</ele>
        <time>2025-05-19T06:45:09</time>
      </trkpt>
      <trkpt lat="43.44262897968292" lon="27.111422969028354">
        <ele>317.4</ele>
        <time>2025-05-19T06:45:15</time>
      </trkpt>
      <trkpt lat="43.44261875376105" lon="27.11135876365006">
        <ele>317.20000000000005</ele>
        <time>2025-05-19T06:45:16</time>
      </trkpt>
      <trkpt lat="43.442568546161056" lon="27.111034970730543">
        <ele>317.0</ele>
        <time>2025-05-19T06:45:22</time>
      </trkpt>
      <trkpt lat="43.442503083497286" lon="27.11062434129417">
        <ele>317.6</ele>
        <time>2025-05-19T06:45:31</time>
      </trkpt>
      <trkpt lat="43.44247316010296" lon="27.110447818413377">
        <ele>318.4</ele>
        <time>2025-05-19T06:45:35</time>
      </trkpt>
      <trkpt lat="43.44244080595672" lon="27.11023340933025">
        <ele>319.4</ele>
        <time>2025-05-19T06:45:40</time>
      </trkpt>
      <trkpt lat="43.44243552535772" lon="27.110195020213723">
        <ele>319.4</ele>
        <time>2025-05-19T06:45:41</time>
      </trkpt>
      <trkpt lat="43.44239981845021" lon="27.109964098781347">
        <ele>320.4</ele>
        <time>2025-05-19T06:45:47</time>
      </trkpt>
      <trkpt lat="43.44238372519612" lon="27.10988405160606">
        <ele>320.79999999999995</ele>
        <time>2025-05-19T06:45:49</time>
      </trkpt>
      <trkpt lat="43.44235137104988" lon="27.1096677146852">
        <ele>321.4</ele>
        <time>2025-05-19T06:45:54</time>
      </trkpt>
      <trkpt lat="43.44230971299112" lon="27.109397733584046">
        <ele>321.79999999999995</ele>
        <time>2025-05-19T06:46:00</time>
      </trkpt>
      <trkpt lat="43.4422346111387" lon="27.108943099156022">
        <ele>322.4</ele>
        <time>2025-05-19T06:46:10</time>
      </trkpt>
      <trkpt lat="43.44215137884021" lon="27.108405316248536">
        <ele>322.6</ele>
        <time>2025-05-19T06:46:21</time>
      </trkpt>
      <trkpt lat="43.44204945489764" lon="27.107933666557074">
        <ele>323.4</ele>
        <time>2025-05-19T06:46:31</time>
      </trkpt>
      <trkpt lat="43.442034870386124" lon="27.10788949392736">
        <ele>323.6</ele>
        <time>2025-05-19T06:46:32</time>
      </trkpt>
      <trkpt lat="43.44189698807895" lon="27.10762169212103">
        <ele>324.20000000000005</ele>
        <time>2025-05-19T06:46:39</time>
      </trkpt>
      <trkpt lat="43.44173890538514" lon="27.107442151755095">
        <ele>324.6</ele>
        <time>2025-05-19T06:46:45</time>
      </trkpt>
      <trkpt lat="43.44164913520217" lon="27.107378784567118">
        <ele>325.20000000000005</ele>
        <time>2025-05-19T06:46:48</time>
      </trkpt>
      <trkpt lat="43.44144847244024" lon="27.107286164537072">
        <ele>325.79999999999995</ele>
        <time>2025-05-19T06:46:54</time>
      </trkpt>
      <trkpt lat="43.44141175970435" lon="27.10727635771036">
        <ele>326.0</ele>
        <time>2025-05-19T06:46:55</time>
      </trkpt>
      <trkpt lat="43.44118259847164" lon="27.107265796512365">
        <ele>326.79999999999995</ele>
        <time>2025-05-19T06:47:01</time>
      </trkpt>
      <trkpt lat="43.44110573641956" lon="27.107267808169127">
        <ele>327.20000000000005</ele>
        <time>2025-05-19T06:47:03</time>
      </trkpt>
      <trkpt lat="43.440671721473336" lon="27.107272502034903">
        <ele>327.4</ele>
        <time>2025-05-19T06:47:14</time>
      </trkpt>
      <trkpt lat="43.440349185839295" lon="27.107267305254936">
        <ele>328.0</ele>
        <time>2025-05-19T06:47:22</time>
      </trkpt>
      <trkpt lat="43.44026830047369" lon="27.10726604796946">
        <ele>328.0</ele>
        <time>2025-05-19T06:47:24</time>
      </trkpt>
      <trkpt lat="43.439904022961855" lon="27.107265377417207">
        <ele>329.0</ele>
        <time>2025-05-19T06:47:33</time>
      </trkpt>
      <trkpt lat="43.43982263468206" lon="27.107268730178475">
        <ele>329.20000000000005</ele>
        <time>2025-05-19T06:47:35</time>
      </trkpt>
      <trkpt lat="43.439451567828655" lon="27.107271160930395">
        <ele>329.4</ele>
        <time>2025-05-19T06:47:44</time>
      </trkpt>
      <trkpt lat="43.439102126285434" lon="27.10726554505527">
        <ele>329.20000000000005</ele>
        <time>2025-05-19T06:47:51</time>
      </trkpt>
      <trkpt lat="43.43862595036626" lon="27.10725087672472">
        <ele>328.79999999999995</ele>
        <time>2025-05-19T06:47:59</time>
      </trkpt>
      <trkpt lat="43.43831607140601" lon="27.10729136131704">
        <ele>328.0</ele>
        <time>2025-05-19T06:48:04</time>
      </trkpt>
      <trkpt lat="43.43819696456194" lon="27.107310807332397">
        <ele>327.6</ele>
        <time>2025-05-19T06:48:06</time>
      </trkpt>
      <trkpt lat="43.43775540590286" lon="27.107407115399837">
        <ele>327.20000000000005</ele>
        <time>2025-05-19T06:48:14</time>
      </trkpt>
      <trkpt lat="43.437311416491866" lon="27.107496885582805">
        <ele>327.79999999999995</ele>
        <time>2025-05-19T06:48:23</time>
      </trkpt>
      <trkpt lat="43.436894500628114" lon="27.107580536976457">
        <ele>328.6</ele>
        <time>2025-05-19T06:48:32</time>
      </trkpt>
      <trkpt lat="43.43681269325316" lon="27.107595540583134">
        <ele>329.0</ele>
        <time>2025-05-19T06:48:34</time>
      </trkpt>
      <trkpt lat="43.43653332442045" lon="27.107649436220527">
        <ele>330.0</ele>
        <time>2025-05-19T06:48:41</time>
      </trkpt>
      <trkpt lat="43.43649376183748" lon="27.107659159228206">
        <ele>330.20000000000005</ele>
        <time>2025-05-19T06:48:42</time>
      </trkpt>
      <trkpt lat="43.43626870773733" lon="27.107714731246233">
        <ele>331.4</ele>
        <time>2025-05-19T06:48:48</time>
      </trkpt>
      <trkpt lat="43.43616628088057" lon="27.107740379869938">
        <ele>331.6</ele>
        <time>2025-05-19T06:48:51</time>
      </trkpt>
      <trkpt lat="43.43599755316973" lon="27.107785139232874">
        <ele>332.4</ele>
        <time>2025-05-19T06:48:56</time>
      </trkpt>
      <trkpt lat="43.435893869027495" lon="27.107815146446228">
        <ele>333.0</ele>
        <time>2025-05-19T06:48:59</time>
      </trkpt>
      <trkpt lat="43.4357590880245" lon="27.107853451743722">
        <ele>333.6</ele>
        <time>2025-05-19T06:49:03</time>
      </trkpt>
      <trkpt lat="43.43565791845322" lon="27.10788454860449">
        <ele>334.0</ele>
        <time>2025-05-19T06:49:06</time>
      </trkpt>
      <trkpt lat="43.435446778312325" lon="27.107934169471264">
        <ele>334.79999999999995</ele>
        <time>2025-05-19T06:49:12</time>
      </trkpt>
      <trkpt lat="43.43537419103086" lon="27.107954788953066">
        <ele>335.20000000000005</ele>
        <time>2025-05-19T06:49:14</time>
      </trkpt>
      <trkpt lat="43.43518794514239" lon="27.108004577457905">
        <ele>336.0</ele>
        <time>2025-05-19T06:49:19</time>
      </trkpt>
      <trkpt lat="43.43494419939816" lon="27.108054449781775">
        <ele>336.79999999999995</ele>
        <time>2025-05-19T06:49:25</time>
      </trkpt>
      <trkpt lat="43.43454781919718" lon="27.108133239671588">
        <ele>336.79999999999995</ele>
        <time>2025-05-19T06:49:34</time>
      </trkpt>
      <trkpt lat="43.43437791801989" lon="27.108185039833188">
        <ele>337.0</ele>
        <time>2025-05-19T06:49:38</time>
      </trkpt>
      <trkpt lat="43.43424741178751" lon="27.108242623507977">
        <ele>337.0</ele>
        <time>2025-05-19T06:49:41</time>
      </trkpt>
      <trkpt lat="43.43388129025698" lon="27.108487375080585">
        <ele>336.79999999999995</ele>
        <time>2025-05-19T06:49:49</time>
      </trkpt>
      <trkpt lat="43.43353545293212" lon="27.10872793570161">
        <ele>336.20000000000005</ele>
        <time>2025-05-19T06:49:56</time>
      </trkpt>
      <trkpt lat="43.43334543518722" lon="27.10885701701045">
        <ele>335.79999999999995</ele>
        <time>2025-05-19T06:50:00</time>
      </trkpt>
      <trkpt lat="43.433096408843994" lon="27.109024738892913">
        <ele>335.4</ele>
        <time>2025-05-19T06:50:05</time>
      </trkpt>
      <trkpt lat="43.432603385299444" lon="27.10935682989657">
        <ele>335.20000000000005</ele>
        <time>2025-05-19T06:50:14</time>
      </trkpt>
      <trkpt lat="43.43231135979295" lon="27.109528072178364">
        <ele>334.79999999999995</ele>
        <time>2025-05-19T06:50:19</time>
      </trkpt>
      <trkpt lat="43.43213081359863" lon="27.109600575640798">
        <ele>334.20000000000005</ele>
        <time>2025-05-19T06:50:22</time>
      </trkpt>
      <trkpt lat="43.432012125849724" lon="27.109635611996055">
        <ele>333.79999999999995</ele>
        <time>2025-05-19T06:50:24</time>
      </trkpt>
      <trkpt lat="43.43164114281535" lon="27.109721610322595">
        <ele>333.20000000000005</ele>
        <time>2025-05-19T06:50:30</time>
      </trkpt>
      <trkpt lat="43.431114088743925" lon="27.109844321385026">
        <ele>332.79999999999995</ele>
        <time>2025-05-19T06:50:38</time>
      </trkpt>
      <trkpt lat="43.43091116286814" lon="27.109889248386025">
        <ele>332.4</ele>
        <time>2025-05-19T06:50:41</time>
      </trkpt>
      <trkpt lat="43.43057546764612" lon="27.10997407324612">
        <ele>331.6</ele>
        <time>2025-05-19T06:50:46</time>
      </trkpt>
      <trkpt lat="43.43032132834196" lon="27.110031321644783">
        <ele>331.6</ele>
        <time>2025-05-19T06:50:50</time>
      </trkpt>
      <trkpt lat="43.42979125678539" lon="27.110168365761638">
        <ele>332.20000000000005</ele>
        <time>2025-05-19T06:50:59</time>
      </trkpt>
      <trkpt lat="43.429208882153034" lon="27.110306415706873">
        <ele>332.20000000000005</ele>
        <time>2025-05-19T06:51:09</time>
      </trkpt>
      <trkpt lat="43.429148867726326" lon="27.110315719619393">
        <ele>332.20000000000005</ele>
        <time>2025-05-19T06:51:10</time>
      </trkpt>
      <trkpt lat="43.428784338757396" lon="27.11028872989118">
        <ele>332.0</ele>
        <time>2025-05-19T06:51:16</time>
      </trkpt>
      <trkpt lat="43.428341606631875" lon="27.11012109182775">
        <ele>331.6</ele>
        <time>2025-05-19T06:51:23</time>
      </trkpt>
      <trkpt lat="43.428142704069614" lon="27.11004054173827">
        <ele>330.6</ele>
        <time>2025-05-19T06:51:26</time>
      </trkpt>
      <trkpt lat="43.42786551453173" lon="27.109926799312234">
        <ele>329.6</ele>
        <time>2025-05-19T06:51:30</time>
      </trkpt>
      <trkpt lat="43.42765764333308" lon="27.109842309728265">
        <ele>328.79999999999995</ele>
        <time>2025-05-19T06:51:33</time>
      </trkpt>
      <trkpt lat="43.42752093449235" lon="27.10978925228119">
        <ele>328.20000000000005</ele>
        <time>2025-05-19T06:51:35</time>
      </trkpt>
      <trkpt lat="43.42732320539653" lon="27.109711803495884">
        <ele>327.0</ele>
        <time>2025-05-19T06:51:38</time>
      </trkpt>
      <trkpt lat="43.42713427729905" lon="27.10963737219572">
        <ele>326.20000000000005</ele>
        <time>2025-05-19T06:51:41</time>
      </trkpt>
      <trkpt lat="43.427013577893376" lon="27.10958708077669">
        <ele>325.79999999999995</ele>
        <time>2025-05-19T06:51:43</time>
      </trkpt>
      <trkpt lat="43.42677838169038" lon="27.10949311964214">
        <ele>324.79999999999995</ele>
        <time>2025-05-19T06:51:47</time>
      </trkpt>
      <trkpt lat="43.42655190266669" lon="27.10940385237336">
        <ele>324.4</ele>
        <time>2025-05-19T06:51:51</time>
      </trkpt>
      <trkpt lat="43.42605938203633" lon="27.109210565686226">
        <ele>323.6</ele>
        <time>2025-05-19T06:52:00</time>
      </trkpt>
      <trkpt lat="43.426005486398935" lon="27.10918835364282">
        <ele>323.6</ele>
        <time>2025-05-19T06:52:01</time>
      </trkpt>
      <trkpt lat="43.42573391273618" lon="27.109083831310272">
        <ele>322.6</ele>
        <time>2025-05-19T06:52:06</time>
      </trkpt>
      <trkpt lat="43.425511457026005" lon="27.108998503535986">
        <ele>322.4</ele>
        <time>2025-05-19T06:52:10</time>
      </trkpt>
      <trkpt lat="43.425029665231705" lon="27.108790380880237">
        <ele>321.79999999999995</ele>
        <time>2025-05-19T06:52:19</time>
      </trkpt>
      <trkpt lat="43.42473152093589" lon="27.1085746306926">
        <ele>321.6</ele>
        <time>2025-05-19T06:52:25</time>
      </trkpt>
      <trkpt lat="43.42463898472488" lon="27.108492152765393">
        <ele>321.4</ele>
        <time>2025-05-19T06:52:27</time>
      </trkpt>
      <trkpt lat="43.42449666000903" lon="27.108371453359723">
        <ele>320.4</ele>
        <time>2025-05-19T06:52:30</time>
      </trkpt>
      <trkpt lat="43.424111595377326" lon="27.10803022608161">
        <ele>319.20000000000005</ele>
        <time>2025-05-19T06:52:38</time>
      </trkpt>
      <trkpt lat="43.423856953158975" lon="27.107803914695978">
        <ele>318.0</ele>
        <time>2025-05-19T06:52:43</time>
      </trkpt>
      <trkpt lat="43.423654614016414" lon="27.107625463977456">
        <ele>317.0</ele>
        <time>2025-05-19T06:52:47</time>
      </trkpt>
      <trkpt lat="43.42355126515031" lon="27.10753669962287">
        <ele>316.6</ele>
        <time>2025-05-19T06:52:49</time>
      </trkpt>
      <trkpt lat="43.42324431985617" lon="27.107265880331397">
        <ele>315.79999999999995</ele>
        <time>2025-05-19T06:52:55</time>
      </trkpt>
      <trkpt lat="43.42304717749357" lon="27.10709011182189">
        <ele>315.20000000000005</ele>
        <time>2025-05-19T06:52:59</time>
      </trkpt>
      <trkpt lat="43.42289110645652" lon="27.106956504285336">
        <ele>314.6</ele>
        <time>2025-05-19T06:53:02</time>
      </trkpt>
      <trkpt lat="43.42263026162982" lon="27.106728432700038">
        <ele>314.4</ele>
        <time>2025-05-19T06:53:07</time>
      </trkpt>
      <trkpt lat="43.422385677695274" lon="27.10650773718953">
        <ele>313.6</ele>
        <time>2025-05-19T06:53:12</time>
      </trkpt>
      <trkpt lat="43.422132041305304" lon="27.1062848623842">
        <ele>312.79999999999995</ele>
        <time>2025-05-19T06:53:17</time>
      </trkpt>
      <trkpt lat="43.4220286924392" lon="27.106191236525774">
        <ele>312.6</ele>
        <time>2025-05-19T06:53:19</time>
      </trkpt>
      <trkpt lat="43.42165938578546" lon="27.105860905721784">
        <ele>312.0</ele>
        <time>2025-05-19T06:53:26</time>
      </trkpt>
      <trkpt lat="43.421505745500326" lon="27.10571120493114">
        <ele>311.6</ele>
        <time>2025-05-19T06:53:29</time>
      </trkpt>
      <trkpt lat="43.42126501724124" lon="27.105425968766212">
        <ele>310.79999999999995</ele>
        <time>2025-05-19T06:53:34</time>
      </trkpt>
      <trkpt lat="43.42102797701955" lon="27.105124052613974">
        <ele>310.4</ele>
        <time>2025-05-19T06:53:39</time>
      </trkpt>
      <trkpt lat="43.42069286853075" lon="27.1046962402761">
        <ele>309.4</ele>
        <time>2025-05-19T06:53:46</time>
      </trkpt>
      <trkpt lat="43.42025013640523" lon="27.104140520095825">
        <ele>308.20000000000005</ele>
        <time>2025-05-19T06:53:55</time>
      </trkpt>
      <trkpt lat="43.42020269483328" lon="27.104084361344576">
        <ele>308.0</ele>
        <time>2025-05-19T06:53:56</time>
      </trkpt>
      <trkpt lat="43.41992927715182" lon="27.103771548718214">
        <ele>307.20000000000005</ele>
        <time>2025-05-19T06:54:02</time>
      </trkpt>
      <trkpt lat="43.4198422729969" lon="27.103673815727234">
        <ele>307.0</ele>
        <time>2025-05-19T06:54:04</time>
      </trkpt>
      <trkpt lat="43.41940817423165" lon="27.103199064731598">
        <ele>306.79999999999995</ele>
        <time>2025-05-19T06:54:14</time>
      </trkpt>
      <trkpt lat="43.419016571715474" lon="27.102844510227442">
        <ele>306.79999999999995</ele>
        <time>2025-05-19T06:54:23</time>
      </trkpt>
      <trkpt lat="43.4187388792634" lon="27.102624820545316">
        <ele>306.79999999999995</ele>
        <time>2025-05-19T06:54:30</time>
      </trkpt>
      <trkpt lat="43.41841491870582" lon="27.102355174720287">
        <ele>307.0</ele>
        <time>2025-05-19T06:54:39</time>
      </trkpt>
      <trkpt lat="43.41807478107512" lon="27.102078571915627">
        <ele>307.20000000000005</ele>
        <time>2025-05-19T06:54:48</time>
      </trkpt>
      <trkpt lat="43.41768393293023" lon="27.101762238889933">
        <ele>307.20000000000005</ele>
        <time>2025-05-19T06:54:58</time>
      </trkpt>
      <trkpt lat="43.41732426546514" lon="27.10142939351499">
        <ele>306.6</ele>
        <time>2025-05-19T06:55:07</time>
      </trkpt>
      <trkpt lat="43.41720306314528" lon="27.101311711594462">
        <ele>306.20000000000005</ele>
        <time>2025-05-19T06:55:10</time>
      </trkpt>
      <trkpt lat="43.416874492540956" lon="27.10098129697144">
        <ele>305.6</ele>
        <time>2025-05-19T06:55:18</time>
      </trkpt>
      <trkpt lat="43.41667391359806" lon="27.100781723856926">
        <ele>305.20000000000005</ele>
        <time>2025-05-19T06:55:23</time>
      </trkpt>
      <trkpt lat="43.41642564162612" lon="27.100537894293666">
        <ele>304.79999999999995</ele>
        <time>2025-05-19T06:55:29</time>
      </trkpt>
      <trkpt lat="43.41600017622113" lon="27.100121648982167">
        <ele>304.6</ele>
        <time>2025-05-19T06:55:39</time>
      </trkpt>
      <trkpt lat="43.41552894562483" lon="27.09965754300356">
        <ele>304.4</ele>
        <time>2025-05-19T06:55:50</time>
      </trkpt>
      <trkpt lat="43.41508529148996" lon="27.09922319278121">
        <ele>304.20000000000005</ele>
        <time>2025-05-19T06:56:00</time>
      </trkpt>
      <trkpt lat="43.41500239446759" lon="27.099139289930463">
        <ele>304.0</ele>
        <time>2025-05-19T06:56:02</time>
      </trkpt>
      <trkpt lat="43.41468329541385" lon="27.098772078752518">
        <ele>302.79999999999995</ele>
        <time>2025-05-19T06:56:10</time>
      </trkpt>
      <trkpt lat="43.41425430960953" lon="27.09823806770146">
        <ele>301.79999999999995</ele>
        <time>2025-05-19T06:56:21</time>
      </trkpt>
      <trkpt lat="43.41393965296447" lon="27.097848309203982">
        <ele>301.0</ele>
        <time>2025-05-19T06:56:29</time>
      </trkpt>
      <trkpt lat="43.41389908455312" lon="27.097798939794302">
        <ele>300.79999999999995</ele>
        <time>2025-05-19T06:56:30</time>
      </trkpt>
      <trkpt lat="43.41367335990071" lon="27.09751303307712">
        <ele>299.6</ele>
        <time>2025-05-19T06:56:36</time>
      </trkpt>
      <trkpt lat="43.413310842588544" lon="27.097057811915874">
        <ele>298.6</ele>
        <time>2025-05-19T06:56:45</time>
      </trkpt>
      <trkpt lat="43.41293533332646" lon="27.09660761989653">
        <ele>297.6</ele>
        <time>2025-05-19T06:56:54</time>
      </trkpt>
      <trkpt lat="43.41289225034416" lon="27.096559340134263">
        <ele>297.4</ele>
        <time>2025-05-19T06:56:55</time>
      </trkpt>
      <trkpt lat="43.412462593987584" lon="27.09614929743111">
        <ele>296.79999999999995</ele>
        <time>2025-05-19T06:57:04</time>
      </trkpt>
      <trkpt lat="43.412316497415304" lon="27.096022814512253">
        <ele>296.4</ele>
        <time>2025-05-19T06:57:07</time>
      </trkpt>
      <trkpt lat="43.412091778591275" lon="27.095819134265184">
        <ele>295.4</ele>
        <time>2025-05-19T06:57:12</time>
      </trkpt>
      <trkpt lat="43.41204517520964" lon="27.095777476206422">
        <ele>295.20000000000005</ele>
        <time>2025-05-19T06:57:13</time>
      </trkpt>
      <trkpt lat="43.4116586856544" lon="27.095440439879894">
        <ele>294.6</ele>
        <time>2025-05-19T06:57:21</time>
      </trkpt>
      <trkpt lat="43.411317793652415" lon="27.095145732164383">
        <ele>294.0</ele>
        <time>2025-05-19T06:57:28</time>
      </trkpt>
      <trkpt lat="43.41121436096728" lon="27.095054537057877">
        <ele>294.0</ele>
        <time>2025-05-19T06:57:30</time>
      </trkpt>
      <trkpt lat="43.41100791469216" lon="27.094868207350373">
        <ele>293.0</ele>
        <time>2025-05-19T06:57:34</time>
      </trkpt>
      <trkpt lat="43.410641457885504" lon="27.094543240964413">
        <ele>291.79999999999995</ele>
        <time>2025-05-19T06:57:41</time>
      </trkpt>
      <trkpt lat="43.41043065302074" lon="27.094352804124355">
        <ele>291.0</ele>
        <time>2025-05-19T06:57:45</time>
      </trkpt>
      <trkpt lat="43.41016184538603" lon="27.09412045776844">
        <ele>290.20000000000005</ele>
        <time>2025-05-19T06:57:50</time>
      </trkpt>
      <trkpt lat="43.40988700278103" lon="27.093871599063277">
        <ele>289.4</ele>
        <time>2025-05-19T06:57:55</time>
      </trkpt>
      <trkpt lat="43.409774266183376" lon="27.09377294406295">
        <ele>288.20000000000005</ele>
        <time>2025-05-19T06:57:57</time>
      </trkpt>
      <trkpt lat="43.40960428118706" lon="27.093625171110034">
        <ele>287.4</ele>
        <time>2025-05-19T06:58:00</time>
      </trkpt>
      <trkpt lat="43.409548457711935" lon="27.09357471205294">
        <ele>287.0</ele>
        <time>2025-05-19T06:58:01</time>
      </trkpt>
      <trkpt lat="43.40920530259609" lon="27.093272292986512">
        <ele>285.79999999999995</ele>
        <time>2025-05-19T06:58:07</time>
      </trkpt>
      <trkpt lat="43.40908829122782" lon="27.093170452862978">
        <ele>285.4</ele>
        <time>2025-05-19T06:58:09</time>
      </trkpt>
      <trkpt lat="43.408970441669226" lon="27.09306349977851">
        <ele>284.6</ele>
        <time>2025-05-19T06:58:11</time>
      </trkpt>
      <trkpt lat="43.40885150246322" lon="27.092957636341453">
        <ele>283.6</ele>
        <time>2025-05-19T06:58:13</time>
      </trkpt>
      <trkpt lat="43.408674728125334" lon="27.09280014038086">
        <ele>282.4</ele>
        <time>2025-05-19T06:58:16</time>
      </trkpt>
      <trkpt lat="43.408439280465245" lon="27.09259352646768">
        <ele>281.4</ele>
        <time>2025-05-19T06:58:20</time>
      </trkpt>
      <trkpt lat="43.40803820639849" lon="27.092236038297415">
        <ele>280.20000000000005</ele>
        <time>2025-05-19T06:58:27</time>
      </trkpt>
      <trkpt lat="43.40780971571803" lon="27.092032190412283">
        <ele>279.4</ele>
        <time>2025-05-19T06:58:31</time>
      </trkpt>
      <trkpt lat="43.40775313787162" lon="27.091980138793588">
        <ele>279.20000000000005</ele>
        <time>2025-05-19T06:58:32</time>
      </trkpt>
      <trkpt lat="43.40752481482923" lon="27.091772183775902">
        <ele>278.20000000000005</ele>
        <time>2025-05-19T06:58:36</time>
      </trkpt>
      <trkpt lat="43.40734971687198" lon="27.091615358367562">
        <ele>276.79999999999995</ele>
        <time>2025-05-19T06:58:39</time>
      </trkpt>
      <trkpt lat="43.40729087591171" lon="27.0915615465492">
        <ele>275.79999999999995</ele>
        <time>2025-05-19T06:58:40</time>
      </trkpt>
      <trkpt lat="43.4069945756346" lon="27.091292487457395">
        <ele>274.6</ele>
        <time>2025-05-19T06:58:45</time>
      </trkpt>
      <trkpt lat="43.40681377798319" lon="27.09112962707877">
        <ele>273.4</ele>
        <time>2025-05-19T06:58:48</time>
      </trkpt>
      <trkpt lat="43.40675309300423" lon="27.091074557974935">
        <ele>273.0</ele>
        <time>2025-05-19T06:58:49</time>
      </trkpt>
      <trkpt lat="43.406631303951144" lon="27.090965006500483">
        <ele>272.20000000000005</ele>
        <time>2025-05-19T06:58:51</time>
      </trkpt>
      <trkpt lat="43.4063901565969" lon="27.090745316818357">
        <ele>270.79999999999995</ele>
        <time>2025-05-19T06:58:55</time>
      </trkpt>
      <trkpt lat="43.40620709583163" lon="27.090580025687814">
        <ele>269.4</ele>
        <time>2025-05-19T06:58:58</time>
      </trkpt>
      <trkpt lat="43.40614481829107" lon="27.090526213869452">
        <ele>269.0</ele>
        <time>2025-05-19T06:58:59</time>
      </trkpt>
      <trkpt lat="43.40596125461161" lon="27.090360336005688">
        <ele>268.20000000000005</ele>
        <time>2025-05-19T06:59:02</time>
      </trkpt>
      <trkpt lat="43.405716586858034" lon="27.09013511426747">
        <ele>267.0</ele>
        <time>2025-05-19T06:59:06</time>
      </trkpt>
      <trkpt lat="43.4055285807699" lon="27.089965045452118">
        <ele>265.4</ele>
        <time>2025-05-19T06:59:09</time>
      </trkpt>
      <trkpt lat="43.405465465039015" lon="27.089907797053456">
        <ele>265.20000000000005</ele>
        <time>2025-05-19T06:59:10</time>
      </trkpt>
      <trkpt lat="43.40533914975822" lon="27.089791540056467">
        <ele>264.4</ele>
        <time>2025-05-19T06:59:12</time>
      </trkpt>
      <trkpt lat="43.40514846146107" lon="27.089619375765324">
        <ele>263.0</ele>
        <time>2025-05-19T06:59:15</time>
      </trkpt>
      <trkpt lat="43.40495911426842" lon="27.0894462056458">
        <ele>261.6</ele>
        <time>2025-05-19T06:59:18</time>
      </trkpt>
      <trkpt lat="43.404831290245056" lon="27.08933137357235">
        <ele>260.6</ele>
        <time>2025-05-19T06:59:20</time>
      </trkpt>
      <trkpt lat="43.40476700104773" lon="27.08927328698337">
        <ele>260.4</ele>
        <time>2025-05-19T06:59:21</time>
      </trkpt>
      <trkpt lat="43.404572792351246" lon="27.089097686111927">
        <ele>259.20000000000005</ele>
        <time>2025-05-19T06:59:24</time>
      </trkpt>
      <trkpt lat="43.404378751292825" lon="27.088919738307595">
        <ele>258.20000000000005</ele>
        <time>2025-05-19T06:59:27</time>
      </trkpt>
      <trkpt lat="43.404248245060444" lon="27.088803062215447">
        <ele>257.20000000000005</ele>
        <time>2025-05-19T06:59:29</time>
      </trkpt>
      <trkpt lat="43.4041831176728" lon="27.088744305074215">
        <ele>256.6</ele>
        <time>2025-05-19T06:59:30</time>
      </trkpt>
      <trkpt lat="43.404117319732904" lon="27.088685045018792">
        <ele>256.0</ele>
        <time>2025-05-19T06:59:31</time>
      </trkpt>
      <trkpt lat="43.40392176993191" lon="27.088503492996097">
        <ele>254.79999999999995</ele>
        <time>2025-05-19T06:59:34</time>
      </trkpt>
      <trkpt lat="43.40379796922207" lon="27.08837851881981">
        <ele>253.60000000000002</ele>
        <time>2025-05-19T06:59:36</time>
      </trkpt>
      <trkpt lat="43.403677521273494" lon="27.088253796100616">
        <ele>252.79999999999995</ele>
        <time>2025-05-19T06:59:38</time>
      </trkpt>
      <trkpt lat="43.40361809358001" lon="27.088192021474242">
        <ele>252.39999999999998</ele>
        <time>2025-05-19T06:59:39</time>
      </trkpt>
      <trkpt lat="43.403504099696875" lon="27.088064700365067">
        <ele>251.20000000000005</ele>
        <time>2025-05-19T06:59:41</time>
      </trkpt>
      <trkpt lat="43.40333486907184" lon="27.08787334151566">
        <ele>250.0</ele>
        <time>2025-05-19T06:59:44</time>
      </trkpt>
      <trkpt lat="43.40316052548587" lon="27.087676199153066">
        <ele>249.20000000000005</ele>
        <time>2025-05-19T06:59:47</time>
      </trkpt>
      <trkpt lat="43.40310042724013" lon="27.087608221918344">
        <ele>249.0</ele>
        <time>2025-05-19T06:59:48</time>
      </trkpt>
      <trkpt lat="43.402710082009435" lon="27.08716926164925">
        <ele>248.0</ele>
        <time>2025-05-19T06:59:54</time>
      </trkpt>
      <trkpt lat="43.402573792263865" lon="27.087012184783816">
        <ele>246.39999999999998</ele>
        <time>2025-05-19T06:59:56</time>
      </trkpt>
      <trkpt lat="43.40243490412831" lon="27.086854353547096">
        <ele>245.20000000000005</ele>
        <time>2025-05-19T06:59:58</time>
      </trkpt>
      <trkpt lat="43.402290819212794" lon="27.086694426834583">
        <ele>244.0</ele>
        <time>2025-05-19T07:00:00</time>
      </trkpt>
      <trkpt lat="43.40214346535504" lon="27.08652762696147">
        <ele>242.79999999999995</ele>
        <time>2025-05-19T07:00:02</time>
      </trkpt>
      <trkpt lat="43.401994770392776" lon="27.086357809603214">
        <ele>241.79999999999995</ele>
        <time>2025-05-19T07:00:04</time>
      </trkpt>
      <trkpt lat="43.401845740154386" lon="27.086191177368164">
        <ele>240.39999999999998</ele>
        <time>2025-05-19T07:00:06</time>
      </trkpt>
      <trkpt lat="43.401702493429184" lon="27.0860252995044">
        <ele>239.20000000000005</ele>
        <time>2025-05-19T07:00:08</time>
      </trkpt>
      <trkpt lat="43.40156125836074" lon="27.085867719724774">
        <ele>237.79999999999995</ele>
        <time>2025-05-19T07:00:10</time>
      </trkpt>
      <trkpt lat="43.4014253038913" lon="27.08572279661894">
        <ele>236.60000000000002</ele>
        <time>2025-05-19T07:00:12</time>
      </trkpt>
      <trkpt lat="43.40129563584924" lon="27.085598995909095">
        <ele>235.39999999999998</ele>
        <time>2025-05-19T07:00:14</time>
      </trkpt>
      <trkpt lat="43.40123235248029" lon="27.085545351728797">
        <ele>235.0</ele>
        <time>2025-05-19T07:00:15</time>
      </trkpt>
      <trkpt lat="43.401047280058265" lon="27.085411911830306">
        <ele>234.20000000000005</ele>
        <time>2025-05-19T07:00:18</time>
      </trkpt>
      <trkpt lat="43.400873774662614" lon="27.085300432518125">
        <ele>233.79999999999995</ele>
        <time>2025-05-19T07:00:21</time>
      </trkpt>
      <trkpt lat="43.40040740557015" lon="27.085001952946186">
        <ele>234.0</ele>
        <time>2025-05-19T07:00:30</time>
      </trkpt>
      <trkpt lat="43.400317300111055" lon="27.084943866357207">
        <ele>234.0</ele>
        <time>2025-05-19T07:00:32</time>
      </trkpt>
      <trkpt lat="43.40005888603628" lon="27.084784945473075">
        <ele>234.60000000000002</ele>
        <time>2025-05-19T07:00:38</time>
      </trkpt>
      <trkpt lat="43.39993986301124" lon="27.084703808650374">
        <ele>235.60000000000002</ele>
        <time>2025-05-19T07:00:41</time>
      </trkpt>
      <trkpt lat="43.39974540285766" lon="27.084582773968577">
        <ele>236.20000000000005</ele>
        <time>2025-05-19T07:00:46</time>
      </trkpt>
      <trkpt lat="43.39966954663396" lon="27.08452862687409">
        <ele>236.60000000000002</ele>
        <time>2025-05-19T07:00:48</time>
      </trkpt>
      <trkpt lat="43.399399649351835" lon="27.084363419562578">
        <ele>237.39999999999998</ele>
        <time>2025-05-19T07:00:55</time>
      </trkpt>
      <trkpt lat="43.39904090389609" lon="27.08415093831718">
        <ele>237.60000000000002</ele>
        <time>2025-05-19T07:01:04</time>
      </trkpt>
      <trkpt lat="43.39899924583733" lon="27.08412596024573">
        <ele>237.60000000000002</ele>
        <time>2025-05-19T07:01:05</time>
      </trkpt>
      <trkpt lat="43.398958425968885" lon="27.08409570157528">
        <ele>237.79999999999995</ele>
        <time>2025-05-19T07:01:06</time>
      </trkpt>
      <trkpt lat="43.39878961443901" lon="27.08396871574223">
        <ele>237.79999999999995</ele>
        <time>2025-05-19T07:01:10</time>
      </trkpt>
      <trkpt lat="43.39841586537659" lon="27.083732597529888">
        <ele>238.0</ele>
        <time>2025-05-19T07:01:18</time>
      </trkpt>
      <trkpt lat="43.39796525426209" lon="27.083446523174644">
        <ele>237.60000000000002</ele>
        <time>2025-05-19T07:01:27</time>
      </trkpt>
      <trkpt lat="43.39749293401837" lon="27.08314334973693">
        <ele>237.0</ele>
        <time>2025-05-19T07:01:36</time>
      </trkpt>
      <trkpt lat="43.39732948690653" lon="27.083038156852126">
        <ele>236.60000000000002</ele>
        <time>2025-05-19T07:01:39</time>
      </trkpt>
      <trkpt lat="43.39688926935196" lon="27.08276859484613">
        <ele>235.79999999999995</ele>
        <time>2025-05-19T07:01:47</time>
      </trkpt>
      <trkpt lat="43.39677686803043" lon="27.08270749077201">
        <ele>235.60000000000002</ele>
        <time>2025-05-19T07:01:49</time>
      </trkpt>
      <trkpt lat="43.3964070584625" lon="27.082444550469518">
        <ele>235.39999999999998</ele>
        <time>2025-05-19T07:01:56</time>
      </trkpt>
      <trkpt lat="43.39602584950626" lon="27.082126457244158">
        <ele>234.79999999999995</ele>
        <time>2025-05-19T07:02:04</time>
      </trkpt>
      <trkpt lat="43.395705074071884" lon="27.08184323273599">
        <ele>234.60000000000002</ele>
        <time>2025-05-19T07:02:11</time>
      </trkpt>
      <trkpt lat="43.39556719176471" lon="27.081710547208786">
        <ele>234.60000000000002</ele>
        <time>2025-05-19T07:02:14</time>
      </trkpt>
      <trkpt lat="43.39523686096072" lon="27.081419695168734">
        <ele>234.39999999999998</ele>
        <time>2025-05-19T07:02:21</time>
      </trkpt>
      <trkpt lat="43.394761607050896" lon="27.081004958599806">
        <ele>233.79999999999995</ele>
        <time>2025-05-19T07:02:31</time>
      </trkpt>
      <trkpt lat="43.39425818994641" lon="27.08062400110066">
        <ele>233.60000000000002</ele>
        <time>2025-05-19T07:02:41</time>
      </trkpt>
      <trkpt lat="43.39420781470835" lon="27.08058485761285">
        <ele>233.60000000000002</ele>
        <time>2025-05-19T07:02:42</time>
      </trkpt>
      <trkpt lat="43.39415735565126" lon="27.08054495975375">
        <ele>233.60000000000002</ele>
        <time>2025-05-19T07:02:43</time>
      </trkpt>
      <trkpt lat="43.39368344284594" lon="27.08017347380519">
        <ele>232.60000000000002</ele>
        <time>2025-05-19T07:02:52</time>
      </trkpt>
      <trkpt lat="43.39363030157983" lon="27.080127708613873">
        <ele>232.39999999999998</ele>
        <time>2025-05-19T07:02:53</time>
      </trkpt>
      <trkpt lat="43.393299132585526" lon="27.079854207113385">
        <ele>232.0</ele>
        <time>2025-05-19T07:02:59</time>
      </trkpt>
      <trkpt lat="43.39287291280925" lon="27.079495545476675">
        <ele>231.79999999999995</ele>
        <time>2025-05-19T07:03:07</time>
      </trkpt>
      <trkpt lat="43.39276855811477" lon="27.07940678112209">
        <ele>231.39999999999998</ele>
        <time>2025-05-19T07:03:09</time>
      </trkpt>
      <trkpt lat="43.39250100776553" lon="27.079189689829946">
        <ele>230.39999999999998</ele>
        <time>2025-05-19T07:03:14</time>
      </trkpt>
      <trkpt lat="43.3922953158617" lon="27.079015765339136">
        <ele>230.0</ele>
        <time>2025-05-19T07:03:18</time>
      </trkpt>
      <trkpt lat="43.391870856285095" lon="27.07866758108139">
        <ele>230.0</ele>
        <time>2025-05-19T07:03:27</time>
      </trkpt>
      <trkpt lat="43.391403732821345" lon="27.078283270820975">
        <ele>230.0</ele>
        <time>2025-05-19T07:03:37</time>
      </trkpt>
      <trkpt lat="43.39097457937896" lon="27.077927542850375">
        <ele>229.39999999999998</ele>
        <time>2025-05-19T07:03:46</time>
      </trkpt>
      <trkpt lat="43.39082839898765" lon="27.077803993597627">
        <ele>229.39999999999998</ele>
        <time>2025-05-19T07:03:49</time>
      </trkpt>
      <trkpt lat="43.390336045995355" lon="27.077396297827363">
        <ele>228.60000000000002</ele>
        <time>2025-05-19T07:03:59</time>
      </trkpt>
      <trkpt lat="43.3901939727366" lon="27.07728188484907">
        <ele>228.60000000000002</ele>
        <time>2025-05-19T07:04:02</time>
      </trkpt>
      <trkpt lat="43.39005374349654" lon="27.07716210745275">
        <ele>228.39999999999998</ele>
        <time>2025-05-19T07:04:05</time>
      </trkpt>
      <trkpt lat="43.38976590894163" lon="27.076924899592996">
        <ele>227.79999999999995</ele>
        <time>2025-05-19T07:04:11</time>
      </trkpt>
      <trkpt lat="43.38932770304382" lon="27.076562214642763">
        <ele>227.39999999999998</ele>
        <time>2025-05-19T07:04:20</time>
      </trkpt>
      <trkpt lat="43.389278165996075" lon="27.076521646231413">
        <ele>227.39999999999998</ele>
        <time>2025-05-19T07:04:21</time>
      </trkpt>
      <trkpt lat="43.38877910748124" lon="27.076108250766993">
        <ele>227.20000000000005</ele>
        <time>2025-05-19T07:04:31</time>
      </trkpt>
      <trkpt lat="43.38872856460512" lon="27.07606860436499">
        <ele>227.20000000000005</ele>
        <time>2025-05-19T07:04:32</time>
      </trkpt>
      <trkpt lat="43.388330759480596" lon="27.075740452855825">
        <ele>226.20000000000005</ele>
        <time>2025-05-19T07:04:40</time>
      </trkpt>
      <trkpt lat="43.38823118247092" lon="27.075658226385713">
        <ele>226.0</ele>
        <time>2025-05-19T07:04:42</time>
      </trkpt>
      <trkpt lat="43.38773061521351" lon="27.075238460674882">
        <ele>225.60000000000002</ele>
        <time>2025-05-19T07:04:52</time>
      </trkpt>
      <trkpt lat="43.38747622445226" lon="27.075024554505944">
        <ele>225.20000000000005</ele>
        <time>2025-05-19T07:04:57</time>
      </trkpt>
      <trkpt lat="43.38733281008899" lon="27.074893042445183">
        <ele>225.0</ele>
        <time>2025-05-19T07:05:00</time>
      </trkpt>
      <trkpt lat="43.387037264183164" lon="27.074495740234852">
        <ele>224.39999999999998</ele>
        <time>2025-05-19T07:05:07</time>
      </trkpt>
      <trkpt lat="43.38696149177849" lon="27.07437889650464">
        <ele>224.0</ele>
        <time>2025-05-19T07:05:09</time>
      </trkpt>
      <trkpt lat="43.38666561059654" lon="27.073930883780122">
        <ele>223.39999999999998</ele>
        <time>2025-05-19T07:05:17</time>
      </trkpt>
      <trkpt lat="43.386287754401565" lon="27.07336636260152">
        <ele>223.0</ele>
        <time>2025-05-19T07:05:27</time>
      </trkpt>
      <trkpt lat="43.38613662868738" lon="27.07313728518784">
        <ele>223.0</ele>
        <time>2025-05-19T07:05:31</time>
      </trkpt>
      <trkpt lat="43.38590336032212" lon="27.072787508368492">
        <ele>222.79999999999995</ele>
        <time>2025-05-19T07:05:37</time>
      </trkpt>
      <trkpt lat="43.38550429791212" lon="27.0721706841141">
        <ele>222.20000000000005</ele>
        <time>2025-05-19T07:05:47</time>
      </trkpt>
      <trkpt lat="43.38542005978525" lon="27.072040513157845">
        <ele>222.0</ele>
        <time>2025-05-19T07:05:49</time>
      </trkpt>
      <trkpt lat="43.385118478909135" lon="27.07157758064568">
        <ele>221.39999999999998</ele>
        <time>2025-05-19T07:05:56</time>
      </trkpt>
      <trkpt lat="43.38494514115155" lon="27.07131656818092">
        <ele>220.79999999999995</ele>
        <time>2025-05-19T07:06:00</time>
      </trkpt>
      <trkpt lat="43.38481388054788" lon="27.07112554460764">
        <ele>220.39999999999998</ele>
        <time>2025-05-19T07:06:03</time>
      </trkpt>
      <trkpt lat="43.38472109287977" lon="27.07100920379162">
        <ele>220.20000000000005</ele>
        <time>2025-05-19T07:06:05</time>
      </trkpt>
      <trkpt lat="43.38461355306208" lon="27.070912895724177">
        <ele>219.60000000000002</ele>
        <time>2025-05-19T07:06:07</time>
      </trkpt>
      <trkpt lat="43.38455353863537" lon="27.070872662588954">
        <ele>219.60000000000002</ele>
        <time>2025-05-19T07:06:08</time>
      </trkpt>
      <trkpt lat="43.384423702955246" lon="27.070809546858072">
        <ele>219.20000000000005</ele>
        <time>2025-05-19T07:06:10</time>
      </trkpt>
      <trkpt lat="43.38421859778464" lon="27.07072095014155">
        <ele>218.60000000000002</ele>
        <time>2025-05-19T07:06:13</time>
      </trkpt>
      <trkpt lat="43.384148525074124" lon="27.070693373680115">
        <ele>218.20000000000005</ele>
        <time>2025-05-19T07:06:14</time>
      </trkpt>
      <trkpt lat="43.38393461890519" lon="27.070608465000987">
        <ele>217.20000000000005</ele>
        <time>2025-05-19T07:06:17</time>
      </trkpt>
      <trkpt lat="43.38363831862807" lon="27.070503439754248">
        <ele>216.20000000000005</ele>
        <time>2025-05-19T07:06:21</time>
      </trkpt>
      <trkpt lat="43.383488869294524" lon="27.070445688441396">
        <ele>215.39999999999998</ele>
        <time>2025-05-19T07:06:23</time>
      </trkpt>
      <trkpt lat="43.383417036384344" lon="27.07041224464774">
        <ele>215.20000000000005</ele>
        <time>2025-05-19T07:06:24</time>
      </trkpt>
      <trkpt lat="43.38315283879638" lon="27.070218790322542">
        <ele>214.0</ele>
        <time>2025-05-19T07:06:28</time>
      </trkpt>
      <trkpt lat="43.382905991747975" lon="27.070010248571634">
        <ele>212.79999999999995</ele>
        <time>2025-05-19T07:06:32</time>
      </trkpt>
      <trkpt lat="43.38272485882044" lon="27.069887118414044">
        <ele>211.60000000000002</ele>
        <time>2025-05-19T07:06:35</time>
      </trkpt>
      <trkpt lat="43.38247080333531" lon="27.06977798603475">
        <ele>210.39999999999998</ele>
        <time>2025-05-19T07:06:39</time>
      </trkpt>
      <trkpt lat="43.382282545790076" lon="27.069720569998026">
        <ele>210.0</ele>
        <time>2025-05-19T07:06:42</time>
      </trkpt>
      <trkpt lat="43.38204240426421" lon="27.069642953574657">
        <ele>209.39999999999998</ele>
        <time>2025-05-19T07:06:46</time>
      </trkpt>
      <trkpt lat="43.38175607845187" lon="27.06954144872725">
        <ele>208.39999999999998</ele>
        <time>2025-05-19T07:06:51</time>
      </trkpt>
      <trkpt lat="43.381645772606134" lon="27.06948093138635">
        <ele>208.20000000000005</ele>
        <time>2025-05-19T07:06:53</time>
      </trkpt>
      <trkpt lat="43.381429854780436" lon="27.069327710196376">
        <ele>208.0</ele>
        <time>2025-05-19T07:06:57</time>
      </trkpt>
      <trkpt lat="43.38121955282986" lon="27.0691382791847">
        <ele>207.20000000000005</ele>
        <time>2025-05-19T07:07:01</time>
      </trkpt>
      <trkpt lat="43.38113933801651" lon="27.06900936551392">
        <ele>206.60000000000002</ele>
        <time>2025-05-19T07:07:03</time>
      </trkpt>
      <trkpt lat="43.38109005242586" lon="27.068865951150656">
        <ele>206.39999999999998</ele>
        <time>2025-05-19T07:07:05</time>
      </trkpt>
      <trkpt lat="43.381045293062925" lon="27.068735947832465">
        <ele>205.79999999999995</ele>
        <time>2025-05-19T07:07:07</time>
      </trkpt>
      <trkpt lat="43.38102241046727" lon="27.06867660395801">
        <ele>205.79999999999995</ele>
        <time>2025-05-19T07:07:08</time>
      </trkpt>
      <trkpt lat="43.38082954287529" lon="27.068147286772728">
        <ele>205.60000000000002</ele>
        <time>2025-05-19T07:07:17</time>
      </trkpt>
      <trkpt lat="43.380644051358104" lon="27.06777513027191">
        <ele>205.79999999999995</ele>
        <time>2025-05-19T07:07:24</time>
      </trkpt>
      <trkpt lat="43.380372896790504" lon="27.06741252914071">
        <ele>206.20000000000005</ele>
        <time>2025-05-19T07:07:32</time>
      </trkpt>
      <trkpt lat="43.38010769337416" lon="27.067074654623866">
        <ele>206.79999999999995</ele>
        <time>2025-05-19T07:07:40</time>
      </trkpt>
      <trkpt lat="43.38003753684461" lon="27.067006677389145">
        <ele>207.0</ele>
        <time>2025-05-19T07:07:42</time>
      </trkpt>
      <trkpt lat="43.37992672808468" lon="27.066923109814525">
        <ele>207.20000000000005</ele>
        <time>2025-05-19T07:07:45</time>
      </trkpt>
      <trkpt lat="43.37979898788035" lon="27.066864604130387">
        <ele>207.39999999999998</ele>
        <time>2025-05-19T07:07:48</time>
      </trkpt>
      <trkpt lat="43.379572508856654" lon="27.066801320761442">
        <ele>208.0</ele>
        <time>2025-05-19T07:07:53</time>
      </trkpt>
      <trkpt lat="43.379400512203574" lon="27.066761758178473">
        <ele>208.20000000000005</ele>
        <time>2025-05-19T07:07:57</time>
      </trkpt>
      <trkpt lat="43.37908183224499" lon="27.06668539904058">
        <ele>209.0</ele>
        <time>2025-05-19T07:08:05</time>
      </trkpt>
      <trkpt lat="43.3790038805455" lon="27.066671485081315">
        <ele>209.20000000000005</ele>
        <time>2025-05-19T07:08:07</time>
      </trkpt>
      <trkpt lat="43.378741862252355" lon="27.06660727970302">
        <ele>209.79999999999995</ele>
        <time>2025-05-19T07:08:14</time>
      </trkpt>
      <trkpt lat="43.37862183339894" lon="27.066578194499016">
        <ele>210.0</ele>
        <time>2025-05-19T07:08:17</time>
      </trkpt>
      <trkpt lat="43.37826585397124" lon="27.066502841189504">
        <ele>210.79999999999995</ele>
        <time>2025-05-19T07:08:26</time>
      </trkpt>
      <trkpt lat="43.37802881374955" lon="27.06644886173308">
        <ele>211.20000000000005</ele>
        <time>2025-05-19T07:08:32</time>
      </trkpt>
      <trkpt lat="43.377790097147226" lon="27.06639270298183">
        <ele>212.0</ele>
        <time>2025-05-19T07:08:38</time>
      </trkpt>
      <trkpt lat="43.37767409160733" lon="27.06636185757816">
        <ele>212.20000000000005</ele>
        <time>2025-05-19T07:08:41</time>
      </trkpt>
      <trkpt lat="43.37743051350117" lon="27.066242834553123">
        <ele>212.60000000000002</ele>
        <time>2025-05-19T07:08:48</time>
      </trkpt>
      <trkpt lat="43.377132369205356" lon="27.06601895391941">
        <ele>213.39999999999998</ele>
        <time>2025-05-19T07:08:57</time>
      </trkpt>
      <trkpt lat="43.3767622243613" lon="27.065717205405235">
        <ele>214.39999999999998</ele>
        <time>2025-05-19T07:09:08</time>
      </trkpt>
      <trkpt lat="43.376729283481836" lon="27.065689209848642">
        <ele>214.39999999999998</ele>
        <time>2025-05-19T07:09:09</time>
      </trkpt>
      <trkpt lat="43.37640054523945" lon="27.065416797995567">
        <ele>215.39999999999998</ele>
        <time>2025-05-19T07:09:19</time>
      </trkpt>
      <trkpt lat="43.3763356693089" lon="27.06536315381527">
        <ele>215.60000000000002</ele>
        <time>2025-05-19T07:09:21</time>
      </trkpt>
      <trkpt lat="43.37597155943513" lon="27.06506174057722">
        <ele>216.20000000000005</ele>
        <time>2025-05-19T07:09:32</time>
      </trkpt>
      <trkpt lat="43.37590316310525" lon="27.065004911273718">
        <ele>216.60000000000002</ele>
        <time>2025-05-19T07:09:34</time>
      </trkpt>
      <trkpt lat="43.375642485916615" lon="27.064793184399605">
        <ele>217.20000000000005</ele>
        <time>2025-05-19T07:09:42</time>
      </trkpt>
      <trkpt lat="43.37542396970093" lon="27.064617751166224">
        <ele>217.60000000000002</ele>
        <time>2025-05-19T07:09:49</time>
      </trkpt>
      <trkpt lat="43.375295139849186" lon="27.064515743404627">
        <ele>218.0</ele>
        <time>2025-05-19T07:09:53</time>
      </trkpt>
      <trkpt lat="43.37512976489961" lon="27.064380375668406">
        <ele>218.39999999999998</ele>
        <time>2025-05-19T07:09:58</time>
      </trkpt>
      <trkpt lat="43.3749542478472" lon="27.064237045124173">
        <ele>218.60000000000002</ele>
        <time>2025-05-19T07:10:03</time>
      </trkpt>
      <trkpt lat="43.374917870387435" lon="27.064207457005978">
        <ele>218.79999999999995</ele>
        <time>2025-05-19T07:10:04</time>
      </trkpt>
      <trkpt lat="43.3745726197958" lon="27.063930016011">
        <ele>219.0</ele>
        <time>2025-05-19T07:10:13</time>
      </trkpt>
      <trkpt lat="43.374257208779454" lon="27.063674116507173">
        <ele>219.20000000000005</ele>
        <time>2025-05-19T07:10:22</time>
      </trkpt>
      <trkpt lat="43.37382227182388" lon="27.063319142907858">
        <ele>219.79999999999995</ele>
        <time>2025-05-19T07:10:34</time>
      </trkpt>
      <trkpt lat="43.37374792434275" lon="27.063258374109864">
        <ele>219.79999999999995</ele>
        <time>2025-05-19T07:10:36</time>
      </trkpt>
      <trkpt lat="43.37348951026797" lon="27.063049413263798">
        <ele>220.0</ele>
        <time>2025-05-19T07:10:43</time>
      </trkpt>
      <trkpt lat="43.37324442341924" lon="27.06284766085446">
        <ele>219.79999999999995</ele>
        <time>2025-05-19T07:10:50</time>
      </trkpt>
      <trkpt lat="43.37287561967969" lon="27.062551863491535">
        <ele>219.39999999999998</ele>
        <time>2025-05-19T07:11:00</time>
      </trkpt>
      <trkpt lat="43.372524501755834" lon="27.06226469948888">
        <ele>219.20000000000005</ele>
        <time>2025-05-19T07:11:09</time>
      </trkpt>
      <trkpt lat="43.37228863500059" lon="27.062072586268187">
        <ele>218.79999999999995</ele>
        <time>2025-05-19T07:11:15</time>
      </trkpt>
      <trkpt lat="43.37216164916754" lon="27.061970746144652">
        <ele>218.60000000000002</ele>
        <time>2025-05-19T07:11:18</time>
      </trkpt>
      <trkpt lat="43.371726209297776" lon="27.061620382592082">
        <ele>217.79999999999995</ele>
        <time>2025-05-19T07:11:28</time>
      </trkpt>
      <trkpt lat="43.371680276468396" lon="27.06158358603716">
        <ele>217.79999999999995</ele>
        <time>2025-05-19T07:11:29</time>
      </trkpt>
      <trkpt lat="43.37141272611916" lon="27.06136615946889">
        <ele>216.79999999999995</ele>
        <time>2025-05-19T07:11:35</time>
      </trkpt>
      <trkpt lat="43.371019531041384" lon="27.061049407348037">
        <ele>215.79999999999995</ele>
        <time>2025-05-19T07:11:44</time>
      </trkpt>
      <trkpt lat="43.370972257107496" lon="27.06101185642183">
        <ele>215.60000000000002</ele>
        <time>2025-05-19T07:11:45</time>
      </trkpt>
      <trkpt lat="43.3705972507596" lon="27.06070407293737">
        <ele>214.79999999999995</ele>
        <time>2025-05-19T07:11:53</time>
      </trkpt>
      <trkpt lat="43.37054670788348" lon="27.060663755983114">
        <ele>214.60000000000002</ele>
        <time>2025-05-19T07:11:54</time>
      </trkpt>
      <trkpt lat="43.37019517086446" lon="27.06038312986493">
        <ele>213.60000000000002</ele>
        <time>2025-05-19T07:12:01</time>
      </trkpt>
      <trkpt lat="43.37000020779669" lon="27.06022630445659">
        <ele>212.20000000000005</ele>
        <time>2025-05-19T07:12:05</time>
      </trkpt>
      <trkpt lat="43.369664596393704" lon="27.059953305870295">
        <ele>211.20000000000005</ele>
        <time>2025-05-19T07:12:12</time>
      </trkpt>
      <trkpt lat="43.369612880051136" lon="27.059912318363786">
        <ele>211.0</ele>
        <time>2025-05-19T07:12:13</time>
      </trkpt>
      <trkpt lat="43.369344994425774" lon="27.0596974901855">
        <ele>210.0</ele>
        <time>2025-05-19T07:12:18</time>
      </trkpt>
      <trkpt lat="43.36923234164715" lon="27.05960721708834">
        <ele>209.60000000000002</ele>
        <time>2025-05-19T07:12:20</time>
      </trkpt>
      <trkpt lat="43.368994295597076" lon="27.059408063068986">
        <ele>209.0</ele>
        <time>2025-05-19T07:12:24</time>
      </trkpt>
      <trkpt lat="43.36874200031161" lon="27.05920505337417">
        <ele>207.79999999999995</ele>
        <time>2025-05-19T07:12:28</time>
      </trkpt>
      <trkpt lat="43.36856019683182" lon="27.059058202430606">
        <ele>206.79999999999995</ele>
        <time>2025-05-19T07:12:31</time>
      </trkpt>
      <trkpt lat="43.36839599534869" lon="27.058922667056322">
        <ele>205.79999999999995</ele>
        <time>2025-05-19T07:12:34</time>
      </trkpt>
      <trkpt lat="43.36834494955838" lon="27.05887950025499">
        <ele>205.60000000000002</ele>
        <time>2025-05-19T07:12:35</time>
      </trkpt>
      <trkpt lat="43.3680244255811" lon="27.058615973219275">
        <ele>205.20000000000005</ele>
        <time>2025-05-19T07:12:42</time>
      </trkpt>
      <trkpt lat="43.36770532652736" lon="27.058367365971208">
        <ele>205.39999999999998</ele>
        <time>2025-05-19T07:12:50</time>
      </trkpt>
      <trkpt lat="43.36729746311903" lon="27.058027982711792">
        <ele>206.0</ele>
        <time>2025-05-19T07:13:01</time>
      </trkpt>
      <trkpt lat="43.366931257769465" lon="27.057735538110137">
        <ele>206.39999999999998</ele>
        <time>2025-05-19T07:13:12</time>
      </trkpt>
      <trkpt lat="43.36667192168534" lon="27.05751827917993">
        <ele>206.60000000000002</ele>
        <time>2025-05-19T07:13:20</time>
      </trkpt>
      <trkpt lat="43.36650554090738" lon="27.057383246719837">
        <ele>206.79999999999995</ele>
        <time>2025-05-19T07:13:25</time>
      </trkpt>
      <trkpt lat="43.36633966304362" lon="27.057252153754234">
        <ele>207.20000000000005</ele>
        <time>2025-05-19T07:13:30</time>
      </trkpt>
      <trkpt lat="43.36603975854814" lon="27.057007737457752">
        <ele>207.39999999999998</ele>
        <time>2025-05-19T07:13:39</time>
      </trkpt>
      <trkpt lat="43.3658641576767" lon="27.056864826008677">
        <ele>207.79999999999995</ele>
        <time>2025-05-19T07:13:44</time>
      </trkpt>
      <trkpt lat="43.36565729230642" lon="27.056699031963944">
        <ele>208.39999999999998</ele>
        <time>2025-05-19T07:13:50</time>
      </trkpt>
      <trkpt lat="43.36538060568273" lon="27.05647062510252">
        <ele>208.79999999999995</ele>
        <time>2025-05-19T07:13:58</time>
      </trkpt>
      <trkpt lat="43.36531179025769" lon="27.056414801627398">
        <ele>209.0</ele>
        <time>2025-05-19T07:14:00</time>
      </trkpt>
      <trkpt lat="43.365002581849694" lon="27.056171977892518">
        <ele>209.60000000000002</ele>
        <time>2025-05-19T07:14:09</time>
      </trkpt>
      <trkpt lat="43.36478054523468" lon="27.055990090593696">
        <ele>210.0</ele>
        <time>2025-05-19T07:14:16</time>
      </trkpt>
      <trkpt lat="43.36471835151315" lon="27.05593946389854">
        <ele>210.20000000000005</ele>
        <time>2025-05-19T07:14:18</time>
      </trkpt>
      <trkpt lat="43.36443839594722" lon="27.05570694990456">
        <ele>210.60000000000002</ele>
        <time>2025-05-19T07:14:27</time>
      </trkpt>
      <trkpt lat="43.364122146740556" lon="27.055439818650484">
        <ele>211.0</ele>
        <time>2025-05-19T07:14:37</time>
      </trkpt>
      <trkpt lat="43.36391989141703" lon="27.055282406508923">
        <ele>211.0</ele>
        <time>2025-05-19T07:14:43</time>
      </trkpt>
      <trkpt lat="43.36373632773757" lon="27.055165814235806">
        <ele>211.20000000000005</ele>
        <time>2025-05-19T07:14:48</time>
      </trkpt>
      <trkpt lat="43.3634290471673" lon="27.055074786767364">
        <ele>211.39999999999998</ele>
        <time>2025-05-19T07:14:55</time>
      </trkpt>
      <trkpt lat="43.36303853429854" lon="27.055016364902258">
        <ele>211.20000000000005</ele>
        <time>2025-05-19T07:15:03</time>
      </trkpt>
      <trkpt lat="43.36262287572026" lon="27.05495492555201">
        <ele>210.0</ele>
        <time>2025-05-19T07:15:11</time>
      </trkpt>
      <trkpt lat="43.362462781369686" lon="27.054932797327638">
        <ele>209.60000000000002</ele>
        <time>2025-05-19T07:15:14</time>
      </trkpt>
      <trkpt lat="43.36224619299173" lon="27.054903209209442">
        <ele>209.0</ele>
        <time>2025-05-19T07:15:18</time>
      </trkpt>
      <trkpt lat="43.36191946640611" lon="27.054856941103935">
        <ele>208.0</ele>
        <time>2025-05-19T07:15:24</time>
      </trkpt>
      <trkpt lat="43.36186347529292" lon="27.054849145933986">
        <ele>207.60000000000002</ele>
        <time>2025-05-19T07:15:25</time>
      </trkpt>
      <trkpt lat="43.3616366609931" lon="27.05478728748858">
        <ele>206.79999999999995</ele>
        <time>2025-05-19T07:15:29</time>
      </trkpt>
      <trkpt lat="43.361464999616146" lon="27.05470908433199">
        <ele>206.39999999999998</ele>
        <time>2025-05-19T07:15:32</time>
      </trkpt>
      <trkpt lat="43.3613517601043" lon="27.05464714206755">
        <ele>205.79999999999995</ele>
        <time>2025-05-19T07:15:34</time>
      </trkpt>
      <trkpt lat="43.36106761358678" lon="27.05446776933968">
        <ele>204.60000000000002</ele>
        <time>2025-05-19T07:15:39</time>
      </trkpt>
      <trkpt lat="43.360948506742716" lon="27.05439291894436">
        <ele>204.20000000000005</ele>
        <time>2025-05-19T07:15:41</time>
      </trkpt>
      <trkpt lat="43.3607645239681" lon="27.05427666194737">
        <ele>203.39999999999998</ele>
        <time>2025-05-19T07:15:44</time>
      </trkpt>
      <trkpt lat="43.3605039305985" lon="27.05411254428327">
        <ele>202.20000000000005</ele>
        <time>2025-05-19T07:15:48</time>
      </trkpt>
      <trkpt lat="43.36037124507129" lon="27.054025875404477">
        <ele>201.39999999999998</ele>
        <time>2025-05-19T07:15:50</time>
      </trkpt>
      <trkpt lat="43.360304022207856" lon="27.05398346297443">
        <ele>201.0</ele>
        <time>2025-05-19T07:15:51</time>
      </trkpt>
      <trkpt lat="43.36016974411905" lon="27.05389796756208">
        <ele>199.79999999999995</ele>
        <time>2025-05-19T07:15:53</time>
      </trkpt>
      <trkpt lat="43.35990462452173" lon="27.053726641461253">
        <ele>198.39999999999998</ele>
        <time>2025-05-19T07:15:57</time>
      </trkpt>
      <trkpt lat="43.35977487266064" lon="27.05364542081952">
        <ele>197.39999999999998</ele>
        <time>2025-05-19T07:15:59</time>
      </trkpt>
      <trkpt lat="43.35970940999687" lon="27.05360527150333">
        <ele>197.0</ele>
        <time>2025-05-19T07:16:00</time>
      </trkpt>
      <trkpt lat="43.35957697592676" lon="27.05352363176644">
        <ele>196.0</ele>
        <time>2025-05-19T07:16:02</time>
      </trkpt>
      <trkpt lat="43.35937924683094" lon="27.053388934582472">
        <ele>195.0</ele>
        <time>2025-05-19T07:16:05</time>
      </trkpt>
      <trkpt lat="43.35925184190273" lon="27.053278209641576">
        <ele>194.20000000000005</ele>
        <time>2025-05-19T07:16:07</time>
      </trkpt>
      <trkpt lat="43.35919417440891" lon="27.053209645673633">
        <ele>193.79999999999995</ele>
        <time>2025-05-19T07:16:08</time>
      </trkpt>
      <trkpt lat="43.35904606617987" lon="27.052967408671975">
        <ele>192.79999999999995</ele>
        <time>2025-05-19T07:16:11</time>
      </trkpt>
      <trkpt lat="43.35896040312946" lon="27.052792059257627">
        <ele>192.0</ele>
        <time>2025-05-19T07:16:13</time>
      </trkpt>
      <trkpt lat="43.35891941562295" lon="27.05270329490304">
        <ele>191.60000000000002</ele>
        <time>2025-05-19T07:16:14</time>
      </trkpt>
      <trkpt lat="43.35881195962429" lon="27.052424428984523">
        <ele>190.39999999999998</ele>
        <time>2025-05-19T07:16:17</time>
      </trkpt>
      <trkpt lat="43.35875831544399" lon="27.052225107327104">
        <ele>189.60000000000002</ele>
        <time>2025-05-19T07:16:19</time>
      </trkpt>
      <trkpt lat="43.358735516667366" lon="27.052123602479696">
        <ele>189.39999999999998</ele>
        <time>2025-05-19T07:16:20</time>
      </trkpt>
      <trkpt lat="43.358672400936484" lon="27.05182177014649">
        <ele>188.20000000000005</ele>
        <time>2025-05-19T07:16:23</time>
      </trkpt>
      <trkpt lat="43.358614733442664" lon="27.05152563750744">
        <ele>187.0</ele>
        <time>2025-05-19T07:16:26</time>
      </trkpt>
      <trkpt lat="43.35857642814517" lon="27.051329417154193">
        <ele>185.60000000000002</ele>
        <time>2025-05-19T07:16:28</time>
      </trkpt>
      <trkpt lat="43.35855798795819" lon="27.05123160034418">
        <ele>185.39999999999998</ele>
        <time>2025-05-19T07:16:29</time>
      </trkpt>
      <trkpt lat="43.358508199453354" lon="27.050942089408636">
        <ele>184.60000000000002</ele>
        <time>2025-05-19T07:16:32</time>
      </trkpt>
      <trkpt lat="43.35847089998424" lon="27.050666576251388">
        <ele>183.39999999999998</ele>
        <time>2025-05-19T07:16:35</time>
      </trkpt>
      <trkpt lat="43.358453549444675" lon="27.050489634275436">
        <ele>182.79999999999995</ele>
        <time>2025-05-19T07:16:37</time>
      </trkpt>
      <trkpt lat="43.35844734683633" lon="27.050402211025357">
        <ele>182.39999999999998</ele>
        <time>2025-05-19T07:16:38</time>
      </trkpt>
      <trkpt lat="43.358432510867715" lon="27.050144467502832">
        <ele>181.0</ele>
        <time>2025-05-19T07:16:41</time>
      </trkpt>
      <trkpt lat="43.35842446424067" lon="27.049886975437403">
        <ele>180.0</ele>
        <time>2025-05-19T07:16:44</time>
      </trkpt>
      <trkpt lat="43.35841650143266" lon="27.049623616039753">
        <ele>179.20000000000005</ele>
        <time>2025-05-19T07:16:47</time>
      </trkpt>
      <trkpt lat="43.35841415449977" lon="27.049533678218722">
        <ele>178.79999999999995</ele>
        <time>2025-05-19T07:16:48</time>
      </trkpt>
      <trkpt lat="43.35840778425336" lon="27.04925791360438">
        <ele>177.60000000000002</ele>
        <time>2025-05-19T07:16:51</time>
      </trkpt>
      <trkpt lat="43.358401246368885" lon="27.048983741551638">
        <ele>176.0</ele>
        <time>2025-05-19T07:16:54</time>
      </trkpt>
      <trkpt lat="43.358399821445346" lon="27.048893300816417">
        <ele>175.39999999999998</ele>
        <time>2025-05-19T07:16:55</time>
      </trkpt>
      <trkpt lat="43.35839814506471" lon="27.048712335526943">
        <ele>174.60000000000002</ele>
        <time>2025-05-19T07:16:57</time>
      </trkpt>
      <trkpt lat="43.3584160823375" lon="27.04833975993097">
        <ele>173.20000000000005</ele>
        <time>2025-05-19T07:17:01</time>
      </trkpt>
      <trkpt lat="43.358441311866045" lon="27.048149071633816">
        <ele>172.60000000000002</ele>
        <time>2025-05-19T07:17:03</time>
      </trkpt>
      <trkpt lat="43.35845614783466" lon="27.048050835728645">
        <ele>172.0</ele>
        <time>2025-05-19T07:17:04</time>
      </trkpt>
      <trkpt lat="43.35852119140327" lon="27.047635596245527">
        <ele>170.79999999999995</ele>
        <time>2025-05-19T07:17:08</time>
      </trkpt>
      <trkpt lat="43.358552204445004" lon="27.047417080029845">
        <ele>170.20000000000005</ele>
        <time>2025-05-19T07:17:10</time>
      </trkpt>
      <trkpt lat="43.35858380421996" lon="27.047193618491292">
        <ele>169.60000000000002</ele>
        <time>2025-05-19T07:17:12</time>
      </trkpt>
      <trkpt lat="43.35862730629742" lon="27.046859096735716">
        <ele>168.20000000000005</ele>
        <time>2025-05-19T07:17:15</time>
      </trkpt>
      <trkpt lat="43.358640633523464" lon="27.04665751196444">
        <ele>167.20000000000005</ele>
        <time>2025-05-19T07:17:17</time>
      </trkpt>
      <trkpt lat="43.358635352924466" lon="27.04656505957246">
        <ele>166.60000000000002</ele>
        <time>2025-05-19T07:17:18</time>
      </trkpt>
      <trkpt lat="43.35859780199826" lon="27.04639457166195">
        <ele>165.39999999999998</ele>
        <time>2025-05-19T07:17:20</time>
      </trkpt>
      <trkpt lat="43.358568800613284" lon="27.04631879925728">
        <ele>164.79999999999995</ele>
        <time>2025-05-19T07:17:21</time>
      </trkpt>
      <trkpt lat="43.35849571041763" lon="27.04619030468166">
        <ele>164.0</ele>
        <time>2025-05-19T07:17:23</time>
      </trkpt>
      <trkpt lat="43.35845522582531" lon="27.046137917786837">
        <ele>163.60000000000002</ele>
        <time>2025-05-19T07:17:24</time>
      </trkpt>
      <trkpt lat="43.35841415449977" lon="27.046090476214886">
        <ele>163.20000000000005</ele>
        <time>2025-05-19T07:17:25</time>
      </trkpt>
      <trkpt lat="43.358373418450356" lon="27.04604957252741">
        <ele>163.0</ele>
        <time>2025-05-19T07:17:26</time>
      </trkpt>
      <trkpt lat="43.3582554012537" lon="27.04594060778618">
        <ele>161.60000000000002</ele>
        <time>2025-05-19T07:17:29</time>
      </trkpt>
      <trkpt lat="43.358176443725824" lon="27.04587028361857">
        <ele>161.20000000000005</ele>
        <time>2025-05-19T07:17:31</time>
      </trkpt>
      <trkpt lat="43.35789036937058" lon="27.04559611156583">
        <ele>161.0</ele>
        <time>2025-05-19T07:17:39</time>
      </trkpt>
      <trkpt lat="43.35770227946341" lon="27.04541875049472">
        <ele>161.20000000000005</ele>
        <time>2025-05-19T07:17:46</time>
      </trkpt>
      <trkpt lat="43.35752936080098" lon="27.04530014656484">
        <ele>162.0</ele>
        <time>2025-05-19T07:17:54</time>
      </trkpt>
      <trkpt lat="43.35743514820933" lon="27.0452625118196">
        <ele>162.79999999999995</ele>
        <time>2025-05-19T07:17:58</time>
      </trkpt>
      <trkpt lat="43.35731637664139" lon="27.045229570940137">
        <ele>163.79999999999995</ele>
        <time>2025-05-19T07:18:03</time>
      </trkpt>
      <trkpt lat="43.35729240439832" lon="27.04522378742695">
        <ele>164.0</ele>
        <time>2025-05-19T07:18:04</time>
      </trkpt>
      <trkpt lat="43.35712417960167" lon="27.045186571776867">
        <ele>165.0</ele>
        <time>2025-05-19T07:18:11</time>
      </trkpt>
      <trkpt lat="43.357077073305845" lon="27.045184141024947">
        <ele>165.60000000000002</ele>
        <time>2025-05-19T07:18:13</time>
      </trkpt>
      <trkpt lat="43.35698587819934" lon="27.045159498229623">
        <ele>166.20000000000005</ele>
        <time>2025-05-19T07:18:17</time>
      </trkpt>
      <trkpt lat="43.35691639222205" lon="27.045142566785216">
        <ele>166.39999999999998</ele>
        <time>2025-05-19T07:18:20</time>
      </trkpt>
      <trkpt lat="43.35675805807114" lon="27.045096633955836">
        <ele>167.39999999999998</ele>
        <time>2025-05-19T07:18:27</time>
      </trkpt>
      <trkpt lat="43.35669167339802" lon="27.04507291316986">
        <ele>167.79999999999995</ele>
        <time>2025-05-19T07:18:30</time>
      </trkpt>
      <trkpt lat="43.35660332813859" lon="27.045033015310764">
        <ele>168.39999999999998</ele>
        <time>2025-05-19T07:18:34</time>
      </trkpt>
      <trkpt lat="43.35647324100137" lon="27.044957745820284">
        <ele>169.39999999999998</ele>
        <time>2025-05-19T07:18:40</time>
      </trkpt>
      <trkpt lat="43.356453040614724" lon="27.04494148492813">
        <ele>169.60000000000002</ele>
        <time>2025-05-19T07:18:41</time>
      </trkpt>
      <trkpt lat="43.35635463707149" lon="27.0448549836874">
        <ele>170.60000000000002</ele>
        <time>2025-05-19T07:18:46</time>
      </trkpt>
      <trkpt lat="43.35633552633226" lon="27.044835537672043">
        <ele>170.60000000000002</ele>
        <time>2025-05-19T07:18:47</time>
      </trkpt>
      <trkpt lat="43.35620309226215" lon="27.044698745012283">
        <ele>171.79999999999995</ele>
        <time>2025-05-19T07:18:54</time>
      </trkpt>
      <trkpt lat="43.356168223544955" lon="27.04465750604868">
        <ele>172.60000000000002</ele>
        <time>2025-05-19T07:18:56</time>
      </trkpt>
      <trkpt lat="43.35613184608519" lon="27.044618278741837">
        <ele>172.79999999999995</ele>
        <time>2025-05-19T07:18:58</time>
      </trkpt>
      <trkpt lat="43.35604484193027" lon="27.044509816914797">
        <ele>174.0</ele>
        <time>2025-05-19T07:19:03</time>
      </trkpt>
      <trkpt lat="43.35591207258403" lon="27.04434284940362">
        <ele>175.0</ele>
        <time>2025-05-19T07:19:11</time>
      </trkpt>
      <trkpt lat="43.3557409979403" lon="27.044136989861727">
        <ele>176.0</ele>
        <time>2025-05-19T07:19:21</time>
      </trkpt>
      <trkpt lat="43.35572389885783" lon="27.04411712475121">
        <ele>176.20000000000005</ele>
        <time>2025-05-19T07:19:22</time>
      </trkpt>
      <trkpt lat="43.355626752600074" lon="27.043997012078762">
        <ele>177.0</ele>
        <time>2025-05-19T07:19:28</time>
      </trkpt>
      <trkpt lat="43.355577886104584" lon="27.043936410918832">
        <ele>177.20000000000005</ele>
        <time>2025-05-19T07:19:31</time>
      </trkpt>
      <trkpt lat="43.35547504015267" lon="27.043814789503813">
        <ele>178.20000000000005</ele>
        <time>2025-05-19T07:19:37</time>
      </trkpt>
      <trkpt lat="43.355458276346326" lon="27.04379366710782">
        <ele>178.60000000000002</ele>
        <time>2025-05-19T07:19:38</time>
      </trkpt>
      <trkpt lat="43.35530731827021" lon="27.043623765930533">
        <ele>179.20000000000005</ele>
        <time>2025-05-19T07:19:46</time>
      </trkpt>
      <trkpt lat="43.35527035407722" lon="27.043576324358582">
        <ele>179.39999999999998</ele>
        <time>2025-05-19T07:19:48</time>
      </trkpt>
      <trkpt lat="43.35511587560177" lon="27.043397035449743">
        <ele>180.39999999999998</ele>
        <time>2025-05-19T07:19:56</time>
      </trkpt>
      <trkpt lat="43.355096597224474" lon="27.04337440431118">
        <ele>180.60000000000002</ele>
        <time>2025-05-19T07:19:57</time>
      </trkpt>
      <trkpt lat="43.35500012151897" lon="27.04326049424708">
        <ele>181.60000000000002</ele>
        <time>2025-05-19T07:20:02</time>
      </trkpt>
      <trkpt lat="43.35490423254669" lon="27.043144656345248">
        <ele>182.20000000000005</ele>
        <time>2025-05-19T07:20:07</time>
      </trkpt>
      <trkpt lat="43.35484539158642" lon="27.04307584092021">
        <ele>182.60000000000002</ele>
        <time>2025-05-19T07:20:10</time>
      </trkpt>
      <trkpt lat="43.35469761863351" lon="27.042896803468466">
        <ele>183.60000000000002</ele>
        <time>2025-05-19T07:20:18</time>
      </trkpt>
      <trkpt lat="43.35468010045588" lon="27.042874339967966">
        <ele>183.79999999999995</ele>
        <time>2025-05-19T07:20:19</time>
      </trkpt>
      <trkpt lat="43.35455051623285" lon="27.04272204078734">
        <ele>184.79999999999995</ele>
        <time>2025-05-19T07:20:26</time>
      </trkpt>
      <trkpt lat="43.354513216763735" lon="27.042677868157625">
        <ele>185.0</ele>
        <time>2025-05-19T07:20:28</time>
      </trkpt>
      <trkpt lat="43.35441187955439" lon="27.04256420955062">
        <ele>185.60000000000002</ele>
        <time>2025-05-19T07:20:34</time>
      </trkpt>
      <trkpt lat="43.35439410991967" lon="27.042542584240437">
        <ele>186.0</ele>
        <time>2025-05-19T07:20:35</time>
      </trkpt>
      <trkpt lat="43.35429361090064" lon="27.042416939511895">
        <ele>187.0</ele>
        <time>2025-05-19T07:20:41</time>
      </trkpt>
      <trkpt lat="43.354241559281945" lon="27.042352817952633">
        <ele>187.20000000000005</ele>
        <time>2025-05-19T07:20:44</time>
      </trkpt>
      <trkpt lat="43.3541143219918" lon="27.042206469923258">
        <ele>188.20000000000005</ele>
        <time>2025-05-19T07:20:51</time>
      </trkpt>
      <trkpt lat="43.35405791178346" lon="27.0421420969069">
        <ele>189.0</ele>
        <time>2025-05-19T07:20:54</time>
      </trkpt>
      <trkpt lat="43.354040225967765" lon="27.042119717225432">
        <ele>189.20000000000005</ele>
        <time>2025-05-19T07:20:55</time>
      </trkpt>
      <trkpt lat="43.35393846966326" lon="27.041992731392384">
        <ele>190.20000000000005</ele>
        <time>2025-05-19T07:21:01</time>
      </trkpt>
      <trkpt lat="43.35386462509632" lon="27.04191042110324">
        <ele>190.79999999999995</ele>
        <time>2025-05-19T07:21:05</time>
      </trkpt>
      <trkpt lat="43.3537948038429" lon="27.041826518252492">
        <ele>191.39999999999998</ele>
        <time>2025-05-19T07:21:09</time>
      </trkpt>
      <trkpt lat="43.35371215827763" lon="27.04172484576702">
        <ele>192.20000000000005</ele>
        <time>2025-05-19T07:21:14</time>
      </trkpt>
      <trkpt lat="43.353661028668284" lon="27.04166416078806">
        <ele>192.60000000000002</ele>
        <time>2025-05-19T07:21:17</time>
      </trkpt>
      <trkpt lat="43.353553069755435" lon="27.041536755859852">
        <ele>193.39999999999998</ele>
        <time>2025-05-19T07:21:23</time>
      </trkpt>
      <trkpt lat="43.35353479720652" lon="27.041517226025462">
        <ele>193.60000000000002</ele>
        <time>2025-05-19T07:21:24</time>
      </trkpt>
      <trkpt lat="43.35341493599117" lon="27.04136903397739">
        <ele>194.79999999999995</ele>
        <time>2025-05-19T07:21:31</time>
      </trkpt>
      <trkpt lat="43.35339901037514" lon="27.041346821933985">
        <ele>195.0</ele>
        <time>2025-05-19T07:21:32</time>
      </trkpt>
      <trkpt lat="43.35330069065094" lon="27.041211035102606">
        <ele>196.0</ele>
        <time>2025-05-19T07:21:38</time>
      </trkpt>
      <trkpt lat="43.35324939340353" lon="27.041141716763377">
        <ele>196.20000000000005</ele>
        <time>2025-05-19T07:21:41</time>
      </trkpt>
      <trkpt lat="43.353143613785505" lon="27.040996039286256">
        <ele>197.0</ele>
        <time>2025-05-19T07:21:47</time>
      </trkpt>
      <trkpt lat="43.3530851919204" lon="27.040915237739682">
        <ele>197.20000000000005</ele>
        <time>2025-05-19T07:21:50</time>
      </trkpt>
      <trkpt lat="43.35296977311373" lon="27.040761848911643">
        <ele>197.79999999999995</ele>
        <time>2025-05-19T07:21:56</time>
      </trkpt>
      <trkpt lat="43.35291227325797" lon="27.04067920334637">
        <ele>198.0</ele>
        <time>2025-05-19T07:21:59</time>
      </trkpt>
      <trkpt lat="43.352891989052296" lon="27.040652548894286">
        <ele>198.0</ele>
        <time>2025-05-19T07:22:00</time>
      </trkpt>
      <trkpt lat="43.35273306816816" lon="27.040435876697302">
        <ele>198.60000000000002</ele>
        <time>2025-05-19T07:22:08</time>
      </trkpt>
      <trkpt lat="43.35262896493077" lon="27.040298245847225">
        <ele>199.0</ele>
        <time>2025-05-19T07:22:13</time>
      </trkpt>
      <trkpt lat="43.352563586086035" lon="27.04020864330232">
        <ele>199.39999999999998</ele>
        <time>2025-05-19T07:22:16</time>
      </trkpt>
      <trkpt lat="43.352359319105744" lon="27.039930867031217">
        <ele>200.0</ele>
        <time>2025-05-19T07:22:25</time>
      </trkpt>
      <trkpt lat="43.35228337906301" lon="27.039827266708016">
        <ele>200.20000000000005</ele>
        <time>2025-05-19T07:22:28</time>
      </trkpt>
      <trkpt lat="43.35215521976352" lon="27.039655437693">
        <ele>200.39999999999998</ele>
        <time>2025-05-19T07:22:33</time>
      </trkpt>
      <trkpt lat="43.35189152508974" lon="27.039293674752116">
        <ele>201.20000000000005</ele>
        <time>2025-05-19T07:22:43</time>
      </trkpt>
      <trkpt lat="43.35186470299959" lon="27.03925629146397">
        <ele>201.20000000000005</ele>
        <time>2025-05-19T07:22:44</time>
      </trkpt>
      <trkpt lat="43.351676780730486" lon="27.038993937894702">
        <ele>201.79999999999995</ele>
        <time>2025-05-19T07:22:51</time>
      </trkpt>
      <trkpt lat="43.3515378087759" lon="27.03880869783461">
        <ele>202.20000000000005</ele>
        <time>2025-05-19T07:22:56</time>
      </trkpt>
      <trkpt lat="43.35142624564469" lon="27.038665367290378">
        <ele>202.39999999999998</ele>
        <time>2025-05-19T07:23:00</time>
      </trkpt>
      <trkpt lat="43.35120068863034" lon="27.038433020934463">
        <ele>202.79999999999995</ele>
        <time>2025-05-19T07:23:08</time>
      </trkpt>
      <trkpt lat="43.350895922631025" lon="27.03816362656653">
        <ele>202.79999999999995</ele>
        <time>2025-05-19T07:23:17</time>
      </trkpt>
      <trkpt lat="43.35059467703104" lon="27.03789783641696">
        <ele>202.79999999999995</ele>
        <time>2025-05-19T07:23:25</time>
      </trkpt>
      <trkpt lat="43.35020617581904" lon="27.037552082911134">
        <ele>202.39999999999998</ele>
        <time>2025-05-19T07:23:35</time>
      </trkpt>
      <trkpt lat="43.349868804216385" lon="27.037251507863402">
        <ele>202.39999999999998</ele>
        <time>2025-05-19T07:23:45</time>
      </trkpt>
      <trkpt lat="43.349617095664144" lon="27.037023352459073">
        <ele>202.60000000000002</ele>
        <time>2025-05-19T07:23:53</time>
      </trkpt>
      <trkpt lat="43.34936169907451" lon="27.03679653815925">
        <ele>203.39999999999998</ele>
        <time>2025-05-19T07:24:01</time>
      </trkpt>
      <trkpt lat="43.34927301853895" lon="27.036719592288136">
        <ele>203.79999999999995</ele>
        <time>2025-05-19T07:24:04</time>
      </trkpt>
      <trkpt lat="43.34897973574698" lon="27.03645246103406">
        <ele>204.39999999999998</ele>
        <time>2025-05-19T07:24:14</time>
      </trkpt>
      <trkpt lat="43.3489493932575" lon="27.036426393315196">
        <ele>204.39999999999998</ele>
        <time>2025-05-19T07:24:15</time>
      </trkpt>
      <trkpt lat="43.348673125728965" lon="27.036169655621052">
        <ele>205.20000000000005</ele>
        <time>2025-05-19T07:24:25</time>
      </trkpt>
      <trkpt lat="43.34855770692229" lon="27.036049542948604">
        <ele>205.60000000000002</ele>
        <time>2025-05-19T07:24:30</time>
      </trkpt>
      <trkpt lat="43.348449831828475" lon="27.03592624515295">
        <ele>206.0</ele>
        <time>2025-05-19T07:24:35</time>
      </trkpt>
      <trkpt lat="43.34840423427522" lon="27.03587930649519">
        <ele>206.60000000000002</ele>
        <time>2025-05-19T07:24:37</time>
      </trkpt>
      <trkpt lat="43.348275404423475" lon="27.03573036007583">
        <ele>207.20000000000005</ele>
        <time>2025-05-19T07:24:43</time>
      </trkpt>
      <trkpt lat="43.348236763849854" lon="27.03568476252258">
        <ele>207.60000000000002</ele>
        <time>2025-05-19T07:24:45</time>
      </trkpt>
      <trkpt lat="43.348148837685585" lon="27.035580491647124">
        <ele>208.60000000000002</ele>
        <time>2025-05-19T07:24:50</time>
      </trkpt>
      <trkpt lat="43.34813106805086" lon="27.035560877993703">
        <ele>209.0</ele>
        <time>2025-05-19T07:24:51</time>
      </trkpt>
      <trkpt lat="43.34802805446088" lon="27.035444201901555">
        <ele>210.0</ele>
        <time>2025-05-19T07:24:57</time>
      </trkpt>
      <trkpt lat="43.34801229648292" lon="27.035423079505563">
        <ele>210.20000000000005</ele>
        <time>2025-05-19T07:24:58</time>
      </trkpt>
      <trkpt lat="43.348003663122654" lon="27.03540103510022">
        <ele>210.39999999999998</ele>
        <time>2025-05-19T07:24:59</time>
      </trkpt>
      <trkpt lat="43.34799226373434" lon="27.035350827500224">
        <ele>210.60000000000002</ele>
        <time>2025-05-19T07:25:02</time>
      </trkpt>
      <trkpt lat="43.34798966534436" lon="27.035344624891877">
        <ele>211.39999999999998</ele>
        <time>2025-05-19T07:25:05</time>
      </trkpt>
      <trkpt lat="43.34799016825855" lon="27.035342445597053">
        <ele>212.0</ele>
        <time>2025-05-19T07:25:09</time>
      </trkpt>
      <trkpt lat="43.34799033589661" lon="27.035342110320926">
        <ele>212.39999999999998</ele>
        <time>2025-05-19T07:25:12</time>
      </trkpt>
      <trkpt lat="43.347989078611135" lon="27.035343619063497">
        <ele>212.79999999999995</ele>
        <time>2025-05-19T07:25:26</time>
      </trkpt>
      <trkpt lat="43.34798832423985" lon="27.03534529544413">
        <ele>212.60000000000002</ele>
        <time>2025-05-19T07:25:38</time>
      </trkpt>
      <trkpt lat="43.347986061125994" lon="27.03534579835832">
        <ele>212.79999999999995</ele>
        <time>2025-05-19T07:25:58</time>
      </trkpt>
      <trkpt lat="43.347987066954374" lon="27.035349067300558">
        <ele>212.39999999999998</ele>
        <time>2025-05-19T07:26:08</time>
      </trkpt>
      <trkpt lat="43.347986061125994" lon="27.035348983481526">
        <ele>212.39999999999998</ele>
        <time>2025-05-19T07:26:24</time>
      </trkpt>
      <trkpt lat="43.34798824042082" lon="27.035359125584364">
        <ele>212.39999999999998</ele>
        <time>2025-05-19T07:26:37</time>
      </trkpt>
      <trkpt lat="43.34798798896372" lon="27.03536180779338">
        <ele>212.20000000000005</ele>
        <time>2025-05-19T07:26:51</time>
      </trkpt>
      <trkpt lat="43.347988575696945" lon="27.035360299050808">
        <ele>212.60000000000002</ele>
        <time>2025-05-19T07:27:25</time>
      </trkpt>
      <trkpt lat="43.34798916243017" lon="27.035359544679523">
        <ele>212.79999999999995</ele>
        <time>2025-05-19T07:28:05</time>
      </trkpt>
      <trkpt lat="43.34798966534436" lon="27.035359628498554">
        <ele>213.20000000000005</ele>
        <time>2025-05-19T07:28:27</time>
      </trkpt>
      <trkpt lat="43.34799025207758" lon="27.035360047593713">
        <ele>213.20000000000005</ele>
        <time>2025-05-19T07:29:00</time>
      </trkpt>
      <trkpt lat="43.347990084439516" lon="27.035360299050808">
        <ele>213.0</ele>
        <time>2025-05-19T07:29:20</time>
      </trkpt>
      <trkpt lat="43.347989497706294" lon="27.035360299050808">
        <ele>212.79999999999995</ele>
        <time>2025-05-19T07:29:56</time>
      </trkpt>
      <trkpt lat="43.34799016825855" lon="27.035359041765332">
        <ele>213.20000000000005</ele>
        <time>2025-05-19T07:30:44</time>
      </trkpt>
      <trkpt lat="43.34799067117274" lon="27.035358203575015">
        <ele>213.60000000000002</ele>
        <time>2025-05-19T07:31:01</time>
      </trkpt>
      <trkpt lat="43.3479910902679" lon="27.035357113927603">
        <ele>214.0</ele>
        <time>2025-05-19T07:31:18</time>
      </trkpt>
      <trkpt lat="43.34799125790596" lon="27.035355772823095">
        <ele>213.20000000000005</ele>
        <time>2025-05-19T07:32:06</time>
      </trkpt>
      <trkpt lat="43.34799134172499" lon="27.035356275737286">
        <ele>213.0</ele>
        <time>2025-05-19T07:32:39</time>
      </trkpt>
      <trkpt lat="43.34799125790596" lon="27.035356359556317">
        <ele>213.0</ele>
        <time>2025-05-19T07:33:16</time>
      </trkpt>
      <trkpt lat="43.3479910902679" lon="27.035356694832444">
        <ele>213.39999999999998</ele>
        <time>2025-05-19T07:33:48</time>
      </trkpt>
      <trkpt lat="43.34799117408693" lon="27.03535602428019">
        <ele>213.20000000000005</ele>
        <time>2025-05-19T07:34:14</time>
      </trkpt>
      <trkpt lat="43.34799067117274" lon="27.035355269908905">
        <ele>212.79999999999995</ele>
        <time>2025-05-19T07:35:04</time>
      </trkpt>
      <trkpt lat="43.34799067117274" lon="27.035355186089873">
        <ele>212.79999999999995</ele>
        <time>2025-05-19T07:35:05</time>
      </trkpt>
      <trkpt lat="43.34798891097307" lon="27.035359209403396">
        <ele>212.60000000000002</ele>
        <time>2025-05-19T07:35:19</time>
      </trkpt>
      <trkpt lat="43.34796812385321" lon="27.035361723974347">
        <ele>212.60000000000002</ele>
        <time>2025-05-19T07:35:23</time>
      </trkpt>
      <trkpt lat="43.347940715029836" lon="27.035347558557987">
        <ele>212.60000000000002</ele>
        <time>2025-05-19T07:35:25</time>
      </trkpt>
      <trkpt lat="43.34790961816907" lon="27.035312857478857">
        <ele>212.60000000000002</ele>
        <time>2025-05-19T07:35:27</time>
      </trkpt>
      <trkpt lat="43.347819931805134" lon="27.0352088380605">
        <ele>212.79999999999995</ele>
        <time>2025-05-19T07:35:32</time>
      </trkpt>
      <trkpt lat="43.34766989573836" lon="27.03503885306418">
        <ele>214.0</ele>
        <time>2025-05-19T07:35:40</time>
      </trkpt>
      <trkpt lat="43.34765078499913" lon="27.035019658505917">
        <ele>214.20000000000005</ele>
        <time>2025-05-19T07:35:41</time>
      </trkpt>
      <trkpt lat="43.3475695643574" lon="27.034922428429127">
        <ele>215.0</ele>
        <time>2025-05-19T07:35:46</time>
      </trkpt>
      <trkpt lat="43.347518937662244" lon="27.03486484475434">
        <ele>215.60000000000002</ele>
        <time>2025-05-19T07:35:49</time>
      </trkpt>
      <trkpt lat="43.347451044246554" lon="27.034787815064192">
        <ele>216.0</ele>
        <time>2025-05-19T07:35:53</time>
      </trkpt>
      <trkpt lat="43.347344594076276" lon="27.034668792039156">
        <ele>216.79999999999995</ele>
        <time>2025-05-19T07:35:59</time>
      </trkpt>
      <trkpt lat="43.34730964154005" lon="27.034628055989742">
        <ele>217.39999999999998</ele>
        <time>2025-05-19T07:36:01</time>
      </trkpt>
      <trkpt lat="43.34718022495508" lon="27.034488413482904">
        <ele>218.60000000000002</ele>
        <time>2025-05-19T07:36:08</time>
      </trkpt>
      <trkpt lat="43.347055753692985" lon="27.034353883937">
        <ele>219.60000000000002</ele>
        <time>2025-05-19T07:36:15</time>
      </trkpt>
      <trkpt lat="43.347024070098996" lon="27.034311555325985">
        <ele>219.79999999999995</ele>
        <time>2025-05-19T07:36:17</time>
      </trkpt>
      <trkpt lat="43.346916446462274" lon="27.034188089892268">
        <ele>220.60000000000002</ele>
        <time>2025-05-19T07:36:23</time>
      </trkpt>
      <trkpt lat="43.34687906317413" lon="27.034146348014474">
        <ele>221.20000000000005</ele>
        <time>2025-05-19T07:36:25</time>
      </trkpt>
      <trkpt lat="43.34678325802088" lon="27.0340396463871">
        <ele>221.60000000000002</ele>
        <time>2025-05-19T07:36:30</time>
      </trkpt>
      <trkpt lat="43.34672232158482" lon="27.033976363018155">
        <ele>222.0</ele>
        <time>2025-05-19T07:36:33</time>
      </trkpt>
      <trkpt lat="43.34657949395478" lon="27.033816603943706">
        <ele>222.79999999999995</ele>
        <time>2025-05-19T07:36:40</time>
      </trkpt>
      <trkpt lat="43.34649911150336" lon="27.033728593960404">
        <ele>223.39999999999998</ele>
        <time>2025-05-19T07:36:44</time>
      </trkpt>
      <trkpt lat="43.346420573070645" lon="27.033638572320342">
        <ele>223.79999999999995</ele>
        <time>2025-05-19T07:36:48</time>
      </trkpt>
      <trkpt lat="43.34632460027933" lon="27.033524746075273">
        <ele>225.0</ele>
        <time>2025-05-19T07:36:53</time>
      </trkpt>
      <trkpt lat="43.346304818987846" lon="27.03350119292736">
        <ele>225.0</ele>
        <time>2025-05-19T07:36:54</time>
      </trkpt>
      <trkpt lat="43.346145981922746" lon="27.033321233466268">
        <ele>225.60000000000002</ele>
        <time>2025-05-19T07:37:02</time>
      </trkpt>
      <trkpt lat="43.34595998749137" lon="27.03311319462955">
        <ele>225.79999999999995</ele>
        <time>2025-05-19T07:37:11</time>
      </trkpt>
      <trkpt lat="43.34589553065598" lon="27.03304186463356">
        <ele>226.0</ele>
        <time>2025-05-19T07:37:14</time>
      </trkpt>
      <trkpt lat="43.34578991867602" lon="27.032919572666287">
        <ele>226.60000000000002</ele>
        <time>2025-05-19T07:37:19</time>
      </trkpt>
      <trkpt lat="43.345704674720764" lon="27.032826114445925">
        <ele>227.20000000000005</ele>
        <time>2025-05-19T07:37:23</time>
      </trkpt>
      <trkpt lat="43.34563988260925" lon="27.032750844955444">
        <ele>227.39999999999998</ele>
        <time>2025-05-19T07:37:26</time>
      </trkpt>
      <trkpt lat="43.345527313649654" lon="27.032628720626235">
        <ele>228.20000000000005</ele>
        <time>2025-05-19T07:37:31</time>
      </trkpt>
      <trkpt lat="43.345417426899076" lon="27.03250584192574">
        <ele>229.0</ele>
        <time>2025-05-19T07:37:36</time>
      </trkpt>
      <trkpt lat="43.345351964235306" lon="27.03243149444461">
        <ele>229.39999999999998</ele>
        <time>2025-05-19T07:37:39</time>
      </trkpt>
      <trkpt lat="43.3452470228076" lon="27.032306101173162">
        <ele>230.39999999999998</ele>
        <time>2025-05-19T07:37:44</time>
      </trkpt>
      <trkpt lat="43.34522598423064" lon="27.03228254802525">
        <ele>230.60000000000002</ele>
        <time>2025-05-19T07:37:45</time>
      </trkpt>
      <trkpt lat="43.34505055099726" lon="27.032084902748466">
        <ele>231.60000000000002</ele>
        <time>2025-05-19T07:37:53</time>
      </trkpt>
      <trkpt lat="43.34500671364367" lon="27.03203863464296">
        <ele>231.60000000000002</ele>
        <time>2025-05-19T07:37:55</time>
      </trkpt>
      <trkpt lat="43.344860365614295" lon="27.031866470351815">
        <ele>232.0</ele>
        <time>2025-05-19T07:38:02</time>
      </trkpt>
      <trkpt lat="43.34471091628075" lon="27.03167804516852">
        <ele>232.39999999999998</ele>
        <time>2025-05-19T07:38:10</time>
      </trkpt>
      <trkpt lat="43.34463296458125" lon="27.031587352976203">
        <ele>232.60000000000002</ele>
        <time>2025-05-19T07:38:14</time>
      </trkpt>
      <trkpt lat="43.34452383220196" lon="27.03147193416953">
        <ele>233.39999999999998</ele>
        <time>2025-05-19T07:38:19</time>
      </trkpt>
      <trkpt lat="43.344413693994284" lon="27.031351402401924">
        <ele>233.60000000000002</ele>
        <time>2025-05-19T07:38:24</time>
      </trkpt>
      <trkpt lat="43.34432903677225" lon="27.031257022172213">
        <ele>234.20000000000005</ele>
        <time>2025-05-19T07:38:28</time>
      </trkpt>
      <trkpt lat="43.34426508285105" lon="27.031185356900096">
        <ele>234.60000000000002</ele>
        <time>2025-05-19T07:38:31</time>
      </trkpt>
      <trkpt lat="43.34415402263403" lon="27.031053258106112">
        <ele>235.20000000000005</ele>
        <time>2025-05-19T07:38:36</time>
      </trkpt>
      <trkpt lat="43.343996945768595" lon="27.03088109381497">
        <ele>235.79999999999995</ele>
        <time>2025-05-19T07:38:43</time>
      </trkpt>
      <trkpt lat="43.34393223747611" lon="27.030808590352535">
        <ele>236.20000000000005</ele>
        <time>2025-05-19T07:38:46</time>
      </trkpt>
      <trkpt lat="43.34384808316827" lon="27.030715132132173">
        <ele>236.79999999999995</ele>
        <time>2025-05-19T07:38:50</time>
      </trkpt>
      <trkpt lat="43.34376719780266" lon="27.030622009187937">
        <ele>237.20000000000005</ele>
        <time>2025-05-19T07:38:54</time>
      </trkpt>
      <trkpt lat="43.343661753460765" lon="27.030500136315823">
        <ele>237.79999999999995</ele>
        <time>2025-05-19T07:38:59</time>
      </trkpt>
      <trkpt lat="43.343556728214025" lon="27.03038572333753">
        <ele>238.20000000000005</ele>
        <time>2025-05-19T07:39:04</time>
      </trkpt>
      <trkpt lat="43.34338003769517" lon="27.030191430822015">
        <ele>238.79999999999995</ele>
        <time>2025-05-19T07:39:12</time>
      </trkpt>
      <trkpt lat="43.343285573646426" lon="27.03008657321334">
        <ele>239.20000000000005</ele>
        <time>2025-05-19T07:39:16</time>
      </trkpt>
      <trkpt lat="43.34303596056998" lon="27.029784405604005">
        <ele>240.0</ele>
        <time>2025-05-19T07:39:26</time>
      </trkpt>
      <trkpt lat="43.342826748266816" lon="27.029485506936908">
        <ele>240.39999999999998</ele>
        <time>2025-05-19T07:39:34</time>
      </trkpt>
      <trkpt lat="43.342582415789366" lon="27.029078900814056">
        <ele>240.79999999999995</ele>
        <time>2025-05-19T07:39:43</time>
      </trkpt>
      <trkpt lat="43.34228712134063" lon="27.028574226424098">
        <ele>240.79999999999995</ele>
        <time>2025-05-19T07:39:53</time>
      </trkpt>
      <trkpt lat="43.34194497205317" lon="27.027991600334644">
        <ele>239.79999999999995</ele>
        <time>2025-05-19T07:40:03</time>
      </trkpt>
      <trkpt lat="43.34165311418474" lon="27.027493128553033">
        <ele>239.0</ele>
        <time>2025-05-19T07:40:11</time>
      </trkpt>
      <trkpt lat="43.34157759323716" lon="27.02736647799611">
        <ele>238.60000000000002</ele>
        <time>2025-05-19T07:40:13</time>
      </trkpt>
      <trkpt lat="43.34146820940077" lon="27.027176711708307">
        <ele>238.0</ele>
        <time>2025-05-19T07:40:16</time>
      </trkpt>
      <trkpt lat="43.341202000156045" lon="27.026727944612503">
        <ele>236.79999999999995</ele>
        <time>2025-05-19T07:40:23</time>
      </trkpt>
      <trkpt lat="43.34090477786958" lon="27.026217905804515">
        <ele>235.79999999999995</ele>
        <time>2025-05-19T07:40:31</time>
      </trkpt>
      <trkpt lat="43.34083152003586" lon="27.026093769818544">
        <ele>235.39999999999998</ele>
        <time>2025-05-19T07:40:33</time>
      </trkpt>
      <trkpt lat="43.34065239876509" lon="27.025783890858293">
        <ele>234.60000000000002</ele>
        <time>2025-05-19T07:40:38</time>
      </trkpt>
      <trkpt lat="43.3404721878469" lon="27.025475101545453">
        <ele>233.39999999999998</ele>
        <time>2025-05-19T07:40:43</time>
      </trkpt>
      <trkpt lat="43.34043706767261" lon="27.02541248872876">
        <ele>233.39999999999998</ele>
        <time>2025-05-19T07:40:44</time>
      </trkpt>
      <trkpt lat="43.34022785536945" lon="27.02505575492978">
        <ele>232.39999999999998</ele>
        <time>2025-05-19T07:40:50</time>
      </trkpt>
      <trkpt lat="43.34006189368665" lon="27.024773117154837">
        <ele>231.79999999999995</ele>
        <time>2025-05-19T07:40:55</time>
      </trkpt>
      <trkpt lat="43.339935410767794" lon="27.02456122264266">
        <ele>231.39999999999998</ele>
        <time>2025-05-19T07:40:59</time>
      </trkpt>
      <trkpt lat="43.33978327922523" lon="27.02429736033082">
        <ele>231.0</ele>
        <time>2025-05-19T07:41:04</time>
      </trkpt>
      <trkpt lat="43.33943794481456" lon="27.023706268519163">
        <ele>230.60000000000002</ele>
        <time>2025-05-19T07:41:16</time>
      </trkpt>
      <trkpt lat="43.3394118770957" lon="27.023663856089115">
        <ele>230.60000000000002</ele>
        <time>2025-05-19T07:41:17</time>
      </trkpt>
      <trkpt lat="43.33916997537017" lon="27.023237720131874">
        <ele>231.20000000000005</ele>
        <time>2025-05-19T07:41:27</time>
      </trkpt>
      <trkpt lat="43.338963612914085" lon="27.022887524217367">
        <ele>232.0</ele>
        <time>2025-05-19T07:41:35</time>
      </trkpt>
      <trkpt lat="43.33886034786701" lon="27.022707061842084">
        <ele>232.39999999999998</ele>
        <time>2025-05-19T07:41:39</time>
      </trkpt>
      <trkpt lat="43.33870335482061" lon="27.02244051732123">
        <ele>232.60000000000002</ele>
        <time>2025-05-19T07:41:45</time>
      </trkpt>
      <trkpt lat="43.33838978782296" lon="27.02189678326249">
        <ele>233.39999999999998</ele>
        <time>2025-05-19T07:41:57</time>
      </trkpt>
      <trkpt lat="43.3383637201041" lon="27.021849593147635">
        <ele>233.39999999999998</ele>
        <time>2025-05-19T07:41:58</time>
      </trkpt>
      <trkpt lat="43.33802944980562" lon="27.02128498815">
        <ele>233.60000000000002</ele>
        <time>2025-05-19T07:42:10</time>
      </trkpt>
      <trkpt lat="43.33775343373418" lon="27.020816523581743">
        <ele>234.0</ele>
        <time>2025-05-19T07:42:20</time>
      </trkpt>
      <trkpt lat="43.33751605823636" lon="27.020404636859894">
        <ele>234.39999999999998</ele>
        <time>2025-05-19T07:42:29</time>
      </trkpt>
      <trkpt lat="43.33743525668979" lon="27.020268263295293">
        <ele>234.39999999999998</ele>
        <time>2025-05-19T07:42:32</time>
      </trkpt>
      <trkpt lat="43.33728379569948" lon="27.0200071670115">
        <ele>234.79999999999995</ele>
        <time>2025-05-19T07:42:38</time>
      </trkpt>
      <trkpt lat="43.3370185084641" lon="27.019546329975128">
        <ele>235.39999999999998</ele>
        <time>2025-05-19T07:42:49</time>
      </trkpt>
      <trkpt lat="43.33685204386711" lon="27.0192542206496">
        <ele>236.20000000000005</ele>
        <time>2025-05-19T07:42:56</time>
      </trkpt>
      <trkpt lat="43.3367336075753" lon="27.019048780202866">
        <ele>236.60000000000002</ele>
        <time>2025-05-19T07:43:01</time>
      </trkpt>
      <trkpt lat="43.33659832365811" lon="27.018812661990523">
        <ele>236.79999999999995</ele>
        <time>2025-05-19T07:43:07</time>
      </trkpt>
      <trkpt lat="43.33642884157598" lon="27.018527342006564">
        <ele>237.39999999999998</ele>
        <time>2025-05-19T07:43:15</time>
      </trkpt>
      <trkpt lat="43.33632272668183" lon="27.01834528706968">
        <ele>237.60000000000002</ele>
        <time>2025-05-19T07:43:20</time>
      </trkpt>
      <trkpt lat="43.336281068623066" lon="27.018269347026944">
        <ele>237.60000000000002</ele>
        <time>2025-05-19T07:43:22</time>
      </trkpt>
      <trkpt lat="43.33604168146849" lon="27.01786315999925">
        <ele>238.60000000000002</ele>
        <time>2025-05-19T07:43:33</time>
      </trkpt>
      <trkpt lat="43.33601921796799" lon="27.017824687063694">
        <ele>238.60000000000002</ele>
        <time>2025-05-19T07:43:34</time>
      </trkpt>
      <trkpt lat="43.335810424759984" lon="27.017463678494096">
        <ele>239.60000000000002</ele>
        <time>2025-05-19T07:43:43</time>
      </trkpt>
      <trkpt lat="43.335546562448144" lon="27.017011307179928">
        <ele>240.20000000000005</ele>
        <time>2025-05-19T07:43:54</time>
      </trkpt>
      <trkpt lat="43.3353519346565" lon="27.01667821034789">
        <ele>240.20000000000005</ele>
        <time>2025-05-19T07:44:02</time>
      </trkpt>
      <trkpt lat="43.33505546674132" lon="27.01617537997663">
        <ele>240.20000000000005</ele>
        <time>2025-05-19T07:44:13</time>
      </trkpt>
      <trkpt lat="43.3347871620208" lon="27.015723511576653">
        <ele>240.20000000000005</ele>
        <time>2025-05-19T07:44:22</time>
      </trkpt>
      <trkpt lat="43.33452254533768" lon="27.015249179676175">
        <ele>239.79999999999995</ele>
        <time>2025-05-19T07:44:31</time>
      </trkpt>
      <trkpt lat="43.33418081514537" lon="27.014675522223115">
        <ele>238.60000000000002</ele>
        <time>2025-05-19T07:44:41</time>
      </trkpt>
      <trkpt lat="43.33414636552334" lon="27.014614921063185">
        <ele>238.60000000000002</ele>
        <time>2025-05-19T07:44:42</time>
      </trkpt>
      <trkpt lat="43.333797259256244" lon="27.01401905156672">
        <ele>237.79999999999995</ele>
        <time>2025-05-19T07:44:52</time>
      </trkpt>
      <trkpt lat="43.33347304724157" lon="27.013444053009152">
        <ele>237.79999999999995</ele>
        <time>2025-05-19T07:45:02</time>
      </trkpt>
      <trkpt lat="43.33340909332037" lon="27.013339027762413">
        <ele>237.79999999999995</ele>
        <time>2025-05-19T07:45:04</time>
      </trkpt>
      <trkpt lat="43.333219327032566" lon="27.013038285076618">
        <ele>237.60000000000002</ele>
        <time>2025-05-19T07:45:10</time>
      </trkpt>
      <trkpt lat="43.33297993987799" lon="27.012646347284317">
        <ele>237.60000000000002</ele>
        <time>2025-05-19T07:45:18</time>
      </trkpt>
      <trkpt lat="43.332737032324076" lon="27.01225709170103">
        <ele>237.79999999999995</ele>
        <time>2025-05-19T07:45:26</time>
      </trkpt>
      <trkpt lat="43.33258666098118" lon="27.012019297108054">
        <ele>238.0</ele>
        <time>2025-05-19T07:45:31</time>
      </trkpt>
      <trkpt lat="43.33242539316416" lon="27.011807318776846">
        <ele>238.0</ele>
        <time>2025-05-19T07:45:36</time>
      </trkpt>
      <trkpt lat="43.332162369042635" lon="27.011597603559494">
        <ele>238.0</ele>
        <time>2025-05-19T07:45:43</time>
      </trkpt>
      <trkpt lat="43.331766156479716" lon="27.011434994637966">
        <ele>238.39999999999998</ele>
        <time>2025-05-19T07:45:52</time>
      </trkpt>
      <trkpt lat="43.33130196668208" lon="27.01126375235617">
        <ele>238.60000000000002</ele>
        <time>2025-05-19T07:46:02</time>
      </trkpt>
      <trkpt lat="43.331033661961555" lon="27.011152105405927">
        <ele>238.79999999999995</ele>
        <time>2025-05-19T07:46:08</time>
      </trkpt>
      <trkpt lat="43.33089955151081" lon="27.011098712682724">
        <ele>239.0</ele>
        <time>2025-05-19T07:46:11</time>
      </trkpt>
      <trkpt lat="43.330635940656066" lon="27.010996537283063">
        <ele>239.60000000000002</ele>
        <time>2025-05-19T07:46:17</time>
      </trkpt>
      <trkpt lat="43.33054851740599" lon="27.010958483442664">
        <ele>239.60000000000002</ele>
        <time>2025-05-19T07:46:19</time>
      </trkpt>
      <trkpt lat="43.330456065014005" lon="27.010926380753517">
        <ele>239.79999999999995</ele>
        <time>2025-05-19T07:46:21</time>
      </trkpt>
      <trkpt lat="43.3301280811429" lon="27.01080869883299">
        <ele>240.20000000000005</ele>
        <time>2025-05-19T07:46:28</time>
      </trkpt>
      <trkpt lat="43.329906379804015" lon="27.010717084631324">
        <ele>240.79999999999995</ele>
        <time>2025-05-19T07:46:33</time>
      </trkpt>
      <trkpt lat="43.329701693728566" lon="27.010618848726153">
        <ele>241.20000000000005</ele>
        <time>2025-05-19T07:46:38</time>
      </trkpt>
      <trkpt lat="43.32944881170988" lon="27.010508626699448">
        <ele>241.60000000000002</ele>
        <time>2025-05-19T07:46:44</time>
      </trkpt>
      <trkpt lat="43.32935350947082" lon="27.01048239134252">
        <ele>241.60000000000002</ele>
        <time>2025-05-19T07:46:46</time>
      </trkpt>
      <trkpt lat="43.329107416793704" lon="27.010394632816315">
        <ele>241.79999999999995</ele>
        <time>2025-05-19T07:46:51</time>
      </trkpt>
      <trkpt lat="43.32900859415531" lon="27.010352052748203">
        <ele>241.79999999999995</ele>
        <time>2025-05-19T07:46:53</time>
      </trkpt>
      <trkpt lat="43.32865538075566" lon="27.010220289230347">
        <ele>242.20000000000005</ele>
        <time>2025-05-19T07:47:00</time>
      </trkpt>
      <trkpt lat="43.328203009441495" lon="27.010046700015664">
        <ele>242.39999999999998</ele>
        <time>2025-05-19T07:47:09</time>
      </trkpt>
      <trkpt lat="43.327709063887596" lon="27.00984754599631">
        <ele>242.79999999999995</ele>
        <time>2025-05-19T07:47:19</time>
      </trkpt>
      <trkpt lat="43.32765994593501" lon="27.00982759706676">
        <ele>242.79999999999995</ele>
        <time>2025-05-19T07:47:20</time>
      </trkpt>
      <trkpt lat="43.327284436672926" lon="27.00966238975525">
        <ele>243.20000000000005</ele>
        <time>2025-05-19T07:47:28</time>
      </trkpt>
      <trkpt lat="43.327082097530365" lon="27.0095319673419">
        <ele>243.39999999999998</ele>
        <time>2025-05-19T07:47:33</time>
      </trkpt>
      <trkpt lat="43.32701395265758" lon="27.00945870950818">
        <ele>243.60000000000002</ele>
        <time>2025-05-19T07:47:35</time>
      </trkpt>
      <trkpt lat="43.32695142365992" lon="27.009378243237734">
        <ele>243.79999999999995</ele>
        <time>2025-05-19T07:47:37</time>
      </trkpt>
      <trkpt lat="43.32675109617412" lon="27.009102562442422">
        <ele>244.39999999999998</ele>
        <time>2025-05-19T07:47:44</time>
      </trkpt>
      <trkpt lat="43.326644226908684" lon="27.00893676839769">
        <ele>245.0</ele>
        <time>2025-05-19T07:47:48</time>
      </trkpt>
      <trkpt lat="43.32651120610535" lon="27.008728394284844">
        <ele>245.20000000000005</ele>
        <time>2025-05-19T07:47:53</time>
      </trkpt>
      <trkpt lat="43.326323200017214" lon="27.008435195311904">
        <ele>246.0</ele>
        <time>2025-05-19T07:48:00</time>
      </trkpt>
      <trkpt lat="43.32618875429034" lon="27.008226653560996">
        <ele>246.39999999999998</ele>
        <time>2025-05-19T07:48:05</time>
      </trkpt>
      <trkpt lat="43.32593319006264" lon="27.007817113772035">
        <ele>246.20000000000005</ele>
        <time>2025-05-19T07:48:15</time>
      </trkpt>
      <trkpt lat="43.32573730498552" lon="27.007471527904272">
        <ele>246.0</ele>
        <time>2025-05-19T07:48:22</time>
      </trkpt>
      <trkpt lat="43.3254605345428" lon="27.00696475803852">
        <ele>245.0</ele>
        <time>2025-05-19T07:48:31</time>
      </trkpt>
      <trkpt lat="43.32539029419422" lon="27.006838526576757">
        <ele>244.60000000000002</ele>
        <time>2025-05-19T07:48:33</time>
      </trkpt>
      <trkpt lat="43.325279066339135" lon="27.006638618186116">
        <ele>243.79999999999995</ele>
        <time>2025-05-19T07:48:36</time>
      </trkpt>
      <trkpt lat="43.325119307264686" lon="27.00635044835508">
        <ele>242.79999999999995</ele>
        <time>2025-05-19T07:48:40</time>
      </trkpt>
      <trkpt lat="43.32503607496619" lon="27.00619898736477">
        <ele>242.0</ele>
        <time>2025-05-19T07:48:42</time>
      </trkpt>
      <trkpt lat="43.324993662536144" lon="27.006121538579464">
        <ele>241.60000000000002</ele>
        <time>2025-05-19T07:48:43</time>
      </trkpt>
      <trkpt lat="43.32477414049208" lon="27.005719291046262">
        <ele>240.39999999999998</ele>
        <time>2025-05-19T07:48:48</time>
      </trkpt>
      <trkpt lat="43.324639443308115" lon="27.005469258874655">
        <ele>239.39999999999998</ele>
        <time>2025-05-19T07:48:51</time>
      </trkpt>
      <trkpt lat="43.32454741001129" lon="27.00530044734478">
        <ele>238.20000000000005</ele>
        <time>2025-05-19T07:48:53</time>
      </trkpt>
      <trkpt lat="43.324406342580914" lon="27.005044128745794">
        <ele>237.20000000000005</ele>
        <time>2025-05-19T07:48:56</time>
      </trkpt>
      <trkpt lat="43.32426695153117" lon="27.004783367738128">
        <ele>236.0</ele>
        <time>2025-05-19T07:48:59</time>
      </trkpt>
      <trkpt lat="43.32412328571081" lon="27.004520343616605">
        <ele>234.60000000000002</ele>
        <time>2025-05-19T07:49:02</time>
      </trkpt>
      <trkpt lat="43.3240754250437" lon="27.00443208217621">
        <ele>234.20000000000005</ele>
        <time>2025-05-19T07:49:03</time>
      </trkpt>
      <trkpt lat="43.323978278785944" lon="27.004257319495082">
        <ele>233.39999999999998</ele>
        <time>2025-05-19T07:49:05</time>
      </trkpt>
      <trkpt lat="43.32378943450749" lon="27.003916259855032">
        <ele>232.20000000000005</ele>
        <time>2025-05-19T07:49:09</time>
      </trkpt>
      <trkpt lat="43.323607882484794" lon="27.00358383357525">
        <ele>231.0</ele>
        <time>2025-05-19T07:49:13</time>
      </trkpt>
      <trkpt lat="43.32343622110784" lon="27.003262219950557">
        <ele>229.79999999999995</ele>
        <time>2025-05-19T07:49:17</time>
      </trkpt>
      <trkpt lat="43.32331443205476" lon="27.003034902736545">
        <ele>228.79999999999995</ele>
        <time>2025-05-19T07:49:20</time>
      </trkpt>
      <trkpt lat="43.32327554002404" lon="27.00296231545508">
        <ele>228.60000000000002</ele>
        <time>2025-05-19T07:49:21</time>
      </trkpt>
      <trkpt lat="43.32316196523607" lon="27.002752097323537">
        <ele>227.79999999999995</ele>
        <time>2025-05-19T07:49:24</time>
      </trkpt>
      <trkpt lat="43.322977563366294" lon="27.002413719892502">
        <ele>226.79999999999995</ele>
        <time>2025-05-19T07:49:29</time>
      </trkpt>
      <trkpt lat="43.32286759279668" lon="27.002209704369307">
        <ele>226.39999999999998</ele>
        <time>2025-05-19T07:49:32</time>
      </trkpt>
      <trkpt lat="43.322619488462806" lon="27.001752639189363">
        <ele>225.79999999999995</ele>
        <time>2025-05-19T07:49:39</time>
      </trkpt>
      <trkpt lat="43.32254556007683" lon="27.001618947833776">
        <ele>225.39999999999998</ele>
        <time>2025-05-19T07:49:41</time>
      </trkpt>
      <trkpt lat="43.322359481826425" lon="27.001274283975363">
        <ele>224.60000000000002</ele>
        <time>2025-05-19T07:49:46</time>
      </trkpt>
      <trkpt lat="43.322218833491206" lon="27.00101025402546">
        <ele>224.0</ele>
        <time>2025-05-19T07:49:50</time>
      </trkpt>
      <trkpt lat="43.32211255095899" lon="27.000820403918624">
        <ele>223.60000000000002</ele>
        <time>2025-05-19T07:49:53</time>
      </trkpt>
      <trkpt lat="43.321897303685546" lon="27.00041664764285">
        <ele>222.60000000000002</ele>
        <time>2025-05-19T07:49:59</time>
      </trkpt>
      <trkpt lat="43.32158667035401" lon="26.999843828380108">
        <ele>221.39999999999998</ele>
        <time>2025-05-19T07:50:07</time>
      </trkpt>
      <trkpt lat="43.321430599316955" lon="26.999556412920356">
        <ele>220.60000000000002</ele>
        <time>2025-05-19T07:50:11</time>
      </trkpt>
      <trkpt lat="43.32135088741779" lon="26.999407969415188">
        <ele>220.20000000000005</ele>
        <time>2025-05-19T07:50:13</time>
      </trkpt>
      <trkpt lat="43.32115139812231" lon="26.99904553592205">
        <ele>219.39999999999998</ele>
        <time>2025-05-19T07:50:18</time>
      </trkpt>
      <trkpt lat="43.321003038436174" lon="26.998763484880328">
        <ele>218.39999999999998</ele>
        <time>2025-05-19T07:50:22</time>
      </trkpt>
      <trkpt lat="43.320965990424156" lon="26.998695256188512">
        <ele>218.20000000000005</ele>
        <time>2025-05-19T07:50:23</time>
      </trkpt>
      <trkpt lat="43.32075158134103" lon="26.99829502031207">
        <ele>217.0</ele>
        <time>2025-05-19T07:50:29</time>
      </trkpt>
      <trkpt lat="43.320640437304974" lon="26.998090082779527">
        <ele>216.20000000000005</ele>
        <time>2025-05-19T07:50:32</time>
      </trkpt>
      <trkpt lat="43.320565251633525" lon="26.997955217957497">
        <ele>215.60000000000002</ele>
        <time>2025-05-19T07:50:34</time>
      </trkpt>
      <trkpt lat="43.32038462162018" lon="26.997613571584225">
        <ele>214.60000000000002</ele>
        <time>2025-05-19T07:50:39</time>
      </trkpt>
      <trkpt lat="43.32027515396476" lon="26.997405448928475">
        <ele>213.79999999999995</ele>
        <time>2025-05-19T07:50:42</time>
      </trkpt>
      <trkpt lat="43.32016384229064" lon="26.997197913005948">
        <ele>213.60000000000002</ele>
        <time>2025-05-19T07:50:45</time>
      </trkpt>
      <trkpt lat="43.319970639422536" lon="26.996844951063395">
        <ele>212.20000000000005</ele>
        <time>2025-05-19T07:50:50</time>
      </trkpt>
      <trkpt lat="43.31989428028464" lon="26.996700447052717">
        <ele>211.60000000000002</ele>
        <time>2025-05-19T07:50:52</time>
      </trkpt>
      <trkpt lat="43.31977676600218" lon="26.996482517570257">
        <ele>211.0</ele>
        <time>2025-05-19T07:50:55</time>
      </trkpt>
      <trkpt lat="43.319581132382154" lon="26.996113546192646">
        <ele>210.0</ele>
        <time>2025-05-19T07:51:00</time>
      </trkpt>
      <trkpt lat="43.31950192339718" lon="26.99596711434424">
        <ele>209.39999999999998</ele>
        <time>2025-05-19T07:51:02</time>
      </trkpt>
      <trkpt lat="43.3194232173264" lon="26.995819425210357">
        <ele>209.0</ele>
        <time>2025-05-19T07:51:04</time>
      </trkpt>
      <trkpt lat="43.319245018064976" lon="26.99543989263475">
        <ele>207.79999999999995</ele>
        <time>2025-05-19T07:51:09</time>
      </trkpt>
      <trkpt lat="43.319182908162475" lon="26.99528901837766">
        <ele>207.20000000000005</ele>
        <time>2025-05-19T07:51:11</time>
      </trkpt>
      <trkpt lat="43.31912012770772" lon="26.995134791359305">
        <ele>206.60000000000002</ele>
        <time>2025-05-19T07:51:13</time>
      </trkpt>
      <trkpt lat="43.31899205222726" lon="26.99481342919171">
        <ele>205.60000000000002</ele>
        <time>2025-05-19T07:51:17</time>
      </trkpt>
      <trkpt lat="43.31886665895581" lon="26.99449684470892">
        <ele>204.39999999999998</ele>
        <time>2025-05-19T07:51:21</time>
      </trkpt>
      <trkpt lat="43.31865945830941" lon="26.99396627023816">
        <ele>203.39999999999998</ele>
        <time>2025-05-19T07:51:28</time>
      </trkpt>
      <trkpt lat="43.31854504533112" lon="26.993676340207458">
        <ele>202.79999999999995</ele>
        <time>2025-05-19T07:51:32</time>
      </trkpt>
      <trkpt lat="43.318489138036966" lon="26.99353669770062">
        <ele>202.39999999999998</ele>
        <time>2025-05-19T07:51:34</time>
      </trkpt>
      <trkpt lat="43.31829694099724" lon="26.993058174848557">
        <ele>201.20000000000005</ele>
        <time>2025-05-19T07:51:41</time>
      </trkpt>
      <trkpt lat="43.31824120134115" lon="26.99291802942753">
        <ele>200.79999999999995</ele>
        <time>2025-05-19T07:51:43</time>
      </trkpt>
      <trkpt lat="43.3181266207248" lon="26.99262985959649">
        <ele>200.0</ele>
        <time>2025-05-19T07:51:47</time>
      </trkpt>
      <trkpt lat="43.31792151555419" lon="26.992123341187835">
        <ele>198.79999999999995</ele>
        <time>2025-05-19T07:51:54</time>
      </trkpt>
      <trkpt lat="43.317893939092755" lon="26.99205184355378">
        <ele>198.79999999999995</ele>
        <time>2025-05-19T07:51:55</time>
      </trkpt>
      <trkpt lat="43.31775982864201" lon="26.991708604618907">
        <ele>197.79999999999995</ele>
        <time>2025-05-19T07:52:00</time>
      </trkpt>
      <trkpt lat="43.317631585523486" lon="26.991392858326435">
        <ele>196.79999999999995</ele>
        <time>2025-05-19T07:52:05</time>
      </trkpt>
      <trkpt lat="43.31760593689978" lon="26.991328988224268">
        <ele>196.79999999999995</ele>
        <time>2025-05-19T07:52:06</time>
      </trkpt>
      <trkpt lat="43.31741633825004" lon="26.990854237228632">
        <ele>195.79999999999995</ele>
        <time>2025-05-19T07:52:13</time>
      </trkpt>
      <trkpt lat="43.31738892942667" lon="26.99078324250877">
        <ele>195.79999999999995</ele>
        <time>2025-05-19T07:52:14</time>
      </trkpt>
      <trkpt lat="43.317220536991954" lon="26.990367248654366">
        <ele>194.60000000000002</ele>
        <time>2025-05-19T07:52:20</time>
      </trkpt>
      <trkpt lat="43.31711031496525" lon="26.990092238411307">
        <ele>193.79999999999995</ele>
        <time>2025-05-19T07:52:24</time>
      </trkpt>
      <trkpt lat="43.31705289892852" lon="26.98995066806674">
        <ele>193.39999999999998</ele>
        <time>2025-05-19T07:52:26</time>
      </trkpt>
      <trkpt lat="43.31687537021935" lon="26.98950843885541">
        <ele>192.39999999999998</ele>
        <time>2025-05-19T07:52:32</time>
      </trkpt>
      <trkpt lat="43.31678501330316" lon="26.989287994801998">
        <ele>191.79999999999995</ele>
        <time>2025-05-19T07:52:35</time>
      </trkpt>
      <trkpt lat="43.31668954342604" lon="26.989077860489488">
        <ele>191.39999999999998</ele>
        <time>2025-05-19T07:52:38</time>
      </trkpt>
      <trkpt lat="43.31650514155626" lon="26.988730346783996">
        <ele>190.39999999999998</ele>
        <time>2025-05-19T07:52:43</time>
      </trkpt>
      <trkpt lat="43.316221330314875" lon="26.988311419263482">
        <ele>189.20000000000005</ele>
        <time>2025-05-19T07:52:49</time>
      </trkpt>
      <trkpt lat="43.3161701168865" lon="26.988243777304888">
        <ele>189.0</ele>
        <time>2025-05-19T07:52:50</time>
      </trkpt>
      <trkpt lat="43.31586241722107" lon="26.987852258607745">
        <ele>188.0</ele>
        <time>2025-05-19T07:52:56</time>
      </trkpt>
      <trkpt lat="43.31566686742008" lon="26.987610440701246">
        <ele>186.60000000000002</ele>
        <time>2025-05-19T07:53:00</time>
      </trkpt>
      <trkpt lat="43.315618839114904" lon="26.987550845369697">
        <ele>186.60000000000002</ele>
        <time>2025-05-19T07:53:01</time>
      </trkpt>
      <trkpt lat="43.31543502397835" lon="26.98731740936637">
        <ele>185.60000000000002</ele>
        <time>2025-05-19T07:53:05</time>
      </trkpt>
      <trkpt lat="43.31518189050257" lon="26.98699009604752">
        <ele>185.0</ele>
        <time>2025-05-19T07:53:11</time>
      </trkpt>
      <trkpt lat="43.314786180853844" lon="26.986488858237863">
        <ele>184.39999999999998</ele>
        <time>2025-05-19T07:53:21</time>
      </trkpt>
      <trkpt lat="43.314390974119306" lon="26.985987704247236">
        <ele>184.0</ele>
        <time>2025-05-19T07:53:31</time>
      </trkpt>
      <trkpt lat="43.31402384676039" lon="26.98552611283958">
        <ele>183.79999999999995</ele>
        <time>2025-05-19T07:53:41</time>
      </trkpt>
      <trkpt lat="43.31375537440181" lon="26.98518857359886">
        <ele>184.60000000000002</ele>
        <time>2025-05-19T07:53:50</time>
      </trkpt>
      <trkpt lat="43.313573906198144" lon="26.98495924472809">
        <ele>185.39999999999998</ele>
        <time>2025-05-19T07:53:58</time>
      </trkpt>
      <trkpt lat="43.313531912863255" lon="26.98490560054779">
        <ele>185.79999999999995</ele>
        <time>2025-05-19T07:54:00</time>
      </trkpt>
      <trkpt lat="43.31341842189431" lon="26.984755899757147">
        <ele>186.79999999999995</ele>
        <time>2025-05-19T07:54:06</time>
      </trkpt>
      <trkpt lat="43.3132688049227" lon="26.984562361612916">
        <ele>187.79999999999995</ele>
        <time>2025-05-19T07:54:14</time>
      </trkpt>
      <trkpt lat="43.31323360092938" lon="26.98451508767903">
        <ele>188.20000000000005</ele>
        <time>2025-05-19T07:54:16</time>
      </trkpt>
      <trkpt lat="43.31314139999449" lon="26.98439598083496">
        <ele>189.0</ele>
        <time>2025-05-19T07:54:21</time>
      </trkpt>
      <trkpt lat="43.313011983409524" lon="26.984230522066355">
        <ele>190.20000000000005</ele>
        <time>2025-05-19T07:54:28</time>
      </trkpt>
      <trkpt lat="43.31299371086061" lon="26.984207052737474">
        <ele>190.39999999999998</ele>
        <time>2025-05-19T07:54:29</time>
      </trkpt>
      <trkpt lat="43.312828335911036" lon="26.983997588977218">
        <ele>191.60000000000002</ele>
        <time>2025-05-19T07:54:38</time>
      </trkpt>
      <trkpt lat="43.31279078498483" lon="26.983949979767203">
        <ele>191.79999999999995</ele>
        <time>2025-05-19T07:54:40</time>
      </trkpt>
      <trkpt lat="43.31269674003124" lon="26.983827771618962">
        <ele>192.60000000000002</ele>
        <time>2025-05-19T07:54:45</time>
      </trkpt>
      <trkpt lat="43.312659105286" lon="26.983778653666377">
        <ele>193.0</ele>
        <time>2025-05-19T07:54:47</time>
      </trkpt>
      <trkpt lat="43.31256455741823" lon="26.983659211546183">
        <ele>193.60000000000002</ele>
        <time>2025-05-19T07:54:52</time>
      </trkpt>
      <trkpt lat="43.3125470392406" lon="26.983635909855366">
        <ele>193.79999999999995</ele>
        <time>2025-05-19T07:54:53</time>
      </trkpt>
      <trkpt lat="43.31247202120721" lon="26.983549240976572">
        <ele>194.79999999999995</ele>
        <time>2025-05-19T07:54:57</time>
      </trkpt>
      <trkpt lat="43.312355345115066" lon="26.983418902382255">
        <ele>195.60000000000002</ele>
        <time>2025-05-19T07:55:03</time>
      </trkpt>
      <trkpt lat="43.31233598291874" lon="26.98339568451047">
        <ele>195.79999999999995</ele>
        <time>2025-05-19T07:55:04</time>
      </trkpt>
      <trkpt lat="43.31224235706031" lon="26.983293425291777">
        <ele>196.79999999999995</ele>
        <time>2025-05-19T07:55:09</time>
      </trkpt>
      <trkpt lat="43.31222500652075" lon="26.983271967619658">
        <ele>197.0</ele>
        <time>2025-05-19T07:55:10</time>
      </trkpt>
      <trkpt lat="43.31215241923928" lon="26.98319594375789">
        <ele>198.0</ele>
        <time>2025-05-19T07:55:14</time>
      </trkpt>
      <trkpt lat="43.312080753967166" lon="26.983131570741534">
        <ele>198.79999999999995</ele>
        <time>2025-05-19T07:55:18</time>
      </trkpt>
      <trkpt lat="43.31203046254814" lon="26.983073065057397">
        <ele>199.20000000000005</ele>
        <time>2025-05-19T07:55:21</time>
      </trkpt>
      <trkpt lat="43.31197153776884" lon="26.98302436619997">
        <ele>199.60000000000002</ele>
        <time>2025-05-19T07:55:24</time>
      </trkpt>
      <trkpt lat="43.31189710646868" lon="26.982957730069757">
        <ele>200.20000000000005</ele>
        <time>2025-05-19T07:55:28</time>
      </trkpt>
      <trkpt lat="43.31180079840124" lon="26.982878018170595">
        <ele>200.79999999999995</ele>
        <time>2025-05-19T07:55:33</time>
      </trkpt>
      <trkpt lat="43.311744555830956" lon="26.98282881639898">
        <ele>201.20000000000005</ele>
        <time>2025-05-19T07:55:36</time>
      </trkpt>
      <trkpt lat="43.311648331582546" lon="26.9827448297292">
        <ele>202.39999999999998</ele>
        <time>2025-05-19T07:55:41</time>
      </trkpt>
      <trkpt lat="43.31147147342563" lon="26.98259772732854">
        <ele>203.39999999999998</ele>
        <time>2025-05-19T07:55:50</time>
      </trkpt>
      <trkpt lat="43.311452278867364" lon="26.982581801712513">
        <ele>203.60000000000002</ele>
        <time>2025-05-19T07:55:51</time>
      </trkpt>
      <trkpt lat="43.311315067112446" lon="26.982471076771617">
        <ele>204.60000000000002</ele>
        <time>2025-05-19T07:55:58</time>
      </trkpt>
      <trkpt lat="43.31129411235452" lon="26.982454899698496">
        <ele>204.79999999999995</ele>
        <time>2025-05-19T07:55:59</time>
      </trkpt>
      <trkpt lat="43.31113049760461" lon="26.982316179201007">
        <ele>205.60000000000002</ele>
        <time>2025-05-19T07:56:07</time>
      </trkpt>
      <trkpt lat="43.31109101884067" lon="26.982280053198338">
        <ele>206.0</ele>
        <time>2025-05-19T07:56:09</time>
      </trkpt>
      <trkpt lat="43.31098875962198" lon="26.98219422250986">
        <ele>206.79999999999995</ele>
        <time>2025-05-19T07:56:14</time>
      </trkpt>
      <trkpt lat="43.31087149679661" lon="26.982083078473806">
        <ele>207.79999999999995</ele>
        <time>2025-05-19T07:56:20</time>
      </trkpt>
      <trkpt lat="43.31085196696222" lon="26.982064303010702">
        <ele>208.0</ele>
        <time>2025-05-19T07:56:21</time>
      </trkpt>
      <trkpt lat="43.31071509048343" lon="26.981931868940592">
        <ele>209.0</ele>
        <time>2025-05-19T07:56:28</time>
      </trkpt>
      <trkpt lat="43.31065624952316" lon="26.981874955818057">
        <ele>209.39999999999998</ele>
        <time>2025-05-19T07:56:31</time>
      </trkpt>
      <trkpt lat="43.310541501268744" lon="26.981757944449782">
        <ele>210.20000000000005</ele>
        <time>2025-05-19T07:56:37</time>
      </trkpt>
      <trkpt lat="43.310501938685775" lon="26.98171963915229">
        <ele>210.39999999999998</ele>
        <time>2025-05-19T07:56:39</time>
      </trkpt>
      <trkpt lat="43.31041376106441" lon="26.9816205650568">
        <ele>211.20000000000005</ele>
        <time>2025-05-19T07:56:44</time>
      </trkpt>
      <trkpt lat="43.310377886518836" lon="26.981580667197704">
        <ele>211.60000000000002</ele>
        <time>2025-05-19T07:56:46</time>
      </trkpt>
      <trkpt lat="43.31023011356592" lon="26.98142853565514">
        <ele>212.39999999999998</ele>
        <time>2025-05-19T07:56:54</time>
      </trkpt>
      <trkpt lat="43.31008183769882" lon="26.98127414099872">
        <ele>213.39999999999998</ele>
        <time>2025-05-19T07:57:02</time>
      </trkpt>
      <trkpt lat="43.31006297841668" lon="26.98125494644046">
        <ele>213.39999999999998</ele>
        <time>2025-05-19T07:57:03</time>
      </trkpt>
      <trkpt lat="43.309930795803666" lon="26.98111580684781">
        <ele>214.39999999999998</ele>
        <time>2025-05-19T07:57:10</time>
      </trkpt>
      <trkpt lat="43.30987572669983" lon="26.98105269111693">
        <ele>214.60000000000002</ele>
        <time>2025-05-19T07:57:13</time>
      </trkpt>
      <trkpt lat="43.309738263487816" lon="26.980908354744315">
        <ele>215.60000000000002</ele>
        <time>2025-05-19T07:57:20</time>
      </trkpt>
      <trkpt lat="43.309717224910855" lon="26.98088555596769">
        <ele>215.60000000000002</ele>
        <time>2025-05-19T07:57:21</time>
      </trkpt>
      <trkpt lat="43.30952259711921" lon="26.980679193511605">
        <ele>216.60000000000002</ele>
        <time>2025-05-19T07:57:30</time>
      </trkpt>
      <trkpt lat="43.30950105562806" lon="26.980653880164027">
        <ele>216.60000000000002</ele>
        <time>2025-05-19T07:57:31</time>
      </trkpt>
      <trkpt lat="43.30929586663842" lon="26.98044005781412">
        <ele>217.39999999999998</ele>
        <time>2025-05-19T07:57:40</time>
      </trkpt>
      <trkpt lat="43.30924934707582" lon="26.98039211332798">
        <ele>217.60000000000002</ele>
        <time>2025-05-19T07:57:42</time>
      </trkpt>
      <trkpt lat="43.30903694964945" lon="26.98016680777073">
        <ele>218.60000000000002</ele>
        <time>2025-05-19T07:57:51</time>
      </trkpt>
      <trkpt lat="43.309013564139605" lon="26.980142584070563">
        <ele>218.60000000000002</ele>
        <time>2025-05-19T07:57:52</time>
      </trkpt>
      <trkpt lat="43.308747773990035" lon="26.979862209409475">
        <ele>219.60000000000002</ele>
        <time>2025-05-19T07:58:03</time>
      </trkpt>
      <trkpt lat="43.30872371792793" lon="26.97983748279512">
        <ele>219.79999999999995</ele>
        <time>2025-05-19T07:58:04</time>
      </trkpt>
      <trkpt lat="43.30848500132561" lon="26.979588540270925">
        <ele>220.39999999999998</ele>
        <time>2025-05-19T07:58:14</time>
      </trkpt>
      <trkpt lat="43.30843680538237" lon="26.979538584128022">
        <ele>220.79999999999995</ele>
        <time>2025-05-19T07:58:16</time>
      </trkpt>
      <trkpt lat="43.30821300856769" lon="26.97930741123855">
        <ele>221.79999999999995</ele>
        <time>2025-05-19T07:58:25</time>
      </trkpt>
      <trkpt lat="43.30816296860576" lon="26.979253012686968">
        <ele>221.79999999999995</ele>
        <time>2025-05-19T07:58:27</time>
      </trkpt>
      <trkpt lat="43.307948308065534" lon="26.979028629139066">
        <ele>222.20000000000005</ele>
        <time>2025-05-19T07:58:35</time>
      </trkpt>
      <trkpt lat="43.30770003609359" lon="26.978771975263953">
        <ele>223.0</ele>
        <time>2025-05-19T07:58:44</time>
      </trkpt>
      <trkpt lat="43.307590149343014" lon="26.97865990921855">
        <ele>223.20000000000005</ele>
        <time>2025-05-19T07:58:48</time>
      </trkpt>
      <trkpt lat="43.307376159355044" lon="26.978436950594187">
        <ele>224.0</ele>
        <time>2025-05-19T07:58:56</time>
      </trkpt>
      <trkpt lat="43.30716677941382" lon="26.978212734684348">
        <ele>224.60000000000002</ele>
        <time>2025-05-19T07:59:04</time>
      </trkpt>
      <trkpt lat="43.307089330628514" lon="26.9781322684139">
        <ele>225.0</ele>
        <time>2025-05-19T07:59:07</time>
      </trkpt>
      <trkpt lat="43.30688045360148" lon="26.977910986170173">
        <ele>226.0</ele>
        <time>2025-05-19T07:59:15</time>
      </trkpt>
      <trkpt lat="43.3066032640636" lon="26.97761619463563">
        <ele>226.79999999999995</ele>
        <time>2025-05-19T07:59:25</time>
      </trkpt>
      <trkpt lat="43.306558253243566" lon="26.97756791487336">
        <ele>227.0</ele>
        <time>2025-05-19T07:59:27</time>
      </trkpt>
      <trkpt lat="43.306427747011185" lon="26.977434223517776">
        <ele>227.39999999999998</ele>
        <time>2025-05-19T07:59:32</time>
      </trkpt>
      <trkpt lat="43.30620822496712" lon="26.977203721180558">
        <ele>228.20000000000005</ele>
        <time>2025-05-19T07:59:40</time>
      </trkpt>
      <trkpt lat="43.306066654622555" lon="26.977050583809614">
        <ele>228.60000000000002</ele>
        <time>2025-05-19T07:59:45</time>
      </trkpt>
      <trkpt lat="43.30588501878083" lon="26.97686081752181">
        <ele>229.0</ele>
        <time>2025-05-19T07:59:52</time>
      </trkpt>
      <trkpt lat="43.30582835711539" lon="26.976802814751863">
        <ele>229.20000000000005</ele>
        <time>2025-05-19T07:59:54</time>
      </trkpt>
      <trkpt lat="43.3056618925184" lon="26.976625956594944">
        <ele>229.60000000000002</ele>
        <time>2025-05-19T08:00:00</time>
      </trkpt>
      <trkpt lat="43.305369950830936" lon="26.976317334920168">
        <ele>230.0</ele>
        <time>2025-05-19T08:00:10</time>
      </trkpt>
      <trkpt lat="43.30531337298453" lon="26.976261846721172">
        <ele>230.20000000000005</ele>
        <time>2025-05-19T08:00:12</time>
      </trkpt>
      <trkpt lat="43.30507004633546" lon="26.976045006886125">
        <ele>230.39999999999998</ele>
        <time>2025-05-19T08:00:20</time>
      </trkpt>
      <trkpt lat="43.304825127124786" lon="26.975893964990973">
        <ele>231.0</ele>
        <time>2025-05-19T08:00:27</time>
      </trkpt>
      <trkpt lat="43.3044961374253" lon="26.975768320262432">
        <ele>231.0</ele>
        <time>2025-05-19T08:00:35</time>
      </trkpt>
      <trkpt lat="43.30422783270478" lon="26.975676538422704">
        <ele>230.60000000000002</ele>
        <time>2025-05-19T08:00:41</time>
      </trkpt>
      <trkpt lat="43.30378753133118" lon="26.975522227585316">
        <ele>229.60000000000002</ele>
        <time>2025-05-19T08:00:50</time>
      </trkpt>
      <trkpt lat="43.30368175171316" lon="26.975486520677805">
        <ele>229.39999999999998</ele>
        <time>2025-05-19T08:00:52</time>
      </trkpt>
      <trkpt lat="43.303316636011004" lon="26.975360456854105">
        <ele>229.0</ele>
        <time>2025-05-19T08:00:59</time>
      </trkpt>
      <trkpt lat="43.30288295634091" lon="26.975205140188336">
        <ele>228.20000000000005</ele>
        <time>2025-05-19T08:01:07</time>
      </trkpt>
      <trkpt lat="43.30282813869417" lon="26.975185610353947">
        <ele>228.20000000000005</ele>
        <time>2025-05-19T08:01:08</time>
      </trkpt>
      <trkpt lat="43.3024103846401" lon="26.975039513781667">
        <ele>227.39999999999998</ele>
        <time>2025-05-19T08:01:16</time>
      </trkpt>
      <trkpt lat="43.30201702192426" lon="26.974907498806715">
        <ele>227.39999999999998</ele>
        <time>2025-05-19T08:01:25</time>
      </trkpt>
      <trkpt lat="43.30172725953162" lon="26.974809346720576">
        <ele>228.39999999999998</ele>
        <time>2025-05-19T08:01:33</time>
      </trkpt>
      <trkpt lat="43.30155970528722" lon="26.974746314808726">
        <ele>229.39999999999998</ele>
        <time>2025-05-19T08:01:38</time>
      </trkpt>
      <trkpt lat="43.301458703354" lon="26.974715469405055">
        <ele>229.79999999999995</ele>
        <time>2025-05-19T08:01:41</time>
      </trkpt>
      <trkpt lat="43.30129886046052" lon="26.974656963720918">
        <ele>230.39999999999998</ele>
        <time>2025-05-19T08:01:46</time>
      </trkpt>
      <trkpt lat="43.301238510757685" lon="26.974634919315577">
        <ele>231.0</ele>
        <time>2025-05-19T08:01:48</time>
      </trkpt>
      <trkpt lat="43.30114429816604" lon="26.974604912102222">
        <ele>231.60000000000002</ele>
        <time>2025-05-19T08:01:51</time>
      </trkpt>
      <trkpt lat="43.30098571255803" lon="26.974547998979688">
        <ele>232.39999999999998</ele>
        <time>2025-05-19T08:01:56</time>
      </trkpt>
      <trkpt lat="43.300862833857536" lon="26.9745060056448">
        <ele>232.79999999999995</ele>
        <time>2025-05-19T08:02:00</time>
      </trkpt>
      <trkpt lat="43.300711289048195" lon="26.97445621713996">
        <ele>233.39999999999998</ele>
        <time>2025-05-19T08:02:05</time>
      </trkpt>
      <trkpt lat="43.30061858519912" lon="26.97442545555532">
        <ele>233.79999999999995</ele>
        <time>2025-05-19T08:02:08</time>
      </trkpt>
      <trkpt lat="43.30043451860547" lon="26.974359154701233">
        <ele>234.60000000000002</ele>
        <time>2025-05-19T08:02:14</time>
      </trkpt>
      <trkpt lat="43.300373665988445" lon="26.974338619038463">
        <ele>235.0</ele>
        <time>2025-05-19T08:02:16</time>
      </trkpt>
      <trkpt lat="43.30009404569864" lon="26.97424365207553">
        <ele>235.79999999999995</ele>
        <time>2025-05-19T08:02:25</time>
      </trkpt>
      <trkpt lat="43.29996446147561" lon="26.974199563264847">
        <ele>236.39999999999998</ele>
        <time>2025-05-19T08:02:29</time>
      </trkpt>
      <trkpt lat="43.299838146194816" lon="26.974149523302913">
        <ele>236.60000000000002</ele>
        <time>2025-05-19T08:02:33</time>
      </trkpt>
      <trkpt lat="43.29959557391703" lon="26.974061261862516">
        <ele>236.79999999999995</ele>
        <time>2025-05-19T08:02:40</time>
      </trkpt>
      <trkpt lat="43.299287371337414" lon="26.973952380940318">
        <ele>237.0</ele>
        <time>2025-05-19T08:02:48</time>
      </trkpt>
      <trkpt lat="43.29883097670972" lon="26.973750879988074">
        <ele>237.0</ele>
        <time>2025-05-19T08:02:59</time>
      </trkpt>
      <trkpt lat="43.298534424975514" lon="26.9735458586365">
        <ele>236.20000000000005</ele>
        <time>2025-05-19T08:03:06</time>
      </trkpt>
      <trkpt lat="43.29836720600724" lon="26.97337545454502">
        <ele>235.60000000000002</ele>
        <time>2025-05-19T08:03:10</time>
      </trkpt>
      <trkpt lat="43.29828506335616" lon="26.97327277623117">
        <ele>235.39999999999998</ele>
        <time>2025-05-19T08:03:12</time>
      </trkpt>
      <trkpt lat="43.298247093334794" lon="26.973215527832508">
        <ele>235.0</ele>
        <time>2025-05-19T08:03:13</time>
      </trkpt>
      <trkpt lat="43.29809705726802" lon="26.97296884842217">
        <ele>234.20000000000005</ele>
        <time>2025-05-19T08:03:17</time>
      </trkpt>
      <trkpt lat="43.297909554094076" lon="26.972636338323355">
        <ele>233.20000000000005</ele>
        <time>2025-05-19T08:03:22</time>
      </trkpt>
      <trkpt lat="43.29768785275519" lon="26.97223735973239">
        <ele>232.0</ele>
        <time>2025-05-19T08:03:28</time>
      </trkpt>
      <trkpt lat="43.2976183667779" lon="26.97211272083223">
        <ele>231.0</ele>
        <time>2025-05-19T08:03:30</time>
      </trkpt>
      <trkpt lat="43.29758483916521" lon="26.97205220349133">
        <ele>230.60000000000002</ele>
        <time>2025-05-19T08:03:31</time>
      </trkpt>
      <trkpt lat="43.29748911783099" lon="26.97187341749668">
        <ele>229.79999999999995</ele>
        <time>2025-05-19T08:03:34</time>
      </trkpt>
      <trkpt lat="43.297461960464716" lon="26.971809966489673">
        <ele>229.60000000000002</ele>
        <time>2025-05-19T08:03:35</time>
      </trkpt>
      <trkpt lat="43.29740948975086" lon="26.971599496901035">
        <ele>228.60000000000002</ele>
        <time>2025-05-19T08:03:38</time>
      </trkpt>
      <trkpt lat="43.29735701903701" lon="26.971399253234267">
        <ele>228.20000000000005</ele>
        <time>2025-05-19T08:03:41</time>
      </trkpt>
      <trkpt lat="43.29728912562132" lon="26.971301268786192">
        <ele>228.20000000000005</ele>
        <time>2025-05-19T08:03:43</time>
      </trkpt>
      <trkpt lat="43.29714789055288" lon="26.971192304044962">
        <ele>228.20000000000005</ele>
        <time>2025-05-19T08:03:46</time>
      </trkpt>
      <trkpt lat="43.297103215008974" lon="26.971150897443295">
        <ele>228.20000000000005</ele>
        <time>2025-05-19T08:03:47</time>
      </trkpt>
      <trkpt lat="43.29706247895956" lon="26.971103036776185">
        <ele>228.20000000000005</ele>
        <time>2025-05-19T08:03:48</time>
      </trkpt>
      <trkpt lat="43.29690909013152" lon="26.97085459716618">
        <ele>228.20000000000005</ele>
        <time>2025-05-19T08:03:53</time>
      </trkpt>
      <trkpt lat="43.29669493250549" lon="26.970498031005263">
        <ele>228.20000000000005</ele>
        <time>2025-05-19T08:04:00</time>
      </trkpt>
      <trkpt lat="43.29647314734757" lon="26.970147332176566">
        <ele>227.39999999999998</ele>
        <time>2025-05-19T08:04:06</time>
      </trkpt>
      <trkpt lat="43.296155305579305" lon="26.969694793224335">
        <ele>226.39999999999998</ele>
        <time>2025-05-19T08:04:13</time>
      </trkpt>
      <trkpt lat="43.29593125730753" lon="26.96944928728044">
        <ele>225.39999999999998</ele>
        <time>2025-05-19T08:04:17</time>
      </trkpt>
      <trkpt lat="43.29581449739635" lon="26.9693183619529">
        <ele>224.39999999999998</ele>
        <time>2025-05-19T08:04:19</time>
      </trkpt>
      <trkpt lat="43.29575523734093" lon="26.969254072755575">
        <ele>224.20000000000005</ele>
        <time>2025-05-19T08:04:20</time>
      </trkpt>
      <trkpt lat="43.295571841299534" lon="26.969054667279124">
        <ele>223.0</ele>
        <time>2025-05-19T08:04:23</time>
      </trkpt>
      <trkpt lat="43.295314935967326" lon="26.968778986483812">
        <ele>221.79999999999995</ele>
        <time>2025-05-19T08:04:27</time>
      </trkpt>
      <trkpt lat="43.29512164928019" lon="26.96857220493257">
        <ele>220.60000000000002</ele>
        <time>2025-05-19T08:04:30</time>
      </trkpt>
      <trkpt lat="43.294926853850484" lon="26.968363160267472">
        <ele>219.39999999999998</ele>
        <time>2025-05-19T08:04:33</time>
      </trkpt>
      <trkpt lat="43.294664081186056" lon="26.968082701787353">
        <ele>218.0</ele>
        <time>2025-05-19T08:04:37</time>
      </trkpt>
      <trkpt lat="43.29446098767221" lon="26.96787583641708">
        <ele>217.0</ele>
        <time>2025-05-19T08:04:40</time>
      </trkpt>
      <trkpt lat="43.29424666240811" lon="26.967692859470844">
        <ele>215.79999999999995</ele>
        <time>2025-05-19T08:04:43</time>
      </trkpt>
      <trkpt lat="43.29409847036004" lon="26.96758230216801">
        <ele>215.39999999999998</ele>
        <time>2025-05-19T08:04:45</time>
      </trkpt>
      <trkpt lat="43.29394550062716" lon="26.96748255752027">
        <ele>214.60000000000002</ele>
        <time>2025-05-19T08:04:47</time>
      </trkpt>
      <trkpt lat="43.29363293945789" lon="26.96728801354766">
        <ele>213.39999999999998</ele>
        <time>2025-05-19T08:04:51</time>
      </trkpt>
      <trkpt lat="43.293554401025176" lon="26.967240488156676">
        <ele>213.0</ele>
        <time>2025-05-19T08:04:52</time>
      </trkpt>
      <trkpt lat="43.29347401857376" lon="26.96719472296536">
        <ele>212.20000000000005</ele>
        <time>2025-05-19T08:04:53</time>
      </trkpt>
      <trkpt lat="43.29323748126626" lon="26.967051224783063">
        <ele>211.20000000000005</ele>
        <time>2025-05-19T08:04:56</time>
      </trkpt>
      <trkpt lat="43.293078392744064" lon="26.966956006363034">
        <ele>210.0</ele>
        <time>2025-05-19T08:04:58</time>
      </trkpt>
      <trkpt lat="43.29284084960818" lon="26.966815944761038">
        <ele>208.79999999999995</ele>
        <time>2025-05-19T08:05:01</time>
      </trkpt>
      <trkpt lat="43.292761724442244" lon="26.96677110157907">
        <ele>208.39999999999998</ele>
        <time>2025-05-19T08:05:02</time>
      </trkpt>
      <trkpt lat="43.29260632395744" lon="26.966676888987422">
        <ele>207.60000000000002</ele>
        <time>2025-05-19T08:05:04</time>
      </trkpt>
      <trkpt lat="43.29237657599151" lon="26.9665346480906">
        <ele>206.39999999999998</ele>
        <time>2025-05-19T08:05:07</time>
      </trkpt>
      <trkpt lat="43.29215219244361" lon="26.96638260036707">
        <ele>205.39999999999998</ele>
        <time>2025-05-19T08:05:10</time>
      </trkpt>
      <trkpt lat="43.29186771064997" lon="26.966165844351053">
        <ele>204.0</ele>
        <time>2025-05-19T08:05:14</time>
      </trkpt>
      <trkpt lat="43.291741563007236" lon="26.966036846861243">
        <ele>203.0</ele>
        <time>2025-05-19T08:05:16</time>
      </trkpt>
      <trkpt lat="43.291684314608574" lon="26.965966103598475">
        <ele>202.79999999999995</ele>
        <time>2025-05-19T08:05:17</time>
      </trkpt>
      <trkpt lat="43.291521118953824" lon="26.96575471200049">
        <ele>201.39999999999998</ele>
        <time>2025-05-19T08:05:20</time>
      </trkpt>
      <trkpt lat="43.29142330214381" lon="26.96561062708497">
        <ele>200.20000000000005</ele>
        <time>2025-05-19T08:05:22</time>
      </trkpt>
      <trkpt lat="43.2913754414767" lon="26.965538039803505">
        <ele>199.79999999999995</ele>
        <time>2025-05-19T08:05:23</time>
      </trkpt>
      <trkpt lat="43.2912858389318" lon="26.96539211086929">
        <ele>199.20000000000005</ele>
        <time>2025-05-19T08:05:25</time>
      </trkpt>
      <trkpt lat="43.29109271988273" lon="26.965021966025233">
        <ele>198.20000000000005</ele>
        <time>2025-05-19T08:05:30</time>
      </trkpt>
      <trkpt lat="43.29090530052781" lon="26.964498180896044">
        <ele>197.20000000000005</ele>
        <time>2025-05-19T08:05:37</time>
      </trkpt>
      <trkpt lat="43.290869342163205" lon="26.96435334160924">
        <ele>197.0</ele>
        <time>2025-05-19T08:05:39</time>
      </trkpt>
      <trkpt lat="43.2908022031188" lon="26.96401035413146">
        <ele>196.79999999999995</ele>
        <time>2025-05-19T08:05:44</time>
      </trkpt>
      <trkpt lat="43.29073732718825" lon="26.96351582184434">
        <ele>196.79999999999995</ele>
        <time>2025-05-19T08:05:52</time>
      </trkpt>
      <trkpt lat="43.2907073199749" lon="26.9630481954664">
        <ele>197.39999999999998</ele>
        <time>2025-05-19T08:06:01</time>
      </trkpt>
      <trkpt lat="43.29069307073951" lon="26.962747871875763">
        <ele>198.20000000000005</ele>
        <time>2025-05-19T08:06:08</time>
      </trkpt>
      <trkpt lat="43.29069131053984" lon="26.962704537436366">
        <ele>198.20000000000005</ele>
        <time>2025-05-19T08:06:09</time>
      </trkpt>
      <trkpt lat="43.29067077487707" lon="26.962347384542227">
        <ele>199.20000000000005</ele>
        <time>2025-05-19T08:06:18</time>
      </trkpt>
      <trkpt lat="43.29065996222198" lon="26.962164994329214">
        <ele>200.39999999999998</ele>
        <time>2025-05-19T08:06:23</time>
      </trkpt>
      <trkpt lat="43.29065124504268" lon="26.962024178355932">
        <ele>200.79999999999995</ele>
        <time>2025-05-19T08:06:27</time>
      </trkpt>
      <trkpt lat="43.290628446266055" lon="26.961846565827727">
        <ele>201.39999999999998</ele>
        <time>2025-05-19T08:06:32</time>
      </trkpt>
      <trkpt lat="43.290600534528494" lon="26.961667276918888">
        <ele>202.20000000000005</ele>
        <time>2025-05-19T08:06:37</time>
      </trkpt>
      <trkpt lat="43.29059366136789" lon="26.9616321567446">
        <ele>202.60000000000002</ele>
        <time>2025-05-19T08:06:38</time>
      </trkpt>
      <trkpt lat="43.29053842462599" lon="26.961356727406383">
        <ele>203.60000000000002</ele>
        <time>2025-05-19T08:06:46</time>
      </trkpt>
      <trkpt lat="43.290528785437346" lon="26.9613229483366">
        <ele>203.79999999999995</ele>
        <time>2025-05-19T08:06:47</time>
      </trkpt>
      <trkpt lat="43.2904707826674" lon="26.961011812090874">
        <ele>205.0</ele>
        <time>2025-05-19T08:06:56</time>
      </trkpt>
      <trkpt lat="43.29041428864002" lon="26.960807209834456">
        <ele>206.20000000000005</ele>
        <time>2025-05-19T08:07:02</time>
      </trkpt>
      <trkpt lat="43.290391992777586" lon="26.9607444293797">
        <ele>206.39999999999998</ele>
        <time>2025-05-19T08:07:04</time>
      </trkpt>
      <trkpt lat="43.29030532389879" lon="26.96061727590859">
        <ele>207.20000000000005</ele>
        <time>2025-05-19T08:07:09</time>
      </trkpt>
      <trkpt lat="43.290267856791615" lon="26.96056455373764">
        <ele>207.60000000000002</ele>
        <time>2025-05-19T08:07:11</time>
      </trkpt>
      <trkpt lat="43.2901650108397" lon="26.960448129102588">
        <ele>208.20000000000005</ele>
        <time>2025-05-19T08:07:16</time>
      </trkpt>
      <trkpt lat="43.29006040468812" lon="26.96032994426787">
        <ele>209.0</ele>
        <time>2025-05-19T08:07:21</time>
      </trkpt>
      <trkpt lat="43.29002067446709" lon="26.960281748324633">
        <ele>209.39999999999998</ele>
        <time>2025-05-19T08:07:23</time>
      </trkpt>
      <trkpt lat="43.289898885414004" lon="26.960146883502603">
        <ele>210.20000000000005</ele>
        <time>2025-05-19T08:07:29</time>
      </trkpt>
      <trkpt lat="43.289833506569266" lon="26.960085025057197">
        <ele>210.39999999999998</ele>
        <time>2025-05-19T08:07:32</time>
      </trkpt>
      <trkpt lat="43.28972521238029" lon="26.95996692404151">
        <ele>211.0</ele>
        <time>2025-05-19T08:07:37</time>
      </trkpt>
      <trkpt lat="43.28957676887512" lon="26.9598188996315">
        <ele>211.60000000000002</ele>
        <time>2025-05-19T08:07:43</time>
      </trkpt>
      <trkpt lat="43.289456153288484" lon="26.959689231589437">
        <ele>212.0</ele>
        <time>2025-05-19T08:07:48</time>
      </trkpt>
      <trkpt lat="43.28917586244643" lon="26.959426794201136">
        <ele>212.60000000000002</ele>
        <time>2025-05-19T08:07:58</time>
      </trkpt>
      <trkpt lat="43.289116099476814" lon="26.95937281474471">
        <ele>212.79999999999995</ele>
        <time>2025-05-19T08:08:00</time>
      </trkpt>
      <trkpt lat="43.288900684565306" lon="26.95917097851634">
        <ele>213.20000000000005</ele>
        <time>2025-05-19T08:08:07</time>
      </trkpt>
      <trkpt lat="43.28864428214729" lon="26.958934608846903">
        <ele>213.39999999999998</ele>
        <time>2025-05-19T08:08:15</time>
      </trkpt>
      <trkpt lat="43.288375893607736" lon="26.95871558971703">
        <ele>213.79999999999995</ele>
        <time>2025-05-19T08:08:23</time>
      </trkpt>
      <trkpt lat="43.2881326507777" lon="26.958548119291663">
        <ele>214.0</ele>
        <time>2025-05-19T08:08:30</time>
      </trkpt>
      <trkpt lat="43.287848588079214" lon="26.95830412209034">
        <ele>214.39999999999998</ele>
        <time>2025-05-19T08:08:39</time>
      </trkpt>
      <trkpt lat="43.287667874246836" lon="26.958168167620897">
        <ele>214.60000000000002</ele>
        <time>2025-05-19T08:08:45</time>
      </trkpt>
      <trkpt lat="43.28748137690127" lon="26.958018383011222">
        <ele>214.60000000000002</ele>
        <time>2025-05-19T08:08:51</time>
      </trkpt>
      <trkpt lat="43.28737350180745" lon="26.957941772416234">
        <ele>214.79999999999995</ele>
        <time>2025-05-19T08:08:55</time>
      </trkpt>
      <trkpt lat="43.287321869283915" lon="26.957898689433932">
        <ele>214.79999999999995</ele>
        <time>2025-05-19T08:08:57</time>
      </trkpt>
      <trkpt lat="43.28707686625421" lon="26.95767229422927">
        <ele>215.60000000000002</ele>
        <time>2025-05-19T08:09:07</time>
      </trkpt>
      <trkpt lat="43.28699857927859" lon="26.957612615078688">
        <ele>215.79999999999995</ele>
        <time>2025-05-19T08:09:10</time>
      </trkpt>
      <trkpt lat="43.28694309107959" lon="26.957586966454983">
        <ele>216.0</ele>
        <time>2025-05-19T08:09:12</time>
      </trkpt>
      <trkpt lat="43.28675935976207" lon="26.957458471879363">
        <ele>216.60000000000002</ele>
        <time>2025-05-19T08:09:19</time>
      </trkpt>
      <trkpt lat="43.28662038780749" lon="26.95735956542194">
        <ele>217.0</ele>
        <time>2025-05-19T08:09:25</time>
      </trkpt>
      <trkpt lat="43.286593900993466" lon="26.957339951768517">
        <ele>217.0</ele>
        <time>2025-05-19T08:09:26</time>
      </trkpt>
      <trkpt lat="43.28641293570399" lon="26.95720282383263">
        <ele>217.39999999999998</ele>
        <time>2025-05-19T08:09:33</time>
      </trkpt>
      <trkpt lat="43.286220487207174" lon="26.95705723017454">
        <ele>218.0</ele>
        <time>2025-05-19T08:09:40</time>
      </trkpt>
      <trkpt lat="43.28597975894809" lon="26.95687140338123">
        <ele>218.60000000000002</ele>
        <time>2025-05-19T08:09:48</time>
      </trkpt>
      <trkpt lat="43.28576400876045" lon="26.956705944612622">
        <ele>219.0</ele>
        <time>2025-05-19T08:09:55</time>
      </trkpt>
      <trkpt lat="43.28562847338617" lon="26.956597147509456">
        <ele>219.20000000000005</ele>
        <time>2025-05-19T08:09:59</time>
      </trkpt>
      <trkpt lat="43.285484220832586" lon="26.956490948796272">
        <ele>219.20000000000005</ele>
        <time>2025-05-19T08:10:03</time>
      </trkpt>
      <trkpt lat="43.28514584340155" lon="26.95618744008243">
        <ele>219.79999999999995</ele>
        <time>2025-05-19T08:10:12</time>
      </trkpt>
      <trkpt lat="43.28495121560991" lon="26.955973701551557">
        <ele>220.0</ele>
        <time>2025-05-19T08:10:18</time>
      </trkpt>
      <trkpt lat="43.284890530630946" lon="26.955909579992294">
        <ele>220.0</ele>
        <time>2025-05-19T08:10:20</time>
      </trkpt>
      <trkpt lat="43.28462784178555" lon="26.955631300807">
        <ele>220.39999999999998</ele>
        <time>2025-05-19T08:10:28</time>
      </trkpt>
      <trkpt lat="43.284442853182554" lon="26.955418065190315">
        <ele>220.60000000000002</ele>
        <time>2025-05-19T08:10:35</time>
      </trkpt>
      <trkpt lat="43.284413600340486" lon="26.955374227836728">
        <ele>220.60000000000002</ele>
        <time>2025-05-19T08:10:39</time>
      </trkpt>
      <trkpt lat="43.28441343270242" lon="26.95537632331252">
        <ele>220.39999999999998</ele>
        <time>2025-05-19T08:10:51</time>
      </trkpt>
      <trkpt lat="43.28441494144499" lon="26.955375568941236">
        <ele>220.39999999999998</ele>
        <time>2025-05-19T08:11:05</time>
      </trkpt>
      <trkpt lat="43.28442424535751" lon="26.955372719094157">
        <ele>220.20000000000005</ele>
        <time>2025-05-19T08:11:15</time>
      </trkpt>
      <trkpt lat="43.284431118518114" lon="26.955370036885142">
        <ele>220.20000000000005</ele>
        <time>2025-05-19T08:11:27</time>
      </trkpt>
      <trkpt lat="43.28443564474583" lon="26.955367270857096">
        <ele>220.39999999999998</ele>
        <time>2025-05-19T08:11:37</time>
      </trkpt>
      <trkpt lat="43.28443815931678" lon="26.955364756286144">
        <ele>220.39999999999998</ele>
        <time>2025-05-19T08:11:49</time>
      </trkpt>
      <trkpt lat="43.284437572583556" lon="26.955366265028715">
        <ele>220.79999999999995</ele>
        <time>2025-05-19T08:12:03</time>
      </trkpt>
      <trkpt lat="43.28443723730743" lon="26.955367857590318">
        <ele>220.60000000000002</ele>
        <time>2025-05-19T08:12:10</time>
      </trkpt>
      <trkpt lat="43.2844371534884" lon="26.955368276685476">
        <ele>220.60000000000002</ele>
        <time>2025-05-19T08:12:14</time>
      </trkpt>
      <trkpt lat="43.28443723730743" lon="26.955370539799333">
        <ele>220.60000000000002</ele>
        <time>2025-05-19T08:12:30</time>
      </trkpt>
      <trkpt lat="43.28444302082062" lon="26.95537037216127">
        <ele>220.60000000000002</ele>
        <time>2025-05-19T08:12:41</time>
      </trkpt>
      <trkpt lat="43.28444444574416" lon="26.95536986924708">
        <ele>221.0</ele>
        <time>2025-05-19T08:12:50</time>
      </trkpt>
      <trkpt lat="43.28444444574416" lon="26.955370204523206">
        <ele>221.0</ele>
        <time>2025-05-19T08:12:56</time>
      </trkpt>
      <trkpt lat="43.28444520011544" lon="26.95536643266678">
        <ele>221.0</ele>
        <time>2025-05-19T08:13:11</time>
      </trkpt>
      <trkpt lat="43.284444864839315" lon="26.955368109047413">
        <ele>221.60000000000002</ele>
        <time>2025-05-19T08:13:29</time>
      </trkpt>
      <trkpt lat="43.28444444574416" lon="26.95536257699132">
        <ele>221.60000000000002</ele>
        <time>2025-05-19T08:13:45</time>
      </trkpt>
      <trkpt lat="43.28439717181027" lon="26.95533567108214">
        <ele>221.60000000000002</ele>
        <time>2025-05-19T08:13:49</time>
      </trkpt>
      <trkpt lat="43.28437420539558" lon="26.955316560342908">
        <ele>221.60000000000002</ele>
        <time>2025-05-19T08:13:50</time>
      </trkpt>
      <trkpt lat="43.28426138497889" lon="26.95519493892789">
        <ele>221.39999999999998</ele>
        <time>2025-05-19T08:13:55</time>
      </trkpt>
      <trkpt lat="43.28410690650344" lon="26.9550268817693">
        <ele>221.20000000000005</ele>
        <time>2025-05-19T08:14:02</time>
      </trkpt>
      <trkpt lat="43.2839173078537" lon="26.954846503213048">
        <ele>221.0</ele>
        <time>2025-05-19T08:14:09</time>
      </trkpt>
      <trkpt lat="43.28377875499427" lon="26.954701161012053">
        <ele>220.60000000000002</ele>
        <time>2025-05-19T08:14:14</time>
      </trkpt>
      <trkpt lat="43.2835890725255" lon="26.95451432839036">
        <ele>220.60000000000002</ele>
        <time>2025-05-19T08:14:20</time>
      </trkpt>
      <trkpt lat="43.283320516347885" lon="26.954240491613746">
        <ele>220.39999999999998</ele>
        <time>2025-05-19T08:14:28</time>
      </trkpt>
      <trkpt lat="43.28308364376426" lon="26.953982831910253">
        <ele>220.0</ele>
        <time>2025-05-19T08:14:35</time>
      </trkpt>
      <trkpt lat="43.28304626047611" lon="26.95394217967987">
        <ele>219.79999999999995</ele>
        <time>2025-05-19T08:14:36</time>
      </trkpt>
      <trkpt lat="43.282806454226375" lon="26.95367932319641">
        <ele>219.60000000000002</ele>
        <time>2025-05-19T08:14:42</time>
      </trkpt>
      <trkpt lat="43.28246723860502" lon="26.953320829197764">
        <ele>219.0</ele>
        <time>2025-05-19T08:14:50</time>
      </trkpt>
      <trkpt lat="43.28205560334027" lon="26.952887065708637">
        <ele>218.79999999999995</ele>
        <time>2025-05-19T08:14:59</time>
      </trkpt>
      <trkpt lat="43.28163105994463" lon="26.95242991670966">
        <ele>218.39999999999998</ele>
        <time>2025-05-19T08:15:08</time>
      </trkpt>
      <trkpt lat="43.281237529590726" lon="26.952007468789816">
        <ele>218.0</ele>
        <time>2025-05-19T08:15:17</time>
      </trkpt>
      <trkpt lat="43.280864115804434" lon="26.951625756919384">
        <ele>217.79999999999995</ele>
        <time>2025-05-19T08:15:25</time>
      </trkpt>
      <trkpt lat="43.28081541694701" lon="26.951573537662625">
        <ele>217.79999999999995</ele>
        <time>2025-05-19T08:15:26</time>
      </trkpt>
      <trkpt lat="43.28034996986389" lon="26.951063331216574">
        <ele>217.60000000000002</ele>
        <time>2025-05-19T08:15:36</time>
      </trkpt>
      <trkpt lat="43.27993053942919" lon="26.950614312663674">
        <ele>217.39999999999998</ele>
        <time>2025-05-19T08:15:45</time>
      </trkpt>
      <trkpt lat="43.279580511152744" lon="26.950173089280725">
        <ele>217.20000000000005</ele>
        <time>2025-05-19T08:15:53</time>
      </trkpt>
      <trkpt lat="43.27935051172972" lon="26.94976589642465">
        <ele>217.0</ele>
        <time>2025-05-19T08:15:59</time>
      </trkpt>
      <trkpt lat="43.27927784062922" lon="26.94963295944035">
        <ele>217.0</ele>
        <time>2025-05-19T08:16:01</time>
      </trkpt>
      <trkpt lat="43.278998555615544" lon="26.949129290878773">
        <ele>216.0</ele>
        <time>2025-05-19T08:16:09</time>
      </trkpt>
      <trkpt lat="43.27896318398416" lon="26.94906558841467">
        <ele>215.79999999999995</ele>
        <time>2025-05-19T08:16:10</time>
      </trkpt>
      <trkpt lat="43.27875883318484" lon="26.948675913736224">
        <ele>214.79999999999995</ele>
        <time>2025-05-19T08:16:16</time>
      </trkpt>
      <trkpt lat="43.27869211323559" lon="26.948547922074795">
        <ele>214.39999999999998</ele>
        <time>2025-05-19T08:16:18</time>
      </trkpt>
      <trkpt lat="43.2785206194967" lon="26.94822521880269">
        <ele>213.79999999999995</ele>
        <time>2025-05-19T08:16:23</time>
      </trkpt>
      <trkpt lat="43.278426406905055" lon="26.948036458343267">
        <ele>212.79999999999995</ele>
        <time>2025-05-19T08:16:26</time>
      </trkpt>
      <trkpt lat="43.27839598059654" lon="26.947979126125574">
        <ele>212.39999999999998</ele>
        <time>2025-05-19T08:16:27</time>
      </trkpt>
      <trkpt lat="43.27822591178119" lon="26.947669498622417">
        <ele>211.79999999999995</ele>
        <time>2025-05-19T08:16:33</time>
      </trkpt>
      <trkpt lat="43.27810202725232" lon="26.947398679330945">
        <ele>211.79999999999995</ele>
        <time>2025-05-19T08:16:39</time>
      </trkpt>
      <trkpt lat="43.27803430147469" lon="26.947057032957673">
        <ele>212.0</ele>
        <time>2025-05-19T08:16:46</time>
      </trkpt>
      <trkpt lat="43.27802315354347" lon="26.946676494553685">
        <ele>212.20000000000005</ele>
        <time>2025-05-19T08:16:54</time>
      </trkpt>
      <trkpt lat="43.27806456014514" lon="26.9464148953557">
        <ele>212.60000000000002</ele>
        <time>2025-05-19T08:17:00</time>
      </trkpt>
      <trkpt lat="43.27812759205699" lon="26.94619495421648">
        <ele>213.39999999999998</ele>
        <time>2025-05-19T08:17:06</time>
      </trkpt>
      <trkpt lat="43.27815416269004" lon="26.94611524231732">
        <ele>213.79999999999995</ele>
        <time>2025-05-19T08:17:08</time>
      </trkpt>
      <trkpt lat="43.278212919831276" lon="26.94590468890965">
        <ele>214.60000000000002</ele>
        <time>2025-05-19T08:17:13</time>
      </trkpt>
      <trkpt lat="43.278261786326766" lon="26.945745265111327">
        <ele>214.79999999999995</ele>
        <time>2025-05-19T08:17:17</time>
      </trkpt>
      <trkpt lat="43.27828265726566" lon="26.945664044469595">
        <ele>215.0</ele>
        <time>2025-05-19T08:17:19</time>
      </trkpt>
      <trkpt lat="43.27834753319621" lon="26.945409402251244">
        <ele>216.0</ele>
        <time>2025-05-19T08:17:25</time>
      </trkpt>
      <trkpt lat="43.27835910022259" lon="26.94536866620183">
        <ele>216.20000000000005</ele>
        <time>2025-05-19T08:17:26</time>
      </trkpt>
      <trkpt lat="43.278431268408895" lon="26.945112347602844">
        <ele>217.0</ele>
        <time>2025-05-19T08:17:32</time>
      </trkpt>
      <trkpt lat="43.27846664004028" lon="26.944987373426557">
        <ele>217.39999999999998</ele>
        <time>2025-05-19T08:17:35</time>
      </trkpt>
      <trkpt lat="43.27853185124695" lon="26.94478335790336">
        <ele>217.79999999999995</ele>
        <time>2025-05-19T08:17:40</time>
      </trkpt>
      <trkpt lat="43.27859295532107" lon="26.944575738161802">
        <ele>218.0</ele>
        <time>2025-05-19T08:17:45</time>
      </trkpt>
      <trkpt lat="43.27860259450972" lon="26.944532487541437">
        <ele>218.20000000000005</ele>
        <time>2025-05-19T08:17:46</time>
      </trkpt>
      <trkpt lat="43.278691275045276" lon="26.944183381274343">
        <ele>218.79999999999995</ele>
        <time>2025-05-19T08:17:54</time>
      </trkpt>
      <trkpt lat="43.27871139161289" lon="26.944092269986868">
        <ele>219.0</ele>
        <time>2025-05-19T08:17:56</time>
      </trkpt>
      <trkpt lat="43.27878397889435" lon="26.943833101540804">
        <ele>219.60000000000002</ele>
        <time>2025-05-19T08:18:02</time>
      </trkpt>
      <trkpt lat="43.27880820259452" lon="26.94374307990074">
        <ele>220.0</ele>
        <time>2025-05-19T08:18:04</time>
      </trkpt>
      <trkpt lat="43.27888950705528" lon="26.94343177601695">
        <ele>221.0</ele>
        <time>2025-05-19T08:18:11</time>
      </trkpt>
      <trkpt lat="43.27891775406897" lon="26.943301521241665">
        <ele>221.20000000000005</ele>
        <time>2025-05-19T08:18:14</time>
      </trkpt>
      <trkpt lat="43.27897625975311" lon="26.943089542910457">
        <ele>221.60000000000002</ele>
        <time>2025-05-19T08:18:19</time>
      </trkpt>
      <trkpt lat="43.27905018813908" lon="26.942776143550873">
        <ele>222.20000000000005</ele>
        <time>2025-05-19T08:18:26</time>
      </trkpt>
      <trkpt lat="43.27905781567097" lon="26.942729875445366">
        <ele>222.20000000000005</ele>
        <time>2025-05-19T08:18:27</time>
      </trkpt>
      <trkpt lat="43.27910576015711" lon="26.94240801036358">
        <ele>222.60000000000002</ele>
        <time>2025-05-19T08:18:34</time>
      </trkpt>
      <trkpt lat="43.279129564762115" lon="26.942027807235718">
        <ele>223.0</ele>
        <time>2025-05-19T08:18:42</time>
      </trkpt>
      <trkpt lat="43.27912830747664" lon="26.941832173615694">
        <ele>223.20000000000005</ele>
        <time>2025-05-19T08:18:46</time>
      </trkpt>
      <trkpt lat="43.27910542488098" lon="26.941509302705526">
        <ele>223.60000000000002</ele>
        <time>2025-05-19T08:18:52</time>
      </trkpt>
      <trkpt lat="43.27903484925628" lon="26.94112348370254">
        <ele>224.0</ele>
        <time>2025-05-19T08:19:00</time>
      </trkpt>
      <trkpt lat="43.278929153457284" lon="26.940774880349636">
        <ele>224.39999999999998</ele>
        <time>2025-05-19T08:19:07</time>
      </trkpt>
      <trkpt lat="43.27884793281555" lon="26.94048729725182">
        <ele>224.60000000000002</ele>
        <time>2025-05-19T08:19:13</time>
      </trkpt>
      <trkpt lat="43.27873008325696" lon="26.940156295895576">
        <ele>224.79999999999995</ele>
        <time>2025-05-19T08:19:20</time>
      </trkpt>
      <trkpt lat="43.27858725562692" lon="26.939769135788083">
        <ele>224.79999999999995</ele>
        <time>2025-05-19T08:19:28</time>
      </trkpt>
      <trkpt lat="43.2785483635962" lon="26.939673917368054">
        <ele>224.79999999999995</ele>
        <time>2025-05-19T08:19:30</time>
      </trkpt>
      <trkpt lat="43.27844375744462" lon="26.93940837867558">
        <ele>224.39999999999998</ele>
        <time>2025-05-19T08:19:35</time>
      </trkpt>
      <trkpt lat="43.278286596760154" lon="26.93904049694538">
        <ele>223.20000000000005</ele>
        <time>2025-05-19T08:19:41</time>
      </trkpt>
      <trkpt lat="43.27825072221458" lon="26.938972854986787">
        <ele>223.20000000000005</ele>
        <time>2025-05-19T08:19:42</time>
      </trkpt>
      <trkpt lat="43.27801410108805" lon="26.938659958541393">
        <ele>222.39999999999998</ele>
        <time>2025-05-19T08:19:47</time>
      </trkpt>
      <trkpt lat="43.277957271784544" lon="26.938599525019526">
        <ele>222.0</ele>
        <time>2025-05-19T08:19:48</time>
      </trkpt>
      <trkpt lat="43.27778058126569" lon="26.93842031992972">
        <ele>221.0</ele>
        <time>2025-05-19T08:19:51</time>
      </trkpt>
      <trkpt lat="43.2776019629091" lon="26.938229631632566">
        <ele>220.0</ele>
        <time>2025-05-19T08:19:54</time>
      </trkpt>
      <trkpt lat="43.27754312194884" lon="26.93816685117781">
        <ele>219.60000000000002</ele>
        <time>2025-05-19T08:19:55</time>
      </trkpt>
      <trkpt lat="43.27737456187606" lon="26.937958393245935">
        <ele>218.39999999999998</ele>
        <time>2025-05-19T08:19:58</time>
      </trkpt>
      <trkpt lat="43.277264004573226" lon="26.937816822901368">
        <ele>217.79999999999995</ele>
        <time>2025-05-19T08:20:00</time>
      </trkpt>
      <trkpt lat="43.27721614390612" lon="26.93774758838117">
        <ele>217.20000000000005</ele>
        <time>2025-05-19T08:20:01</time>
      </trkpt>
      <trkpt lat="43.27708337455988" lon="26.937549859285355">
        <ele>216.20000000000005</ele>
        <time>2025-05-19T08:20:04</time>
      </trkpt>
      <trkpt lat="43.27703995630145" lon="26.93748464807868">
        <ele>215.79999999999995</ele>
        <time>2025-05-19T08:20:05</time>
      </trkpt>
      <trkpt lat="43.276951778680086" lon="26.937359925359488">
        <ele>215.20000000000005</ele>
        <time>2025-05-19T08:20:07</time>
      </trkpt>
      <trkpt lat="43.27678539790213" lon="26.937120035290718">
        <ele>214.0</ele>
        <time>2025-05-19T08:20:11</time>
      </trkpt>
      <trkpt lat="43.27674826607108" lon="26.93706102669239">
        <ele>213.79999999999995</ele>
        <time>2025-05-19T08:20:12</time>
      </trkpt>
      <trkpt lat="43.27661440707743" lon="26.93684058263898">
        <ele>212.79999999999995</ele>
        <time>2025-05-19T08:20:16</time>
      </trkpt>
      <trkpt lat="43.27652430161834" lon="26.936670681461692">
        <ele>212.60000000000002</ele>
        <time>2025-05-19T08:20:19</time>
      </trkpt>
      <trkpt lat="43.27630444429815" lon="26.936221243813634">
        <ele>212.39999999999998</ele>
        <time>2025-05-19T08:20:27</time>
      </trkpt>
      <trkpt lat="43.276177709922194" lon="26.93593273870647">
        <ele>211.79999999999995</ele>
        <time>2025-05-19T08:20:32</time>
      </trkpt>
      <trkpt lat="43.27610520645976" lon="26.93576082587242">
        <ele>211.60000000000002</ele>
        <time>2025-05-19T08:20:35</time>
      </trkpt>
      <trkpt lat="43.27592281624675" lon="26.935332510620356">
        <ele>211.0</ele>
        <time>2025-05-19T08:20:43</time>
      </trkpt>
      <trkpt lat="43.275901610031724" lon="26.935281297191978">
        <ele>210.79999999999995</ele>
        <time>2025-05-19T08:20:44</time>
      </trkpt>
      <trkpt lat="43.275715531781316" lon="26.934962617233396">
        <ele>210.0</ele>
        <time>2025-05-19T08:20:50</time>
      </trkpt>
      <trkpt lat="43.27567462809384" lon="26.93491291254759">
        <ele>209.79999999999995</ele>
        <time>2025-05-19T08:20:51</time>
      </trkpt>
      <trkpt lat="43.275541020557284" lon="26.934799421578646">
        <ele>209.39999999999998</ele>
        <time>2025-05-19T08:20:54</time>
      </trkpt>
      <trkpt lat="43.27550254762173" lon="26.934775868430734">
        <ele>209.20000000000005</ele>
        <time>2025-05-19T08:20:55</time>
      </trkpt>
      <trkpt lat="43.27543146908283" lon="26.934743346646428">
        <ele>208.79999999999995</ele>
        <time>2025-05-19T08:20:57</time>
      </trkpt>
      <trkpt lat="43.27537187375128" lon="26.934722308069468">
        <ele>208.20000000000005</ele>
        <time>2025-05-19T08:20:59</time>
      </trkpt>
      <trkpt lat="43.27530724927783" lon="26.934710070490837">
        <ele>207.60000000000002</ele>
        <time>2025-05-19T08:21:01</time>
      </trkpt>
      <trkpt lat="43.275159392505884" lon="26.93471811711788">
        <ele>206.39999999999998</ele>
        <time>2025-05-19T08:21:05</time>
      </trkpt>
      <trkpt lat="43.27503207139671" lon="26.934768576174974">
        <ele>205.79999999999995</ele>
        <time>2025-05-19T08:21:09</time>
      </trkpt>
      <trkpt lat="43.27497482299805" lon="26.93477913737297">
        <ele>205.20000000000005</ele>
        <time>2025-05-19T08:21:12</time>
      </trkpt>
      <trkpt lat="43.274962501600385" lon="26.934794140979648">
        <ele>205.0</ele>
        <time>2025-05-19T08:21:13</time>
      </trkpt>
      <trkpt lat="43.27495923265815" lon="26.93482012487948">
        <ele>204.79999999999995</ele>
        <time>2025-05-19T08:21:14</time>
      </trkpt>
      <trkpt lat="43.27501606196165" lon="26.934882989153266">
        <ele>204.0</ele>
        <time>2025-05-19T08:21:17</time>
      </trkpt>
      <trkpt lat="43.27507800422609" lon="26.934874607250094">
        <ele>203.60000000000002</ele>
        <time>2025-05-19T08:21:19</time>
      </trkpt>
      <trkpt lat="43.27517732977867" lon="26.934849210083485">
        <ele>203.60000000000002</ele>
        <time>2025-05-19T08:21:22</time>
      </trkpt>
      <trkpt lat="43.27533055096865" lon="26.934866728261113">
        <ele>203.39999999999998</ele>
        <time>2025-05-19T08:21:27</time>
      </trkpt>
      <trkpt lat="43.27542057260871" lon="26.934977788478136">
        <ele>203.79999999999995</ele>
        <time>2025-05-19T08:21:31</time>
      </trkpt>
      <trkpt lat="43.275396935641766" lon="26.935191275551915">
        <ele>204.39999999999998</ele>
        <time>2025-05-19T08:21:35</time>
      </trkpt>
      <trkpt lat="43.275369023904204" lon="26.935348017141223">
        <ele>205.0</ele>
        <time>2025-05-19T08:21:38</time>
      </trkpt>
      <trkpt lat="43.27534052543342" lon="26.935503166168928">
        <ele>205.39999999999998</ele>
        <time>2025-05-19T08:21:41</time>
      </trkpt>
      <trkpt lat="43.275333316996694" lon="26.935562761500478">
        <ele>205.39999999999998</ele>
        <time>2025-05-19T08:21:42</time>
      </trkpt>
      <trkpt lat="43.275267351418734" lon="26.93590977229178">
        <ele>205.39999999999998</ele>
        <time>2025-05-19T08:21:48</time>
      </trkpt>
      <trkpt lat="43.275251258164644" lon="26.93608763627708">
        <ele>204.79999999999995</ele>
        <time>2025-05-19T08:21:51</time>
      </trkpt>
      <trkpt lat="43.27526173554361" lon="26.93620875477791">
        <ele>204.20000000000005</ele>
        <time>2025-05-19T08:21:53</time>
      </trkpt>
      <trkpt lat="43.27527103945613" lon="26.936308247968554">
        <ele>203.79999999999995</ele>
        <time>2025-05-19T08:21:55</time>
      </trkpt>
      <trkpt lat="43.27527103945613" lon="26.936347810551524">
        <ele>203.60000000000002</ele>
        <time>2025-05-19T08:21:56</time>
      </trkpt>
      <trkpt lat="43.27526341192424" lon="26.93638083525002">
        <ele>203.39999999999998</ele>
        <time>2025-05-19T08:21:57</time>
      </trkpt>
      <trkpt lat="43.275245977565646" lon="26.93643221631646">
        <ele>202.79999999999995</ele>
        <time>2025-05-19T08:21:59</time>
      </trkpt>
      <trkpt lat="43.27524128369987" lon="26.93646389991045">
        <ele>202.20000000000005</ele>
        <time>2025-05-19T08:22:01</time>
      </trkpt>
      <trkpt lat="43.27524363063276" lon="26.93647018633783">
        <ele>202.0</ele>
        <time>2025-05-19T08:22:02</time>
      </trkpt>
      <trkpt lat="43.27525871805847" lon="26.93648535758257">
        <ele>202.0</ele>
        <time>2025-05-19T08:22:13</time>
      </trkpt>
      <trkpt lat="43.27526961453259" lon="26.936472365632653">
        <ele>202.60000000000002</ele>
        <time>2025-05-19T08:22:24</time>
      </trkpt>
      <trkpt lat="43.27530708163977" lon="26.936465241014957">
        <ele>202.60000000000002</ele>
        <time>2025-05-19T08:22:31</time>
      </trkpt>
      <trkpt lat="43.27531412243843" lon="26.936457278206944">
        <ele>202.60000000000002</ele>
        <time>2025-05-19T08:22:39</time>
      </trkpt>
      <trkpt lat="43.27532862313092" lon="26.936458284035325">
        <ele>202.60000000000002</ele>
        <time>2025-05-19T08:22:49</time>
      </trkpt>
      <trkpt lat="43.27531797811389" lon="26.936443615704775">
        <ele>202.60000000000002</ele>
        <time>2025-05-19T08:22:59</time>
      </trkpt>
      <trkpt lat="43.27532233670354" lon="26.93643305450678">
        <ele>202.39999999999998</ele>
        <time>2025-05-19T08:23:09</time>
      </trkpt>
      <trkpt lat="43.275326192379" lon="26.936429534107447">
        <ele>202.39999999999998</ele>
        <time>2025-05-19T08:23:19</time>
      </trkpt>
      <trkpt lat="43.27532820403576" lon="26.936425510793924">
        <ele>202.39999999999998</ele>
        <time>2025-05-19T08:23:28</time>
      </trkpt>
      <trkpt lat="43.275328539311886" lon="26.936425678431988">
        <ele>202.39999999999998</ele>
        <time>2025-05-19T08:23:29</time>
      </trkpt>
      <trkpt lat="43.275331389158964" lon="26.936422493308783">
        <ele>202.39999999999998</ele>
        <time>2025-05-19T08:23:38</time>
      </trkpt>
      <trkpt lat="43.27533599920571" lon="26.936408998444676">
        <ele>202.39999999999998</ele>
        <time>2025-05-19T08:23:49</time>
      </trkpt>
      <trkpt lat="43.275330886244774" lon="26.93640631623566">
        <ele>202.39999999999998</ele>
        <time>2025-05-19T08:23:57</time>
      </trkpt>
      <trkpt lat="43.275329042226076" lon="26.936403466388583">
        <ele>202.39999999999998</ele>
        <time>2025-05-19T08:24:08</time>
      </trkpt>
      <trkpt lat="43.275328036397696" lon="26.936393911018968">
        <ele>202.20000000000005</ele>
        <time>2025-05-19T08:24:20</time>
      </trkpt>
      <trkpt lat="43.27533013187349" lon="26.936391396448016">
        <ele>202.20000000000005</ele>
        <time>2025-05-19T08:24:28</time>
      </trkpt>
      <trkpt lat="43.27532988041639" lon="26.93639106117189">
        <ele>202.20000000000005</ele>
        <time>2025-05-19T08:24:29</time>
      </trkpt>
      <trkpt lat="43.27532527036965" lon="26.93639500066638">
        <ele>202.39999999999998</ele>
        <time>2025-05-19T08:24:40</time>
      </trkpt>
      <trkpt lat="43.27532342635095" lon="26.936393994838">
        <ele>202.20000000000005</ele>
        <time>2025-05-19T08:24:50</time>
      </trkpt>
      <trkpt lat="43.27577135525644" lon="26.936206240206957">
        <ele>201.79999999999995</ele>
        <time>2025-05-19T09:04:05</time>
      </trkpt>
      <trkpt lat="43.27574268914759" lon="26.936231469735503">
        <ele>201.79999999999995</ele>
        <time>2025-05-19T09:04:17</time>
      </trkpt>
      <trkpt lat="43.275645626708865" lon="26.936282264068723">
        <ele>201.79999999999995</ele>
        <time>2025-05-19T09:04:30</time>
      </trkpt>
      <trkpt lat="43.27562517486513" lon="26.93627631291747">
        <ele>201.79999999999995</ele>
        <time>2025-05-19T09:04:32</time>
      </trkpt>
      <trkpt lat="43.275574296712875" lon="26.936299027875066">
        <ele>201.79999999999995</ele>
        <time>2025-05-19T09:04:35</time>
      </trkpt>
      <trkpt lat="43.27544932253659" lon="26.93623574450612">
        <ele>201.79999999999995</ele>
        <time>2025-05-19T09:04:39</time>
      </trkpt>
      <trkpt lat="43.27538880519569" lon="26.93603189662099">
        <ele>201.79999999999995</ele>
        <time>2025-05-19T09:04:44</time>
      </trkpt>
      <trkpt lat="43.27540900558233" lon="26.935749761760235">
        <ele>202.20000000000005</ele>
        <time>2025-05-19T09:04:52</time>
      </trkpt>
      <trkpt lat="43.27541814185679" lon="26.93551691249013">
        <ele>203.20000000000005</ele>
        <time>2025-05-19T09:04:59</time>
      </trkpt>
      <trkpt lat="43.2754538487643" lon="26.935350950807333">
        <ele>204.20000000000005</ele>
        <time>2025-05-19T09:05:04</time>
      </trkpt>
      <trkpt lat="43.27546449378133" lon="26.935315327718854">
        <ele>204.39999999999998</ele>
        <time>2025-05-19T09:05:05</time>
      </trkpt>
      <trkpt lat="43.27550070360303" lon="26.935105696320534">
        <ele>205.20000000000005</ele>
        <time>2025-05-19T09:05:12</time>
      </trkpt>
      <trkpt lat="43.27550807967782" lon="26.93506990559399">
        <ele>205.20000000000005</ele>
        <time>2025-05-19T09:05:17</time>
      </trkpt>
      <trkpt lat="43.275506822392344" lon="26.935069151222706">
        <ele>205.20000000000005</ele>
        <time>2025-05-19T09:05:20</time>
      </trkpt>
      <trkpt lat="43.275518640875816" lon="26.935019278898835">
        <ele>205.60000000000002</ele>
        <time>2025-05-19T09:05:26</time>
      </trkpt>
      <trkpt lat="43.27552509494126" lon="26.934992372989655">
        <ele>205.60000000000002</ele>
        <time>2025-05-19T09:05:28</time>
      </trkpt>
      <trkpt lat="43.27551503665745" lon="26.934926994144917">
        <ele>205.79999999999995</ele>
        <time>2025-05-19T09:05:31</time>
      </trkpt>
      <trkpt lat="43.27543616294861" lon="26.934799924492836">
        <ele>205.79999999999995</ele>
        <time>2025-05-19T09:05:36</time>
      </trkpt>
      <trkpt lat="43.27527464367449" lon="26.93475130945444">
        <ele>205.60000000000002</ele>
        <time>2025-05-19T09:05:42</time>
      </trkpt>
      <trkpt lat="43.2751998770982" lon="26.934763295575976">
        <ele>205.0</ele>
        <time>2025-05-19T09:05:48</time>
      </trkpt>
      <trkpt lat="43.275180011987686" lon="26.934763379395008">
        <ele>204.60000000000002</ele>
        <time>2025-05-19T09:05:51</time>
      </trkpt>
      <trkpt lat="43.27514271251857" lon="26.934768492355943">
        <ele>204.39999999999998</ele>
        <time>2025-05-19T09:05:53</time>
      </trkpt>
      <trkpt lat="43.2749702129513" lon="26.934787603095174">
        <ele>204.20000000000005</ele>
        <time>2025-05-19T09:05:57</time>
      </trkpt>
      <trkpt lat="43.27461574226618" lon="26.93483680486679">
        <ele>203.79999999999995</ele>
        <time>2025-05-19T09:06:03</time>
      </trkpt>
      <trkpt lat="43.27438565902412" lon="26.93487628363073">
        <ele>202.60000000000002</ele>
        <time>2025-05-19T09:06:07</time>
      </trkpt>
      <trkpt lat="43.27411123551428" lon="26.934926910325885">
        <ele>201.79999999999995</ele>
        <time>2025-05-19T09:06:12</time>
      </trkpt>
      <trkpt lat="43.27405700460076" lon="26.934936633333564">
        <ele>201.79999999999995</ele>
        <time>2025-05-19T09:06:13</time>
      </trkpt>
      <trkpt lat="43.27381979674101" lon="26.93499606102705">
        <ele>201.79999999999995</ele>
        <time>2025-05-19T09:06:18</time>
      </trkpt>
      <trkpt lat="43.273629527539015" lon="26.93501567468047">
        <ele>202.0</ele>
        <time>2025-05-19T09:06:23</time>
      </trkpt>
      <trkpt lat="43.273407742381096" lon="26.93504048511386">
        <ele>202.20000000000005</ele>
        <time>2025-05-19T09:06:29</time>
      </trkpt>
      <trkpt lat="43.2732399366796" lon="26.935045011341572">
        <ele>203.0</ele>
        <time>2025-05-19T09:06:35</time>
      </trkpt>
      <trkpt lat="43.27321504242718" lon="26.935045598074794">
        <ele>203.20000000000005</ele>
        <time>2025-05-19T09:06:36</time>
      </trkpt>
      <trkpt lat="43.27307682484388" lon="26.935090189799666">
        <ele>204.20000000000005</ele>
        <time>2025-05-19T09:06:42</time>
      </trkpt>
      <trkpt lat="43.27305578626692" lon="26.935101253911853">
        <ele>204.39999999999998</ele>
        <time>2025-05-19T09:06:43</time>
      </trkpt>
      <trkpt lat="43.27297456562519" lon="26.93513000383973">
        <ele>205.39999999999998</ele>
        <time>2025-05-19T09:06:47</time>
      </trkpt>
      <trkpt lat="43.27293114736676" lon="26.93513235077262">
        <ele>205.60000000000002</ele>
        <time>2025-05-19T09:06:49</time>
      </trkpt>
      <trkpt lat="43.27277666889131" lon="26.935165291652083">
        <ele>206.60000000000002</ele>
        <time>2025-05-19T09:06:56</time>
      </trkpt>
      <trkpt lat="43.27275403775275" lon="26.935170153155923">
        <ele>206.60000000000002</ele>
        <time>2025-05-19T09:06:57</time>
      </trkpt>
      <trkpt lat="43.272635685279965" lon="26.935160094872117">
        <ele>207.60000000000002</ele>
        <time>2025-05-19T09:07:02</time>
      </trkpt>
      <trkpt lat="43.27258547767997" lon="26.935156155377626">
        <ele>208.0</ele>
        <time>2025-05-19T09:07:04</time>
      </trkpt>
      <trkpt lat="43.27255932614207" lon="26.935188760980964">
        <ele>208.60000000000002</ele>
        <time>2025-05-19T09:07:05</time>
      </trkpt>
      <trkpt lat="43.27251087874174" lon="26.93519437685609">
        <ele>208.79999999999995</ele>
        <time>2025-05-19T09:07:07</time>
      </trkpt>
      <trkpt lat="43.27244055457413" lon="26.935211224481463">
        <ele>209.20000000000005</ele>
        <time>2025-05-19T09:07:10</time>
      </trkpt>
      <trkpt lat="43.27233435586095" lon="26.93520518951118">
        <ele>210.0</ele>
        <time>2025-05-19T09:07:15</time>
      </trkpt>
      <trkpt lat="43.27225489541888" lon="26.935241147875786">
        <ele>210.39999999999998</ele>
        <time>2025-05-19T09:07:19</time>
      </trkpt>
      <trkpt lat="43.272137297317386" lon="26.93533376790583">
        <ele>211.20000000000005</ele>
        <time>2025-05-19T09:07:26</time>
      </trkpt>
      <trkpt lat="43.27211215160787" lon="26.935343574732542">
        <ele>211.39999999999998</ele>
        <time>2025-05-19T09:07:27</time>
      </trkpt>
      <trkpt lat="43.27191140502691" lon="26.93539973348379">
        <ele>212.20000000000005</ele>
        <time>2025-05-19T09:07:35</time>
      </trkpt>
      <trkpt lat="43.271819204092026" lon="26.935442565008998">
        <ele>212.39999999999998</ele>
        <time>2025-05-19T09:07:38</time>
      </trkpt>
      <trkpt lat="43.27173454686999" lon="26.93546854890883">
        <ele>212.60000000000002</ele>
        <time>2025-05-19T09:07:41</time>
      </trkpt>
      <trkpt lat="43.27166841365397" lon="26.935475589707494">
        <ele>212.60000000000002</ele>
        <time>2025-05-19T09:07:46</time>
      </trkpt>
      <trkpt lat="43.27155953273177" lon="26.935471817851067">
        <ele>212.79999999999995</ele>
        <time>2025-05-19T09:07:53</time>
      </trkpt>
      <trkpt lat="43.27140304259956" lon="26.935500651597977">
        <ele>212.79999999999995</ele>
        <time>2025-05-19T09:07:59</time>
      </trkpt>
      <trkpt lat="43.27133573591709" lon="26.935583129525185">
        <ele>213.20000000000005</ele>
        <time>2025-05-19T09:08:04</time>
      </trkpt>
      <trkpt lat="43.27131997793913" lon="26.935605760663748">
        <ele>213.79999999999995</ele>
        <time>2025-05-19T09:08:08</time>
      </trkpt>
      <trkpt lat="43.27131939120591" lon="26.935607101768255">
        <ele>214.0</ele>
        <time>2025-05-19T09:08:11</time>
      </trkpt>
      <trkpt lat="43.2712937425822" lon="26.935646161437035">
        <ele>214.0</ele>
        <time>2025-05-19T09:08:16</time>
      </trkpt>
      <trkpt lat="43.27125895768404" lon="26.935731573030353">
        <ele>214.0</ele>
        <time>2025-05-19T09:08:22</time>
      </trkpt>
      <trkpt lat="43.271160554140806" lon="26.93597129546106">
        <ele>213.79999999999995</ele>
        <time>2025-05-19T09:08:28</time>
      </trkpt>
      <trkpt lat="43.27106801792979" lon="26.936217052862048">
        <ele>213.79999999999995</ele>
        <time>2025-05-19T09:08:34</time>
      </trkpt>
      <trkpt lat="43.270936673507094" lon="26.936250077560544">
        <ele>213.60000000000002</ele>
        <time>2025-05-19T09:08:38</time>
      </trkpt>
      <trkpt lat="43.27066979371011" lon="26.936219986528158">
        <ele>214.0</ele>
        <time>2025-05-19T09:08:46</time>
      </trkpt>
      <trkpt lat="43.270364943891764" lon="26.936190649867058">
        <ele>215.0</ele>
        <time>2025-05-19T09:08:55</time>
      </trkpt>
      <trkpt lat="43.27026863582432" lon="26.936160307377577">
        <ele>215.20000000000005</ele>
        <time>2025-05-19T09:08:58</time>
      </trkpt>
      <trkpt lat="43.27010686509311" lon="26.936121582984924">
        <ele>215.60000000000002</ele>
        <time>2025-05-19T09:09:03</time>
      </trkpt>
      <trkpt lat="43.269934952259064" lon="26.93605788052082">
        <ele>216.20000000000005</ele>
        <time>2025-05-19T09:09:09</time>
      </trkpt>
      <trkpt lat="43.269900334998965" lon="26.936074141412973">
        <ele>216.39999999999998</ele>
        <time>2025-05-19T09:09:13</time>
      </trkpt>
      <trkpt lat="43.26989949680865" lon="26.936077158898115">
        <ele>216.39999999999998</ele>
        <time>2025-05-19T09:09:14</time>
      </trkpt>
      <trkpt lat="43.26989555731416" lon="26.936078164726496">
        <ele>217.0</ele>
        <time>2025-05-19T09:09:22</time>
      </trkpt>
      <trkpt lat="43.269887091591954" lon="26.936079002916813">
        <ele>217.20000000000005</ele>
        <time>2025-05-19T09:09:30</time>
      </trkpt>
      <trkpt lat="43.26988692395389" lon="26.936079170554876">
        <ele>217.20000000000005</ele>
        <time>2025-05-19T09:09:31</time>
      </trkpt>
      <trkpt lat="43.26988231390715" lon="26.936076572164893">
        <ele>217.60000000000002</ele>
        <time>2025-05-19T09:09:39</time>
      </trkpt>
      <trkpt lat="43.26987183652818" lon="26.936081014573574">
        <ele>217.39999999999998</ele>
        <time>2025-05-19T09:09:50</time>
      </trkpt>
      <trkpt lat="43.269858760759234" lon="26.9360813498497">
        <ele>217.60000000000002</ele>
        <time>2025-05-19T09:09:51</time>
      </trkpt>
      <trkpt lat="43.26977921649814" lon="26.93607112392783">
        <ele>217.60000000000002</ele>
        <time>2025-05-19T09:09:55</time>
      </trkpt>
      <trkpt lat="43.26955642551184" lon="26.936034997925162">
        <ele>217.60000000000002</ele>
        <time>2025-05-19T09:10:03</time>
      </trkpt>
      <trkpt lat="43.26934888958931" lon="26.93599820137024">
        <ele>217.79999999999995</ele>
        <time>2025-05-19T09:10:10</time>
      </trkpt>
      <trkpt lat="43.269195165485144" lon="26.935975989326835">
        <ele>219.0</ele>
        <time>2025-05-19T09:10:15</time>
      </trkpt>
      <trkpt lat="43.26913380995393" lon="26.935961404815316">
        <ele>219.20000000000005</ele>
        <time>2025-05-19T09:10:17</time>
      </trkpt>
      <trkpt lat="43.26895158737898" lon="26.9359449762851">
        <ele>220.0</ele>
        <time>2025-05-19T09:10:23</time>
      </trkpt>
      <trkpt lat="43.26889014802873" lon="26.93592787720263">
        <ele>220.20000000000005</ele>
        <time>2025-05-19T09:10:25</time>
      </trkpt>
      <trkpt lat="43.26873240061104" lon="26.935918238013983">
        <ele>220.60000000000002</ele>
        <time>2025-05-19T09:10:30</time>
      </trkpt>
      <trkpt lat="43.268478931859136" lon="26.93587406538427">
        <ele>221.20000000000005</ele>
        <time>2025-05-19T09:10:38</time>
      </trkpt>
      <trkpt lat="43.26844934374094" lon="26.93586526438594">
        <ele>221.39999999999998</ele>
        <time>2025-05-19T09:10:39</time>
      </trkpt>
      <trkpt lat="43.26832311227918" lon="26.935819080099463">
        <ele>221.79999999999995</ele>
        <time>2025-05-19T09:10:44</time>
      </trkpt>
      <trkpt lat="43.26825429685414" lon="26.935799047350883">
        <ele>221.79999999999995</ele>
        <time>2025-05-19T09:10:50</time>
      </trkpt>
      <trkpt lat="43.268180787563324" lon="26.93576719611883">
        <ele>222.39999999999998</ele>
        <time>2025-05-19T09:10:55</time>
      </trkpt>
      <trkpt lat="43.268128568306565" lon="26.935745906084776">
        <ele>222.60000000000002</ele>
        <time>2025-05-19T09:10:57</time>
      </trkpt>
      <trkpt lat="43.26800451613963" lon="26.935711624100804">
        <ele>222.79999999999995</ele>
        <time>2025-05-19T09:11:01</time>
      </trkpt>
      <trkpt lat="43.26781407929957" lon="26.935682706534863">
        <ele>222.79999999999995</ele>
        <time>2025-05-19T09:11:08</time>
      </trkpt>
      <trkpt lat="43.267804104834795" lon="26.93567960523069">
        <ele>223.20000000000005</ele>
        <time>2025-05-19T09:11:13</time>
      </trkpt>
      <trkpt lat="43.26780083589256" lon="26.935677342116833">
        <ele>223.60000000000002</ele>
        <time>2025-05-19T09:11:26</time>
      </trkpt>
      <trkpt lat="43.267754735425115" lon="26.935665355995297">
        <ele>223.60000000000002</ele>
        <time>2025-05-19T09:11:34</time>
      </trkpt>
      <trkpt lat="43.26751082204282" lon="26.935618752613664">
        <ele>223.79999999999995</ele>
        <time>2025-05-19T09:11:43</time>
      </trkpt>
      <trkpt lat="43.26748022809625" lon="26.93561665713787">
        <ele>224.0</ele>
        <time>2025-05-19T09:11:44</time>
      </trkpt>
      <trkpt lat="43.2672668248415" lon="26.93558287806809">
        <ele>224.60000000000002</ele>
        <time>2025-05-19T09:11:51</time>
      </trkpt>
      <trkpt lat="43.26713874936104" lon="26.93556963466108">
        <ele>225.0</ele>
        <time>2025-05-19T09:11:55</time>
      </trkpt>
      <trkpt lat="43.26704495586455" lon="26.9355580676347">
        <ele>225.39999999999998</ele>
        <time>2025-05-19T09:11:58</time>
      </trkpt>
      <trkpt lat="43.26679173856974" lon="26.935539627447724">
        <ele>226.20000000000005</ele>
        <time>2025-05-19T09:12:06</time>
      </trkpt>
      <trkpt lat="43.26676022261381" lon="26.935534263029695">
        <ele>226.39999999999998</ele>
        <time>2025-05-19T09:12:07</time>
      </trkpt>
      <trkpt lat="43.26666207052767" lon="26.935516241937876">
        <ele>226.60000000000002</ele>
        <time>2025-05-19T09:12:10</time>
      </trkpt>
      <trkpt lat="43.266491163522005" lon="26.935508027672768">
        <ele>227.0</ele>
        <time>2025-05-19T09:12:15</time>
      </trkpt>
      <trkpt lat="43.266234593465924" lon="26.93551003932953">
        <ele>227.39999999999998</ele>
        <time>2025-05-19T09:12:22</time>
      </trkpt>
      <trkpt lat="43.26590568758547" lon="26.93553199991584">
        <ele>227.60000000000002</ele>
        <time>2025-05-19T09:12:31</time>
      </trkpt>
      <trkpt lat="43.26557854190469" lon="26.935536693781614">
        <ele>227.60000000000002</ele>
        <time>2025-05-19T09:12:40</time>
      </trkpt>
      <trkpt lat="43.26530009508133" lon="26.935552367940545">
        <ele>227.60000000000002</ele>
        <time>2025-05-19T09:12:47</time>
      </trkpt>
      <trkpt lat="43.26495710760355" lon="26.935549769550562">
        <ele>227.79999999999995</ele>
        <time>2025-05-19T09:12:55</time>
      </trkpt>
      <trkpt lat="43.26470187865198" lon="26.93555949255824">
        <ele>228.60000000000002</ele>
        <time>2025-05-19T09:13:01</time>
      </trkpt>
      <trkpt lat="43.26448084786534" lon="26.935548931360245">
        <ele>228.79999999999995</ele>
        <time>2025-05-19T09:13:06</time>
      </trkpt>
      <trkpt lat="43.264343217015266" lon="26.935550523921847">
        <ele>228.79999999999995</ele>
        <time>2025-05-19T09:13:09</time>
      </trkpt>
      <trkpt lat="43.26416501775384" lon="26.935534346848726">
        <ele>229.0</ele>
        <time>2025-05-19T09:13:13</time>
      </trkpt>
      <trkpt lat="43.2640684582293" lon="26.935531916096807">
        <ele>229.0</ele>
        <time>2025-05-19T09:13:15</time>
      </trkpt>
      <trkpt lat="43.26391716487706" lon="26.935517163947225">
        <ele>229.0</ele>
        <time>2025-05-19T09:13:19</time>
      </trkpt>
      <trkpt lat="43.263859832659364" lon="26.935519594699144">
        <ele>229.0</ele>
        <time>2025-05-19T09:13:23</time>
      </trkpt>
      <trkpt lat="43.26384457759559" lon="26.93551590666175">
        <ele>229.20000000000005</ele>
        <time>2025-05-19T09:13:24</time>
      </trkpt>
      <trkpt lat="43.26376327313483" lon="26.935529988259077">
        <ele>229.20000000000005</ele>
        <time>2025-05-19T09:13:27</time>
      </trkpt>
      <trkpt lat="43.26369018293917" lon="26.935538118705153">
        <ele>229.20000000000005</ele>
        <time>2025-05-19T09:13:29</time>
      </trkpt>
      <trkpt lat="43.26338340528309" lon="26.935545494779944">
        <ele>229.20000000000005</ele>
        <time>2025-05-19T09:13:36</time>
      </trkpt>
      <trkpt lat="43.263044441118836" lon="26.935484977439046">
        <ele>228.60000000000002</ele>
        <time>2025-05-19T09:13:44</time>
      </trkpt>
      <trkpt lat="43.26282123103738" lon="26.93545144982636">
        <ele>228.60000000000002</ele>
        <time>2025-05-19T09:13:50</time>
      </trkpt>
      <trkpt lat="43.262738920748234" lon="26.935443822294474">
        <ele>228.60000000000002</ele>
        <time>2025-05-19T09:13:52</time>
      </trkpt>
      <trkpt lat="43.26252417638898" lon="26.9354216940701">
        <ele>228.39999999999998</ele>
        <time>2025-05-19T09:13:57</time>
      </trkpt>
      <trkpt lat="43.26222318224609" lon="26.93548615090549">
        <ele>228.39999999999998</ele>
        <time>2025-05-19T09:14:03</time>
      </trkpt>
      <trkpt lat="43.26197390444577" lon="26.935607437044382">
        <ele>228.20000000000005</ele>
        <time>2025-05-19T09:14:08</time>
      </trkpt>
      <trkpt lat="43.26192704960704" lon="26.935640210285783">
        <ele>228.0</ele>
        <time>2025-05-19T09:14:09</time>
      </trkpt>
      <trkpt lat="43.261539889499545" lon="26.935913125053048">
        <ele>227.60000000000002</ele>
        <time>2025-05-19T09:14:17</time>
      </trkpt>
      <trkpt lat="43.26138960197568" lon="26.936024939641356">
        <ele>227.20000000000005</ele>
        <time>2025-05-19T09:14:20</time>
      </trkpt>
      <trkpt lat="43.26112079434097" lon="26.936226272955537">
        <ele>226.60000000000002</ele>
        <time>2025-05-19T09:14:25</time>
      </trkpt>
      <trkpt lat="43.260896243155" lon="26.936383014544845">
        <ele>226.20000000000005</ele>
        <time>2025-05-19T09:14:29</time>
      </trkpt>
      <trkpt lat="43.26073338277638" lon="26.936499942094088">
        <ele>225.79999999999995</ele>
        <time>2025-05-19T09:14:32</time>
      </trkpt>
      <trkpt lat="43.26041252352297" lon="26.936735473573208">
        <ele>225.39999999999998</ele>
        <time>2025-05-19T09:14:38</time>
      </trkpt>
      <trkpt lat="43.26030037365854" lon="26.936820298433304">
        <ele>225.39999999999998</ele>
        <time>2025-05-19T09:14:40</time>
      </trkpt>
      <trkpt lat="43.25996920466423" lon="26.93705264478922">
        <ele>225.0</ele>
        <time>2025-05-19T09:14:46</time>
      </trkpt>
      <trkpt lat="43.25969327241182" lon="26.937180971726775">
        <ele>224.60000000000002</ele>
        <time>2025-05-19T09:14:51</time>
      </trkpt>
      <trkpt lat="43.2595700584352" lon="26.937210308387876">
        <ele>224.39999999999998</ele>
        <time>2025-05-19T09:14:53</time>
      </trkpt>
      <trkpt lat="43.259322540834546" lon="26.937212655320764">
        <ele>224.0</ele>
        <time>2025-05-19T09:14:57</time>
      </trkpt>
      <trkpt lat="43.259259425103664" lon="26.93719823844731">
        <ele>224.0</ele>
        <time>2025-05-19T09:14:58</time>
      </trkpt>
      <trkpt lat="43.25912891887128" lon="26.937149204313755">
        <ele>223.39999999999998</ele>
        <time>2025-05-19T09:15:00</time>
      </trkpt>
      <trkpt lat="43.258994137868285" lon="26.937083154916763">
        <ele>223.0</ele>
        <time>2025-05-19T09:15:02</time>
      </trkpt>
      <trkpt lat="43.25880487449467" lon="26.936948457732797">
        <ele>222.20000000000005</ele>
        <time>2025-05-19T09:15:05</time>
      </trkpt>
      <trkpt lat="43.25862751342356" lon="26.936793057247996">
        <ele>220.79999999999995</ele>
        <time>2025-05-19T09:15:08</time>
      </trkpt>
      <trkpt lat="43.25840908102691" lon="26.936572110280395">
        <ele>219.79999999999995</ele>
        <time>2025-05-19T09:15:12</time>
      </trkpt>
      <trkpt lat="43.25819752179086" lon="26.936368765309453">
        <ele>218.60000000000002</ele>
        <time>2025-05-19T09:15:16</time>
      </trkpt>
      <trkpt lat="43.257986465469" lon="26.936181765049696">
        <ele>217.0</ele>
        <time>2025-05-19T09:15:20</time>
      </trkpt>
      <trkpt lat="43.25772838667035" lon="26.935990741476417">
        <ele>216.20000000000005</ele>
        <time>2025-05-19T09:15:25</time>
      </trkpt>
      <trkpt lat="43.25739939697087" lon="26.935857133939862">
        <ele>215.20000000000005</ele>
        <time>2025-05-19T09:15:31</time>
      </trkpt>
      <trkpt lat="43.257344998419285" lon="26.935842046514153">
        <ele>215.20000000000005</ele>
        <time>2025-05-19T09:15:32</time>
      </trkpt>
      <trkpt lat="43.25689245946705" lon="26.935765016824007">
        <ele>214.20000000000005</ele>
        <time>2025-05-19T09:15:40</time>
      </trkpt>
      <trkpt lat="43.25683772563934" lon="26.93576174788177">
        <ele>214.39999999999998</ele>
        <time>2025-05-19T09:15:41</time>
      </trkpt>
      <trkpt lat="43.25634981505573" lon="26.935737188905478">
        <ele>213.79999999999995</ele>
        <time>2025-05-19T09:15:50</time>
      </trkpt>
      <trkpt lat="43.25597967021167" lon="26.93572612479329">
        <ele>213.79999999999995</ele>
        <time>2025-05-19T09:15:58</time>
      </trkpt>
      <trkpt lat="43.25562126003206" lon="26.935708858072758">
        <ele>214.39999999999998</ele>
        <time>2025-05-19T09:16:07</time>
      </trkpt>
      <trkpt lat="43.25524658896029" lon="26.93569729104638">
        <ele>215.39999999999998</ele>
        <time>2025-05-19T09:16:17</time>
      </trkpt>
      <trkpt lat="43.254926232621074" lon="26.935686729848385">
        <ele>215.60000000000002</ele>
        <time>2025-05-19T09:16:25</time>
      </trkpt>
      <trkpt lat="43.254762114956975" lon="26.935682790353894">
        <ele>215.79999999999995</ele>
        <time>2025-05-19T09:16:29</time>
      </trkpt>
      <trkpt lat="43.25430504977703" lon="26.93566116504371">
        <ele>216.79999999999995</ele>
        <time>2025-05-19T09:16:40</time>
      </trkpt>
      <trkpt lat="43.253930965438485" lon="26.93564347922802">
        <ele>217.79999999999995</ele>
        <time>2025-05-19T09:16:49</time>
      </trkpt>
      <trkpt lat="43.25351840816438" lon="26.935629481449723">
        <ele>218.39999999999998</ele>
        <time>2025-05-19T09:16:59</time>
      </trkpt>
      <trkpt lat="43.253263682127" lon="26.935609448701143">
        <ele>219.20000000000005</ele>
        <time>2025-05-19T09:17:05</time>
      </trkpt>
      <trkpt lat="43.253223868086934" lon="26.935607101768255">
        <ele>219.20000000000005</ele>
        <time>2025-05-19T09:17:06</time>
      </trkpt>
      <trkpt lat="43.252879455685616" lon="26.93559662438929">
        <ele>219.79999999999995</ele>
        <time>2025-05-19T09:17:15</time>
      </trkpt>
      <trkpt lat="43.25255717150867" lon="26.93558095023036">
        <ele>220.0</ele>
        <time>2025-05-19T09:17:23</time>
      </trkpt>
      <trkpt lat="43.25239120982587" lon="26.935573909431696">
        <ele>220.39999999999998</ele>
        <time>2025-05-19T09:17:27</time>
      </trkpt>
      <trkpt lat="43.25217638164759" lon="26.93554130382836">
        <ele>220.60000000000002</ele>
        <time>2025-05-19T09:17:32</time>
      </trkpt>
      <trkpt lat="43.25181310996413" lon="26.93541917949915">
        <ele>220.60000000000002</ele>
        <time>2025-05-19T09:17:40</time>
      </trkpt>
      <trkpt lat="43.251495687291026" lon="26.935206530615687">
        <ele>220.79999999999995</ele>
        <time>2025-05-19T09:17:47</time>
      </trkpt>
      <trkpt lat="43.25125068426132" lon="26.934942584484816">
        <ele>220.60000000000002</ele>
        <time>2025-05-19T09:17:53</time>
      </trkpt>
      <trkpt lat="43.25087333098054" lon="26.934426594525576">
        <ele>220.0</ele>
        <time>2025-05-19T09:18:03</time>
      </trkpt>
      <trkpt lat="43.25047963298857" lon="26.93387556821108">
        <ele>219.79999999999995</ele>
        <time>2025-05-19T09:18:14</time>
      </trkpt>
      <trkpt lat="43.25044593773782" lon="26.933831479400396">
        <ele>219.79999999999995</ele>
        <time>2025-05-19T09:18:15</time>
      </trkpt>
      <trkpt lat="43.250233959406614" lon="26.93353844806552">
        <ele>219.60000000000002</ele>
        <time>2025-05-19T09:18:22</time>
      </trkpt>
      <trkpt lat="43.2500291056931" lon="26.933250948786736">
        <ele>219.60000000000002</ele>
        <time>2025-05-19T09:18:30</time>
      </trkpt>
      <trkpt lat="43.249814277514815" lon="26.932951379567385">
        <ele>220.60000000000002</ele>
        <time>2025-05-19T09:18:39</time>
      </trkpt>
      <trkpt lat="43.24969072826207" lon="26.932783154770732">
        <ele>221.0</ele>
        <time>2025-05-19T09:18:44</time>
      </trkpt>
      <trkpt lat="43.24952476657927" lon="26.932545695453882">
        <ele>222.0</ele>
        <time>2025-05-19T09:18:51</time>
      </trkpt>
      <trkpt lat="43.249500123783946" lon="26.932514011859894">
        <ele>222.0</ele>
        <time>2025-05-19T09:18:52</time>
      </trkpt>
      <trkpt lat="43.24933625757694" lon="26.932282503694296">
        <ele>222.60000000000002</ele>
        <time>2025-05-19T09:18:59</time>
      </trkpt>
      <trkpt lat="43.24914816766977" lon="26.93202417343855">
        <ele>223.0</ele>
        <time>2025-05-19T09:19:07</time>
      </trkpt>
      <trkpt lat="43.2491019833833" lon="26.9319627340883">
        <ele>223.20000000000005</ele>
        <time>2025-05-19T09:19:09</time>
      </trkpt>
      <trkpt lat="43.24892621487379" lon="26.93174966610968">
        <ele>224.39999999999998</ele>
        <time>2025-05-19T09:19:17</time>
      </trkpt>
      <trkpt lat="43.24890358373523" lon="26.9317280407995">
        <ele>224.60000000000002</ele>
        <time>2025-05-19T09:19:18</time>
      </trkpt>
      <trkpt lat="43.24872588738799" lon="26.931570880115032">
        <ele>225.20000000000005</ele>
        <time>2025-05-19T09:19:26</time>
      </trkpt>
      <trkpt lat="43.248677188530564" lon="26.931534754112363">
        <ele>225.60000000000002</ele>
        <time>2025-05-19T09:19:28</time>
      </trkpt>
      <trkpt lat="43.24847409501672" lon="26.931400140747428">
        <ele>226.60000000000002</ele>
        <time>2025-05-19T09:19:36</time>
      </trkpt>
      <trkpt lat="43.24842086993158" lon="26.931368205696344">
        <ele>226.79999999999995</ele>
        <time>2025-05-19T09:19:38</time>
      </trkpt>
      <trkpt lat="43.24820168316364" lon="26.931264270097017">
        <ele>227.60000000000002</ele>
        <time>2025-05-19T09:19:46</time>
      </trkpt>
      <trkpt lat="43.2480535749346" lon="26.931192940101027">
        <ele>227.79999999999995</ele>
        <time>2025-05-19T09:19:51</time>
      </trkpt>
      <trkpt lat="43.24792901985347" lon="26.931138625368476">
        <ele>228.20000000000005</ele>
        <time>2025-05-19T09:19:55</time>
      </trkpt>
      <trkpt lat="43.24764009565115" lon="26.93104005418718">
        <ele>228.60000000000002</ele>
        <time>2025-05-19T09:20:04</time>
      </trkpt>
      <trkpt lat="43.24751294218004" lon="26.930992947891355">
        <ele>228.79999999999995</ele>
        <time>2025-05-19T09:20:08</time>
      </trkpt>
      <trkpt lat="43.24735536240041" lon="26.930939136072993">
        <ele>229.20000000000005</ele>
        <time>2025-05-19T09:20:13</time>
      </trkpt>
      <trkpt lat="43.24711178429425" lon="26.930824471637607">
        <ele>230.0</ele>
        <time>2025-05-19T09:20:21</time>
      </trkpt>
      <trkpt lat="43.24708110652864" lon="26.930812234058976">
        <ele>230.20000000000005</ele>
        <time>2025-05-19T09:20:22</time>
      </trkpt>
      <trkpt lat="43.246859991922975" lon="26.930714501067996">
        <ele>230.39999999999998</ele>
        <time>2025-05-19T09:20:28</time>
      </trkpt>
      <trkpt lat="43.246527062729" lon="26.930510653182864">
        <ele>230.0</ele>
        <time>2025-05-19T09:20:36</time>
      </trkpt>
      <trkpt lat="43.246312737464905" lon="26.930375788360834">
        <ele>229.20000000000005</ele>
        <time>2025-05-19T09:20:41</time>
      </trkpt>
      <trkpt lat="43.24622799642384" lon="26.93030621856451">
        <ele>229.20000000000005</ele>
        <time>2025-05-19T09:20:43</time>
      </trkpt>
      <trkpt lat="43.24618541635573" lon="26.93027143366635">
        <ele>228.79999999999995</ele>
        <time>2025-05-19T09:20:44</time>
      </trkpt>
      <trkpt lat="43.24587520211935" lon="26.929996674880385">
        <ele>228.0</ele>
        <time>2025-05-19T09:20:51</time>
      </trkpt>
      <trkpt lat="43.24583362787962" lon="26.929950239136815">
        <ele>228.0</ele>
        <time>2025-05-19T09:20:52</time>
      </trkpt>
      <trkpt lat="43.24566883966327" lon="26.92977799102664">
        <ele>227.0</ele>
        <time>2025-05-19T09:20:56</time>
      </trkpt>
      <trkpt lat="43.24555945582688" lon="26.92963474430144">
        <ele>226.39999999999998</ele>
        <time>2025-05-19T09:20:59</time>
      </trkpt>
      <trkpt lat="43.24548904784024" lon="26.929544219747186">
        <ele>225.79999999999995</ele>
        <time>2025-05-19T09:21:01</time>
      </trkpt>
      <trkpt lat="43.24527597986162" lon="26.929293517023325">
        <ele>225.0</ele>
        <time>2025-05-19T09:21:07</time>
      </trkpt>
      <trkpt lat="43.244982697069645" lon="26.92896251566708">
        <ele>225.0</ele>
        <time>2025-05-19T09:21:15</time>
      </trkpt>
      <trkpt lat="43.2449469063431" lon="26.928921528160572">
        <ele>225.0</ele>
        <time>2025-05-19T09:21:16</time>
      </trkpt>
      <trkpt lat="43.24472688138485" lon="26.928682811558247">
        <ele>225.0</ele>
        <time>2025-05-19T09:21:23</time>
      </trkpt>
      <trkpt lat="43.24455438181758" lon="26.928589772433043">
        <ele>224.79999999999995</ele>
        <time>2025-05-19T09:21:28</time>
      </trkpt>
      <trkpt lat="43.24426084756851" lon="26.928471755236387">
        <ele>224.20000000000005</ele>
        <time>2025-05-19T09:21:34</time>
      </trkpt>
      <trkpt lat="43.24414257891476" lon="26.928421379998326">
        <ele>223.79999999999995</ele>
        <time>2025-05-19T09:21:36</time>
      </trkpt>
      <trkpt lat="43.24394887313247" lon="26.928347200155258">
        <ele>222.79999999999995</ele>
        <time>2025-05-19T09:21:39</time>
      </trkpt>
      <trkpt lat="43.24388173408806" lon="26.9283277541399">
        <ele>222.60000000000002</ele>
        <time>2025-05-19T09:21:40</time>
      </trkpt>
      <trkpt lat="43.24367629364133" lon="26.928272349759936">
        <ele>221.60000000000002</ele>
        <time>2025-05-19T09:21:43</time>
      </trkpt>
      <trkpt lat="43.2434687577188" lon="26.92819917574525">
        <ele>220.39999999999998</ele>
        <time>2025-05-19T09:21:46</time>
      </trkpt>
      <trkpt lat="43.24318611994386" lon="26.928096832707524">
        <ele>219.0</ele>
        <time>2025-05-19T09:21:50</time>
      </trkpt>
      <trkpt lat="43.24297699145973" lon="26.928018797188997">
        <ele>218.0</ele>
        <time>2025-05-19T09:21:53</time>
      </trkpt>
      <trkpt lat="43.242837684229016" lon="26.927968338131905">
        <ele>217.20000000000005</ele>
        <time>2025-05-19T09:21:55</time>
      </trkpt>
      <trkpt lat="43.24276652187109" lon="26.927942940965295">
        <ele>216.79999999999995</ele>
        <time>2025-05-19T09:21:56</time>
      </trkpt>
      <trkpt lat="43.24255160987377" lon="26.927851494401693">
        <ele>215.60000000000002</ele>
        <time>2025-05-19T09:21:59</time>
      </trkpt>
      <trkpt lat="43.242340134456754" lon="26.92775652743876">
        <ele>215.20000000000005</ele>
        <time>2025-05-19T09:22:02</time>
      </trkpt>
      <trkpt lat="43.24220074340701" lon="26.927694836631417">
        <ele>214.79999999999995</ele>
        <time>2025-05-19T09:22:04</time>
      </trkpt>
      <trkpt lat="43.241943921893835" lon="26.92757765762508">
        <ele>213.79999999999995</ele>
        <time>2025-05-19T09:22:08</time>
      </trkpt>
      <trkpt lat="43.24161660857499" lon="26.92743692547083">
        <ele>212.60000000000002</ele>
        <time>2025-05-19T09:22:13</time>
      </trkpt>
      <trkpt lat="43.24141016229987" lon="26.92734707146883">
        <ele>211.39999999999998</ele>
        <time>2025-05-19T09:22:16</time>
      </trkpt>
      <trkpt lat="43.241200782358646" lon="26.927240202203393">
        <ele>210.0</ele>
        <time>2025-05-19T09:22:19</time>
      </trkpt>
      <trkpt lat="43.24091797694564" lon="26.92710818722844">
        <ele>208.79999999999995</ele>
        <time>2025-05-19T09:22:23</time>
      </trkpt>
      <trkpt lat="43.24084714986384" lon="26.927080107852817">
        <ele>208.39999999999998</ele>
        <time>2025-05-19T09:22:24</time>
      </trkpt>
      <trkpt lat="43.240704322233796" lon="26.927032079547644">
        <ele>207.60000000000002</ele>
        <time>2025-05-19T09:22:26</time>
      </trkpt>
      <trkpt lat="43.24050256982446" lon="26.926944237202406">
        <ele>206.60000000000002</ele>
        <time>2025-05-19T09:22:29</time>
      </trkpt>
      <trkpt lat="43.24036938138306" lon="26.926888581365347">
        <ele>206.20000000000005</ele>
        <time>2025-05-19T09:22:31</time>
      </trkpt>
      <trkpt lat="43.24023510329425" lon="26.926827896386385">
        <ele>205.39999999999998</ele>
        <time>2025-05-19T09:22:33</time>
      </trkpt>
      <trkpt lat="43.23981340974569" lon="26.926636369898915">
        <ele>204.39999999999998</ele>
        <time>2025-05-19T09:22:39</time>
      </trkpt>
      <trkpt lat="43.23945650830865" lon="26.926461942493916">
        <ele>203.0</ele>
        <time>2025-05-19T09:22:44</time>
      </trkpt>
      <trkpt lat="43.2393089029938" lon="26.92640695720911">
        <ele>202.20000000000005</ele>
        <time>2025-05-19T09:22:46</time>
      </trkpt>
      <trkpt lat="43.239236902445555" lon="26.926376363262534">
        <ele>201.79999999999995</ele>
        <time>2025-05-19T09:22:47</time>
      </trkpt>
      <trkpt lat="43.23902551084757" lon="26.92628290504217">
        <ele>200.79999999999995</ele>
        <time>2025-05-19T09:22:50</time>
      </trkpt>
      <trkpt lat="43.23881613090634" lon="26.926204031333327">
        <ele>199.79999999999995</ele>
        <time>2025-05-19T09:22:53</time>
      </trkpt>
      <trkpt lat="43.23874689638615" lon="26.926178885623813">
        <ele>199.60000000000002</ele>
        <time>2025-05-19T09:22:54</time>
      </trkpt>
      <trkpt lat="43.238542126491666" lon="26.92610445432365">
        <ele>198.39999999999998</ele>
        <time>2025-05-19T09:22:57</time>
      </trkpt>
      <trkpt lat="43.23821355588734" lon="26.92599741742015">
        <ele>197.60000000000002</ele>
        <time>2025-05-19T09:23:02</time>
      </trkpt>
      <trkpt lat="43.23815085925162" lon="26.92597637884319">
        <ele>197.39999999999998</ele>
        <time>2025-05-19T09:23:03</time>
      </trkpt>
      <trkpt lat="43.237965451553464" lon="26.925915274769068">
        <ele>196.39999999999998</ele>
        <time>2025-05-19T09:23:06</time>
      </trkpt>
      <trkpt lat="43.23758692480624" lon="26.925818966701627">
        <ele>195.39999999999998</ele>
        <time>2025-05-19T09:23:12</time>
      </trkpt>
      <trkpt lat="43.23752213269472" lon="26.92581418901682">
        <ele>195.39999999999998</ele>
        <time>2025-05-19T09:23:13</time>
      </trkpt>
      <trkpt lat="43.2373262476176" lon="26.925806812942028">
        <ele>194.39999999999998</ele>
        <time>2025-05-19T09:23:16</time>
      </trkpt>
      <trkpt lat="43.237054673954844" lon="26.92582701332867">
        <ele>193.20000000000005</ele>
        <time>2025-05-19T09:23:20</time>
      </trkpt>
      <trkpt lat="43.23685124516487" lon="26.925819888710976">
        <ele>192.0</ele>
        <time>2025-05-19T09:23:23</time>
      </trkpt>
      <trkpt lat="43.23665183968842" lon="26.925802789628506">
        <ele>190.20000000000005</ele>
        <time>2025-05-19T09:23:26</time>
      </trkpt>
      <trkpt lat="43.236463498324156" lon="26.92579952068627">
        <ele>189.0</ele>
        <time>2025-05-19T09:23:29</time>
      </trkpt>
      <trkpt lat="43.236223608255386" lon="26.925796838477254">
        <ele>188.20000000000005</ele>
        <time>2025-05-19T09:23:33</time>
      </trkpt>
      <trkpt lat="43.23610701598227" lon="26.925800275057554">
        <ele>187.60000000000002</ele>
        <time>2025-05-19T09:23:35</time>
      </trkpt>
      <trkpt lat="43.235992938280106" lon="26.925803292542696">
        <ele>187.0</ele>
        <time>2025-05-19T09:23:37</time>
      </trkpt>
      <trkpt lat="43.23563829995692" lon="26.925802370533347">
        <ele>186.39999999999998</ele>
        <time>2025-05-19T09:23:43</time>
      </trkpt>
      <trkpt lat="43.235517432913184" lon="26.9258064776659">
        <ele>185.79999999999995</ele>
        <time>2025-05-19T09:23:45</time>
      </trkpt>
      <trkpt lat="43.235215013846755" lon="26.925805052742362">
        <ele>184.79999999999995</ele>
        <time>2025-05-19T09:23:50</time>
      </trkpt>
      <trkpt lat="43.23509506881237" lon="26.925782756879926">
        <ele>184.60000000000002</ele>
        <time>2025-05-19T09:23:52</time>
      </trkpt>
      <trkpt lat="43.23475635610521" lon="26.925679659470916">
        <ele>184.0</ele>
        <time>2025-05-19T09:23:58</time>
      </trkpt>
      <trkpt lat="43.2346445415169" lon="26.92564370110631">
        <ele>183.79999999999995</ele>
        <time>2025-05-19T09:24:00</time>
      </trkpt>
      <trkpt lat="43.23436299338937" lon="26.925564408302307">
        <ele>182.79999999999995</ele>
        <time>2025-05-19T09:24:05</time>
      </trkpt>
      <trkpt lat="43.23418672196567" lon="26.925515290349722">
        <ele>182.60000000000002</ele>
        <time>2025-05-19T09:24:08</time>
      </trkpt>
      <trkpt lat="43.23401371948421" lon="26.92546005360782">
        <ele>182.39999999999998</ele>
        <time>2025-05-19T09:24:11</time>
      </trkpt>
      <trkpt lat="43.23385111056268" lon="26.92536667920649">
        <ele>181.79999999999995</ele>
        <time>2025-05-19T09:24:14</time>
      </trkpt>
      <trkpt lat="43.233798472210765" lon="26.92533432506025">
        <ele>181.79999999999995</ele>
        <time>2025-05-19T09:24:15</time>
      </trkpt>
      <trkpt lat="43.233388010412455" lon="26.92510231398046">
        <ele>180.79999999999995</ele>
        <time>2025-05-19T09:24:23</time>
      </trkpt>
      <trkpt lat="43.23334048502147" lon="26.92507549189031">
        <ele>180.60000000000002</ele>
        <time>2025-05-19T09:24:24</time>
      </trkpt>
      <trkpt lat="43.23304477147758" lon="26.924912966787815">
        <ele>180.0</ele>
        <time>2025-05-19T09:24:31</time>
      </trkpt>
      <trkpt lat="43.23296363465488" lon="26.924872901290655">
        <ele>180.0</ele>
        <time>2025-05-19T09:24:33</time>
      </trkpt>
      <trkpt lat="43.232719637453556" lon="26.924733761698008">
        <ele>179.39999999999998</ele>
        <time>2025-05-19T09:24:39</time>
      </trkpt>
      <trkpt lat="43.232334069907665" lon="26.924516754224896">
        <ele>179.20000000000005</ele>
        <time>2025-05-19T09:24:48</time>
      </trkpt>
      <trkpt lat="43.23197230696678" lon="26.924306200817227">
        <ele>179.20000000000005</ele>
        <time>2025-05-19T09:24:56</time>
      </trkpt>
      <trkpt lat="43.23187842965126" lon="26.924248868599534">
        <ele>179.0</ele>
        <time>2025-05-19T09:24:58</time>
      </trkpt>
      <trkpt lat="43.23159713298082" lon="26.92402976565063">
        <ele>179.0</ele>
        <time>2025-05-19T09:25:04</time>
      </trkpt>
      <trkpt lat="43.23129144497216" lon="26.923779398202896">
        <ele>178.79999999999995</ele>
        <time>2025-05-19T09:25:11</time>
      </trkpt>
      <trkpt lat="43.2309146784246" lon="26.92348343320191">
        <ele>178.79999999999995</ele>
        <time>2025-05-19T09:25:20</time>
      </trkpt>
      <trkpt lat="43.230623910203576" lon="26.923240860924125">
        <ele>178.79999999999995</ele>
        <time>2025-05-19T09:25:27</time>
      </trkpt>
      <trkpt lat="43.230241192504764" lon="26.92293140105903">
        <ele>178.60000000000002</ele>
        <time>2025-05-19T09:25:36</time>
      </trkpt>
      <trkpt lat="43.22974992915988" lon="26.922556310892105">
        <ele>178.39999999999998</ele>
        <time>2025-05-19T09:25:47</time>
      </trkpt>
      <trkpt lat="43.22969854809344" lon="26.92253745160997">
        <ele>178.39999999999998</ele>
        <time>2025-05-19T09:25:48</time>
      </trkpt>
      <trkpt lat="43.229487240314484" lon="26.92254231311381">
        <ele>178.39999999999998</ele>
        <time>2025-05-19T09:25:52</time>
      </trkpt>
      <trkpt lat="43.22938875295222" lon="26.92259654402733">
        <ele>178.39999999999998</ele>
        <time>2025-05-19T09:25:54</time>
      </trkpt>
      <trkpt lat="43.22923460975289" lon="26.92268170416355">
        <ele>178.39999999999998</ele>
        <time>2025-05-19T09:25:57</time>
      </trkpt>
      <trkpt lat="43.229130674153566" lon="26.92274758592248">
        <ele>178.20000000000005</ele>
        <time>2025-05-19T09:25:59</time>
      </trkpt>
      <trkpt lat="43.22881224565208" lon="26.922953613102436">
        <ele>177.39999999999998</ele>
        <time>2025-05-19T09:26:05</time>
      </trkpt>
      <trkpt lat="43.22869976051152" lon="26.92302368581295">
        <ele>177.20000000000005</ele>
        <time>2025-05-19T09:26:07</time>
      </trkpt>
      <trkpt lat="43.228248562663794" lon="26.923319566994905">
        <ele>176.20000000000005</ele>
        <time>2025-05-19T09:26:15</time>
      </trkpt>
      <trkpt lat="43.228190978989005" lon="26.923354184255004">
        <ele>176.0</ele>
        <time>2025-05-19T09:26:16</time>
      </trkpt>
      <trkpt lat="43.22774757631123" lon="26.923643946647644">
        <ele>175.20000000000005</ele>
        <time>2025-05-19T09:26:24</time>
      </trkpt>
      <trkpt lat="43.22769426740706" lon="26.923678563907743">
        <ele>175.20000000000005</ele>
        <time>2025-05-19T09:26:25</time>
      </trkpt>
      <trkpt lat="43.22738103568554" lon="26.923877550289035">
        <ele>174.20000000000005</ele>
        <time>2025-05-19T09:26:31</time>
      </trkpt>
      <trkpt lat="43.22728145867586" lon="26.92393932491541">
        <ele>174.0</ele>
        <time>2025-05-19T09:26:33</time>
      </trkpt>
      <trkpt lat="43.22718364186585" lon="26.92400042898953">
        <ele>173.79999999999995</ele>
        <time>2025-05-19T09:26:35</time>
      </trkpt>
      <trkpt lat="43.22708708234131" lon="26.92404099740088">
        <ele>173.79999999999995</ele>
        <time>2025-05-19T09:26:37</time>
      </trkpt>
      <trkpt lat="43.22695355862379" lon="26.92407427355647">
        <ele>173.39999999999998</ele>
        <time>2025-05-19T09:26:40</time>
      </trkpt>
      <trkpt lat="43.22686571627855" lon="26.924071004614234">
        <ele>173.20000000000005</ele>
        <time>2025-05-19T09:26:42</time>
      </trkpt>
      <trkpt lat="43.22666513733566" lon="26.92395751364529">
        <ele>173.0</ele>
        <time>2025-05-19T09:26:47</time>
      </trkpt>
      <trkpt lat="43.22658165358007" lon="26.923817116767168">
        <ele>173.20000000000005</ele>
        <time>2025-05-19T09:26:50</time>
      </trkpt>
      <trkpt lat="43.22653437964618" lon="26.923713935539126">
        <ele>173.20000000000005</ele>
        <time>2025-05-19T09:26:52</time>
      </trkpt>
      <trkpt lat="43.22630521841347" lon="26.923223342746496">
        <ele>173.60000000000002</ele>
        <time>2025-05-19T09:27:02</time>
      </trkpt>
      <trkpt lat="43.22611000388861" lon="26.922807097434998">
        <ele>174.0</ele>
        <time>2025-05-19T09:27:11</time>
      </trkpt>
      <trkpt lat="43.22588494978845" lon="26.922346344217658">
        <ele>175.0</ele>
        <time>2025-05-19T09:27:22</time>
      </trkpt>
      <trkpt lat="43.22572493925691" lon="26.922041745856404">
        <ele>175.39999999999998</ele>
        <time>2025-05-19T09:27:29</time>
      </trkpt>
      <trkpt lat="43.2256493344903" lon="26.921913335099816">
        <ele>175.60000000000002</ele>
        <time>2025-05-19T09:27:32</time>
      </trkpt>
      <trkpt lat="43.225415982306004" lon="26.92157546058297">
        <ele>175.79999999999995</ele>
        <time>2025-05-19T09:27:40</time>
      </trkpt>
      <trkpt lat="43.22512865066528" lon="26.92126516252756">
        <ele>176.0</ele>
        <time>2025-05-19T09:27:48</time>
      </trkpt>
      <trkpt lat="43.224839977920055" lon="26.921036755666137">
        <ele>175.79999999999995</ele>
        <time>2025-05-19T09:27:55</time>
      </trkpt>
      <trkpt lat="43.22448550723493" lon="26.9208210054785">
        <ele>175.60000000000002</ele>
        <time>2025-05-19T09:28:03</time>
      </trkpt>
      <trkpt lat="43.22407068684697" lon="26.92065780982375">
        <ele>175.0</ele>
        <time>2025-05-19T09:28:11</time>
      </trkpt>
      <trkpt lat="43.223773799836636" lon="26.92057901993394">
        <ele>174.79999999999995</ele>
        <time>2025-05-19T09:28:16</time>
      </trkpt>
      <trkpt lat="43.22351714596152" lon="26.920519759878516">
        <ele>174.0</ele>
        <time>2025-05-19T09:28:20</time>
      </trkpt>
      <trkpt lat="43.22345000691712" lon="26.920505007728934">
        <ele>173.60000000000002</ele>
        <time>2025-05-19T09:28:21</time>
      </trkpt>
      <trkpt lat="43.22311028838158" lon="26.92041934467852">
        <ele>172.60000000000002</ele>
        <time>2025-05-19T09:28:26</time>
      </trkpt>
      <trkpt lat="43.22297366335988" lon="26.920382967218757">
        <ele>172.20000000000005</ele>
        <time>2025-05-19T09:28:28</time>
      </trkpt>
      <trkpt lat="43.22276336140931" lon="26.92033284343779">
        <ele>171.60000000000002</ele>
        <time>2025-05-19T09:28:31</time>
      </trkpt>
      <trkpt lat="43.2224010117352" lon="26.920245168730617">
        <ele>170.20000000000005</ele>
        <time>2025-05-19T09:28:36</time>
      </trkpt>
      <trkpt lat="43.222254160791636" lon="26.920210048556328">
        <ele>169.39999999999998</ele>
        <time>2025-05-19T09:28:38</time>
      </trkpt>
      <trkpt lat="43.22203069925308" lon="26.920150872319937">
        <ele>168.20000000000005</ele>
        <time>2025-05-19T09:28:41</time>
      </trkpt>
      <trkpt lat="43.22172140702605" lon="26.920074932277203">
        <ele>166.79999999999995</ele>
        <time>2025-05-19T09:28:45</time>
      </trkpt>
      <trkpt lat="43.221475230529904" lon="26.920015923678875">
        <ele>165.79999999999995</ele>
        <time>2025-05-19T09:28:48</time>
      </trkpt>
      <trkpt lat="43.22130055166781" lon="26.9199731759727">
        <ele>164.79999999999995</ele>
        <time>2025-05-19T09:28:50</time>
      </trkpt>
      <trkpt lat="43.22111489251256" lon="26.91993067972362">
        <ele>163.60000000000002</ele>
        <time>2025-05-19T09:28:52</time>
      </trkpt>
      <trkpt lat="43.22082077153027" lon="26.91986379213631">
        <ele>162.39999999999998</ele>
        <time>2025-05-19T09:28:55</time>
      </trkpt>
      <trkpt lat="43.22061860002577" lon="26.91981827840209">
        <ele>161.20000000000005</ele>
        <time>2025-05-19T09:28:57</time>
      </trkpt>
      <trkpt lat="43.22051667608321" lon="26.91979195922613">
        <ele>160.20000000000005</ele>
        <time>2025-05-19T09:28:58</time>
      </trkpt>
      <trkpt lat="43.22041408158839" lon="26.919763209298253">
        <ele>159.39999999999998</ele>
        <time>2025-05-19T09:28:59</time>
      </trkpt>
      <trkpt lat="43.220309978351" lon="26.919735884293914">
        <ele>158.79999999999995</ele>
        <time>2025-05-19T09:29:00</time>
      </trkpt>
      <trkpt lat="43.21999289095402" lon="26.9196605309844">
        <ele>157.20000000000005</ele>
        <time>2025-05-19T09:29:03</time>
      </trkpt>
      <trkpt lat="43.219783678650856" lon="26.91960521042347">
        <ele>156.20000000000005</ele>
        <time>2025-05-19T09:29:05</time>
      </trkpt>
      <trkpt lat="43.21958058513701" lon="26.91954460926354">
        <ele>154.79999999999995</ele>
        <time>2025-05-19T09:29:07</time>
      </trkpt>
      <trkpt lat="43.21937975473702" lon="26.919473195448518">
        <ele>153.39999999999998</ele>
        <time>2025-05-19T09:29:09</time>
      </trkpt>
      <trkpt lat="43.21917942725122" lon="26.919387113302946">
        <ele>152.20000000000005</ele>
        <time>2025-05-19T09:29:11</time>
      </trkpt>
      <trkpt lat="43.21897918358445" lon="26.91928611136973">
        <ele>151.0</ele>
        <time>2025-05-19T09:29:13</time>
      </trkpt>
      <trkpt lat="43.218688666820526" lon="26.919109001755714">
        <ele>149.20000000000005</ele>
        <time>2025-05-19T09:29:16</time>
      </trkpt>
      <trkpt lat="43.2184999063611" lon="26.918982351198792">
        <ele>147.60000000000002</ele>
        <time>2025-05-19T09:29:18</time>
      </trkpt>
      <trkpt lat="43.21831064298749" lon="26.91885276697576">
        <ele>145.39999999999998</ele>
        <time>2025-05-19T09:29:20</time>
      </trkpt>
      <trkpt lat="43.21811718866229" lon="26.91871982999146">
        <ele>144.0</ele>
        <time>2025-05-19T09:29:22</time>
      </trkpt>
      <trkpt lat="43.21791887283325" lon="26.918582366779447">
        <ele>142.39999999999998</ele>
        <time>2025-05-19T09:29:24</time>
      </trkpt>
      <trkpt lat="43.217716282233596" lon="26.91844381392002">
        <ele>141.20000000000005</ele>
        <time>2025-05-19T09:29:26</time>
      </trkpt>
      <trkpt lat="43.2175106741488" lon="26.918304590508342">
        <ele>140.0</ele>
        <time>2025-05-19T09:29:28</time>
      </trkpt>
      <trkpt lat="43.2174068223685" lon="26.918234936892986">
        <ele>139.39999999999998</ele>
        <time>2025-05-19T09:29:29</time>
      </trkpt>
      <trkpt lat="43.217302886769176" lon="26.918164025992155">
        <ele>138.39999999999998</ele>
        <time>2025-05-19T09:29:30</time>
      </trkpt>
      <trkpt lat="43.217092752456665" lon="26.918021868914366">
        <ele>137.0</ele>
        <time>2025-05-19T09:29:32</time>
      </trkpt>
      <trkpt lat="43.21687960065901" lon="26.917883148416877">
        <ele>135.20000000000005</ele>
        <time>2025-05-19T09:29:34</time>
      </trkpt>
      <trkpt lat="43.216666197404265" lon="26.917752642184496">
        <ele>133.79999999999995</ele>
        <time>2025-05-19T09:29:36</time>
      </trkpt>
      <trkpt lat="43.216455643996596" lon="26.91761987283826">
        <ele>132.39999999999998</ele>
        <time>2025-05-19T09:29:38</time>
      </trkpt>
      <trkpt lat="43.21624928154051" lon="26.917488109320402">
        <ele>131.20000000000005</ele>
        <time>2025-05-19T09:29:40</time>
      </trkpt>
      <trkpt lat="43.21605037897825" lon="26.91735802218318">
        <ele>129.60000000000002</ele>
        <time>2025-05-19T09:29:42</time>
      </trkpt>
      <trkpt lat="43.21586010977626" lon="26.917232545092702">
        <ele>128.39999999999998</ele>
        <time>2025-05-19T09:29:44</time>
      </trkpt>
      <trkpt lat="43.21576774120331" lon="26.91717035137117">
        <ele>128.0</ele>
        <time>2025-05-19T09:29:45</time>
      </trkpt>
      <trkpt lat="43.2156767975539" lon="26.917109666392207">
        <ele>127.39999999999998</ele>
        <time>2025-05-19T09:29:46</time>
      </trkpt>
      <trkpt lat="43.21550111286342" lon="26.91699148155749">
        <ele>125.79999999999995</ele>
        <time>2025-05-19T09:29:48</time>
      </trkpt>
      <trkpt lat="43.21533213369548" lon="26.91687723621726">
        <ele>124.39999999999998</ele>
        <time>2025-05-19T09:29:50</time>
      </trkpt>
      <trkpt lat="43.21517011150718" lon="26.916768020018935">
        <ele>123.39999999999998</ele>
        <time>2025-05-19T09:29:52</time>
      </trkpt>
      <trkpt lat="43.21494254283607" lon="26.91661002114415">
        <ele>122.20000000000005</ele>
        <time>2025-05-19T09:29:55</time>
      </trkpt>
      <trkpt lat="43.214726373553276" lon="26.916465098038316">
        <ele>121.20000000000005</ele>
        <time>2025-05-19T09:29:58</time>
      </trkpt>
      <trkpt lat="43.21465512737632" lon="26.916418159380555">
        <ele>120.79999999999995</ele>
        <time>2025-05-19T09:29:59</time>
      </trkpt>
      <trkpt lat="43.21451405994594" lon="26.916321432217956">
        <ele>120.0</ele>
        <time>2025-05-19T09:30:01</time>
      </trkpt>
      <trkpt lat="43.21404936723411" lon="26.91600744612515">
        <ele>119.0</ele>
        <time>2025-05-19T09:30:08</time>
      </trkpt>
      <trkpt lat="43.213560953736305" lon="26.915676863864064">
        <ele>118.20000000000005</ele>
        <time>2025-05-19T09:30:16</time>
      </trkpt>
      <trkpt lat="43.21349859237671" lon="26.915636211633682">
        <ele>118.0</ele>
        <time>2025-05-19T09:30:17</time>
      </trkpt>
      <trkpt lat="43.21337412111461" lon="26.915555326268077">
        <ele>118.0</ele>
        <time>2025-05-19T09:30:19</time>
      </trkpt>
      <trkpt lat="43.21284547448158" lon="26.915198341012">
        <ele>117.0</ele>
        <time>2025-05-19T09:30:28</time>
      </trkpt>
      <trkpt lat="43.21234649978578" lon="26.914857365190983">
        <ele>116.60000000000002</ele>
        <time>2025-05-19T09:30:37</time>
      </trkpt>
      <trkpt lat="43.21228983812034" lon="26.914818808436394">
        <ele>116.60000000000002</ele>
        <time>2025-05-19T09:30:38</time>
      </trkpt>
      <trkpt lat="43.2120225392282" lon="26.91463348455727">
        <ele>116.20000000000005</ele>
        <time>2025-05-19T09:30:43</time>
      </trkpt>
      <trkpt lat="43.211859511211514" lon="26.91452594473958">
        <ele>116.0</ele>
        <time>2025-05-19T09:30:46</time>
      </trkpt>
      <trkpt lat="43.21138149127364" lon="26.914198296144605">
        <ele>115.20000000000005</ele>
        <time>2025-05-19T09:30:55</time>
      </trkpt>
      <trkpt lat="43.21133396588266" lon="26.914159571751952">
        <ele>115.20000000000005</ele>
        <time>2025-05-19T09:30:56</time>
      </trkpt>
      <trkpt lat="43.211099188774824" lon="26.9139620102942">
        <ele>115.0</ele>
        <time>2025-05-19T09:31:01</time>
      </trkpt>
      <trkpt lat="43.21104730479419" lon="26.913940301164985">
        <ele>114.79999999999995</ele>
        <time>2025-05-19T09:31:02</time>
      </trkpt>
      <trkpt lat="43.210842199623585" lon="26.913850363343954">
        <ele>114.79999999999995</ele>
        <time>2025-05-19T09:31:06</time>
      </trkpt>
      <trkpt lat="43.21079132147133" lon="26.913813818246126">
        <ele>114.60000000000002</ele>
        <time>2025-05-19T09:31:07</time>
      </trkpt>
      <trkpt lat="43.21073985658586" lon="26.913776015862823">
        <ele>114.39999999999998</ele>
        <time>2025-05-19T09:31:08</time>
      </trkpt>
      <trkpt lat="43.210306176915765" lon="26.913470244035125">
        <ele>113.79999999999995</ele>
        <time>2025-05-19T09:31:16</time>
      </trkpt>
      <trkpt lat="43.209915328770876" lon="26.913200514391065">
        <ele>113.39999999999998</ele>
        <time>2025-05-19T09:31:23</time>
      </trkpt>
      <trkpt lat="43.20980317890644" lon="26.913123484700918">
        <ele>113.20000000000005</ele>
        <time>2025-05-19T09:31:25</time>
      </trkpt>
      <trkpt lat="43.20930386893451" lon="26.91278200596571">
        <ele>112.79999999999995</ele>
        <time>2025-05-19T09:31:34</time>
      </trkpt>
      <trkpt lat="43.20899583399296" lon="26.912542451173067">
        <ele>112.39999999999998</ele>
        <time>2025-05-19T09:31:40</time>
      </trkpt>
      <trkpt lat="43.20880531333387" lon="26.912380009889603">
        <ele>112.39999999999998</ele>
        <time>2025-05-19T09:31:44</time>
      </trkpt>
      <trkpt lat="43.20845880545676" lon="26.912042470648885">
        <ele>112.20000000000005</ele>
        <time>2025-05-19T09:31:52</time>
      </trkpt>
      <trkpt lat="43.20801632478833" lon="26.911563528701663">
        <ele>112.39999999999998</ele>
        <time>2025-05-19T09:32:03</time>
      </trkpt>
      <trkpt lat="43.207936277613044" lon="26.911476692184806">
        <ele>112.79999999999995</ele>
        <time>2025-05-19T09:32:05</time>
      </trkpt>
      <trkpt lat="43.20757837034762" lon="26.911077294498682">
        <ele>113.0</ele>
        <time>2025-05-19T09:32:14</time>
      </trkpt>
      <trkpt lat="43.207146283239126" lon="26.910608494654298">
        <ele>114.0</ele>
        <time>2025-05-19T09:32:25</time>
      </trkpt>
      <trkpt lat="43.20710705593228" lon="26.910564741119742">
        <ele>114.0</ele>
        <time>2025-05-19T09:32:26</time>
      </trkpt>
      <trkpt lat="43.206701623275876" lon="26.91011362709105">
        <ele>113.79999999999995</ele>
        <time>2025-05-19T09:32:37</time>
      </trkpt>
      <trkpt lat="43.20642510429025" lon="26.90980626270175">
        <ele>114.0</ele>
        <time>2025-05-19T09:32:45</time>
      </trkpt>
      <trkpt lat="43.20603584870696" lon="26.90938599407673">
        <ele>113.79999999999995</ele>
        <time>2025-05-19T09:32:55</time>
      </trkpt>
      <trkpt lat="43.205739967525005" lon="26.90906312316656">
        <ele>113.39999999999998</ele>
        <time>2025-05-19T09:33:03</time>
      </trkpt>
      <trkpt lat="43.205279214307666" lon="26.908555179834366">
        <ele>112.39999999999998</ele>
        <time>2025-05-19T09:33:14</time>
      </trkpt>
      <trkpt lat="43.20523445494473" lon="26.908505223691463">
        <ele>112.20000000000005</ele>
        <time>2025-05-19T09:33:15</time>
      </trkpt>
      <trkpt lat="43.20505089126527" lon="26.90830330364406">
        <ele>111.20000000000005</ele>
        <time>2025-05-19T09:33:19</time>
      </trkpt>
      <trkpt lat="43.204754842445254" lon="26.90797984600067">
        <ele>110.0</ele>
        <time>2025-05-19T09:33:25</time>
      </trkpt>
      <trkpt lat="43.204539427533746" lon="26.907743979245424">
        <ele>108.79999999999995</ele>
        <time>2025-05-19T09:33:29</time>
      </trkpt>
      <trkpt lat="43.20431278087199" lon="26.90749503672123">
        <ele>107.60000000000002</ele>
        <time>2025-05-19T09:33:33</time>
      </trkpt>
      <trkpt lat="43.204255029559135" lon="26.907431166619062">
        <ele>107.39999999999998</ele>
        <time>2025-05-19T09:33:34</time>
      </trkpt>
      <trkpt lat="43.204020420089364" lon="26.90717694349587">
        <ele>106.79999999999995</ele>
        <time>2025-05-19T09:33:38</time>
      </trkpt>
      <trkpt lat="43.203784888610244" lon="26.906921127811074">
        <ele>105.60000000000002</ele>
        <time>2025-05-19T09:33:42</time>
      </trkpt>
      <trkpt lat="43.203548435121775" lon="26.90666489303112">
        <ele>104.39999999999998</ele>
        <time>2025-05-19T09:33:46</time>
      </trkpt>
      <trkpt lat="43.20348942652345" lon="26.906601022928953">
        <ele>104.0</ele>
        <time>2025-05-19T09:33:47</time>
      </trkpt>
      <trkpt lat="43.20331675931811" lon="26.906410418450832">
        <ele>103.39999999999998</ele>
        <time>2025-05-19T09:33:50</time>
      </trkpt>
      <trkpt lat="43.2031515520066" lon="26.90622316673398">
        <ele>102.20000000000005</ele>
        <time>2025-05-19T09:33:53</time>
      </trkpt>
      <trkpt lat="43.20299120619893" lon="26.90603658556938">
        <ele>101.60000000000002</ele>
        <time>2025-05-19T09:33:56</time>
      </trkpt>
      <trkpt lat="43.202939573675394" lon="26.905975565314293">
        <ele>101.20000000000005</ele>
        <time>2025-05-19T09:33:57</time>
      </trkpt>
      <trkpt lat="43.202663473784924" lon="26.905620088800788">
        <ele>100.20000000000005</ele>
        <time>2025-05-19T09:34:03</time>
      </trkpt>
      <trkpt lat="43.20261938497424" lon="26.90556099638343">
        <ele>100.0</ele>
        <time>2025-05-19T09:34:04</time>
      </trkpt>
      <trkpt lat="43.20232132449746" lon="26.90509680658579">
        <ele>99.20000000000005</ele>
        <time>2025-05-19T09:34:11</time>
      </trkpt>
      <trkpt lat="43.202281426638365" lon="26.90502262674272">
        <ele>99.0</ele>
        <time>2025-05-19T09:34:12</time>
      </trkpt>
      <trkpt lat="43.201969703659415" lon="26.904330868273973">
        <ele>98.60000000000002</ele>
        <time>2025-05-19T09:34:21</time>
      </trkpt>
      <trkpt lat="43.20184741169214" lon="26.903941864147782">
        <ele>98.20000000000005</ele>
        <time>2025-05-19T09:34:26</time>
      </trkpt>
      <trkpt lat="43.20180826820433" lon="26.90379023551941">
        <ele>98.20000000000005</ele>
        <time>2025-05-19T09:34:28</time>
      </trkpt>
      <trkpt lat="43.20166711695492" lon="26.90314533188939">
        <ele>97.79999999999995</ele>
        <time>2025-05-19T09:34:37</time>
      </trkpt>
      <trkpt lat="43.20157642476261" lon="26.902596652507782">
        <ele>97.39999999999998</ele>
        <time>2025-05-19T09:34:45</time>
      </trkpt>
      <trkpt lat="43.20150375366211" lon="26.90196809358895">
        <ele>97.60000000000002</ele>
        <time>2025-05-19T09:34:54</time>
      </trkpt>
      <trkpt lat="43.201480535790324" lon="26.901714960113168">
        <ele>97.79999999999995</ele>
        <time>2025-05-19T09:34:58</time>
      </trkpt>
      <trkpt lat="43.20146041922271" lon="26.901529049500823">
        <ele>97.79999999999995</ele>
        <time>2025-05-19T09:35:01</time>
      </trkpt>
      <trkpt lat="43.201420018449426" lon="26.901078689843416">
        <ele>97.79999999999995</ele>
        <time>2025-05-19T09:35:09</time>
      </trkpt>
      <trkpt lat="43.20137224160135" lon="26.900568986311555">
        <ele>98.0</ele>
        <time>2025-05-19T09:35:19</time>
      </trkpt>
      <trkpt lat="43.20132748223841" lon="26.90010018646717">
        <ele>98.0</ele>
        <time>2025-05-19T09:35:28</time>
      </trkpt>
      <trkpt lat="43.20130887441337" lon="26.899886531755328">
        <ele>97.79999999999995</ele>
        <time>2025-05-19T09:35:32</time>
      </trkpt>
      <trkpt lat="43.20128247141838" lon="26.899624429643154">
        <ele>97.60000000000002</ele>
        <time>2025-05-19T09:35:37</time>
      </trkpt>
      <trkpt lat="43.201268054544926" lon="26.899237856268883">
        <ele>97.79999999999995</ele>
        <time>2025-05-19T09:35:46</time>
      </trkpt>
      <trkpt lat="43.2012864947319" lon="26.899232240393758">
        <ele>97.79999999999995</ele>
        <time>2025-05-19T09:35:50</time>
      </trkpt>
      <trkpt lat="43.20130879059434" lon="26.899234168231487">
        <ele>98.39999999999998</ele>
        <time>2025-05-19T09:35:59</time>
      </trkpt>
      <trkpt lat="43.20131071843207" lon="26.899234671145678">
        <ele>98.39999999999998</ele>
        <time>2025-05-19T09:36:08</time>
      </trkpt>
      <trkpt lat="43.20131029933691" lon="26.899234084412456">
        <ele>97.60000000000002</ele>
        <time>2025-05-19T09:36:19</time>
      </trkpt>
      <trkpt lat="43.20131164044142" lon="26.89923240803182">
        <ele>97.60000000000002</ele>
        <time>2025-05-19T09:36:34</time>
      </trkpt>
      <trkpt lat="43.201312981545925" lon="26.899235593155026">
        <ele>97.79999999999995</ele>
        <time>2025-05-19T09:36:51</time>
      </trkpt>
      <trkpt lat="43.20131365209818" lon="26.899239281192422">
        <ele>98.0</ele>
        <time>2025-05-19T09:37:03</time>
      </trkpt>
      <trkpt lat="43.20131256245077" lon="26.89924707636237">
        <ele>97.39999999999998</ele>
        <time>2025-05-19T09:37:11</time>
      </trkpt>
      <trkpt lat="43.20131407119334" lon="26.899248752743006">
        <ele>97.39999999999998</ele>
        <time>2025-05-19T09:37:13</time>
      </trkpt>
      <trkpt lat="43.20131331682205" lon="26.899258559569716">
        <ele>97.20000000000005</ele>
        <time>2025-05-19T09:37:24</time>
      </trkpt>
      <trkpt lat="43.20131415501237" lon="26.899262331426144">
        <ele>97.60000000000002</ele>
        <time>2025-05-19T09:37:33</time>
      </trkpt>
      <trkpt lat="43.20130996406078" lon="26.899261912330985">
        <ele>97.60000000000002</ele>
        <time>2025-05-19T09:37:43</time>
      </trkpt>
      <trkpt lat="43.20130359381437" lon="26.89926358871162">
        <ele>97.60000000000002</ele>
        <time>2025-05-19T09:37:55</time>
      </trkpt>
      <trkpt lat="43.20130879059434" lon="26.899267779663205">
        <ele>97.60000000000002</ele>
        <time>2025-05-19T09:38:05</time>
      </trkpt>
      <trkpt lat="43.20130828768015" lon="26.899255961179733">
        <ele>97.39999999999998</ele>
        <time>2025-05-19T09:38:10</time>
      </trkpt>
      <trkpt lat="43.20130728185177" lon="26.899154372513294">
        <ele>86.79999999999995</ele>
        <time>2025-05-19T10:52:59</time>
      </trkpt>
      <trkpt lat="43.201290015131235" lon="26.89915420487523">
        <ele>86.79999999999995</ele>
        <time>2025-05-19T10:53:15</time>
      </trkpt>
      <trkpt lat="43.20130007341504" lon="26.899170968681574">
        <ele>86.79999999999995</ele>
        <time>2025-05-19T10:53:29</time>
      </trkpt>
      <trkpt lat="43.20129554718733" lon="26.89917180687189">
        <ele>87.0</ele>
        <time>2025-05-19T10:53:45</time>
      </trkpt>
      <trkpt lat="43.201288506388664" lon="26.899172477424145">
        <ele>86.79999999999995</ele>
        <time>2025-05-19T10:53:57</time>
      </trkpt>
      <trkpt lat="43.201288087293506" lon="26.899177506566048">
        <ele>86.79999999999995</ele>
        <time>2025-05-19T10:54:07</time>
      </trkpt>
      <trkpt lat="43.201288003474474" lon="26.899183290079236">
        <ele>86.79999999999995</ele>
        <time>2025-05-19T10:54:16</time>
      </trkpt>
      <trkpt lat="43.20128783583641" lon="26.899180859327316">
        <ele>87.0</ele>
        <time>2025-05-19T10:54:25</time>
      </trkpt>
      <trkpt lat="43.201287081465125" lon="26.899179685860872">
        <ele>87.20000000000005</ele>
        <time>2025-05-19T10:54:40</time>
      </trkpt>
      <trkpt lat="43.201287081465125" lon="26.899183206260204">
        <ele>87.0</ele>
        <time>2025-05-19T10:54:48</time>
      </trkpt>
      <trkpt lat="43.20128473453224" lon="26.899181278422475">
        <ele>87.20000000000005</ele>
        <time>2025-05-19T10:55:01</time>
      </trkpt>
      <trkpt lat="43.201284650713205" lon="26.89918437972665">
        <ele>87.39999999999998</ele>
        <time>2025-05-19T10:55:13</time>
      </trkpt>
      <trkpt lat="43.20129320025444" lon="26.89918496645987">
        <ele>87.60000000000002</ele>
        <time>2025-05-19T10:55:27</time>
      </trkpt>
      <trkpt lat="43.20129227824509" lon="26.899191085249186">
        <ele>87.79999999999995</ele>
        <time>2025-05-19T10:55:39</time>
      </trkpt>
      <trkpt lat="43.2012952119112" lon="26.89919418655336">
        <ele>87.60000000000002</ele>
        <time>2025-05-19T10:55:52</time>
      </trkpt>
      <trkpt lat="43.20129454135895" lon="26.899204663932323">
        <ele>87.60000000000002</ele>
        <time>2025-05-19T10:56:04</time>
      </trkpt>
      <trkpt lat="43.20129504427314" lon="26.89920692704618">
        <ele>87.60000000000002</ele>
        <time>2025-05-19T10:56:14</time>
      </trkpt>
      <trkpt lat="43.20129713974893" lon="26.899210447445512">
        <ele>87.39999999999998</ele>
        <time>2025-05-19T10:56:24</time>
      </trkpt>
      <trkpt lat="43.20129420608282" lon="26.89922796562314">
        <ele>87.39999999999998</ele>
        <time>2025-05-19T10:56:36</time>
      </trkpt>
      <trkpt lat="43.20129747502506" lon="26.899237018078566">
        <ele>87.39999999999998</ele>
        <time>2025-05-19T10:56:47</time>
      </trkpt>
      <trkpt lat="43.20129722356796" lon="26.899240287020802">
        <ele>87.39999999999998</ele>
        <time>2025-05-19T10:56:51</time>
      </trkpt>
      <trkpt lat="43.20129571482539" lon="26.899240538477898">
        <ele>87.39999999999998</ele>
        <time>2025-05-19T10:56:58</time>
      </trkpt>
      <trkpt lat="43.201296301558614" lon="26.8992386944592">
        <ele>87.39999999999998</ele>
        <time>2025-05-19T10:57:12</time>
      </trkpt>
      <trkpt lat="43.201296385377645" lon="26.89924120903015">
        <ele>87.39999999999998</ele>
        <time>2025-05-19T10:57:20</time>
      </trkpt>
      <trkpt lat="43.20129169151187" lon="26.899229055270553">
        <ele>87.39999999999998</ele>
        <time>2025-05-19T10:57:30</time>
      </trkpt>
      <trkpt lat="43.20129169151187" lon="26.89923232421279">
        <ele>87.20000000000005</ele>
        <time>2025-05-19T10:57:39</time>
      </trkpt>
      <trkpt lat="43.20129060186446" lon="26.899229642003775">
        <ele>87.39999999999998</ele>
        <time>2025-05-19T10:57:55</time>
      </trkpt>
      <trkpt lat="43.201284566894174" lon="26.89922461286187">
        <ele>87.60000000000002</ele>
        <time>2025-05-19T10:58:10</time>
      </trkpt>
      <trkpt lat="43.20128548890352" lon="26.899226875975728">
        <ele>87.20000000000005</ele>
        <time>2025-05-19T10:58:24</time>
      </trkpt>
      <trkpt lat="43.20128339342773" lon="26.899228636175394">
        <ele>87.20000000000005</ele>
        <time>2025-05-19T10:58:33</time>
      </trkpt>
      <trkpt lat="43.20128087885678" lon="26.89922888763249">
        <ele>87.39999999999998</ele>
        <time>2025-05-19T10:58:44</time>
      </trkpt>
      <trkpt lat="43.201268557459116" lon="26.899225618690252">
        <ele>87.60000000000002</ele>
        <time>2025-05-19T10:58:53</time>
      </trkpt>
      <trkpt lat="43.2012521289289" lon="26.89923617988825">
        <ele>88.20000000000005</ele>
        <time>2025-05-19T10:59:02</time>
      </trkpt>
      <trkpt lat="43.20124098099768" lon="26.8992059212178">
        <ele>88.39999999999998</ele>
        <time>2025-05-19T10:59:05</time>
      </trkpt>
      <trkpt lat="43.20122958160937" lon="26.899147918447852">
        <ele>88.39999999999998</ele>
        <time>2025-05-19T10:59:07</time>
      </trkpt>
      <trkpt lat="43.20119990967214" lon="26.898793783038855">
        <ele>88.20000000000005</ele>
        <time>2025-05-19T10:59:15</time>
      </trkpt>
      <trkpt lat="43.201148780062795" lon="26.898343758657575">
        <ele>88.20000000000005</ele>
        <time>2025-05-19T10:59:24</time>
      </trkpt>
      <trkpt lat="43.20105917751789" lon="26.89775962382555">
        <ele>88.0</ele>
        <time>2025-05-19T10:59:35</time>
      </trkpt>
      <trkpt lat="43.200981644913554" lon="26.897287471219897">
        <ele>88.0</ele>
        <time>2025-05-19T10:59:43</time>
      </trkpt>
      <trkpt lat="43.20089212618768" lon="26.896753376349807">
        <ele>88.0</ele>
        <time>2025-05-19T10:59:52</time>
      </trkpt>
      <trkpt lat="43.200790118426085" lon="26.896156165748835">
        <ele>88.39999999999998</ele>
        <time>2025-05-19T11:00:02</time>
      </trkpt>
      <trkpt lat="43.20077947340906" lon="26.89609539695084">
        <ele>88.39999999999998</ele>
        <time>2025-05-19T11:00:03</time>
      </trkpt>
      <trkpt lat="43.20068978704512" lon="26.895558452233672">
        <ele>88.79999999999995</ele>
        <time>2025-05-19T11:00:12</time>
      </trkpt>
      <trkpt lat="43.20061250589788" lon="26.895078169181943">
        <ele>89.0</ele>
        <time>2025-05-19T11:00:20</time>
      </trkpt>
      <trkpt lat="43.2005269266665" lon="26.89452974125743">
        <ele>89.0</ele>
        <time>2025-05-19T11:00:29</time>
      </trkpt>
      <trkpt lat="43.20042240433395" lon="26.893857093527913">
        <ele>89.20000000000005</ele>
        <time>2025-05-19T11:00:40</time>
      </trkpt>
      <trkpt lat="43.200400695204735" lon="26.893667746335268">
        <ele>89.39999999999998</ele>
        <time>2025-05-19T11:00:43</time>
      </trkpt>
      <trkpt lat="43.20037647150457" lon="26.89329793676734">
        <ele>89.60000000000002</ele>
        <time>2025-05-19T11:00:49</time>
      </trkpt>
      <trkpt lat="43.20039222948253" lon="26.892688823863864">
        <ele>89.79999999999995</ele>
        <time>2025-05-19T11:00:59</time>
      </trkpt>
      <trkpt lat="43.2004629727453" lon="26.89214869402349">
        <ele>89.79999999999995</ele>
        <time>2025-05-19T11:01:08</time>
      </trkpt>
      <trkpt lat="43.20058140903711" lon="26.891518123447895">
        <ele>89.79999999999995</ele>
        <time>2025-05-19T11:01:19</time>
      </trkpt>
      <trkpt lat="43.200686518102884" lon="26.890990482643247">
        <ele>90.0</ele>
        <time>2025-05-19T11:01:29</time>
      </trkpt>
      <trkpt lat="43.20078793913126" lon="26.890477426350117">
        <ele>89.79999999999995</ele>
        <time>2025-05-19T11:01:39</time>
      </trkpt>
      <trkpt lat="43.20087938569486" lon="26.889994209632277">
        <ele>90.0</ele>
        <time>2025-05-19T11:01:49</time>
      </trkpt>
      <trkpt lat="43.20099807344377" lon="26.889375373721123">
        <ele>90.20000000000005</ele>
        <time>2025-05-19T11:02:01</time>
      </trkpt>
      <trkpt lat="43.20110058411956" lon="26.888847816735506">
        <ele>90.20000000000005</ele>
        <time>2025-05-19T11:02:11</time>
      </trkpt>
      <trkpt lat="43.20117233321071" lon="26.888458393514156">
        <ele>90.39999999999998</ele>
        <time>2025-05-19T11:02:18</time>
      </trkpt>
      <trkpt lat="43.2012262288481" lon="26.888177515938878">
        <ele>91.0</ele>
        <time>2025-05-19T11:02:23</time>
      </trkpt>
      <trkpt lat="43.201303258538246" lon="26.887668147683144">
        <ele>91.20000000000005</ele>
        <time>2025-05-19T11:02:32</time>
      </trkpt>
      <trkpt lat="43.201366793364286" lon="26.887146206572652">
        <ele>91.39999999999998</ele>
        <time>2025-05-19T11:02:41</time>
      </trkpt>
      <trkpt lat="43.201359920203686" lon="26.88661403954029">
        <ele>91.39999999999998</ele>
        <time>2025-05-19T11:02:50</time>
      </trkpt>
      <trkpt lat="43.201298816129565" lon="26.88620793633163">
        <ele>91.60000000000002</ele>
        <time>2025-05-19T11:02:57</time>
      </trkpt>
      <trkpt lat="43.20123846642673" lon="26.88592362217605">
        <ele>91.60000000000002</ele>
        <time>2025-05-19T11:03:02</time>
      </trkpt>
      <trkpt lat="43.20110460743308" lon="26.885453397408128">
        <ele>91.79999999999995</ele>
        <time>2025-05-19T11:03:10</time>
      </trkpt>
      <trkpt lat="43.20089019834995" lon="26.884770691394806">
        <ele>91.79999999999995</ele>
        <time>2025-05-19T11:03:21</time>
      </trkpt>
      <trkpt lat="43.20067595690489" lon="26.884090835228562">
        <ele>92.0</ele>
        <time>2025-05-19T11:03:32</time>
      </trkpt>
      <trkpt lat="43.20060336962342" lon="26.88385136425495">
        <ele>92.0</ele>
        <time>2025-05-19T11:03:36</time>
      </trkpt>
      <trkpt lat="43.2003868650645" lon="26.883158683776855">
        <ele>91.79999999999995</ele>
        <time>2025-05-19T11:03:48</time>
      </trkpt>
      <trkpt lat="43.20020539686084" lon="26.882569771260023">
        <ele>92.0</ele>
        <time>2025-05-19T11:03:58</time>
      </trkpt>
      <trkpt lat="43.199997609481215" lon="26.881893184036016">
        <ele>92.20000000000005</ele>
        <time>2025-05-19T11:04:09</time>
      </trkpt>
      <trkpt lat="43.19978730753064" lon="26.881196312606335">
        <ele>92.60000000000002</ele>
        <time>2025-05-19T11:04:20</time>
      </trkpt>
      <trkpt lat="43.19972871802747" lon="26.881005289033055">
        <ele>92.60000000000002</ele>
        <time>2025-05-19T11:04:23</time>
      </trkpt>
      <trkpt lat="43.19963903166354" lon="26.88070312142372">
        <ele>92.60000000000002</ele>
        <time>2025-05-19T11:04:28</time>
      </trkpt>
      <trkpt lat="43.19956602528691" lon="26.880483934655786">
        <ele>92.79999999999995</ele>
        <time>2025-05-19T11:04:32</time>
      </trkpt>
      <trkpt lat="43.199381455779076" lon="26.87987247481942">
        <ele>93.0</ele>
        <time>2025-05-19T11:04:42</time>
      </trkpt>
      <trkpt lat="43.19922437891364" lon="26.879385821521282">
        <ele>93.20000000000005</ele>
        <time>2025-05-19T11:04:50</time>
      </trkpt>
      <trkpt lat="43.19906696677208" lon="26.878907717764378">
        <ele>93.20000000000005</ele>
        <time>2025-05-19T11:04:58</time>
      </trkpt>
      <trkpt lat="43.198952469974756" lon="26.878537070006132">
        <ele>93.20000000000005</ele>
        <time>2025-05-19T11:05:04</time>
      </trkpt>
      <trkpt lat="43.19893470034003" lon="26.878474624827504">
        <ele>93.0</ele>
        <time>2025-05-19T11:05:05</time>
      </trkpt>
      <trkpt lat="43.19881433621049" lon="26.87807321548462">
        <ele>92.79999999999995</ele>
        <time>2025-05-19T11:05:12</time>
      </trkpt>
      <trkpt lat="43.19864963181317" lon="26.877521853893995">
        <ele>92.60000000000002</ele>
        <time>2025-05-19T11:05:21</time>
      </trkpt>
      <trkpt lat="43.198532620444894" lon="26.877141818404198">
        <ele>92.60000000000002</ele>
        <time>2025-05-19T11:05:27</time>
      </trkpt>
      <trkpt lat="43.1983941514045" lon="26.876690201461315">
        <ele>92.79999999999995</ele>
        <time>2025-05-19T11:05:34</time>
      </trkpt>
      <trkpt lat="43.198249731212854" lon="26.876195669174194">
        <ele>93.0</ele>
        <time>2025-05-19T11:05:42</time>
      </trkpt>
      <trkpt lat="43.198075303807855" lon="26.875711530447006">
        <ele>93.0</ele>
        <time>2025-05-19T11:05:50</time>
      </trkpt>
      <trkpt lat="43.19791956804693" lon="26.8753613345325">
        <ele>93.0</ele>
        <time>2025-05-19T11:05:56</time>
      </trkpt>
      <trkpt lat="43.19766660220921" lon="26.87487468123436">
        <ele>93.0</ele>
        <time>2025-05-19T11:06:05</time>
      </trkpt>
      <trkpt lat="43.19741137325764" lon="26.87447897158563">
        <ele>93.20000000000005</ele>
        <time>2025-05-19T11:06:13</time>
      </trkpt>
      <trkpt lat="43.19701147265732" lon="26.873979410156608">
        <ele>93.60000000000002</ele>
        <time>2025-05-19T11:06:24</time>
      </trkpt>
      <trkpt lat="43.19697383791208" lon="26.873934902250767">
        <ele>93.60000000000002</ele>
        <time>2025-05-19T11:06:25</time>
      </trkpt>
      <trkpt lat="43.19652666337788" lon="26.87342159450054">
        <ele>93.60000000000002</ele>
        <time>2025-05-19T11:06:37</time>
      </trkpt>
      <trkpt lat="43.19645374082029" lon="26.87333886511624">
        <ele>93.79999999999995</ele>
        <time>2025-05-19T11:06:39</time>
      </trkpt>
      <trkpt lat="43.196160374209285" lon="26.872998978942633">
        <ele>94.0</ele>
        <time>2025-05-19T11:06:47</time>
      </trkpt>
      <trkpt lat="43.195830546319485" lon="26.872605113312602">
        <ele>94.20000000000005</ele>
        <time>2025-05-19T11:06:56</time>
      </trkpt>
      <trkpt lat="43.19549937732518" lon="26.872203703969717">
        <ele>94.39999999999998</ele>
        <time>2025-05-19T11:07:05</time>
      </trkpt>
      <trkpt lat="43.19505991414189" lon="26.871683103963733">
        <ele>94.39999999999998</ele>
        <time>2025-05-19T11:07:17</time>
      </trkpt>
      <trkpt lat="43.194722877815366" lon="26.871284041553736">
        <ele>94.60000000000002</ele>
        <time>2025-05-19T11:07:26</time>
      </trkpt>
      <trkpt lat="43.19456999190152" lon="26.871115062385798">
        <ele>94.79999999999995</ele>
        <time>2025-05-19T11:07:30</time>
      </trkpt>
      <trkpt lat="43.194340746849775" lon="26.870856983587146">
        <ele>94.79999999999995</ele>
        <time>2025-05-19T11:07:36</time>
      </trkpt>
      <trkpt lat="43.193961046636105" lon="26.870416598394513">
        <ele>95.0</ele>
        <time>2025-05-19T11:07:46</time>
      </trkpt>
      <trkpt lat="43.19367698393762" lon="26.870074197649956">
        <ele>95.20000000000005</ele>
        <time>2025-05-19T11:07:54</time>
      </trkpt>
      <trkpt lat="43.193378169089556" lon="26.86971235089004">
        <ele>95.20000000000005</ele>
        <time>2025-05-19T11:08:02</time>
      </trkpt>
      <trkpt lat="43.19300106726587" lon="26.869265511631966">
        <ele>95.60000000000002</ele>
        <time>2025-05-19T11:08:12</time>
      </trkpt>
      <trkpt lat="43.192571830004454" lon="26.868767542764544">
        <ele>95.79999999999995</ele>
        <time>2025-05-19T11:08:23</time>
      </trkpt>
      <trkpt lat="43.1921324506402" lon="26.868265131488442">
        <ele>95.79999999999995</ele>
        <time>2025-05-19T11:08:34</time>
      </trkpt>
      <trkpt lat="43.19170539267361" lon="26.86777051538229">
        <ele>96.0</ele>
        <time>2025-05-19T11:08:45</time>
      </trkpt>
      <trkpt lat="43.191667925566435" lon="26.867725923657417">
        <ele>96.0</ele>
        <time>2025-05-19T11:08:46</time>
      </trkpt>
      <trkpt lat="43.19135896861553" lon="26.86736390925944">
        <ele>96.20000000000005</ele>
        <time>2025-05-19T11:08:54</time>
      </trkpt>
      <trkpt lat="43.19098505191505" lon="26.86693056486547">
        <ele>96.39999999999998</ele>
        <time>2025-05-19T11:09:04</time>
      </trkpt>
      <trkpt lat="43.19063242524862" lon="26.866540051996708">
        <ele>96.60000000000002</ele>
        <time>2025-05-19T11:09:13</time>
      </trkpt>
      <trkpt lat="43.19022338837385" lon="26.8660759460181">
        <ele>96.79999999999995</ele>
        <time>2025-05-19T11:09:23</time>
      </trkpt>
      <trkpt lat="43.18982491269708" lon="26.865587700158358">
        <ele>96.79999999999995</ele>
        <time>2025-05-19T11:09:33</time>
      </trkpt>
      <trkpt lat="43.18944253027439" lon="26.86512904241681">
        <ele>96.60000000000002</ele>
        <time>2025-05-19T11:09:43</time>
      </trkpt>
      <trkpt lat="43.18906685337424" lon="26.864688908681273">
        <ele>96.20000000000005</ele>
        <time>2025-05-19T11:09:53</time>
      </trkpt>
      <trkpt lat="43.18873970769346" lon="26.86428850516677">
        <ele>96.0</ele>
        <time>2025-05-19T11:10:02</time>
      </trkpt>
      <trkpt lat="43.188327150419354" lon="26.863802103325725">
        <ele>96.0</ele>
        <time>2025-05-19T11:10:13</time>
      </trkpt>
      <trkpt lat="43.18797159008682" lon="26.86337093822658">
        <ele>96.20000000000005</ele>
        <time>2025-05-19T11:10:23</time>
      </trkpt>
      <trkpt lat="43.18768618628383" lon="26.863037757575512">
        <ele>96.60000000000002</ele>
        <time>2025-05-19T11:10:31</time>
      </trkpt>
      <trkpt lat="43.18736197426915" lon="26.86264581978321">
        <ele>97.0</ele>
        <time>2025-05-19T11:10:40</time>
      </trkpt>
      <trkpt lat="43.187215039506555" lon="26.86247332021594">
        <ele>97.0</ele>
        <time>2025-05-19T11:10:44</time>
      </trkpt>
      <trkpt lat="43.18683575838804" lon="26.86201650649309">
        <ele>96.79999999999995</ele>
        <time>2025-05-19T11:10:55</time>
      </trkpt>
      <trkpt lat="43.186443988233805" lon="26.861557764932513">
        <ele>97.20000000000005</ele>
        <time>2025-05-19T11:11:06</time>
      </trkpt>
      <trkpt lat="43.18611089140177" lon="26.861187955364585">
        <ele>97.39999999999998</ele>
        <time>2025-05-19T11:11:15</time>
      </trkpt>
      <trkpt lat="43.18572004325688" lon="26.860796436667442">
        <ele>97.79999999999995</ele>
        <time>2025-05-19T11:11:25</time>
      </trkpt>
      <trkpt lat="43.1853649020195" lon="26.860467363148928">
        <ele>98.0</ele>
        <time>2025-05-19T11:11:34</time>
      </trkpt>
      <trkpt lat="43.18505016155541" lon="26.860174415633082">
        <ele>98.0</ele>
        <time>2025-05-19T11:11:42</time>
      </trkpt>
      <trkpt lat="43.18468756042421" lon="26.85984048061073">
        <ele>98.20000000000005</ele>
        <time>2025-05-19T11:11:51</time>
      </trkpt>
      <trkpt lat="43.184400564059615" lon="26.859580893069506">
        <ele>98.20000000000005</ele>
        <time>2025-05-19T11:11:58</time>
      </trkpt>
      <trkpt lat="43.18411675281823" lon="26.859321305528283">
        <ele>98.20000000000005</ele>
        <time>2025-05-19T11:12:05</time>
      </trkpt>
      <trkpt lat="43.183797150850296" lon="26.859013522043824">
        <ele>98.60000000000002</ele>
        <time>2025-05-19T11:12:13</time>
      </trkpt>
      <trkpt lat="43.183640241622925" lon="26.858860468491912">
        <ele>98.60000000000002</ele>
        <time>2025-05-19T11:12:17</time>
      </trkpt>
      <trkpt lat="43.183503868058324" lon="26.85873926617205">
        <ele>98.79999999999995</ele>
        <time>2025-05-19T11:12:20</time>
      </trkpt>
      <trkpt lat="43.18316255696118" lon="26.85843290761113">
        <ele>99.0</ele>
        <time>2025-05-19T11:12:28</time>
      </trkpt>
      <trkpt lat="43.182828705757856" lon="26.858113976195455">
        <ele>99.0</ele>
        <time>2025-05-19T11:12:36</time>
      </trkpt>
      <trkpt lat="43.18266282789409" lon="26.857951786369085">
        <ele>99.0</ele>
        <time>2025-05-19T11:12:40</time>
      </trkpt>
      <trkpt lat="43.18249753676355" lon="26.857790015637875">
        <ele>99.0</ele>
        <time>2025-05-19T11:12:44</time>
      </trkpt>
      <trkpt lat="43.182091265916824" lon="26.857392294332385">
        <ele>99.20000000000005</ele>
        <time>2025-05-19T11:12:54</time>
      </trkpt>
      <trkpt lat="43.18176018074155" lon="26.85707302764058">
        <ele>99.0</ele>
        <time>2025-05-19T11:13:02</time>
      </trkpt>
      <trkpt lat="43.181480057537556" lon="26.85679550282657">
        <ele>98.79999999999995</ele>
        <time>2025-05-19T11:13:09</time>
      </trkpt>
      <trkpt lat="43.18144032731652" lon="26.856759544461966">
        <ele>98.79999999999995</ele>
        <time>2025-05-19T11:13:10</time>
      </trkpt>
      <trkpt lat="43.18132817745209" lon="26.856645131483674">
        <ele>98.79999999999995</ele>
        <time>2025-05-19T11:13:13</time>
      </trkpt>
      <trkpt lat="43.181133549660444" lon="26.85645679011941">
        <ele>98.79999999999995</ele>
        <time>2025-05-19T11:13:18</time>
      </trkpt>
      <trkpt lat="43.18079659715295" lon="26.85610206797719">
        <ele>99.20000000000005</ele>
        <time>2025-05-19T11:13:26</time>
      </trkpt>
      <trkpt lat="43.18035528995097" lon="26.8555938731879">
        <ele>99.20000000000005</ele>
        <time>2025-05-19T11:13:37</time>
      </trkpt>
      <trkpt lat="43.179993107914925" lon="26.855111410841346">
        <ele>99.20000000000005</ele>
        <time>2025-05-19T11:13:47</time>
      </trkpt>
      <trkpt lat="43.17967954091728" lon="26.85463272035122">
        <ele>99.20000000000005</ele>
        <time>2025-05-19T11:13:57</time>
      </trkpt>
      <trkpt lat="43.179502515122294" lon="26.85436014086008">
        <ele>99.39999999999998</ele>
        <time>2025-05-19T11:14:04</time>
      </trkpt>
      <trkpt lat="43.17925550043583" lon="26.853979770094156">
        <ele>99.60000000000002</ele>
        <time>2025-05-19T11:14:13</time>
      </trkpt>
      <trkpt lat="43.178980657830834" lon="26.85355832800269">
        <ele>99.60000000000002</ele>
        <time>2025-05-19T11:14:22</time>
      </trkpt>
      <trkpt lat="43.17867295816541" lon="26.853078547865152">
        <ele>99.60000000000002</ele>
        <time>2025-05-19T11:14:32</time>
      </trkpt>
      <trkpt lat="43.178411861881614" lon="26.8526772223413">
        <ele>99.60000000000002</ele>
        <time>2025-05-19T11:14:40</time>
      </trkpt>
      <trkpt lat="43.17811204120517" lon="26.852211020886898">
        <ele>99.79999999999995</ele>
        <time>2025-05-19T11:14:49</time>
      </trkpt>
      <trkpt lat="43.1779102049768" lon="26.85191405005753">
        <ele>100.0</ele>
        <time>2025-05-19T11:14:55</time>
      </trkpt>
      <trkpt lat="43.17773410119116" lon="26.851674830541015">
        <ele>100.0</ele>
        <time>2025-05-19T11:15:00</time>
      </trkpt>
      <trkpt lat="43.17751550115645" lon="26.851412476971745">
        <ele>100.20000000000005</ele>
        <time>2025-05-19T11:15:06</time>
      </trkpt>
      <trkpt lat="43.17718961276114" lon="26.851073345169425">
        <ele>100.60000000000002</ele>
        <time>2025-05-19T11:15:14</time>
      </trkpt>
      <trkpt lat="43.176790215075016" lon="26.85073538683355">
        <ele>100.60000000000002</ele>
        <time>2025-05-19T11:15:23</time>
      </trkpt>
      <trkpt lat="43.17646876908839" lon="26.85052240267396">
        <ele>100.79999999999995</ele>
        <time>2025-05-19T11:15:30</time>
      </trkpt>
      <trkpt lat="43.17608085460961" lon="26.850314615294337">
        <ele>101.0</ele>
        <time>2025-05-19T11:15:38</time>
      </trkpt>
      <trkpt lat="43.175638038665056" lon="26.85013499110937">
        <ele>101.0</ele>
        <time>2025-05-19T11:15:47</time>
      </trkpt>
      <trkpt lat="43.17511257715523" lon="26.84997799806297">
        <ele>100.79999999999995</ele>
        <time>2025-05-19T11:15:57</time>
      </trkpt>
      <trkpt lat="43.17456850782037" lon="26.849808683618903">
        <ele>101.0</ele>
        <time>2025-05-19T11:16:07</time>
      </trkpt>
      <trkpt lat="43.17451545037329" lon="26.8497915007174">
        <ele>101.0</ele>
        <time>2025-05-19T11:16:08</time>
      </trkpt>
      <trkpt lat="43.17398755811155" lon="26.849628053605556">
        <ele>101.39999999999998</ele>
        <time>2025-05-19T11:16:18</time>
      </trkpt>
      <trkpt lat="43.17393391393125" lon="26.849611289799213">
        <ele>101.39999999999998</ele>
        <time>2025-05-19T11:16:19</time>
      </trkpt>
      <trkpt lat="43.17340266890824" lon="26.849442813545465">
        <ele>101.39999999999998</ele>
        <time>2025-05-19T11:16:29</time>
      </trkpt>
      <trkpt lat="43.17305616103113" lon="26.8493374530226">
        <ele>101.20000000000005</ele>
        <time>2025-05-19T11:16:36</time>
      </trkpt>
      <trkpt lat="43.17251552827656" lon="26.84917375445366">
        <ele>101.20000000000005</ele>
        <time>2025-05-19T11:16:47</time>
      </trkpt>
      <trkpt lat="43.17204974591732" lon="26.84901835396886">
        <ele>101.20000000000005</ele>
        <time>2025-05-19T11:16:57</time>
      </trkpt>
      <trkpt lat="43.171641463413835" lon="26.848846273496747">
        <ele>101.20000000000005</ele>
        <time>2025-05-19T11:17:06</time>
      </trkpt>
      <trkpt lat="43.17117182537913" lon="26.848566653206944">
        <ele>101.20000000000005</ele>
        <time>2025-05-19T11:17:17</time>
      </trkpt>
      <trkpt lat="43.17084317095578" lon="26.848322739824653">
        <ele>101.20000000000005</ele>
        <time>2025-05-19T11:17:25</time>
      </trkpt>
      <trkpt lat="43.17048174329102" lon="26.847998863086104">
        <ele>101.20000000000005</ele>
        <time>2025-05-19T11:17:34</time>
      </trkpt>
      <trkpt lat="43.1701547652483" lon="26.847650092095137">
        <ele>101.0</ele>
        <time>2025-05-19T11:17:43</time>
      </trkpt>
      <trkpt lat="43.169793505221605" lon="26.847187662497163">
        <ele>101.79999999999995</ele>
        <time>2025-05-19T11:17:53</time>
      </trkpt>
      <trkpt lat="43.16953777335584" lon="26.846792371943593">
        <ele>102.0</ele>
        <time>2025-05-19T11:18:01</time>
      </trkpt>
      <trkpt lat="43.16947809420526" lon="26.846686843782663">
        <ele>102.0</ele>
        <time>2025-05-19T11:18:03</time>
      </trkpt>
      <trkpt lat="43.16932814195752" lon="26.846413258463144">
        <ele>102.20000000000005</ele>
        <time>2025-05-19T11:18:08</time>
      </trkpt>
      <trkpt lat="43.16930031403899" lon="26.84635634534061">
        <ele>102.39999999999998</ele>
        <time>2025-05-19T11:18:09</time>
      </trkpt>
      <trkpt lat="43.16906528547406" lon="26.845842031762004">
        <ele>102.79999999999995</ele>
        <time>2025-05-19T11:18:18</time>
      </trkpt>
      <trkpt lat="43.16884492523968" lon="26.845263009890914">
        <ele>103.20000000000005</ele>
        <time>2025-05-19T11:18:28</time>
      </trkpt>
      <trkpt lat="43.16871886141598" lon="26.844877107068896">
        <ele>103.39999999999998</ele>
        <time>2025-05-19T11:18:35</time>
      </trkpt>
      <trkpt lat="43.168683825060725" lon="26.844767471775413">
        <ele>103.39999999999998</ele>
        <time>2025-05-19T11:18:37</time>
      </trkpt>
      <trkpt lat="43.168480563908815" lon="26.844135224819183">
        <ele>103.60000000000002</ele>
        <time>2025-05-19T11:18:49</time>
      </trkpt>
      <trkpt lat="43.16832692362368" lon="26.843643877655268">
        <ele>104.0</ele>
        <time>2025-05-19T11:18:58</time>
      </trkpt>
      <trkpt lat="43.16811854951084" lon="26.84296485967934">
        <ele>104.39999999999998</ele>
        <time>2025-05-19T11:19:10</time>
      </trkpt>
      <trkpt lat="43.167947893962264" lon="26.84242045506835">
        <ele>104.60000000000002</ele>
        <time>2025-05-19T11:19:20</time>
      </trkpt>
      <trkpt lat="43.167740693315864" lon="26.8417564406991">
        <ele>105.20000000000005</ele>
        <time>2025-05-19T11:19:32</time>
      </trkpt>
      <trkpt lat="43.1677061598748" lon="26.841648230329156">
        <ele>105.39999999999998</ele>
        <time>2025-05-19T11:19:34</time>
      </trkpt>
      <trkpt lat="43.167558470740914" lon="26.8411847949028">
        <ele>105.60000000000002</ele>
        <time>2025-05-19T11:19:42</time>
      </trkpt>
      <trkpt lat="43.16740499809384" lon="26.84069470502436">
        <ele>105.79999999999995</ele>
        <time>2025-05-19T11:19:50</time>
      </trkpt>
      <trkpt lat="43.1671826262027" lon="26.839977968484163">
        <ele>105.79999999999995</ele>
        <time>2025-05-19T11:20:01</time>
      </trkpt>
      <trkpt lat="43.16700258292258" lon="26.839402550831437">
        <ele>105.79999999999995</ele>
        <time>2025-05-19T11:20:10</time>
      </trkpt>
      <trkpt lat="43.16683444194496" lon="26.8388794362545">
        <ele>105.79999999999995</ele>
        <time>2025-05-19T11:20:19</time>
      </trkpt>
      <trkpt lat="43.16663855686784" lon="26.83828918263316">
        <ele>105.39999999999998</ele>
        <time>2025-05-19T11:20:29</time>
      </trkpt>
      <trkpt lat="43.166425405070186" lon="26.8376655690372">
        <ele>105.60000000000002</ele>
        <time>2025-05-19T11:20:39</time>
      </trkpt>
      <trkpt lat="43.16624829545617" lon="26.837175646796823">
        <ele>106.0</ele>
        <time>2025-05-19T11:20:47</time>
      </trkpt>
      <trkpt lat="43.16598208621144" lon="26.83650618419051">
        <ele>105.79999999999995</ele>
        <time>2025-05-19T11:20:58</time>
      </trkpt>
      <trkpt lat="43.16582760773599" lon="26.836151545867324">
        <ele>105.60000000000002</ele>
        <time>2025-05-19T11:21:04</time>
      </trkpt>
      <trkpt lat="43.16553776152432" lon="26.83553664945066">
        <ele>105.39999999999998</ele>
        <time>2025-05-19T11:21:14</time>
      </trkpt>
      <trkpt lat="43.165300050750375" lon="26.835070783272386">
        <ele>105.39999999999998</ele>
        <time>2025-05-19T11:21:22</time>
      </trkpt>
      <trkpt lat="43.16505320370197" lon="26.834611538797617">
        <ele>105.20000000000005</ele>
        <time>2025-05-19T11:21:30</time>
      </trkpt>
      <trkpt lat="43.16481750458479" lon="26.83420954272151">
        <ele>105.0</ele>
        <time>2025-05-19T11:21:37</time>
      </trkpt>
      <trkpt lat="43.164530927315354" lon="26.833754321560264">
        <ele>105.20000000000005</ele>
        <time>2025-05-19T11:21:45</time>
      </trkpt>
      <trkpt lat="43.16413295455277" lon="26.83316381648183">
        <ele>105.79999999999995</ele>
        <time>2025-05-19T11:21:56</time>
      </trkpt>
      <trkpt lat="43.1637461297214" lon="26.832641204819083">
        <ele>105.79999999999995</ele>
        <time>2025-05-19T11:22:07</time>
      </trkpt>
      <trkpt lat="43.163711009547114" lon="26.832595858722925">
        <ele>106.0</ele>
        <time>2025-05-19T11:22:08</time>
      </trkpt>
      <trkpt lat="43.16360564902425" lon="26.832461832091212">
        <ele>106.0</ele>
        <time>2025-05-19T11:22:11</time>
      </trkpt>
      <trkpt lat="43.163358215242624" lon="26.83215966448188">
        <ele>106.0</ele>
        <time>2025-05-19T11:22:18</time>
      </trkpt>
      <trkpt lat="43.16290961578488" lon="26.83165012858808">
        <ele>106.60000000000002</ele>
        <time>2025-05-19T11:22:30</time>
      </trkpt>
      <trkpt lat="43.16283132880926" lon="26.831566393375397">
        <ele>106.79999999999995</ele>
        <time>2025-05-19T11:22:32</time>
      </trkpt>
      <trkpt lat="43.16247317008674" lon="26.831203205510974">
        <ele>107.20000000000005</ele>
        <time>2025-05-19T11:22:41</time>
      </trkpt>
      <trkpt lat="43.162148455157876" lon="26.830889638513327">
        <ele>107.39999999999998</ele>
        <time>2025-05-19T11:22:49</time>
      </trkpt>
      <trkpt lat="43.16186581738293" lon="26.830632649362087">
        <ele>107.60000000000002</ele>
        <time>2025-05-19T11:22:56</time>
      </trkpt>
      <trkpt lat="43.161789709702134" lon="26.830564672127366">
        <ele>107.79999999999995</ele>
        <time>2025-05-19T11:22:58</time>
      </trkpt>
      <trkpt lat="43.16150070168078" lon="26.83031816035509">
        <ele>108.0</ele>
        <time>2025-05-19T11:23:06</time>
      </trkpt>
      <trkpt lat="43.161145728081465" lon="26.830028481781483">
        <ele>108.20000000000005</ele>
        <time>2025-05-19T11:23:15</time>
      </trkpt>
      <trkpt lat="43.16068430431187" lon="26.82968482375145">
        <ele>108.39999999999998</ele>
        <time>2025-05-19T11:23:26</time>
      </trkpt>
      <trkpt lat="43.16055865958333" lon="26.829601675271988">
        <ele>108.79999999999995</ele>
        <time>2025-05-19T11:23:29</time>
      </trkpt>
      <trkpt lat="43.16031692549586" lon="26.829434456303716">
        <ele>109.0</ele>
        <time>2025-05-19T11:23:35</time>
      </trkpt>
      <trkpt lat="43.1599557492882" lon="26.829217951744795">
        <ele>109.0</ele>
        <time>2025-05-19T11:23:44</time>
      </trkpt>
      <trkpt lat="43.15956473350525" lon="26.829007482156157">
        <ele>108.79999999999995</ele>
        <time>2025-05-19T11:23:53</time>
      </trkpt>
      <trkpt lat="43.15920414403081" lon="26.828824253752828">
        <ele>108.60000000000002</ele>
        <time>2025-05-19T11:24:01</time>
      </trkpt>
      <trkpt lat="43.158717239275575" lon="26.828608503565192">
        <ele>108.60000000000002</ele>
        <time>2025-05-19T11:24:11</time>
      </trkpt>
      <trkpt lat="43.158240811899304" lon="26.828428879380226">
        <ele>109.20000000000005</ele>
        <time>2025-05-19T11:24:20</time>
      </trkpt>
      <trkpt lat="43.157717948779464" lon="26.828255206346512">
        <ele>108.60000000000002</ele>
        <time>2025-05-19T11:24:30</time>
      </trkpt>
      <trkpt lat="43.15718142315745" lon="26.828118497505784">
        <ele>108.20000000000005</ele>
        <time>2025-05-19T11:24:40</time>
      </trkpt>
      <trkpt lat="43.15712928771973" lon="26.828106930479407">
        <ele>108.20000000000005</ele>
        <time>2025-05-19T11:24:41</time>
      </trkpt>
      <trkpt lat="43.15678604878485" lon="26.82803233154118">
        <ele>108.20000000000005</ele>
        <time>2025-05-19T11:24:48</time>
      </trkpt>
      <trkpt lat="43.15632403828204" lon="26.82795513421297">
        <ele>107.79999999999995</ele>
        <time>2025-05-19T11:24:57</time>
      </trkpt>
      <trkpt lat="43.15585792064667" lon="26.827908949926496">
        <ele>107.79999999999995</ele>
        <time>2025-05-19T11:25:06</time>
      </trkpt>
      <trkpt lat="43.15535441972315" lon="26.82786863297224">
        <ele>107.79999999999995</ele>
        <time>2025-05-19T11:25:16</time>
      </trkpt>
      <trkpt lat="43.15478419885039" lon="26.827816665172577">
        <ele>108.0</ele>
        <time>2025-05-19T11:25:27</time>
      </trkpt>
      <trkpt lat="43.15425865352154" lon="26.827771151438355">
        <ele>108.0</ele>
        <time>2025-05-19T11:25:37</time>
      </trkpt>
      <trkpt lat="43.153747860342264" lon="26.82772831991315">
        <ele>108.39999999999998</ele>
        <time>2025-05-19T11:25:47</time>
      </trkpt>
      <trkpt lat="43.153349217027426" lon="26.827696803957224">
        <ele>108.60000000000002</ele>
        <time>2025-05-19T11:25:55</time>
      </trkpt>
      <trkpt lat="43.15285594202578" lon="26.827654810622334">
        <ele>108.79999999999995</ele>
        <time>2025-05-19T11:26:05</time>
      </trkpt>
      <trkpt lat="43.15228563733399" lon="26.827591443434358">
        <ele>109.20000000000005</ele>
        <time>2025-05-19T11:26:16</time>
      </trkpt>
      <trkpt lat="43.152129985392094" lon="26.82757099159062">
        <ele>109.20000000000005</ele>
        <time>2025-05-19T11:26:19</time>
      </trkpt>
      <trkpt lat="43.15172757022083" lon="26.827518939971924">
        <ele>109.20000000000005</ele>
        <time>2025-05-19T11:26:27</time>
      </trkpt>
      <trkpt lat="43.15128886140883" lon="26.827465379610658">
        <ele>109.60000000000002</ele>
        <time>2025-05-19T11:26:36</time>
      </trkpt>
      <trkpt lat="43.15089415758848" lon="26.827417518943548">
        <ele>110.0</ele>
        <time>2025-05-19T11:26:44</time>
      </trkpt>
      <trkpt lat="43.1507929880172" lon="26.827404275536537">
        <ele>110.0</ele>
        <time>2025-05-19T11:26:46</time>
      </trkpt>
      <trkpt lat="43.15039610490203" lon="26.827353732660413">
        <ele>110.0</ele>
        <time>2025-05-19T11:26:54</time>
      </trkpt>
      <trkpt lat="43.14993032254279" lon="26.8272939696908">
        <ele>110.39999999999998</ele>
        <time>2025-05-19T11:27:04</time>
      </trkpt>
      <trkpt lat="43.149559926241636" lon="26.827251221984625">
        <ele>110.60000000000002</ele>
        <time>2025-05-19T11:27:12</time>
      </trkpt>
      <trkpt lat="43.14917461015284" lon="26.82720805518329">
        <ele>110.79999999999995</ele>
        <time>2025-05-19T11:27:20</time>
      </trkpt>
      <trkpt lat="43.14885341562331" lon="26.82717377319932">
        <ele>111.20000000000005</ele>
        <time>2025-05-19T11:27:27</time>
      </trkpt>
      <trkpt lat="43.148807315155864" lon="26.827170671895146">
        <ele>111.20000000000005</ele>
        <time>2025-05-19T11:27:28</time>
      </trkpt>
      <trkpt lat="43.148392578586936" lon="26.827183747664094">
        <ele>111.39999999999998</ele>
        <time>2025-05-19T11:27:37</time>
      </trkpt>
      <trkpt lat="43.14798773266375" lon="26.827254071831703">
        <ele>111.60000000000002</ele>
        <time>2025-05-19T11:27:46</time>
      </trkpt>
      <trkpt lat="43.14777223393321" lon="26.827308805659413">
        <ele>111.39999999999998</ele>
        <time>2025-05-19T11:27:52</time>
      </trkpt>
      <trkpt lat="43.14771942794323" lon="26.827320624142885">
        <ele>111.60000000000002</ele>
        <time>2025-05-19T11:27:56</time>
      </trkpt>
      <trkpt lat="43.14772085286677" lon="26.827316349372268">
        <ele>111.39999999999998</ele>
        <time>2025-05-19T11:28:05</time>
      </trkpt>
      <trkpt lat="43.14772127196193" lon="26.827316265553236">
        <ele>112.0</ele>
        <time>2025-05-19T11:28:21</time>
      </trkpt>
      <trkpt lat="43.14772102050483" lon="26.82731593027711">
        <ele>112.0</ele>
        <time>2025-05-19T11:28:24</time>
      </trkpt>
      <trkpt lat="43.147712890058756" lon="26.8273233063519">
        <ele>112.60000000000002</ele>
        <time>2025-05-19T11:28:47</time>
      </trkpt>
      <trkpt lat="43.14762990921736" lon="26.82736429385841">
        <ele>112.60000000000002</ele>
        <time>2025-05-19T11:28:51</time>
      </trkpt>
      <trkpt lat="43.14743226394057" lon="26.827443754300475">
        <ele>112.79999999999995</ele>
        <time>2025-05-19T11:28:57</time>
      </trkpt>
      <trkpt lat="43.147130347788334" lon="26.82757828384638">
        <ele>112.79999999999995</ele>
        <time>2025-05-19T11:29:05</time>
      </trkpt>
      <trkpt lat="43.146791802719235" lon="26.82769227772951">
        <ele>112.60000000000002</ele>
        <time>2025-05-19T11:29:13</time>
      </trkpt>
      <trkpt lat="43.146381760016084" lon="26.827731924131513">
        <ele>112.39999999999998</ele>
        <time>2025-05-19T11:29:22</time>
      </trkpt>
      <trkpt lat="43.14597439952195" lon="26.827617846429348">
        <ele>112.60000000000002</ele>
        <time>2025-05-19T11:29:31</time>
      </trkpt>
      <trkpt lat="43.14593257382512" lon="26.82759504765272">
        <ele>112.60000000000002</ele>
        <time>2025-05-19T11:29:32</time>
      </trkpt>
      <trkpt lat="43.14568681642413" lon="26.827414333820343">
        <ele>113.0</ele>
        <time>2025-05-19T11:29:38</time>
      </trkpt>
      <trkpt lat="43.145606433972716" lon="26.827346608042717">
        <ele>113.0</ele>
        <time>2025-05-19T11:29:40</time>
      </trkpt>
      <trkpt lat="43.14533645287156" lon="26.827088026329875">
        <ele>113.39999999999998</ele>
        <time>2025-05-19T11:29:47</time>
      </trkpt>
      <trkpt lat="43.145024478435516" lon="26.826786529272795">
        <ele>113.60000000000002</ele>
        <time>2025-05-19T11:29:56</time>
      </trkpt>
      <trkpt lat="43.14491517841816" lon="26.826662560924888">
        <ele>113.60000000000002</ele>
        <time>2025-05-19T11:30:00</time>
      </trkpt>
      <trkpt lat="43.14468408934772" lon="26.826407331973314">
        <ele>113.79999999999995</ele>
        <time>2025-05-19T11:30:07</time>
      </trkpt>
      <trkpt lat="43.144445875659585" lon="26.82604699395597">
        <ele>114.0</ele>
        <time>2025-05-19T11:30:15</time>
      </trkpt>
      <trkpt lat="43.144337916746736" lon="26.82584222406149">
        <ele>114.0</ele>
        <time>2025-05-19T11:30:19</time>
      </trkpt>
      <trkpt lat="43.144219648092985" lon="26.825576769188046">
        <ele>114.20000000000005</ele>
        <time>2025-05-19T11:30:24</time>
      </trkpt>
      <trkpt lat="43.14403859898448" lon="26.825157925486565">
        <ele>114.20000000000005</ele>
        <time>2025-05-19T11:30:32</time>
      </trkpt>
      <trkpt lat="43.14378982409835" lon="26.824633302167058">
        <ele>114.20000000000005</ele>
        <time>2025-05-19T11:30:42</time>
      </trkpt>
      <trkpt lat="43.143527805805206" lon="26.824190570041537">
        <ele>114.20000000000005</ele>
        <time>2025-05-19T11:30:51</time>
      </trkpt>
      <trkpt lat="43.143197977915406" lon="26.823764014989138">
        <ele>114.20000000000005</ele>
        <time>2025-05-19T11:31:00</time>
      </trkpt>
      <trkpt lat="43.14291726797819" lon="26.82342496700585">
        <ele>114.20000000000005</ele>
        <time>2025-05-19T11:31:07</time>
      </trkpt>
      <trkpt lat="43.14252876676619" lon="26.82296077720821">
        <ele>114.0</ele>
        <time>2025-05-19T11:31:17</time>
      </trkpt>
      <trkpt lat="43.142117047682405" lon="26.82247119024396">
        <ele>114.0</ele>
        <time>2025-05-19T11:31:28</time>
      </trkpt>
      <trkpt lat="43.14173961058259" lon="26.822021417319775">
        <ele>114.39999999999998</ele>
        <time>2025-05-19T11:31:38</time>
      </trkpt>
      <trkpt lat="43.141402741894126" lon="26.821613470092416">
        <ele>114.60000000000002</ele>
        <time>2025-05-19T11:31:47</time>
      </trkpt>
      <trkpt lat="43.14104366116226" lon="26.82116612792015">
        <ele>115.0</ele>
        <time>2025-05-19T11:31:57</time>
      </trkpt>
      <trkpt lat="43.14097006805241" lon="26.821079207584262">
        <ele>115.0</ele>
        <time>2025-05-19T11:31:59</time>
      </trkpt>
      <trkpt lat="43.140771333128214" lon="26.820829259231687">
        <ele>115.39999999999998</ele>
        <time>2025-05-19T11:32:05</time>
      </trkpt>
      <trkpt lat="43.14051518216729" lon="26.820515943691134">
        <ele>115.79999999999995</ele>
        <time>2025-05-19T11:32:13</time>
      </trkpt>
      <trkpt lat="43.14025525934994" lon="26.82020589709282">
        <ele>116.0</ele>
        <time>2025-05-19T11:32:21</time>
      </trkpt>
      <trkpt lat="43.14000774174929" lon="26.819889228791">
        <ele>117.20000000000005</ele>
        <time>2025-05-19T11:32:29</time>
      </trkpt>
      <trkpt lat="43.13976994715631" lon="26.819548588246107">
        <ele>117.79999999999995</ele>
        <time>2025-05-19T11:32:37</time>
      </trkpt>
      <trkpt lat="43.13960574567318" lon="26.819255892187357">
        <ele>118.20000000000005</ele>
        <time>2025-05-19T11:32:43</time>
      </trkpt>
      <trkpt lat="43.13953340984881" lon="26.819095965474844">
        <ele>118.20000000000005</ele>
        <time>2025-05-19T11:32:46</time>
      </trkpt>
      <trkpt lat="43.13933450728655" lon="26.81858517229557">
        <ele>118.79999999999995</ele>
        <time>2025-05-19T11:32:55</time>
      </trkpt>
      <trkpt lat="43.139315731823444" lon="26.818525912240148">
        <ele>118.79999999999995</ele>
        <time>2025-05-19T11:32:56</time>
      </trkpt>
      <trkpt lat="43.139222441241145" lon="26.818228187039495">
        <ele>118.79999999999995</ele>
        <time>2025-05-19T11:33:01</time>
      </trkpt>
      <trkpt lat="43.139082212001085" lon="26.81760155595839">
        <ele>119.0</ele>
        <time>2025-05-19T11:33:11</time>
      </trkpt>
      <trkpt lat="43.139062682166696" lon="26.817476162686944">
        <ele>119.20000000000005</ele>
        <time>2025-05-19T11:33:13</time>
      </trkpt>
      <trkpt lat="43.13902286812663" lon="26.817145915701985">
        <ele>119.60000000000002</ele>
        <time>2025-05-19T11:33:18</time>
      </trkpt>
      <trkpt lat="43.13898908905685" lon="26.81658072397113">
        <ele>119.79999999999995</ele>
        <time>2025-05-19T11:33:26</time>
      </trkpt>
      <trkpt lat="43.13901951536536" lon="26.815831968560815">
        <ele>119.60000000000002</ele>
        <time>2025-05-19T11:33:36</time>
      </trkpt>
      <trkpt lat="43.13902563415468" lon="26.81575493887067">
        <ele>119.60000000000002</ele>
        <time>2025-05-19T11:33:37</time>
      </trkpt>
      <trkpt lat="43.139109537005424" lon="26.81496737524867">
        <ele>119.60000000000002</ele>
        <time>2025-05-19T11:33:47</time>
      </trkpt>
      <trkpt lat="43.13918564468622" lon="26.814377708360553">
        <ele>119.20000000000005</ele>
        <time>2025-05-19T11:33:55</time>
      </trkpt>
      <trkpt lat="43.13926267437637" lon="26.813787957653403">
        <ele>118.79999999999995</ele>
        <time>2025-05-19T11:34:04</time>
      </trkpt>
      <trkpt lat="43.139306008815765" lon="26.81322586722672">
        <ele>118.60000000000002</ele>
        <time>2025-05-19T11:34:12</time>
      </trkpt>
      <trkpt lat="43.13927315175533" lon="26.812642654404044">
        <ele>118.60000000000002</ele>
        <time>2025-05-19T11:34:20</time>
      </trkpt>
      <trkpt lat="43.1392421387136" lon="26.81250410154462">
        <ele>118.60000000000002</ele>
        <time>2025-05-19T11:34:22</time>
      </trkpt>
      <trkpt lat="43.13917927443981" lon="26.81231802329421">
        <ele>118.60000000000002</ele>
        <time>2025-05-19T11:34:25</time>
      </trkpt>
      <trkpt lat="43.139014737680554" lon="26.811977801844478">
        <ele>118.39999999999998</ele>
        <time>2025-05-19T11:34:31</time>
      </trkpt>
      <trkpt lat="43.13881432637572" lon="26.811660043895245">
        <ele>118.20000000000005</ele>
        <time>2025-05-19T11:34:37</time>
      </trkpt>
      <trkpt lat="43.13852733001113" lon="26.811346979811788">
        <ele>118.20000000000005</ele>
        <time>2025-05-19T11:34:44</time>
      </trkpt>
      <trkpt lat="43.13848500140011" lon="26.811303980648518">
        <ele>118.20000000000005</ele>
        <time>2025-05-19T11:34:45</time>
      </trkpt>
      <trkpt lat="43.13810630701482" lon="26.810951689258218">
        <ele>118.0</ele>
        <time>2025-05-19T11:34:54</time>
      </trkpt>
      <trkpt lat="43.13789701089263" lon="26.81076510809362">
        <ele>118.0</ele>
        <time>2025-05-19T11:34:59</time>
      </trkpt>
      <trkpt lat="43.137690648436546" lon="26.81057257577777">
        <ele>117.79999999999995</ele>
        <time>2025-05-19T11:35:04</time>
      </trkpt>
      <trkpt lat="43.1372510176152" lon="26.810204526409507">
        <ele>117.79999999999995</ele>
        <time>2025-05-19T11:35:14</time>
      </trkpt>
      <trkpt lat="43.136940468102694" lon="26.809951476752758">
        <ele>117.79999999999995</ele>
        <time>2025-05-19T11:35:21</time>
      </trkpt>
      <trkpt lat="43.13674961216748" lon="26.809830777347088">
        <ele>117.79999999999995</ele>
        <time>2025-05-19T11:35:25</time>
      </trkpt>
      <trkpt lat="43.13661793246865" lon="26.809751819819212">
        <ele>117.79999999999995</ele>
        <time>2025-05-19T11:35:28</time>
      </trkpt>
      <trkpt lat="43.13630503602326" lon="26.80961301550269">
        <ele>117.60000000000002</ele>
        <time>2025-05-19T11:35:35</time>
      </trkpt>
      <trkpt lat="43.13599783927202" lon="26.809466164559126">
        <ele>118.0</ele>
        <time>2025-05-19T11:35:42</time>
      </trkpt>
      <trkpt lat="43.13595341518521" lon="26.809444958344102">
        <ele>118.20000000000005</ele>
        <time>2025-05-19T11:35:43</time>
      </trkpt>
      <trkpt lat="43.1357366591692" lon="26.809352254495025">
        <ele>118.79999999999995</ele>
        <time>2025-05-19T11:35:48</time>
      </trkpt>
      <trkpt lat="43.135499618947506" lon="26.809220826253295">
        <ele>118.60000000000002</ele>
        <time>2025-05-19T11:35:54</time>
      </trkpt>
      <trkpt lat="43.135348577052355" lon="26.809125607833266">
        <ele>118.60000000000002</ele>
        <time>2025-05-19T11:35:58</time>
      </trkpt>
      <trkpt lat="43.135202983394265" lon="26.809018990024924">
        <ele>118.60000000000002</ele>
        <time>2025-05-19T11:36:02</time>
      </trkpt>
      <trkpt lat="43.13484029844403" lon="26.80874180048704">
        <ele>118.60000000000002</ele>
        <time>2025-05-19T11:36:12</time>
      </trkpt>
      <trkpt lat="43.13462857156992" lon="26.808595536276698">
        <ele>118.79999999999995</ele>
        <time>2025-05-19T11:36:18</time>
      </trkpt>
      <trkpt lat="43.13459244556725" lon="26.80857164785266">
        <ele>118.79999999999995</ele>
        <time>2025-05-19T11:36:19</time>
      </trkpt>
      <trkpt lat="43.13428466208279" lon="26.808401746675372">
        <ele>119.39999999999998</ele>
        <time>2025-05-19T11:36:27</time>
      </trkpt>
      <trkpt lat="43.133989702910185" lon="26.808251878246665">
        <ele>119.79999999999995</ele>
        <time>2025-05-19T11:36:34</time>
      </trkpt>
      <trkpt lat="43.13390202820301" lon="26.80821013636887">
        <ele>120.0</ele>
        <time>2025-05-19T11:36:36</time>
      </trkpt>
      <trkpt lat="43.13356566242874" lon="26.808046186342835">
        <ele>120.0</ele>
        <time>2025-05-19T11:36:44</time>
      </trkpt>
      <trkpt lat="43.1333224195987" lon="26.807933365926147">
        <ele>120.60000000000002</ele>
        <time>2025-05-19T11:36:50</time>
      </trkpt>
      <trkpt lat="43.133280677720904" lon="26.8079134169966">
        <ele>120.60000000000002</ele>
        <time>2025-05-19T11:36:51</time>
      </trkpt>
      <trkpt lat="43.132941545918584" lon="26.807745192199945">
        <ele>121.20000000000005</ele>
        <time>2025-05-19T11:36:59</time>
      </trkpt>
      <trkpt lat="43.13263485208154" lon="26.80754612199962">
        <ele>121.0</ele>
        <time>2025-05-19T11:37:06</time>
      </trkpt>
      <trkpt lat="43.13224853016436" lon="26.807269603013992">
        <ele>120.79999999999995</ele>
        <time>2025-05-19T11:37:15</time>
      </trkpt>
      <trkpt lat="43.132081143558025" lon="26.807110095396638">
        <ele>120.39999999999998</ele>
        <time>2025-05-19T11:37:21</time>
      </trkpt>
      <trkpt lat="43.13193982467055" lon="26.806962992995977">
        <ele>120.39999999999998</ele>
        <time>2025-05-19T11:37:28</time>
      </trkpt>
      <trkpt lat="43.13176707364619" lon="26.80676040239632">
        <ele>120.39999999999998</ele>
        <time>2025-05-19T11:37:35</time>
      </trkpt>
      <trkpt lat="43.131597926840186" lon="26.80652436800301">
        <ele>120.79999999999995</ele>
        <time>2025-05-19T11:37:42</time>
      </trkpt>
      <trkpt lat="43.13144428655505" lon="26.806210968643427">
        <ele>121.39999999999998</ele>
        <time>2025-05-19T11:37:50</time>
      </trkpt>
      <trkpt lat="43.131334567442536" lon="26.805903017520905">
        <ele>121.39999999999998</ele>
        <time>2025-05-19T11:37:57</time>
      </trkpt>
      <trkpt lat="43.1312950886786" lon="26.80552708916366">
        <ele>121.39999999999998</ele>
        <time>2025-05-19T11:38:04</time>
      </trkpt>
      <trkpt lat="43.13135921023786" lon="26.805103132501245">
        <ele>121.60000000000002</ele>
        <time>2025-05-19T11:38:11</time>
      </trkpt>
      <trkpt lat="43.13138569705188" lon="26.804981343448162">
        <ele>121.60000000000002</ele>
        <time>2025-05-19T11:38:13</time>
      </trkpt>
      <trkpt lat="43.13149784691632" lon="26.804591920226812">
        <ele>121.60000000000002</ele>
        <time>2025-05-19T11:38:19</time>
      </trkpt>
      <trkpt lat="43.13166883774102" lon="26.804129658266902">
        <ele>121.79999999999995</ele>
        <time>2025-05-19T11:38:26</time>
      </trkpt>
      <trkpt lat="43.13190529122949" lon="26.803658846765757">
        <ele>122.0</ele>
        <time>2025-05-19T11:38:33</time>
      </trkpt>
      <trkpt lat="43.13215431757271" lon="26.803217623382807">
        <ele>121.0</ele>
        <time>2025-05-19T11:38:40</time>
      </trkpt>
      <trkpt lat="43.13232991844416" lon="26.802917467430234">
        <ele>120.39999999999998</ele>
        <time>2025-05-19T11:38:45</time>
      </trkpt>
      <trkpt lat="43.13251197338104" lon="26.802627872675657">
        <ele>119.60000000000002</ele>
        <time>2025-05-19T11:38:50</time>
      </trkpt>
      <trkpt lat="43.13258808106184" lon="26.802523266524076">
        <ele>119.39999999999998</ele>
        <time>2025-05-19T11:38:52</time>
      </trkpt>
      <trkpt lat="43.132913215085864" lon="26.802059076726437">
        <ele>119.0</ele>
        <time>2025-05-19T11:39:01</time>
      </trkpt>
      <trkpt lat="43.13323549926281" lon="26.80149053223431">
        <ele>119.0</ele>
        <time>2025-05-19T11:39:11</time>
      </trkpt>
      <trkpt lat="43.13344798050821" lon="26.80092567577958">
        <ele>119.0</ele>
        <time>2025-05-19T11:39:20</time>
      </trkpt>
      <trkpt lat="43.13359080813825" lon="26.80036559700966">
        <ele>119.39999999999998</ele>
        <time>2025-05-19T11:39:28</time>
      </trkpt>
      <trkpt lat="43.13363288529217" lon="26.79984323680401">
        <ele>119.79999999999995</ele>
        <time>2025-05-19T11:39:35</time>
      </trkpt>
      <trkpt lat="43.13362483866513" lon="26.799619607627392">
        <ele>119.79999999999995</ele>
        <time>2025-05-19T11:39:38</time>
      </trkpt>
      <trkpt lat="43.133595921099186" lon="26.799417436122894">
        <ele>120.0</ele>
        <time>2025-05-19T11:39:41</time>
      </trkpt>
      <trkpt lat="43.13357806764543" lon="26.799288103356957">
        <ele>120.0</ele>
        <time>2025-05-19T11:39:43</time>
      </trkpt>
      <trkpt lat="43.13356641680002" lon="26.799224400892854">
        <ele>120.0</ele>
        <time>2025-05-19T11:39:44</time>
      </trkpt>
      <trkpt lat="43.133502546697855" lon="26.798995323479176">
        <ele>120.0</ele>
        <time>2025-05-19T11:39:48</time>
      </trkpt>
      <trkpt lat="43.13346357084811" lon="26.798887280747294">
        <ele>120.20000000000005</ele>
        <time>2025-05-19T11:39:50</time>
      </trkpt>
      <trkpt lat="43.133417470380664" lon="26.798732383176684">
        <ele>120.39999999999998</ele>
        <time>2025-05-19T11:39:53</time>
      </trkpt>
      <trkpt lat="43.133334908634424" lon="26.798479920253158">
        <ele>120.60000000000002</ele>
        <time>2025-05-19T11:39:58</time>
      </trkpt>
      <trkpt lat="43.1332893949002" lon="26.7983827739954">
        <ele>120.60000000000002</ele>
        <time>2025-05-19T11:40:00</time>
      </trkpt>
      <trkpt lat="43.1332222558558" lon="26.79824749007821">
        <ele>121.0</ele>
        <time>2025-05-19T11:40:03</time>
      </trkpt>
      <trkpt lat="43.13313156366348" lon="26.798091754317284">
        <ele>121.60000000000002</ele>
        <time>2025-05-19T11:40:07</time>
      </trkpt>
      <trkpt lat="43.13308537937701" lon="26.798017574474216">
        <ele>122.0</ele>
        <time>2025-05-19T11:40:09</time>
      </trkpt>
      <trkpt lat="43.13295344822109" lon="26.797783970832825">
        <ele>122.79999999999995</ele>
        <time>2025-05-19T11:40:15</time>
      </trkpt>
      <trkpt lat="43.132905503734946" lon="26.797703420743346">
        <ele>123.0</ele>
        <time>2025-05-19T11:40:17</time>
      </trkpt>
      <trkpt lat="43.132761754095554" lon="26.797503428533673">
        <ele>123.20000000000005</ele>
        <time>2025-05-19T11:40:22</time>
      </trkpt>
      <trkpt lat="43.1325366999954" lon="26.797185502946377">
        <ele>123.0</ele>
        <time>2025-05-19T11:40:30</time>
      </trkpt>
      <trkpt lat="43.132299492135644" lon="26.796876713633537">
        <ele>123.0</ele>
        <time>2025-05-19T11:40:38</time>
      </trkpt>
      <trkpt lat="43.13194124959409" lon="26.79644102230668">
        <ele>123.60000000000002</ele>
        <time>2025-05-19T11:40:50</time>
      </trkpt>
      <trkpt lat="43.13185567036271" lon="26.79634572006762">
        <ele>124.0</ele>
        <time>2025-05-19T11:40:53</time>
      </trkpt>
      <trkpt lat="43.13170119188726" lon="26.79618202149868">
        <ele>124.60000000000002</ele>
        <time>2025-05-19T11:40:58</time>
      </trkpt>
      <trkpt lat="43.13157009892166" lon="26.79607112891972">
        <ele>125.0</ele>
        <time>2025-05-19T11:41:02</time>
      </trkpt>
      <trkpt lat="43.131410256028175" lon="26.795924697071314">
        <ele>125.60000000000002</ele>
        <time>2025-05-19T11:41:07</time>
      </trkpt>
      <trkpt lat="43.13120414502919" lon="26.795757645741105">
        <ele>126.0</ele>
        <time>2025-05-19T11:41:13</time>
      </trkpt>
      <trkpt lat="43.131130300462246" lon="26.79569771513343">
        <ele>126.20000000000005</ele>
        <time>2025-05-19T11:41:15</time>
      </trkpt>
      <trkpt lat="43.13075604848564" lon="26.79535338655114">
        <ele>126.39999999999998</ele>
        <time>2025-05-19T11:41:25</time>
      </trkpt>
      <trkpt lat="43.13040685839951" lon="26.795033533126116">
        <ele>126.60000000000002</ele>
        <time>2025-05-19T11:41:34</time>
      </trkpt>
      <trkpt lat="43.130084071308374" lon="26.794726587831974">
        <ele>126.39999999999998</ele>
        <time>2025-05-19T11:41:42</time>
      </trkpt>
      <trkpt lat="43.12979858368635" lon="26.794446045532823">
        <ele>126.39999999999998</ele>
        <time>2025-05-19T11:41:50</time>
      </trkpt>
      <trkpt lat="43.12954201363027" lon="26.794159803539515">
        <ele>126.60000000000002</ele>
        <time>2025-05-19T11:41:57</time>
      </trkpt>
      <trkpt lat="43.129283767193556" lon="26.793807595968246">
        <ele>126.39999999999998</ele>
        <time>2025-05-19T11:42:04</time>
      </trkpt>
      <trkpt lat="43.12895653769374" lon="26.793346339836717">
        <ele>125.39999999999998</ele>
        <time>2025-05-19T11:42:13</time>
      </trkpt>
      <trkpt lat="43.128746738657355" lon="26.79304551333189">
        <ele>125.20000000000005</ele>
        <time>2025-05-19T11:42:20</time>
      </trkpt>
      <trkpt lat="43.12848941422999" lon="26.79268978536129">
        <ele>125.39999999999998</ele>
        <time>2025-05-19T11:42:30</time>
      </trkpt>
      <trkpt lat="43.128251200541854" lon="26.792384767904878">
        <ele>126.0</ele>
        <time>2025-05-19T11:42:39</time>
      </trkpt>
      <trkpt lat="43.12809177674353" lon="26.792176561430097">
        <ele>126.79999999999995</ele>
        <time>2025-05-19T11:42:45</time>
      </trkpt>
      <trkpt lat="43.12799060717225" lon="26.79203406907618">
        <ele>127.20000000000005</ele>
        <time>2025-05-19T11:42:49</time>
      </trkpt>
      <trkpt lat="43.12786948867142" lon="26.791869280859828">
        <ele>128.0</ele>
        <time>2025-05-19T11:42:54</time>
      </trkpt>
      <trkpt lat="43.127824729308486" lon="26.791803063824773">
        <ele>128.0</ele>
        <time>2025-05-19T11:42:56</time>
      </trkpt>
      <trkpt lat="43.12768282368779" lon="26.791600808501244">
        <ele>128.79999999999995</ele>
        <time>2025-05-19T11:43:02</time>
      </trkpt>
      <trkpt lat="43.1276254914701" lon="26.791490586474538">
        <ele>129.20000000000005</ele>
        <time>2025-05-19T11:43:05</time>
      </trkpt>
      <trkpt lat="43.12757176347077" lon="26.791347255930305">
        <ele>130.0</ele>
        <time>2025-05-19T11:43:09</time>
      </trkpt>
      <trkpt lat="43.12755072489381" lon="26.79122194647789">
        <ele>130.39999999999998</ele>
        <time>2025-05-19T11:43:12</time>
      </trkpt>
      <trkpt lat="43.12754360027611" lon="26.79103913716972">
        <ele>131.0</ele>
        <time>2025-05-19T11:43:16</time>
      </trkpt>
      <trkpt lat="43.12754343263805" lon="26.790947020053864">
        <ele>131.20000000000005</ele>
        <time>2025-05-19T11:43:18</time>
      </trkpt>
      <trkpt lat="43.12754401937127" lon="26.790757002308965">
        <ele>132.0</ele>
        <time>2025-05-19T11:43:22</time>
      </trkpt>
      <trkpt lat="43.1275356374681" lon="26.79060537368059">
        <ele>132.60000000000002</ele>
        <time>2025-05-19T11:43:25</time>
      </trkpt>
      <trkpt lat="43.12750160694122" lon="26.790413595736027">
        <ele>133.0</ele>
        <time>2025-05-19T11:43:29</time>
      </trkpt>
      <trkpt lat="43.1274907104671" lon="26.790367998182774">
        <ele>133.0</ele>
        <time>2025-05-19T11:43:30</time>
      </trkpt>
      <trkpt lat="43.127420134842396" lon="26.790016796439886">
        <ele>133.20000000000005</ele>
        <time>2025-05-19T11:43:37</time>
      </trkpt>
      <trkpt lat="43.12738266773522" lon="26.78986055776477">
        <ele>133.0</ele>
        <time>2025-05-19T11:43:40</time>
      </trkpt>
      <trkpt lat="43.12734704464674" lon="26.789637515321374">
        <ele>132.79999999999995</ele>
        <time>2025-05-19T11:43:44</time>
      </trkpt>
      <trkpt lat="43.127271523699164" lon="26.78911649622023">
        <ele>132.60000000000002</ele>
        <time>2025-05-19T11:43:53</time>
      </trkpt>
      <trkpt lat="43.12721553258598" lon="26.78874316625297">
        <ele>133.0</ele>
        <time>2025-05-19T11:44:00</time>
      </trkpt>
      <trkpt lat="43.12713171355426" lon="26.78839322179556">
        <ele>134.0</ele>
        <time>2025-05-19T11:44:07</time>
      </trkpt>
      <trkpt lat="43.12711947597563" lon="26.78834435530007">
        <ele>134.20000000000005</ele>
        <time>2025-05-19T11:44:08</time>
      </trkpt>
      <trkpt lat="43.12704915180802" lon="26.788061130791903">
        <ele>135.20000000000005</ele>
        <time>2025-05-19T11:44:14</time>
      </trkpt>
      <trkpt lat="43.127035573124886" lon="26.788019221276045">
        <ele>135.39999999999998</ele>
        <time>2025-05-19T11:44:15</time>
      </trkpt>
      <trkpt lat="43.12696843408048" lon="26.787782683968544">
        <ele>136.0</ele>
        <time>2025-05-19T11:44:20</time>
      </trkpt>
      <trkpt lat="43.126894338056445" lon="26.787631642073393">
        <ele>136.39999999999998</ele>
        <time>2025-05-19T11:44:23</time>
      </trkpt>
      <trkpt lat="43.126799538731575" lon="26.787468949332833">
        <ele>136.79999999999995</ele>
        <time>2025-05-19T11:44:26</time>
      </trkpt>
      <trkpt lat="43.1265929248184" lon="26.787175917997956">
        <ele>137.60000000000002</ele>
        <time>2025-05-19T11:44:32</time>
      </trkpt>
      <trkpt lat="43.12652117572725" lon="26.787103665992618">
        <ele>137.79999999999995</ele>
        <time>2025-05-19T11:44:34</time>
      </trkpt>
      <trkpt lat="43.126389579847455" lon="26.786945834755898">
        <ele>138.60000000000002</ele>
        <time>2025-05-19T11:44:38</time>
      </trkpt>
      <trkpt lat="43.126297295093536" lon="26.78682773374021">
        <ele>138.60000000000002</ele>
        <time>2025-05-19T11:44:41</time>
      </trkpt>
      <trkpt lat="43.1260693911463" lon="26.786609971895814">
        <ele>138.79999999999995</ele>
        <time>2025-05-19T11:44:47</time>
      </trkpt>
      <trkpt lat="43.125728499144316" lon="26.786322724074125">
        <ele>138.79999999999995</ele>
        <time>2025-05-19T11:44:54</time>
      </trkpt>
      <trkpt lat="43.12554904259741" lon="26.786200515925884">
        <ele>138.20000000000005</ele>
        <time>2025-05-19T11:44:57</time>
      </trkpt>
      <trkpt lat="43.125412836670876" lon="26.786166736856103">
        <ele>137.79999999999995</ele>
        <time>2025-05-19T11:44:59</time>
      </trkpt>
      <trkpt lat="43.12527461908758" lon="26.786182327196002">
        <ele>137.20000000000005</ele>
        <time>2025-05-19T11:45:01</time>
      </trkpt>
      <trkpt lat="43.1251420173794" lon="26.78623898886144">
        <ele>136.39999999999998</ele>
        <time>2025-05-19T11:45:03</time>
      </trkpt>
      <trkpt lat="43.125080075114965" lon="26.786278635263443">
        <ele>136.0</ele>
        <time>2025-05-19T11:45:04</time>
      </trkpt>
      <trkpt lat="43.12502198852599" lon="26.78631953895092">
        <ele>135.60000000000002</ele>
        <time>2025-05-19T11:45:05</time>
      </trkpt>
      <trkpt lat="43.12490816228092" lon="26.786400927230716">
        <ele>134.39999999999998</ele>
        <time>2025-05-19T11:45:07</time>
      </trkpt>
      <trkpt lat="43.12479693442583" lon="26.78647493943572">
        <ele>133.79999999999995</ele>
        <time>2025-05-19T11:45:09</time>
      </trkpt>
      <trkpt lat="43.12463700771332" lon="26.786592537537217">
        <ele>133.39999999999998</ele>
        <time>2025-05-19T11:45:12</time>
      </trkpt>
      <trkpt lat="43.12444078736007" lon="26.786745423451066">
        <ele>132.79999999999995</ele>
        <time>2025-05-19T11:45:16</time>
      </trkpt>
      <trkpt lat="43.12434875406325" lon="26.786819268018007">
        <ele>132.39999999999998</ele>
        <time>2025-05-19T11:45:18</time>
      </trkpt>
      <trkpt lat="43.12414054758847" lon="26.787000400945544">
        <ele>131.0</ele>
        <time>2025-05-19T11:45:23</time>
      </trkpt>
      <trkpt lat="43.124103331938386" lon="26.78703585639596">
        <ele>130.60000000000002</ele>
        <time>2025-05-19T11:45:24</time>
      </trkpt>
      <trkpt lat="43.123896634206176" lon="26.787214474752545">
        <ele>130.0</ele>
        <time>2025-05-19T11:45:30</time>
      </trkpt>
      <trkpt lat="43.12374693341553" lon="26.787331150844693">
        <ele>129.39999999999998</ele>
        <time>2025-05-19T11:45:36</time>
      </trkpt>
      <trkpt lat="43.123632688075304" lon="26.787366941571236">
        <ele>129.0</ele>
        <time>2025-05-19T11:45:42</time>
      </trkpt>
      <trkpt lat="43.123618606477976" lon="26.787376245483756">
        <ele>129.0</ele>
        <time>2025-05-19T11:45:43</time>
      </trkpt>
      <trkpt lat="43.123603351414204" lon="26.787400636821985">
        <ele>128.79999999999995</ele>
        <time>2025-05-19T11:45:45</time>
      </trkpt>
      <trkpt lat="43.123595053330064" lon="26.78743852302432">
        <ele>128.79999999999995</ele>
        <time>2025-05-19T11:45:47</time>
      </trkpt>
      <trkpt lat="43.12359086237848" lon="26.787508009001613">
        <ele>128.60000000000002</ele>
        <time>2025-05-19T11:45:50</time>
      </trkpt>
      <trkpt lat="43.12358222901821" lon="26.787575986236334">
        <ele>128.60000000000002</ele>
        <time>2025-05-19T11:45:52</time>
      </trkpt>
      <trkpt lat="43.123493045568466" lon="26.787782181054354">
        <ele>128.20000000000005</ele>
        <time>2025-05-19T11:45:58</time>
      </trkpt>
      <trkpt lat="43.123361030593514" lon="26.788051323965192">
        <ele>128.79999999999995</ele>
        <time>2025-05-19T11:46:05</time>
      </trkpt>
      <trkpt lat="43.12323337420821" lon="26.788284173235297">
        <ele>129.79999999999995</ele>
        <time>2025-05-19T11:46:11</time>
      </trkpt>
      <trkpt lat="43.12319230288267" lon="26.788359694182873">
        <ele>130.20000000000005</ele>
        <time>2025-05-19T11:46:13</time>
      </trkpt>
      <trkpt lat="43.12304276973009" lon="26.788636213168502">
        <ele>130.79999999999995</ele>
        <time>2025-05-19T11:46:21</time>
      </trkpt>
      <trkpt lat="43.12300840392709" lon="26.78869865834713">
        <ele>130.79999999999995</ele>
        <time>2025-05-19T11:46:23</time>
      </trkpt>
      <trkpt lat="43.12291653826833" lon="26.78886185400188">
        <ele>132.0</ele>
        <time>2025-05-19T11:46:28</time>
      </trkpt>
      <trkpt lat="43.1228712759912" lon="26.788926729932427">
        <ele>132.39999999999998</ele>
        <time>2025-05-19T11:46:30</time>
      </trkpt>
      <trkpt lat="43.122801622375846" lon="26.789019433781505">
        <ele>133.0</ele>
        <time>2025-05-19T11:46:33</time>
      </trkpt>
      <trkpt lat="43.12267371453345" lon="26.78914968855679">
        <ele>133.20000000000005</ele>
        <time>2025-05-19T11:46:38</time>
      </trkpt>
      <trkpt lat="43.12245402485132" lon="26.789284721016884">
        <ele>134.0</ele>
        <time>2025-05-19T11:46:46</time>
      </trkpt>
      <trkpt lat="43.12228873372078" lon="26.789315147325397">
        <ele>135.0</ele>
        <time>2025-05-19T11:46:52</time>
      </trkpt>
      <trkpt lat="43.1222581397742" lon="26.789316991344094">
        <ele>135.20000000000005</ele>
        <time>2025-05-19T11:46:53</time>
      </trkpt>
      <trkpt lat="43.122066613286734" lon="26.78932168520987">
        <ele>135.79999999999995</ele>
        <time>2025-05-19T11:46:59</time>
      </trkpt>
      <trkpt lat="43.12197198159993" lon="26.789308777078986">
        <ele>136.20000000000005</ele>
        <time>2025-05-19T11:47:02</time>
      </trkpt>
      <trkpt lat="43.121796967461705" lon="26.78930257447064">
        <ele>136.79999999999995</ele>
        <time>2025-05-19T11:47:07</time>
      </trkpt>
      <trkpt lat="43.121697725728154" lon="26.78929519839585">
        <ele>137.39999999999998</ele>
        <time>2025-05-19T11:47:10</time>
      </trkpt>
      <trkpt lat="43.12159638851881" lon="26.789291258901358">
        <ele>137.79999999999995</ele>
        <time>2025-05-19T11:47:13</time>
      </trkpt>
      <trkpt lat="43.12142682261765" lon="26.789290672168136">
        <ele>138.39999999999998</ele>
        <time>2025-05-19T11:47:18</time>
      </trkpt>
      <trkpt lat="43.12128919176757" lon="26.789283296093345">
        <ele>138.79999999999995</ele>
        <time>2025-05-19T11:47:22</time>
      </trkpt>
      <trkpt lat="43.121095737442374" lon="26.789279859513044">
        <ele>139.60000000000002</ele>
        <time>2025-05-19T11:47:28</time>
      </trkpt>
      <trkpt lat="43.120903791859746" lon="26.78927910514176">
        <ele>140.60000000000002</ele>
        <time>2025-05-19T11:47:34</time>
      </trkpt>
      <trkpt lat="43.12083765864372" lon="26.78927918896079">
        <ele>141.0</ele>
        <time>2025-05-19T11:47:36</time>
      </trkpt>
      <trkpt lat="43.12066515907645" lon="26.789286397397518">
        <ele>141.79999999999995</ele>
        <time>2025-05-19T11:47:41</time>
      </trkpt>
      <trkpt lat="43.120556278154254" lon="26.78929679095745">
        <ele>142.0</ele>
        <time>2025-05-19T11:47:44</time>
      </trkpt>
      <trkpt lat="43.12039760872722" lon="26.789322020485997">
        <ele>142.60000000000002</ele>
        <time>2025-05-19T11:47:48</time>
      </trkpt>
      <trkpt lat="43.12027062289417" lon="26.789345238357782">
        <ele>143.0</ele>
        <time>2025-05-19T11:47:51</time>
      </trkpt>
      <trkpt lat="43.12022661790252" lon="26.78935437463224">
        <ele>143.0</ele>
        <time>2025-05-19T11:47:52</time>
      </trkpt>
      <trkpt lat="43.120086304843426" lon="26.789387818425894">
        <ele>143.0</ele>
        <time>2025-05-19T11:47:55</time>
      </trkpt>
      <trkpt lat="43.119991924613714" lon="26.78940324112773">
        <ele>143.0</ele>
        <time>2025-05-19T11:47:57</time>
      </trkpt>
      <trkpt lat="43.11964231543243" lon="26.78947599604726">
        <ele>142.39999999999998</ele>
        <time>2025-05-19T11:48:04</time>
      </trkpt>
      <trkpt lat="43.11954257078469" lon="26.78949703462422">
        <ele>142.20000000000005</ele>
        <time>2025-05-19T11:48:06</time>
      </trkpt>
      <trkpt lat="43.119330340996385" lon="26.789556462317705">
        <ele>141.60000000000002</ele>
        <time>2025-05-19T11:48:10</time>
      </trkpt>
      <trkpt lat="43.11922078952193" lon="26.78958998993039">
        <ele>141.20000000000005</ele>
        <time>2025-05-19T11:48:12</time>
      </trkpt>
      <trkpt lat="43.11888207681477" lon="26.78971353918314">
        <ele>140.79999999999995</ele>
        <time>2025-05-19T11:48:18</time>
      </trkpt>
      <trkpt lat="43.118824576959014" lon="26.7897380143404">
        <ele>140.60000000000002</ele>
        <time>2025-05-19T11:48:19</time>
      </trkpt>
      <trkpt lat="43.11862198635936" lon="26.789824599400163">
        <ele>139.20000000000005</ele>
        <time>2025-05-19T11:48:23</time>
      </trkpt>
      <trkpt lat="43.11857286840677" lon="26.78984354250133">
        <ele>139.20000000000005</ele>
        <time>2025-05-19T11:48:24</time>
      </trkpt>
      <trkpt lat="43.118317387998104" lon="26.789932809770107">
        <ele>138.79999999999995</ele>
        <time>2025-05-19T11:48:29</time>
      </trkpt>
      <trkpt lat="43.118049670010805" lon="26.790072452276945">
        <ele>138.60000000000002</ele>
        <time>2025-05-19T11:48:34</time>
      </trkpt>
      <trkpt lat="43.117896784096956" lon="26.790255177766085">
        <ele>138.39999999999998</ele>
        <time>2025-05-19T11:48:37</time>
      </trkpt>
      <trkpt lat="43.11780516989529" lon="26.790436059236526">
        <ele>138.20000000000005</ele>
        <time>2025-05-19T11:48:39</time>
      </trkpt>
      <trkpt lat="43.11770400032401" lon="26.79072213359177">
        <ele>137.39999999999998</ele>
        <time>2025-05-19T11:48:42</time>
      </trkpt>
      <trkpt lat="43.11767399311066" lon="26.79081978276372">
        <ele>137.20000000000005</ele>
        <time>2025-05-19T11:48:43</time>
      </trkpt>
      <trkpt lat="43.11764482408762" lon="26.790917683392763">
        <ele>137.0</ele>
        <time>2025-05-19T11:48:44</time>
      </trkpt>
      <trkpt lat="43.117592269554734" lon="26.791120525449514">
        <ele>136.0</ele>
        <time>2025-05-19T11:48:46</time>
      </trkpt>
      <trkpt lat="43.11751381494105" lon="26.791416574269533">
        <ele>134.60000000000002</ele>
        <time>2025-05-19T11:48:49</time>
      </trkpt>
      <trkpt lat="43.1174629367888" lon="26.79160256870091">
        <ele>134.0</ele>
        <time>2025-05-19T11:48:51</time>
      </trkpt>
      <trkpt lat="43.11739135533571" lon="26.79186651483178">
        <ele>133.39999999999998</ele>
        <time>2025-05-19T11:48:54</time>
      </trkpt>
      <trkpt lat="43.117375848814845" lon="26.79195284843445">
        <ele>133.20000000000005</ele>
        <time>2025-05-19T11:48:55</time>
      </trkpt>
      <trkpt lat="43.117352379485965" lon="26.792040606960654">
        <ele>133.0</ele>
        <time>2025-05-19T11:48:56</time>
      </trkpt>
      <trkpt lat="43.11725095845759" lon="26.792614934965968">
        <ele>132.39999999999998</ele>
        <time>2025-05-19T11:49:03</time>
      </trkpt>
      <trkpt lat="43.1172433309257" lon="26.792691964656115">
        <ele>132.39999999999998</ele>
        <time>2025-05-19T11:49:04</time>
      </trkpt>
      <trkpt lat="43.117165714502335" lon="26.793174343183637">
        <ele>132.60000000000002</ele>
        <time>2025-05-19T11:49:11</time>
      </trkpt>
      <trkpt lat="43.11710427515209" lon="26.793632665649056">
        <ele>133.0</ele>
        <time>2025-05-19T11:49:19</time>
      </trkpt>
      <trkpt lat="43.11705465428531" lon="26.794042205438018">
        <ele>133.20000000000005</ele>
        <time>2025-05-19T11:49:27</time>
      </trkpt>
      <trkpt lat="43.117047026753426" lon="26.79409174248576">
        <ele>133.20000000000005</ele>
        <time>2025-05-19T11:49:28</time>
      </trkpt>
      <trkpt lat="43.116989862173796" lon="26.7945509031415">
        <ele>133.60000000000002</ele>
        <time>2025-05-19T11:49:37</time>
      </trkpt>
      <trkpt lat="43.116926327347755" lon="26.794842593371868">
        <ele>133.60000000000002</ele>
        <time>2025-05-19T11:49:43</time>
      </trkpt>
      <trkpt lat="43.11686094850302" lon="26.795002687722445">
        <ele>133.60000000000002</ele>
        <time>2025-05-19T11:49:46</time>
      </trkpt>
      <trkpt lat="43.116758773103356" lon="26.795141072943807">
        <ele>133.39999999999998</ele>
        <time>2025-05-19T11:49:49</time>
      </trkpt>
      <trkpt lat="43.11655844561756" lon="26.795206451788545">
        <ele>133.0</ele>
        <time>2025-05-19T11:49:53</time>
      </trkpt>
      <trkpt lat="43.11640120111406" lon="26.795169822871685">
        <ele>132.39999999999998</ele>
        <time>2025-05-19T11:49:56</time>
      </trkpt>
      <trkpt lat="43.11629760079086" lon="26.795138139277697">
        <ele>132.20000000000005</ele>
        <time>2025-05-19T11:49:58</time>
      </trkpt>
      <trkpt lat="43.116247057914734" lon="26.79512078873813">
        <ele>132.0</ele>
        <time>2025-05-19T11:49:59</time>
      </trkpt>
      <trkpt lat="43.11594136990607" lon="26.794963711872697">
        <ele>131.20000000000005</ele>
        <time>2025-05-19T11:50:05</time>
      </trkpt>
      <trkpt lat="43.11589376069605" lon="26.79492875933647">
        <ele>131.0</ele>
        <time>2025-05-19T11:50:06</time>
      </trkpt>
      <trkpt lat="43.11560693196952" lon="26.794687025249004">
        <ele>130.39999999999998</ele>
        <time>2025-05-19T11:50:13</time>
      </trkpt>
      <trkpt lat="43.1153214443475" lon="26.79441419430077">
        <ele>130.20000000000005</ele>
        <time>2025-05-19T11:50:21</time>
      </trkpt>
      <trkpt lat="43.11502489261329" lon="26.794111104682088">
        <ele>131.0</ele>
        <time>2025-05-19T11:50:29</time>
      </trkpt>
      <trkpt lat="43.11477846466005" lon="26.79384883493185">
        <ele>131.20000000000005</ele>
        <time>2025-05-19T11:50:36</time>
      </trkpt>
      <trkpt lat="43.11448979191482" lon="26.79353074170649">
        <ele>131.39999999999998</ele>
        <time>2025-05-19T11:50:44</time>
      </trkpt>
      <trkpt lat="43.11421042308211" lon="26.793215749785304">
        <ele>131.0</ele>
        <time>2025-05-19T11:50:52</time>
      </trkpt>
      <trkpt lat="43.11387179419398" lon="26.792838647961617">
        <ele>131.0</ele>
        <time>2025-05-19T11:51:01</time>
      </trkpt>
      <trkpt lat="43.11356124468148" lon="26.79250999353826">
        <ele>131.20000000000005</ele>
        <time>2025-05-19T11:51:10</time>
      </trkpt>
      <trkpt lat="43.11344658024609" lon="26.79245919920504">
        <ele>131.20000000000005</ele>
        <time>2025-05-19T11:51:13</time>
      </trkpt>
      <trkpt lat="43.11340944841504" lon="26.792434891685843">
        <ele>131.20000000000005</ele>
        <time>2025-05-19T11:51:14</time>
      </trkpt>
      <trkpt lat="43.113310877233744" lon="26.792331710457802">
        <ele>131.39999999999998</ele>
        <time>2025-05-19T11:51:17</time>
      </trkpt>
      <trkpt lat="43.11323066242039" lon="26.792227858677506">
        <ele>131.60000000000002</ele>
        <time>2025-05-19T11:51:20</time>
      </trkpt>
      <trkpt lat="43.113187327980995" lon="26.792156361043453">
        <ele>131.79999999999995</ele>
        <time>2025-05-19T11:51:23</time>
      </trkpt>
      <trkpt lat="43.11318414285779" lon="26.79214982315898">
        <ele>131.79999999999995</ele>
        <time>2025-05-19T11:51:24</time>
      </trkpt>
      <trkpt lat="43.11318917199969" lon="26.792144123464823">
        <ele>131.79999999999995</ele>
        <time>2025-05-19T11:51:33</time>
      </trkpt>
      <trkpt lat="43.11318950727582" lon="26.79214202798903">
        <ele>132.20000000000005</ele>
        <time>2025-05-19T11:51:50</time>
      </trkpt>
      <trkpt lat="43.11318967491388" lon="26.792140351608396">
        <ele>132.39999999999998</ele>
        <time>2025-05-19T11:52:10</time>
      </trkpt>
      <trkpt lat="43.11319009400904" lon="26.792139764875174">
        <ele>132.20000000000005</ele>
        <time>2025-05-19T11:52:43</time>
      </trkpt>
      <trkpt lat="43.11319084838033" lon="26.792138759046793">
        <ele>132.39999999999998</ele>
        <time>2025-05-19T11:53:19</time>
      </trkpt>
      <trkpt lat="43.11318749561906" lon="26.792140854522586">
        <ele>132.39999999999998</ele>
        <time>2025-05-19T11:53:28</time>
      </trkpt>
      <trkpt lat="43.11318984255195" lon="26.792138339951634">
        <ele>132.39999999999998</ele>
        <time>2025-05-19T11:53:50</time>
      </trkpt>
      <trkpt lat="43.113187830895185" lon="26.79213381372392">
        <ele>132.0</ele>
        <time>2025-05-19T11:54:20</time>
      </trkpt>
      <trkpt lat="43.113181879743934" lon="26.79208679124713">
        <ele>132.0</ele>
        <time>2025-05-19T11:54:32</time>
      </trkpt>
      <trkpt lat="43.11316310428083" lon="26.791947903111577">
        <ele>132.20000000000005</ele>
        <time>2025-05-19T11:54:36</time>
      </trkpt>
      <trkpt lat="43.11307811178267" lon="26.791683956980705">
        <ele>132.20000000000005</ele>
        <time>2025-05-19T11:54:43</time>
      </trkpt>
      <trkpt lat="43.11295690946281" lon="26.79137583822012">
        <ele>132.60000000000002</ele>
        <time>2025-05-19T11:54:51</time>
      </trkpt>
      <trkpt lat="43.11285272240639" lon="26.79110619239509">
        <ele>132.79999999999995</ele>
        <time>2025-05-19T11:54:58</time>
      </trkpt>
      <trkpt lat="43.11272389255464" lon="26.79068542085588">
        <ele>133.0</ele>
        <time>2025-05-19T11:55:08</time>
      </trkpt>
      <trkpt lat="43.11264753341675" lon="26.790317706763744">
        <ele>133.39999999999998</ele>
        <time>2025-05-19T11:55:15</time>
      </trkpt>
      <trkpt lat="43.112580478191376" lon="26.78977020084858">
        <ele>133.39999999999998</ele>
        <time>2025-05-19T11:55:24</time>
      </trkpt>
      <trkpt lat="43.11264954507351" lon="26.78940181620419">
        <ele>133.39999999999998</ele>
        <time>2025-05-19T11:55:30</time>
      </trkpt>
      <trkpt lat="43.11283512040973" lon="26.788808796554804">
        <ele>133.39999999999998</ele>
        <time>2025-05-19T11:55:40</time>
      </trkpt>
      <trkpt lat="43.11300837434828" lon="26.7883254121989">
        <ele>134.20000000000005</ele>
        <time>2025-05-19T11:55:48</time>
      </trkpt>
      <trkpt lat="43.113177018240094" lon="26.787917967885733">
        <ele>134.39999999999998</ele>
        <time>2025-05-19T11:55:55</time>
      </trkpt>
      <trkpt lat="43.11322563327849" lon="26.78780456073582">
        <ele>134.39999999999998</ele>
        <time>2025-05-19T11:55:57</time>
      </trkpt>
      <trkpt lat="43.11342411674559" lon="26.78737699985504">
        <ele>134.79999999999995</ele>
        <time>2025-05-19T11:56:05</time>
      </trkpt>
      <trkpt lat="43.113646656274796" lon="26.78698749281466">
        <ele>135.20000000000005</ele>
        <time>2025-05-19T11:56:13</time>
      </trkpt>
      <trkpt lat="43.113728296011686" lon="26.786847012117505">
        <ele>135.39999999999998</ele>
        <time>2025-05-19T11:56:16</time>
      </trkpt>
      <trkpt lat="43.11393029987812" lon="26.786470161750913">
        <ele>136.0</ele>
        <time>2025-05-19T11:56:24</time>
      </trkpt>
      <trkpt lat="43.11405477114022" lon="26.786159947514534">
        <ele>136.60000000000002</ele>
        <time>2025-05-19T11:56:30</time>
      </trkpt>
      <trkpt lat="43.114128448069096" lon="26.785941012203693">
        <ele>137.0</ele>
        <time>2025-05-19T11:56:34</time>
      </trkpt>
      <trkpt lat="43.114274963736534" lon="26.7854933347553">
        <ele>137.39999999999998</ele>
        <time>2025-05-19T11:56:42</time>
      </trkpt>
      <trkpt lat="43.114371774718165" lon="26.785222264006734">
        <ele>137.60000000000002</ele>
        <time>2025-05-19T11:56:47</time>
      </trkpt>
      <trkpt lat="43.11441829428077" lon="26.78505253046751">
        <ele>137.60000000000002</ele>
        <time>2025-05-19T11:56:50</time>
      </trkpt>
      <trkpt lat="43.1144286878407" lon="26.78499293513596">
        <ele>137.79999999999995</ele>
        <time>2025-05-19T11:56:51</time>
      </trkpt>
      <trkpt lat="43.11445735394955" lon="26.784580713137984">
        <ele>138.20000000000005</ele>
        <time>2025-05-19T11:56:58</time>
      </trkpt>
      <trkpt lat="43.11446774750948" lon="26.784383738413453">
        <ele>138.39999999999998</ele>
        <time>2025-05-19T11:57:03</time>
      </trkpt>
      <trkpt lat="43.11446917243302" lon="26.784201096743345">
        <ele>139.60000000000002</ele>
        <time>2025-05-19T11:57:09</time>
      </trkpt>
      <trkpt lat="43.11447034589946" lon="26.784168910235167">
        <ele>139.79999999999995</ele>
        <time>2025-05-19T11:57:10</time>
      </trkpt>
      <trkpt lat="43.11447059735656" lon="26.78399758413434">
        <ele>140.60000000000002</ele>
        <time>2025-05-19T11:57:15</time>
      </trkpt>
      <trkpt lat="43.11447763815522" lon="26.783869760110974">
        <ele>141.39999999999998</ele>
        <time>2025-05-19T11:57:19</time>
      </trkpt>
      <trkpt lat="43.114478727802634" lon="26.78383681923151">
        <ele>141.60000000000002</ele>
        <time>2025-05-19T11:57:20</time>
      </trkpt>
      <trkpt lat="43.11448618769646" lon="26.783639006316662">
        <ele>142.60000000000002</ele>
        <time>2025-05-19T11:57:26</time>
      </trkpt>
      <trkpt lat="43.11449649743736" lon="26.78342007100582">
        <ele>143.60000000000002</ele>
        <time>2025-05-19T11:57:33</time>
      </trkpt>
      <trkpt lat="43.11449415050447" lon="26.783389057964087">
        <ele>143.79999999999995</ele>
        <time>2025-05-19T11:57:34</time>
      </trkpt>
      <trkpt lat="43.11448618769646" lon="26.783234998583794">
        <ele>144.60000000000002</ele>
        <time>2025-05-19T11:57:39</time>
      </trkpt>
      <trkpt lat="43.11448786407709" lon="26.783169619739056">
        <ele>144.79999999999995</ele>
        <time>2025-05-19T11:57:41</time>
      </trkpt>
      <trkpt lat="43.11447738669813" lon="26.782983541488647">
        <ele>145.79999999999995</ele>
        <time>2025-05-19T11:57:47</time>
      </trkpt>
      <trkpt lat="43.114475877955556" lon="26.782952612265944">
        <ele>146.0</ele>
        <time>2025-05-19T11:57:48</time>
      </trkpt>
      <trkpt lat="43.11445316299796" lon="26.782727474346757">
        <ele>147.0</ele>
        <time>2025-05-19T11:57:55</time>
      </trkpt>
      <trkpt lat="43.11442608945072" lon="26.782536450773478">
        <ele>148.20000000000005</ele>
        <time>2025-05-19T11:58:01</time>
      </trkpt>
      <trkpt lat="43.114412259310484" lon="26.782445339486003">
        <ele>148.60000000000002</ele>
        <time>2025-05-19T11:58:04</time>
      </trkpt>
      <trkpt lat="43.11439557932317" lon="26.782300164923072">
        <ele>149.20000000000005</ele>
        <time>2025-05-19T11:58:09</time>
      </trkpt>
      <trkpt lat="43.11437378637493" lon="26.78219069726765">
        <ele>149.79999999999995</ele>
        <time>2025-05-19T11:58:13</time>
      </trkpt>
      <trkpt lat="43.11435350216925" lon="26.782111153006554">
        <ele>150.20000000000005</ele>
        <time>2025-05-19T11:58:16</time>
      </trkpt>
      <trkpt lat="43.1143182143569" lon="26.78197218105197">
        <ele>151.20000000000005</ele>
        <time>2025-05-19T11:58:21</time>
      </trkpt>
      <trkpt lat="43.1142975948751" lon="26.781854331493378">
        <ele>151.60000000000002</ele>
        <time>2025-05-19T11:58:25</time>
      </trkpt>
      <trkpt lat="43.114273538812995" lon="26.781697338446975">
        <ele>152.0</ele>
        <time>2025-05-19T11:58:30</time>
      </trkpt>
      <trkpt lat="43.11424411833286" lon="26.781585020944476">
        <ele>152.60000000000002</ele>
        <time>2025-05-19T11:58:34</time>
      </trkpt>
      <trkpt lat="43.11420447193086" lon="26.78145376034081">
        <ele>153.20000000000005</ele>
        <time>2025-05-19T11:58:39</time>
      </trkpt>
      <trkpt lat="43.11417588964105" lon="26.78137505427003">
        <ele>153.60000000000002</ele>
        <time>2025-05-19T11:58:42</time>
      </trkpt>
      <trkpt lat="43.11412526294589" lon="26.781233232468367">
        <ele>154.60000000000002</ele>
        <time>2025-05-19T11:58:47</time>
      </trkpt>
      <trkpt lat="43.11411403119564" lon="26.781201045960188">
        <ele>154.79999999999995</ele>
        <time>2025-05-19T11:58:48</time>
      </trkpt>
      <trkpt lat="43.11405912972987" lon="26.781042041257024">
        <ele>155.20000000000005</ele>
        <time>2025-05-19T11:58:53</time>
      </trkpt>
      <trkpt lat="43.11396826989949" lon="26.780831990763545">
        <ele>155.60000000000002</ele>
        <time>2025-05-19T11:58:59</time>
      </trkpt>
      <trkpt lat="43.11390984803438" lon="26.780683295801282">
        <ele>155.79999999999995</ele>
        <time>2025-05-19T11:59:03</time>
      </trkpt>
      <trkpt lat="43.11384731903672" lon="26.780528062954545">
        <ele>156.0</ele>
        <time>2025-05-19T11:59:07</time>
      </trkpt>
      <trkpt lat="43.11366945505142" lon="26.78023176267743">
        <ele>156.20000000000005</ele>
        <time>2025-05-19T11:59:15</time>
      </trkpt>
      <trkpt lat="43.11357205733657" lon="26.78005389869213">
        <ele>156.60000000000002</ele>
        <time>2025-05-19T11:59:21</time>
      </trkpt>
      <trkpt lat="43.11355780810118" lon="26.78002456203103">
        <ele>156.79999999999995</ele>
        <time>2025-05-19T11:59:22</time>
      </trkpt>
      <trkpt lat="43.11347130686045" lon="26.779843010008335">
        <ele>157.79999999999995</ele>
        <time>2025-05-19T11:59:28</time>
      </trkpt>
      <trkpt lat="43.11345538124442" lon="26.779815014451742">
        <ele>158.0</ele>
        <time>2025-05-19T11:59:29</time>
      </trkpt>
      <trkpt lat="43.113358821719885" lon="26.77965760231018">
        <ele>158.79999999999995</ele>
        <time>2025-05-19T11:59:35</time>
      </trkpt>
      <trkpt lat="43.11329704709351" lon="26.779549894854426">
        <ele>159.39999999999998</ele>
        <time>2025-05-19T11:59:39</time>
      </trkpt>
      <trkpt lat="43.11323510482907" lon="26.779442690312862">
        <ele>160.0</ele>
        <time>2025-05-19T11:59:43</time>
      </trkpt>
      <trkpt lat="43.113192189484835" lon="26.779360715299845">
        <ele>160.60000000000002</ele>
        <time>2025-05-19T11:59:46</time>
      </trkpt>
      <trkpt lat="43.113148771226406" lon="26.779281003400683">
        <ele>161.0</ele>
        <time>2025-05-19T11:59:49</time>
      </trkpt>
      <trkpt lat="43.113103257492185" lon="26.779213277623057">
        <ele>161.79999999999995</ele>
        <time>2025-05-19T11:59:52</time>
      </trkpt>
      <trkpt lat="43.11307140626013" lon="26.77916357293725">
        <ele>162.0</ele>
        <time>2025-05-19T11:59:54</time>
      </trkpt>
      <trkpt lat="43.11300124973059" lon="26.77907506003976">
        <ele>162.39999999999998</ele>
        <time>2025-05-19T11:59:58</time>
      </trkpt>
      <trkpt lat="43.11288331635296" lon="26.778934244066477">
        <ele>163.20000000000005</ele>
        <time>2025-05-19T12:00:04</time>
      </trkpt>
      <trkpt lat="43.112841406837106" lon="26.778888562694192">
        <ele>163.20000000000005</ele>
        <time>2025-05-19T12:00:06</time>
      </trkpt>
      <trkpt lat="43.112715845927596" lon="26.778713213279843">
        <ele>163.60000000000002</ele>
        <time>2025-05-19T12:00:13</time>
      </trkpt>
      <trkpt lat="43.11265088617802" lon="26.778570218011737">
        <ele>164.20000000000005</ele>
        <time>2025-05-19T12:00:18</time>
      </trkpt>
      <trkpt lat="43.112634206190705" lon="26.778505174443126">
        <ele>164.39999999999998</ele>
        <time>2025-05-19T12:00:20</time>
      </trkpt>
      <trkpt lat="43.11258064582944" lon="26.778289759531617">
        <ele>165.39999999999998</ele>
        <time>2025-05-19T12:00:27</time>
      </trkpt>
      <trkpt lat="43.11257142573595" lon="26.778258830308914">
        <ele>165.60000000000002</ele>
        <time>2025-05-19T12:00:28</time>
      </trkpt>
      <trkpt lat="43.11250361613929" lon="26.778127066791058">
        <ele>166.39999999999998</ele>
        <time>2025-05-19T12:00:33</time>
      </trkpt>
      <trkpt lat="43.11248601414263" lon="26.778105022385716">
        <ele>166.60000000000002</ele>
        <time>2025-05-19T12:00:34</time>
      </trkpt>
      <trkpt lat="43.112354166805744" lon="26.777946185320616">
        <ele>167.60000000000002</ele>
        <time>2025-05-19T12:00:41</time>
      </trkpt>
      <trkpt lat="43.112337570637465" lon="26.777921793982387">
        <ele>167.60000000000002</ele>
        <time>2025-05-19T12:00:42</time>
      </trkpt>
      <trkpt lat="43.112236401066184" lon="26.777733033522964">
        <ele>168.39999999999998</ele>
        <time>2025-05-19T12:00:49</time>
      </trkpt>
      <trkpt lat="43.11223799362779" lon="26.777575621381402">
        <ele>168.60000000000002</ele>
        <time>2025-05-19T12:00:53</time>
      </trkpt>
      <trkpt lat="43.11225039884448" lon="26.777497082948685">
        <ele>168.79999999999995</ele>
        <time>2025-05-19T12:00:55</time>
      </trkpt>
      <trkpt lat="43.11227722093463" lon="26.777233807370067">
        <ele>169.39999999999998</ele>
        <time>2025-05-19T12:01:02</time>
      </trkpt>
      <trkpt lat="43.11226414516568" lon="26.77717144601047">
        <ele>169.60000000000002</ele>
        <time>2025-05-19T12:01:04</time>
      </trkpt>
      <trkpt lat="43.11224679462612" lon="26.777115873992443">
        <ele>169.79999999999995</ele>
        <time>2025-05-19T12:01:06</time>
      </trkpt>
      <trkpt lat="43.112212512642145" lon="26.777076479047537">
        <ele>170.0</ele>
        <time>2025-05-19T12:01:08</time>
      </trkpt>
      <trkpt lat="43.11214981600642" lon="26.777043789625168">
        <ele>170.60000000000002</ele>
        <time>2025-05-19T12:01:11</time>
      </trkpt>
      <trkpt lat="43.11212726868689" lon="26.777041191235185">
        <ele>170.79999999999995</ele>
        <time>2025-05-19T12:01:12</time>
      </trkpt>
      <trkpt lat="43.112082509323955" lon="26.77703649736941">
        <ele>171.0</ele>
        <time>2025-05-19T12:01:14</time>
      </trkpt>
      <trkpt lat="43.1119732093066" lon="26.777034401893616">
        <ele>171.79999999999995</ele>
        <time>2025-05-19T12:01:19</time>
      </trkpt>
      <trkpt lat="43.11192786321044" lon="26.77703213877976">
        <ele>172.0</ele>
        <time>2025-05-19T12:01:21</time>
      </trkpt>
      <trkpt lat="43.11181537806988" lon="26.777044124901295">
        <ele>172.79999999999995</ele>
        <time>2025-05-19T12:01:26</time>
      </trkpt>
      <trkpt lat="43.11179551295936" lon="26.77704479545355">
        <ele>173.0</ele>
        <time>2025-05-19T12:01:27</time>
      </trkpt>
      <trkpt lat="43.11167372390628" lon="26.777092991396785">
        <ele>173.79999999999995</ele>
        <time>2025-05-19T12:01:33</time>
      </trkpt>
      <trkpt lat="43.11165126040578" lon="26.777102714404464">
        <ele>174.0</ele>
        <time>2025-05-19T12:01:34</time>
      </trkpt>
      <trkpt lat="43.11154615134001" lon="26.777096930891275">
        <ele>174.60000000000002</ele>
        <time>2025-05-19T12:01:39</time>
      </trkpt>
      <trkpt lat="43.11149703338742" lon="26.77707463502884">
        <ele>175.0</ele>
        <time>2025-05-19T12:01:42</time>
      </trkpt>
      <trkpt lat="43.1114393658936" lon="26.77702778019011">
        <ele>176.0</ele>
        <time>2025-05-19T12:01:46</time>
      </trkpt>
      <trkpt lat="43.111424362286925" lon="26.777015877887607">
        <ele>176.20000000000005</ele>
        <time>2025-05-19T12:01:47</time>
      </trkpt>
      <trkpt lat="43.111354541033506" lon="26.77693784236908">
        <ele>177.0</ele>
        <time>2025-05-19T12:01:52</time>
      </trkpt>
      <trkpt lat="43.111326126381755" lon="26.77691387012601">
        <ele>177.39999999999998</ele>
        <time>2025-05-19T12:01:54</time>
      </trkpt>
      <trkpt lat="43.111264603212476" lon="26.77684840746224">
        <ele>178.39999999999998</ele>
        <time>2025-05-19T12:01:59</time>
      </trkpt>
      <trkpt lat="43.111196625977755" lon="26.776779172942042">
        <ele>179.60000000000002</ele>
        <time>2025-05-19T12:02:04</time>
      </trkpt>
      <trkpt lat="43.11116938479245" lon="26.776744639500976">
        <ele>180.0</ele>
        <time>2025-05-19T12:02:06</time>
      </trkpt>
      <trkpt lat="43.111127726733685" lon="26.776696611195803">
        <ele>180.60000000000002</ele>
        <time>2025-05-19T12:02:09</time>
      </trkpt>
      <trkpt lat="43.11105212196708" lon="26.77664807997644">
        <ele>181.39999999999998</ele>
        <time>2025-05-19T12:02:14</time>
      </trkpt>
      <trkpt lat="43.111035861074924" lon="26.7766397818923">
        <ele>181.79999999999995</ele>
        <time>2025-05-19T12:02:15</time>
      </trkpt>
      <trkpt lat="43.111016834154725" lon="26.77663835696876">
        <ele>182.0</ele>
        <time>2025-05-19T12:02:16</time>
      </trkpt>
      <trkpt lat="43.11096637509763" lon="26.776636680588126">
        <ele>182.39999999999998</ele>
        <time>2025-05-19T12:02:19</time>
      </trkpt>
      <trkpt lat="43.11089923605323" lon="26.776679009199142">
        <ele>183.0</ele>
        <time>2025-05-19T12:02:23</time>
      </trkpt>
      <trkpt lat="43.11088129878044" lon="26.776685630902648">
        <ele>183.20000000000005</ele>
        <time>2025-05-19T12:02:24</time>
      </trkpt>
      <trkpt lat="43.110776441171765" lon="26.776722176000476">
        <ele>183.60000000000002</ele>
        <time>2025-05-19T12:02:29</time>
      </trkpt>
      <trkpt lat="43.11073168180883" lon="26.776719158515334">
        <ele>183.79999999999995</ele>
        <time>2025-05-19T12:02:31</time>
      </trkpt>
      <trkpt lat="43.11061249114573" lon="26.77666333504021">
        <ele>184.60000000000002</ele>
        <time>2025-05-19T12:02:37</time>
      </trkpt>
      <trkpt lat="43.11059329658747" lon="26.77665201947093">
        <ele>184.79999999999995</ele>
        <time>2025-05-19T12:02:38</time>
      </trkpt>
      <trkpt lat="43.1104897800833" lon="26.776636261492968">
        <ele>185.60000000000002</ele>
        <time>2025-05-19T12:02:43</time>
      </trkpt>
      <trkpt lat="43.11047025024891" lon="26.776634752750397">
        <ele>186.0</ele>
        <time>2025-05-19T12:02:44</time>
      </trkpt>
      <trkpt lat="43.110345443710685" lon="26.776650678366423">
        <ele>186.60000000000002</ele>
        <time>2025-05-19T12:02:50</time>
      </trkpt>
      <trkpt lat="43.110215021297336" lon="26.776692671701312">
        <ele>186.79999999999995</ele>
        <time>2025-05-19T12:02:56</time>
      </trkpt>
      <trkpt lat="43.11008485034108" lon="26.77664866670966">
        <ele>186.79999999999995</ele>
        <time>2025-05-19T12:03:02</time>
      </trkpt>
      <trkpt lat="43.10998057946563" lon="26.77658362314105">
        <ele>187.0</ele>
        <time>2025-05-19T12:03:06</time>
      </trkpt>
      <trkpt lat="43.10988770797849" lon="26.776539785787463">
        <ele>187.0</ele>
        <time>2025-05-19T12:03:09</time>
      </trkpt>
      <trkpt lat="43.109713699668646" lon="26.77657431922853">
        <ele>187.39999999999998</ele>
        <time>2025-05-19T12:03:14</time>
      </trkpt>
      <trkpt lat="43.10952041298151" lon="26.77674145437777">
        <ele>188.0</ele>
        <time>2025-05-19T12:03:20</time>
      </trkpt>
      <trkpt lat="43.10948722064495" lon="26.776776406913996">
        <ele>188.0</ele>
        <time>2025-05-19T12:03:21</time>
      </trkpt>
      <trkpt lat="43.109346153214574" lon="26.77693490870297">
        <ele>188.0</ele>
        <time>2025-05-19T12:03:25</time>
      </trkpt>
      <trkpt lat="43.10930751264095" lon="26.77697639912367">
        <ele>188.0</ele>
        <time>2025-05-19T12:03:26</time>
      </trkpt>
      <trkpt lat="43.10906209051609" lon="26.777224335819483">
        <ele>188.0</ele>
        <time>2025-05-19T12:03:32</time>
      </trkpt>
      <trkpt lat="43.10891515575349" lon="26.777336737141013">
        <ele>188.0</ele>
        <time>2025-05-19T12:03:35</time>
      </trkpt>
      <trkpt lat="43.10881616547704" lon="26.777449306100607">
        <ele>188.0</ele>
        <time>2025-05-19T12:03:37</time>
      </trkpt>
      <trkpt lat="43.10866126790643" lon="26.77763907238841">
        <ele>187.79999999999995</ele>
        <time>2025-05-19T12:03:40</time>
      </trkpt>
      <trkpt lat="43.1085694860667" lon="26.777794808149338">
        <ele>187.60000000000002</ele>
        <time>2025-05-19T12:03:42</time>
      </trkpt>
      <trkpt lat="43.10844040475786" lon="26.7780471034348">
        <ele>186.60000000000002</ele>
        <time>2025-05-19T12:03:45</time>
      </trkpt>
      <trkpt lat="43.10832825489342" lon="26.778192026540637">
        <ele>185.79999999999995</ele>
        <time>2025-05-19T12:03:47</time>
      </trkpt>
      <trkpt lat="43.10826664790511" lon="26.77825220860541">
        <ele>185.20000000000005</ele>
        <time>2025-05-19T12:03:48</time>
      </trkpt>
      <trkpt lat="43.10820713639259" lon="26.778315659612417">
        <ele>184.60000000000002</ele>
        <time>2025-05-19T12:03:49</time>
      </trkpt>
      <trkpt lat="43.10815290547907" lon="26.778391851112247">
        <ele>184.20000000000005</ele>
        <time>2025-05-19T12:03:50</time>
      </trkpt>
      <trkpt lat="43.108107978478074" lon="26.77848103456199">
        <ele>183.79999999999995</ele>
        <time>2025-05-19T12:03:51</time>
      </trkpt>
      <trkpt lat="43.108073780313134" lon="26.7785806953907">
        <ele>183.20000000000005</ele>
        <time>2025-05-19T12:03:52</time>
      </trkpt>
      <trkpt lat="43.108041593804955" lon="26.77868622355163">
        <ele>182.39999999999998</ele>
        <time>2025-05-19T12:03:53</time>
      </trkpt>
      <trkpt lat="43.10800429433584" lon="26.778789907693863">
        <ele>182.0</ele>
        <time>2025-05-19T12:03:54</time>
      </trkpt>
      <trkpt lat="43.10795668512583" lon="26.77888847887516">
        <ele>181.39999999999998</ele>
        <time>2025-05-19T12:03:55</time>
      </trkpt>
      <trkpt lat="43.10790547169745" lon="26.778986463323236">
        <ele>181.0</ele>
        <time>2025-05-19T12:03:56</time>
      </trkpt>
      <trkpt lat="43.10773070901632" lon="26.779267843812704">
        <ele>179.79999999999995</ele>
        <time>2025-05-19T12:03:59</time>
      </trkpt>
      <trkpt lat="43.10767723247409" lon="26.779365995898843">
        <ele>179.20000000000005</ele>
        <time>2025-05-19T12:04:00</time>
      </trkpt>
      <trkpt lat="43.107579750940204" lon="26.779569927603006">
        <ele>178.20000000000005</ele>
        <time>2025-05-19T12:04:02</time>
      </trkpt>
      <trkpt lat="43.107472797855735" lon="26.779764471575618">
        <ele>177.0</ele>
        <time>2025-05-19T12:04:04</time>
      </trkpt>
      <trkpt lat="43.107359977439046" lon="26.77994392812252">
        <ele>176.20000000000005</ele>
        <time>2025-05-19T12:04:06</time>
      </trkpt>
      <trkpt lat="43.10730893164873" lon="26.780036129057407">
        <ele>175.79999999999995</ele>
        <time>2025-05-19T12:04:07</time>
      </trkpt>
      <trkpt lat="43.107224106788635" lon="26.780330082401633">
        <ele>174.60000000000002</ele>
        <time>2025-05-19T12:04:10</time>
      </trkpt>
      <trkpt lat="43.10726484283805" lon="26.78063191473484">
        <ele>173.0</ele>
        <time>2025-05-19T12:04:13</time>
      </trkpt>
      <trkpt lat="43.10730105265975" lon="26.78084062412381">
        <ele>172.39999999999998</ele>
        <time>2025-05-19T12:04:15</time>
      </trkpt>
      <trkpt lat="43.107276326045394" lon="26.78105696104467">
        <ele>172.0</ele>
        <time>2025-05-19T12:04:17</time>
      </trkpt>
      <trkpt lat="43.1072105281055" lon="26.78126323968172">
        <ele>171.79999999999995</ele>
        <time>2025-05-19T12:04:19</time>
      </trkpt>
      <trkpt lat="43.10717071406543" lon="26.781362649053335">
        <ele>171.60000000000002</ele>
        <time>2025-05-19T12:04:20</time>
      </trkpt>
      <trkpt lat="43.10713056474924" lon="26.78146356716752">
        <ele>171.20000000000005</ele>
        <time>2025-05-19T12:04:21</time>
      </trkpt>
      <trkpt lat="43.10709142126143" lon="26.781562473624945">
        <ele>170.79999999999995</ele>
        <time>2025-05-19T12:04:22</time>
      </trkpt>
      <trkpt lat="43.106962256133556" lon="26.781865395605564">
        <ele>169.60000000000002</ele>
        <time>2025-05-19T12:04:25</time>
      </trkpt>
      <trkpt lat="43.106923531740904" lon="26.781973270699382">
        <ele>169.0</ele>
        <time>2025-05-19T12:04:26</time>
      </trkpt>
      <trkpt lat="43.106855722144246" lon="26.78219103254378">
        <ele>168.0</ele>
        <time>2025-05-19T12:04:28</time>
      </trkpt>
      <trkpt lat="43.106779446825385" lon="26.7825180105865">
        <ele>167.0</ele>
        <time>2025-05-19T12:04:31</time>
      </trkpt>
      <trkpt lat="43.10676008462906" lon="26.782627645879984">
        <ele>166.60000000000002</ele>
        <time>2025-05-19T12:04:32</time>
      </trkpt>
      <trkpt lat="43.10672831721604" lon="26.78284448571503">
        <ele>165.79999999999995</ele>
        <time>2025-05-19T12:04:34</time>
      </trkpt>
      <trkpt lat="43.10670141130686" lon="26.783150425180793">
        <ele>164.39999999999998</ele>
        <time>2025-05-19T12:04:37</time>
      </trkpt>
      <trkpt lat="43.106697304174304" lon="26.783250756561756">
        <ele>164.0</ele>
        <time>2025-05-19T12:04:38</time>
      </trkpt>
      <trkpt lat="43.10669110156596" lon="26.7835333943367">
        <ele>163.20000000000005</ele>
        <time>2025-05-19T12:04:41</time>
      </trkpt>
      <trkpt lat="43.1066941190511" lon="26.783873364329338">
        <ele>162.79999999999995</ele>
        <time>2025-05-19T12:04:45</time>
      </trkpt>
      <trkpt lat="43.106701746582985" lon="26.784381307661533">
        <ele>162.39999999999998</ele>
        <time>2025-05-19T12:04:52</time>
      </trkpt>
      <trkpt lat="43.10670359060168" lon="26.78500215522945">
        <ele>162.0</ele>
        <time>2025-05-19T12:05:01</time>
      </trkpt>
      <trkpt lat="43.106629494577646" lon="26.78545083850622">
        <ele>162.0</ele>
        <time>2025-05-19T12:05:08</time>
      </trkpt>
      <trkpt lat="43.106486331671476" lon="26.785956854000688">
        <ele>162.60000000000002</ele>
        <time>2025-05-19T12:05:18</time>
      </trkpt>
      <trkpt lat="43.10640435665846" lon="26.786279724910855">
        <ele>163.60000000000002</ele>
        <time>2025-05-19T12:05:26</time>
      </trkpt>
      <trkpt lat="43.10635993257165" lon="26.786482147872448">
        <ele>164.20000000000005</ele>
        <time>2025-05-19T12:05:31</time>
      </trkpt>
      <trkpt lat="43.10633453540504" lon="26.786604272201657">
        <ele>164.60000000000002</ele>
        <time>2025-05-19T12:05:34</time>
      </trkpt>
      <trkpt lat="43.10631953179836" lon="26.786808958277106">
        <ele>165.20000000000005</ele>
        <time>2025-05-19T12:05:39</time>
      </trkpt>
      <trkpt lat="43.106297655031085" lon="26.786985648795962">
        <ele>165.79999999999995</ele>
        <time>2025-05-19T12:05:43</time>
      </trkpt>
      <trkpt lat="43.10627494007349" lon="26.787111377343535">
        <ele>166.20000000000005</ele>
        <time>2025-05-19T12:05:46</time>
      </trkpt>
      <trkpt lat="43.10625188983977" lon="26.787234004586935">
        <ele>166.39999999999998</ele>
        <time>2025-05-19T12:05:49</time>
      </trkpt>
      <trkpt lat="43.1062123272568" lon="26.78758705034852">
        <ele>166.60000000000002</ele>
        <time>2025-05-19T12:05:56</time>
      </trkpt>
      <trkpt lat="43.10615130700171" lon="26.788113182410598">
        <ele>166.79999999999995</ele>
        <time>2025-05-19T12:06:05</time>
      </trkpt>
      <trkpt lat="43.106054831296206" lon="26.788596315309405">
        <ele>166.79999999999995</ele>
        <time>2025-05-19T12:06:13</time>
      </trkpt>
      <trkpt lat="43.10592692345381" lon="26.788994623348117">
        <ele>166.79999999999995</ele>
        <time>2025-05-19T12:06:20</time>
      </trkpt>
      <trkpt lat="43.105868082493544" lon="26.789148515090346">
        <ele>166.79999999999995</ele>
        <time>2025-05-19T12:06:23</time>
      </trkpt>
      <trkpt lat="43.10580773279071" lon="26.789304753765464">
        <ele>166.79999999999995</ele>
        <time>2025-05-19T12:06:26</time>
      </trkpt>
      <trkpt lat="43.10564621351659" lon="26.789633659645915">
        <ele>167.20000000000005</ele>
        <time>2025-05-19T12:06:32</time>
      </trkpt>
      <trkpt lat="43.105402551591396" lon="26.789977736771107">
        <ele>167.20000000000005</ele>
        <time>2025-05-19T12:06:38</time>
      </trkpt>
      <trkpt lat="43.10513676144183" lon="26.790348887443542">
        <ele>166.60000000000002</ele>
        <time>2025-05-19T12:06:43</time>
      </trkpt>
      <trkpt lat="43.10485890135169" lon="26.790744429454207">
        <ele>164.79999999999995</ele>
        <time>2025-05-19T12:06:48</time>
      </trkpt>
      <trkpt lat="43.10480676591396" lon="26.790822464972734">
        <ele>164.20000000000005</ele>
        <time>2025-05-19T12:06:49</time>
      </trkpt>
      <trkpt lat="43.104758486151695" lon="26.790899243205786">
        <ele>163.79999999999995</ele>
        <time>2025-05-19T12:06:50</time>
      </trkpt>
      <trkpt lat="43.104715989902616" lon="26.790982224047184">
        <ele>163.20000000000005</ele>
        <time>2025-05-19T12:06:51</time>
      </trkpt>
      <trkpt lat="43.10463024303317" lon="26.791151454672217">
        <ele>162.20000000000005</ele>
        <time>2025-05-19T12:06:53</time>
      </trkpt>
      <trkpt lat="43.10458875261247" lon="26.791229406371713">
        <ele>161.79999999999995</ele>
        <time>2025-05-19T12:06:54</time>
      </trkpt>
      <trkpt lat="43.104503341019154" lon="26.79138815961778">
        <ele>161.20000000000005</ele>
        <time>2025-05-19T12:06:56</time>
      </trkpt>
      <trkpt lat="43.10435749590397" lon="26.79158639162779">
        <ele>160.79999999999995</ele>
        <time>2025-05-19T12:06:59</time>
      </trkpt>
      <trkpt lat="43.10410880483687" lon="26.79184975102544">
        <ele>160.20000000000005</ele>
        <time>2025-05-19T12:07:04</time>
      </trkpt>
      <trkpt lat="43.10406035743654" lon="26.791897611692548">
        <ele>160.20000000000005</ele>
        <time>2025-05-19T12:07:05</time>
      </trkpt>
      <trkpt lat="43.103745533153415" lon="26.79214588366449">
        <ele>159.79999999999995</ele>
        <time>2025-05-19T12:07:11</time>
      </trkpt>
      <trkpt lat="43.10368535108864" lon="26.792181422933936">
        <ele>159.79999999999995</ele>
        <time>2025-05-19T12:07:12</time>
      </trkpt>
      <trkpt lat="43.10347270220518" lon="26.792245712131262">
        <ele>159.79999999999995</ele>
        <time>2025-05-19T12:07:15</time>
      </trkpt>
      <trkpt lat="43.10322744771838" lon="26.792205311357975">
        <ele>159.0</ele>
        <time>2025-05-19T12:07:18</time>
      </trkpt>
      <trkpt lat="43.10301085934043" lon="26.792006911709905">
        <ele>157.79999999999995</ele>
        <time>2025-05-19T12:07:21</time>
      </trkpt>
      <trkpt lat="43.10286006890237" lon="26.791732907295227">
        <ele>156.39999999999998</ele>
        <time>2025-05-19T12:07:24</time>
      </trkpt>
      <trkpt lat="43.102826457470655" lon="26.791639616712928">
        <ele>156.0</ele>
        <time>2025-05-19T12:07:25</time>
      </trkpt>
      <trkpt lat="43.10280080884695" lon="26.791540794074535">
        <ele>155.39999999999998</ele>
        <time>2025-05-19T12:07:26</time>
      </trkpt>
      <trkpt lat="43.10277960263193" lon="26.79144180379808">
        <ele>154.79999999999995</ele>
        <time>2025-05-19T12:07:27</time>
      </trkpt>
      <trkpt lat="43.102761413902044" lon="26.791341304779053">
        <ele>154.0</ele>
        <time>2025-05-19T12:07:28</time>
      </trkpt>
      <trkpt lat="43.10274934396148" lon="26.7912404704839">
        <ele>153.39999999999998</ele>
        <time>2025-05-19T12:07:29</time>
      </trkpt>
      <trkpt lat="43.10274540446699" lon="26.791140725836158">
        <ele>153.0</ele>
        <time>2025-05-19T12:07:30</time>
      </trkpt>
      <trkpt lat="43.10277524404228" lon="26.790860183537006">
        <ele>152.20000000000005</ele>
        <time>2025-05-19T12:07:33</time>
      </trkpt>
      <trkpt lat="43.10279100202024" lon="26.790771335363388">
        <ele>152.0</ele>
        <time>2025-05-19T12:07:34</time>
      </trkpt>
      <trkpt lat="43.10280265286565" lon="26.790679385885596">
        <ele>152.0</ele>
        <time>2025-05-19T12:07:35</time>
      </trkpt>
      <trkpt lat="43.10279410332441" lon="26.790408482775092">
        <ele>151.79999999999995</ele>
        <time>2025-05-19T12:07:38</time>
      </trkpt>
      <trkpt lat="43.102692514657974" lon="26.790072871372104">
        <ele>151.39999999999998</ele>
        <time>2025-05-19T12:07:42</time>
      </trkpt>
      <trkpt lat="43.10265555046499" lon="26.789997182786465">
        <ele>151.39999999999998</ele>
        <time>2025-05-19T12:07:43</time>
      </trkpt>
      <trkpt lat="43.1025720667094" lon="26.789861731231213">
        <ele>151.39999999999998</ele>
        <time>2025-05-19T12:07:45</time>
      </trkpt>
      <trkpt lat="43.10247475281358" lon="26.789761567488313">
        <ele>151.20000000000005</ele>
        <time>2025-05-19T12:07:47</time>
      </trkpt>
      <trkpt lat="43.10215934179723" lon="26.78943106904626">
        <ele>151.0</ele>
        <time>2025-05-19T12:07:54</time>
      </trkpt>
      <trkpt lat="43.10212505981326" lon="26.789375329390168">
        <ele>150.79999999999995</ele>
        <time>2025-05-19T12:07:55</time>
      </trkpt>
      <trkpt lat="43.10197594575584" lon="26.789093781262636">
        <ele>150.79999999999995</ele>
        <time>2025-05-19T12:08:00</time>
      </trkpt>
      <trkpt lat="43.1017654761672" lon="26.78877149708569">
        <ele>151.0</ele>
        <time>2025-05-19T12:08:07</time>
      </trkpt>
      <trkpt lat="43.10143657028675" lon="26.788415433838964">
        <ele>151.60000000000002</ele>
        <time>2025-05-19T12:08:17</time>
      </trkpt>
      <trkpt lat="43.10128150507808" lon="26.7882804851979">
        <ele>151.79999999999995</ele>
        <time>2025-05-19T12:08:22</time>
      </trkpt>
      <trkpt lat="43.101189052686095" lon="26.78821342997253">
        <ele>152.20000000000005</ele>
        <time>2025-05-19T12:08:25</time>
      </trkpt>
      <trkpt lat="43.10103742405772" lon="26.788106309249997">
        <ele>152.79999999999995</ele>
        <time>2025-05-19T12:08:30</time>
      </trkpt>
      <trkpt lat="43.1009451393038" lon="26.78806339390576">
        <ele>153.39999999999998</ele>
        <time>2025-05-19T12:08:33</time>
      </trkpt>
      <trkpt lat="43.100850423797965" lon="26.788024753332138">
        <ele>154.0</ele>
        <time>2025-05-19T12:08:36</time>
      </trkpt>
      <trkpt lat="43.100691670551896" lon="26.787954848259687">
        <ele>155.0</ele>
        <time>2025-05-19T12:08:41</time>
      </trkpt>
      <trkpt lat="43.100660825148225" lon="26.78793892264366">
        <ele>155.20000000000005</ele>
        <time>2025-05-19T12:08:42</time>
      </trkpt>
      <trkpt lat="43.100418504327536" lon="26.787806153297424">
        <ele>155.79999999999995</ele>
        <time>2025-05-19T12:08:50</time>
      </trkpt>
      <trkpt lat="43.10035379603505" lon="26.78778008557856">
        <ele>156.0</ele>
        <time>2025-05-19T12:08:52</time>
      </trkpt>
      <trkpt lat="43.100184397771955" lon="26.787712359800935">
        <ele>156.39999999999998</ele>
        <time>2025-05-19T12:08:57</time>
      </trkpt>
      <trkpt lat="43.09984032064676" lon="26.787600545212626">
        <ele>156.60000000000002</ele>
        <time>2025-05-19T12:09:06</time>
      </trkpt>
      <trkpt lat="43.099447041749954" lon="26.787474397569895">
        <ele>157.20000000000005</ele>
        <time>2025-05-19T12:09:16</time>
      </trkpt>
      <trkpt lat="43.09936875477433" lon="26.78744539618492">
        <ele>157.39999999999998</ele>
        <time>2025-05-19T12:09:18</time>
      </trkpt>
      <trkpt lat="43.09902794659138" lon="26.787344310432673">
        <ele>157.79999999999995</ele>
        <time>2025-05-19T12:09:26</time>
      </trkpt>
      <trkpt lat="43.098592422902584" lon="26.78721036761999">
        <ele>158.39999999999998</ele>
        <time>2025-05-19T12:09:36</time>
      </trkpt>
      <trkpt lat="43.09841841459274" lon="26.78715504705906">
        <ele>158.39999999999998</ele>
        <time>2025-05-19T12:09:40</time>
      </trkpt>
      <trkpt lat="43.098200568929315" lon="26.787086902186275">
        <ele>158.39999999999998</ele>
        <time>2025-05-19T12:09:45</time>
      </trkpt>
      <trkpt lat="43.09781835414469" lon="26.786973662674427">
        <ele>158.60000000000002</ele>
        <time>2025-05-19T12:09:54</time>
      </trkpt>
      <trkpt lat="43.09756429865956" lon="26.786894286051393">
        <ele>158.79999999999995</ele>
        <time>2025-05-19T12:10:01</time>
      </trkpt>
      <trkpt lat="43.09722064062953" lon="26.786782387644053">
        <ele>159.0</ele>
        <time>2025-05-19T12:10:09</time>
      </trkpt>
      <trkpt lat="43.09692760929465" lon="26.786684235557914">
        <ele>159.0</ele>
        <time>2025-05-19T12:10:16</time>
      </trkpt>
      <trkpt lat="43.096694592386484" lon="26.78661424666643">
        <ele>159.39999999999998</ele>
        <time>2025-05-19T12:10:23</time>
      </trkpt>
      <trkpt lat="43.09660708531737" lon="26.786588430404663">
        <ele>159.60000000000002</ele>
        <time>2025-05-19T12:10:26</time>
      </trkpt>
      <trkpt lat="43.09644221328199" lon="26.78653503768146">
        <ele>160.60000000000002</ele>
        <time>2025-05-19T12:10:32</time>
      </trkpt>
      <trkpt lat="43.096341378986835" lon="26.786493295803666">
        <ele>161.20000000000005</ele>
        <time>2025-05-19T12:10:36</time>
      </trkpt>
      <trkpt lat="43.09622243978083" lon="26.786465048789978">
        <ele>161.79999999999995</ele>
        <time>2025-05-19T12:10:41</time>
      </trkpt>
      <trkpt lat="43.096155719831586" lon="26.786445770412683">
        <ele>162.20000000000005</ele>
        <time>2025-05-19T12:10:44</time>
      </trkpt>
      <trkpt lat="43.09605086222291" lon="26.786403274163604">
        <ele>162.79999999999995</ele>
        <time>2025-05-19T12:10:49</time>
      </trkpt>
      <trkpt lat="43.095961678773165" lon="26.786375362426043">
        <ele>163.20000000000005</ele>
        <time>2025-05-19T12:10:53</time>
      </trkpt>
      <trkpt lat="43.095823964104056" lon="26.786338398233056">
        <ele>164.0</ele>
        <time>2025-05-19T12:10:59</time>
      </trkpt>
      <trkpt lat="43.09575632214546" lon="26.786314425989985">
        <ele>164.39999999999998</ele>
        <time>2025-05-19T12:11:02</time>
      </trkpt>
      <trkpt lat="43.09566864743829" lon="26.786275701597333">
        <ele>165.0</ele>
        <time>2025-05-19T12:11:06</time>
      </trkpt>
      <trkpt lat="43.09558080509305" lon="26.786241754889488">
        <ele>165.39999999999998</ele>
        <time>2025-05-19T12:11:10</time>
      </trkpt>
      <trkpt lat="43.095471169799566" lon="26.786202946677804">
        <ele>166.0</ele>
        <time>2025-05-19T12:11:15</time>
      </trkpt>
      <trkpt lat="43.095339238643646" lon="26.786165395751595">
        <ele>166.60000000000002</ele>
        <time>2025-05-19T12:11:21</time>
      </trkpt>
      <trkpt lat="43.09529724530876" lon="26.786159528419375">
        <ele>167.0</ele>
        <time>2025-05-19T12:11:23</time>
      </trkpt>
      <trkpt lat="43.0951879452914" lon="26.786127341911197">
        <ele>167.79999999999995</ele>
        <time>2025-05-19T12:11:28</time>
      </trkpt>
      <trkpt lat="43.09514528140426" lon="26.786117870360613">
        <ele>168.0</ele>
        <time>2025-05-19T12:11:30</time>
      </trkpt>
      <trkpt lat="43.095013769343495" lon="26.78609029389918">
        <ele>168.79999999999995</ele>
        <time>2025-05-19T12:11:36</time>
      </trkpt>
      <trkpt lat="43.09499197639525" lon="26.786086102947593">
        <ele>168.79999999999995</ele>
        <time>2025-05-19T12:11:37</time>
      </trkpt>
      <trkpt lat="43.09483272023499" lon="26.786073530092835">
        <ele>169.60000000000002</ele>
        <time>2025-05-19T12:11:44</time>
      </trkpt>
      <trkpt lat="43.09478972107172" lon="26.78606992587447">
        <ele>170.0</ele>
        <time>2025-05-19T12:11:46</time>
      </trkpt>
      <trkpt lat="43.094682935625315" lon="26.786067578941584">
        <ele>170.79999999999995</ele>
        <time>2025-05-19T12:11:51</time>
      </trkpt>
      <trkpt lat="43.09466206468642" lon="26.78606984205544">
        <ele>171.0</ele>
        <time>2025-05-19T12:11:52</time>
      </trkpt>
      <trkpt lat="43.09450490400195" lon="26.786102363839746">
        <ele>171.79999999999995</ele>
        <time>2025-05-19T12:11:59</time>
      </trkpt>
      <trkpt lat="43.09446039609611" lon="26.78612306714058">
        <ele>172.20000000000005</ele>
        <time>2025-05-19T12:12:01</time>
      </trkpt>
      <trkpt lat="43.09435185045004" lon="26.78617101162672">
        <ele>173.0</ele>
        <time>2025-05-19T12:12:06</time>
      </trkpt>
      <trkpt lat="43.09428513050079" lon="26.786200013011694">
        <ele>173.39999999999998</ele>
        <time>2025-05-19T12:12:09</time>
      </trkpt>
      <trkpt lat="43.09415386989713" lon="26.78627695888281">
        <ele>174.20000000000005</ele>
        <time>2025-05-19T12:12:15</time>
      </trkpt>
      <trkpt lat="43.09411531314254" lon="26.78631174378097">
        <ele>174.39999999999998</ele>
        <time>2025-05-19T12:12:17</time>
      </trkpt>
      <trkpt lat="43.09401766397059" lon="26.786404447630048">
        <ele>174.79999999999995</ele>
        <time>2025-05-19T12:12:22</time>
      </trkpt>
      <trkpt lat="43.093924624845386" lon="26.786506455391645">
        <ele>175.39999999999998</ele>
        <time>2025-05-19T12:12:27</time>
      </trkpt>
      <trkpt lat="43.09387148357928" lon="26.786570325493813">
        <ele>175.79999999999995</ele>
        <time>2025-05-19T12:12:30</time>
      </trkpt>
      <trkpt lat="43.0937615968287" lon="26.78672564215958">
        <ele>176.39999999999998</ele>
        <time>2025-05-19T12:12:37</time>
      </trkpt>
      <trkpt lat="43.093747179955244" lon="26.786750284954906">
        <ele>176.39999999999998</ele>
        <time>2025-05-19T12:12:38</time>
      </trkpt>
      <trkpt lat="43.09366738423705" lon="26.786902332678437">
        <ele>177.39999999999998</ele>
        <time>2025-05-19T12:12:44</time>
      </trkpt>
      <trkpt lat="43.09364232234657" lon="26.78695580922067">
        <ele>178.0</ele>
        <time>2025-05-19T12:12:46</time>
      </trkpt>
      <trkpt lat="43.09356026351452" lon="26.787102492526174">
        <ele>178.60000000000002</ele>
        <time>2025-05-19T12:12:52</time>
      </trkpt>
      <trkpt lat="43.09353386051953" lon="26.787153454497457">
        <ele>179.0</ele>
        <time>2025-05-19T12:12:54</time>
      </trkpt>
      <trkpt lat="43.09344098903239" lon="26.787337521091104">
        <ele>179.79999999999995</ele>
        <time>2025-05-19T12:13:01</time>
      </trkpt>
      <trkpt lat="43.093401342630386" lon="26.787418071180582">
        <ele>180.0</ele>
        <time>2025-05-19T12:13:04</time>
      </trkpt>
      <trkpt lat="43.0932953953743" lon="26.787630636245012">
        <ele>181.0</ele>
        <time>2025-05-19T12:13:12</time>
      </trkpt>
      <trkpt lat="43.093268321827054" lon="26.787683190777898">
        <ele>181.20000000000005</ele>
        <time>2025-05-19T12:13:14</time>
      </trkpt>
      <trkpt lat="43.09318844228983" lon="26.78784060291946">
        <ele>182.0</ele>
        <time>2025-05-19T12:13:20</time>
      </trkpt>
      <trkpt lat="43.09316396713257" lon="26.787894498556852">
        <ele>182.0</ele>
        <time>2025-05-19T12:13:22</time>
      </trkpt>
      <trkpt lat="43.09305902570486" lon="26.788104716688395">
        <ele>183.39999999999998</ele>
        <time>2025-05-19T12:13:30</time>
      </trkpt>
      <trkpt lat="43.093009907752275" lon="26.78820907138288">
        <ele>183.79999999999995</ele>
        <time>2025-05-19T12:13:34</time>
      </trkpt>
      <trkpt lat="43.09293681755662" lon="26.788362124934793">
        <ele>184.39999999999998</ele>
        <time>2025-05-19T12:13:40</time>
      </trkpt>
      <trkpt lat="43.092924328520894" lon="26.788387522101402">
        <ele>184.39999999999998</ele>
        <time>2025-05-19T12:13:41</time>
      </trkpt>
      <trkpt lat="43.092817375436425" lon="26.788587095215917">
        <ele>185.39999999999998</ele>
        <time>2025-05-19T12:13:49</time>
      </trkpt>
      <trkpt lat="43.092790972441435" lon="26.788639901205897">
        <ele>185.60000000000002</ele>
        <time>2025-05-19T12:13:51</time>
      </trkpt>
      <trkpt lat="43.092675721272826" lon="26.788876270875335">
        <ele>186.60000000000002</ele>
        <time>2025-05-19T12:14:00</time>
      </trkpt>
      <trkpt lat="43.09253180399537" lon="26.789157148450613">
        <ele>187.79999999999995</ele>
        <time>2025-05-19T12:14:11</time>
      </trkpt>
      <trkpt lat="43.09244144707918" lon="26.789327133446932">
        <ele>188.60000000000002</ele>
        <time>2025-05-19T12:14:18</time>
      </trkpt>
      <trkpt lat="43.092428371310234" lon="26.789352698251605">
        <ele>188.79999999999995</ele>
        <time>2025-05-19T12:14:19</time>
      </trkpt>
      <trkpt lat="43.092313036322594" lon="26.789583703503013">
        <ele>190.0</ele>
        <time>2025-05-19T12:14:28</time>
      </trkpt>
      <trkpt lat="43.092287136241794" lon="26.789635503664613">
        <ele>190.20000000000005</ele>
        <time>2025-05-19T12:14:30</time>
      </trkpt>
      <trkpt lat="43.09222619980574" lon="26.789763579145074">
        <ele>191.20000000000005</ele>
        <time>2025-05-19T12:14:35</time>
      </trkpt>
      <trkpt lat="43.09218931943178" lon="26.78983968682587">
        <ele>191.39999999999998</ele>
        <time>2025-05-19T12:14:38</time>
      </trkpt>
      <trkpt lat="43.09212653897703" lon="26.78996960632503">
        <ele>192.0</ele>
        <time>2025-05-19T12:14:43</time>
      </trkpt>
      <trkpt lat="43.09210239909589" lon="26.790020987391472">
        <ele>192.0</ele>
        <time>2025-05-19T12:14:45</time>
      </trkpt>
      <trkpt lat="43.09199737384915" lon="26.790218548849225">
        <ele>192.79999999999995</ele>
        <time>2025-05-19T12:14:53</time>
      </trkpt>
      <trkpt lat="43.09197038412094" lon="26.790269343182445">
        <ele>193.20000000000005</ele>
        <time>2025-05-19T12:14:55</time>
      </trkpt>
      <trkpt lat="43.091879189014435" lon="26.79044754244387">
        <ele>194.39999999999998</ele>
        <time>2025-05-19T12:15:02</time>
      </trkpt>
      <trkpt lat="43.09183610603213" lon="26.790515268221498">
        <ele>195.20000000000005</ele>
        <time>2025-05-19T12:15:07</time>
      </trkpt>
      <trkpt lat="43.09183434583247" lon="26.790513759478927">
        <ele>195.39999999999998</ele>
        <time>2025-05-19T12:15:11</time>
      </trkpt>
      <trkpt lat="43.091834178194404" lon="26.790513172745705">
        <ele>196.0</ele>
        <time>2025-05-19T12:15:18</time>
      </trkpt>
      <trkpt lat="43.09183510020375" lon="26.79051149636507">
        <ele>196.0</ele>
        <time>2025-05-19T12:15:35</time>
      </trkpt>
      <trkpt lat="43.09182235971093" lon="26.7905461974442">
        <ele>196.0</ele>
        <time>2025-05-19T12:15:48</time>
      </trkpt>
      <trkpt lat="43.09181347489357" lon="26.79056379944086">
        <ele>196.0</ele>
        <time>2025-05-19T12:15:49</time>
      </trkpt>
      <trkpt lat="43.091741474345326" lon="26.790698748081923">
        <ele>196.39999999999998</ele>
        <time>2025-05-19T12:15:56</time>
      </trkpt>
      <trkpt lat="43.09170878492296" lon="26.790757505223155">
        <ele>196.60000000000002</ele>
        <time>2025-05-19T12:15:59</time>
      </trkpt>
      <trkpt lat="43.09164382517338" lon="26.79085247218609">
        <ele>197.20000000000005</ele>
        <time>2025-05-19T12:16:04</time>
      </trkpt>
      <trkpt lat="43.09158154763281" lon="26.79095171391964">
        <ele>197.79999999999995</ele>
        <time>2025-05-19T12:16:09</time>
      </trkpt>
      <trkpt lat="43.09154860675335" lon="26.790981302037835">
        <ele>197.79999999999995</ele>
        <time>2025-05-19T12:16:11</time>
      </trkpt>
      <trkpt lat="43.0914440844208" lon="26.791106443852186">
        <ele>198.60000000000002</ele>
        <time>2025-05-19T12:16:18</time>
      </trkpt>
      <trkpt lat="43.09141072444618" lon="26.791139049455523">
        <ele>198.79999999999995</ele>
        <time>2025-05-19T12:16:20</time>
      </trkpt>
      <trkpt lat="43.09128776192665" lon="26.79124776273966">
        <ele>199.39999999999998</ele>
        <time>2025-05-19T12:16:27</time>
      </trkpt>
      <trkpt lat="43.09122875332832" lon="26.791292605921626">
        <ele>199.79999999999995</ele>
        <time>2025-05-19T12:16:30</time>
      </trkpt>
      <trkpt lat="43.091169660910964" lon="26.791332503780723">
        <ele>200.20000000000005</ele>
        <time>2025-05-19T12:16:33</time>
      </trkpt>
      <trkpt lat="43.0910677369684" lon="26.791382543742657">
        <ele>200.79999999999995</ele>
        <time>2025-05-19T12:16:38</time>
      </trkpt>
      <trkpt lat="43.09100914746523" lon="26.791410371661186">
        <ele>201.0</ele>
        <time>2025-05-19T12:16:41</time>
      </trkpt>
      <trkpt lat="43.09089129790664" lon="26.791447587311268">
        <ele>202.20000000000005</ele>
        <time>2025-05-19T12:16:47</time>
      </trkpt>
      <trkpt lat="43.09087319299579" lon="26.7914545442909">
        <ele>202.39999999999998</ele>
        <time>2025-05-19T12:16:48</time>
      </trkpt>
      <trkpt lat="43.09074176475406" lon="26.791490418836474">
        <ele>203.0</ele>
        <time>2025-05-19T12:16:54</time>
      </trkpt>
      <trkpt lat="43.09064453467727" lon="26.79150341078639">
        <ele>203.20000000000005</ele>
        <time>2025-05-19T12:16:58</time>
      </trkpt>
      <trkpt lat="43.09056465514004" lon="26.79149846546352">
        <ele>203.39999999999998</ele>
        <time>2025-05-19T12:17:01</time>
      </trkpt>
      <trkpt lat="43.09030666016042" lon="26.79149167612195">
        <ele>204.20000000000005</ele>
        <time>2025-05-19T12:17:10</time>
      </trkpt>
      <trkpt lat="43.09003718197346" lon="26.79141699336469">
        <ele>204.79999999999995</ele>
        <time>2025-05-19T12:17:19</time>
      </trkpt>
      <trkpt lat="43.089811289682984" lon="26.791284140199423">
        <ele>205.39999999999998</ele>
        <time>2025-05-19T12:17:27</time>
      </trkpt>
      <trkpt lat="43.08978429995477" lon="26.791264358907938">
        <ele>205.39999999999998</ele>
        <time>2025-05-19T12:17:28</time>
      </trkpt>
      <trkpt lat="43.089584140107036" lon="26.79107191041112">
        <ele>205.79999999999995</ele>
        <time>2025-05-19T12:17:36</time>
      </trkpt>
      <trkpt lat="43.08941130526364" lon="26.790837300941348">
        <ele>206.20000000000005</ele>
        <time>2025-05-19T12:17:44</time>
      </trkpt>
      <trkpt lat="43.08937191031873" lon="26.790775107219815">
        <ele>206.39999999999998</ele>
        <time>2025-05-19T12:17:46</time>
      </trkpt>
      <trkpt lat="43.0892922822386" lon="26.790616186335683">
        <ele>206.79999999999995</ele>
        <time>2025-05-19T12:17:51</time>
      </trkpt>
      <trkpt lat="43.08920762501657" lon="26.79040538147092">
        <ele>207.39999999999998</ele>
        <time>2025-05-19T12:17:57</time>
      </trkpt>
      <trkpt lat="43.089175606146455" lon="26.790289878845215">
        <ele>207.39999999999998</ele>
        <time>2025-05-19T12:18:00</time>
      </trkpt>
      <trkpt lat="43.08913771994412" lon="26.790132215246558">
        <ele>207.60000000000002</ele>
        <time>2025-05-19T12:18:04</time>
      </trkpt>
      <trkpt lat="43.089095475152135" lon="26.78989442065358">
        <ele>208.0</ele>
        <time>2025-05-19T12:18:10</time>
      </trkpt>
      <trkpt lat="43.08907569386065" lon="26.789612704887986">
        <ele>208.39999999999998</ele>
        <time>2025-05-19T12:18:17</time>
      </trkpt>
      <trkpt lat="43.089072089642286" lon="26.789439786225557">
        <ele>208.79999999999995</ele>
        <time>2025-05-19T12:18:21</time>
      </trkpt>
      <trkpt lat="43.08907418511808" lon="26.789315650239587">
        <ele>209.0</ele>
        <time>2025-05-19T12:18:24</time>
      </trkpt>
      <trkpt lat="43.0890782084316" lon="26.789007280021906">
        <ele>209.79999999999995</ele>
        <time>2025-05-19T12:18:31</time>
      </trkpt>
      <trkpt lat="43.08907971717417" lon="26.788962436839938">
        <ele>209.79999999999995</ele>
        <time>2025-05-19T12:18:32</time>
      </trkpt>
      <trkpt lat="43.089100923389196" lon="26.788504449650645">
        <ele>210.79999999999995</ele>
        <time>2025-05-19T12:18:42</time>
      </trkpt>
      <trkpt lat="43.08910201303661" lon="26.788458433002234">
        <ele>211.0</ele>
        <time>2025-05-19T12:18:43</time>
      </trkpt>
      <trkpt lat="43.08911860920489" lon="26.787944622337818">
        <ele>211.79999999999995</ele>
        <time>2025-05-19T12:18:54</time>
      </trkpt>
      <trkpt lat="43.08911852538586" lon="26.787846637889743">
        <ele>212.0</ele>
        <time>2025-05-19T12:18:56</time>
      </trkpt>
      <trkpt lat="43.089123386889696" lon="26.787626277655363">
        <ele>212.39999999999998</ele>
        <time>2025-05-19T12:19:01</time>
      </trkpt>
      <trkpt lat="43.08913176879287" lon="26.787243392318487">
        <ele>213.0</ele>
        <time>2025-05-19T12:19:09</time>
      </trkpt>
      <trkpt lat="43.08914207853377" lon="26.786867044866085">
        <ele>213.39999999999998</ele>
        <time>2025-05-19T12:19:16</time>
      </trkpt>
      <trkpt lat="43.0891543161124" lon="26.786561524495482">
        <ele>213.60000000000002</ele>
        <time>2025-05-19T12:19:22</time>
      </trkpt>
      <trkpt lat="43.08916261419654" lon="26.786347031593323">
        <ele>214.0</ele>
        <time>2025-05-19T12:19:26</time>
      </trkpt>
      <trkpt lat="43.089162949472666" lon="26.78624670021236">
        <ele>214.20000000000005</ele>
        <time>2025-05-19T12:19:28</time>
      </trkpt>
      <trkpt lat="43.08916429057717" lon="26.786148380488157">
        <ele>214.20000000000005</ele>
        <time>2025-05-19T12:19:30</time>
      </trkpt>
      <trkpt lat="43.08917242102325" lon="26.785711096599698">
        <ele>214.39999999999998</ele>
        <time>2025-05-19T12:19:38</time>
      </trkpt>
      <trkpt lat="43.089189352467656" lon="26.78518244996667">
        <ele>214.79999999999995</ele>
        <time>2025-05-19T12:19:47</time>
      </trkpt>
      <trkpt lat="43.08918910101056" lon="26.784955970942974">
        <ele>215.20000000000005</ele>
        <time>2025-05-19T12:19:51</time>
      </trkpt>
      <trkpt lat="43.08919337578118" lon="26.784784980118275">
        <ele>215.20000000000005</ele>
        <time>2025-05-19T12:19:54</time>
      </trkpt>
      <trkpt lat="43.08920477516949" lon="26.7844779510051">
        <ele>215.39999999999998</ele>
        <time>2025-05-19T12:20:00</time>
      </trkpt>
      <trkpt lat="43.08922438882291" lon="26.784149212762713">
        <ele>215.60000000000002</ele>
        <time>2025-05-19T12:20:06</time>
      </trkpt>
      <trkpt lat="43.08922505937517" lon="26.78409188054502">
        <ele>215.60000000000002</ele>
        <time>2025-05-19T12:20:07</time>
      </trkpt>
      <trkpt lat="43.08923511765897" lon="26.783637078478932">
        <ele>215.60000000000002</ele>
        <time>2025-05-19T12:20:15</time>
      </trkpt>
      <trkpt lat="43.0892372969538" lon="26.783195352181792">
        <ele>215.60000000000002</ele>
        <time>2025-05-19T12:20:22</time>
      </trkpt>
      <trkpt lat="43.089240062981844" lon="26.783138858154416">
        <ele>215.60000000000002</ele>
        <time>2025-05-19T12:20:23</time>
      </trkpt>
      <trkpt lat="43.08924676850438" lon="26.78257425315678">
        <ele>215.79999999999995</ele>
        <time>2025-05-19T12:20:32</time>
      </trkpt>
      <trkpt lat="43.089245427399874" lon="26.782201509922743">
        <ele>216.20000000000005</ele>
        <time>2025-05-19T12:20:38</time>
      </trkpt>
      <trkpt lat="43.089252300560474" lon="26.78188567981124">
        <ele>216.39999999999998</ele>
        <time>2025-05-19T12:20:43</time>
      </trkpt>
      <trkpt lat="43.089262526482344" lon="26.78146155551076">
        <ele>216.60000000000002</ele>
        <time>2025-05-19T12:20:50</time>
      </trkpt>
      <trkpt lat="43.08927082456648" lon="26.781284445896745">
        <ele>216.79999999999995</ele>
        <time>2025-05-19T12:20:53</time>
      </trkpt>
      <trkpt lat="43.089283648878336" lon="26.78111270070076">
        <ele>216.79999999999995</ele>
        <time>2025-05-19T12:20:56</time>
      </trkpt>
      <trkpt lat="43.08929027058184" lon="26.78105109371245">
        <ele>216.79999999999995</ele>
        <time>2025-05-19T12:20:57</time>
      </trkpt>
      <trkpt lat="43.089330000802875" lon="26.780721601098776">
        <ele>217.0</ele>
        <time>2025-05-19T12:21:02</time>
      </trkpt>
      <trkpt lat="43.089350033551455" lon="26.780582796782255">
        <ele>217.0</ele>
        <time>2025-05-19T12:21:04</time>
      </trkpt>
      <trkpt lat="43.08939571492374" lon="26.780310049653053">
        <ele>217.0</ele>
        <time>2025-05-19T12:21:08</time>
      </trkpt>
      <trkpt lat="43.08952764607966" lon="26.779718957841396">
        <ele>216.20000000000005</ele>
        <time>2025-05-19T12:21:16</time>
      </trkpt>
      <trkpt lat="43.089709617197514" lon="26.779135325923562">
        <ele>215.20000000000005</ele>
        <time>2025-05-19T12:21:24</time>
      </trkpt>
      <trkpt lat="43.089736606925726" lon="26.779063576832414">
        <ele>215.20000000000005</ele>
        <time>2025-05-19T12:21:25</time>
      </trkpt>
      <trkpt lat="43.089954955503345" lon="26.778465528041124">
        <ele>214.20000000000005</ele>
        <time>2025-05-19T12:21:33</time>
      </trkpt>
      <trkpt lat="43.08998404070735" lon="26.778389336541295">
        <ele>214.0</ele>
        <time>2025-05-19T12:21:34</time>
      </trkpt>
      <trkpt lat="43.09016106650233" lon="26.777924727648497">
        <ele>213.0</ele>
        <time>2025-05-19T12:21:40</time>
      </trkpt>
      <trkpt lat="43.09021957218647" lon="26.77776949480176">
        <ele>212.60000000000002</ele>
        <time>2025-05-19T12:21:42</time>
      </trkpt>
      <trkpt lat="43.090341947972775" lon="26.777462381869555">
        <ele>211.79999999999995</ele>
        <time>2025-05-19T12:21:46</time>
      </trkpt>
      <trkpt lat="43.09052492491901" lon="26.776995342224836">
        <ele>210.79999999999995</ele>
        <time>2025-05-19T12:21:52</time>
      </trkpt>
      <trkpt lat="43.09055677615106" lon="26.7769178096205">
        <ele>210.79999999999995</ele>
        <time>2025-05-19T12:21:53</time>
      </trkpt>
      <trkpt lat="43.090710416436195" lon="26.776523189619184">
        <ele>209.79999999999995</ele>
        <time>2025-05-19T12:21:58</time>
      </trkpt>
      <trkpt lat="43.09087277390063" lon="26.776105854660273">
        <ele>208.79999999999995</ele>
        <time>2025-05-19T12:22:03</time>
      </trkpt>
      <trkpt lat="43.091035885736346" lon="26.775690196081996">
        <ele>207.60000000000002</ele>
        <time>2025-05-19T12:22:08</time>
      </trkpt>
      <trkpt lat="43.09119153767824" lon="26.775284009054303">
        <ele>206.39999999999998</ele>
        <time>2025-05-19T12:22:13</time>
      </trkpt>
      <trkpt lat="43.09125356376171" lon="26.775126848369837">
        <ele>206.0</ele>
        <time>2025-05-19T12:22:15</time>
      </trkpt>
      <trkpt lat="43.09140435419977" lon="26.77473021671176">
        <ele>205.20000000000005</ele>
        <time>2025-05-19T12:22:20</time>
      </trkpt>
      <trkpt lat="43.091557743027806" lon="26.77433886565268">
        <ele>204.60000000000002</ele>
        <time>2025-05-19T12:22:25</time>
      </trkpt>
      <trkpt lat="43.0916425678879" lon="26.77411749958992">
        <ele>204.20000000000005</ele>
        <time>2025-05-19T12:22:28</time>
      </trkpt>
      <trkpt lat="43.09178137220442" lon="26.773763447999954">
        <ele>203.39999999999998</ele>
        <time>2025-05-19T12:22:33</time>
      </trkpt>
      <trkpt lat="43.09186678379774" lon="26.77354132756591">
        <ele>203.0</ele>
        <time>2025-05-19T12:22:36</time>
      </trkpt>
      <trkpt lat="43.09204422868788" lon="26.77308644168079">
        <ele>202.20000000000005</ele>
        <time>2025-05-19T12:22:42</time>
      </trkpt>
      <trkpt lat="43.09207398444414" lon="26.773011926561594">
        <ele>202.0</ele>
        <time>2025-05-19T12:22:43</time>
      </trkpt>
      <trkpt lat="43.09232552535832" lon="26.77236475981772">
        <ele>201.39999999999998</ele>
        <time>2025-05-19T12:22:52</time>
      </trkpt>
      <trkpt lat="43.092402052134275" lon="26.772166108712554">
        <ele>201.0</ele>
        <time>2025-05-19T12:22:55</time>
      </trkpt>
      <trkpt lat="43.09255812317133" lon="26.771762939170003">
        <ele>200.60000000000002</ele>
        <time>2025-05-19T12:23:01</time>
      </trkpt>
      <trkpt lat="43.09268536046147" lon="26.771429926156998">
        <ele>200.0</ele>
        <time>2025-05-19T12:23:06</time>
      </trkpt>
      <trkpt lat="43.09283682145178" lon="26.77104259841144">
        <ele>199.60000000000002</ele>
        <time>2025-05-19T12:23:12</time>
      </trkpt>
      <trkpt lat="43.093093894422054" lon="26.770392581820488">
        <ele>199.39999999999998</ele>
        <time>2025-05-19T12:23:22</time>
      </trkpt>
      <trkpt lat="43.0931434314698" lon="26.77026266232133">
        <ele>199.20000000000005</ele>
        <time>2025-05-19T12:23:24</time>
      </trkpt>
      <trkpt lat="43.09332339093089" lon="26.769814984872937">
        <ele>199.0</ele>
        <time>2025-05-19T12:23:31</time>
      </trkpt>
      <trkpt lat="43.093348452821374" lon="26.769750863313675">
        <ele>198.79999999999995</ele>
        <time>2025-05-19T12:23:32</time>
      </trkpt>
      <trkpt lat="43.09349765069783" lon="26.76936998963356">
        <ele>198.79999999999995</ele>
        <time>2025-05-19T12:23:38</time>
      </trkpt>
      <trkpt lat="43.09371415525675" lon="26.768805719912052">
        <ele>198.60000000000002</ele>
        <time>2025-05-19T12:23:47</time>
      </trkpt>
      <trkpt lat="43.093984387815" lon="26.768123600631952">
        <ele>198.39999999999998</ele>
        <time>2025-05-19T12:23:58</time>
      </trkpt>
      <trkpt lat="43.09400752186775" lon="26.76806199364364">
        <ele>198.39999999999998</ele>
        <time>2025-05-19T12:23:59</time>
      </trkpt>
      <trkpt lat="43.094269121065736" lon="26.76739437505603">
        <ele>198.39999999999998</ele>
        <time>2025-05-19T12:24:10</time>
      </trkpt>
      <trkpt lat="43.094293093308806" lon="26.76733234897256">
        <ele>198.39999999999998</ele>
        <time>2025-05-19T12:24:11</time>
      </trkpt>
      <trkpt lat="43.09455913491547" lon="26.766644697636366">
        <ele>198.79999999999995</ele>
        <time>2025-05-19T12:24:22</time>
      </trkpt>
      <trkpt lat="43.09479860588908" lon="26.766037177294493">
        <ele>199.0</ele>
        <time>2025-05-19T12:24:32</time>
      </trkpt>
      <trkpt lat="43.09506154619157" lon="26.76534860394895">
        <ele>199.20000000000005</ele>
        <time>2025-05-19T12:24:43</time>
      </trkpt>
      <trkpt lat="43.095267908647656" lon="26.764792213216424">
        <ele>199.39999999999998</ele>
        <time>2025-05-19T12:24:52</time>
      </trkpt>
      <trkpt lat="43.095487765967846" lon="26.764140939339995">
        <ele>199.79999999999995</ele>
        <time>2025-05-19T12:25:03</time>
      </trkpt>
      <trkpt lat="43.09564618393779" lon="26.763637186959386">
        <ele>200.0</ele>
        <time>2025-05-19T12:25:11</time>
      </trkpt>
      <trkpt lat="43.09568541124463" lon="26.763512464240193">
        <ele>200.0</ele>
        <time>2025-05-19T12:25:13</time>
      </trkpt>
      <trkpt lat="43.09581038542092" lon="26.763067971915007">
        <ele>200.0</ele>
        <time>2025-05-19T12:25:20</time>
      </trkpt>
      <trkpt lat="43.09588531963527" lon="26.76281936466694">
        <ele>200.0</ele>
        <time>2025-05-19T12:25:24</time>
      </trkpt>
      <trkpt lat="43.09602454304695" lon="26.76234888844192">
        <ele>200.20000000000005</ele>
        <time>2025-05-19T12:25:32</time>
      </trkpt>
      <trkpt lat="43.09616812504828" lon="26.761856703087687">
        <ele>200.20000000000005</ele>
        <time>2025-05-19T12:25:40</time>
      </trkpt>
      <trkpt lat="43.09636442922056" lon="26.7611894197762">
        <ele>200.20000000000005</ele>
        <time>2025-05-19T12:25:51</time>
      </trkpt>
      <trkpt lat="43.096532402560115" lon="26.760618444532156">
        <ele>200.20000000000005</ele>
        <time>2025-05-19T12:26:01</time>
      </trkpt>
      <trkpt lat="43.096732813864946" lon="26.759922159835696">
        <ele>200.60000000000002</ele>
        <time>2025-05-19T12:26:13</time>
      </trkpt>
      <trkpt lat="43.09674823656678" lon="26.759863905608654">
        <ele>200.60000000000002</ele>
        <time>2025-05-19T12:26:14</time>
      </trkpt>
      <trkpt lat="43.09686935506761" lon="26.759291673079133">
        <ele>200.79999999999995</ele>
        <time>2025-05-19T12:26:24</time>
      </trkpt>
      <trkpt lat="43.09689827263355" lon="26.75905941054225">
        <ele>201.0</ele>
        <time>2025-05-19T12:26:28</time>
      </trkpt>
      <trkpt lat="43.09691042639315" lon="26.758872494101524">
        <ele>201.20000000000005</ele>
        <time>2025-05-19T12:26:31</time>
      </trkpt>
      <trkpt lat="43.09689274057746" lon="26.758348625153303">
        <ele>201.39999999999998</ele>
        <time>2025-05-19T12:26:39</time>
      </trkpt>
      <trkpt lat="43.096816800534725" lon="26.75783045589924">
        <ele>201.60000000000002</ele>
        <time>2025-05-19T12:26:47</time>
      </trkpt>
      <trkpt lat="43.09667145833373" lon="26.75733609125018">
        <ele>201.79999999999995</ele>
        <time>2025-05-19T12:26:55</time>
      </trkpt>
      <trkpt lat="43.0964055005461" lon="26.756762098520994">
        <ele>202.0</ele>
        <time>2025-05-19T12:27:05</time>
      </trkpt>
      <trkpt lat="43.096141973510385" lon="26.75627418793738">
        <ele>202.0</ele>
        <time>2025-05-19T12:27:14</time>
      </trkpt>
      <trkpt lat="43.095953883603215" lon="26.75591703504324">
        <ele>202.0</ele>
        <time>2025-05-19T12:27:21</time>
      </trkpt>
      <trkpt lat="43.09570795856416" lon="26.755458964034915">
        <ele>201.79999999999995</ele>
        <time>2025-05-19T12:27:30</time>
      </trkpt>
      <trkpt lat="43.09543143957853" lon="26.754941465333104">
        <ele>202.0</ele>
        <time>2025-05-19T12:27:40</time>
      </trkpt>
      <trkpt lat="43.09514972381294" lon="26.754413908347487">
        <ele>202.20000000000005</ele>
        <time>2025-05-19T12:27:50</time>
      </trkpt>
      <trkpt lat="43.09504754841328" lon="26.754215257242322">
        <ele>202.20000000000005</ele>
        <time>2025-05-19T12:27:54</time>
      </trkpt>
      <trkpt lat="43.09493565000594" lon="26.754005374386907">
        <ele>202.39999999999998</ele>
        <time>2025-05-19T12:27:58</time>
      </trkpt>
      <trkpt lat="43.094877479597926" lon="26.75389657728374">
        <ele>202.39999999999998</ele>
        <time>2025-05-19T12:28:00</time>
      </trkpt>
      <trkpt lat="43.094642451032996" lon="26.753460131585598">
        <ele>202.60000000000002</ele>
        <time>2025-05-19T12:28:08</time>
      </trkpt>
      <trkpt lat="43.09431086294353" lon="26.75283618271351">
        <ele>203.0</ele>
        <time>2025-05-19T12:28:19</time>
      </trkpt>
      <trkpt lat="43.09407868422568" lon="26.752393702045083">
        <ele>203.0</ele>
        <time>2025-05-19T12:28:27</time>
      </trkpt>
      <trkpt lat="43.093813229352236" lon="26.75189321860671">
        <ele>203.0</ele>
        <time>2025-05-19T12:28:36</time>
      </trkpt>
      <trkpt lat="43.0936183501035" lon="26.75152667798102">
        <ele>202.79999999999995</ele>
        <time>2025-05-19T12:28:43</time>
      </trkpt>
      <trkpt lat="43.093450544402" lon="26.751195173710585">
        <ele>202.79999999999995</ele>
        <time>2025-05-19T12:28:51</time>
      </trkpt>
      <trkpt lat="43.09342003427446" lon="26.75112954340875">
        <ele>202.79999999999995</ele>
        <time>2025-05-19T12:28:55</time>
      </trkpt>
      <trkpt lat="43.093420872464776" lon="26.751131555065513">
        <ele>202.39999999999998</ele>
        <time>2025-05-19T12:29:08</time>
      </trkpt>
      <trkpt lat="43.093420369550586" lon="26.75113088451326">
        <ele>202.60000000000002</ele>
        <time>2025-05-19T12:29:28</time>
      </trkpt>
      <trkpt lat="43.093421794474125" lon="26.751130800694227">
        <ele>202.39999999999998</ele>
        <time>2025-05-19T12:30:00</time>
      </trkpt>
      <trkpt lat="43.09342246502638" lon="26.75113088451326">
        <ele>202.39999999999998</ele>
        <time>2025-05-19T12:30:11</time>
      </trkpt>
      <trkpt lat="43.093423722311854" lon="26.751131219789386">
        <ele>202.0</ele>
        <time>2025-05-19T12:30:44</time>
      </trkpt>
      <trkpt lat="43.09342447668314" lon="26.751131638884544">
        <ele>202.0</ele>
        <time>2025-05-19T12:31:00</time>
      </trkpt>
      <trkpt lat="43.09342497959733" lon="26.751132728531957">
        <ele>202.20000000000005</ele>
        <time>2025-05-19T12:31:21</time>
      </trkpt>
      <trkpt lat="43.09342556633055" lon="26.75113432109356">
        <ele>202.39999999999998</ele>
        <time>2025-05-19T12:31:54</time>
      </trkpt>
      <trkpt lat="43.09342556633055" lon="26.75113440491259">
        <ele>202.39999999999998</ele>
        <time>2025-05-19T12:31:55</time>
      </trkpt>
      <trkpt lat="43.09342548251152" lon="26.751136081293225">
        <ele>202.20000000000005</ele>
        <time>2025-05-19T12:32:37</time>
      </trkpt>
      <trkpt lat="43.09342514723539" lon="26.751139014959335">
        <ele>202.79999999999995</ele>
        <time>2025-05-19T12:33:28</time>
      </trkpt>
      <trkpt lat="43.09342539869249" lon="26.75113968551159">
        <ele>203.20000000000005</ele>
        <time>2025-05-19T12:34:06</time>
      </trkpt>
      <trkpt lat="43.09342539869249" lon="26.751140356063843">
        <ele>203.20000000000005</ele>
        <time>2025-05-19T12:35:00</time>
      </trkpt>
      <trkpt lat="43.09342539869249" lon="26.751139350235462">
        <ele>203.20000000000005</ele>
        <time>2025-05-19T12:36:03</time>
      </trkpt>
      <trkpt lat="43.09342531487346" lon="26.75113876350224">
        <ele>202.79999999999995</ele>
        <time>2025-05-19T12:36:20</time>
      </trkpt>
      <trkpt lat="43.093426739796996" lon="26.751138931140304">
        <ele>203.20000000000005</ele>
        <time>2025-05-19T12:37:48</time>
      </trkpt>
      <trkpt lat="43.09342548251152" lon="26.751138428226113">
        <ele>203.0</ele>
        <time>2025-05-19T12:38:06</time>
      </trkpt>
      <trkpt lat="43.09340042062104" lon="26.751100793480873">
        <ele>203.20000000000005</ele>
        <time>2025-05-19T12:38:12</time>
      </trkpt>
      <trkpt lat="43.0933178588748" lon="26.750947404652834">
        <ele>203.0</ele>
        <time>2025-05-19T12:38:17</time>
      </trkpt>
      <trkpt lat="43.09314996935427" lon="26.750644398853183">
        <ele>203.0</ele>
        <time>2025-05-19T12:38:25</time>
      </trkpt>
      <trkpt lat="43.09302935376763" lon="26.750419763848186">
        <ele>203.0</ele>
        <time>2025-05-19T12:38:32</time>
      </trkpt>
      <trkpt lat="43.09288023971021" lon="26.75013469532132">
        <ele>203.20000000000005</ele>
        <time>2025-05-19T12:38:40</time>
      </trkpt>
      <trkpt lat="43.092641523107886" lon="26.74968701787293">
        <ele>202.79999999999995</ele>
        <time>2025-05-19T12:38:50</time>
      </trkpt>
      <trkpt lat="43.092517890036106" lon="26.749463388696313">
        <ele>202.60000000000002</ele>
        <time>2025-05-19T12:38:55</time>
      </trkpt>
      <trkpt lat="43.0923957657069" lon="26.749232299625874">
        <ele>202.39999999999998</ele>
        <time>2025-05-19T12:39:00</time>
      </trkpt>
      <trkpt lat="43.092091754078865" lon="26.748650930821896">
        <ele>202.39999999999998</ele>
        <time>2025-05-19T12:39:12</time>
      </trkpt>
      <trkpt lat="43.09183300472796" lon="26.74813619814813">
        <ele>202.39999999999998</ele>
        <time>2025-05-19T12:39:22</time>
      </trkpt>
      <trkpt lat="43.0916341021657" lon="26.747626578435302">
        <ele>202.39999999999998</ele>
        <time>2025-05-19T12:39:31</time>
      </trkpt>
      <trkpt lat="43.091613901779056" lon="26.74756740219891">
        <ele>202.39999999999998</ele>
        <time>2025-05-19T12:39:32</time>
      </trkpt>
      <trkpt lat="43.09143587015569" lon="26.746892742812634">
        <ele>202.20000000000005</ele>
        <time>2025-05-19T12:39:43</time>
      </trkpt>
      <trkpt lat="43.09134936891496" lon="26.74639661796391">
        <ele>202.0</ele>
        <time>2025-05-19T12:39:51</time>
      </trkpt>
      <trkpt lat="43.09125356376171" lon="26.74584098160267">
        <ele>201.79999999999995</ele>
        <time>2025-05-19T12:40:00</time>
      </trkpt>
      <trkpt lat="43.09124358929694" lon="26.745777782052755">
        <ele>201.79999999999995</ele>
        <time>2025-05-19T12:40:01</time>
      </trkpt>
      <trkpt lat="43.09114267118275" lon="26.745150396600366">
        <ele>201.60000000000002</ele>
        <time>2025-05-19T12:40:11</time>
      </trkpt>
      <trkpt lat="43.09102574363351" lon="26.74445386044681">
        <ele>201.60000000000002</ele>
        <time>2025-05-19T12:40:23</time>
      </trkpt>
      <trkpt lat="43.09094720520079" lon="26.74399151466787">
        <ele>201.79999999999995</ele>
        <time>2025-05-19T12:40:32</time>
      </trkpt>
      <trkpt lat="43.09087662957609" lon="26.743556577712297">
        <ele>201.79999999999995</ele>
        <time>2025-05-19T12:40:40</time>
      </trkpt>
      <trkpt lat="43.090782165527344" lon="26.74296691082418">
        <ele>202.39999999999998</ele>
        <time>2025-05-19T12:40:51</time>
      </trkpt>
      <trkpt lat="43.09069943614304" lon="26.742388978600502">
        <ele>202.79999999999995</ele>
        <time>2025-05-19T12:41:02</time>
      </trkpt>
      <trkpt lat="43.090679068118334" lon="26.742022773250937">
        <ele>203.0</ele>
        <time>2025-05-19T12:41:09</time>
      </trkpt>
      <trkpt lat="43.09067781083286" lon="26.74197164364159">
        <ele>203.0</ele>
        <time>2025-05-19T12:41:10</time>
      </trkpt>
      <trkpt lat="43.090672781690955" lon="26.741589261218905">
        <ele>203.20000000000005</ele>
        <time>2025-05-19T12:41:18</time>
      </trkpt>
      <trkpt lat="43.09069071896374" lon="26.741188187152147">
        <ele>203.60000000000002</ele>
        <time>2025-05-19T12:41:27</time>
      </trkpt>
      <trkpt lat="43.09073841199279" lon="26.74078468233347">
        <ele>203.79999999999995</ele>
        <time>2025-05-19T12:41:36</time>
      </trkpt>
      <trkpt lat="43.09078937396407" lon="26.74051444977522">
        <ele>204.0</ele>
        <time>2025-05-19T12:41:42</time>
      </trkpt>
      <trkpt lat="43.09084712527692" lon="26.740236170589924">
        <ele>204.0</ele>
        <time>2025-05-19T12:41:48</time>
      </trkpt>
      <trkpt lat="43.09094871394336" lon="26.739840041846037">
        <ele>204.39999999999998</ele>
        <time>2025-05-19T12:41:57</time>
      </trkpt>
      <trkpt lat="43.09106731787324" lon="26.739379791542888">
        <ele>204.60000000000002</ele>
        <time>2025-05-19T12:42:07</time>
      </trkpt>
      <trkpt lat="43.09118449687958" lon="26.738927336409688">
        <ele>204.79999999999995</ele>
        <time>2025-05-19T12:42:16</time>
      </trkpt>
      <trkpt lat="43.0912228859961" lon="26.73877503722906">
        <ele>205.20000000000005</ele>
        <time>2025-05-19T12:42:19</time>
      </trkpt>
      <trkpt lat="43.091329922899604" lon="26.738376477733254">
        <ele>205.39999999999998</ele>
        <time>2025-05-19T12:42:27</time>
      </trkpt>
      <trkpt lat="43.09147744439542" lon="26.737822350114584">
        <ele>206.0</ele>
        <time>2025-05-19T12:42:38</time>
      </trkpt>
      <trkpt lat="43.091527903452516" lon="26.73762076534331">
        <ele>206.39999999999998</ele>
        <time>2025-05-19T12:42:42</time>
      </trkpt>
      <trkpt lat="43.091599736362696" lon="26.737322118133307">
        <ele>206.39999999999998</ele>
        <time>2025-05-19T12:42:48</time>
      </trkpt>
      <trkpt lat="43.09168296866119" lon="26.73688592389226">
        <ele>207.0</ele>
        <time>2025-05-19T12:42:57</time>
      </trkpt>
      <trkpt lat="43.0917030852288" lon="26.736733121797442">
        <ele>207.39999999999998</ele>
        <time>2025-05-19T12:43:00</time>
      </trkpt>
      <trkpt lat="43.091750191524625" lon="26.736323330551386">
        <ele>207.60000000000002</ele>
        <time>2025-05-19T12:43:08</time>
      </trkpt>
      <trkpt lat="43.091795705258846" lon="26.735826786607504">
        <ele>208.60000000000002</ele>
        <time>2025-05-19T12:43:18</time>
      </trkpt>
      <trkpt lat="43.091800985857844" lon="26.735780350863934">
        <ele>208.60000000000002</ele>
        <time>2025-05-19T12:43:19</time>
      </trkpt>
      <trkpt lat="43.091841135174036" lon="26.735479524359107">
        <ele>209.0</ele>
        <time>2025-05-19T12:43:26</time>
      </trkpt>
      <trkpt lat="43.091878769919276" lon="26.73514391295612">
        <ele>209.60000000000002</ele>
        <time>2025-05-19T12:43:34</time>
      </trkpt>
      <trkpt lat="43.091887990012765" lon="26.735061099752784">
        <ele>210.0</ele>
        <time>2025-05-19T12:43:36</time>
      </trkpt>
      <trkpt lat="43.0919311568141" lon="26.734689697623253">
        <ele>210.60000000000002</ele>
        <time>2025-05-19T12:43:45</time>
      </trkpt>
      <trkpt lat="43.09197558090091" lon="26.73425962217152">
        <ele>211.60000000000002</ele>
        <time>2025-05-19T12:43:55</time>
      </trkpt>
      <trkpt lat="43.09198538772762" lon="26.734173791483045">
        <ele>211.79999999999995</ele>
        <time>2025-05-19T12:43:57</time>
      </trkpt>
      <trkpt lat="43.092021346092224" lon="26.733845053240657">
        <ele>212.79999999999995</ele>
        <time>2025-05-19T12:44:05</time>
      </trkpt>
      <trkpt lat="43.09202595613897" lon="26.733803814277053">
        <ele>212.79999999999995</ele>
        <time>2025-05-19T12:44:06</time>
      </trkpt>
      <trkpt lat="43.092078007757664" lon="26.73333652317524">
        <ele>214.0</ele>
        <time>2025-05-19T12:44:17</time>
      </trkpt>
      <trkpt lat="43.09211882762611" lon="26.732952799648046">
        <ele>215.0</ele>
        <time>2025-05-19T12:44:26</time>
      </trkpt>
      <trkpt lat="43.09213450178504" lon="26.732829501852393">
        <ele>215.60000000000002</ele>
        <time>2025-05-19T12:44:29</time>
      </trkpt>
      <trkpt lat="43.09216484427452" lon="26.732529932633042">
        <ele>216.20000000000005</ele>
        <time>2025-05-19T12:44:36</time>
      </trkpt>
      <trkpt lat="43.09217465110123" lon="26.732445023953915">
        <ele>216.60000000000002</ele>
        <time>2025-05-19T12:44:38</time>
      </trkpt>
      <trkpt lat="43.09219367802143" lon="26.732236063107848">
        <ele>217.20000000000005</ele>
        <time>2025-05-19T12:44:43</time>
      </trkpt>
      <trkpt lat="43.092203652486205" lon="26.731988713145256">
        <ele>217.60000000000002</ele>
        <time>2025-05-19T12:44:49</time>
      </trkpt>
      <trkpt lat="43.0922020599246" lon="26.731655281037092">
        <ele>218.20000000000005</ele>
        <time>2025-05-19T12:44:57</time>
      </trkpt>
      <trkpt lat="43.09220013208687" lon="26.731525110080838">
        <ele>218.60000000000002</ele>
        <time>2025-05-19T12:45:00</time>
      </trkpt>
      <trkpt lat="43.0921970307827" lon="26.73118363134563">
        <ele>219.20000000000005</ele>
        <time>2025-05-19T12:45:08</time>
      </trkpt>
      <trkpt lat="43.09219770133495" lon="26.731095956638455">
        <ele>219.60000000000002</ele>
        <time>2025-05-19T12:45:10</time>
      </trkpt>
      <trkpt lat="43.092212872579694" lon="26.73078054562211">
        <ele>219.79999999999995</ele>
        <time>2025-05-19T12:45:17</time>
      </trkpt>
      <trkpt lat="43.09225830249488" lon="26.730400091037154">
        <ele>220.20000000000005</ele>
        <time>2025-05-19T12:45:25</time>
      </trkpt>
      <trkpt lat="43.09233223088086" lon="26.73007495701313">
        <ele>220.39999999999998</ele>
        <time>2025-05-19T12:45:32</time>
      </trkpt>
      <trkpt lat="43.092354694381356" lon="26.729984935373068">
        <ele>220.60000000000002</ele>
        <time>2025-05-19T12:45:34</time>
      </trkpt>
      <trkpt lat="43.09240121394396" lon="26.729776645079255">
        <ele>221.0</ele>
        <time>2025-05-19T12:45:39</time>
      </trkpt>
      <trkpt lat="43.09248872101307" lon="26.729401471093297">
        <ele>221.39999999999998</ele>
        <time>2025-05-19T12:45:47</time>
      </trkpt>
      <trkpt lat="43.09255183674395" lon="26.729136183857918">
        <ele>221.39999999999998</ele>
        <time>2025-05-19T12:45:52</time>
      </trkpt>
      <trkpt lat="43.09256357140839" lon="26.729076588526368">
        <ele>221.39999999999998</ele>
        <time>2025-05-19T12:45:53</time>
      </trkpt>
      <trkpt lat="43.092577401548624" lon="26.729017663747072">
        <ele>221.39999999999998</ele>
        <time>2025-05-19T12:45:54</time>
      </trkpt>
      <trkpt lat="43.092715283855796" lon="26.728576943278313">
        <ele>221.20000000000005</ele>
        <time>2025-05-19T12:46:01</time>
      </trkpt>
      <trkpt lat="43.09281578287482" lon="26.728248205035925">
        <ele>220.60000000000002</ele>
        <time>2025-05-19T12:46:06</time>
      </trkpt>
      <trkpt lat="43.09283212758601" lon="26.72810629941523">
        <ele>220.20000000000005</ele>
        <time>2025-05-19T12:46:08</time>
      </trkpt>
      <trkpt lat="43.09276331216097" lon="26.727897338569164">
        <ele>219.79999999999995</ele>
        <time>2025-05-19T12:46:11</time>
      </trkpt>
      <trkpt lat="43.09272542595863" lon="26.727831540629268">
        <ele>219.60000000000002</ele>
        <time>2025-05-19T12:46:12</time>
      </trkpt>
      <trkpt lat="43.09252400882542" lon="26.727501042187214">
        <ele>218.39999999999998</ele>
        <time>2025-05-19T12:46:17</time>
      </trkpt>
      <trkpt lat="43.09245586395264" lon="26.727365674450994">
        <ele>218.0</ele>
        <time>2025-05-19T12:46:19</time>
      </trkpt>
      <trkpt lat="43.09243826195598" lon="26.72729166224599">
        <ele>217.60000000000002</ele>
        <time>2025-05-19T12:46:20</time>
      </trkpt>
      <trkpt lat="43.092428874224424" lon="26.727217314764857">
        <ele>217.39999999999998</ele>
        <time>2025-05-19T12:46:21</time>
      </trkpt>
      <trkpt lat="43.092389395460486" lon="26.726888744160533">
        <ele>217.0</ele>
        <time>2025-05-19T12:46:26</time>
      </trkpt>
      <trkpt lat="43.09235620312393" lon="26.726574674248695">
        <ele>216.79999999999995</ele>
        <time>2025-05-19T12:46:32</time>
      </trkpt>
      <trkpt lat="43.09237405657768" lon="26.726293126121163">
        <ele>217.0</ele>
        <time>2025-05-19T12:46:39</time>
      </trkpt>
      <trkpt lat="43.092402974143624" lon="26.72612439841032">
        <ele>217.39999999999998</ele>
        <time>2025-05-19T12:46:45</time>
      </trkpt>
      <trkpt lat="43.09243809431791" lon="26.725928764790297">
        <ele>218.60000000000002</ele>
        <time>2025-05-19T12:46:52</time>
      </trkpt>
      <trkpt lat="43.092482686042786" lon="26.725676972419024">
        <ele>219.79999999999995</ele>
        <time>2025-05-19T12:47:01</time>
      </trkpt>
      <trkpt lat="43.092487547546625" lon="26.72564839012921">
        <ele>220.20000000000005</ele>
        <time>2025-05-19T12:47:02</time>
      </trkpt>
      <trkpt lat="43.09251135215163" lon="26.725508077070117">
        <ele>220.79999999999995</ele>
        <time>2025-05-19T12:47:07</time>
      </trkpt>
      <trkpt lat="43.09253767132759" lon="26.725365249440074">
        <ele>221.60000000000002</ele>
        <time>2025-05-19T12:47:12</time>
      </trkpt>
      <trkpt lat="43.09254923835397" lon="26.725308252498507">
        <ele>221.79999999999995</ele>
        <time>2025-05-19T12:47:14</time>
      </trkpt>
      <trkpt lat="43.0925805028528" lon="26.72511152923107">
        <ele>222.39999999999998</ele>
        <time>2025-05-19T12:47:20</time>
      </trkpt>
      <trkpt lat="43.09263280592859" lon="26.72482998110354">
        <ele>222.79999999999995</ele>
        <time>2025-05-19T12:47:27</time>
      </trkpt>
      <trkpt lat="43.092639511451125" lon="26.724789077416062">
        <ele>222.79999999999995</ele>
        <time>2025-05-19T12:47:28</time>
      </trkpt>
      <trkpt lat="43.092705979943275" lon="26.72449436970055">
        <ele>222.79999999999995</ele>
        <time>2025-05-19T12:47:35</time>
      </trkpt>
      <trkpt lat="43.09282600879669" lon="26.72413470223546">
        <ele>223.0</ele>
        <time>2025-05-19T12:47:43</time>
      </trkpt>
      <trkpt lat="43.09296263381839" lon="26.723802275955677">
        <ele>223.0</ele>
        <time>2025-05-19T12:47:50</time>
      </trkpt>
      <trkpt lat="43.093102192506194" lon="26.72345258295536">
        <ele>223.39999999999998</ele>
        <time>2025-05-19T12:47:58</time>
      </trkpt>
      <trkpt lat="43.093173606321216" lon="26.723417714238167">
        <ele>223.39999999999998</ele>
        <time>2025-05-19T12:48:01</time>
      </trkpt>
      <trkpt lat="43.093188777565956" lon="26.723428023979068">
        <ele>223.60000000000002</ele>
        <time>2025-05-19T12:48:02</time>
      </trkpt>
      <trkpt lat="43.09325013309717" lon="26.72344579361379">
        <ele>223.60000000000002</ele>
        <time>2025-05-19T12:48:06</time>
      </trkpt>
      <trkpt lat="43.093276703730226" lon="26.72341880388558">
        <ele>223.60000000000002</ele>
        <time>2025-05-19T12:48:08</time>
      </trkpt>
      <trkpt lat="43.09332565404475" lon="26.723383264616132">
        <ele>223.79999999999995</ele>
        <time>2025-05-19T12:48:11</time>
      </trkpt>
      <trkpt lat="43.09335658326745" lon="26.723362058401108">
        <ele>224.0</ele>
        <time>2025-05-19T12:48:13</time>
      </trkpt>
      <trkpt lat="43.09341626241803" lon="26.723319059237838">
        <ele>224.60000000000002</ele>
        <time>2025-05-19T12:48:17</time>
      </trkpt>
      <trkpt lat="43.093446185812354" lon="26.723324675112963">
        <ele>224.79999999999995</ele>
        <time>2025-05-19T12:48:19</time>
      </trkpt>
      <trkpt lat="43.09347468428314" lon="26.723328363150358">
        <ele>225.0</ele>
        <time>2025-05-19T12:48:21</time>
      </trkpt>
      <trkpt lat="43.09348641894758" lon="26.723326100036502">
        <ele>225.0</ele>
        <time>2025-05-19T12:48:22</time>
      </trkpt>
      <trkpt lat="43.093518521636724" lon="26.72332643531263">
        <ele>225.20000000000005</ele>
        <time>2025-05-19T12:48:25</time>
      </trkpt>
      <trkpt lat="43.09353771619499" lon="26.723322411999106">
        <ele>225.79999999999995</ele>
        <time>2025-05-19T12:48:31</time>
      </trkpt>
      <trkpt lat="43.093537548556924" lon="26.723322328180075">
        <ele>226.0</ele>
        <time>2025-05-19T12:48:32</time>
      </trkpt>
      <trkpt lat="43.09354576282203" lon="26.723322747275233">
        <ele>226.60000000000002</ele>
        <time>2025-05-19T12:48:42</time>
      </trkpt>
      <trkpt lat="43.09350594878197" lon="26.72330589964986">
        <ele>226.60000000000002</ele>
        <time>2025-05-19T12:48:52</time>
      </trkpt>
      <trkpt lat="43.0934920348227" lon="26.723241107538342">
        <ele>226.60000000000002</ele>
        <time>2025-05-19T12:48:56</time>
      </trkpt>
      <trkpt lat="43.093492118641734" lon="26.72321269288659">
        <ele>226.60000000000002</ele>
        <time>2025-05-19T12:48:58</time>
      </trkpt>
      <trkpt lat="43.09350661933422" lon="26.723192241042852">
        <ele>226.39999999999998</ele>
        <time>2025-05-19T12:49:05</time>
      </trkpt>
      <trkpt lat="43.09350821189582" lon="26.723191486671567">
        <ele>226.20000000000005</ele>
        <time>2025-05-19T12:49:13</time>
      </trkpt>
      <trkpt lat="43.093509301543236" lon="26.723191738128662">
        <ele>226.20000000000005</ele>
        <time>2025-05-19T12:49:25</time>
      </trkpt>
      <trkpt lat="43.09350896626711" lon="26.72319257631898">
        <ele>226.39999999999998</ele>
        <time>2025-05-19T12:49:47</time>
      </trkpt>
      <trkpt lat="43.09351349249482" lon="26.72320229932666">
        <ele>226.39999999999998</ele>
        <time>2025-05-19T12:49:59</time>
      </trkpt>
      <trkpt lat="43.09351399540901" lon="26.72320623882115">
        <ele>226.39999999999998</ele>
        <time>2025-05-19T12:50:08</time>
      </trkpt>
      <trkpt lat="43.09351382777095" lon="26.723206155002117">
        <ele>226.39999999999998</ele>
        <time>2025-05-19T12:50:13</time>
      </trkpt>
      <trkpt lat="43.09351491741836" lon="26.723207999020815">
        <ele>226.0</ele>
        <time>2025-05-19T12:50:37</time>
      </trkpt>
      <trkpt lat="43.09351642616093" lon="26.723212525248528">
        <ele>226.0</ele>
        <time>2025-05-19T12:50:51</time>
      </trkpt>
      <trkpt lat="43.09351550415158" lon="26.72321319580078">
        <ele>226.0</ele>
        <time>2025-05-19T12:51:02</time>
      </trkpt>
      <trkpt lat="43.093527406454086" lon="26.72321168705821">
        <ele>226.0</ele>
        <time>2025-05-19T12:51:13</time>
      </trkpt>
      <trkpt lat="43.093528328463435" lon="26.723210345953703">
        <ele>226.0</ele>
        <time>2025-05-19T12:51:19</time>
      </trkpt>
      <trkpt lat="43.09352866373956" lon="26.723210094496608">
        <ele>226.20000000000005</ele>
        <time>2025-05-19T12:51:47</time>
      </trkpt>
      <trkpt lat="43.09352765791118" lon="26.72320724464953">
        <ele>226.20000000000005</ele>
        <time>2025-05-19T12:52:32</time>
      </trkpt>
      <trkpt lat="43.09352749027312" lon="26.723207077011466">
        <ele>226.20000000000005</ele>
        <time>2025-05-19T12:52:36</time>
      </trkpt>
      <trkpt lat="43.09352673590183" lon="26.723205484449863">
        <ele>226.39999999999998</ele>
        <time>2025-05-19T12:53:33</time>
      </trkpt>
      <trkpt lat="43.09352673590183" lon="26.723204646259546">
        <ele>226.20000000000005</ele>
        <time>2025-05-19T12:53:54</time>
      </trkpt>
      <trkpt lat="43.09352707117796" lon="26.72320389188826">
        <ele>226.20000000000005</ele>
        <time>2025-05-19T12:54:10</time>
      </trkpt>
      <trkpt lat="43.09352715499699" lon="26.72320196405053">
        <ele>226.60000000000002</ele>
        <time>2025-05-19T12:55:04</time>
      </trkpt>
      <trkpt lat="43.09352656826377" lon="26.723200120031834">
        <ele>226.60000000000002</ele>
        <time>2025-05-19T12:55:49</time>
      </trkpt>
      <trkpt lat="43.09352229349315" lon="26.723197689279914">
        <ele>226.39999999999998</ele>
        <time>2025-05-19T12:56:13</time>
      </trkpt>
      <trkpt lat="43.09352229349315" lon="26.723197354003787">
        <ele>226.39999999999998</ele>
        <time>2025-05-19T12:56:24</time>
      </trkpt>
      <trkpt lat="43.09351542033255" lon="26.72319752164185">
        <ele>226.60000000000002</ele>
        <time>2025-05-19T12:56:44</time>
      </trkpt>
      <trkpt lat="43.09351307339966" lon="26.72318670898676">
        <ele>226.39999999999998</ele>
        <time>2025-05-19T12:57:01</time>
      </trkpt>
      <trkpt lat="43.09351189993322" lon="26.72318385913968">
        <ele>226.39999999999998</ele>
        <time>2025-05-19T12:57:28</time>
      </trkpt>
      <trkpt lat="43.09351114556193" lon="26.723173297941685">
        <ele>226.60000000000002</ele>
        <time>2025-05-19T12:57:44</time>
      </trkpt>
      <trkpt lat="43.093510726466775" lon="26.723173717036843">
        <ele>227.20000000000005</ele>
        <time>2025-05-19T12:58:16</time>
      </trkpt>
      <trkpt lat="43.09351089410484" lon="26.72317354939878">
        <ele>227.39999999999998</ele>
        <time>2025-05-19T12:58:28</time>
      </trkpt>
      <trkpt lat="43.0935110617429" lon="26.72317262738943">
        <ele>227.0</ele>
        <time>2025-05-19T12:58:58</time>
      </trkpt>
      <trkpt lat="43.09351055882871" lon="26.72317212447524">
        <ele>227.39999999999998</ele>
        <time>2025-05-19T12:59:32</time>
      </trkpt>
      <trkpt lat="43.09351039119065" lon="26.723171705380082">
        <ele>227.39999999999998</ele>
        <time>2025-05-19T12:59:43</time>
      </trkpt>
      <trkpt lat="43.09351013973355" lon="26.723170867189765">
        <ele>227.79999999999995</ele>
        <time>2025-05-19T13:00:12</time>
      </trkpt>
      <trkpt lat="43.09350955300033" lon="26.72316919080913">
        <ele>227.79999999999995</ele>
        <time>2025-05-19T13:00:54</time>
      </trkpt>
      <trkpt lat="43.0935094691813" lon="26.72316919080913">
        <ele>227.60000000000002</ele>
        <time>2025-05-19T13:00:56</time>
      </trkpt>
      <trkpt lat="43.09350854717195" lon="26.723168939352036">
        <ele>227.20000000000005</ele>
        <time>2025-05-19T13:01:25</time>
      </trkpt>
      <trkpt lat="43.09350837953389" lon="26.723168436437845">
        <ele>227.0</ele>
        <time>2025-05-19T13:02:07</time>
      </trkpt>
      <trkpt lat="43.093507792800665" lon="26.72316717915237">
        <ele>227.39999999999998</ele>
        <time>2025-05-19T13:02:32</time>
      </trkpt>
      <trkpt lat="43.09349832125008" lon="26.723199784755707">
        <ele>227.60000000000002</ele>
        <time>2025-05-19T13:02:46</time>
      </trkpt>
      <trkpt lat="43.09347535483539" lon="26.723244208842516">
        <ele>227.60000000000002</ele>
        <time>2025-05-19T13:02:51</time>
      </trkpt>
      <trkpt lat="43.09345280751586" lon="26.72329131513834">
        <ele>227.60000000000002</ele>
        <time>2025-05-19T13:02:53</time>
      </trkpt>
      <trkpt lat="43.09331987053156" lon="26.723413690924644">
        <ele>227.60000000000002</ele>
        <time>2025-05-19T13:02:59</time>
      </trkpt>
      <trkpt lat="43.09316128492355" lon="26.723432214930654">
        <ele>227.39999999999998</ele>
        <time>2025-05-19T13:03:05</time>
      </trkpt>
      <trkpt lat="43.09312541037798" lon="26.72337437979877">
        <ele>227.39999999999998</ele>
        <time>2025-05-19T13:03:07</time>
      </trkpt>
      <trkpt lat="43.093122811987996" lon="26.723332554101944">
        <ele>227.39999999999998</ele>
        <time>2025-05-19T13:03:08</time>
      </trkpt>
      <trkpt lat="43.09315851889551" lon="26.72320489771664">
        <ele>226.60000000000002</ele>
        <time>2025-05-19T13:03:11</time>
      </trkpt>
      <trkpt lat="43.09317670762539" lon="26.723156785592437">
        <ele>226.20000000000005</ele>
        <time>2025-05-19T13:03:12</time>
      </trkpt>
      <trkpt lat="43.093194561079144" lon="26.72310850583017">
        <ele>226.0</ele>
        <time>2025-05-19T13:03:13</time>
      </trkpt>
      <trkpt lat="43.09329262934625" lon="26.722856210544705">
        <ele>225.60000000000002</ele>
        <time>2025-05-19T13:03:19</time>
      </trkpt>
      <trkpt lat="43.09342263266444" lon="26.722536776214838">
        <ele>225.39999999999998</ele>
        <time>2025-05-19T13:03:26</time>
      </trkpt>
      <trkpt lat="43.09350267983973" lon="26.72231507487595">
        <ele>225.60000000000002</ele>
        <time>2025-05-19T13:03:32</time>
      </trkpt>
      <trkpt lat="43.09359664097428" lon="26.722043668851256">
        <ele>225.39999999999998</ele>
        <time>2025-05-19T13:03:38</time>
      </trkpt>
      <trkpt lat="43.093718932941556" lon="26.72170084901154">
        <ele>225.79999999999995</ele>
        <time>2025-05-19T13:03:45</time>
      </trkpt>
      <trkpt lat="43.09390526264906" lon="26.721253506839275">
        <ele>226.20000000000005</ele>
        <time>2025-05-19T13:03:54</time>
      </trkpt>
      <trkpt lat="43.09407633729279" lon="26.720786383375525">
        <ele>226.20000000000005</ele>
        <time>2025-05-19T13:04:03</time>
      </trkpt>
      <trkpt lat="43.0941035784781" lon="26.720620840787888">
        <ele>226.20000000000005</ele>
        <time>2025-05-19T13:04:06</time>
      </trkpt>
      <trkpt lat="43.094095112755895" lon="26.72050265595317">
        <ele>226.20000000000005</ele>
        <time>2025-05-19T13:04:08</time>
      </trkpt>
      <trkpt lat="43.0940412171185" lon="26.72032982110977">
        <ele>226.20000000000005</ele>
        <time>2025-05-19T13:04:11</time>
      </trkpt>
      <trkpt lat="43.09398631565273" lon="26.720213145017624">
        <ele>226.20000000000005</ele>
        <time>2025-05-19T13:04:13</time>
      </trkpt>
      <trkpt lat="43.093915823847055" lon="26.720102336257696">
        <ele>226.0</ele>
        <time>2025-05-19T13:04:15</time>
      </trkpt>
      <trkpt lat="43.0937840603292" lon="26.71995992772281">
        <ele>225.79999999999995</ele>
        <time>2025-05-19T13:04:18</time>
      </trkpt>
      <trkpt lat="43.09368993155658" lon="26.719868145883083">
        <ele>225.39999999999998</ele>
        <time>2025-05-19T13:04:20</time>
      </trkpt>
      <trkpt lat="43.093468649312854" lon="26.71965004876256">
        <ele>224.39999999999998</ele>
        <time>2025-05-19T13:04:25</time>
      </trkpt>
      <trkpt lat="43.0934248957783" lon="26.719611575827003">
        <ele>224.20000000000005</ele>
        <time>2025-05-19T13:04:26</time>
      </trkpt>
      <trkpt lat="43.09333562850952" lon="26.7195478733629">
        <ele>223.79999999999995</ele>
        <time>2025-05-19T13:04:28</time>
      </trkpt>
      <trkpt lat="43.093200931325555" lon="26.719499677419662">
        <ele>223.79999999999995</ele>
        <time>2025-05-19T13:04:31</time>
      </trkpt>
      <trkpt lat="43.092968836426735" lon="26.71946438960731">
        <ele>223.79999999999995</ele>
        <time>2025-05-19T13:04:37</time>
      </trkpt>
      <trkpt lat="43.09287671931088" lon="26.71945064328611">
        <ele>224.0</ele>
        <time>2025-05-19T13:04:40</time>
      </trkpt>
      <trkpt lat="43.09270245954394" lon="26.719435723498464">
        <ele>224.79999999999995</ele>
        <time>2025-05-19T13:04:46</time>
      </trkpt>
      <trkpt lat="43.092568097636104" lon="26.719418205320835">
        <ele>225.60000000000002</ele>
        <time>2025-05-19T13:04:51</time>
      </trkpt>
      <trkpt lat="43.09240029193461" lon="26.71940429136157">
        <ele>226.39999999999998</ele>
        <time>2025-05-19T13:04:57</time>
      </trkpt>
      <trkpt lat="43.09234455227852" lon="26.719400268048048">
        <ele>226.60000000000002</ele>
        <time>2025-05-19T13:04:59</time>
      </trkpt>
      <trkpt lat="43.09222091920674" lon="26.71937830746174">
        <ele>227.39999999999998</ele>
        <time>2025-05-19T13:05:04</time>
      </trkpt>
      <trkpt lat="43.092145984992385" lon="26.719368416815996">
        <ele>227.79999999999995</ele>
        <time>2025-05-19T13:05:07</time>
      </trkpt>
      <trkpt lat="43.09197616763413" lon="26.719330782070756">
        <ele>228.60000000000002</ele>
        <time>2025-05-19T13:05:14</time>
      </trkpt>
      <trkpt lat="43.09193316847086" lon="26.719318209216">
        <ele>229.0</ele>
        <time>2025-05-19T13:05:16</time>
      </trkpt>
      <trkpt lat="43.09184214100242" lon="26.71929725445807">
        <ele>230.0</ele>
        <time>2025-05-19T13:05:21</time>
      </trkpt>
      <trkpt lat="43.09182269498706" lon="26.7192904651165">
        <ele>230.20000000000005</ele>
        <time>2025-05-19T13:05:22</time>
      </trkpt>
      <trkpt lat="43.09172982349992" lon="26.719273449853063">
        <ele>231.0</ele>
        <time>2025-05-19T13:05:27</time>
      </trkpt>
      <trkpt lat="43.09167919680476" lon="26.719255512580276">
        <ele>231.39999999999998</ele>
        <time>2025-05-19T13:05:30</time>
      </trkpt>
      <trkpt lat="43.091671485453844" lon="26.719252159819007">
        <ele>231.79999999999995</ele>
        <time>2025-05-19T13:05:32</time>
      </trkpt>
      <trkpt lat="43.09167223982513" lon="26.719251237809658">
        <ele>232.60000000000002</ele>
        <time>2025-05-19T13:05:37</time>
      </trkpt>
      <trkpt lat="43.09167265892029" lon="26.719251070171595">
        <ele>233.0</ele>
        <time>2025-05-19T13:05:48</time>
      </trkpt>
      <trkpt lat="43.09166679158807" lon="26.719251992180943">
        <ele>233.0</ele>
        <time>2025-05-19T13:06:00</time>
      </trkpt>
      <trkpt lat="43.09166486375034" lon="26.719251237809658">
        <ele>232.79999999999995</ele>
        <time>2025-05-19T13:06:07</time>
      </trkpt>
      <trkpt lat="43.09166461229324" lon="26.71925232745707">
        <ele>233.0</ele>
        <time>2025-05-19T13:06:21</time>
      </trkpt>
      <trkpt lat="43.09166452847421" lon="26.719251489266753">
        <ele>233.20000000000005</ele>
        <time>2025-05-19T13:06:47</time>
      </trkpt>
      <trkpt lat="43.09159344993532" lon="26.71923564746976">
        <ele>233.20000000000005</ele>
        <time>2025-05-19T13:06:52</time>
      </trkpt>
      <trkpt lat="43.09143251739442" lon="26.719206981360912">
        <ele>233.60000000000002</ele>
        <time>2025-05-19T13:07:00</time>
      </trkpt>
      <trkpt lat="43.09137174859643" lon="26.719191893935204">
        <ele>234.0</ele>
        <time>2025-05-19T13:07:03</time>
      </trkpt>
      <trkpt lat="43.09127175249159" lon="26.719162221997976">
        <ele>234.79999999999995</ele>
        <time>2025-05-19T13:07:08</time>
      </trkpt>
      <trkpt lat="43.0912318546325" lon="26.71915216371417">
        <ele>235.20000000000005</ele>
        <time>2025-05-19T13:07:10</time>
      </trkpt>
      <trkpt lat="43.09121232479811" lon="26.719147972762585">
        <ele>235.39999999999998</ele>
        <time>2025-05-19T13:07:11</time>
      </trkpt>
      <trkpt lat="43.09113462455571" lon="26.719139087945223">
        <ele>236.20000000000005</ele>
        <time>2025-05-19T13:07:15</time>
      </trkpt>
      <trkpt lat="43.091094894334674" lon="26.719128023833036">
        <ele>236.20000000000005</ele>
        <time>2025-05-19T13:07:17</time>
      </trkpt>
      <trkpt lat="43.090996742248535" lon="26.71911109238863">
        <ele>237.39999999999998</ele>
        <time>2025-05-19T13:07:22</time>
      </trkpt>
      <trkpt lat="43.09095785021782" lon="26.71911503188312">
        <ele>237.60000000000002</ele>
        <time>2025-05-19T13:07:24</time>
      </trkpt>
      <trkpt lat="43.0907981749624" lon="26.719092903658748">
        <ele>238.39999999999998</ele>
        <time>2025-05-19T13:07:32</time>
      </trkpt>
      <trkpt lat="43.09065685607493" lon="26.71908720396459">
        <ele>239.39999999999998</ele>
        <time>2025-05-19T13:07:39</time>
      </trkpt>
      <trkpt lat="43.09063648805022" lon="26.719085443764925">
        <ele>239.39999999999998</ele>
        <time>2025-05-19T13:07:40</time>
      </trkpt>
      <trkpt lat="43.090516459196806" lon="26.71907940879464">
        <ele>240.39999999999998</ele>
        <time>2025-05-19T13:07:46</time>
      </trkpt>
      <trkpt lat="43.09049600735307" lon="26.719079073518515">
        <ele>240.60000000000002</ele>
        <time>2025-05-19T13:07:47</time>
      </trkpt>
      <trkpt lat="43.09035435318947" lon="26.71907689422369">
        <ele>241.60000000000002</ele>
        <time>2025-05-19T13:07:54</time>
      </trkpt>
      <trkpt lat="43.09033339843154" lon="26.719077229499817">
        <ele>241.79999999999995</ele>
        <time>2025-05-19T13:07:55</time>
      </trkpt>
      <trkpt lat="43.09019015170634" lon="26.71907496638596">
        <ele>242.60000000000002</ele>
        <time>2025-05-19T13:08:02</time>
      </trkpt>
      <trkpt lat="43.09010515920818" lon="26.719079911708832">
        <ele>243.0</ele>
        <time>2025-05-19T13:08:06</time>
      </trkpt>
      <trkpt lat="43.09001320973039" lon="26.719088964164257">
        <ele>243.60000000000002</ele>
        <time>2025-05-19T13:08:10</time>
      </trkpt>
      <trkpt lat="43.08991899713874" lon="26.719106985256076">
        <ele>244.20000000000005</ele>
        <time>2025-05-19T13:08:14</time>
      </trkpt>
      <trkpt lat="43.08980517089367" lon="26.719138836488128">
        <ele>245.0</ele>
        <time>2025-05-19T13:08:19</time>
      </trkpt>
      <trkpt lat="43.089782539755106" lon="26.71914730221033">
        <ele>245.20000000000005</ele>
        <time>2025-05-19T13:08:20</time>
      </trkpt>
      <trkpt lat="43.08961062692106" lon="26.719213016331196">
        <ele>246.20000000000005</ele>
        <time>2025-05-19T13:08:28</time>
      </trkpt>
      <trkpt lat="43.089589336887" lon="26.71922097913921">
        <ele>246.20000000000005</ele>
        <time>2025-05-19T13:08:29</time>
      </trkpt>
      <trkpt lat="43.08944248594344" lon="26.719288788735867">
        <ele>247.20000000000005</ele>
        <time>2025-05-19T13:08:36</time>
      </trkpt>
      <trkpt lat="43.0894011631608" lon="26.719311671331525">
        <ele>247.39999999999998</ele>
        <time>2025-05-19T13:08:38</time>
      </trkpt>
      <trkpt lat="43.08929303660989" lon="26.719353832304478">
        <ele>248.0</ele>
        <time>2025-05-19T13:08:43</time>
      </trkpt>
      <trkpt lat="43.089188765734434" lon="26.71940429136157">
        <ele>248.39999999999998</ele>
        <time>2025-05-19T13:08:48</time>
      </trkpt>
      <trkpt lat="43.08905993588269" lon="26.719458606094122">
        <ele>249.0</ele>
        <time>2025-05-19T13:08:54</time>
      </trkpt>
      <trkpt lat="43.08899447321892" lon="26.71948484145105">
        <ele>249.39999999999998</ele>
        <time>2025-05-19T13:08:57</time>
      </trkpt>
      <trkpt lat="43.08888567611575" lon="26.719533121213317">
        <ele>250.0</ele>
        <time>2025-05-19T13:09:02</time>
      </trkpt>
      <trkpt lat="43.08881971053779" lon="26.7195581831038">
        <ele>250.39999999999998</ele>
        <time>2025-05-19T13:09:05</time>
      </trkpt>
      <trkpt lat="43.08864125981927" lon="26.719609145075083">
        <ele>251.39999999999998</ele>
        <time>2025-05-19T13:09:13</time>
      </trkpt>
      <trkpt lat="43.088618544861674" lon="26.719610653817654">
        <ele>251.60000000000002</ele>
        <time>2025-05-19T13:09:14</time>
      </trkpt>
      <trkpt lat="43.088457863777876" lon="26.71962071210146">
        <ele>252.39999999999998</ele>
        <time>2025-05-19T13:09:21</time>
      </trkpt>
      <trkpt lat="43.088345378637314" lon="26.71961149200797">
        <ele>253.0</ele>
        <time>2025-05-19T13:09:26</time>
      </trkpt>
      <trkpt lat="43.088215040042996" lon="26.719586681574583">
        <ele>253.39999999999998</ele>
        <time>2025-05-19T13:09:32</time>
      </trkpt>
      <trkpt lat="43.08810708113015" lon="26.71956698410213">
        <ele>254.0</ele>
        <time>2025-05-19T13:09:37</time>
      </trkpt>
      <trkpt lat="43.08799928985536" lon="26.719542341306806">
        <ele>254.60000000000002</ele>
        <time>2025-05-19T13:09:42</time>
      </trkpt>
      <trkpt lat="43.08791044168174" lon="26.719516944140196">
        <ele>255.20000000000005</ele>
        <time>2025-05-19T13:09:46</time>
      </trkpt>
      <trkpt lat="43.08777532540262" lon="26.719489954411983">
        <ele>255.60000000000002</ele>
        <time>2025-05-19T13:09:52</time>
      </trkpt>
      <trkpt lat="43.087686812505126" lon="26.719468915835023">
        <ele>256.20000000000005</ele>
        <time>2025-05-19T13:09:56</time>
      </trkpt>
      <trkpt lat="43.08753258548677" lon="26.71941895969212">
        <ele>257.4</ele>
        <time>2025-05-19T13:10:03</time>
      </trkpt>
      <trkpt lat="43.087387243285775" lon="26.719353664666414">
        <ele>258.4</ele>
        <time>2025-05-19T13:10:10</time>
      </trkpt>
      <trkpt lat="43.087252378463745" lon="26.719253584742546">
        <ele>259.20000000000005</ele>
        <time>2025-05-19T13:10:17</time>
      </trkpt>
      <trkpt lat="43.08721642009914" lon="26.719218716025352">
        <ele>259.6</ele>
        <time>2025-05-19T13:10:19</time>
      </trkpt>
      <trkpt lat="43.08710762299597" lon="26.719121234491467">
        <ele>260.20000000000005</ele>
        <time>2025-05-19T13:10:25</time>
      </trkpt>
      <trkpt lat="43.08705850504339" lon="26.71906515955925">
        <ele>260.6</ele>
        <time>2025-05-19T13:10:28</time>
      </trkpt>
      <trkpt lat="43.08696052059531" lon="26.71895661391318">
        <ele>261.4</ele>
        <time>2025-05-19T13:10:34</time>
      </trkpt>
      <trkpt lat="43.0869285017252" lon="26.718919230625033">
        <ele>261.6</ele>
        <time>2025-05-19T13:10:36</time>
      </trkpt>
      <trkpt lat="43.08683009818196" lon="26.718810852617025">
        <ele>262.4</ele>
        <time>2025-05-19T13:10:42</time>
      </trkpt>
      <trkpt lat="43.08681283146143" lon="26.71879450790584">
        <ele>262.79999999999995</ele>
        <time>2025-05-19T13:10:43</time>
      </trkpt>
      <trkpt lat="43.086730940267444" lon="26.718711275607347">
        <ele>263.79999999999995</ele>
        <time>2025-05-19T13:10:48</time>
      </trkpt>
      <trkpt lat="43.08666723780334" lon="26.71864547766745">
        <ele>264.6</ele>
        <time>2025-05-19T13:10:52</time>
      </trkpt>
      <trkpt lat="43.08663689531386" lon="26.718607591465116">
        <ele>264.79999999999995</ele>
        <time>2025-05-19T13:10:54</time>
      </trkpt>
      <trkpt lat="43.08653421700001" lon="26.718484461307526">
        <ele>266.20000000000005</ele>
        <time>2025-05-19T13:11:01</time>
      </trkpt>
      <trkpt lat="43.08652013540268" lon="26.718465266749263">
        <ele>266.20000000000005</ele>
        <time>2025-05-19T13:11:02</time>
      </trkpt>
      <trkpt lat="43.086451571434736" lon="26.71832922846079">
        <ele>267.20000000000005</ele>
        <time>2025-05-19T13:11:08</time>
      </trkpt>
      <trkpt lat="43.08644386008382" lon="26.71830391511321">
        <ele>267.20000000000005</ele>
        <time>2025-05-19T13:11:09</time>
      </trkpt>
      <trkpt lat="43.08641452342272" lon="26.71816511079669">
        <ele>268.20000000000005</ele>
        <time>2025-05-19T13:11:14</time>
      </trkpt>
      <trkpt lat="43.08640974573791" lon="26.718135941773653">
        <ele>268.6</ele>
        <time>2025-05-19T13:11:15</time>
      </trkpt>
      <trkpt lat="43.086382672190666" lon="26.717994203791022">
        <ele>269.4</ele>
        <time>2025-05-19T13:11:20</time>
      </trkpt>
      <trkpt lat="43.0863724462688" lon="26.717906445264816">
        <ele>269.79999999999995</ele>
        <time>2025-05-19T13:11:23</time>
      </trkpt>
      <trkpt lat="43.0863531678915" lon="26.71779320575297">
        <ele>270.4</ele>
        <time>2025-05-19T13:11:27</time>
      </trkpt>
      <trkpt lat="43.08632919564843" lon="26.717617018148303">
        <ele>271.20000000000005</ele>
        <time>2025-05-19T13:11:33</time>
      </trkpt>
      <trkpt lat="43.086320981383324" lon="26.717556919902563">
        <ele>271.6</ele>
        <time>2025-05-19T13:11:35</time>
      </trkpt>
      <trkpt lat="43.08627764694393" lon="26.71725818887353">
        <ele>272.6</ele>
        <time>2025-05-19T13:11:45</time>
      </trkpt>
      <trkpt lat="43.08625275269151" lon="26.71707445755601">
        <ele>273.79999999999995</ele>
        <time>2025-05-19T13:11:51</time>
      </trkpt>
      <trkpt lat="43.08622693642974" lon="26.716921320185065">
        <ele>274.4</ele>
        <time>2025-05-19T13:11:56</time>
      </trkpt>
      <trkpt lat="43.086209669709206" lon="26.716801458969712">
        <ele>274.79999999999995</ele>
        <time>2025-05-19T13:12:00</time>
      </trkpt>
      <trkpt lat="43.08617974631488" lon="26.716624181717634">
        <ele>275.6</ele>
        <time>2025-05-19T13:12:06</time>
      </trkpt>
      <trkpt lat="43.08617119677365" lon="26.716563748195767">
        <ele>276.0</ele>
        <time>2025-05-19T13:12:08</time>
      </trkpt>
      <trkpt lat="43.086146637797356" lon="26.716383704915643">
        <ele>276.79999999999995</ele>
        <time>2025-05-19T13:12:14</time>
      </trkpt>
      <trkpt lat="43.08614186011255" lon="26.7163531947881">
        <ele>277.0</ele>
        <time>2025-05-19T13:12:15</time>
      </trkpt>
      <trkpt lat="43.08611361309886" lon="26.716168876737356">
        <ele>277.79999999999995</ele>
        <time>2025-05-19T13:12:21</time>
      </trkpt>
      <trkpt lat="43.086108919233084" lon="26.716137947514653">
        <ele>277.79999999999995</ele>
        <time>2025-05-19T13:12:22</time>
      </trkpt>
      <trkpt lat="43.08610439300537" lon="26.716107102110982">
        <ele>278.0</ele>
        <time>2025-05-19T13:12:23</time>
      </trkpt>
      <trkpt lat="43.08606759645045" lon="26.715898141264915">
        <ele>278.79999999999995</ele>
        <time>2025-05-19T13:12:30</time>
      </trkpt>
      <trkpt lat="43.086061645299196" lon="26.71586897224188">
        <ele>279.0</ele>
        <time>2025-05-19T13:12:31</time>
      </trkpt>
      <trkpt lat="43.08600414544344" lon="26.71563101001084">
        <ele>280.0</ele>
        <time>2025-05-19T13:12:39</time>
      </trkpt>
      <trkpt lat="43.08599576354027" lon="26.7156018409878">
        <ele>280.0</ele>
        <time>2025-05-19T13:12:40</time>
      </trkpt>
      <trkpt lat="43.0859334859997" lon="26.715406542643905">
        <ele>281.0</ele>
        <time>2025-05-19T13:12:47</time>
      </trkpt>
      <trkpt lat="43.08586726896465" lon="26.715217111632228">
        <ele>282.20000000000005</ele>
        <time>2025-05-19T13:12:54</time>
      </trkpt>
      <trkpt lat="43.08584824204445" lon="26.715162629261613">
        <ele>282.4</ele>
        <time>2025-05-19T13:12:56</time>
      </trkpt>
      <trkpt lat="43.08577515184879" lon="26.714949561282992">
        <ele>283.20000000000005</ele>
        <time>2025-05-19T13:13:04</time>
      </trkpt>
      <trkpt lat="43.08570868335664" lon="26.71475493349135">
        <ele>284.6</ele>
        <time>2025-05-19T13:13:11</time>
      </trkpt>
      <trkpt lat="43.085691248998046" lon="26.714702881872654">
        <ele>285.20000000000005</ele>
        <time>2025-05-19T13:13:13</time>
      </trkpt>
      <trkpt lat="43.08566392399371" lon="26.714627696201205">
        <ele>285.79999999999995</ele>
        <time>2025-05-19T13:13:16</time>
      </trkpt>
      <trkpt lat="43.08560013771057" lon="26.714440193027258">
        <ele>287.0</ele>
        <time>2025-05-19T13:13:23</time>
      </trkpt>
      <trkpt lat="43.08553987182677" lon="26.71427800320089">
        <ele>288.20000000000005</ele>
        <time>2025-05-19T13:13:29</time>
      </trkpt>
      <trkpt lat="43.08550072833896" lon="26.714167529717088">
        <ele>288.79999999999995</ele>
        <time>2025-05-19T13:13:33</time>
      </trkpt>
      <trkpt lat="43.08545144274831" lon="26.714024618268013">
        <ele>289.4</ele>
        <time>2025-05-19T13:13:38</time>
      </trkpt>
      <trkpt lat="43.0854086112231" lon="26.713908780366182">
        <ele>289.79999999999995</ele>
        <time>2025-05-19T13:13:42</time>
      </trkpt>
      <trkpt lat="43.08535513468087" lon="26.71375136822462">
        <ele>290.4</ele>
        <time>2025-05-19T13:13:47</time>
      </trkpt>
      <trkpt lat="43.085321774706244" lon="26.71365992166102">
        <ele>290.6</ele>
        <time>2025-05-19T13:13:50</time>
      </trkpt>
      <trkpt lat="43.08523359708488" lon="26.713408967480063">
        <ele>291.20000000000005</ele>
        <time>2025-05-19T13:13:58</time>
      </trkpt>
      <trkpt lat="43.08518028818071" lon="26.713261445984244">
        <ele>291.6</ele>
        <time>2025-05-19T13:14:03</time>
      </trkpt>
      <trkpt lat="43.085138546302915" lon="26.71314342878759">
        <ele>292.0</ele>
        <time>2025-05-19T13:14:07</time>
      </trkpt>
      <trkpt lat="43.08510476723313" lon="26.71302323229611">
        <ele>292.79999999999995</ele>
        <time>2025-05-19T13:14:11</time>
      </trkpt>
      <trkpt lat="43.08506906032562" lon="26.712913177907467">
        <ele>293.20000000000005</ele>
        <time>2025-05-19T13:14:15</time>
      </trkpt>
      <trkpt lat="43.08501650579274" lon="26.7127750441432">
        <ele>293.79999999999995</ele>
        <time>2025-05-19T13:14:20</time>
      </trkpt>
      <trkpt lat="43.08496193960309" lon="26.712608579546213">
        <ele>294.79999999999995</ele>
        <time>2025-05-19T13:14:26</time>
      </trkpt>
      <trkpt lat="43.084950959309936" lon="26.71257957816124">
        <ele>294.79999999999995</ele>
        <time>2025-05-19T13:14:27</time>
      </trkpt>
      <trkpt lat="43.08485523797572" lon="26.712344801053405">
        <ele>295.6</ele>
        <time>2025-05-19T13:14:35</time>
      </trkpt>
      <trkpt lat="43.084830259904265" lon="26.71228403225541">
        <ele>295.79999999999995</ele>
        <time>2025-05-19T13:14:37</time>
      </trkpt>
      <trkpt lat="43.084735879674554" lon="26.712106838822365">
        <ele>296.4</ele>
        <time>2025-05-19T13:14:43</time>
      </trkpt>
      <trkpt lat="43.084587352350354" lon="26.711854124441743">
        <ele>296.79999999999995</ele>
        <time>2025-05-19T13:14:51</time>
      </trkpt>
      <trkpt lat="43.084385599941015" lon="26.711521530523896">
        <ele>297.4</ele>
        <time>2025-05-19T13:15:01</time>
      </trkpt>
      <trkpt lat="43.084217542782426" lon="26.7112173512578">
        <ele>297.79999999999995</ele>
        <time>2025-05-19T13:15:10</time>
      </trkpt>
      <trkpt lat="43.08420245535672" lon="26.71118499711156">
        <ele>297.79999999999995</ele>
        <time>2025-05-19T13:15:11</time>
      </trkpt>
      <trkpt lat="43.08412592858076" lon="26.710986932739615">
        <ele>298.20000000000005</ele>
        <time>2025-05-19T13:15:17</time>
      </trkpt>
      <trkpt lat="43.08407295495272" lon="26.710765566676855">
        <ele>298.79999999999995</ele>
        <time>2025-05-19T13:15:24</time>
      </trkpt>
      <trkpt lat="43.08406666852534" lon="26.7107339669019">
        <ele>299.0</ele>
        <time>2025-05-19T13:15:25</time>
      </trkpt>
      <trkpt lat="43.08405501767993" lon="26.71051511541009">
        <ele>300.0</ele>
        <time>2025-05-19T13:15:32</time>
      </trkpt>
      <trkpt lat="43.08405644260347" lon="26.710340352728963">
        <ele>301.20000000000005</ele>
        <time>2025-05-19T13:15:38</time>
      </trkpt>
      <trkpt lat="43.084057280793786" lon="26.71031327918172">
        <ele>301.20000000000005</ele>
        <time>2025-05-19T13:15:39</time>
      </trkpt>
      <trkpt lat="43.08405661024153" lon="26.710176905617118">
        <ele>302.20000000000005</ele>
        <time>2025-05-19T13:15:44</time>
      </trkpt>
      <trkpt lat="43.08406080119312" lon="26.71006953343749">
        <ele>303.0</ele>
        <time>2025-05-19T13:15:48</time>
      </trkpt>
      <trkpt lat="43.08405987918377" lon="26.710041789337993">
        <ele>303.20000000000005</ele>
        <time>2025-05-19T13:15:49</time>
      </trkpt>
      <trkpt lat="43.084067422896624" lon="26.709816148504615">
        <ele>304.4</ele>
        <time>2025-05-19T13:15:57</time>
      </trkpt>
      <trkpt lat="43.08407354168594" lon="26.709617832675576">
        <ele>305.4</ele>
        <time>2025-05-19T13:16:04</time>
      </trkpt>
      <trkpt lat="43.08407538570464" lon="26.70950367115438">
        <ele>306.0</ele>
        <time>2025-05-19T13:16:08</time>
      </trkpt>
      <trkpt lat="43.08407546952367" lon="26.70938976109028">
        <ele>306.6</ele>
        <time>2025-05-19T13:16:12</time>
      </trkpt>
      <trkpt lat="43.08407655917108" lon="26.709246514365077">
        <ele>307.4</ele>
        <time>2025-05-19T13:16:17</time>
      </trkpt>
      <trkpt lat="43.08408301323652" lon="26.709156911820173">
        <ele>307.79999999999995</ele>
        <time>2025-05-19T13:16:20</time>
      </trkpt>
      <trkpt lat="43.08408921584487" lon="26.708982652053237">
        <ele>308.20000000000005</ele>
        <time>2025-05-19T13:16:26</time>
      </trkpt>
      <trkpt lat="43.08407220058143" lon="26.70885038562119">
        <ele>308.79999999999995</ele>
        <time>2025-05-19T13:16:31</time>
      </trkpt>
      <trkpt lat="43.0840324703604" lon="26.708760363981128">
        <ele>309.4</ele>
        <time>2025-05-19T13:16:35</time>
      </trkpt>
      <trkpt lat="43.08398377150297" lon="26.708676712587476">
        <ele>310.0</ele>
        <time>2025-05-19T13:16:39</time>
      </trkpt>
      <trkpt lat="43.083945801481605" lon="26.708663133904338">
        <ele>310.0</ele>
        <time>2025-05-19T13:16:41</time>
      </trkpt>
      <trkpt lat="43.08388595469296" lon="26.708662966266274">
        <ele>310.4</ele>
        <time>2025-05-19T13:16:44</time>
      </trkpt>
      <trkpt lat="43.08382744900882" lon="26.708657182753086">
        <ele>311.20000000000005</ele>
        <time>2025-05-19T13:16:47</time>
      </trkpt>
      <trkpt lat="43.08379031717777" lon="26.708675706759095">
        <ele>311.4</ele>
        <time>2025-05-19T13:16:49</time>
      </trkpt>
      <trkpt lat="43.083713287487626" lon="26.708794394508004">
        <ele>312.20000000000005</ele>
        <time>2025-05-19T13:16:55</time>
      </trkpt>
      <trkpt lat="43.08370213955641" lon="26.70881618745625">
        <ele>312.20000000000005</ele>
        <time>2025-05-19T13:16:56</time>
      </trkpt>
      <trkpt lat="43.083650842309" lon="26.70893688686192">
        <ele>313.4</ele>
        <time>2025-05-19T13:17:01</time>
      </trkpt>
      <trkpt lat="43.083604238927364" lon="26.709034284576774">
        <ele>314.0</ele>
        <time>2025-05-19T13:17:05</time>
      </trkpt>
      <trkpt lat="43.083582278341055" lon="26.709089605137706">
        <ele>314.4</ele>
        <time>2025-05-19T13:17:07</time>
      </trkpt>
      <trkpt lat="43.083508517593145" lon="26.709272665902972">
        <ele>315.20000000000005</ele>
        <time>2025-05-19T13:17:14</time>
      </trkpt>
      <trkpt lat="43.083463590592146" lon="26.70937718823552">
        <ele>315.79999999999995</ele>
        <time>2025-05-19T13:17:18</time>
      </trkpt>
      <trkpt lat="43.08340525254607" lon="26.70946746133268">
        <ele>316.6</ele>
        <time>2025-05-19T13:17:22</time>
      </trkpt>
      <trkpt lat="43.08336761780083" lon="26.709503838792443">
        <ele>316.79999999999995</ele>
        <time>2025-05-19T13:17:24</time>
      </trkpt>
      <trkpt lat="43.08325429446995" lon="26.70953694730997">
        <ele>317.20000000000005</ele>
        <time>2025-05-19T13:17:29</time>
      </trkpt>
      <trkpt lat="43.0831394623965" lon="26.709504844620824">
        <ele>317.79999999999995</ele>
        <time>2025-05-19T13:17:34</time>
      </trkpt>
      <trkpt lat="43.08307835832238" lon="26.709460001438856">
        <ele>318.20000000000005</ele>
        <time>2025-05-19T13:17:37</time>
      </trkpt>
      <trkpt lat="43.083002837374806" lon="26.709408117458224">
        <ele>319.0</ele>
        <time>2025-05-19T13:17:41</time>
      </trkpt>
      <trkpt lat="43.082982217893004" lon="26.709387665614486">
        <ele>319.20000000000005</ele>
        <time>2025-05-19T13:17:43</time>
      </trkpt>
      <trkpt lat="43.082981798797846" lon="26.709379870444536">
        <ele>320.0</ele>
        <time>2025-05-19T13:17:49</time>
      </trkpt>
      <trkpt lat="43.082992024719715" lon="26.7093747574836">
        <ele>320.20000000000005</ele>
        <time>2025-05-19T13:18:00</time>
      </trkpt>
      <trkpt lat="43.08299814350903" lon="26.709378864616156">
        <ele>320.20000000000005</ele>
        <time>2025-05-19T13:18:09</time>
      </trkpt>
      <trkpt lat="43.08299814350903" lon="26.70937802642584">
        <ele>320.6</ele>
        <time>2025-05-19T13:18:26</time>
      </trkpt>
      <trkpt lat="43.08299814350903" lon="26.709378277882934">
        <ele>320.79999999999995</ele>
        <time>2025-05-19T13:18:49</time>
      </trkpt>
      <trkpt lat="43.082995880395174" lon="26.709379870444536">
        <ele>320.6</ele>
        <time>2025-05-19T13:19:05</time>
      </trkpt>
      <trkpt lat="43.082992443814874" lon="26.709378864616156">
        <ele>320.4</ele>
        <time>2025-05-19T13:19:14</time>
      </trkpt>
      <trkpt lat="43.08294726535678" lon="26.7093575745821">
        <ele>320.4</ele>
        <time>2025-05-19T13:19:18</time>
      </trkpt>
      <trkpt lat="43.08280996978283" lon="26.709230840206146">
        <ele>320.6</ele>
        <time>2025-05-19T13:19:24</time>
      </trkpt>
      <trkpt lat="43.08263260871172" lon="26.70898575335741">
        <ele>320.79999999999995</ele>
        <time>2025-05-19T13:19:31</time>
      </trkpt>
      <trkpt lat="43.0824126675725" lon="26.70864217914641">
        <ele>320.79999999999995</ele>
        <time>2025-05-19T13:19:39</time>
      </trkpt>
      <trkpt lat="43.08235156349838" lon="26.70855232514441">
        <ele>320.79999999999995</ele>
        <time>2025-05-19T13:19:41</time>
      </trkpt>
      <trkpt lat="43.08207512833178" lon="26.708193328231573">
        <ele>320.4</ele>
        <time>2025-05-19T13:19:49</time>
      </trkpt>
      <trkpt lat="43.081771451979876" lon="26.70794011093676">
        <ele>319.4</ele>
        <time>2025-05-19T13:19:55</time>
      </trkpt>
      <trkpt lat="43.081649327650666" lon="26.70784816145897">
        <ele>319.0</ele>
        <time>2025-05-19T13:19:57</time>
      </trkpt>
      <trkpt lat="43.08138362132013" lon="26.707646073773503">
        <ele>318.0</ele>
        <time>2025-05-19T13:20:01</time>
      </trkpt>
      <trkpt lat="43.08131438679993" lon="26.707592932507396">
        <ele>317.6</ele>
        <time>2025-05-19T13:20:02</time>
      </trkpt>
      <trkpt lat="43.081104923039675" lon="26.707432670518756">
        <ele>316.20000000000005</ele>
        <time>2025-05-19T13:20:05</time>
      </trkpt>
      <trkpt lat="43.08089755475521" lon="26.7072715703398">
        <ele>314.79999999999995</ele>
        <time>2025-05-19T13:20:08</time>
      </trkpt>
      <trkpt lat="43.08069488033652" lon="26.707112146541476">
        <ele>313.79999999999995</ele>
        <time>2025-05-19T13:20:11</time>
      </trkpt>
      <trkpt lat="43.08049639686942" lon="26.706960266456008">
        <ele>312.6</ele>
        <time>2025-05-19T13:20:14</time>
      </trkpt>
      <trkpt lat="43.08011661283672" lon="26.706661200150847">
        <ele>311.4</ele>
        <time>2025-05-19T13:20:20</time>
      </trkpt>
      <trkpt lat="43.079936569556594" lon="26.706496831029654">
        <ele>311.0</ele>
        <time>2025-05-19T13:20:23</time>
      </trkpt>
      <trkpt lat="43.07971503585577" lon="26.706250067800283">
        <ele>310.20000000000005</ele>
        <time>2025-05-19T13:20:27</time>
      </trkpt>
      <trkpt lat="43.079513953998685" lon="26.70598746277392">
        <ele>309.6</ele>
        <time>2025-05-19T13:20:31</time>
      </trkpt>
      <trkpt lat="43.079315051436424" lon="26.705729886889458">
        <ele>309.0</ele>
        <time>2025-05-19T13:20:35</time>
      </trkpt>
      <trkpt lat="43.07906870730221" lon="26.705406345427036">
        <ele>307.79999999999995</ele>
        <time>2025-05-19T13:20:40</time>
      </trkpt>
      <trkpt lat="43.07891816832125" lon="26.70521255582571">
        <ele>307.4</ele>
        <time>2025-05-19T13:20:43</time>
      </trkpt>
      <trkpt lat="43.07866545394063" lon="26.70487384311855">
        <ele>306.6</ele>
        <time>2025-05-19T13:20:48</time>
      </trkpt>
      <trkpt lat="43.07850678451359" lon="26.704667815938592">
        <ele>306.0</ele>
        <time>2025-05-19T13:20:51</time>
      </trkpt>
      <trkpt lat="43.07845305651426" lon="26.704598581418395">
        <ele>305.79999999999995</ele>
        <time>2025-05-19T13:20:52</time>
      </trkpt>
      <trkpt lat="43.078399412333965" lon="26.70452850870788">
        <ele>305.6</ele>
        <time>2025-05-19T13:20:53</time>
      </trkpt>
      <trkpt lat="43.07813001796603" lon="26.704167583957314">
        <ele>304.4</ele>
        <time>2025-05-19T13:20:58</time>
      </trkpt>
      <trkpt lat="43.07790605351329" lon="26.70387522317469">
        <ele>303.4</ele>
        <time>2025-05-19T13:21:02</time>
      </trkpt>
      <trkpt lat="43.07779172435403" lon="26.703725438565016">
        <ele>302.20000000000005</ele>
        <time>2025-05-19T13:21:04</time>
      </trkpt>
      <trkpt lat="43.07755971327424" lon="26.703419582918286">
        <ele>301.20000000000005</ele>
        <time>2025-05-19T13:21:08</time>
      </trkpt>
      <trkpt lat="43.07732032611966" lon="26.703109787777066">
        <ele>300.0</ele>
        <time>2025-05-19T13:21:12</time>
      </trkpt>
      <trkpt lat="43.07726014405489" lon="26.703030997887254">
        <ele>299.79999999999995</ele>
        <time>2025-05-19T13:21:13</time>
      </trkpt>
      <trkpt lat="43.07707892730832" lon="26.702794544398785">
        <ele>298.6</ele>
        <time>2025-05-19T13:21:16</time>
      </trkpt>
      <trkpt lat="43.076905589550734" lon="26.702547278255224">
        <ele>297.4</ele>
        <time>2025-05-19T13:21:19</time>
      </trkpt>
      <trkpt lat="43.07680291123688" lon="26.70237109065056">
        <ele>296.79999999999995</ele>
        <time>2025-05-19T13:21:21</time>
      </trkpt>
      <trkpt lat="43.07671984657645" lon="26.702183252200484">
        <ele>296.20000000000005</ele>
        <time>2025-05-19T13:21:23</time>
      </trkpt>
      <trkpt lat="43.07662110775709" lon="26.701899440959096">
        <ele>295.20000000000005</ele>
        <time>2025-05-19T13:21:26</time>
      </trkpt>
      <trkpt lat="43.07650610804558" lon="26.701545557007194">
        <ele>294.0</ele>
        <time>2025-05-19T13:21:30</time>
      </trkpt>
      <trkpt lat="43.07639739476144" lon="26.701210867613554">
        <ele>292.79999999999995</ele>
        <time>2025-05-19T13:21:34</time>
      </trkpt>
      <trkpt lat="43.07615876197815" lon="26.70048750936985">
        <ele>291.6</ele>
        <time>2025-05-19T13:21:43</time>
      </trkpt>
      <trkpt lat="43.07613370008767" lon="26.700410060584545">
        <ele>291.4</ele>
        <time>2025-05-19T13:21:44</time>
      </trkpt>
      <trkpt lat="43.075930858030915" lon="26.6997907217592">
        <ele>290.4</ele>
        <time>2025-05-19T13:21:52</time>
      </trkpt>
      <trkpt lat="43.07590420357883" lon="26.699709501117468">
        <ele>290.4</ele>
        <time>2025-05-19T13:21:53</time>
      </trkpt>
      <trkpt lat="43.07574134320021" lon="26.69922485947609">
        <ele>289.6</ele>
        <time>2025-05-19T13:21:59</time>
      </trkpt>
      <trkpt lat="43.07558367960155" lon="26.69874315150082">
        <ele>288.4</ele>
        <time>2025-05-19T13:22:05</time>
      </trkpt>
      <trkpt lat="43.075557108968496" lon="26.698663188144565">
        <ele>288.0</ele>
        <time>2025-05-19T13:22:06</time>
      </trkpt>
      <trkpt lat="43.07545158080757" lon="26.69834920205176">
        <ele>287.20000000000005</ele>
        <time>2025-05-19T13:22:10</time>
      </trkpt>
      <trkpt lat="43.075268771499395" lon="26.69780010357499">
        <ele>286.20000000000005</ele>
        <time>2025-05-19T13:22:17</time>
      </trkpt>
      <trkpt lat="43.075087470933795" lon="26.697252094745636">
        <ele>285.0</ele>
        <time>2025-05-19T13:22:24</time>
      </trkpt>
      <trkpt lat="43.07503441348672" lon="26.69709786772728">
        <ele>284.6</ele>
        <time>2025-05-19T13:22:26</time>
      </trkpt>
      <trkpt lat="43.0749801825732" lon="26.696942383423448">
        <ele>284.0</ele>
        <time>2025-05-19T13:22:28</time>
      </trkpt>
      <trkpt lat="43.07484422810376" lon="26.696532424539328">
        <ele>283.0</ele>
        <time>2025-05-19T13:22:33</time>
      </trkpt>
      <trkpt lat="43.07481489144266" lon="26.69645003043115">
        <ele>282.79999999999995</ele>
        <time>2025-05-19T13:22:34</time>
      </trkpt>
      <trkpt lat="43.07464096695185" lon="26.695947451516986">
        <ele>281.6</ele>
        <time>2025-05-19T13:22:40</time>
      </trkpt>
      <trkpt lat="43.074492355808616" lon="26.69551569968462">
        <ele>280.79999999999995</ele>
        <time>2025-05-19T13:22:45</time>
      </trkpt>
      <trkpt lat="43.074461594223976" lon="26.69542777352035">
        <ele>280.6</ele>
        <time>2025-05-19T13:22:46</time>
      </trkpt>
      <trkpt lat="43.074303679168224" lon="26.69497339054942">
        <ele>279.4</ele>
        <time>2025-05-19T13:22:51</time>
      </trkpt>
      <trkpt lat="43.07420527562499" lon="26.694690082222223">
        <ele>278.4</ele>
        <time>2025-05-19T13:22:54</time>
      </trkpt>
      <trkpt lat="43.07417216710746" lon="26.69459511525929">
        <ele>278.0</ele>
        <time>2025-05-19T13:22:55</time>
      </trkpt>
      <trkpt lat="43.07403772138059" lon="26.694210469722748">
        <ele>276.79999999999995</ele>
        <time>2025-05-19T13:22:59</time>
      </trkpt>
      <trkpt lat="43.073903527110815" lon="26.693820795044303">
        <ele>275.6</ele>
        <time>2025-05-19T13:23:03</time>
      </trkpt>
      <trkpt lat="43.073801938444376" lon="26.693528601899743">
        <ele>274.79999999999995</ele>
        <time>2025-05-19T13:23:06</time>
      </trkpt>
      <trkpt lat="43.07366908527911" lon="26.69314144179225">
        <ele>273.6</ele>
        <time>2025-05-19T13:23:10</time>
      </trkpt>
      <trkpt lat="43.07356850244105" lon="26.69285126030445">
        <ele>272.6</ele>
        <time>2025-05-19T13:23:13</time>
      </trkpt>
      <trkpt lat="43.07346791960299" lon="26.692559402436018">
        <ele>271.6</ele>
        <time>2025-05-19T13:23:16</time>
      </trkpt>
      <trkpt lat="43.07332995347679" lon="26.692161010578275">
        <ele>270.20000000000005</ele>
        <time>2025-05-19T13:23:20</time>
      </trkpt>
      <trkpt lat="43.07322350330651" lon="26.691855154931545">
        <ele>269.20000000000005</ele>
        <time>2025-05-19T13:23:23</time>
      </trkpt>
      <trkpt lat="43.07315183803439" lon="26.691648457199335">
        <ele>268.4</ele>
        <time>2025-05-19T13:23:25</time>
      </trkpt>
      <trkpt lat="43.07311596348882" lon="26.69154418632388">
        <ele>268.20000000000005</ele>
        <time>2025-05-19T13:23:26</time>
      </trkpt>
      <trkpt lat="43.07296760380268" lon="26.69112249277532">
        <ele>267.0</ele>
        <time>2025-05-19T13:23:30</time>
      </trkpt>
      <trkpt lat="43.072853442281485" lon="26.690798364579678">
        <ele>265.6</ele>
        <time>2025-05-19T13:23:33</time>
      </trkpt>
      <trkpt lat="43.07277607731521" lon="26.690581189468503">
        <ele>264.6</ele>
        <time>2025-05-19T13:23:35</time>
      </trkpt>
      <trkpt lat="43.07273651473224" lon="26.690471973270178">
        <ele>264.0</ele>
        <time>2025-05-19T13:23:36</time>
      </trkpt>
      <trkpt lat="43.07266015559435" lon="26.690249014645815">
        <ele>263.0</ele>
        <time>2025-05-19T13:23:38</time>
      </trkpt>
      <trkpt lat="43.07255362160504" lon="26.68990527279675">
        <ele>261.6</ele>
        <time>2025-05-19T13:23:41</time>
      </trkpt>
      <trkpt lat="43.072492433711886" lon="26.68967116624117">
        <ele>261.0</ele>
        <time>2025-05-19T13:23:43</time>
      </trkpt>
      <trkpt lat="43.07246561162174" lon="26.689553149044514">
        <ele>260.6</ele>
        <time>2025-05-19T13:23:44</time>
      </trkpt>
      <trkpt lat="43.07238799519837" lon="26.6891997680068">
        <ele>259.4</ele>
        <time>2025-05-19T13:23:47</time>
      </trkpt>
      <trkpt lat="43.07231230661273" lon="26.688850577920675">
        <ele>257.79999999999995</ele>
        <time>2025-05-19T13:23:50</time>
      </trkpt>
      <trkpt lat="43.07226260192692" lon="26.68862066231668">
        <ele>256.6</ele>
        <time>2025-05-19T13:23:52</time>
      </trkpt>
      <trkpt lat="43.072188002988696" lon="26.688275914639235">
        <ele>255.0</ele>
        <time>2025-05-19T13:23:55</time>
      </trkpt>
      <trkpt lat="43.072113739326596" lon="26.687928903847933">
        <ele>253.79999999999995</ele>
        <time>2025-05-19T13:23:58</time>
      </trkpt>
      <trkpt lat="43.07203712873161" lon="26.68758432380855">
        <ele>252.39999999999998</ele>
        <time>2025-05-19T13:24:01</time>
      </trkpt>
      <trkpt lat="43.07198381982744" lon="26.68735457584262">
        <ele>251.39999999999998</ele>
        <time>2025-05-19T13:24:03</time>
      </trkpt>
      <trkpt lat="43.07195641100407" lon="26.68724074959755">
        <ele>251.0</ele>
        <time>2025-05-19T13:24:04</time>
      </trkpt>
      <trkpt lat="43.07190394029021" lon="26.687016701325774">
        <ele>250.20000000000005</ele>
        <time>2025-05-19T13:24:06</time>
      </trkpt>
      <trkpt lat="43.07182372547686" lon="26.686678994446993">
        <ele>248.79999999999995</ele>
        <time>2025-05-19T13:24:09</time>
      </trkpt>
      <trkpt lat="43.07176756672561" lon="26.686455365270376">
        <ele>247.79999999999995</ele>
        <time>2025-05-19T13:24:11</time>
      </trkpt>
      <trkpt lat="43.07170361280441" lon="26.68623073026538">
        <ele>246.79999999999995</ele>
        <time>2025-05-19T13:24:13</time>
      </trkpt>
      <trkpt lat="43.07158526033163" lon="26.685899309813976">
        <ele>245.60000000000002</ele>
        <time>2025-05-19T13:24:16</time>
      </trkpt>
      <trkpt lat="43.071442348882556" lon="26.685566967353225">
        <ele>244.20000000000005</ele>
        <time>2025-05-19T13:24:19</time>
      </trkpt>
      <trkpt lat="43.071346962824464" lon="26.685340236872435">
        <ele>243.20000000000005</ele>
        <time>2025-05-19T13:24:21</time>
      </trkpt>
      <trkpt lat="43.071251241490245" lon="26.6851192060858">
        <ele>241.79999999999995</ele>
        <time>2025-05-19T13:24:23</time>
      </trkpt>
      <trkpt lat="43.07115660980344" lon="26.684902450069785">
        <ele>240.60000000000002</ele>
        <time>2025-05-19T13:24:25</time>
      </trkpt>
      <trkpt lat="43.07106340304017" lon="26.68468477204442">
        <ele>239.20000000000005</ele>
        <time>2025-05-19T13:24:27</time>
      </trkpt>
      <trkpt lat="43.07101646438241" lon="26.68457480147481">
        <ele>238.60000000000002</ele>
        <time>2025-05-19T13:24:28</time>
      </trkpt>
      <trkpt lat="43.07096910662949" lon="26.68446592055261">
        <ele>237.79999999999995</ele>
        <time>2025-05-19T13:24:29</time>
      </trkpt>
      <trkpt lat="43.07087539695203" lon="26.684254948049784">
        <ele>236.39999999999998</ele>
        <time>2025-05-19T13:24:31</time>
      </trkpt>
      <trkpt lat="43.07083139196038" lon="26.684150425717235">
        <ele>235.20000000000005</ele>
        <time>2025-05-19T13:24:32</time>
      </trkpt>
      <trkpt lat="43.070748494938016" lon="26.683933837339282">
        <ele>233.79999999999995</ele>
        <time>2025-05-19T13:24:34</time>
      </trkpt>
      <trkpt lat="43.070711363106966" lon="26.683824118226767">
        <ele>233.0</ele>
        <time>2025-05-19T13:24:35</time>
      </trkpt>
      <trkpt lat="43.07068169116974" lon="26.683715488761663">
        <ele>232.20000000000005</ele>
        <time>2025-05-19T13:24:36</time>
      </trkpt>
      <trkpt lat="43.070630142465234" lon="26.683497140184045">
        <ele>231.0</ele>
        <time>2025-05-19T13:24:38</time>
      </trkpt>
      <trkpt lat="43.070579934865236" lon="26.6832784563303">
        <ele>229.60000000000002</ele>
        <time>2025-05-19T13:24:40</time>
      </trkpt>
      <trkpt lat="43.07052050717175" lon="26.683057425543666">
        <ele>228.60000000000002</ele>
        <time>2025-05-19T13:24:42</time>
      </trkpt>
      <trkpt lat="43.070435263216496" lon="26.68283865787089">
        <ele>227.20000000000005</ele>
        <time>2025-05-19T13:24:44</time>
      </trkpt>
      <trkpt lat="43.07038011029363" lon="26.682737823575735">
        <ele>226.60000000000002</ele>
        <time>2025-05-19T13:24:45</time>
      </trkpt>
      <trkpt lat="43.070318503305316" lon="26.682644868269563">
        <ele>226.0</ele>
        <time>2025-05-19T13:24:46</time>
      </trkpt>
      <trkpt lat="43.07018673978746" lon="26.682466585189104">
        <ele>224.79999999999995</ele>
        <time>2025-05-19T13:24:48</time>
      </trkpt>
      <trkpt lat="43.07003770954907" lon="26.682295594364405">
        <ele>223.39999999999998</ele>
        <time>2025-05-19T13:24:50</time>
      </trkpt>
      <trkpt lat="43.06986068375409" lon="26.68217556551099">
        <ele>221.79999999999995</ele>
        <time>2025-05-19T13:24:52</time>
      </trkpt>
      <trkpt lat="43.06976454332471" lon="26.682146480306983">
        <ele>220.79999999999995</ele>
        <time>2025-05-19T13:24:53</time>
      </trkpt>
      <trkpt lat="43.0696664750576" lon="26.682142121717334">
        <ele>220.0</ele>
        <time>2025-05-19T13:24:54</time>
      </trkpt>
      <trkpt lat="43.06947193108499" lon="26.682186545804143">
        <ele>218.39999999999998</ele>
        <time>2025-05-19T13:24:56</time>
      </trkpt>
      <trkpt lat="43.06937847286463" lon="26.682220911607146">
        <ele>217.60000000000002</ele>
        <time>2025-05-19T13:24:57</time>
      </trkpt>
      <trkpt lat="43.069287948310375" lon="26.68225879780948">
        <ele>216.79999999999995</ele>
        <time>2025-05-19T13:24:58</time>
      </trkpt>
      <trkpt lat="43.06911653839052" lon="26.682339515537024">
        <ele>215.20000000000005</ele>
        <time>2025-05-19T13:25:00</time>
      </trkpt>
      <trkpt lat="43.06903565302491" lon="26.682380670681596">
        <ele>214.60000000000002</ele>
        <time>2025-05-19T13:25:01</time>
      </trkpt>
      <trkpt lat="43.0689587071538" lon="26.682424508035183">
        <ele>213.39999999999998</ele>
        <time>2025-05-19T13:25:02</time>
      </trkpt>
      <trkpt lat="43.06874186731875" lon="26.68255769647658">
        <ele>212.39999999999998</ele>
        <time>2025-05-19T13:25:05</time>
      </trkpt>
      <trkpt lat="43.068605829030275" lon="26.682631708681583">
        <ele>212.0</ele>
        <time>2025-05-19T13:25:07</time>
      </trkpt>
      <trkpt lat="43.068539360538125" lon="26.68266079388559">
        <ele>212.0</ele>
        <time>2025-05-19T13:25:08</time>
      </trkpt>
      <trkpt lat="43.06834515184164" lon="26.682688957080245">
        <ele>211.79999999999995</ele>
        <time>2025-05-19T13:25:11</time>
      </trkpt>
      <trkpt lat="43.06822964921594" lon="26.682663140818477">
        <ele>211.60000000000002</ele>
        <time>2025-05-19T13:25:13</time>
      </trkpt>
      <trkpt lat="43.0680760089308" lon="26.682613771408796">
        <ele>211.60000000000002</ele>
        <time>2025-05-19T13:25:16</time>
      </trkpt>
      <trkpt lat="43.06789034977555" lon="26.682529281824827">
        <ele>211.60000000000002</ele>
        <time>2025-05-19T13:25:21</time>
      </trkpt>
      <trkpt lat="43.067749785259366" lon="26.682471111416817">
        <ele>212.0</ele>
        <time>2025-05-19T13:25:27</time>
      </trkpt>
      <trkpt lat="43.06760352104902" lon="26.682414365932345">
        <ele>213.39999999999998</ele>
        <time>2025-05-19T13:25:33</time>
      </trkpt>
      <trkpt lat="43.0675804708153" lon="26.682398607954383">
        <ele>213.60000000000002</ele>
        <time>2025-05-19T13:25:34</time>
      </trkpt>
      <trkpt lat="43.067467818036675" lon="26.682315543293953">
        <ele>214.39999999999998</ele>
        <time>2025-05-19T13:25:39</time>
      </trkpt>
      <trkpt lat="43.067425237968564" lon="26.682275561615825">
        <ele>215.0</ele>
        <time>2025-05-19T13:25:41</time>
      </trkpt>
      <trkpt lat="43.067289954051375" lon="26.68212535791099">
        <ele>215.60000000000002</ele>
        <time>2025-05-19T13:25:47</time>
      </trkpt>
      <trkpt lat="43.06724477559328" lon="26.682076239958405">
        <ele>215.60000000000002</ele>
        <time>2025-05-19T13:25:49</time>
      </trkpt>
      <trkpt lat="43.06707755662501" lon="26.68197389692068">
        <ele>216.20000000000005</ele>
        <time>2025-05-19T13:25:55</time>
      </trkpt>
      <trkpt lat="43.06684009730816" lon="26.681952606886625">
        <ele>216.20000000000005</ele>
        <time>2025-05-19T13:26:02</time>
      </trkpt>
      <trkpt lat="43.06658511981368" lon="26.6820212546736">
        <ele>216.60000000000002</ele>
        <time>2025-05-19T13:26:10</time>
      </trkpt>
      <trkpt lat="43.06655905209482" lon="26.682030893862247">
        <ele>216.60000000000002</ele>
        <time>2025-05-19T13:26:11</time>
      </trkpt>
      <trkpt lat="43.066386468708515" lon="26.682093758136034">
        <ele>217.39999999999998</ele>
        <time>2025-05-19T13:26:18</time>
      </trkpt>
      <trkpt lat="43.0662886518985" lon="26.68211747892201">
        <ele>217.60000000000002</ele>
        <time>2025-05-19T13:26:22</time>
      </trkpt>
      <trkpt lat="43.06616862304509" lon="26.682134494185448">
        <ele>218.60000000000002</ele>
        <time>2025-05-19T13:26:27</time>
      </trkpt>
      <trkpt lat="43.066076170653105" lon="26.68213021941483">
        <ele>219.0</ele>
        <time>2025-05-19T13:26:31</time>
      </trkpt>
      <trkpt lat="43.06601204909384" lon="26.682108342647552">
        <ele>219.39999999999998</ele>
        <time>2025-05-19T13:26:34</time>
      </trkpt>
      <trkpt lat="43.065898390486836" lon="26.68202913366258">
        <ele>220.0</ele>
        <time>2025-05-19T13:26:40</time>
      </trkpt>
      <trkpt lat="43.06586477905512" lon="26.681996528059244">
        <ele>220.39999999999998</ele>
        <time>2025-05-19T13:26:42</time>
      </trkpt>
      <trkpt lat="43.06578615680337" lon="26.681868033483624">
        <ele>221.20000000000005</ele>
        <time>2025-05-19T13:26:48</time>
      </trkpt>
      <trkpt lat="43.06577702052891" lon="26.681844145059586">
        <ele>221.20000000000005</ele>
        <time>2025-05-19T13:26:49</time>
      </trkpt>
      <trkpt lat="43.06571574881673" lon="26.681713135913014">
        <ele>222.20000000000005</ele>
        <time>2025-05-19T13:26:55</time>
      </trkpt>
      <trkpt lat="43.06569680571556" lon="26.681670639663935">
        <ele>222.60000000000002</ele>
        <time>2025-05-19T13:26:57</time>
      </trkpt>
      <trkpt lat="43.06566109880805" lon="26.681575002148747">
        <ele>223.39999999999998</ele>
        <time>2025-05-19T13:27:01</time>
      </trkpt>
      <trkpt lat="43.0656289961189" lon="26.681502163410187">
        <ele>223.79999999999995</ele>
        <time>2025-05-19T13:27:04</time>
      </trkpt>
      <trkpt lat="43.06557711213827" lon="26.681380541995168">
        <ele>224.60000000000002</ele>
        <time>2025-05-19T13:27:09</time>
      </trkpt>
      <trkpt lat="43.06553947739303" lon="26.681315079331398">
        <ele>224.79999999999995</ele>
        <time>2025-05-19T13:27:12</time>
      </trkpt>
      <trkpt lat="43.06545280851424" lon="26.681194715201855">
        <ele>225.60000000000002</ele>
        <time>2025-05-19T13:27:18</time>
      </trkpt>
      <trkpt lat="43.06542062200606" lon="26.68115934357047">
        <ele>226.0</ele>
        <time>2025-05-19T13:27:20</time>
      </trkpt>
      <trkpt lat="43.06535264477134" lon="26.681092707440257">
        <ele>226.60000000000002</ele>
        <time>2025-05-19T13:27:24</time>
      </trkpt>
      <trkpt lat="43.06526773609221" lon="26.68102246709168">
        <ele>227.39999999999998</ele>
        <time>2025-05-19T13:27:29</time>
      </trkpt>
      <trkpt lat="43.065233789384365" lon="26.680994890630245">
        <ele>227.79999999999995</ele>
        <time>2025-05-19T13:27:31</time>
      </trkpt>
      <trkpt lat="43.06509959511459" lon="26.68089154176414">
        <ele>228.39999999999998</ele>
        <time>2025-05-19T13:27:38</time>
      </trkpt>
      <trkpt lat="43.06501745246351" lon="26.680824402719736">
        <ele>229.0</ele>
        <time>2025-05-19T13:27:42</time>
      </trkpt>
      <trkpt lat="43.06492826901376" lon="26.68076346628368">
        <ele>229.20000000000005</ele>
        <time>2025-05-19T13:27:46</time>
      </trkpt>
      <trkpt lat="43.06469935923815" lon="26.680667158216238">
        <ele>229.79999999999995</ele>
        <time>2025-05-19T13:27:55</time>
      </trkpt>
      <trkpt lat="43.064562901854515" lon="26.680672438815236">
        <ele>230.0</ele>
        <time>2025-05-19T13:28:00</time>
      </trkpt>
      <trkpt lat="43.06453691795468" lon="26.68067696504295">
        <ele>230.20000000000005</ele>
        <time>2025-05-19T13:28:01</time>
      </trkpt>
      <trkpt lat="43.06433700956404" lon="26.680744774639606">
        <ele>231.0</ele>
        <time>2025-05-19T13:28:10</time>
      </trkpt>
      <trkpt lat="43.06431689299643" lon="26.68075039051473">
        <ele>231.0</ele>
        <time>2025-05-19T13:28:11</time>
      </trkpt>
      <trkpt lat="43.0641960259527" lon="26.680801855400205">
        <ele>231.79999999999995</ele>
        <time>2025-05-19T13:28:18</time>
      </trkpt>
      <trkpt lat="43.06416392326355" lon="26.68081233277917">
        <ele>232.0</ele>
        <time>2025-05-19T13:28:20</time>
      </trkpt>
      <trkpt lat="43.06406585499644" lon="26.680851224809885">
        <ele>233.0</ele>
        <time>2025-05-19T13:28:26</time>
      </trkpt>
      <trkpt lat="43.064047833904624" lon="26.680856253951788">
        <ele>233.20000000000005</ele>
        <time>2025-05-19T13:28:27</time>
      </trkpt>
      <trkpt lat="43.06395814754069" lon="26.680885422974825">
        <ele>234.39999999999998</ele>
        <time>2025-05-19T13:28:32</time>
      </trkpt>
      <trkpt lat="43.06392319500446" lon="26.680897241458297">
        <ele>234.60000000000002</ele>
        <time>2025-05-19T13:28:34</time>
      </trkpt>
      <trkpt lat="43.06383149698377" lon="26.680925404652953">
        <ele>235.60000000000002</ele>
        <time>2025-05-19T13:28:39</time>
      </trkpt>
      <trkpt lat="43.06379294022918" lon="26.68093604966998">
        <ele>235.79999999999995</ele>
        <time>2025-05-19T13:28:41</time>
      </trkpt>
      <trkpt lat="43.06365229189396" lon="26.680956836789846">
        <ele>236.79999999999995</ele>
        <time>2025-05-19T13:28:48</time>
      </trkpt>
      <trkpt lat="43.06341893970966" lon="26.680953316390514">
        <ele>237.60000000000002</ele>
        <time>2025-05-19T13:28:59</time>
      </trkpt>
      <trkpt lat="43.06337677873671" lon="26.680943593382835">
        <ele>237.79999999999995</ele>
        <time>2025-05-19T13:29:01</time>
      </trkpt>
      <trkpt lat="43.06325817480683" lon="26.680889697745442">
        <ele>238.39999999999998</ele>
        <time>2025-05-19T13:29:07</time>
      </trkpt>
      <trkpt lat="43.06319983676076" lon="26.68085675686598">
        <ele>238.79999999999995</ele>
        <time>2025-05-19T13:29:10</time>
      </trkpt>
      <trkpt lat="43.06311056949198" lon="26.680785343050957">
        <ele>239.39999999999998</ele>
        <time>2025-05-19T13:29:15</time>
      </trkpt>
      <trkpt lat="43.063076538965106" lon="26.680753491818905">
        <ele>239.79999999999995</ele>
        <time>2025-05-19T13:29:17</time>
      </trkpt>
      <trkpt lat="43.06299624033272" lon="26.680664224550128">
        <ele>240.60000000000002</ele>
        <time>2025-05-19T13:29:22</time>
      </trkpt>
      <trkpt lat="43.06296547874808" lon="26.68062667362392">
        <ele>241.0</ele>
        <time>2025-05-19T13:29:24</time>
      </trkpt>
      <trkpt lat="43.06290085427463" lon="26.680523324757814">
        <ele>241.79999999999995</ele>
        <time>2025-05-19T13:29:29</time>
      </trkpt>
      <trkpt lat="43.062871685251594" lon="26.680483929812908">
        <ele>242.0</ele>
        <time>2025-05-19T13:29:31</time>
      </trkpt>
      <trkpt lat="43.062790213152766" lon="26.68037110939622">
        <ele>242.79999999999995</ele>
        <time>2025-05-19T13:29:36</time>
      </trkpt>
      <trkpt lat="43.06275618262589" lon="26.68032526038587">
        <ele>243.39999999999998</ele>
        <time>2025-05-19T13:29:38</time>
      </trkpt>
      <trkpt lat="43.062661131843925" lon="26.680208668112755">
        <ele>243.79999999999995</ele>
        <time>2025-05-19T13:29:43</time>
      </trkpt>
      <trkpt lat="43.0625379178673" lon="26.680027032271028">
        <ele>244.20000000000005</ele>
        <time>2025-05-19T13:29:49</time>
      </trkpt>
      <trkpt lat="43.062374303117394" lon="26.679804492741823">
        <ele>244.39999999999998</ele>
        <time>2025-05-19T13:29:56</time>
      </trkpt>
      <trkpt lat="43.062212532386184" lon="26.679580444470048">
        <ele>244.39999999999998</ele>
        <time>2025-05-19T13:30:03</time>
      </trkpt>
      <trkpt lat="43.06212142109871" lon="26.6794568952173">
        <ele>244.60000000000002</ele>
        <time>2025-05-19T13:30:09</time>
      </trkpt>
      <trkpt lat="43.062064507976174" lon="26.67939445003867">
        <ele>245.0</ele>
        <time>2025-05-19T13:30:14</time>
      </trkpt>
      <trkpt lat="43.062051767483354" lon="26.679375423118472">
        <ele>245.0</ele>
        <time>2025-05-19T13:30:15</time>
      </trkpt>
      <trkpt lat="43.06192511692643" lon="26.679207449778914">
        <ele>245.39999999999998</ele>
        <time>2025-05-19T13:30:23</time>
      </trkpt>
      <trkpt lat="43.061810452491045" lon="26.679049786180258">
        <ele>246.0</ele>
        <time>2025-05-19T13:30:30</time>
      </trkpt>
      <trkpt lat="43.06171054020524" lon="26.67890327051282">
        <ele>246.60000000000002</ele>
        <time>2025-05-19T13:30:36</time>
      </trkpt>
      <trkpt lat="43.06165379472077" lon="26.67878659442067">
        <ele>247.0</ele>
        <time>2025-05-19T13:30:40</time>
      </trkpt>
      <trkpt lat="43.06159763596952" lon="26.678592218086123">
        <ele>247.79999999999995</ele>
        <time>2025-05-19T13:30:46</time>
      </trkpt>
      <trkpt lat="43.06158632040024" lon="26.678523989394307">
        <ele>248.0</ele>
        <time>2025-05-19T13:30:48</time>
      </trkpt>
      <trkpt lat="43.06155086494982" lon="26.678242441266775">
        <ele>248.79999999999995</ele>
        <time>2025-05-19T13:30:55</time>
      </trkpt>
      <trkpt lat="43.06154533289373" lon="26.678197430446744">
        <ele>248.79999999999995</ele>
        <time>2025-05-19T13:30:56</time>
      </trkpt>
      <trkpt lat="43.06149252690375" lon="26.677827453240752">
        <ele>249.60000000000002</ele>
        <time>2025-05-19T13:31:04</time>
      </trkpt>
      <trkpt lat="43.06140912696719" lon="26.6776074282825">
        <ele>249.60000000000002</ele>
        <time>2025-05-19T13:31:09</time>
      </trkpt>
      <trkpt lat="43.06120242923498" lon="26.677374998107553">
        <ele>249.0</ele>
        <time>2025-05-19T13:31:15</time>
      </trkpt>
      <trkpt lat="43.06082222610712" lon="26.676933774724603">
        <ele>247.79999999999995</ele>
        <time>2025-05-19T13:31:25</time>
      </trkpt>
      <trkpt lat="43.06078107096255" lon="26.676888512447476">
        <ele>247.79999999999995</ele>
        <time>2025-05-19T13:31:26</time>
      </trkpt>
      <trkpt lat="43.060539588332176" lon="26.676616854965687">
        <ele>247.0</ele>
        <time>2025-05-19T13:31:32</time>
      </trkpt>
      <trkpt lat="43.06046104989946" lon="26.67653890326619">
        <ele>246.79999999999995</ele>
        <time>2025-05-19T13:31:34</time>
      </trkpt>
      <trkpt lat="43.060203306376934" lon="26.676312927156687">
        <ele>246.20000000000005</ele>
        <time>2025-05-19T13:31:40</time>
      </trkpt>
      <trkpt lat="43.06011814624071" lon="26.67622860521078">
        <ele>245.79999999999995</ele>
        <time>2025-05-19T13:31:42</time>
      </trkpt>
      <trkpt lat="43.059966349974275" lon="26.676023416221142">
        <ele>245.20000000000005</ele>
        <time>2025-05-19T13:31:46</time>
      </trkpt>
      <trkpt lat="43.059860318899155" lon="26.675842870026827">
        <ele>244.60000000000002</ele>
        <time>2025-05-19T13:31:49</time>
      </trkpt>
      <trkpt lat="43.05965445935726" lon="26.675486639142036">
        <ele>244.20000000000005</ele>
        <time>2025-05-19T13:31:55</time>
      </trkpt>
      <trkpt lat="43.05940409190953" lon="26.67504952289164">
        <ele>243.60000000000002</ele>
        <time>2025-05-19T13:32:02</time>
      </trkpt>
      <trkpt lat="43.059367379173636" lon="26.67498003691435">
        <ele>243.39999999999998</ele>
        <time>2025-05-19T13:32:03</time>
      </trkpt>
      <trkpt lat="43.05909521877766" lon="26.674540154635906">
        <ele>242.39999999999998</ele>
        <time>2025-05-19T13:32:10</time>
      </trkpt>
      <trkpt lat="43.05901961401105" lon="26.674422472715378">
        <ele>242.20000000000005</ele>
        <time>2025-05-19T13:32:12</time>
      </trkpt>
      <trkpt lat="43.05867712944746" lon="26.673897681757808">
        <ele>241.39999999999998</ele>
        <time>2025-05-19T13:32:21</time>
      </trkpt>
      <trkpt lat="43.058389630168676" lon="26.673447908833623">
        <ele>240.39999999999998</ele>
        <time>2025-05-19T13:32:28</time>
      </trkpt>
      <trkpt lat="43.05834696628153" lon="26.673373226076365">
        <ele>240.20000000000005</ele>
        <time>2025-05-19T13:32:29</time>
      </trkpt>
      <trkpt lat="43.05809265933931" lon="26.672887494787574">
        <ele>239.20000000000005</ele>
        <time>2025-05-19T13:32:35</time>
      </trkpt>
      <trkpt lat="43.05805200710893" lon="26.672806441783905">
        <ele>239.0</ele>
        <time>2025-05-19T13:32:36</time>
      </trkpt>
      <trkpt lat="43.057938097044826" lon="26.67257409542799">
        <ele>237.79999999999995</ele>
        <time>2025-05-19T13:32:39</time>
      </trkpt>
      <trkpt lat="43.057792000472546" lon="26.672275783494115">
        <ele>236.60000000000002</ele>
        <time>2025-05-19T13:32:43</time>
      </trkpt>
      <trkpt lat="43.05775444954634" lon="26.67220084927976">
        <ele>236.39999999999998</ele>
        <time>2025-05-19T13:32:44</time>
      </trkpt>
      <trkpt lat="43.05751238018274" lon="26.671860963106155">
        <ele>235.79999999999995</ele>
        <time>2025-05-19T13:32:49</time>
      </trkpt>
      <trkpt lat="43.05745320394635" lon="26.671799942851067">
        <ele>235.60000000000002</ele>
        <time>2025-05-19T13:32:50</time>
      </trkpt>
      <trkpt lat="43.05718934163451" lon="26.67156801559031">
        <ele>234.39999999999998</ele>
        <time>2025-05-19T13:32:54</time>
      </trkpt>
      <trkpt lat="43.05712077766657" lon="26.671507749706507">
        <ele>234.0</ele>
        <time>2025-05-19T13:32:55</time>
      </trkpt>
      <trkpt lat="43.056981386616826" lon="26.671384871006012">
        <ele>233.39999999999998</ele>
        <time>2025-05-19T13:32:57</time>
      </trkpt>
      <trkpt lat="43.056765133515" lon="26.671202229335904">
        <ele>232.20000000000005</ele>
        <time>2025-05-19T13:33:00</time>
      </trkpt>
      <trkpt lat="43.05654661729932" lon="26.671018078923225">
        <ele>231.20000000000005</ele>
        <time>2025-05-19T13:33:03</time>
      </trkpt>
      <trkpt lat="43.05647377856076" lon="26.670956388115883">
        <ele>231.0</ele>
        <time>2025-05-19T13:33:04</time>
      </trkpt>
      <trkpt lat="43.05632835254073" lon="26.670832335948944">
        <ele>230.20000000000005</ele>
        <time>2025-05-19T13:33:06</time>
      </trkpt>
      <trkpt lat="43.05611042305827" lon="26.67064600624144">
        <ele>229.0</ele>
        <time>2025-05-19T13:33:09</time>
      </trkpt>
      <trkpt lat="43.05596415884793" lon="26.67052128352225">
        <ele>228.0</ele>
        <time>2025-05-19T13:33:11</time>
      </trkpt>
      <trkpt lat="43.055670373141766" lon="26.67026965878904">
        <ele>226.79999999999995</ele>
        <time>2025-05-19T13:33:15</time>
      </trkpt>
      <trkpt lat="43.05559678003192" lon="26.670207381248474">
        <ele>226.60000000000002</ele>
        <time>2025-05-19T13:33:16</time>
      </trkpt>
      <trkpt lat="43.055450515821576" lon="26.670084754005075">
        <ele>225.60000000000002</ele>
        <time>2025-05-19T13:33:18</time>
      </trkpt>
      <trkpt lat="43.05523233488202" lon="26.669903537258506">
        <ele>224.39999999999998</ele>
        <time>2025-05-19T13:33:21</time>
      </trkpt>
      <trkpt lat="43.05492388084531" lon="26.669705472886562">
        <ele>223.20000000000005</ele>
        <time>2025-05-19T13:33:25</time>
      </trkpt>
      <trkpt lat="43.05457762442529" lon="26.66960086673498">
        <ele>221.79999999999995</ele>
        <time>2025-05-19T13:33:29</time>
      </trkpt>
      <trkpt lat="43.054489782080054" lon="26.669580666348338">
        <ele>221.39999999999998</ele>
        <time>2025-05-19T13:33:30</time>
      </trkpt>
      <trkpt lat="43.054237738251686" lon="26.669515958055854">
        <ele>220.39999999999998</ele>
        <time>2025-05-19T13:33:33</time>
      </trkpt>
      <trkpt lat="43.05408250540495" lon="26.66948008351028">
        <ele>219.39999999999998</ele>
        <time>2025-05-19T13:33:35</time>
      </trkpt>
      <trkpt lat="43.05400832556188" lon="26.669462816789746">
        <ele>218.79999999999995</ele>
        <time>2025-05-19T13:33:36</time>
      </trkpt>
      <trkpt lat="43.05386424064636" lon="26.66943180374801">
        <ele>218.0</ele>
        <time>2025-05-19T13:33:38</time>
      </trkpt>
      <trkpt lat="43.05346970446408" lon="26.669346895068884">
        <ele>217.0</ele>
        <time>2025-05-19T13:33:44</time>
      </trkpt>
      <trkpt lat="43.053409438580275" lon="26.669333148747683">
        <ele>216.79999999999995</ele>
        <time>2025-05-19T13:33:45</time>
      </trkpt>
      <trkpt lat="43.053013226017356" lon="26.669241953641176">
        <ele>216.60000000000002</ele>
        <time>2025-05-19T13:33:52</time>
      </trkpt>
      <trkpt lat="43.0524686537683" lon="26.669107424095273">
        <ele>216.20000000000005</ele>
        <time>2025-05-19T13:34:02</time>
      </trkpt>
      <trkpt lat="43.05215718224645" lon="26.669036764651537">
        <ele>216.39999999999998</ele>
        <time>2025-05-19T13:34:09</time>
      </trkpt>
      <trkpt lat="43.05193942040205" lon="26.668984461575747">
        <ele>217.20000000000005</ele>
        <time>2025-05-19T13:34:16</time>
      </trkpt>
      <trkpt lat="43.05178393609822" lon="26.668952777981758">
        <ele>218.20000000000005</ele>
        <time>2025-05-19T13:34:22</time>
      </trkpt>
      <trkpt lat="43.05173238739371" lon="26.66893433779478">
        <ele>218.39999999999998</ele>
        <time>2025-05-19T13:34:24</time>
      </trkpt>
      <trkpt lat="43.0516345705837" lon="26.668897792696953">
        <ele>219.20000000000005</ele>
        <time>2025-05-19T13:34:28</time>
      </trkpt>
      <trkpt lat="43.05156625807285" lon="26.668861750513315">
        <ele>219.79999999999995</ele>
        <time>2025-05-19T13:34:31</time>
      </trkpt>
      <trkpt lat="43.051478415727615" lon="26.668811962008476">
        <ele>220.20000000000005</ele>
        <time>2025-05-19T13:34:35</time>
      </trkpt>
      <trkpt lat="43.05137649178505" lon="26.668739039450884">
        <ele>221.20000000000005</ele>
        <time>2025-05-19T13:34:40</time>
      </trkpt>
      <trkpt lat="43.05135696195066" lon="26.668723030015826">
        <ele>221.39999999999998</ele>
        <time>2025-05-19T13:34:41</time>
      </trkpt>
      <trkpt lat="43.051184713840485" lon="26.668594535440207">
        <ele>222.39999999999998</ele>
        <time>2025-05-19T13:34:49</time>
      </trkpt>
      <trkpt lat="43.0511408764869" lon="26.66855807416141">
        <ele>222.60000000000002</ele>
        <time>2025-05-19T13:34:51</time>
      </trkpt>
      <trkpt lat="43.05094541050494" lon="26.668404517695308">
        <ele>223.39999999999998</ele>
        <time>2025-05-19T13:34:59</time>
      </trkpt>
      <trkpt lat="43.05073343217373" lon="26.668238388374448">
        <ele>224.20000000000005</ele>
        <time>2025-05-19T13:35:07</time>
      </trkpt>
      <trkpt lat="43.05052497424185" lon="26.668074103072286">
        <ele>224.60000000000002</ele>
        <time>2025-05-19T13:35:15</time>
      </trkpt>
      <trkpt lat="43.05047267116606" lon="26.668033367022872">
        <ele>224.79999999999995</ele>
        <time>2025-05-19T13:35:17</time>
      </trkpt>
      <trkpt lat="43.050225069746375" lon="26.66783438064158">
        <ele>225.60000000000002</ele>
        <time>2025-05-19T13:35:27</time>
      </trkpt>
      <trkpt lat="43.05017846636474" lon="26.667792722582817">
        <ele>225.79999999999995</ele>
        <time>2025-05-19T13:35:29</time>
      </trkpt>
      <trkpt lat="43.05005483329296" lon="26.667686104774475">
        <ele>226.39999999999998</ele>
        <time>2025-05-19T13:35:35</time>
      </trkpt>
      <trkpt lat="43.04999666288495" lon="26.667628856375813">
        <ele>226.79999999999995</ele>
        <time>2025-05-19T13:35:38</time>
      </trkpt>
      <trkpt lat="43.04981988854706" lon="26.667453004047275">
        <ele>227.79999999999995</ele>
        <time>2025-05-19T13:35:47</time>
      </trkpt>
      <trkpt lat="43.049635319039226" lon="26.667272793129086">
        <ele>228.39999999999998</ele>
        <time>2025-05-19T13:35:55</time>
      </trkpt>
      <trkpt lat="43.0494568683207" lon="26.667091827839613">
        <ele>229.0</ele>
        <time>2025-05-19T13:36:02</time>
      </trkpt>
      <trkpt lat="43.04940397851169" lon="26.667039273306727">
        <ele>229.20000000000005</ele>
        <time>2025-05-19T13:36:04</time>
      </trkpt>
      <trkpt lat="43.04914556443691" lon="26.66678387671709">
        <ele>229.60000000000002</ele>
        <time>2025-05-19T13:36:14</time>
      </trkpt>
      <trkpt lat="43.04898773320019" lon="26.66662554256618">
        <ele>230.20000000000005</ele>
        <time>2025-05-19T13:36:20</time>
      </trkpt>
      <trkpt lat="43.04890751838684" lon="26.66654583066702">
        <ele>230.39999999999998</ele>
        <time>2025-05-19T13:36:23</time>
      </trkpt>
      <trkpt lat="43.04872328415513" lon="26.666365787386894">
        <ele>231.20000000000005</ele>
        <time>2025-05-19T13:36:30</time>
      </trkpt>
      <trkpt lat="43.04859361611307" lon="26.66623310185969">
        <ele>231.79999999999995</ele>
        <time>2025-05-19T13:36:35</time>
      </trkpt>
      <trkpt lat="43.04843561723828" lon="26.66608071886003">
        <ele>232.39999999999998</ele>
        <time>2025-05-19T13:36:41</time>
      </trkpt>
      <trkpt lat="43.04827854037285" lon="26.66592774912715">
        <ele>232.79999999999995</ele>
        <time>2025-05-19T13:36:47</time>
      </trkpt>
      <trkpt lat="43.04806622676551" lon="26.665721721947193">
        <ele>233.39999999999998</ele>
        <time>2025-05-19T13:36:55</time>
      </trkpt>
      <trkpt lat="43.0479599442333" lon="26.665618121623993">
        <ele>233.79999999999995</ele>
        <time>2025-05-19T13:36:59</time>
      </trkpt>
      <trkpt lat="43.04783245548606" lon="26.66548987850547">
        <ele>234.60000000000002</ele>
        <time>2025-05-19T13:37:04</time>
      </trkpt>
      <trkpt lat="43.04770261980593" lon="26.665361803025007">
        <ele>234.79999999999995</ele>
        <time>2025-05-19T13:37:09</time>
      </trkpt>
      <trkpt lat="43.047540094703436" lon="26.665197517722845">
        <ele>235.60000000000002</ele>
        <time>2025-05-19T13:37:15</time>
      </trkpt>
      <trkpt lat="43.04745392873883" lon="26.665112022310495">
        <ele>235.79999999999995</ele>
        <time>2025-05-19T13:37:18</time>
      </trkpt>
      <trkpt lat="43.04718310944736" lon="26.664847154170275">
        <ele>236.20000000000005</ele>
        <time>2025-05-19T13:37:26</time>
      </trkpt>
      <trkpt lat="43.04681673645973" lon="26.664483547210693">
        <ele>236.20000000000005</ele>
        <time>2025-05-19T13:37:36</time>
      </trkpt>
      <trkpt lat="43.046625796705484" lon="26.664289254695177">
        <ele>236.20000000000005</ele>
        <time>2025-05-19T13:37:43</time>
      </trkpt>
      <trkpt lat="43.04652940481901" lon="26.66419856250286">
        <ele>236.79999999999995</ele>
        <time>2025-05-19T13:37:47</time>
      </trkpt>
      <trkpt lat="43.04641507565975" lon="26.66408414952457">
        <ele>237.39999999999998</ele>
        <time>2025-05-19T13:37:52</time>
      </trkpt>
      <trkpt lat="43.04634475149214" lon="26.66401625610888">
        <ele>237.79999999999995</ele>
        <time>2025-05-19T13:37:55</time>
      </trkpt>
      <trkpt lat="43.046224638819695" lon="26.663902178406715">
        <ele>238.60000000000002</ele>
        <time>2025-05-19T13:38:00</time>
      </trkpt>
      <trkpt lat="43.046177783980966" lon="26.663853311911225">
        <ele>239.0</ele>
        <time>2025-05-19T13:38:02</time>
      </trkpt>
      <trkpt lat="43.04603378288448" lon="26.66371425613761">
        <ele>240.0</ele>
        <time>2025-05-19T13:38:08</time>
      </trkpt>
      <trkpt lat="43.04598558694124" lon="26.66367134079337">
        <ele>240.39999999999998</ele>
        <time>2025-05-19T13:38:10</time>
      </trkpt>
      <trkpt lat="43.04578810930252" lon="26.663475204259157">
        <ele>241.20000000000005</ele>
        <time>2025-05-19T13:38:19</time>
      </trkpt>
      <trkpt lat="43.045768830925226" lon="26.663457015529275">
        <ele>241.20000000000005</ele>
        <time>2025-05-19T13:38:20</time>
      </trkpt>
      <trkpt lat="43.04562591947615" lon="26.66331988759339">
        <ele>242.20000000000005</ele>
        <time>2025-05-19T13:38:27</time>
      </trkpt>
      <trkpt lat="43.045455096289515" lon="26.663163481280208">
        <ele>242.79999999999995</ele>
        <time>2025-05-19T13:38:35</time>
      </trkpt>
      <trkpt lat="43.04533858783543" lon="26.66305116377771">
        <ele>243.20000000000005</ele>
        <time>2025-05-19T13:38:40</time>
      </trkpt>
      <trkpt lat="43.04527052678168" lon="26.66298276744783">
        <ele>243.60000000000002</ele>
        <time>2025-05-19T13:38:43</time>
      </trkpt>
      <trkpt lat="43.0450604762882" lon="26.662772046402097">
        <ele>244.20000000000005</ele>
        <time>2025-05-19T13:38:52</time>
      </trkpt>
      <trkpt lat="43.04499107412994" lon="26.662695184350014">
        <ele>244.60000000000002</ele>
        <time>2025-05-19T13:38:55</time>
      </trkpt>
      <trkpt lat="43.0448255315423" lon="26.662473315373063">
        <ele>245.39999999999998</ele>
        <time>2025-05-19T13:39:03</time>
      </trkpt>
      <trkpt lat="43.04480683989823" lon="26.662443727254868">
        <ele>245.39999999999998</ele>
        <time>2025-05-19T13:39:04</time>
      </trkpt>
      <trkpt lat="43.044629227370024" lon="26.6621536295861">
        <ele>246.60000000000002</ele>
        <time>2025-05-19T13:39:14</time>
      </trkpt>
      <trkpt lat="43.0444888304919" lon="26.661929413676262">
        <ele>247.60000000000002</ele>
        <time>2025-05-19T13:39:23</time>
      </trkpt>
      <trkpt lat="43.04432513192296" lon="26.661662198603153">
        <ele>248.0</ele>
        <time>2025-05-19T13:39:33</time>
      </trkpt>
      <trkpt lat="43.044212060049176" lon="26.661475114524364">
        <ele>248.60000000000002</ele>
        <time>2025-05-19T13:39:40</time>
      </trkpt>
      <trkpt lat="43.04419579915702" lon="26.661448124796152">
        <ele>248.79999999999995</ele>
        <time>2025-05-19T13:39:41</time>
      </trkpt>
      <trkpt lat="43.044082559645176" lon="26.661263136193156">
        <ele>249.79999999999995</ele>
        <time>2025-05-19T13:39:48</time>
      </trkpt>
      <trkpt lat="43.04403344169259" lon="26.661186274141073">
        <ele>249.79999999999995</ele>
        <time>2025-05-19T13:39:51</time>
      </trkpt>
      <trkpt lat="43.043917855247855" lon="26.660997848957777">
        <ele>250.60000000000002</ele>
        <time>2025-05-19T13:39:58</time>
      </trkpt>
      <trkpt lat="43.04390243254602" lon="26.660970775410533">
        <ele>250.79999999999995</ele>
        <time>2025-05-19T13:39:59</time>
      </trkpt>
      <trkpt lat="43.04380604065955" lon="26.66081336326897">
        <ele>251.39999999999998</ele>
        <time>2025-05-19T13:40:05</time>
      </trkpt>
      <trkpt lat="43.04375390522182" lon="26.66072635911405">
        <ele>252.0</ele>
        <time>2025-05-19T13:40:09</time>
      </trkpt>
      <trkpt lat="43.043724317103624" lon="26.660679168999195">
        <ele>252.39999999999998</ele>
        <time>2025-05-19T13:40:11</time>
      </trkpt>
      <trkpt lat="43.04363848641515" lon="26.660551596432924">
        <ele>253.20000000000005</ele>
        <time>2025-05-19T13:40:16</time>
      </trkpt>
      <trkpt lat="43.04358878172934" lon="26.660517817363143">
        <ele>253.39999999999998</ele>
        <time>2025-05-19T13:40:18</time>
      </trkpt>
      <trkpt lat="43.04351971484721" lon="26.660429136827588">
        <ele>253.60000000000002</ele>
        <time>2025-05-19T13:40:22</time>
      </trkpt>
      <trkpt lat="43.04351946339011" lon="26.660400638356805">
        <ele>253.79999999999995</ele>
        <time>2025-05-19T13:40:23</time>
      </trkpt>
      <trkpt lat="43.04352901875973" lon="26.660291338339448">
        <ele>254.0</ele>
        <time>2025-05-19T13:40:29</time>
      </trkpt>
      <trkpt lat="43.04354217834771" lon="26.66025814600289">
        <ele>254.20000000000005</ele>
        <time>2025-05-19T13:40:37</time>
      </trkpt>
      <trkpt lat="43.043546034023166" lon="26.660259403288364">
        <ele>254.20000000000005</ele>
        <time>2025-05-19T13:40:39</time>
      </trkpt>
      <trkpt lat="43.043549386784434" lon="26.66025680489838">
        <ele>254.0</ele>
        <time>2025-05-19T13:40:51</time>
      </trkpt>
      <trkpt lat="43.04354905150831" lon="26.660256469622254">
        <ele>254.0</ele>
        <time>2025-05-19T13:41:36</time>
      </trkpt>
      <trkpt lat="43.043543016538024" lon="26.660251691937447">
        <ele>253.79999999999995</ele>
        <time>2025-05-19T13:41:59</time>
      </trkpt>
      <trkpt lat="43.043542513623834" lon="26.66025043465197">
        <ele>254.60000000000002</ele>
        <time>2025-05-19T13:42:14</time>
      </trkpt>
      <trkpt lat="43.04354226216674" lon="26.66024934500456">
        <ele>254.39999999999998</ele>
        <time>2025-05-19T13:42:38</time>
      </trkpt>
      <trkpt lat="43.04354175925255" lon="26.660250099375844">
        <ele>254.20000000000005</ele>
        <time>2025-05-19T13:43:13</time>
      </trkpt>
      <trkpt lat="43.04354150779545" lon="26.660251272842288">
        <ele>254.0</ele>
        <time>2025-05-19T13:43:48</time>
      </trkpt>
      <trkpt lat="43.04354100488126" lon="26.660252111032605">
        <ele>253.79999999999995</ele>
        <time>2025-05-19T13:44:21</time>
      </trkpt>
      <trkpt lat="43.043540669605136" lon="26.660252111032605">
        <ele>254.0</ele>
        <time>2025-05-19T13:44:42</time>
      </trkpt>
      <trkpt lat="43.04354033432901" lon="26.66025135666132">
        <ele>253.79999999999995</ele>
        <time>2025-05-19T13:44:56</time>
      </trkpt>
      <trkpt lat="43.043540166690946" lon="26.66025144048035">
        <ele>253.79999999999995</ele>
        <time>2025-05-19T13:45:33</time>
      </trkpt>
      <trkpt lat="43.043540082871914" lon="26.66025144048035">
        <ele>254.0</ele>
        <time>2025-05-19T13:45:39</time>
      </trkpt>
      <trkpt lat="43.04353983141482" lon="26.660254541784525">
        <ele>253.79999999999995</ele>
        <time>2025-05-19T13:46:29</time>
      </trkpt>
      <trkpt lat="43.04353974759579" lon="26.660255463793874">
        <ele>253.79999999999995</ele>
        <time>2025-05-19T13:46:45</time>
      </trkpt>
      <trkpt lat="43.04353991523385" lon="26.660258062183857">
        <ele>253.60000000000002</ele>
        <time>2025-05-19T13:47:18</time>
      </trkpt>
      <trkpt lat="43.04354025050998" lon="26.660259403288364">
        <ele>253.60000000000002</ele>
        <time>2025-05-19T13:47:55</time>
      </trkpt>
      <trkpt lat="43.043540082871914" lon="26.660259487107396">
        <ele>253.60000000000002</ele>
        <time>2025-05-19T13:48:00</time>
      </trkpt>
      <trkpt lat="43.04354092106223" lon="26.660261414945126">
        <ele>253.79999999999995</ele>
        <time>2025-05-19T13:48:32</time>
      </trkpt>
      <trkpt lat="43.04354167543352" lon="26.660262756049633">
        <ele>253.60000000000002</ele>
        <time>2025-05-19T13:49:01</time>
      </trkpt>
      <trkpt lat="43.04354184307158" lon="26.660262923687696">
        <ele>253.79999999999995</ele>
        <time>2025-05-19T13:49:09</time>
      </trkpt>
      <trkpt lat="43.04354175925255" lon="26.66026602499187">
        <ele>254.0</ele>
        <time>2025-05-19T13:50:12</time>
      </trkpt>
      <trkpt lat="43.043541591614485" lon="26.660267617553473">
        <ele>254.0</ele>
        <time>2025-05-19T13:50:43</time>
      </trkpt>
      <trkpt lat="43.04354125633836" lon="26.660267869010568">
        <ele>254.20000000000005</ele>
        <time>2025-05-19T13:51:02</time>
      </trkpt>
      <trkpt lat="43.043540585786104" lon="26.660267617553473">
        <ele>254.20000000000005</ele>
        <time>2025-05-19T13:51:30</time>
      </trkpt>
      <trkpt lat="43.043539663776755" lon="26.660269293934107">
        <ele>254.0</ele>
        <time>2025-05-19T13:51:52</time>
      </trkpt>
      <trkpt lat="43.04352482780814" lon="26.660296702757478">
        <ele>254.0</ele>
        <time>2025-05-19T13:51:59</time>
      </trkpt>
      <trkpt lat="43.04351828992367" lon="26.660304414108396">
        <ele>254.0</ele>
        <time>2025-05-19T13:52:01</time>
      </trkpt>
      <trkpt lat="43.04346791468561" lon="26.660301480442286">
        <ele>254.0</ele>
        <time>2025-05-19T13:52:04</time>
      </trkpt>
      <trkpt lat="43.043440422043204" lon="26.66024993173778">
        <ele>254.0</ele>
        <time>2025-05-19T13:52:06</time>
      </trkpt>
      <trkpt lat="43.04338585585356" lon="26.660136273130774">
        <ele>254.0</ele>
        <time>2025-05-19T13:52:09</time>
      </trkpt>
      <trkpt lat="43.04330304265022" lon="26.659958995878696">
        <ele>253.60000000000002</ele>
        <time>2025-05-19T13:52:13</time>
      </trkpt>
      <trkpt lat="43.04320380091667" lon="26.659752801060677">
        <ele>253.39999999999998</ele>
        <time>2025-05-19T13:52:17</time>
      </trkpt>
      <trkpt lat="43.04297941736877" lon="26.65929992683232">
        <ele>252.79999999999995</ele>
        <time>2025-05-19T13:52:24</time>
      </trkpt>
      <trkpt lat="43.042906410992146" lon="26.65915441699326">
        <ele>252.60000000000002</ele>
        <time>2025-05-19T13:52:26</time>
      </trkpt>
      <trkpt lat="43.04275956004858" lon="26.658846801146865">
        <ele>251.39999999999998</ele>
        <time>2025-05-19T13:52:30</time>
      </trkpt>
      <trkpt lat="43.04264749400318" lon="26.65862132795155">
        <ele>250.60000000000002</ele>
        <time>2025-05-19T13:52:33</time>
      </trkpt>
      <trkpt lat="43.04260985925794" lon="26.658546393737197">
        <ele>250.20000000000005</ele>
        <time>2025-05-19T13:52:34</time>
      </trkpt>
      <trkpt lat="43.042459236457944" lon="26.65824414230883">
        <ele>249.20000000000005</ele>
        <time>2025-05-19T13:52:38</time>
      </trkpt>
      <trkpt lat="43.042347338050604" lon="26.65801540017128">
        <ele>248.60000000000002</ele>
        <time>2025-05-19T13:52:41</time>
      </trkpt>
      <trkpt lat="43.042274583131075" lon="26.657864106819034">
        <ele>248.0</ele>
        <time>2025-05-19T13:52:43</time>
      </trkpt>
      <trkpt lat="43.04209797643125" lon="26.65751164779067">
        <ele>247.0</ele>
        <time>2025-05-19T13:52:48</time>
      </trkpt>
      <trkpt lat="43.04206578992307" lon="26.65744367055595">
        <ele>246.79999999999995</ele>
        <time>2025-05-19T13:52:49</time>
      </trkpt>
      <trkpt lat="43.041878789663315" lon="26.657052906230092">
        <ele>245.79999999999995</ele>
        <time>2025-05-19T13:52:55</time>
      </trkpt>
      <trkpt lat="43.04175339639187" lon="26.656803376972675">
        <ele>245.60000000000002</ele>
        <time>2025-05-19T13:52:59</time>
      </trkpt>
      <trkpt lat="43.041447289288044" lon="26.656179428100586">
        <ele>245.20000000000005</ele>
        <time>2025-05-19T13:53:09</time>
      </trkpt>
      <trkpt lat="43.041387693956494" lon="26.656055711209774">
        <ele>244.79999999999995</ele>
        <time>2025-05-19T13:53:11</time>
      </trkpt>
      <trkpt lat="43.04135684855282" lon="26.65599594824016">
        <ele>244.79999999999995</ele>
        <time>2025-05-19T13:53:12</time>
      </trkpt>
      <trkpt lat="43.04102794267237" lon="26.655334699898958">
        <ele>244.39999999999998</ele>
        <time>2025-05-19T13:53:23</time>
      </trkpt>
      <trkpt lat="43.04091629572213" lon="26.655095228925347">
        <ele>244.20000000000005</ele>
        <time>2025-05-19T13:53:27</time>
      </trkpt>
      <trkpt lat="43.040765253826976" lon="26.654780907556415">
        <ele>244.0</ele>
        <time>2025-05-19T13:53:32</time>
      </trkpt>
      <trkpt lat="43.040699791163206" lon="26.6546468809247">
        <ele>244.0</ele>
        <time>2025-05-19T13:53:34</time>
      </trkpt>
      <trkpt lat="43.04049753583968" lon="26.65423055179417">
        <ele>243.0</ele>
        <time>2025-05-19T13:53:40</time>
      </trkpt>
      <trkpt lat="43.040463672950864" lon="26.65416106581688">
        <ele>243.0</ele>
        <time>2025-05-19T13:53:41</time>
      </trkpt>
      <trkpt lat="43.04029947146773" lon="26.653820341452956">
        <ele>241.79999999999995</ele>
        <time>2025-05-19T13:53:46</time>
      </trkpt>
      <trkpt lat="43.040179777890444" lon="26.653575422242284">
        <ele>241.20000000000005</ele>
        <time>2025-05-19T13:53:50</time>
      </trkpt>
      <trkpt lat="43.039904264733195" lon="26.6529874317348">
        <ele>241.0</ele>
        <time>2025-05-19T13:54:00</time>
      </trkpt>
      <trkpt lat="43.03979161195457" lon="26.652754498645663">
        <ele>240.79999999999995</ele>
        <time>2025-05-19T13:54:04</time>
      </trkpt>
      <trkpt lat="43.03967518731952" lon="26.652505388483405">
        <ele>240.79999999999995</ele>
        <time>2025-05-19T13:54:08</time>
      </trkpt>
      <trkpt lat="43.03943018428981" lon="26.651977160945535">
        <ele>240.60000000000002</ele>
        <time>2025-05-19T13:54:17</time>
      </trkpt>
      <trkpt lat="43.03928442299366" lon="26.65167055092752">
        <ele>240.60000000000002</ele>
        <time>2025-05-19T13:54:23</time>
      </trkpt>
      <trkpt lat="43.039171686396" lon="26.651478270068765">
        <ele>241.0</ele>
        <time>2025-05-19T13:54:27</time>
      </trkpt>
      <trkpt lat="43.038901537656784" lon="26.65114961564541">
        <ele>241.20000000000005</ele>
        <time>2025-05-19T13:54:34</time>
      </trkpt>
      <trkpt lat="43.03850264288485" lon="26.65070948190987">
        <ele>240.39999999999998</ele>
        <time>2025-05-19T13:54:42</time>
      </trkpt>
      <trkpt lat="43.0383981205523" lon="26.650593895465136">
        <ele>239.79999999999995</ele>
        <time>2025-05-19T13:54:44</time>
      </trkpt>
      <trkpt lat="43.03819343447685" lon="26.650365656241775">
        <ele>238.60000000000002</ele>
        <time>2025-05-19T13:54:48</time>
      </trkpt>
      <trkpt lat="43.037986820563674" lon="26.650140769779682">
        <ele>237.60000000000002</ele>
        <time>2025-05-19T13:54:52</time>
      </trkpt>
      <trkpt lat="43.03793837316334" lon="26.650086035951972">
        <ele>237.39999999999998</ele>
        <time>2025-05-19T13:54:53</time>
      </trkpt>
      <trkpt lat="43.037516344338655" lon="26.649616733193398">
        <ele>236.39999999999998</ele>
        <time>2025-05-19T13:55:02</time>
      </trkpt>
      <trkpt lat="43.03713790141046" lon="26.64919420145452">
        <ele>235.20000000000005</ele>
        <time>2025-05-19T13:55:10</time>
      </trkpt>
      <trkpt lat="43.03694277070463" lon="26.648977026343346">
        <ele>235.0</ele>
        <time>2025-05-19T13:55:14</time>
      </trkpt>
      <trkpt lat="43.036701790988445" lon="26.648708386346698">
        <ele>234.20000000000005</ele>
        <time>2025-05-19T13:55:19</time>
      </trkpt>
      <trkpt lat="43.03637959063053" lon="26.648343186825514">
        <ele>233.60000000000002</ele>
        <time>2025-05-19T13:55:26</time>
      </trkpt>
      <trkpt lat="43.03594565950334" lon="26.647863406687975">
        <ele>233.20000000000005</ele>
        <time>2025-05-19T13:55:36</time>
      </trkpt>
      <trkpt lat="43.0359061807394" lon="26.64781822822988">
        <ele>233.20000000000005</ele>
        <time>2025-05-19T13:55:37</time>
      </trkpt>
      <trkpt lat="43.03558607585728" lon="26.64745654910803">
        <ele>233.20000000000005</ele>
        <time>2025-05-19T13:55:46</time>
      </trkpt>
      <trkpt lat="43.03529321216047" lon="26.64712487719953">
        <ele>234.0</ele>
        <time>2025-05-19T13:55:55</time>
      </trkpt>
      <trkpt lat="43.03499858826399" lon="26.646803682669997">
        <ele>234.20000000000005</ele>
        <time>2025-05-19T13:56:03</time>
      </trkpt>
      <trkpt lat="43.034678902477026" lon="26.646446948871017">
        <ele>234.0</ele>
        <time>2025-05-19T13:56:11</time>
      </trkpt>
      <trkpt lat="43.03439140319824" lon="26.646132124587893">
        <ele>233.60000000000002</ele>
        <time>2025-05-19T13:56:19</time>
      </trkpt>
      <trkpt lat="43.03409082815051" lon="26.645799530670047">
        <ele>233.60000000000002</ele>
        <time>2025-05-19T13:56:27</time>
      </trkpt>
      <trkpt lat="43.03374666720629" lon="26.645420417189598">
        <ele>233.39999999999998</ele>
        <time>2025-05-19T13:56:35</time>
      </trkpt>
      <trkpt lat="43.033704506233335" lon="26.64537557400763">
        <ele>233.20000000000005</ele>
        <time>2025-05-19T13:56:36</time>
      </trkpt>
      <trkpt lat="43.03339110687375" lon="26.645023031160235">
        <ele>232.20000000000005</ele>
        <time>2025-05-19T13:56:44</time>
      </trkpt>
      <trkpt lat="43.03301593288779" lon="26.64460552856326">
        <ele>231.79999999999995</ele>
        <time>2025-05-19T13:56:53</time>
      </trkpt>
      <trkpt lat="43.03270211443305" lon="26.644262792542577">
        <ele>231.20000000000005</ele>
        <time>2025-05-19T13:56:59</time>
      </trkpt>
      <trkpt lat="43.03258962929249" lon="26.64413354359567">
        <ele>231.0</ele>
        <time>2025-05-19T13:57:01</time>
      </trkpt>
      <trkpt lat="43.03236876614392" lon="26.643884601071477">
        <ele>229.79999999999995</ele>
        <time>2025-05-19T13:57:05</time>
      </trkpt>
      <trkpt lat="43.03226625546813" lon="26.643775384873152">
        <ele>229.0</ele>
        <time>2025-05-19T13:57:07</time>
      </trkpt>
      <trkpt lat="43.03221923299134" lon="26.643724339082837">
        <ele>228.60000000000002</ele>
        <time>2025-05-19T13:57:08</time>
      </trkpt>
      <trkpt lat="43.032050002366304" lon="26.643530717119575">
        <ele>227.60000000000002</ele>
        <time>2025-05-19T13:57:12</time>
      </trkpt>
      <trkpt lat="43.03201027214527" lon="26.643487215042114">
        <ele>227.60000000000002</ele>
        <time>2025-05-19T13:57:13</time>
      </trkpt>
      <trkpt lat="43.031622441485524" lon="26.64299150928855">
        <ele>227.39999999999998</ele>
        <time>2025-05-19T13:57:24</time>
      </trkpt>
      <trkpt lat="43.03143116645515" lon="26.64254148490727">
        <ele>227.39999999999998</ele>
        <time>2025-05-19T13:57:31</time>
      </trkpt>
      <trkpt lat="43.031218852847815" lon="26.64201040752232">
        <ele>226.39999999999998</ele>
        <time>2025-05-19T13:57:38</time>
      </trkpt>
      <trkpt lat="43.03115498274565" lon="26.641851235181093">
        <ele>226.0</ele>
        <time>2025-05-19T13:57:40</time>
      </trkpt>
      <trkpt lat="43.03105875849724" lon="26.641611428931355">
        <ele>225.20000000000005</ele>
        <time>2025-05-19T13:57:43</time>
      </trkpt>
      <trkpt lat="43.030894389376044" lon="26.641196608543396">
        <ele>224.0</ele>
        <time>2025-05-19T13:57:48</time>
      </trkpt>
      <trkpt lat="43.03086035884917" lon="26.641111113131046">
        <ele>223.79999999999995</ele>
        <time>2025-05-19T13:57:49</time>
      </trkpt>
      <trkpt lat="43.03072230890393" lon="26.640765611082315">
        <ele>222.79999999999995</ele>
        <time>2025-05-19T13:57:53</time>
      </trkpt>
      <trkpt lat="43.030620301142335" lon="26.64051222614944">
        <ele>221.60000000000002</ele>
        <time>2025-05-19T13:57:56</time>
      </trkpt>
      <trkpt lat="43.030525501817465" lon="26.640277449041605">
        <ele>220.60000000000002</ele>
        <time>2025-05-19T13:57:59</time>
      </trkpt>
      <trkpt lat="43.030345207080245" lon="26.63983102887869">
        <ele>219.60000000000002</ele>
        <time>2025-05-19T13:58:05</time>
      </trkpt>
      <trkpt lat="43.03022190928459" lon="26.639528777450323">
        <ele>219.0</ele>
        <time>2025-05-19T13:58:09</time>
      </trkpt>
      <trkpt lat="43.03009609691799" lon="26.639229878783226">
        <ele>218.60000000000002</ele>
        <time>2025-05-19T13:58:13</time>
      </trkpt>
      <trkpt lat="43.029910270124674" lon="26.63877566345036">
        <ele>217.39999999999998</ele>
        <time>2025-05-19T13:58:19</time>
      </trkpt>
      <trkpt lat="43.02988017909229" lon="26.63870332762599">
        <ele>217.39999999999998</ele>
        <time>2025-05-19T13:58:20</time>
      </trkpt>
      <trkpt lat="43.02973190322518" lon="26.638339469209313">
        <ele>216.60000000000002</ele>
        <time>2025-05-19T13:58:25</time>
      </trkpt>
      <trkpt lat="43.02955915220082" lon="26.63790788501501">
        <ele>216.0</ele>
        <time>2025-05-19T13:58:31</time>
      </trkpt>
      <trkpt lat="43.029423700645566" lon="26.63757160305977">
        <ele>215.60000000000002</ele>
        <time>2025-05-19T13:58:36</time>
      </trkpt>
      <trkpt lat="43.029319513589144" lon="26.63730832748115">
        <ele>215.39999999999998</ele>
        <time>2025-05-19T13:58:40</time>
      </trkpt>
      <trkpt lat="43.029135782271624" lon="26.636787224560976">
        <ele>215.0</ele>
        <time>2025-05-19T13:58:48</time>
      </trkpt>
      <trkpt lat="43.028958924114704" lon="26.636190013960004">
        <ele>214.79999999999995</ele>
        <time>2025-05-19T13:58:57</time>
      </trkpt>
      <trkpt lat="43.02879153750837" lon="26.63562197238207">
        <ele>214.60000000000002</ele>
        <time>2025-05-19T13:59:06</time>
      </trkpt>
      <trkpt lat="43.02864502184093" lon="26.635132720693946">
        <ele>214.60000000000002</ele>
        <time>2025-05-19T13:59:14</time>
      </trkpt>
      <trkpt lat="43.028485430404544" lon="26.634597033262253">
        <ele>214.39999999999998</ele>
        <time>2025-05-19T13:59:23</time>
      </trkpt>
      <trkpt lat="43.0283806566149" lon="26.634235186502337">
        <ele>214.20000000000005</ele>
        <time>2025-05-19T13:59:30</time>
      </trkpt>
      <trkpt lat="43.02824285812676" lon="26.633767811581492">
        <ele>213.79999999999995</ele>
        <time>2025-05-19T13:59:39</time>
      </trkpt>
      <trkpt lat="43.028138503432274" lon="26.633426919579506">
        <ele>213.60000000000002</ele>
        <time>2025-05-19T13:59:45</time>
      </trkpt>
      <trkpt lat="43.02810179069638" lon="26.63330932147801">
        <ele>213.39999999999998</ele>
        <time>2025-05-19T13:59:47</time>
      </trkpt>
      <trkpt lat="43.02795007824898" lon="26.632926855236292">
        <ele>213.39999999999998</ele>
        <time>2025-05-19T13:59:54</time>
      </trkpt>
      <trkpt lat="43.027923591434956" lon="26.632879581302404">
        <ele>213.39999999999998</ele>
        <time>2025-05-19T13:59:55</time>
      </trkpt>
      <trkpt lat="43.027813201770186" lon="26.632699202746153">
        <ele>213.60000000000002</ele>
        <time>2025-05-19T13:59:59</time>
      </trkpt>
      <trkpt lat="43.027667943388224" lon="26.63251530379057">
        <ele>213.79999999999995</ele>
        <time>2025-05-19T14:00:04</time>
      </trkpt>
      <trkpt lat="43.02740634419024" lon="26.632281867787242">
        <ele>214.79999999999995</ele>
        <time>2025-05-19T14:00:13</time>
      </trkpt>
      <trkpt lat="43.027147175744176" lon="26.63216502405703">
        <ele>215.39999999999998</ele>
        <time>2025-05-19T14:00:21</time>
      </trkpt>
      <trkpt lat="43.026934107765555" lon="26.632123198360205">
        <ele>215.79999999999995</ele>
        <time>2025-05-19T14:00:27</time>
      </trkpt>
      <trkpt lat="43.026642836630344" lon="26.632132502272725">
        <ele>216.60000000000002</ele>
        <time>2025-05-19T14:00:35</time>
      </trkpt>
      <trkpt lat="43.0264585185796" lon="26.632187655195594">
        <ele>217.0</ele>
        <time>2025-05-19T14:00:40</time>
      </trkpt>
      <trkpt lat="43.02628207951784" lon="26.632273150607944">
        <ele>217.60000000000002</ele>
        <time>2025-05-19T14:00:45</time>
      </trkpt>
      <trkpt lat="43.02608250640333" lon="26.632415894418955">
        <ele>218.20000000000005</ele>
        <time>2025-05-19T14:00:51</time>
      </trkpt>
      <trkpt lat="43.02595753222704" lon="26.632535001263022">
        <ele>218.60000000000002</ele>
        <time>2025-05-19T14:00:55</time>
      </trkpt>
      <trkpt lat="43.02580322138965" lon="26.632684115320444">
        <ele>219.20000000000005</ele>
        <time>2025-05-19T14:01:00</time>
      </trkpt>
      <trkpt lat="43.02565553225577" lon="26.632844461128116">
        <ele>219.39999999999998</ele>
        <time>2025-05-19T14:01:05</time>
      </trkpt>
      <trkpt lat="43.025391418486834" lon="26.63313439115882">
        <ele>220.20000000000005</ele>
        <time>2025-05-19T14:01:14</time>
      </trkpt>
      <trkpt lat="43.025333834812045" lon="26.633199686184525">
        <ele>220.20000000000005</ele>
        <time>2025-05-19T14:01:16</time>
      </trkpt>
      <trkpt lat="43.02510056644678" lon="26.633442593738437">
        <ele>221.0</ele>
        <time>2025-05-19T14:01:24</time>
      </trkpt>
      <trkpt lat="43.02504323422909" lon="26.63350135087967">
        <ele>221.20000000000005</ele>
        <time>2025-05-19T14:01:26</time>
      </trkpt>
      <trkpt lat="43.024790519848466" lon="26.633777199313045">
        <ele>222.20000000000005</ele>
        <time>2025-05-19T14:01:35</time>
      </trkpt>
      <trkpt lat="43.02476252429187" lon="26.63380871526897">
        <ele>222.39999999999998</ele>
        <time>2025-05-19T14:01:36</time>
      </trkpt>
      <trkpt lat="43.02450251765549" lon="26.634077355265617">
        <ele>223.20000000000005</ele>
        <time>2025-05-19T14:01:45</time>
      </trkpt>
      <trkpt lat="43.024389781057835" lon="26.634203335270286">
        <ele>223.39999999999998</ele>
        <time>2025-05-19T14:01:49</time>
      </trkpt>
      <trkpt lat="43.024272518232465" lon="26.634328309446573">
        <ele>223.79999999999995</ele>
        <time>2025-05-19T14:01:53</time>
      </trkpt>
      <trkpt lat="43.02400974556804" lon="26.63461111485958">
        <ele>224.39999999999998</ele>
        <time>2025-05-19T14:02:02</time>
      </trkpt>
      <trkpt lat="43.02394822239876" lon="26.634672721847892">
        <ele>224.39999999999998</ele>
        <time>2025-05-19T14:02:04</time>
      </trkpt>
      <trkpt lat="43.02373758517206" lon="26.63489542901516">
        <ele>225.20000000000005</ele>
        <time>2025-05-19T14:02:11</time>
      </trkpt>
      <trkpt lat="43.023678828030825" lon="26.63495988585055">
        <ele>225.39999999999998</ele>
        <time>2025-05-19T14:02:13</time>
      </trkpt>
      <trkpt lat="43.0234641674906" lon="26.635192735120654">
        <ele>226.39999999999998</ele>
        <time>2025-05-19T14:02:20</time>
      </trkpt>
      <trkpt lat="43.02343332208693" lon="26.635224418714643">
        <ele>226.39999999999998</ele>
        <time>2025-05-19T14:02:21</time>
      </trkpt>
      <trkpt lat="43.02309863269329" lon="26.635576961562037">
        <ele>227.39999999999998</ele>
        <time>2025-05-19T14:02:32</time>
      </trkpt>
      <trkpt lat="43.023038199171424" lon="26.635643681511283">
        <ele>227.60000000000002</ele>
        <time>2025-05-19T14:02:34</time>
      </trkpt>
      <trkpt lat="43.02282303571701" lon="26.635876446962357">
        <ele>228.20000000000005</ele>
        <time>2025-05-19T14:02:41</time>
      </trkpt>
      <trkpt lat="43.02259001880884" lon="26.636149529367685">
        <ele>228.60000000000002</ele>
        <time>2025-05-19T14:02:49</time>
      </trkpt>
      <trkpt lat="43.02233973518014" lon="26.63648639805615">
        <ele>229.39999999999998</ele>
        <time>2025-05-19T14:02:58</time>
      </trkpt>
      <trkpt lat="43.022181233391166" lon="26.63673701696098">
        <ele>229.79999999999995</ele>
        <time>2025-05-19T14:03:04</time>
      </trkpt>
      <trkpt lat="43.02213010378182" lon="26.63682410493493">
        <ele>230.0</ele>
        <time>2025-05-19T14:03:06</time>
      </trkpt>
      <trkpt lat="43.021861128509045" lon="26.63732442073524">
        <ele>230.60000000000002</ele>
        <time>2025-05-19T14:03:17</time>
      </trkpt>
      <trkpt lat="43.021775633096695" lon="26.637499686330557">
        <ele>230.79999999999995</ele>
        <time>2025-05-19T14:03:21</time>
      </trkpt>
      <trkpt lat="43.0216926522553" lon="26.63766690529883">
        <ele>231.20000000000005</ele>
        <time>2025-05-19T14:03:25</time>
      </trkpt>
      <trkpt lat="43.0215319711715" lon="26.638003773987293">
        <ele>231.79999999999995</ele>
        <time>2025-05-19T14:03:33</time>
      </trkpt>
      <trkpt lat="43.021500958129764" lon="26.63808817975223">
        <ele>231.79999999999995</ele>
        <time>2025-05-19T14:03:35</time>
      </trkpt>
      <trkpt lat="43.02139475941658" lon="26.638331674039364">
        <ele>232.39999999999998</ele>
        <time>2025-05-19T14:03:41</time>
      </trkpt>
      <trkpt lat="43.02126919850707" lon="26.638567373156548">
        <ele>232.79999999999995</ele>
        <time>2025-05-19T14:03:47</time>
      </trkpt>
      <trkpt lat="43.021212704479694" lon="26.638644067570567">
        <ele>233.0</ele>
        <time>2025-05-19T14:03:49</time>
      </trkpt>
      <trkpt lat="43.021080773323774" lon="26.638937182724476">
        <ele>233.39999999999998</ele>
        <time>2025-05-19T14:03:55</time>
      </trkpt>
      <trkpt lat="43.020957643166184" lon="26.639236584305763">
        <ele>234.0</ele>
        <time>2025-05-19T14:04:01</time>
      </trkpt>
      <trkpt lat="43.02088664844632" lon="26.63944118656218">
        <ele>234.20000000000005</ele>
        <time>2025-05-19T14:04:05</time>
      </trkpt>
      <trkpt lat="43.02078212611377" lon="26.63980085402727">
        <ele>235.0</ele>
        <time>2025-05-19T14:04:12</time>
      </trkpt>
      <trkpt lat="43.0207684636116" lon="26.63985215127468">
        <ele>235.20000000000005</ele>
        <time>2025-05-19T14:04:13</time>
      </trkpt>
      <trkpt lat="43.020688919350505" lon="26.64016823284328">
        <ele>236.0</ele>
        <time>2025-05-19T14:04:19</time>
      </trkpt>
      <trkpt lat="43.020639047026634" lon="26.64037342183292">
        <ele>236.60000000000002</ele>
        <time>2025-05-19T14:04:23</time>
      </trkpt>
      <trkpt lat="43.02058020606637" lon="26.64062077179551">
        <ele>237.20000000000005</ele>
        <time>2025-05-19T14:04:28</time>
      </trkpt>
      <trkpt lat="43.0205390509218" lon="26.640805592760444">
        <ele>237.79999999999995</ele>
        <time>2025-05-19T14:04:32</time>
      </trkpt>
      <trkpt lat="43.02051826380193" lon="26.64090064354241">
        <ele>238.20000000000005</ele>
        <time>2025-05-19T14:04:34</time>
      </trkpt>
      <trkpt lat="43.02043947391212" lon="26.641226867213845">
        <ele>239.20000000000005</ele>
        <time>2025-05-19T14:04:41</time>
      </trkpt>
      <trkpt lat="43.0203749332577" lon="26.641500368714333">
        <ele>240.20000000000005</ele>
        <time>2025-05-19T14:04:47</time>
      </trkpt>
      <trkpt lat="43.020352721214294" lon="26.641590893268585">
        <ele>240.60000000000002</ele>
        <time>2025-05-19T14:04:49</time>
      </trkpt>
      <trkpt lat="43.02029228769243" lon="26.64185349829495">
        <ele>241.39999999999998</ele>
        <time>2025-05-19T14:04:55</time>
      </trkpt>
      <trkpt lat="43.02028063684702" lon="26.641898173838854">
        <ele>241.60000000000002</ele>
        <time>2025-05-19T14:04:56</time>
      </trkpt>
      <trkpt lat="43.02020302042365" lon="26.642214925959706">
        <ele>242.39999999999998</ele>
        <time>2025-05-19T14:05:03</time>
      </trkpt>
      <trkpt lat="43.02018105983734" lon="26.642309306189418">
        <ele>242.60000000000002</ele>
        <time>2025-05-19T14:05:05</time>
      </trkpt>
      <trkpt lat="43.02010520361364" lon="26.642634021118283">
        <ele>243.60000000000002</ele>
        <time>2025-05-19T14:05:12</time>
      </trkpt>
      <trkpt lat="43.020083075389266" lon="26.642724545672536">
        <ele>243.60000000000002</ele>
        <time>2025-05-19T14:05:14</time>
      </trkpt>
      <trkpt lat="43.01999003626406" lon="26.64308924227953">
        <ele>244.60000000000002</ele>
        <time>2025-05-19T14:05:22</time>
      </trkpt>
      <trkpt lat="43.01990387029946" lon="26.64340398274362">
        <ele>245.60000000000002</ele>
        <time>2025-05-19T14:05:29</time>
      </trkpt>
      <trkpt lat="43.01984930410981" lon="26.643593749031425">
        <ele>246.39999999999998</ele>
        <time>2025-05-19T14:05:33</time>
      </trkpt>
      <trkpt lat="43.019787361845374" lon="26.643795501440763">
        <ele>246.60000000000002</ele>
        <time>2025-05-19T14:05:37</time>
      </trkpt>
      <trkpt lat="43.019735561683774" lon="26.64395467378199">
        <ele>247.0</ele>
        <time>2025-05-19T14:05:40</time>
      </trkpt>
      <trkpt lat="43.01968116313219" lon="26.644121976569295">
        <ele>247.20000000000005</ele>
        <time>2025-05-19T14:05:43</time>
      </trkpt>
      <trkpt lat="43.01959407515824" lon="26.6443376429379">
        <ele>247.39999999999998</ele>
        <time>2025-05-19T14:05:47</time>
      </trkpt>
      <trkpt lat="43.019419983029366" lon="26.644784985110164">
        <ele>247.39999999999998</ele>
        <time>2025-05-19T14:05:55</time>
      </trkpt>
      <trkpt lat="43.01924178376794" lon="26.64522897452116">
        <ele>247.39999999999998</ele>
        <time>2025-05-19T14:06:02</time>
      </trkpt>
      <trkpt lat="43.01899552345276" lon="26.645844457671046">
        <ele>247.20000000000005</ele>
        <time>2025-05-19T14:06:11</time>
      </trkpt>
      <trkpt lat="43.0187516938895" lon="26.646455330774188">
        <ele>245.79999999999995</ele>
        <time>2025-05-19T14:06:20</time>
      </trkpt>
      <trkpt lat="43.018474001437426" lon="26.64715706370771">
        <ele>244.79999999999995</ele>
        <time>2025-05-19T14:06:30</time>
      </trkpt>
      <trkpt lat="43.01841859705746" lon="26.647305842489004">
        <ele>244.60000000000002</ele>
        <time>2025-05-19T14:06:32</time>
      </trkpt>
      <trkpt lat="43.01818801090121" lon="26.647994499653578">
        <ele>244.0</ele>
        <time>2025-05-19T14:06:41</time>
      </trkpt>
      <trkpt lat="43.01816361956298" lon="26.648074630647898">
        <ele>243.79999999999995</ele>
        <time>2025-05-19T14:06:42</time>
      </trkpt>
      <trkpt lat="43.01813805475831" lon="26.64815484546125">
        <ele>243.79999999999995</ele>
        <time>2025-05-19T14:06:43</time>
      </trkpt>
      <trkpt lat="43.017977457493544" lon="26.6487134154886">
        <ele>242.60000000000002</ele>
        <time>2025-05-19T14:06:50</time>
      </trkpt>
      <trkpt lat="43.01795683801174" lon="26.64879212155938">
        <ele>242.39999999999998</ele>
        <time>2025-05-19T14:06:51</time>
      </trkpt>
      <trkpt lat="43.017810909077525" lon="26.649337951093912">
        <ele>241.60000000000002</ele>
        <time>2025-05-19T14:06:58</time>
      </trkpt>
      <trkpt lat="43.017768915742636" lon="26.64949812926352">
        <ele>241.39999999999998</ele>
        <time>2025-05-19T14:07:00</time>
      </trkpt>
      <trkpt lat="43.017664812505245" lon="26.649891156703234">
        <ele>240.39999999999998</ele>
        <time>2025-05-19T14:07:05</time>
      </trkpt>
      <trkpt lat="43.01758602261543" lon="26.6502037178725">
        <ele>240.0</ele>
        <time>2025-05-19T14:07:09</time>
      </trkpt>
      <trkpt lat="43.01746180281043" lon="26.650685174390674">
        <ele>239.39999999999998</ele>
        <time>2025-05-19T14:07:15</time>
      </trkpt>
      <trkpt lat="43.01739910617471" lon="26.650921376422048">
        <ele>239.39999999999998</ele>
        <time>2025-05-19T14:07:18</time>
      </trkpt>
      <trkpt lat="43.017216799780726" lon="26.651627803221345">
        <ele>239.20000000000005</ele>
        <time>2025-05-19T14:07:27</time>
      </trkpt>
      <trkpt lat="43.01717732101679" lon="26.651787981390953">
        <ele>239.20000000000005</ele>
        <time>2025-05-19T14:07:29</time>
      </trkpt>
      <trkpt lat="43.01699568517506" lon="26.652486361563206">
        <ele>239.39999999999998</ele>
        <time>2025-05-19T14:07:38</time>
      </trkpt>
      <trkpt lat="43.01697766408324" lon="26.652558194473386">
        <ele>239.39999999999998</ele>
        <time>2025-05-19T14:07:39</time>
      </trkpt>
      <trkpt lat="43.01688755862415" lon="26.652908558025956">
        <ele>238.60000000000002</ele>
        <time>2025-05-19T14:07:44</time>
      </trkpt>
      <trkpt lat="43.01681321114302" lon="26.653198404237628">
        <ele>237.60000000000002</ele>
        <time>2025-05-19T14:07:48</time>
      </trkpt>
      <trkpt lat="43.01679477095604" lon="26.653273086994886">
        <ele>237.39999999999998</ele>
        <time>2025-05-19T14:07:49</time>
      </trkpt>
      <trkpt lat="43.01669544540346" lon="26.653645997866988">
        <ele>236.39999999999998</ele>
        <time>2025-05-19T14:07:54</time>
      </trkpt>
      <trkpt lat="43.01661397330463" lon="26.65396266616881">
        <ele>235.79999999999995</ele>
        <time>2025-05-19T14:07:58</time>
      </trkpt>
      <trkpt lat="43.01653568632901" lon="26.65430179797113">
        <ele>235.20000000000005</ele>
        <time>2025-05-19T14:08:02</time>
      </trkpt>
      <trkpt lat="43.01647190004587" lon="26.65467261336744">
        <ele>234.39999999999998</ele>
        <time>2025-05-19T14:08:06</time>
      </trkpt>
      <trkpt lat="43.01645957864821" lon="26.654770765453577">
        <ele>234.0</ele>
        <time>2025-05-19T14:08:07</time>
      </trkpt>
      <trkpt lat="43.01639948040247" lon="26.655288264155388">
        <ele>233.0</ele>
        <time>2025-05-19T14:08:12</time>
      </trkpt>
      <trkpt lat="43.01635111682117" lon="26.655727308243513">
        <ele>231.79999999999995</ele>
        <time>2025-05-19T14:08:16</time>
      </trkpt>
      <trkpt lat="43.01632178016007" lon="26.65605654940009">
        <ele>230.39999999999998</ele>
        <time>2025-05-19T14:08:19</time>
      </trkpt>
      <trkpt lat="43.01631415262818" lon="26.656164675951004">
        <ele>230.0</ele>
        <time>2025-05-19T14:08:20</time>
      </trkpt>
      <trkpt lat="43.01630333997309" lon="26.656379587948322">
        <ele>229.39999999999998</ele>
        <time>2025-05-19T14:08:22</time>
      </trkpt>
      <trkpt lat="43.016288336366415" lon="26.656822739169">
        <ele>228.0</ele>
        <time>2025-05-19T14:08:26</time>
      </trkpt>
      <trkpt lat="43.016270231455564" lon="26.65704888291657">
        <ele>227.60000000000002</ele>
        <time>2025-05-19T14:08:28</time>
      </trkpt>
      <trkpt lat="43.01623762585223" lon="26.657383320853114">
        <ele>226.60000000000002</ele>
        <time>2025-05-19T14:08:31</time>
      </trkpt>
      <trkpt lat="43.016183311119676" lon="26.65771591477096">
        <ele>225.60000000000002</ele>
        <time>2025-05-19T14:08:34</time>
      </trkpt>
      <trkpt lat="43.01616294309497" lon="26.65782772935927">
        <ele>225.39999999999998</ele>
        <time>2025-05-19T14:08:35</time>
      </trkpt>
      <trkpt lat="43.016091361641884" lon="26.658162167295814">
        <ele>224.0</ele>
        <time>2025-05-19T14:08:38</time>
      </trkpt>
      <trkpt lat="43.01600477658212" lon="26.65849140845239">
        <ele>222.79999999999995</ele>
        <time>2025-05-19T14:08:41</time>
      </trkpt>
      <trkpt lat="43.01597535610199" lon="26.658601965755224">
        <ele>222.39999999999998</ele>
        <time>2025-05-19T14:08:42</time>
      </trkpt>
      <trkpt lat="43.015914000570774" lon="26.658820817247033">
        <ele>221.60000000000002</ele>
        <time>2025-05-19T14:08:44</time>
      </trkpt>
      <trkpt lat="43.01582096144557" lon="26.659144442528486">
        <ele>220.39999999999998</ele>
        <time>2025-05-19T14:08:47</time>
      </trkpt>
      <trkpt lat="43.01575977355242" lon="26.65935575030744">
        <ele>219.39999999999998</ele>
        <time>2025-05-19T14:08:49</time>
      </trkpt>
      <trkpt lat="43.015731275081635" lon="26.65946077555418">
        <ele>219.0</ele>
        <time>2025-05-19T14:08:50</time>
      </trkpt>
      <trkpt lat="43.01559456624091" lon="26.659955978393555">
        <ele>217.79999999999995</ele>
        <time>2025-05-19T14:08:55</time>
      </trkpt>
      <trkpt lat="43.01554058678448" lon="26.660135937854648">
        <ele>217.0</ele>
        <time>2025-05-19T14:08:57</time>
      </trkpt>
      <trkpt lat="43.01551468670368" lon="26.660223612561822">
        <ele>216.79999999999995</ele>
        <time>2025-05-19T14:08:58</time>
      </trkpt>
      <trkpt lat="43.015398597344756" lon="26.660631643608212">
        <ele>215.79999999999995</ele>
        <time>2025-05-19T14:09:03</time>
      </trkpt>
      <trkpt lat="43.01537638530135" lon="26.66070867329836">
        <ele>215.60000000000002</ele>
        <time>2025-05-19T14:09:04</time>
      </trkpt>
      <trkpt lat="43.0152374971658" lon="26.661185268312693">
        <ele>215.39999999999998</ele>
        <time>2025-05-19T14:09:11</time>
      </trkpt>
      <trkpt lat="43.01508804783225" lon="26.661582235246897">
        <ele>216.0</ele>
        <time>2025-05-19T14:09:19</time>
      </trkpt>
      <trkpt lat="43.01492233760655" lon="26.661884989589453">
        <ele>216.60000000000002</ele>
        <time>2025-05-19T14:09:27</time>
      </trkpt>
      <trkpt lat="43.01485100761056" lon="26.661992529407144">
        <ele>216.79999999999995</ele>
        <time>2025-05-19T14:09:30</time>
      </trkpt>
      <trkpt lat="43.01472201012075" lon="26.66216528043151">
        <ele>217.39999999999998</ele>
        <time>2025-05-19T14:09:35</time>
      </trkpt>
      <trkpt lat="43.0146124586463" lon="26.66229578666389">
        <ele>218.0</ele>
        <time>2025-05-19T14:09:39</time>
      </trkpt>
      <trkpt lat="43.01446057856083" lon="26.66243216022849">
        <ele>218.20000000000005</ele>
        <time>2025-05-19T14:09:44</time>
      </trkpt>
      <trkpt lat="43.014208702370524" lon="26.662566773593426">
        <ele>218.60000000000002</ele>
        <time>2025-05-19T14:09:52</time>
      </trkpt>
      <trkpt lat="43.01411557942629" lon="26.66261002421379">
        <ele>219.0</ele>
        <time>2025-05-19T14:09:55</time>
      </trkpt>
      <trkpt lat="43.01398951560259" lon="26.662654615938663">
        <ele>219.20000000000005</ele>
        <time>2025-05-19T14:09:59</time>
      </trkpt>
      <trkpt lat="43.013753313571215" lon="26.662706416100264">
        <ele>219.79999999999995</ele>
        <time>2025-05-19T14:10:06</time>
      </trkpt>
      <trkpt lat="43.01361886784434" lon="26.662731897085905">
        <ele>220.0</ele>
        <time>2025-05-19T14:10:10</time>
      </trkpt>
      <trkpt lat="43.0134897865355" lon="26.662745727226138">
        <ele>220.20000000000005</ele>
        <time>2025-05-19T14:10:14</time>
      </trkpt>
      <trkpt lat="43.01345760002732" lon="26.66274882853031">
        <ele>220.39999999999998</ele>
        <time>2025-05-19T14:10:15</time>
      </trkpt>
      <trkpt lat="43.01320438273251" lon="26.66276592761278">
        <ele>221.20000000000005</ele>
        <time>2025-05-19T14:10:23</time>
      </trkpt>
      <trkpt lat="43.01292107440531" lon="26.66277715936303">
        <ele>222.0</ele>
        <time>2025-05-19T14:10:32</time>
      </trkpt>
      <trkpt lat="43.01282610744238" lon="26.66278202086687">
        <ele>222.20000000000005</ele>
        <time>2025-05-19T14:10:35</time>
      </trkpt>
      <trkpt lat="43.01263608969748" lon="26.662801634520292">
        <ele>222.39999999999998</ele>
        <time>2025-05-19T14:10:41</time>
      </trkpt>
      <trkpt lat="43.0123795196414" lon="26.662812028080225">
        <ele>223.0</ele>
        <time>2025-05-19T14:10:49</time>
      </trkpt>
      <trkpt lat="43.01228136755526" lon="26.66282250545919">
        <ele>223.20000000000005</ele>
        <time>2025-05-19T14:10:52</time>
      </trkpt>
      <trkpt lat="43.01207869313657" lon="26.66283968836069">
        <ele>224.0</ele>
        <time>2025-05-19T14:10:58</time>
      </trkpt>
      <trkpt lat="43.01173000596464" lon="26.66286156512797">
        <ele>224.39999999999998</ele>
        <time>2025-05-19T14:11:08</time>
      </trkpt>
      <trkpt lat="43.011694299057126" lon="26.66286659426987">
        <ele>224.60000000000002</ele>
        <time>2025-05-19T14:11:09</time>
      </trkpt>
      <trkpt lat="43.01140663214028" lon="26.662882268428802">
        <ele>225.39999999999998</ele>
        <time>2025-05-19T14:11:17</time>
      </trkpt>
      <trkpt lat="43.0113710090518" lon="26.66288503445685">
        <ele>225.39999999999998</ele>
        <time>2025-05-19T14:11:18</time>
      </trkpt>
      <trkpt lat="43.01118887029588" lon="26.66289685294032">
        <ele>225.60000000000002</ele>
        <time>2025-05-19T14:11:23</time>
      </trkpt>
      <trkpt lat="43.01089030690491" lon="26.66290850378573">
        <ele>225.79999999999995</ele>
        <time>2025-05-19T14:11:31</time>
      </trkpt>
      <trkpt lat="43.010597275570035" lon="26.662933146581054">
        <ele>226.0</ele>
        <time>2025-05-19T14:11:39</time>
      </trkpt>
      <trkpt lat="43.01029661670327" lon="26.66294865310192">
        <ele>226.39999999999998</ele>
        <time>2025-05-19T14:11:48</time>
      </trkpt>
      <trkpt lat="43.0102708004415" lon="26.662950832396746">
        <ele>226.60000000000002</ele>
        <time>2025-05-19T14:11:49</time>
      </trkpt>
      <trkpt lat="43.010185388848186" lon="26.662966422736645">
        <ele>227.0</ele>
        <time>2025-05-19T14:11:53</time>
      </trkpt>
      <trkpt lat="43.00996972247958" lon="26.66299693286419">
        <ele>227.39999999999998</ele>
        <time>2025-05-19T14:12:01</time>
      </trkpt>
      <trkpt lat="43.00988464616239" lon="26.663014786317945">
        <ele>227.60000000000002</ele>
        <time>2025-05-19T14:12:04</time>
      </trkpt>
      <trkpt lat="43.009684067219496" lon="26.66304395534098">
        <ele>228.39999999999998</ele>
        <time>2025-05-19T14:12:11</time>
      </trkpt>
      <trkpt lat="43.0095680616796" lon="26.663069184869528">
        <ele>228.79999999999995</ele>
        <time>2025-05-19T14:12:15</time>
      </trkpt>
      <trkpt lat="43.00947527401149" lon="26.663088127970695">
        <ele>229.20000000000005</ele>
        <time>2025-05-19T14:12:18</time>
      </trkpt>
      <trkpt lat="43.00925927236676" lon="26.663153087720275">
        <ele>229.39999999999998</ele>
        <time>2025-05-19T14:12:25</time>
      </trkpt>
      <trkpt lat="43.00910915248096" lon="26.66320807300508">
        <ele>229.79999999999995</ele>
        <time>2025-05-19T14:12:30</time>
      </trkpt>
      <trkpt lat="43.009008234366775" lon="26.663250820711255">
        <ele>230.0</ele>
        <time>2025-05-19T14:12:33</time>
      </trkpt>
      <trkpt lat="43.00882249139249" lon="26.66333120316267">
        <ele>230.39999999999998</ele>
        <time>2025-05-19T14:12:39</time>
      </trkpt>
      <trkpt lat="43.008510852232575" lon="26.6634729411453">
        <ele>230.79999999999995</ele>
        <time>2025-05-19T14:12:48</time>
      </trkpt>
      <trkpt lat="43.00816593691707" lon="26.66367226280272">
        <ele>230.79999999999995</ele>
        <time>2025-05-19T14:12:57</time>
      </trkpt>
      <trkpt lat="43.00772823393345" lon="26.663994127884507">
        <ele>230.39999999999998</ele>
        <time>2025-05-19T14:13:08</time>
      </trkpt>
      <trkpt lat="43.007371332496405" lon="26.664303168654442">
        <ele>229.79999999999995</ele>
        <time>2025-05-19T14:13:18</time>
      </trkpt>
      <trkpt lat="43.00703479908407" lon="26.664631152525544">
        <ele>229.39999999999998</ele>
        <time>2025-05-19T14:13:27</time>
      </trkpt>
      <trkpt lat="43.0066651571542" lon="26.664999118074775">
        <ele>229.20000000000005</ele>
        <time>2025-05-19T14:13:37</time>
      </trkpt>
      <trkpt lat="43.00655501894653" lon="26.665112357586622">
        <ele>229.0</ele>
        <time>2025-05-19T14:13:40</time>
      </trkpt>
      <trkpt lat="43.006378412246704" lon="26.66529013775289">
        <ele>229.0</ele>
        <time>2025-05-19T14:13:45</time>
      </trkpt>
      <trkpt lat="43.00595504231751" lon="26.66571183130145">
        <ele>229.0</ele>
        <time>2025-05-19T14:13:56</time>
      </trkpt>
      <trkpt lat="43.005533181130886" lon="26.666141487658024">
        <ele>229.39999999999998</ele>
        <time>2025-05-19T14:14:07</time>
      </trkpt>
      <trkpt lat="43.00515507347882" lon="26.66651607491076">
        <ele>229.79999999999995</ele>
        <time>2025-05-19T14:14:17</time>
      </trkpt>
      <trkpt lat="43.00490118563175" lon="26.666767615824938">
        <ele>230.0</ele>
        <time>2025-05-19T14:14:24</time>
      </trkpt>
      <trkpt lat="43.00483647733927" lon="26.66683131828904">
        <ele>230.20000000000005</ele>
        <time>2025-05-19T14:14:26</time>
      </trkpt>
      <trkpt lat="43.00459868274629" lon="26.667070370167494">
        <ele>230.60000000000002</ele>
        <time>2025-05-19T14:14:34</time>
      </trkpt>
      <trkpt lat="43.00427136942744" lon="26.667395252734423">
        <ele>231.0</ele>
        <time>2025-05-19T14:14:44</time>
      </trkpt>
      <trkpt lat="43.00405167974532" lon="26.667609326541424">
        <ele>231.39999999999998</ele>
        <time>2025-05-19T14:14:51</time>
      </trkpt>
      <trkpt lat="43.00373777747154" lon="26.667919792234898">
        <ele>231.79999999999995</ele>
        <time>2025-05-19T14:15:01</time>
      </trkpt>
      <trkpt lat="43.003576174378395" lon="26.668082820251584">
        <ele>232.20000000000005</ele>
        <time>2025-05-19T14:15:06</time>
      </trkpt>
      <trkpt lat="43.00347911193967" lon="26.66818030178547">
        <ele>232.39999999999998</ele>
        <time>2025-05-19T14:15:09</time>
      </trkpt>
      <trkpt lat="43.003163281828165" lon="26.668505100533366">
        <ele>232.60000000000002</ele>
        <time>2025-05-19T14:15:19</time>
      </trkpt>
      <trkpt lat="43.00292984582484" lon="26.66874968446791">
        <ele>233.20000000000005</ele>
        <time>2025-05-19T14:15:27</time>
      </trkpt>
      <trkpt lat="43.002716694027185" lon="26.66896317154169">
        <ele>233.20000000000005</ele>
        <time>2025-05-19T14:15:34</time>
      </trkpt>
      <trkpt lat="43.002559365704656" lon="26.669123265892267">
        <ele>233.39999999999998</ele>
        <time>2025-05-19T14:15:39</time>
      </trkpt>
      <trkpt lat="43.00236951559782" lon="26.66931789368391">
        <ele>233.60000000000002</ele>
        <time>2025-05-19T14:15:45</time>
      </trkpt>
      <trkpt lat="43.00206206738949" lon="26.669635651633143">
        <ele>234.0</ele>
        <time>2025-05-19T14:15:55</time>
      </trkpt>
      <trkpt lat="43.001847909763455" lon="26.669852575287223">
        <ele>234.39999999999998</ele>
        <time>2025-05-19T14:16:03</time>
      </trkpt>
      <trkpt lat="43.00182117149234" lon="26.66987839154899">
        <ele>234.39999999999998</ele>
        <time>2025-05-19T14:16:04</time>
      </trkpt>
      <trkpt lat="43.00169670023024" lon="26.669987021014094">
        <ele>234.60000000000002</ele>
        <time>2025-05-19T14:16:10</time>
      </trkpt>
      <trkpt lat="43.001686222851276" lon="26.669996492564678">
        <ele>235.0</ele>
        <time>2025-05-19T14:16:16</time>
      </trkpt>
      <trkpt lat="43.00168672576547" lon="26.669996408745646">
        <ele>235.0</ele>
        <time>2025-05-19T14:16:32</time>
      </trkpt>
      <trkpt lat="43.00168748013675" lon="26.669995486736298">
        <ele>235.39999999999998</ele>
        <time>2025-05-19T14:16:49</time>
      </trkpt>
      <trkpt lat="43.00168798305094" lon="26.66999506764114">
        <ele>235.60000000000002</ele>
        <time>2025-05-19T14:17:07</time>
      </trkpt>
      <trkpt lat="43.001687144860625" lon="26.669994816184044">
        <ele>235.20000000000005</ele>
        <time>2025-05-19T14:17:47</time>
      </trkpt>
      <trkpt lat="43.00168722867966" lon="26.669994816184044">
        <ele>235.39999999999998</ele>
        <time>2025-05-19T14:17:54</time>
      </trkpt>
      <trkpt lat="43.001687563955784" lon="26.669995486736298">
        <ele>235.39999999999998</ele>
        <time>2025-05-19T14:18:28</time>
      </trkpt>
      <trkpt lat="43.00168890506029" lon="26.66999666020274">
        <ele>235.20000000000005</ele>
        <time>2025-05-19T14:18:39</time>
      </trkpt>
      <trkpt lat="43.00168890506029" lon="26.669997330754995">
        <ele>235.0</ele>
        <time>2025-05-19T14:18:59</time>
      </trkpt>
      <trkpt lat="43.00168982706964" lon="26.669997246935964">
        <ele>235.39999999999998</ele>
        <time>2025-05-19T14:19:55</time>
      </trkpt>
      <trkpt lat="43.00169016234577" lon="26.669996408745646">
        <ele>235.39999999999998</ele>
        <time>2025-05-19T14:20:20</time>
      </trkpt>
      <trkpt lat="43.001690078526735" lon="26.669996911659837">
        <ele>235.39999999999998</ele>
        <time>2025-05-19T14:20:37</time>
      </trkpt>
      <trkpt lat="43.0016918387264" lon="26.669994732365012">
        <ele>235.20000000000005</ele>
        <time>2025-05-19T14:20:49</time>
      </trkpt>
      <trkpt lat="43.00169242545962" lon="26.669994480907917">
        <ele>235.39999999999998</ele>
        <time>2025-05-19T14:20:54</time>
      </trkpt>
      <trkpt lat="43.00166577100754" lon="26.670029684901237">
        <ele>235.39999999999998</ele>
        <time>2025-05-19T14:21:00</time>
      </trkpt>
      <trkpt lat="43.001518584787846" lon="26.670159604400396">
        <ele>235.39999999999998</ele>
        <time>2025-05-19T14:21:07</time>
      </trkpt>
      <trkpt lat="43.00132496282458" lon="26.670317519456148">
        <ele>235.39999999999998</ele>
        <time>2025-05-19T14:21:14</time>
      </trkpt>
      <trkpt lat="43.00114156678319" lon="26.670475769788027">
        <ele>235.60000000000002</ele>
        <time>2025-05-19T14:21:21</time>
      </trkpt>
      <trkpt lat="43.00084157846868" lon="26.67073921300471">
        <ele>236.20000000000005</ele>
        <time>2025-05-19T14:21:32</time>
      </trkpt>
      <trkpt lat="43.000705456361175" lon="26.67086284607649">
        <ele>236.39999999999998</ele>
        <time>2025-05-19T14:21:37</time>
      </trkpt>
      <trkpt lat="43.00061929039657" lon="26.670931661501527">
        <ele>236.60000000000002</ele>
        <time>2025-05-19T14:21:40</time>
      </trkpt>
      <trkpt lat="43.00027429126203" lon="26.671185214072466">
        <ele>237.0</ele>
        <time>2025-05-19T14:21:51</time>
      </trkpt>
      <trkpt lat="43.00005275756121" lon="26.67134958319366">
        <ele>237.60000000000002</ele>
        <time>2025-05-19T14:21:58</time>
      </trkpt>
      <trkpt lat="42.999993078410625" lon="26.671391911804676">
        <ele>237.79999999999995</ele>
        <time>2025-05-19T14:22:00</time>
      </trkpt>
      <trkpt lat="42.9997543618083" lon="26.67156801559031">
        <ele>238.0</ele>
        <time>2025-05-19T14:22:08</time>
      </trkpt>
      <trkpt lat="42.999497037380934" lon="26.67176540941">
        <ele>238.20000000000005</ele>
        <time>2025-05-19T14:22:17</time>
      </trkpt>
      <trkpt lat="42.99929218366742" lon="26.671902118250728">
        <ele>238.20000000000005</ele>
        <time>2025-05-19T14:22:24</time>
      </trkpt>
      <trkpt lat="42.99910493195057" lon="26.67198183014989">
        <ele>238.39999999999998</ele>
        <time>2025-05-19T14:22:30</time>
      </trkpt>
      <trkpt lat="42.99900879152119" lon="26.672028936445713">
        <ele>238.60000000000002</ele>
        <time>2025-05-19T14:22:33</time>
      </trkpt>
      <trkpt lat="42.99887677654624" lon="26.67206296697259">
        <ele>238.79999999999995</ele>
        <time>2025-05-19T14:22:37</time>
      </trkpt>
      <trkpt lat="42.99860126338899" lon="26.672143936157227">
        <ele>238.79999999999995</ele>
        <time>2025-05-19T14:22:45</time>
      </trkpt>
      <trkpt lat="42.998533034697175" lon="26.672174697741866">
        <ele>238.79999999999995</ele>
        <time>2025-05-19T14:22:47</time>
      </trkpt>
      <trkpt lat="42.9983695037663" lon="26.672302773222327">
        <ele>238.79999999999995</ele>
        <time>2025-05-19T14:22:52</time>
      </trkpt>
      <trkpt lat="42.998155765235424" lon="26.67256386950612">
        <ele>238.79999999999995</ele>
        <time>2025-05-19T14:22:59</time>
      </trkpt>
      <trkpt lat="42.997903134673834" lon="26.67289118282497">
        <ele>238.79999999999995</ele>
        <time>2025-05-19T14:23:08</time>
      </trkpt>
      <trkpt lat="42.99768939614296" lon="26.67307013645768">
        <ele>239.39999999999998</ele>
        <time>2025-05-19T14:23:16</time>
      </trkpt>
      <trkpt lat="42.99756919965148" lon="26.673103412613273">
        <ele>239.79999999999995</ele>
        <time>2025-05-19T14:23:20</time>
      </trkpt>
      <trkpt lat="42.99741153605282" lon="26.673150938004255">
        <ele>240.20000000000005</ele>
        <time>2025-05-19T14:23:25</time>
      </trkpt>
      <trkpt lat="42.99718220718205" lon="26.6732263751328">
        <ele>240.79999999999995</ele>
        <time>2025-05-19T14:23:32</time>
      </trkpt>
      <trkpt lat="42.996832095086575" lon="26.673339866101742">
        <ele>241.20000000000005</ele>
        <time>2025-05-19T14:23:43</time>
      </trkpt>
      <trkpt lat="42.996647441759706" lon="26.673366939648986">
        <ele>241.60000000000002</ele>
        <time>2025-05-19T14:23:49</time>
      </trkpt>
      <trkpt lat="42.99654845148325" lon="26.67334908619523">
        <ele>241.79999999999995</ele>
        <time>2025-05-19T14:23:52</time>
      </trkpt>
      <trkpt lat="42.99642724916339" lon="26.673313044011593">
        <ele>242.0</ele>
        <time>2025-05-19T14:23:56</time>
      </trkpt>
      <trkpt lat="42.996204709634185" lon="26.673245318233967">
        <ele>242.79999999999995</ele>
        <time>2025-05-19T14:24:03</time>
      </trkpt>
      <trkpt lat="42.996171517297626" lon="26.67323760688305">
        <ele>243.0</ele>
        <time>2025-05-19T14:24:04</time>
      </trkpt>
      <trkpt lat="42.996013602241874" lon="26.673205085098743">
        <ele>243.60000000000002</ele>
        <time>2025-05-19T14:24:09</time>
      </trkpt>
      <trkpt lat="42.99578377045691" lon="26.673151943832636">
        <ele>243.79999999999995</ele>
        <time>2025-05-19T14:24:16</time>
      </trkpt>
      <trkpt lat="42.99571772105992" lon="26.673135682940483">
        <ele>244.0</ele>
        <time>2025-05-19T14:24:18</time>
      </trkpt>
      <trkpt lat="42.99552611075342" lon="26.67306368239224">
        <ele>244.20000000000005</ele>
        <time>2025-05-19T14:24:24</time>
      </trkpt>
      <trkpt lat="42.99524707719684" lon="26.67293233796954">
        <ele>244.79999999999995</ele>
        <time>2025-05-19T14:24:33</time>
      </trkpt>
      <trkpt lat="42.99519410356879" lon="26.67289168573916">
        <ele>245.0</ele>
        <time>2025-05-19T14:24:35</time>
      </trkpt>
      <trkpt lat="42.99506024457514" lon="26.672789258882403">
        <ele>245.39999999999998</ele>
        <time>2025-05-19T14:24:40</time>
      </trkpt>
      <trkpt lat="42.9948381241411" lon="26.672604521736503">
        <ele>245.60000000000002</ele>
        <time>2025-05-19T14:24:48</time>
      </trkpt>
      <trkpt lat="42.994615249335766" lon="26.672416096553206">
        <ele>246.0</ele>
        <time>2025-05-19T14:24:56</time>
      </trkpt>
      <trkpt lat="42.99458893015981" lon="26.672391453757882">
        <ele>246.20000000000005</ele>
        <time>2025-05-19T14:24:57</time>
      </trkpt>
      <trkpt lat="42.99436228349805" lon="26.6722144279629">
        <ele>246.79999999999995</ele>
        <time>2025-05-19T14:25:05</time>
      </trkpt>
      <trkpt lat="42.99421870149672" lon="26.672103200107813">
        <ele>247.20000000000005</ele>
        <time>2025-05-19T14:25:10</time>
      </trkpt>
      <trkpt lat="42.994080651551485" lon="26.672009071335196">
        <ele>247.20000000000005</ele>
        <time>2025-05-19T14:25:15</time>
      </trkpt>
      <trkpt lat="42.99386012367904" lon="26.671853084117174">
        <ele>247.79999999999995</ele>
        <time>2025-05-19T14:25:23</time>
      </trkpt>
      <trkpt lat="42.99378192052245" lon="26.671794410794973">
        <ele>248.20000000000005</ele>
        <time>2025-05-19T14:25:26</time>
      </trkpt>
      <trkpt lat="42.993700951337814" lon="26.671696761623025">
        <ele>248.39999999999998</ele>
        <time>2025-05-19T14:25:30</time>
      </trkpt>
      <trkpt lat="42.993575893342495" lon="26.67145946994424">
        <ele>249.0</ele>
        <time>2025-05-19T14:25:37</time>
      </trkpt>
      <trkpt lat="42.99349760636687" lon="26.67131840251386">
        <ele>249.20000000000005</ele>
        <time>2025-05-19T14:25:41</time>
      </trkpt>
      <trkpt lat="42.99341881647706" lon="26.671164175495505">
        <ele>249.39999999999998</ele>
        <time>2025-05-19T14:25:45</time>
      </trkpt>
      <trkpt lat="42.99321345984936" lon="26.670847004279494">
        <ele>250.0</ele>
        <time>2025-05-19T14:25:54</time>
      </trkpt>
      <trkpt lat="42.99314506351948" lon="26.670808363705873">
        <ele>250.20000000000005</ele>
        <time>2025-05-19T14:25:56</time>
      </trkpt>
      <trkpt lat="42.99300382845104" lon="26.670743906870484">
        <ele>250.60000000000002</ele>
        <time>2025-05-19T14:26:00</time>
      </trkpt>
      <trkpt lat="42.992664109915495" lon="26.670600408688188">
        <ele>250.60000000000002</ele>
        <time>2025-05-19T14:26:09</time>
      </trkpt>
      <trkpt lat="42.99236303195357" lon="26.67047635652125">
        <ele>250.20000000000005</ele>
        <time>2025-05-19T14:26:16</time>
      </trkpt>
      <trkpt lat="42.992077209055424" lon="26.670359261333942">
        <ele>249.39999999999998</ele>
        <time>2025-05-19T14:26:23</time>
      </trkpt>
      <trkpt lat="42.99195818603039" lon="26.670296397060156">
        <ele>249.39999999999998</ele>
        <time>2025-05-19T14:26:26</time>
      </trkpt>
      <trkpt lat="42.99185290932655" lon="26.670195311307907">
        <ele>249.39999999999998</ele>
        <time>2025-05-19T14:26:29</time>
      </trkpt>
      <trkpt lat="42.991758193820715" lon="26.67000546120107">
        <ele>249.39999999999998</ele>
        <time>2025-05-19T14:26:33</time>
      </trkpt>
      <trkpt lat="42.99174034036696" lon="26.6699521522969">
        <ele>249.39999999999998</ele>
        <time>2025-05-19T14:26:34</time>
      </trkpt>
      <trkpt lat="42.991580832749605" lon="26.669519059360027">
        <ele>249.39999999999998</ele>
        <time>2025-05-19T14:26:43</time>
      </trkpt>
      <trkpt lat="42.99145585857332" lon="26.6691888961941">
        <ele>250.0</ele>
        <time>2025-05-19T14:26:50</time>
      </trkpt>
      <trkpt lat="42.99122485332191" lon="26.6688625048846">
        <ele>250.20000000000005</ele>
        <time>2025-05-19T14:26:58</time>
      </trkpt>
      <trkpt lat="42.99088731408119" lon="26.668526558205485">
        <ele>250.39999999999998</ele>
        <time>2025-05-19T14:27:08</time>
      </trkpt>
      <trkpt lat="42.99056536518037" lon="26.668293960392475">
        <ele>250.79999999999995</ele>
        <time>2025-05-19T14:27:18</time>
      </trkpt>
      <trkpt lat="42.99037182703614" lon="26.668181223794818">
        <ele>251.20000000000005</ele>
        <time>2025-05-19T14:27:25</time>
      </trkpt>
      <trkpt lat="42.99028976820409" lon="26.668137470260262">
        <ele>251.39999999999998</ele>
        <time>2025-05-19T14:27:28</time>
      </trkpt>
      <trkpt lat="42.990125734359026" lon="26.66804702952504">
        <ele>252.0</ele>
        <time>2025-05-19T14:27:34</time>
      </trkpt>
      <trkpt lat="42.989962957799435" lon="26.667956756427884">
        <ele>252.60000000000002</ele>
        <time>2025-05-19T14:27:40</time>
      </trkpt>
      <trkpt lat="42.989851562306285" lon="26.667896574363112">
        <ele>252.79999999999995</ele>
        <time>2025-05-19T14:27:44</time>
      </trkpt>
      <trkpt lat="42.989628771319985" lon="26.667808396741748">
        <ele>253.20000000000005</ele>
        <time>2025-05-19T14:27:51</time>
      </trkpt>
      <trkpt lat="42.98940631560981" lon="26.667746789753437">
        <ele>253.39999999999998</ele>
        <time>2025-05-19T14:27:58</time>
      </trkpt>
      <trkpt lat="42.98937329091132" lon="26.66773958131671">
        <ele>253.60000000000002</ele>
        <time>2025-05-19T14:27:59</time>
      </trkpt>
      <trkpt lat="42.98910263925791" lon="26.667700270190835">
        <ele>253.79999999999995</ele>
        <time>2025-05-19T14:28:07</time>
      </trkpt>
      <trkpt lat="42.98875764012337" lon="26.667632460594177">
        <ele>254.20000000000005</ele>
        <time>2025-05-19T14:28:17</time>
      </trkpt>
      <trkpt lat="42.98865328542888" lon="26.667610416188836">
        <ele>254.60000000000002</ele>
        <time>2025-05-19T14:28:20</time>
      </trkpt>
      <trkpt lat="42.98843870870769" lon="26.667526764795184">
        <ele>255.20000000000005</ele>
        <time>2025-05-19T14:28:26</time>
      </trkpt>
      <trkpt lat="42.98825556412339" lon="26.66740589775145">
        <ele>255.60000000000002</ele>
        <time>2025-05-19T14:28:32</time>
      </trkpt>
      <trkpt lat="42.98796823248267" lon="26.667186291888356">
        <ele>255.79999999999995</ele>
        <time>2025-05-19T14:28:41</time>
      </trkpt>
      <trkpt lat="42.987705459818244" lon="26.66699342429638">
        <ele>255.79999999999995</ele>
        <time>2025-05-19T14:28:49</time>
      </trkpt>
      <trkpt lat="42.9874799028039" lon="26.66681162081659">
        <ele>255.79999999999995</ele>
        <time>2025-05-19T14:28:56</time>
      </trkpt>
      <trkpt lat="42.987447967752814" lon="26.666785972192883">
        <ele>255.79999999999995</ele>
        <time>2025-05-19T14:28:57</time>
      </trkpt>
      <trkpt lat="42.987171951681376" lon="26.666556810960174">
        <ele>256.20000000000005</ele>
        <time>2025-05-19T14:29:06</time>
      </trkpt>
      <trkpt lat="42.9869703669101" lon="26.666477266699076">
        <ele>256.79999999999995</ele>
        <time>2025-05-19T14:29:12</time>
      </trkpt>
      <trkpt lat="42.98668010160327" lon="26.666504088789225">
        <ele>257.79999999999995</ele>
        <time>2025-05-19T14:29:20</time>
      </trkpt>
      <trkpt lat="42.98660910688341" lon="26.6665156558156">
        <ele>257.79999999999995</ele>
        <time>2025-05-19T14:29:22</time>
      </trkpt>
      <trkpt lat="42.98630232922733" lon="26.666534850373864">
        <ele>258.20000000000005</ele>
        <time>2025-05-19T14:29:30</time>
      </trkpt>
      <trkpt lat="42.98601273447275" lon="26.66647215373814">
        <ele>258.4</ele>
        <time>2025-05-19T14:29:37</time>
      </trkpt>
      <trkpt lat="42.9855300206691" lon="26.66627123951912">
        <ele>258.6</ele>
        <time>2025-05-19T14:29:49</time>
      </trkpt>
      <trkpt lat="42.98535291105509" lon="26.666198316961527">
        <ele>259.0</ele>
        <time>2025-05-19T14:29:54</time>
      </trkpt>
      <trkpt lat="42.98529096879065" lon="26.666174847632647">
        <ele>259.0</ele>
        <time>2025-05-19T14:29:56</time>
      </trkpt>
      <trkpt lat="42.985123582184315" lon="26.66611826978624">
        <ele>260.0</ele>
        <time>2025-05-19T14:30:02</time>
      </trkpt>
      <trkpt lat="42.985039008781314" lon="26.666089855134487">
        <ele>260.20000000000005</ele>
        <time>2025-05-19T14:30:05</time>
      </trkpt>
      <trkpt lat="42.984853852540255" lon="26.666012071073055">
        <ele>261.0</ele>
        <time>2025-05-19T14:30:11</time>
      </trkpt>
      <trkpt lat="42.98482426442206" lon="26.66599036194384">
        <ele>261.0</ele>
        <time>2025-05-19T14:30:12</time>
      </trkpt>
      <trkpt lat="42.98474606126547" lon="26.665905620902777">
        <ele>261.20000000000005</ele>
        <time>2025-05-19T14:30:15</time>
      </trkpt>
      <trkpt lat="42.984648663550615" lon="26.665782993659377">
        <ele>261.4</ele>
        <time>2025-05-19T14:30:19</time>
      </trkpt>
      <trkpt lat="42.98437080346048" lon="26.66542500257492">
        <ele>262.0</ele>
        <time>2025-05-19T14:30:30</time>
      </trkpt>
      <trkpt lat="42.98434440046549" lon="26.665394073352218">
        <ele>262.0</ele>
        <time>2025-05-19T14:30:31</time>
      </trkpt>
      <trkpt lat="42.98415346071124" lon="26.665159547701478">
        <ele>262.4</ele>
        <time>2025-05-19T14:30:38</time>
      </trkpt>
      <trkpt lat="42.983875097706914" lon="26.66482008062303">
        <ele>263.0</ele>
        <time>2025-05-19T14:30:48</time>
      </trkpt>
      <trkpt lat="42.983660185709596" lon="26.66455722413957">
        <ele>263.6</ele>
        <time>2025-05-19T14:30:56</time>
      </trkpt>
      <trkpt lat="42.98346966505051" lon="26.664319848641753">
        <ele>264.0</ele>
        <time>2025-05-19T14:31:04</time>
      </trkpt>
      <trkpt lat="42.98342105001211" lon="26.6642605047673">
        <ele>264.20000000000005</ele>
        <time>2025-05-19T14:31:06</time>
      </trkpt>
      <trkpt lat="42.98324662260711" lon="26.664047855883837">
        <ele>264.79999999999995</ele>
        <time>2025-05-19T14:31:13</time>
      </trkpt>
      <trkpt lat="42.98317722044885" lon="26.663956744596362">
        <ele>265.20000000000005</ele>
        <time>2025-05-19T14:31:16</time>
      </trkpt>
      <trkpt lat="42.98311217688024" lon="26.663867477327585">
        <ele>265.6</ele>
        <time>2025-05-19T14:31:19</time>
      </trkpt>
      <trkpt lat="42.98285502009094" lon="26.663593389093876">
        <ele>266.20000000000005</ele>
        <time>2025-05-19T14:31:29</time>
      </trkpt>
      <trkpt lat="42.98265192657709" lon="26.663377219811082">
        <ele>266.20000000000005</ele>
        <time>2025-05-19T14:31:37</time>
      </trkpt>
      <trkpt lat="42.982423854991794" lon="26.663125343620777">
        <ele>266.4</ele>
        <time>2025-05-19T14:31:46</time>
      </trkpt>
      <trkpt lat="42.98225269652903" lon="26.662943372502923">
        <ele>266.79999999999995</ele>
        <time>2025-05-19T14:31:53</time>
      </trkpt>
      <trkpt lat="42.982028564438224" lon="26.66276684962213">
        <ele>267.0</ele>
        <time>2025-05-19T14:32:01</time>
      </trkpt>
      <trkpt lat="42.981972405686975" lon="26.662728963419795">
        <ele>267.20000000000005</ele>
        <time>2025-05-19T14:32:03</time>
      </trkpt>
      <trkpt lat="42.98186922445893" lon="26.662643384188414">
        <ele>267.20000000000005</ele>
        <time>2025-05-19T14:32:07</time>
      </trkpt>
      <trkpt lat="42.981627490371466" lon="26.662494270130992">
        <ele>267.6</ele>
        <time>2025-05-19T14:32:15</time>
      </trkpt>
      <trkpt lat="42.981352396309376" lon="26.66232260875404">
        <ele>268.0</ele>
        <time>2025-05-19T14:32:24</time>
      </trkpt>
      <trkpt lat="42.98122842796147" lon="26.662249770015478">
        <ele>268.20000000000005</ele>
        <time>2025-05-19T14:32:28</time>
      </trkpt>
      <trkpt lat="42.9811386577785" lon="26.662190342321992">
        <ele>268.20000000000005</ele>
        <time>2025-05-19T14:32:31</time>
      </trkpt>
      <trkpt lat="42.98091678880155" lon="26.661995379254222">
        <ele>268.4</ele>
        <time>2025-05-19T14:32:39</time>
      </trkpt>
      <trkpt lat="42.980702044442296" lon="26.66177049279213">
        <ele>269.20000000000005</ele>
        <time>2025-05-19T14:32:47</time>
      </trkpt>
      <trkpt lat="42.9804253578186" lon="26.661525405943394">
        <ele>269.6</ele>
        <time>2025-05-19T14:32:56</time>
      </trkpt>
      <trkpt lat="42.98016618937254" lon="26.66136539541185">
        <ele>270.0</ele>
        <time>2025-05-19T14:33:04</time>
      </trkpt>
      <trkpt lat="42.97999553382397" lon="26.661290293559432">
        <ele>270.20000000000005</ele>
        <time>2025-05-19T14:33:09</time>
      </trkpt>
      <trkpt lat="42.979852203279734" lon="26.661250982433558">
        <ele>270.4</ele>
        <time>2025-05-19T14:33:13</time>
      </trkpt>
      <trkpt lat="42.97960426658392" lon="26.661167414858937">
        <ele>271.0</ele>
        <time>2025-05-19T14:33:20</time>
      </trkpt>
      <trkpt lat="42.9793290887028" lon="26.6610312089324">
        <ele>271.20000000000005</ele>
        <time>2025-05-19T14:33:28</time>
      </trkpt>
      <trkpt lat="42.97929413616657" lon="26.66100773960352">
        <ele>271.4</ele>
        <time>2025-05-19T14:33:29</time>
      </trkpt>
      <trkpt lat="42.97911358997226" lon="26.660873545333743">
        <ele>271.6</ele>
        <time>2025-05-19T14:33:35</time>
      </trkpt>
      <trkpt lat="42.97888115979731" lon="26.660689394921064">
        <ele>272.20000000000005</ele>
        <time>2025-05-19T14:33:43</time>
      </trkpt>
      <trkpt lat="42.97882039099932" lon="26.660639187321067">
        <ele>272.4</ele>
        <time>2025-05-19T14:33:45</time>
      </trkpt>
      <trkpt lat="42.97866188921034" lon="26.660494850948453">
        <ele>272.79999999999995</ele>
        <time>2025-05-19T14:33:51</time>
      </trkpt>
      <trkpt lat="42.97860405407846" lon="26.66037549264729">
        <ele>273.0</ele>
        <time>2025-05-19T14:33:55</time>
      </trkpt>
      <trkpt lat="42.97845946624875" lon="26.66026166640222">
        <ele>273.0</ele>
        <time>2025-05-19T14:34:01</time>
      </trkpt>
      <trkpt lat="42.97831764444709" lon="26.660112971439958">
        <ele>273.20000000000005</ele>
        <time>2025-05-19T14:34:08</time>
      </trkpt>
      <trkpt lat="42.97828906215727" lon="26.660062847658992">
        <ele>273.4</ele>
        <time>2025-05-19T14:34:12</time>
      </trkpt>
      <trkpt lat="42.978286715224385" lon="26.66006226092577">
        <ele>273.4</ele>
        <time>2025-05-19T14:34:13</time>
      </trkpt>
      <trkpt lat="42.97827514819801" lon="26.660035774111748">
        <ele>273.6</ele>
        <time>2025-05-19T14:34:19</time>
      </trkpt>
      <trkpt lat="42.97825813293457" lon="26.660026386380196">
        <ele>273.6</ele>
        <time>2025-05-19T14:34:29</time>
      </trkpt>
      <trkpt lat="42.97824840992689" lon="26.660039210692048">
        <ele>273.4</ele>
        <time>2025-05-19T14:34:39</time>
      </trkpt>
      <trkpt lat="42.978248577564955" lon="26.66004130616784">
        <ele>272.79999999999995</ele>
        <time>2025-05-19T14:35:45</time>
      </trkpt>
      <trkpt lat="42.978248577564955" lon="26.66004323400557">
        <ele>273.0</ele>
        <time>2025-05-19T14:36:13</time>
      </trkpt>
      <trkpt lat="42.9782497510314" lon="26.660047844052315">
        <ele>272.4</ele>
        <time>2025-05-19T14:37:45</time>
      </trkpt>
      <trkpt lat="42.978250086307526" lon="26.660048011690378">
        <ele>272.6</ele>
        <time>2025-05-19T14:37:53</time>
      </trkpt>
      <trkpt lat="42.97825117595494" lon="26.66004616767168">
        <ele>272.79999999999995</ele>
        <time>2025-05-19T14:39:16</time>
      </trkpt>
      <trkpt lat="42.97825092449784" lon="26.660047508776188">
        <ele>272.6</ele>
        <time>2025-05-19T14:40:04</time>
      </trkpt>
      <trkpt lat="42.978256624192" lon="26.660049436613917">
        <ele>272.6</ele>
        <time>2025-05-19T14:40:21</time>
      </trkpt>
      <trkpt lat="42.97826366499066" lon="26.660068882629275">
        <ele>272.79999999999995</ele>
        <time>2025-05-19T14:40:35</time>
      </trkpt>
      <trkpt lat="42.978265760466456" lon="26.66007357649505">
        <ele>272.79999999999995</ele>
        <time>2025-05-19T14:40:36</time>
      </trkpt>
      <trkpt lat="42.978288223966956" lon="26.660120179876685">
        <ele>273.0</ele>
        <time>2025-05-19T14:40:44</time>
      </trkpt>
      <trkpt lat="42.97828612849116" lon="26.660130908712745">
        <ele>273.0</ele>
        <time>2025-05-19T14:40:54</time>
      </trkpt>
      <trkpt lat="42.97830750234425" lon="26.6601487621665">
        <ele>273.6</ele>
        <time>2025-05-19T14:41:01</time>
      </trkpt>
      <trkpt lat="42.978327702730894" lon="26.660179859027267">
        <ele>273.6</ele>
        <time>2025-05-19T14:41:03</time>
      </trkpt>
      <trkpt lat="42.97842568717897" lon="26.660284381359816">
        <ele>273.6</ele>
        <time>2025-05-19T14:41:09</time>
      </trkpt>
      <trkpt lat="42.978447480127215" lon="26.66030173189938">
        <ele>273.6</ele>
        <time>2025-05-19T14:41:10</time>
      </trkpt>
      <trkpt lat="42.97863674350083" lon="26.660483786836267">
        <ele>273.6</ele>
        <time>2025-05-19T14:41:19</time>
      </trkpt>
      <trkpt lat="42.97860221005976" lon="26.660513458773494">
        <ele>273.4</ele>
        <time>2025-05-19T14:41:22</time>
      </trkpt>
      <trkpt lat="42.97856256365776" lon="26.660481272265315">
        <ele>273.4</ele>
        <time>2025-05-19T14:41:24</time>
      </trkpt>
      <trkpt lat="42.97848762944341" lon="26.660412037745118">
        <ele>273.20000000000005</ele>
        <time>2025-05-19T14:41:28</time>
      </trkpt>
      <trkpt lat="42.978311190381646" lon="26.66024649515748">
        <ele>273.20000000000005</ele>
        <time>2025-05-19T14:41:36</time>
      </trkpt>
      <trkpt lat="42.97814363613725" lon="26.66010769084096">
        <ele>273.6</ele>
        <time>2025-05-19T14:41:43</time>
      </trkpt>
      <trkpt lat="42.978069204837084" lon="26.66004767641425">
        <ele>274.0</ele>
        <time>2025-05-19T14:41:46</time>
      </trkpt>
      <trkpt lat="42.97789511270821" lon="26.65991323068738">
        <ele>274.4</ele>
        <time>2025-05-19T14:41:53</time>
      </trkpt>
      <trkpt lat="42.97774557955563" lon="26.659822370857">
        <ele>274.6</ele>
        <time>2025-05-19T14:41:58</time>
      </trkpt>
      <trkpt lat="42.97764684073627" lon="26.659778114408255">
        <ele>274.79999999999995</ele>
        <time>2025-05-19T14:42:01</time>
      </trkpt>
      <trkpt lat="42.97742321155965" lon="26.659704437479377">
        <ele>275.20000000000005</ele>
        <time>2025-05-19T14:42:08</time>
      </trkpt>
      <trkpt lat="42.97718910500407" lon="26.659633358940482">
        <ele>275.6</ele>
        <time>2025-05-19T14:42:15</time>
      </trkpt>
      <trkpt lat="42.97704870812595" lon="26.659598825499415">
        <ele>275.79999999999995</ele>
        <time>2025-05-19T14:42:19</time>
      </trkpt>
      <trkpt lat="42.97691183164716" lon="26.65957175195217">
        <ele>276.0</ele>
        <time>2025-05-19T14:42:23</time>
      </trkpt>
      <trkpt lat="42.97667982056737" lon="26.659511486068368">
        <ele>276.6</ele>
        <time>2025-05-19T14:42:30</time>
      </trkpt>
      <trkpt lat="42.976646795868874" lon="26.659495560452342">
        <ele>276.79999999999995</ele>
        <time>2025-05-19T14:42:31</time>
      </trkpt>
      <trkpt lat="42.976487120613456" lon="26.65940704755485">
        <ele>277.0</ele>
        <time>2025-05-19T14:42:36</time>
      </trkpt>
      <trkpt lat="42.97629475593567" lon="26.65923312306404">
        <ele>277.20000000000005</ele>
        <time>2025-05-19T14:42:43</time>
      </trkpt>
      <trkpt lat="42.97608956694603" lon="26.659055342897773">
        <ele>277.6</ele>
        <time>2025-05-19T14:42:50</time>
      </trkpt>
      <trkpt lat="42.97595428302884" lon="26.658944198861718">
        <ele>277.79999999999995</ele>
        <time>2025-05-19T14:42:54</time>
      </trkpt>
      <trkpt lat="42.975749680772424" lon="26.65880841203034">
        <ele>278.0</ele>
        <time>2025-05-19T14:43:00</time>
      </trkpt>
      <trkpt lat="42.97544491477311" lon="26.65866239927709">
        <ele>278.20000000000005</ele>
        <time>2025-05-19T14:43:09</time>
      </trkpt>
      <trkpt lat="42.975232349708676" lon="26.658576065674424">
        <ele>278.79999999999995</ele>
        <time>2025-05-19T14:43:16</time>
      </trkpt>
      <trkpt lat="42.975177029147744" lon="26.658553685992956">
        <ele>279.0</ele>
        <time>2025-05-19T14:43:18</time>
      </trkpt>
      <trkpt lat="42.97498382627964" lon="26.658472130075097">
        <ele>279.6</ele>
        <time>2025-05-19T14:43:25</time>
      </trkpt>
      <trkpt lat="42.97492749989033" lon="26.658457964658737">
        <ele>280.0</ele>
        <time>2025-05-19T14:43:27</time>
      </trkpt>
      <trkpt lat="42.97479481436312" lon="26.658404488116503">
        <ele>280.6</ele>
        <time>2025-05-19T14:43:32</time>
      </trkpt>
      <trkpt lat="42.97471225261688" lon="26.658375151455402">
        <ele>281.0</ele>
        <time>2025-05-19T14:43:35</time>
      </trkpt>
      <trkpt lat="42.9745508171618" lon="26.658314550295472">
        <ele>281.4</ele>
        <time>2025-05-19T14:43:41</time>
      </trkpt>
      <trkpt lat="42.97452407889068" lon="26.65829879231751">
        <ele>281.4</ele>
        <time>2025-05-19T14:43:42</time>
      </trkpt>
      <trkpt lat="42.97438586130738" lon="26.658249590545893">
        <ele>282.0</ele>
        <time>2025-05-19T14:43:47</time>
      </trkpt>
      <trkpt lat="42.974360547959805" lon="26.65824313648045">
        <ele>282.20000000000005</ele>
        <time>2025-05-19T14:43:48</time>
      </trkpt>
      <trkpt lat="42.97419793903828" lon="26.658156886696815">
        <ele>283.0</ele>
        <time>2025-05-19T14:43:55</time>
      </trkpt>
      <trkpt lat="42.97417329624295" lon="26.658144732937217">
        <ele>283.0</ele>
        <time>2025-05-19T14:43:56</time>
      </trkpt>
      <trkpt lat="42.97402451746166" lon="26.658066529780626">
        <ele>284.0</ele>
        <time>2025-05-19T14:44:02</time>
      </trkpt>
      <trkpt lat="42.974000880494714" lon="26.658053873106837">
        <ele>284.0</ele>
        <time>2025-05-19T14:44:03</time>
      </trkpt>
      <trkpt lat="42.97384564764798" lon="26.657976675778627">
        <ele>284.6</ele>
        <time>2025-05-19T14:44:09</time>
      </trkpt>
      <trkpt lat="42.97363995574415" lon="26.657857317477465">
        <ele>285.0</ele>
        <time>2025-05-19T14:44:17</time>
      </trkpt>
      <trkpt lat="42.97358253970742" lon="26.657828902825713">
        <ele>285.0</ele>
        <time>2025-05-19T14:44:19</time>
      </trkpt>
      <trkpt lat="42.97348941676319" lon="26.657771319150925">
        <ele>285.20000000000005</ele>
        <time>2025-05-19T14:44:23</time>
      </trkpt>
      <trkpt lat="42.973399898037314" lon="26.65772178210318">
        <ele>285.6</ele>
        <time>2025-05-19T14:44:29</time>
      </trkpt>
      <trkpt lat="42.97336838208139" lon="26.65769739076495">
        <ele>285.6</ele>
        <time>2025-05-19T14:44:31</time>
      </trkpt>
      <trkpt lat="42.97330476343632" lon="26.65766503661871">
        <ele>285.79999999999995</ele>
        <time>2025-05-19T14:44:36</time>
      </trkpt>
      <trkpt lat="42.973315827548504" lon="26.657708371058106">
        <ele>285.79999999999995</ele>
        <time>2025-05-19T14:44:39</time>
      </trkpt>
      <trkpt lat="42.97335974872112" lon="26.65772957727313">
        <ele>286.0</ele>
        <time>2025-05-19T14:44:41</time>
      </trkpt>
      <trkpt lat="42.973450273275375" lon="26.65775254368782">
        <ele>286.0</ele>
        <time>2025-05-19T14:44:45</time>
      </trkpt>
      <trkpt lat="42.97346452251077" lon="26.657742150127888">
        <ele>286.0</ele>
        <time>2025-05-19T14:44:46</time>
      </trkpt>
      <trkpt lat="42.97346971929073" lon="26.65768012404442">
        <ele>285.79999999999995</ele>
        <time>2025-05-19T14:44:50</time>
      </trkpt>
      <trkpt lat="42.97348849475384" lon="26.657547438517213">
        <ele>285.6</ele>
        <time>2025-05-19T14:44:55</time>
      </trkpt>
      <trkpt lat="42.973531326279044" lon="26.657491950318217">
        <ele>285.0</ele>
        <time>2025-05-19T14:44:58</time>
      </trkpt>
      <trkpt lat="42.97354834154248" lon="26.65747099556029">
        <ele>284.6</ele>
        <time>2025-05-19T14:45:00</time>
      </trkpt>
      <trkpt lat="42.97355110757053" lon="26.657466804608703">
        <ele>283.79999999999995</ele>
        <time>2025-05-19T14:45:03</time>
      </trkpt>
      <trkpt lat="42.97355320304632" lon="26.65746420621872">
        <ele>283.4</ele>
        <time>2025-05-19T14:45:08</time>
      </trkpt>
      <trkpt lat="42.97355647198856" lon="26.657453812658787">
        <ele>283.20000000000005</ele>
        <time>2025-05-19T14:45:27</time>
      </trkpt>
      <trkpt lat="42.973561668768525" lon="26.65745498612523">
        <ele>283.20000000000005</ele>
        <time>2025-05-19T14:45:36</time>
      </trkpt>
      <trkpt lat="42.9735613334924" lon="26.657457081601024">
        <ele>282.79999999999995</ele>
        <time>2025-05-19T14:45:46</time>
      </trkpt>
      <trkpt lat="42.97356141731143" lon="26.657457165420055">
        <ele>282.6</ele>
        <time>2025-05-19T14:45:48</time>
      </trkpt>
      <trkpt lat="42.973560243844986" lon="26.657459093257785">
        <ele>283.0</ele>
        <time>2025-05-19T14:46:15</time>
      </trkpt>
      <trkpt lat="42.97355999238789" lon="26.65744174271822">
        <ele>283.0</ele>
        <time>2025-05-19T14:47:07</time>
      </trkpt>
      <trkpt lat="42.97355538234115" lon="26.657421626150608">
        <ele>283.0</ele>
        <time>2025-05-19T14:47:08</time>
      </trkpt>
      <trkpt lat="42.973562674596906" lon="26.65736253373325">
        <ele>283.20000000000005</ele>
        <time>2025-05-19T14:47:12</time>
      </trkpt>
      <trkpt lat="42.973565608263016" lon="26.657348619773984">
        <ele>283.20000000000005</ele>
        <time>2025-05-19T14:47:13</time>
      </trkpt>
      <trkpt lat="42.97357901930809" lon="26.657214676961303">
        <ele>283.4</ele>
        <time>2025-05-19T14:47:23</time>
      </trkpt>
      <trkpt lat="42.973577259108424" lon="26.65711099281907">
        <ele>283.20000000000005</ele>
        <time>2025-05-19T14:47:31</time>
      </trkpt>
      <trkpt lat="42.97359469346702" lon="26.65702247992158">
        <ele>282.6</ele>
        <time>2025-05-19T14:47:41</time>
      </trkpt>
      <trkpt lat="42.97359033487737" lon="26.6570127569139">
        <ele>282.4</ele>
        <time>2025-05-19T14:47:50</time>
      </trkpt>
      <trkpt lat="42.97358128242195" lon="26.657006638124585">
        <ele>282.20000000000005</ele>
        <time>2025-05-19T14:48:02</time>
      </trkpt>
      <trkpt lat="42.97358765266836" lon="26.656999178230762">
        <ele>282.0</ele>
        <time>2025-05-19T14:48:17</time>
      </trkpt>
      <trkpt lat="42.97359108924866" lon="26.656991969794035">
        <ele>281.6</ele>
        <time>2025-05-19T14:48:24</time>
      </trkpt>
      <trkpt lat="42.97359234653413" lon="26.656991131603718">
        <ele>281.0</ele>
        <time>2025-05-19T14:48:27</time>
      </trkpt>
      <trkpt lat="42.97359419055283" lon="26.65698979049921">
        <ele>281.0</ele>
        <time>2025-05-19T14:48:35</time>
      </trkpt>
      <trkpt lat="42.97359184361994" lon="26.656986940652132">
        <ele>281.0</ele>
        <time>2025-05-19T14:48:47</time>
      </trkpt>
      <trkpt lat="42.973592011258006" lon="26.656987024471164">
        <ele>281.0</ele>
        <time>2025-05-19T14:48:54</time>
      </trkpt>
      <trkpt lat="42.97359008342028" lon="26.656987024471164">
        <ele>281.0</ele>
        <time>2025-05-19T14:49:07</time>
      </trkpt>
      <trkpt lat="42.97359125688672" lon="26.656986689195037">
        <ele>281.20000000000005</ele>
        <time>2025-05-19T14:49:32</time>
      </trkpt>
      <trkpt lat="42.973592011258006" lon="26.656986940652132">
        <ele>281.4</ele>
        <time>2025-05-19T14:50:09</time>
      </trkpt>
      <trkpt lat="42.97359301708639" lon="26.656987946480513">
        <ele>281.20000000000005</ele>
        <time>2025-05-19T14:50:47</time>
      </trkpt>
      <trkpt lat="42.97359352000058" lon="26.65698777884245">
        <ele>281.20000000000005</ele>
        <time>2025-05-19T14:51:16</time>
      </trkpt>
      <trkpt lat="42.973588071763515" lon="26.656987695023417">
        <ele>281.20000000000005</ele>
        <time>2025-05-19T14:51:25</time>
      </trkpt>
      <trkpt lat="42.97358639538288" lon="26.656983587890863">
        <ele>281.20000000000005</ele>
        <time>2025-05-19T14:51:37</time>
      </trkpt>
      <trkpt lat="42.973585641011596" lon="26.656983755528927">
        <ele>281.0</ele>
        <time>2025-05-19T14:52:01</time>
      </trkpt>
      <trkpt lat="42.97358681447804" lon="26.656985264271498">
        <ele>281.4</ele>
        <time>2025-05-19T14:52:48</time>
      </trkpt>
      <trkpt lat="42.97358689829707" lon="26.656985515728593">
        <ele>281.4</ele>
        <time>2025-05-19T14:52:53</time>
      </trkpt>
      <trkpt lat="42.97358530573547" lon="26.65698786266148">
        <ele>281.4</ele>
        <time>2025-05-19T14:53:03</time>
      </trkpt>
      <trkpt lat="42.9735801089555" lon="26.65698585100472">
        <ele>281.6</ele>
        <time>2025-05-19T14:53:20</time>
      </trkpt>
      <trkpt lat="42.973579270765185" lon="26.656985767185688">
        <ele>281.20000000000005</ele>
        <time>2025-05-19T14:53:38</time>
      </trkpt>
      <trkpt lat="42.97357901930809" lon="26.656985599547625">
        <ele>281.4</ele>
        <time>2025-05-19T14:54:11</time>
      </trkpt>
      <trkpt lat="42.973579689860344" lon="26.65698492899537">
        <ele>281.20000000000005</ele>
        <time>2025-05-19T14:54:53</time>
      </trkpt>
      <trkpt lat="42.97357575036585" lon="26.65698593482375">
        <ele>281.6</ele>
        <time>2025-05-19T14:55:11</time>
      </trkpt>
      <trkpt lat="42.97356384806335" lon="26.656986018642783">
        <ele>281.6</ele>
        <time>2025-05-19T14:55:26</time>
      </trkpt>
      <trkpt lat="42.973562087863684" lon="26.656986018642783">
        <ele>281.4</ele>
        <time>2025-05-19T14:55:37</time>
      </trkpt>
      <trkpt lat="42.97356041148305" lon="26.656986018642783">
        <ele>281.79999999999995</ele>
        <time>2025-05-19T14:55:54</time>
      </trkpt>
      <trkpt lat="42.97356083057821" lon="26.656986018642783">
        <ele>281.79999999999995</ele>
        <time>2025-05-19T14:55:55</time>
      </trkpt>
      <trkpt lat="42.97356099821627" lon="26.656992305070162">
        <ele>282.0</ele>
        <time>2025-05-19T14:56:07</time>
      </trkpt>
      <trkpt lat="42.97355898655951" lon="26.657000267878175">
        <ele>282.20000000000005</ele>
        <time>2025-05-19T14:56:20</time>
      </trkpt>
      <trkpt lat="42.97355471178889" lon="26.657005129382014">
        <ele>282.0</ele>
        <time>2025-05-19T14:56:35</time>
      </trkpt>
      <trkpt lat="42.97355663962662" lon="26.65700596757233">
        <ele>282.0</ele>
        <time>2025-05-19T14:57:07</time>
      </trkpt>
      <trkpt lat="42.973559154197574" lon="26.65700688958168">
        <ele>281.79999999999995</ele>
        <time>2025-05-19T14:57:28</time>
      </trkpt>
      <trkpt lat="42.97355982474983" lon="26.65700680576265">
        <ele>282.20000000000005</ele>
        <time>2025-05-19T14:57:42</time>
      </trkpt>
      <trkpt lat="42.973560746759176" lon="26.657007979229093">
        <ele>282.20000000000005</ele>
        <time>2025-05-19T14:58:01</time>
      </trkpt>
      <trkpt lat="42.97356150113046" lon="26.657008482143283">
        <ele>282.20000000000005</ele>
        <time>2025-05-19T14:58:17</time>
      </trkpt>
      <trkpt lat="42.973560662940145" lon="26.65701082907617">
        <ele>282.4</ele>
        <time>2025-05-19T14:58:31</time>
      </trkpt>
      <trkpt lat="42.97356300987303" lon="26.657013343647122">
        <ele>282.4</ele>
        <time>2025-05-19T14:58:55</time>
      </trkpt>
      <trkpt lat="42.973564602434635" lon="26.65701376274228">
        <ele>282.4</ele>
        <time>2025-05-19T14:59:17</time>
      </trkpt>
      <trkpt lat="42.97356711700559" lon="26.657015774399042">
        <ele>282.0</ele>
        <time>2025-05-19T14:59:37</time>
      </trkpt>
      <trkpt lat="42.97356887720525" lon="26.65701719932258">
        <ele>281.4</ele>
        <time>2025-05-19T14:59:59</time>
      </trkpt>
      <trkpt lat="42.97356929630041" lon="26.657017786055803">
        <ele>281.4</ele>
        <time>2025-05-19T15:00:03</time>
      </trkpt>
      <trkpt lat="42.973569463938475" lon="26.65702197700739">
        <ele>281.4</ele>
        <time>2025-05-19T15:00:12</time>
      </trkpt>
      <trkpt lat="42.973570469766855" lon="26.657023318111897">
        <ele>281.6</ele>
        <time>2025-05-19T15:00:21</time>
      </trkpt>
      <trkpt lat="42.973570469766855" lon="26.65702398866415">
        <ele>281.79999999999995</ele>
        <time>2025-05-19T15:00:33</time>
      </trkpt>
      <trkpt lat="42.97357357107103" lon="26.657022815197706">
        <ele>281.79999999999995</ele>
        <time>2025-05-19T15:00:49</time>
      </trkpt>
      <trkpt lat="42.97356929630041" lon="26.657025162130594">
        <ele>281.79999999999995</ele>
        <time>2025-05-19T15:01:03</time>
      </trkpt>
      <trkpt lat="42.97356862574816" lon="26.657024743035436">
        <ele>281.6</ele>
        <time>2025-05-19T15:01:13</time>
      </trkpt>
      <trkpt lat="42.97356443479657" lon="26.6570283472538">
        <ele>281.4</ele>
        <time>2025-05-19T15:01:24</time>
      </trkpt>
      <trkpt lat="42.97356812283397" lon="26.657038405537605">
        <ele>281.4</ele>
        <time>2025-05-19T15:01:37</time>
      </trkpt>
      <trkpt lat="42.973583629354835" lon="26.65706899948418">
        <ele>282.0</ele>
        <time>2025-05-19T15:01:44</time>
      </trkpt>
      <trkpt lat="42.97359402291477" lon="26.657087272033095">
        <ele>282.6</ele>
        <time>2025-05-19T15:01:50</time>
      </trkpt>
      <trkpt lat="42.973594861105084" lon="26.657087355852127">
        <ele>282.6</ele>
        <time>2025-05-19T15:01:53</time>
      </trkpt>
      <trkpt lat="42.97359712421894" lon="26.657081823796034">
        <ele>282.79999999999995</ele>
        <time>2025-05-19T15:02:03</time>
      </trkpt>
      <trkpt lat="42.97360089607537" lon="26.65708408690989">
        <ele>282.79999999999995</ele>
        <time>2025-05-19T15:02:08</time>
      </trkpt>
      <trkpt lat="42.97360056079924" lon="26.657083919271827">
        <ele>283.0</ele>
        <time>2025-05-19T15:02:11</time>
      </trkpt>
      <trkpt lat="42.97360181808472" lon="26.657085847109556">
        <ele>283.0</ele>
        <time>2025-05-19T15:02:17</time>
      </trkpt>
    </trkseg>
  </trk>
</gpx>