<?xml version="1.0" encoding="UTF-8"?>
<gpx xmlns="http://www.topografix.com/GPX/1/1" xmlns:xsi="http://www.w3.org/2001/XMLSchema-instance" xsi:schemaLocation="http://www.topografix.com/GPX/1/1 http://www.topografix.com/GPX/1/1/gpx.xsd" version="1.1" creator="gpx.py -- https://github.com/tkrajina/gpxpy">
  <trk>
    <trkseg>
      <trkpt lat="41.1128515843302" lon="42.70227416418493">
        <ele>1805.0</ele>
        <time>2025-06-27T08:19:49</time>
      </trkpt>
      <trkpt lat="41.112708169966936" lon="42.7023412194103">
        <ele>1805.0</ele>
        <time>2025-06-27T08:19:54</time>
      </trkpt>
      <trkpt lat="41.1124665196985" lon="42.70244004204869">
        <ele>1805.4</ele>
        <time>2025-06-27T08:20:03</time>
      </trkpt>
      <trkpt lat="41.112195029854774" lon="42.7025674469769">
        <ele>1806.1999999999998</ele>
        <time>2025-06-27T08:20:12</time>
      </trkpt>
      <trkpt lat="41.11204465851188" lon="42.702652774751186">
        <ele>1806.6</ele>
        <time>2025-06-27T08:20:18</time>
      </trkpt>
      <trkpt lat="41.111948769539595" lon="42.702718656510115">
        <ele>1807.0</ele>
        <time>2025-06-27T08:20:24</time>
      </trkpt>
      <trkpt lat="41.11184206791222" lon="42.70277556963265">
        <ele>1807.4</ele>
        <time>2025-06-27T08:20:29</time>
      </trkpt>
      <trkpt lat="41.11170804128051" lon="42.702843295410275">
        <ele>1807.6</ele>
        <time>2025-06-27T08:20:36</time>
      </trkpt>
      <trkpt lat="41.11157870851457" lon="42.70288210362196">
        <ele>1807.8000000000002</ele>
        <time>2025-06-27T08:20:42</time>
      </trkpt>
      <trkpt lat="41.11154166050255" lon="42.70288956351578">
        <ele>1808.0</ele>
        <time>2025-06-27T08:20:46</time>
      </trkpt>
      <trkpt lat="41.1115391459316" lon="42.70289149135351">
        <ele>1808.1999999999998</ele>
        <time>2025-06-27T08:20:47</time>
      </trkpt>
      <trkpt lat="41.11151517368853" lon="42.702923845499754">
        <ele>1808.1999999999998</ele>
        <time>2025-06-27T08:20:57</time>
      </trkpt>
      <trkpt lat="41.11150670796633" lon="42.70292107947171">
        <ele>1808.1999999999998</ele>
        <time>2025-06-27T08:21:08</time>
      </trkpt>
      <trkpt lat="41.11149908043444" lon="42.70293591544032">
        <ele>1808.1999999999998</ele>
        <time>2025-06-27T08:21:18</time>
      </trkpt>
      <trkpt lat="41.11149019561708" lon="42.702928287908435">
        <ele>1808.1999999999998</ele>
        <time>2025-06-27T08:21:26</time>
      </trkpt>
      <trkpt lat="41.11147686839104" lon="42.70291688852012">
        <ele>1808.0</ele>
        <time>2025-06-27T08:21:35</time>
      </trkpt>
      <trkpt lat="41.111483573913574" lon="42.70295997150242">
        <ele>1808.1999999999998</ele>
        <time>2025-06-27T08:21:49</time>
      </trkpt>
      <trkpt lat="41.111487010493875" lon="42.702971287071705">
        <ele>1808.4</ele>
        <time>2025-06-27T08:21:53</time>
      </trkpt>
      <trkpt lat="41.11150042153895" lon="42.702986374497414">
        <ele>1808.4</ele>
        <time>2025-06-27T08:21:59</time>
      </trkpt>
      <trkpt lat="41.11152305267751" lon="42.7030114363879">
        <ele>1808.0</ele>
        <time>2025-06-27T08:22:12</time>
      </trkpt>
      <trkpt lat="41.11152799800038" lon="42.703008921816945">
        <ele>1808.0</ele>
        <time>2025-06-27T08:22:24</time>
      </trkpt>
      <trkpt lat="41.11153277568519" lon="42.70301470533013">
        <ele>1808.1999999999998</ele>
        <time>2025-06-27T08:22:33</time>
      </trkpt>
      <trkpt lat="41.11153076402843" lon="42.70301026292145">
        <ele>1808.1999999999998</ele>
        <time>2025-06-27T08:22:41</time>
      </trkpt>
      <trkpt lat="41.111538810655475" lon="42.70301101729274">
        <ele>1808.1999999999998</ele>
        <time>2025-06-27T08:22:49</time>
      </trkpt>
      <trkpt lat="41.111529506742954" lon="42.70300171338022">
        <ele>1808.6</ele>
        <time>2025-06-27T08:22:59</time>
      </trkpt>
      <trkpt lat="41.11153822392225" lon="42.70300137810409">
        <ele>1808.4</ele>
        <time>2025-06-27T08:23:09</time>
      </trkpt>
      <trkpt lat="41.11154492944479" lon="42.703002635389566">
        <ele>1808.4</ele>
        <time>2025-06-27T08:23:15</time>
      </trkpt>
      <trkpt lat="41.111546689644456" lon="42.70300230011344">
        <ele>1808.4</ele>
        <time>2025-06-27T08:23:20</time>
      </trkpt>
      <trkpt lat="41.11155666410923" lon="42.70299777388573">
        <ele>1808.4</ele>
        <time>2025-06-27T08:23:29</time>
      </trkpt>
      <trkpt lat="41.111566219478846" lon="42.70298629067838">
        <ele>1808.4</ele>
        <time>2025-06-27T08:23:39</time>
      </trkpt>
      <trkpt lat="41.111560771241784" lon="42.702979082241654">
        <ele>1808.1999999999998</ele>
        <time>2025-06-27T08:23:49</time>
      </trkpt>
      <trkpt lat="41.11156831495464" lon="42.70296701230109">
        <ele>1808.1999999999998</ele>
        <time>2025-06-27T08:23:58</time>
      </trkpt>
      <trkpt lat="41.1115787923336" lon="42.70296357572079">
        <ele>1808.4</ele>
        <time>2025-06-27T08:24:05</time>
      </trkpt>
      <trkpt lat="41.11158206127584" lon="42.70295586436987">
        <ele>1808.8000000000002</ele>
        <time>2025-06-27T08:24:18</time>
      </trkpt>
      <trkpt lat="41.111616091802716" lon="42.70296508446336">
        <ele>1808.8000000000002</ele>
        <time>2025-06-27T08:24:30</time>
      </trkpt>
      <trkpt lat="41.111615588888526" lon="42.702964916825294">
        <ele>1808.6</ele>
        <time>2025-06-27T08:24:33</time>
      </trkpt>
      <trkpt lat="41.111621372401714" lon="42.70296474918723">
        <ele>1808.4</ele>
        <time>2025-06-27T08:24:44</time>
      </trkpt>
      <trkpt lat="41.11165733076632" lon="42.702998109161854">
        <ele>1808.6</ele>
        <time>2025-06-27T08:24:57</time>
      </trkpt>
      <trkpt lat="41.11166034825146" lon="42.70299827679992">
        <ele>1808.4</ele>
        <time>2025-06-27T08:25:07</time>
      </trkpt>
      <trkpt lat="41.111646853387356" lon="42.70299442112446">
        <ele>1808.4</ele>
        <time>2025-06-27T08:25:19</time>
      </trkpt>
      <trkpt lat="41.111635118722916" lon="42.702991319820285">
        <ele>1808.6</ele>
        <time>2025-06-27T08:25:31</time>
      </trkpt>
      <trkpt lat="41.11163813620806" lon="42.702991319820285">
        <ele>1808.8000000000002</ele>
        <time>2025-06-27T08:25:43</time>
      </trkpt>
      <trkpt lat="41.111638052389026" lon="42.70299123600125">
        <ele>1808.8000000000002</ele>
        <time>2025-06-27T08:25:44</time>
      </trkpt>
      <trkpt lat="41.111638555303216" lon="42.70299484021962">
        <ele>1809.0</ele>
        <time>2025-06-27T08:25:52</time>
      </trkpt>
      <trkpt lat="41.11163076013327" lon="42.70299936644733">
        <ele>1809.0</ele>
        <time>2025-06-27T08:26:04</time>
      </trkpt>
      <trkpt lat="41.111623384058475" lon="42.70299827679992">
        <ele>1809.0</ele>
        <time>2025-06-27T08:26:14</time>
      </trkpt>
      <trkpt lat="41.111622378230095" lon="42.70300146192312">
        <ele>1809.1999999999998</ele>
        <time>2025-06-27T08:26:17</time>
      </trkpt>
      <trkpt lat="41.11162003129721" lon="42.7030008751899">
        <ele>1809.1999999999998</ele>
        <time>2025-06-27T08:26:26</time>
      </trkpt>
      <trkpt lat="41.11160787753761" lon="42.702998612076044">
        <ele>1809.1999999999998</ele>
        <time>2025-06-27T08:26:37</time>
      </trkpt>
      <trkpt lat="41.111601423472166" lon="42.702992325648665">
        <ele>1809.0</ele>
        <time>2025-06-27T08:26:49</time>
      </trkpt>
      <trkpt lat="41.11158641986549" lon="42.70299257710576">
        <ele>1809.1999999999998</ele>
        <time>2025-06-27T08:27:02</time>
      </trkpt>
      <trkpt lat="41.111570578068495" lon="42.70300489850342">
        <ele>1809.0</ele>
        <time>2025-06-27T08:27:17</time>
      </trkpt>
      <trkpt lat="41.11157627776265" lon="42.70300481468439">
        <ele>1809.0</ele>
        <time>2025-06-27T08:27:24</time>
      </trkpt>
      <trkpt lat="41.11157728359103" lon="42.703006993979216">
        <ele>1809.0</ele>
        <time>2025-06-27T08:27:37</time>
      </trkpt>
      <trkpt lat="41.11156219616532" lon="42.70300422795117">
        <ele>1809.0</ele>
        <time>2025-06-27T08:27:50</time>
      </trkpt>
      <trkpt lat="41.1115393973887" lon="42.70301202312112">
        <ele>1809.1999999999998</ele>
        <time>2025-06-27T08:28:00</time>
      </trkpt>
      <trkpt lat="41.11149514093995" lon="42.703033899888396">
        <ele>1809.1999999999998</ele>
        <time>2025-06-27T08:28:07</time>
      </trkpt>
      <trkpt lat="41.11147209070623" lon="42.703044125810266">
        <ele>1809.0</ele>
        <time>2025-06-27T08:28:08</time>
      </trkpt>
      <trkpt lat="41.111309146508574" lon="42.70309475250542">
        <ele>1809.0</ele>
        <time>2025-06-27T08:28:13</time>
      </trkpt>
      <trkpt lat="41.11105970107019" lon="42.703217631205916">
        <ele>1809.4</ele>
        <time>2025-06-27T08:28:21</time>
      </trkpt>
      <trkpt lat="41.110951490700245" lon="42.7032773103565">
        <ele>1809.4</ele>
        <time>2025-06-27T08:28:25</time>
      </trkpt>
      <trkpt lat="41.11094235442579" lon="42.70330756902695">
        <ele>1809.4</ele>
        <time>2025-06-27T08:28:26</time>
      </trkpt>
      <trkpt lat="41.11095995642245" lon="42.70342608913779">
        <ele>1809.4</ele>
        <time>2025-06-27T08:28:29</time>
      </trkpt>
      <trkpt lat="41.11097169108689" lon="42.70347009412944">
        <ele>1809.4</ele>
        <time>2025-06-27T08:28:30</time>
      </trkpt>
      <trkpt lat="41.11102013848722" lon="42.703648544847965">
        <ele>1809.4</ele>
        <time>2025-06-27T08:28:34</time>
      </trkpt>
      <trkpt lat="41.11106657423079" lon="42.70382070913911">
        <ele>1809.4</ele>
        <time>2025-06-27T08:28:38</time>
      </trkpt>
      <trkpt lat="41.11113052815199" lon="42.70406596362591">
        <ele>1809.4</ele>
        <time>2025-06-27T08:28:44</time>
      </trkpt>
      <trkpt lat="41.11117780208588" lon="42.70427090115845">
        <ele>1809.6</ele>
        <time>2025-06-27T08:28:49</time>
      </trkpt>
      <trkpt lat="41.11120294779539" lon="42.70463677123189">
        <ele>1809.6</ele>
        <time>2025-06-27T08:28:57</time>
      </trkpt>
      <trkpt lat="41.11115114763379" lon="42.70482980646193">
        <ele>1809.6</ele>
        <time>2025-06-27T08:29:02</time>
      </trkpt>
      <trkpt lat="41.111037489026785" lon="42.704917984083295">
        <ele>1809.8000000000002</ele>
        <time>2025-06-27T08:29:06</time>
      </trkpt>
      <trkpt lat="41.11084336414933" lon="42.704987889155746">
        <ele>1809.8000000000002</ele>
        <time>2025-06-27T08:29:12</time>
      </trkpt>
      <trkpt lat="41.11072501167655" lon="42.70503407344222">
        <ele>1809.8000000000002</ele>
        <time>2025-06-27T08:29:16</time>
      </trkpt>
      <trkpt lat="41.11068544909358" lon="42.70504924468696">
        <ele>1810.0</ele>
        <time>2025-06-27T08:29:18</time>
      </trkpt>
      <trkpt lat="41.11061805859208" lon="42.7050559502095">
        <ele>1810.0</ele>
        <time>2025-06-27T08:29:24</time>
      </trkpt>
      <trkpt lat="41.11058905720711" lon="42.70506676286459">
        <ele>1810.0</ele>
        <time>2025-06-27T08:29:29</time>
      </trkpt>
      <trkpt lat="41.110597774386406" lon="42.7050575427711">
        <ele>1810.0</ele>
        <time>2025-06-27T08:29:41</time>
      </trkpt>
      <trkpt lat="41.110598277300596" lon="42.70505955442786">
        <ele>1809.6</ele>
        <time>2025-06-27T08:29:51</time>
      </trkpt>
      <trkpt lat="41.11057438887656" lon="42.70506734959781">
        <ele>1809.4</ele>
        <time>2025-06-27T08:29:57</time>
      </trkpt>
      <trkpt lat="41.110500544309616" lon="42.705079670995474">
        <ele>1809.1999999999998</ele>
        <time>2025-06-27T08:30:05</time>
      </trkpt>
      <trkpt lat="41.11036450602114" lon="42.705130046233535">
        <ele>1809.4</ele>
        <time>2025-06-27T08:30:10</time>
      </trkpt>
      <trkpt lat="41.110244896262884" lon="42.70517824217677">
        <ele>1809.6</ele>
        <time>2025-06-27T08:30:15</time>
      </trkpt>
      <trkpt lat="41.11014205031097" lon="42.705213613808155">
        <ele>1809.8000000000002</ele>
        <time>2025-06-27T08:30:20</time>
      </trkpt>
      <trkpt lat="41.10994457267225" lon="42.70524018444121">
        <ele>1810.0</ele>
        <time>2025-06-27T08:30:25</time>
      </trkpt>
      <trkpt lat="41.10960225574672" lon="42.70527304150164">
        <ele>1810.6</ele>
        <time>2025-06-27T08:30:33</time>
      </trkpt>
      <trkpt lat="41.109519358724356" lon="42.7052821777761">
        <ele>1811.0</ele>
        <time>2025-06-27T08:30:35</time>
      </trkpt>
      <trkpt lat="41.1093183606863" lon="42.70532140508294">
        <ele>1811.1999999999998</ele>
        <time>2025-06-27T08:30:40</time>
      </trkpt>
      <trkpt lat="41.10910705290735" lon="42.70535862073302">
        <ele>1811.6</ele>
        <time>2025-06-27T08:30:46</time>
      </trkpt>
      <trkpt lat="41.10890815034509" lon="42.70536717027426">
        <ele>1812.0</ele>
        <time>2025-06-27T08:30:52</time>
      </trkpt>
      <trkpt lat="41.108854254707694" lon="42.70537354052067">
        <ele>1812.1999999999998</ele>
        <time>2025-06-27T08:30:56</time>
      </trkpt>
      <trkpt lat="41.10883975401521" lon="42.705376809462905">
        <ele>1813.0</ele>
        <time>2025-06-27T08:31:07</time>
      </trkpt>
      <trkpt lat="41.10883740708232" lon="42.70537010394037">
        <ele>1813.0</ele>
        <time>2025-06-27T08:31:09</time>
      </trkpt>
      <trkpt lat="41.1088400054723" lon="42.705366080626845">
        <ele>1813.1999999999998</ele>
        <time>2025-06-27T08:31:17</time>
      </trkpt>
      <trkpt lat="41.108809411525726" lon="42.70536549389362">
        <ele>1813.4</ele>
        <time>2025-06-27T08:31:25</time>
      </trkpt>
      <trkpt lat="41.10879625193775" lon="42.70536691881716">
        <ele>1813.4</ele>
        <time>2025-06-27T08:31:26</time>
      </trkpt>
      <trkpt lat="41.10869080759585" lon="42.70538150332868">
        <ele>1813.4</ele>
        <time>2025-06-27T08:31:30</time>
      </trkpt>
      <trkpt lat="41.108487797901034" lon="42.705378318205476">
        <ele>1813.4</ele>
        <time>2025-06-27T08:31:35</time>
      </trkpt>
      <trkpt lat="41.10825268551707" lon="42.70541025325656">
        <ele>1813.4</ele>
        <time>2025-06-27T08:31:41</time>
      </trkpt>
      <trkpt lat="41.107976669445634" lon="42.705455012619495">
        <ele>1813.4</ele>
        <time>2025-06-27T08:31:48</time>
      </trkpt>
      <trkpt lat="41.107710376381874" lon="42.70550446584821">
        <ele>1813.4</ele>
        <time>2025-06-27T08:31:55</time>
      </trkpt>
      <trkpt lat="41.10743913799524" lon="42.705593733116984">
        <ele>1813.4</ele>
        <time>2025-06-27T08:32:02</time>
      </trkpt>
      <trkpt lat="41.107206624001265" lon="42.70565500482917">
        <ele>1813.6</ele>
        <time>2025-06-27T08:32:09</time>
      </trkpt>
      <trkpt lat="41.106949634850025" lon="42.705711079761386">
        <ele>1813.6</ele>
        <time>2025-06-27T08:32:16</time>
      </trkpt>
      <trkpt lat="41.106579238548875" lon="42.70578903146088">
        <ele>1813.6</ele>
        <time>2025-06-27T08:32:25</time>
      </trkpt>
      <trkpt lat="41.10631613060832" lon="42.70586094819009">
        <ele>1813.8000000000002</ele>
        <time>2025-06-27T08:32:31</time>
      </trkpt>
      <trkpt lat="41.106223510578275" lon="42.705891290679574">
        <ele>1813.8000000000002</ele>
        <time>2025-06-27T08:32:33</time>
      </trkpt>
      <trkpt lat="41.10605067573488" lon="42.70598449744284">
        <ele>1813.6</ele>
        <time>2025-06-27T08:32:37</time>
      </trkpt>
      <trkpt lat="41.10588664188981" lon="42.706096982583404">
        <ele>1813.0</ele>
        <time>2025-06-27T08:32:42</time>
      </trkpt>
      <trkpt lat="41.105779856443405" lon="42.706206031143665">
        <ele>1812.8000000000002</ele>
        <time>2025-06-27T08:32:45</time>
      </trkpt>
      <trkpt lat="41.10569704324007" lon="42.70626780577004">
        <ele>1812.8000000000002</ele>
        <time>2025-06-27T08:32:47</time>
      </trkpt>
      <trkpt lat="41.10565697774291" lon="42.70629529841244">
        <ele>1812.8000000000002</ele>
        <time>2025-06-27T08:32:48</time>
      </trkpt>
      <trkpt lat="41.10561976209283" lon="42.70632924512029">
        <ele>1812.6</ele>
        <time>2025-06-27T08:32:49</time>
      </trkpt>
      <trkpt lat="41.10547517426312" lon="42.706486070528626">
        <ele>1812.6</ele>
        <time>2025-06-27T08:32:53</time>
      </trkpt>
      <trkpt lat="41.10529454424977" lon="42.70674926228821">
        <ele>1812.8000000000002</ele>
        <time>2025-06-27T08:32:59</time>
      </trkpt>
      <trkpt lat="41.10523084178567" lon="42.70682436414063">
        <ele>1812.8000000000002</ele>
        <time>2025-06-27T08:33:01</time>
      </trkpt>
      <trkpt lat="41.10512564890087" lon="42.706904327496886">
        <ele>1812.8000000000002</ele>
        <time>2025-06-27T08:33:04</time>
      </trkpt>
      <trkpt lat="41.104848459362984" lon="42.707107504829764">
        <ele>1813.0</ele>
        <time>2025-06-27T08:33:11</time>
      </trkpt>
      <trkpt lat="41.1045694258064" lon="42.70730213262141">
        <ele>1813.1999999999998</ele>
        <time>2025-06-27T08:33:18</time>
      </trkpt>
      <trkpt lat="41.10429994761944" lon="42.7074770629406">
        <ele>1813.4</ele>
        <time>2025-06-27T08:33:25</time>
      </trkpt>
      <trkpt lat="41.10405779443681" lon="42.707609413191676">
        <ele>1814.4</ele>
        <time>2025-06-27T08:33:31</time>
      </trkpt>
      <trkpt lat="41.103897197172046" lon="42.707704631611705">
        <ele>1814.8000000000002</ele>
        <time>2025-06-27T08:33:35</time>
      </trkpt>
      <trkpt lat="41.10372696071863" lon="42.70778937265277">
        <ele>1815.1999999999998</ele>
        <time>2025-06-27T08:33:39</time>
      </trkpt>
      <trkpt lat="41.10363936983049" lon="42.70783698186278">
        <ele>1815.1999999999998</ele>
        <time>2025-06-27T08:33:41</time>
      </trkpt>
      <trkpt lat="41.10343409702182" lon="42.707946533337235">
        <ele>1815.4</ele>
        <time>2025-06-27T08:33:46</time>
      </trkpt>
      <trkpt lat="41.10327878035605" lon="42.708032447844744">
        <ele>1815.6</ele>
        <time>2025-06-27T08:33:50</time>
      </trkpt>
      <trkpt lat="41.103054732084274" lon="42.70814761519432">
        <ele>1815.8000000000002</ele>
        <time>2025-06-27T08:33:56</time>
      </trkpt>
      <trkpt lat="41.102819703519344" lon="42.70827594213188">
        <ele>1816.4</ele>
        <time>2025-06-27T08:34:02</time>
      </trkpt>
      <trkpt lat="41.10278282314539" lon="42.70829798653722">
        <ele>1816.6</ele>
        <time>2025-06-27T08:34:03</time>
      </trkpt>
      <trkpt lat="41.10252432525158" lon="42.70842463709414">
        <ele>1817.4</ele>
        <time>2025-06-27T08:34:10</time>
      </trkpt>
      <trkpt lat="41.102488869801164" lon="42.70844324491918">
        <ele>1817.6</ele>
        <time>2025-06-27T08:34:11</time>
      </trkpt>
      <trkpt lat="41.10226574353874" lon="42.70857090130448">
        <ele>1818.6</ele>
        <time>2025-06-27T08:34:18</time>
      </trkpt>
      <trkpt lat="41.102234898135066" lon="42.708590095862746">
        <ele>1818.8000000000002</ele>
        <time>2025-06-27T08:34:19</time>
      </trkpt>
      <trkpt lat="41.1020209081471" lon="42.70869051106274">
        <ele>1819.8000000000002</ele>
        <time>2025-06-27T08:34:26</time>
      </trkpt>
      <trkpt lat="41.10180105082691" lon="42.708795703947544">
        <ele>1820.4</ele>
        <time>2025-06-27T08:34:33</time>
      </trkpt>
      <trkpt lat="41.10173818655312" lon="42.70882965065539">
        <ele>1820.8000000000002</ele>
        <time>2025-06-27T08:34:35</time>
      </trkpt>
      <trkpt lat="41.10157432034612" lon="42.708921264857054">
        <ele>1821.8000000000002</ele>
        <time>2025-06-27T08:34:40</time>
      </trkpt>
      <trkpt lat="41.10153920017183" lon="42.70893869921565">
        <ele>1822.0</ele>
        <time>2025-06-27T08:34:41</time>
      </trkpt>
      <trkpt lat="41.10124742612243" lon="42.70909636281431">
        <ele>1823.0</ele>
        <time>2025-06-27T08:34:50</time>
      </trkpt>
      <trkpt lat="41.10121532343328" lon="42.70911371335387">
        <ele>1823.0</ele>
        <time>2025-06-27T08:34:51</time>
      </trkpt>
      <trkpt lat="41.10098565928638" lon="42.70923776552081">
        <ele>1824.0</ele>
        <time>2025-06-27T08:34:58</time>
      </trkpt>
      <trkpt lat="41.1007896065712" lon="42.70933918654919">
        <ele>1825.1999999999998</ele>
        <time>2025-06-27T08:35:04</time>
      </trkpt>
      <trkpt lat="41.10061232931912" lon="42.70944295451045">
        <ele>1826.1999999999998</ele>
        <time>2025-06-27T08:35:10</time>
      </trkpt>
      <trkpt lat="41.10052985139191" lon="42.70948704332113">
        <ele>1826.8000000000002</ele>
        <time>2025-06-27T08:35:13</time>
      </trkpt>
      <trkpt lat="41.100423485040665" lon="42.70953909493983">
        <ele>1827.6</ele>
        <time>2025-06-27T08:35:17</time>
      </trkpt>
      <trkpt lat="41.10032248310745" lon="42.70959232002497">
        <ele>1828.1999999999998</ele>
        <time>2025-06-27T08:35:21</time>
      </trkpt>
      <trkpt lat="41.100273532792926" lon="42.709612688049674">
        <ele>1828.8000000000002</ele>
        <time>2025-06-27T08:35:23</time>
      </trkpt>
      <trkpt lat="41.10011628828943" lon="42.709702206775546">
        <ele>1829.8000000000002</ele>
        <time>2025-06-27T08:35:30</time>
      </trkpt>
      <trkpt lat="41.10009432770312" lon="42.70971260033548">
        <ele>1829.8000000000002</ele>
        <time>2025-06-27T08:35:31</time>
      </trkpt>
      <trkpt lat="41.10000195913017" lon="42.709767669439316">
        <ele>1831.0</ele>
        <time>2025-06-27T08:35:36</time>
      </trkpt>
      <trkpt lat="41.09995560720563" lon="42.709798850119114">
        <ele>1832.1999999999998</ele>
        <time>2025-06-27T08:35:41</time>
      </trkpt>
      <trkpt lat="41.099960803985596" lon="42.709796419367194">
        <ele>1833.1999999999998</ele>
        <time>2025-06-27T08:35:47</time>
      </trkpt>
      <trkpt lat="41.099961725994945" lon="42.70979574881494">
        <ele>1833.8000000000002</ele>
        <time>2025-06-27T08:36:06</time>
      </trkpt>
      <trkpt lat="41.099909925833344" lon="42.70980312488973">
        <ele>1833.8000000000002</ele>
        <time>2025-06-27T08:36:23</time>
      </trkpt>
      <trkpt lat="41.09975469298661" lon="42.709835059940815">
        <ele>1834.1999999999998</ele>
        <time>2025-06-27T08:36:29</time>
      </trkpt>
      <trkpt lat="41.0996930859983" lon="42.70984645932913">
        <ele>1834.4</ele>
        <time>2025-06-27T08:36:31</time>
      </trkpt>
      <trkpt lat="41.099552772939205" lon="42.709902450442314">
        <ele>1835.0</ele>
        <time>2025-06-27T08:36:36</time>
      </trkpt>
      <trkpt lat="41.09950759448111" lon="42.71007218398154">
        <ele>1835.1999999999998</ele>
        <time>2025-06-27T08:36:40</time>
      </trkpt>
      <trkpt lat="41.0995411220938" lon="42.71047778427601">
        <ele>1835.4</ele>
        <time>2025-06-27T08:36:48</time>
      </trkpt>
      <trkpt lat="41.09958663582802" lon="42.71095094271004">
        <ele>1835.1999999999998</ele>
        <time>2025-06-27T08:36:56</time>
      </trkpt>
      <trkpt lat="41.099650925025344" lon="42.71143348887563">
        <ele>1835.4</ele>
        <time>2025-06-27T08:37:04</time>
      </trkpt>
      <trkpt lat="41.099700378254056" lon="42.71192701533437">
        <ele>1835.8000000000002</ele>
        <time>2025-06-27T08:37:13</time>
      </trkpt>
      <trkpt lat="41.09970456920564" lon="42.711979234591126">
        <ele>1835.8000000000002</ele>
        <time>2025-06-27T08:37:14</time>
      </trkpt>
      <trkpt lat="41.0997411981225" lon="42.7125209569931">
        <ele>1836.8000000000002</ele>
        <time>2025-06-27T08:37:25</time>
      </trkpt>
      <trkpt lat="41.099740443751216" lon="42.71256705746055">
        <ele>1836.8000000000002</ele>
        <time>2025-06-27T08:37:26</time>
      </trkpt>
      <trkpt lat="41.099755112081766" lon="42.712909961119294">
        <ele>1838.0</ele>
        <time>2025-06-27T08:37:34</time>
      </trkpt>
      <trkpt lat="41.09977195970714" lon="42.7130894176662">
        <ele>1839.0</ele>
        <time>2025-06-27T08:37:38</time>
      </trkpt>
      <trkpt lat="41.09978159889579" lon="42.713266275823116">
        <ele>1839.6</ele>
        <time>2025-06-27T08:37:42</time>
      </trkpt>
      <trkpt lat="41.0997879691422" lon="42.713390327990055">
        <ele>1840.0</ele>
        <time>2025-06-27T08:37:45</time>
      </trkpt>
      <trkpt lat="41.09980163164437" lon="42.71360842511058">
        <ele>1840.8000000000002</ele>
        <time>2025-06-27T08:37:50</time>
      </trkpt>
      <trkpt lat="41.099806912243366" lon="42.713698111474514">
        <ele>1841.0</ele>
        <time>2025-06-27T08:37:52</time>
      </trkpt>
      <trkpt lat="41.09982778318226" lon="42.7140564378351">
        <ele>1842.1999999999998</ele>
        <time>2025-06-27T08:38:00</time>
      </trkpt>
      <trkpt lat="41.09982803463936" lon="42.714101783931255">
        <ele>1842.4</ele>
        <time>2025-06-27T08:38:01</time>
      </trkpt>
      <trkpt lat="41.09984722919762" lon="42.714471677318215">
        <ele>1843.4</ele>
        <time>2025-06-27T08:38:09</time>
      </trkpt>
      <trkpt lat="41.0998519230634" lon="42.714566979557276">
        <ele>1843.6</ele>
        <time>2025-06-27T08:38:11</time>
      </trkpt>
      <trkpt lat="41.09987748786807" lon="42.714905021712184">
        <ele>1844.6</ele>
        <time>2025-06-27T08:38:18</time>
      </trkpt>
      <trkpt lat="41.099880672991276" lon="42.7149542234838">
        <ele>1844.6</ele>
        <time>2025-06-27T08:38:19</time>
      </trkpt>
      <trkpt lat="41.09989265911281" lon="42.71515220403671">
        <ele>1845.1999999999998</ele>
        <time>2025-06-27T08:38:23</time>
      </trkpt>
      <trkpt lat="41.09989802353084" lon="42.71525261923671">
        <ele>1845.8000000000002</ele>
        <time>2025-06-27T08:38:25</time>
      </trkpt>
      <trkpt lat="41.099918223917484" lon="42.715562330558896">
        <ele>1846.8000000000002</ele>
        <time>2025-06-27T08:38:31</time>
      </trkpt>
      <trkpt lat="41.09992492944002" lon="42.71567062474787">
        <ele>1847.0</ele>
        <time>2025-06-27T08:38:33</time>
      </trkpt>
      <trkpt lat="41.099950494244695" lon="42.71612240932882">
        <ele>1847.4</ele>
        <time>2025-06-27T08:38:41</time>
      </trkpt>
      <trkpt lat="41.09998041763902" lon="42.71666111424565">
        <ele>1847.8000000000002</ele>
        <time>2025-06-27T08:38:50</time>
      </trkpt>
      <trkpt lat="41.099983770400286" lon="42.71672406233847">
        <ele>1847.8000000000002</ele>
        <time>2025-06-27T08:38:51</time>
      </trkpt>
      <trkpt lat="41.10001813620329" lon="42.71730727516115">
        <ele>1848.0</ele>
        <time>2025-06-27T08:39:00</time>
      </trkpt>
      <trkpt lat="41.100060883909464" lon="42.71798260509968">
        <ele>1847.6</ele>
        <time>2025-06-27T08:39:10</time>
      </trkpt>
      <trkpt lat="41.10010363161564" lon="42.718694899231195">
        <ele>1847.6</ele>
        <time>2025-06-27T08:39:20</time>
      </trkpt>
      <trkpt lat="41.10014361329377" lon="42.71934659220278">
        <ele>1847.6</ele>
        <time>2025-06-27T08:39:29</time>
      </trkpt>
      <trkpt lat="41.10018610954285" lon="42.72001345641911">
        <ele>1847.6</ele>
        <time>2025-06-27T08:39:38</time>
      </trkpt>
      <trkpt lat="41.100251488387585" lon="42.72072147578001">
        <ele>1847.6</ele>
        <time>2025-06-27T08:39:47</time>
      </trkpt>
      <trkpt lat="41.100333128124475" lon="42.72128012962639">
        <ele>1847.6</ele>
        <time>2025-06-27T08:39:54</time>
      </trkpt>
      <trkpt lat="41.1003593634814" lon="42.72144039161503">
        <ele>1847.6</ele>
        <time>2025-06-27T08:39:56</time>
      </trkpt>
      <trkpt lat="41.100509567186236" lon="42.722170539200306">
        <ele>1847.4</ele>
        <time>2025-06-27T08:40:05</time>
      </trkpt>
      <trkpt lat="41.10068617388606" lon="42.72283664904535">
        <ele>1847.1999999999998</ele>
        <time>2025-06-27T08:40:14</time>
      </trkpt>
      <trkpt lat="41.10090016387403" lon="42.72350359708071">
        <ele>1847.1999999999998</ele>
        <time>2025-06-27T08:40:23</time>
      </trkpt>
      <trkpt lat="41.100975684821606" lon="42.72372764535248">
        <ele>1847.1999999999998</ele>
        <time>2025-06-27T08:40:26</time>
      </trkpt>
      <trkpt lat="41.101198978722095" lon="42.72435980848968">
        <ele>1847.1999999999998</ele>
        <time>2025-06-27T08:40:35</time>
      </trkpt>
      <trkpt lat="41.10146409831941" lon="42.7250443585217">
        <ele>1847.8000000000002</ele>
        <time>2025-06-27T08:40:45</time>
      </trkpt>
      <trkpt lat="41.10149008221924" lon="42.7251099050045">
        <ele>1848.0</ele>
        <time>2025-06-27T08:40:46</time>
      </trkpt>
      <trkpt lat="41.10175930894911" lon="42.725724717602134">
        <ele>1848.6</ele>
        <time>2025-06-27T08:40:56</time>
      </trkpt>
      <trkpt lat="41.101839523762465" lon="42.72589847445488">
        <ele>1849.0</ele>
        <time>2025-06-27T08:40:59</time>
      </trkpt>
      <trkpt lat="41.10203138552606" lon="42.72629678249359">
        <ele>1849.8000000000002</ele>
        <time>2025-06-27T08:41:06</time>
      </trkpt>
      <trkpt lat="41.102167926728725" lon="42.72657070308924">
        <ele>1850.4</ele>
        <time>2025-06-27T08:41:11</time>
      </trkpt>
      <trkpt lat="41.10229994170368" lon="42.72684101946652">
        <ele>1850.8000000000002</ele>
        <time>2025-06-27T08:41:16</time>
      </trkpt>
      <trkpt lat="41.102376971393824" lon="42.727001616731286">
        <ele>1851.4</ele>
        <time>2025-06-27T08:41:19</time>
      </trkpt>
      <trkpt lat="41.102559361606836" lon="42.72736924700439">
        <ele>1851.8000000000002</ele>
        <time>2025-06-27T08:41:26</time>
      </trkpt>
      <trkpt lat="41.102759689092636" lon="42.727786833420396">
        <ele>1852.4</ele>
        <time>2025-06-27T08:41:34</time>
      </trkpt>
      <trkpt lat="41.10283479094505" lon="42.72791549563408">
        <ele>1852.8000000000002</ele>
        <time>2025-06-27T08:41:37</time>
      </trkpt>
      <trkpt lat="41.10301156528294" lon="42.7282633446157">
        <ele>1853.4</ele>
        <time>2025-06-27T08:41:44</time>
      </trkpt>
      <trkpt lat="41.10321960411966" lon="42.72863038815558">
        <ele>1854.1999999999998</ele>
        <time>2025-06-27T08:41:52</time>
      </trkpt>
      <trkpt lat="41.10326855443418" lon="42.72871311753988">
        <ele>1854.8000000000002</ele>
        <time>2025-06-27T08:41:54</time>
      </trkpt>
      <trkpt lat="41.10349201597273" lon="42.729064570739865">
        <ele>1855.8000000000002</ele>
        <time>2025-06-27T08:42:03</time>
      </trkpt>
      <trkpt lat="41.10367960296571" lon="42.729352992028">
        <ele>1857.0</ele>
        <time>2025-06-27T08:42:11</time>
      </trkpt>
      <trkpt lat="41.103853192180395" lon="42.72958525456488">
        <ele>1858.0</ele>
        <time>2025-06-27T08:42:18</time>
      </trkpt>
      <trkpt lat="41.103899627923965" lon="42.72964593954384">
        <ele>1858.1999999999998</ele>
        <time>2025-06-27T08:42:20</time>
      </trkpt>
      <trkpt lat="41.10404094681144" lon="42.729847775772214">
        <ele>1859.0</ele>
        <time>2025-06-27T08:42:26</time>
      </trkpt>
      <trkpt lat="41.10406634397805" lon="42.729879040271044">
        <ele>1859.1999999999998</ele>
        <time>2025-06-27T08:42:27</time>
      </trkpt>
      <trkpt lat="41.104198191314936" lon="42.73004584014416">
        <ele>1860.1999999999998</ele>
        <time>2025-06-27T08:42:32</time>
      </trkpt>
      <trkpt lat="41.10429617576301" lon="42.730162013322115">
        <ele>1860.8000000000002</ele>
        <time>2025-06-27T08:42:36</time>
      </trkpt>
      <trkpt lat="41.10434361733496" lon="42.73021515458822">
        <ele>1861.1999999999998</ele>
        <time>2025-06-27T08:42:38</time>
      </trkpt>
      <trkpt lat="41.10445350408554" lon="42.73034549318254">
        <ele>1862.1999999999998</ele>
        <time>2025-06-27T08:42:43</time>
      </trkpt>
      <trkpt lat="41.10449851490557" lon="42.73040014319122">
        <ele>1862.8000000000002</ele>
        <time>2025-06-27T08:42:45</time>
      </trkpt>
      <trkpt lat="41.1045971699059" lon="42.730508521199226">
        <ele>1863.4</ele>
        <time>2025-06-27T08:42:49</time>
      </trkpt>
      <trkpt lat="41.10477754846215" lon="42.73070474155247">
        <ele>1864.1999999999998</ele>
        <time>2025-06-27T08:42:56</time>
      </trkpt>
      <trkpt lat="41.104804035276175" lon="42.73073231801391">
        <ele>1864.4</ele>
        <time>2025-06-27T08:42:57</time>
      </trkpt>
      <trkpt lat="41.10508197918534" lon="42.731002466753125">
        <ele>1865.0</ele>
        <time>2025-06-27T08:43:07</time>
      </trkpt>
      <trkpt lat="41.10517024062574" lon="42.731085531413555">
        <ele>1865.4</ele>
        <time>2025-06-27T08:43:10</time>
      </trkpt>
      <trkpt lat="41.10532354563475" lon="42.73122006095946">
        <ele>1866.1999999999998</ele>
        <time>2025-06-27T08:43:15</time>
      </trkpt>
      <trkpt lat="41.10543720424175" lon="42.731315614655614">
        <ele>1866.6</ele>
        <time>2025-06-27T08:43:19</time>
      </trkpt>
      <trkpt lat="41.105521358549595" lon="42.73138870485127">
        <ele>1866.6</ele>
        <time>2025-06-27T08:43:22</time>
      </trkpt>
      <trkpt lat="41.10566586256027" lon="42.73150697350502">
        <ele>1866.8000000000002</ele>
        <time>2025-06-27T08:43:27</time>
      </trkpt>
      <trkpt lat="41.10593190416694" lon="42.73171576671302">
        <ele>1867.0</ele>
        <time>2025-06-27T08:43:35</time>
      </trkpt>
      <trkpt lat="41.106196604669094" lon="42.73192849941552">
        <ele>1867.0</ele>
        <time>2025-06-27T08:43:43</time>
      </trkpt>
      <trkpt lat="41.106498688459396" lon="42.732167383655906">
        <ele>1866.6</ele>
        <time>2025-06-27T08:43:51</time>
      </trkpt>
      <trkpt lat="41.106854332610965" lon="42.73244742304087">
        <ele>1866.0</ele>
        <time>2025-06-27T08:43:59</time>
      </trkpt>
      <trkpt lat="41.10706186853349" lon="42.73261087015271">
        <ele>1865.4</ele>
        <time>2025-06-27T08:44:03</time>
      </trkpt>
      <trkpt lat="41.10723269172013" lon="42.73274665698409">
        <ele>1865.1999999999998</ele>
        <time>2025-06-27T08:44:06</time>
      </trkpt>
      <trkpt lat="41.107611721381545" lon="42.73303591646254">
        <ele>1864.1999999999998</ele>
        <time>2025-06-27T08:44:12</time>
      </trkpt>
      <trkpt lat="41.1077471729368" lon="42.73314789868891">
        <ele>1863.4</ele>
        <time>2025-06-27T08:44:14</time>
      </trkpt>
      <trkpt lat="41.10788798891008" lon="42.733263317495584">
        <ele>1863.0</ele>
        <time>2025-06-27T08:44:16</time>
      </trkpt>
      <trkpt lat="41.108111115172505" lon="42.73344210349023">
        <ele>1861.8000000000002</ele>
        <time>2025-06-27T08:44:19</time>
      </trkpt>
      <trkpt lat="41.10834597609937" lon="42.733628768473864">
        <ele>1861.0</ele>
        <time>2025-06-27T08:44:22</time>
      </trkpt>
      <trkpt lat="41.108427699655294" lon="42.733691381290555">
        <ele>1860.6</ele>
        <time>2025-06-27T08:44:23</time>
      </trkpt>
      <trkpt lat="41.10867630690336" lon="42.73388458415866">
        <ele>1859.4</ele>
        <time>2025-06-27T08:44:26</time>
      </trkpt>
      <trkpt lat="41.10893413424492" lon="42.73408507928252">
        <ele>1858.1999999999998</ele>
        <time>2025-06-27T08:44:29</time>
      </trkpt>
      <trkpt lat="41.109021473675966" lon="42.73415422998369">
        <ele>1857.8000000000002</ele>
        <time>2025-06-27T08:44:30</time>
      </trkpt>
      <trkpt lat="41.10920017585158" lon="42.7342935372144">
        <ele>1857.0</ele>
        <time>2025-06-27T08:44:32</time>
      </trkpt>
      <trkpt lat="41.10947200097144" lon="42.7345025818795">
        <ele>1856.0</ele>
        <time>2025-06-27T08:44:35</time>
      </trkpt>
      <trkpt lat="41.10965380445123" lon="42.734643230214715">
        <ele>1855.0</ele>
        <time>2025-06-27T08:44:37</time>
      </trkpt>
      <trkpt lat="41.10983652994037" lon="42.73478278890252">
        <ele>1854.0</ele>
        <time>2025-06-27T08:44:39</time>
      </trkpt>
      <trkpt lat="41.11001539975405" lon="42.73492285050452">
        <ele>1853.0</ele>
        <time>2025-06-27T08:44:41</time>
      </trkpt>
      <trkpt lat="41.110102320089936" lon="42.73499141447246">
        <ele>1851.8000000000002</ele>
        <time>2025-06-27T08:44:42</time>
      </trkpt>
      <trkpt lat="41.110361237078905" lon="42.73519920185208">
        <ele>1850.6</ele>
        <time>2025-06-27T08:44:45</time>
      </trkpt>
      <trkpt lat="41.110703302547336" lon="42.73550153709948">
        <ele>1849.0</ele>
        <time>2025-06-27T08:44:49</time>
      </trkpt>
      <trkpt lat="41.110788295045495" lon="42.7355800755322">
        <ele>1848.4</ele>
        <time>2025-06-27T08:44:50</time>
      </trkpt>
      <trkpt lat="41.11087404191494" lon="42.73565836250782">
        <ele>1847.8000000000002</ele>
        <time>2025-06-27T08:44:51</time>
      </trkpt>
      <trkpt lat="41.11113497056067" lon="42.73588861338794">
        <ele>1846.6</ele>
        <time>2025-06-27T08:44:54</time>
      </trkpt>
      <trkpt lat="41.11140134744346" lon="42.73611241020262">
        <ele>1844.8000000000002</ele>
        <time>2025-06-27T08:44:57</time>
      </trkpt>
      <trkpt lat="41.111668311059475" lon="42.7363174315542">
        <ele>1843.6</ele>
        <time>2025-06-27T08:45:00</time>
      </trkpt>
      <trkpt lat="41.11193208955228" lon="42.736507365480065">
        <ele>1842.4</ele>
        <time>2025-06-27T08:45:03</time>
      </trkpt>
      <trkpt lat="41.11218656413257" lon="42.736696377396584">
        <ele>1841.1999999999998</ele>
        <time>2025-06-27T08:45:06</time>
      </trkpt>
      <trkpt lat="41.112352944910526" lon="42.73681942373514">
        <ele>1840.0</ele>
        <time>2025-06-27T08:45:08</time>
      </trkpt>
      <trkpt lat="41.11243475228548" lon="42.73687943816185">
        <ele>1839.4</ele>
        <time>2025-06-27T08:45:09</time>
      </trkpt>
      <trkpt lat="41.1125148832798" lon="42.73693936876953">
        <ele>1837.6</ele>
        <time>2025-06-27T08:45:10</time>
      </trkpt>
      <trkpt lat="41.11282367259264" lon="42.73717540316284">
        <ele>1836.6</ele>
        <time>2025-06-27T08:45:14</time>
      </trkpt>
      <trkpt lat="41.11304420046508" lon="42.7373515907675">
        <ele>1836.0</ele>
        <time>2025-06-27T08:45:17</time>
      </trkpt>
      <trkpt lat="41.11311603337526" lon="42.737409844994545">
        <ele>1835.6</ele>
        <time>2025-06-27T08:45:18</time>
      </trkpt>
      <trkpt lat="41.1133280955255" lon="42.73757974617183">
        <ele>1834.4</ele>
        <time>2025-06-27T08:45:21</time>
      </trkpt>
      <trkpt lat="41.11366999335587" lon="42.737861294299364">
        <ele>1834.0</ele>
        <time>2025-06-27T08:45:26</time>
      </trkpt>
      <trkpt lat="41.11379857175052" lon="42.737970761954784">
        <ele>1833.6</ele>
        <time>2025-06-27T08:45:28</time>
      </trkpt>
      <trkpt lat="41.114152455702424" lon="42.73827251046896">
        <ele>1833.0</ele>
        <time>2025-06-27T08:45:34</time>
      </trkpt>
      <trkpt lat="41.11450013704598" lon="42.73855682462454">
        <ele>1833.4</ele>
        <time>2025-06-27T08:45:41</time>
      </trkpt>
      <trkpt lat="41.11475704237819" lon="42.73877768777311">
        <ele>1834.0</ele>
        <time>2025-06-27T08:45:48</time>
      </trkpt>
      <trkpt lat="41.11491118557751" lon="42.73890819400549">
        <ele>1834.6</ele>
        <time>2025-06-27T08:45:53</time>
      </trkpt>
      <trkpt lat="41.11502987332642" lon="42.73900215514004">
        <ele>1835.1999999999998</ele>
        <time>2025-06-27T08:45:57</time>
      </trkpt>
      <trkpt lat="41.11508695408702" lon="42.739050602540374">
        <ele>1835.6</ele>
        <time>2025-06-27T08:45:59</time>
      </trkpt>
      <trkpt lat="41.11532072536647" lon="42.739246152341366">
        <ele>1836.8000000000002</ele>
        <time>2025-06-27T08:46:07</time>
      </trkpt>
      <trkpt lat="41.11535073257983" lon="42.739271465688944">
        <ele>1837.0</ele>
        <time>2025-06-27T08:46:08</time>
      </trkpt>
      <trkpt lat="41.115529434755445" lon="42.73941387422383">
        <ele>1837.8000000000002</ele>
        <time>2025-06-27T08:46:14</time>
      </trkpt>
      <trkpt lat="41.1156162712723" lon="42.73948688060045">
        <ele>1838.4</ele>
        <time>2025-06-27T08:46:17</time>
      </trkpt>
      <trkpt lat="41.115733198821545" lon="42.739587211981416">
        <ele>1839.0</ele>
        <time>2025-06-27T08:46:21</time>
      </trkpt>
      <trkpt lat="41.115849455818534" lon="42.73967865854502">
        <ele>1839.6</ele>
        <time>2025-06-27T08:46:25</time>
      </trkpt>
      <trkpt lat="41.115907710045576" lon="42.73972216062248">
        <ele>1840.0</ele>
        <time>2025-06-27T08:46:27</time>
      </trkpt>
      <trkpt lat="41.11607534810901" lon="42.73986146785319">
        <ele>1841.0</ele>
        <time>2025-06-27T08:46:33</time>
      </trkpt>
      <trkpt lat="41.11610275693238" lon="42.73988544009626">
        <ele>1841.1999999999998</ele>
        <time>2025-06-27T08:46:34</time>
      </trkpt>
      <trkpt lat="41.116258492693305" lon="42.74000773206353">
        <ele>1842.4</ele>
        <time>2025-06-27T08:46:40</time>
      </trkpt>
      <trkpt lat="41.116308784112334" lon="42.740050898864865">
        <ele>1842.6</ele>
        <time>2025-06-27T08:46:42</time>
      </trkpt>
      <trkpt lat="41.116480780765414" lon="42.74019531905651">
        <ele>1843.4</ele>
        <time>2025-06-27T08:46:49</time>
      </trkpt>
      <trkpt lat="41.11653056927025" lon="42.74023471400142">
        <ele>1843.8000000000002</ele>
        <time>2025-06-27T08:46:51</time>
      </trkpt>
      <trkpt lat="41.11664816737175" lon="42.74033169262111">
        <ele>1844.6</ele>
        <time>2025-06-27T08:46:56</time>
      </trkpt>
      <trkpt lat="41.116718240082264" lon="42.740391958504915">
        <ele>1845.1999999999998</ele>
        <time>2025-06-27T08:46:59</time>
      </trkpt>
      <trkpt lat="41.116790072992444" lon="42.740447698161006">
        <ele>1845.6</ele>
        <time>2025-06-27T08:47:02</time>
      </trkpt>
      <trkpt lat="41.11695880070329" lon="42.740583484992385">
        <ele>1846.8000000000002</ele>
        <time>2025-06-27T08:47:09</time>
      </trkpt>
      <trkpt lat="41.117173628881574" lon="42.740764701738954">
        <ele>1847.8000000000002</ele>
        <time>2025-06-27T08:47:18</time>
      </trkpt>
      <trkpt lat="41.11719776876271" lon="42.74078356102109">
        <ele>1848.0</ele>
        <time>2025-06-27T08:47:19</time>
      </trkpt>
      <trkpt lat="41.117292987182736" lon="42.74086218327284">
        <ele>1849.0</ele>
        <time>2025-06-27T08:47:23</time>
      </trkpt>
      <trkpt lat="41.1174572724849" lon="42.7409989759326">
        <ele>1850.0</ele>
        <time>2025-06-27T08:47:30</time>
      </trkpt>
      <trkpt lat="41.117480490356684" lon="42.7410180028528">
        <ele>1850.1999999999998</ele>
        <time>2025-06-27T08:47:31</time>
      </trkpt>
      <trkpt lat="41.11766648478806" lon="42.741165021434426">
        <ele>1851.1999999999998</ele>
        <time>2025-06-27T08:47:39</time>
      </trkpt>
      <trkpt lat="41.11773571930826" lon="42.741221599280834">
        <ele>1851.6</ele>
        <time>2025-06-27T08:47:42</time>
      </trkpt>
      <trkpt lat="41.11782825551927" lon="42.74129552766681">
        <ele>1852.1999999999998</ele>
        <time>2025-06-27T08:47:46</time>
      </trkpt>
      <trkpt lat="41.11794845201075" lon="42.741385297849774">
        <ele>1853.1999999999998</ele>
        <time>2025-06-27T08:47:51</time>
      </trkpt>
      <trkpt lat="41.11797225661576" lon="42.741403402760625">
        <ele>1853.4</ele>
        <time>2025-06-27T08:47:52</time>
      </trkpt>
      <trkpt lat="41.11816210672259" lon="42.74154589511454">
        <ele>1854.4</ele>
        <time>2025-06-27T08:48:00</time>
      </trkpt>
      <trkpt lat="41.118185156956315" lon="42.74156332947314">
        <ele>1854.6</ele>
        <time>2025-06-27T08:48:01</time>
      </trkpt>
      <trkpt lat="41.11832169815898" lon="42.74166801944375">
        <ele>1855.8000000000002</ele>
        <time>2025-06-27T08:48:07</time>
      </trkpt>
      <trkpt lat="41.11846058629453" lon="42.74177405051887">
        <ele>1856.6</ele>
        <time>2025-06-27T08:48:13</time>
      </trkpt>
      <trkpt lat="41.11850593239069" lon="42.741811349987984">
        <ele>1856.8000000000002</ele>
        <time>2025-06-27T08:48:15</time>
      </trkpt>
      <trkpt lat="41.11865194514394" lon="42.741916459053755">
        <ele>1858.0</ele>
        <time>2025-06-27T08:48:21</time>
      </trkpt>
      <trkpt lat="41.11885193735361" lon="42.74206381291151">
        <ele>1859.0</ele>
        <time>2025-06-27T08:48:29</time>
      </trkpt>
      <trkpt lat="41.118899462744594" lon="42.74210178293288">
        <ele>1859.4</ele>
        <time>2025-06-27T08:48:31</time>
      </trkpt>
      <trkpt lat="41.11902108415961" lon="42.74219264276326">
        <ele>1860.1999999999998</ele>
        <time>2025-06-27T08:48:36</time>
      </trkpt>
      <trkpt lat="41.119093000888824" lon="42.74224670603871">
        <ele>1860.6</ele>
        <time>2025-06-27T08:48:39</time>
      </trkpt>
      <trkpt lat="41.11918210051954" lon="42.74230965413153">
        <ele>1861.1999999999998</ele>
        <time>2025-06-27T08:48:43</time>
      </trkpt>
      <trkpt lat="41.11921889707446" lon="42.7423441875726">
        <ele>1861.8000000000002</ele>
        <time>2025-06-27T08:48:46</time>
      </trkpt>
      <trkpt lat="41.1192253511399" lon="42.74234821088612">
        <ele>1862.4</ele>
        <time>2025-06-27T08:48:48</time>
      </trkpt>
      <trkpt lat="41.119227949529886" lon="42.74235047399998">
        <ele>1862.8000000000002</ele>
        <time>2025-06-27T08:48:52</time>
      </trkpt>
      <trkpt lat="41.11922778189182" lon="42.7423492167145">
        <ele>1863.4</ele>
        <time>2025-06-27T08:49:09</time>
      </trkpt>
      <trkpt lat="41.11922778189182" lon="42.742349384352565">
        <ele>1863.6</ele>
        <time>2025-06-27T08:49:13</time>
      </trkpt>
      <trkpt lat="41.11922769807279" lon="42.74234862998128">
        <ele>1864.0</ele>
        <time>2025-06-27T08:49:31</time>
      </trkpt>
      <trkpt lat="41.11922845244408" lon="42.74234678596258">
        <ele>1863.4</ele>
        <time>2025-06-27T08:50:18</time>
      </trkpt>
      <trkpt lat="41.11922769807279" lon="42.742346450686455">
        <ele>1863.1999999999998</ele>
        <time>2025-06-27T08:50:43</time>
      </trkpt>
      <trkpt lat="41.11922711133957" lon="42.74234686978161">
        <ele>1863.4</ele>
        <time>2025-06-27T08:51:11</time>
      </trkpt>
      <trkpt lat="41.119250915944576" lon="42.74235399439931">
        <ele>1863.4</ele>
        <time>2025-06-27T08:51:21</time>
      </trkpt>
      <trkpt lat="41.119301710277796" lon="42.742406046018004">
        <ele>1863.4</ele>
        <time>2025-06-27T08:51:26</time>
      </trkpt>
      <trkpt lat="41.11946163699031" lon="42.74254200048745">
        <ele>1863.6</ele>
        <time>2025-06-27T08:51:33</time>
      </trkpt>
      <trkpt lat="41.11967713572085" lon="42.742722211405635">
        <ele>1865.0</ele>
        <time>2025-06-27T08:51:42</time>
      </trkpt>
      <trkpt lat="41.11970194615424" lon="42.742741322144866">
        <ele>1865.1999999999998</ele>
        <time>2025-06-27T08:51:43</time>
      </trkpt>
      <trkpt lat="41.11984770745039" lon="42.74286277592182">
        <ele>1866.0</ele>
        <time>2025-06-27T08:51:49</time>
      </trkpt>
      <trkpt lat="41.119894394651055" lon="42.742905942723155">
        <ele>1866.0</ele>
        <time>2025-06-27T08:51:51</time>
      </trkpt>
      <trkpt lat="41.12007284536958" lon="42.74305027909577">
        <ele>1866.6</ele>
        <time>2025-06-27T08:51:58</time>
      </trkpt>
      <trkpt lat="41.12020494416356" lon="42.74316804483533">
        <ele>1867.1999999999998</ele>
        <time>2025-06-27T08:52:03</time>
      </trkpt>
      <trkpt lat="41.12028499133885" lon="42.743244068697095">
        <ele>1867.4</ele>
        <time>2025-06-27T08:52:06</time>
      </trkpt>
      <trkpt lat="41.120538879185915" lon="42.74347398430109">
        <ele>1867.6</ele>
        <time>2025-06-27T08:52:15</time>
      </trkpt>
      <trkpt lat="41.120766112580895" lon="42.74368847720325">
        <ele>1868.0</ele>
        <time>2025-06-27T08:52:23</time>
      </trkpt>
      <trkpt lat="41.12087189219892" lon="42.74380129761994">
        <ele>1868.1999999999998</ele>
        <time>2025-06-27T08:52:27</time>
      </trkpt>
      <trkpt lat="41.12107574008405" lon="42.744015539065">
        <ele>1869.1999999999998</ele>
        <time>2025-06-27T08:52:35</time>
      </trkpt>
      <trkpt lat="41.12112703733146" lon="42.74407220073044">
        <ele>1869.1999999999998</ele>
        <time>2025-06-27T08:52:37</time>
      </trkpt>
      <trkpt lat="41.12134496681392" lon="42.7443160302937">
        <ele>1869.6</ele>
        <time>2025-06-27T08:52:46</time>
      </trkpt>
      <trkpt lat="41.12138461321592" lon="42.74436866864562">
        <ele>1870.0</ele>
        <time>2025-06-27T08:52:50</time>
      </trkpt>
      <trkpt lat="41.121383775025606" lon="42.74436833336949">
        <ele>1870.1999999999998</ele>
        <time>2025-06-27T08:52:52</time>
      </trkpt>
      <trkpt lat="41.12139475531876" lon="42.74437881074846">
        <ele>1870.0</ele>
        <time>2025-06-27T08:53:06</time>
      </trkpt>
      <trkpt lat="41.12146935425699" lon="42.744456427171826">
        <ele>1870.0</ele>
        <time>2025-06-27T08:53:11</time>
      </trkpt>
      <trkpt lat="41.12163648940623" lon="42.744659185409546">
        <ele>1870.1999999999998</ele>
        <time>2025-06-27T08:53:18</time>
      </trkpt>
      <trkpt lat="41.1218536645174" lon="42.74493855424225">
        <ele>1870.1999999999998</ele>
        <time>2025-06-27T08:53:28</time>
      </trkpt>
      <trkpt lat="41.12202549353242" lon="42.74517433717847">
        <ele>1870.4</ele>
        <time>2025-06-27T08:53:36</time>
      </trkpt>
      <trkpt lat="41.12226848490536" lon="42.745505422353745">
        <ele>1870.4</ele>
        <time>2025-06-27T08:53:45</time>
      </trkpt>
      <trkpt lat="41.1225584987551" lon="42.745887972414494">
        <ele>1870.4</ele>
        <time>2025-06-27T08:53:54</time>
      </trkpt>
      <trkpt lat="41.12289033830166" lon="42.74633011780679">
        <ele>1870.1999999999998</ele>
        <time>2025-06-27T08:54:04</time>
      </trkpt>
      <trkpt lat="41.123254699632525" lon="42.74681626819074">
        <ele>1870.0</ele>
        <time>2025-06-27T08:54:14</time>
      </trkpt>
      <trkpt lat="41.12364051863551" lon="42.747340723872185">
        <ele>1870.1999999999998</ele>
        <time>2025-06-27T08:54:25</time>
      </trkpt>
      <trkpt lat="41.123870853334665" lon="42.74767625145614">
        <ele>1871.0</ele>
        <time>2025-06-27T08:54:33</time>
      </trkpt>
      <trkpt lat="41.12392156384885" lon="42.74775378406048">
        <ele>1871.1999999999998</ele>
        <time>2025-06-27T08:54:35</time>
      </trkpt>
      <trkpt lat="41.12409037537873" lon="42.748027201741934">
        <ele>1872.0</ele>
        <time>2025-06-27T08:54:42</time>
      </trkpt>
      <trkpt lat="41.12411501817405" lon="42.74806617759168">
        <ele>1872.1999999999998</ele>
        <time>2025-06-27T08:54:43</time>
      </trkpt>
      <trkpt lat="41.12429874949157" lon="42.74838225916028">
        <ele>1873.4</ele>
        <time>2025-06-27T08:54:51</time>
      </trkpt>
      <trkpt lat="41.12431878224015" lon="42.748418720439076">
        <ele>1873.6</ele>
        <time>2025-06-27T08:54:52</time>
      </trkpt>
      <trkpt lat="41.124410815536976" lon="42.748590297997">
        <ele>1874.6</ele>
        <time>2025-06-27T08:54:57</time>
      </trkpt>
      <trkpt lat="41.12446462735534" lon="42.748693730682135">
        <ele>1875.1999999999998</ele>
        <time>2025-06-27T08:55:00</time>
      </trkpt>
      <trkpt lat="41.1245496198535" lon="42.74886321276426">
        <ele>1876.0</ele>
        <time>2025-06-27T08:55:05</time>
      </trkpt>
      <trkpt lat="41.12463100813329" lon="42.74902037344873">
        <ele>1877.0</ele>
        <time>2025-06-27T08:55:10</time>
      </trkpt>
      <trkpt lat="41.12473636865616" lon="42.749248361214995">
        <ele>1878.0</ele>
        <time>2025-06-27T08:55:17</time>
      </trkpt>
      <trkpt lat="41.12476511858404" lon="42.74931005202234">
        <ele>1878.4</ele>
        <time>2025-06-27T08:55:19</time>
      </trkpt>
      <trkpt lat="41.12482102587819" lon="42.749430583789945">
        <ele>1879.4</ele>
        <time>2025-06-27T08:55:23</time>
      </trkpt>
      <trkpt lat="41.12490400671959" lon="42.749612890183926">
        <ele>1880.4</ele>
        <time>2025-06-27T08:55:29</time>
      </trkpt>
      <trkpt lat="41.12497290596366" lon="42.749776002019644">
        <ele>1881.6</ele>
        <time>2025-06-27T08:55:34</time>
      </trkpt>
      <trkpt lat="41.12504373304546" lon="42.74993307888508">
        <ele>1882.1999999999998</ele>
        <time>2025-06-27T08:55:39</time>
      </trkpt>
      <trkpt lat="41.12508203834295" lon="42.75003030896187">
        <ele>1882.6</ele>
        <time>2025-06-27T08:55:42</time>
      </trkpt>
      <trkpt lat="41.12512478604913" lon="42.7501255273819">
        <ele>1883.0</ele>
        <time>2025-06-27T08:55:45</time>
      </trkpt>
      <trkpt lat="41.125151524320245" lon="42.750189900398254">
        <ele>1883.8000000000002</ele>
        <time>2025-06-27T08:55:47</time>
      </trkpt>
      <trkpt lat="41.12522914074361" lon="42.7503845281899">
        <ele>1884.8000000000002</ele>
        <time>2025-06-27T08:55:53</time>
      </trkpt>
      <trkpt lat="41.12525504082441" lon="42.7504500746727">
        <ele>1885.1999999999998</ele>
        <time>2025-06-27T08:55:55</time>
      </trkpt>
      <trkpt lat="41.12530365586281" lon="42.75058628059924">
        <ele>1886.0</ele>
        <time>2025-06-27T08:55:59</time>
      </trkpt>
      <trkpt lat="41.12537004053593" lon="42.75075517594814">
        <ele>1887.0</ele>
        <time>2025-06-27T08:56:04</time>
      </trkpt>
      <trkpt lat="41.12538294866681" lon="42.75078769773245">
        <ele>1887.4</ele>
        <time>2025-06-27T08:56:05</time>
      </trkpt>
      <trkpt lat="41.125444220378995" lon="42.75095525197685">
        <ele>1888.0</ele>
        <time>2025-06-27T08:56:10</time>
      </trkpt>
      <trkpt lat="41.125501384958625" lon="42.75111953727901">
        <ele>1889.0</ele>
        <time>2025-06-27T08:56:15</time>
      </trkpt>
      <trkpt lat="41.125512113794684" lon="42.751152981072664">
        <ele>1889.0</ele>
        <time>2025-06-27T08:56:16</time>
      </trkpt>
      <trkpt lat="41.125569278374314" lon="42.75130997411907">
        <ele>1890.1999999999998</ele>
        <time>2025-06-27T08:56:21</time>
      </trkpt>
      <trkpt lat="41.12561110407114" lon="42.75143469683826">
        <ele>1891.0</ele>
        <time>2025-06-27T08:56:25</time>
      </trkpt>
      <trkpt lat="41.12562904134393" lon="42.7514966391027">
        <ele>1891.1999999999998</ele>
        <time>2025-06-27T08:56:27</time>
      </trkpt>
      <trkpt lat="41.12568243406713" lon="42.751650866121054">
        <ele>1892.4</ele>
        <time>2025-06-27T08:56:32</time>
      </trkpt>
      <trkpt lat="41.12570355646312" lon="42.75171414949">
        <ele>1892.6</ele>
        <time>2025-06-27T08:56:34</time>
      </trkpt>
      <trkpt lat="41.12575141713023" lon="42.75187248364091">
        <ele>1893.4</ele>
        <time>2025-06-27T08:56:39</time>
      </trkpt>
      <trkpt lat="41.12577949650586" lon="42.75196694768965">
        <ele>1893.8000000000002</ele>
        <time>2025-06-27T08:56:42</time>
      </trkpt>
      <trkpt lat="41.12580883316696" lon="42.75206023827195">
        <ele>1894.4</ele>
        <time>2025-06-27T08:56:45</time>
      </trkpt>
      <trkpt lat="41.12584873102605" lon="42.75217926129699">
        <ele>1895.0</ele>
        <time>2025-06-27T08:56:49</time>
      </trkpt>
      <trkpt lat="41.12587647512555" lon="42.752267522737384">
        <ele>1895.6</ele>
        <time>2025-06-27T08:56:52</time>
      </trkpt>
      <trkpt lat="41.12588460557163" lon="42.752297865226865">
        <ele>1895.6</ele>
        <time>2025-06-27T08:56:53</time>
      </trkpt>
      <trkpt lat="41.125944033265114" lon="42.75251101702452">
        <ele>1896.6</ele>
        <time>2025-06-27T08:57:00</time>
      </trkpt>
      <trkpt lat="41.125952834263444" lon="42.75254177860916">
        <ele>1896.8000000000002</ele>
        <time>2025-06-27T08:57:01</time>
      </trkpt>
      <trkpt lat="41.126003209501505" lon="42.75272567756474">
        <ele>1897.8000000000002</ele>
        <time>2025-06-27T08:57:07</time>
      </trkpt>
      <trkpt lat="41.12603631801903" lon="42.752848137170076">
        <ele>1898.8000000000002</ele>
        <time>2025-06-27T08:57:11</time>
      </trkpt>
      <trkpt lat="41.12608266994357" lon="42.753041591495275">
        <ele>1899.8000000000002</ele>
        <time>2025-06-27T08:57:17</time>
      </trkpt>
      <trkpt lat="41.12612013705075" lon="42.7531679905951">
        <ele>1900.4</ele>
        <time>2025-06-27T08:57:21</time>
      </trkpt>
      <trkpt lat="41.12615441903472" lon="42.75329891592264">
        <ele>1901.0</ele>
        <time>2025-06-27T08:57:25</time>
      </trkpt>
      <trkpt lat="41.12619440071285" lon="42.753493543714285">
        <ele>1902.1999999999998</ele>
        <time>2025-06-27T08:57:31</time>
      </trkpt>
      <trkpt lat="41.1262021958828" lon="42.75352464057505">
        <ele>1902.4</ele>
        <time>2025-06-27T08:57:32</time>
      </trkpt>
      <trkpt lat="41.12625181674957" lon="42.75371180847287">
        <ele>1903.8000000000002</ele>
        <time>2025-06-27T08:57:38</time>
      </trkpt>
      <trkpt lat="41.12626581452787" lon="42.753774002194405">
        <ele>1904.0</ele>
        <time>2025-06-27T08:57:40</time>
      </trkpt>
      <trkpt lat="41.12629087641835" lon="42.75390517897904">
        <ele>1904.8000000000002</ele>
        <time>2025-06-27T08:57:44</time>
      </trkpt>
      <trkpt lat="41.12633538432419" lon="42.75413207709789">
        <ele>1905.4</ele>
        <time>2025-06-27T08:57:51</time>
      </trkpt>
      <trkpt lat="41.126355584710836" lon="42.75422771461308">
        <ele>1905.8000000000002</ele>
        <time>2025-06-27T08:57:54</time>
      </trkpt>
      <trkpt lat="41.126375533640385" lon="42.75432100519538">
        <ele>1906.6</ele>
        <time>2025-06-27T08:57:57</time>
      </trkpt>
      <trkpt lat="41.12639581784606" lon="42.75441085919738">
        <ele>1907.0</ele>
        <time>2025-06-27T08:58:00</time>
      </trkpt>
      <trkpt lat="41.126434123143554" lon="42.754603726789355">
        <ele>1908.4</ele>
        <time>2025-06-27T08:58:06</time>
      </trkpt>
      <trkpt lat="41.126440074294806" lon="42.75463633239269">
        <ele>1908.4</ele>
        <time>2025-06-27T08:58:07</time>
      </trkpt>
      <trkpt lat="41.1264767870307" lon="42.75483255274594">
        <ele>1909.4</ele>
        <time>2025-06-27T08:58:13</time>
      </trkpt>
      <trkpt lat="41.1264921259135" lon="42.75493229739368">
        <ele>1909.8000000000002</ele>
        <time>2025-06-27T08:58:16</time>
      </trkpt>
      <trkpt lat="41.12651710398495" lon="42.75510001927614">
        <ele>1910.6</ele>
        <time>2025-06-27T08:58:21</time>
      </trkpt>
      <trkpt lat="41.12653956748545" lon="42.75523169897497">
        <ele>1911.1999999999998</ele>
        <time>2025-06-27T08:58:25</time>
      </trkpt>
      <trkpt lat="41.12654878757894" lon="42.755298083648086">
        <ele>1911.6</ele>
        <time>2025-06-27T08:58:27</time>
      </trkpt>
      <trkpt lat="41.12657368183136" lon="42.7554942201823">
        <ele>1912.8000000000002</ele>
        <time>2025-06-27T08:58:33</time>
      </trkpt>
      <trkpt lat="41.12660461105406" lon="42.75571960955858">
        <ele>1913.8000000000002</ele>
        <time>2025-06-27T08:58:40</time>
      </trkpt>
      <trkpt lat="41.12663512118161" lon="42.755912225693464">
        <ele>1915.0</ele>
        <time>2025-06-27T08:58:46</time>
      </trkpt>
      <trkpt lat="41.12663973122835" lon="42.7559450827539">
        <ele>1915.1999999999998</ele>
        <time>2025-06-27T08:58:47</time>
      </trkpt>
      <trkpt lat="41.126653058454394" lon="42.75610836222768">
        <ele>1916.1999999999998</ele>
        <time>2025-06-27T08:58:52</time>
      </trkpt>
      <trkpt lat="41.126667223870754" lon="42.756236186251044">
        <ele>1916.8000000000002</ele>
        <time>2025-06-27T08:58:56</time>
      </trkpt>
      <trkpt lat="41.12668222747743" lon="42.75633308105171">
        <ele>1917.1999999999998</ele>
        <time>2025-06-27T08:58:59</time>
      </trkpt>
      <trkpt lat="41.12671039067209" lon="42.75656978599727">
        <ele>1918.4</ele>
        <time>2025-06-27T08:59:06</time>
      </trkpt>
      <trkpt lat="41.126712234690785" lon="42.75660406798124">
        <ele>1918.6</ele>
        <time>2025-06-27T08:59:07</time>
      </trkpt>
      <trkpt lat="41.12672405317426" lon="42.75677162222564">
        <ele>1919.4</ele>
        <time>2025-06-27T08:59:12</time>
      </trkpt>
      <trkpt lat="41.12673461437225" lon="42.75690816342831">
        <ele>1920.4</ele>
        <time>2025-06-27T08:59:16</time>
      </trkpt>
      <trkpt lat="41.126739224419" lon="42.756941858679056">
        <ele>1920.6</ele>
        <time>2025-06-27T08:59:17</time>
      </trkpt>
      <trkpt lat="41.12675758078694" lon="42.75714570656419">
        <ele>1921.6</ele>
        <time>2025-06-27T08:59:23</time>
      </trkpt>
      <trkpt lat="41.12677057273686" lon="42.75728082284331">
        <ele>1922.4</ele>
        <time>2025-06-27T08:59:27</time>
      </trkpt>
      <trkpt lat="41.126772332936525" lon="42.75731493718922">
        <ele>1922.6</ele>
        <time>2025-06-27T08:59:28</time>
      </trkpt>
      <trkpt lat="41.12678817473352" lon="42.757555078715086">
        <ele>1923.6</ele>
        <time>2025-06-27T08:59:35</time>
      </trkpt>
      <trkpt lat="41.126796808093786" lon="42.757723052054644">
        <ele>1924.4</ele>
        <time>2025-06-27T08:59:40</time>
      </trkpt>
      <trkpt lat="41.1268013343215" lon="42.75778993964195">
        <ele>1924.6</ele>
        <time>2025-06-27T08:59:42</time>
      </trkpt>
      <trkpt lat="41.12681658938527" lon="42.75806964375079">
        <ele>1925.6</ele>
        <time>2025-06-27T08:59:50</time>
      </trkpt>
      <trkpt lat="41.126818181946874" lon="42.75810409337282">
        <ele>1925.8000000000002</ele>
        <time>2025-06-27T08:59:51</time>
      </trkpt>
      <trkpt lat="41.12682547420263" lon="42.75835806503892">
        <ele>1926.6</ele>
        <time>2025-06-27T08:59:59</time>
      </trkpt>
      <trkpt lat="41.12682597711682" lon="42.758382707834244">
        <ele>1926.6</ele>
        <time>2025-06-27T09:00:00</time>
      </trkpt>
      <trkpt lat="41.12682497128844" lon="42.75847574695945">
        <ele>1927.6</ele>
        <time>2025-06-27T09:00:06</time>
      </trkpt>
      <trkpt lat="41.12682547420263" lon="42.75847918353975">
        <ele>1927.8000000000002</ele>
        <time>2025-06-27T09:00:08</time>
      </trkpt>
      <trkpt lat="41.12682597711682" lon="42.75847842916846">
        <ele>1928.4</ele>
        <time>2025-06-27T09:00:15</time>
      </trkpt>
      <trkpt lat="41.12682597711682" lon="42.758478596806526">
        <ele>1928.6</ele>
        <time>2025-06-27T09:00:39</time>
      </trkpt>
      <trkpt lat="41.126827988773584" lon="42.75848597288132">
        <ele>1928.4</ele>
        <time>2025-06-27T09:00:58</time>
      </trkpt>
      <trkpt lat="41.126833353191614" lon="42.7585990447551">
        <ele>1928.4</ele>
        <time>2025-06-27T09:01:03</time>
      </trkpt>
      <trkpt lat="41.126832850277424" lon="42.7586320694536">
        <ele>1928.4</ele>
        <time>2025-06-27T09:01:04</time>
      </trkpt>
      <trkpt lat="41.12684131599963" lon="42.75884815491736">
        <ele>1928.8000000000002</ele>
        <time>2025-06-27T09:01:10</time>
      </trkpt>
      <trkpt lat="41.12684156745672" lon="42.75892577134073">
        <ele>1928.8000000000002</ele>
        <time>2025-06-27T09:01:12</time>
      </trkpt>
      <trkpt lat="41.126839807257056" lon="42.75935693643987">
        <ele>1929.8000000000002</ele>
        <time>2025-06-27T09:01:23</time>
      </trkpt>
      <trkpt lat="41.1268391367048" lon="42.75939482264221">
        <ele>1929.8000000000002</ele>
        <time>2025-06-27T09:01:24</time>
      </trkpt>
      <trkpt lat="41.12683477811515" lon="42.759609231725335">
        <ele>1930.6</ele>
        <time>2025-06-27T09:01:30</time>
      </trkpt>
      <trkpt lat="41.12683511339128" lon="42.75977209210396">
        <ele>1930.8000000000002</ele>
        <time>2025-06-27T09:01:34</time>
      </trkpt>
      <trkpt lat="41.126839304342866" lon="42.7599027659744">
        <ele>1931.1999999999998</ele>
        <time>2025-06-27T09:01:37</time>
      </trkpt>
      <trkpt lat="41.12684039399028" lon="42.75998566299677">
        <ele>1931.6</ele>
        <time>2025-06-27T09:01:39</time>
      </trkpt>
      <trkpt lat="41.1268425732851" lon="42.76007317006588">
        <ele>1931.8000000000002</ele>
        <time>2025-06-27T09:01:41</time>
      </trkpt>
      <trkpt lat="41.126841148361564" lon="42.76038187555969">
        <ele>1932.4</ele>
        <time>2025-06-27T09:01:48</time>
      </trkpt>
      <trkpt lat="41.12683553248644" lon="42.76078269816935">
        <ele>1932.8000000000002</ele>
        <time>2025-06-27T09:01:57</time>
      </trkpt>
      <trkpt lat="41.12683494575322" lon="42.7608785033226">
        <ele>1933.0</ele>
        <time>2025-06-27T09:01:59</time>
      </trkpt>
      <trkpt lat="41.126828994601965" lon="42.761194836348295">
        <ele>1933.6</ele>
        <time>2025-06-27T09:02:05</time>
      </trkpt>
      <trkpt lat="41.12682371400297" lon="42.761766985058784">
        <ele>1933.8000000000002</ele>
        <time>2025-06-27T09:02:15</time>
      </trkpt>
      <trkpt lat="41.12682103179395" lon="42.76225699111819">
        <ele>1933.8000000000002</ele>
        <time>2025-06-27T09:02:24</time>
      </trkpt>
      <trkpt lat="41.12681415863335" lon="42.76262763887644">
        <ele>1933.8000000000002</ele>
        <time>2025-06-27T09:02:31</time>
      </trkpt>
      <trkpt lat="41.12680762074888" lon="42.76316701434553">
        <ele>1933.6</ele>
        <time>2025-06-27T09:02:40</time>
      </trkpt>
      <trkpt lat="41.126798149198294" lon="42.76332652196288">
        <ele>1933.6</ele>
        <time>2025-06-27T09:02:44</time>
      </trkpt>
      <trkpt lat="41.12679538317025" lon="42.76332777924836">
        <ele>1933.4</ele>
        <time>2025-06-27T09:02:50</time>
      </trkpt>
      <trkpt lat="41.126796305179596" lon="42.76332643814385">
        <ele>1932.8000000000002</ele>
        <time>2025-06-27T09:03:15</time>
      </trkpt>
      <trkpt lat="41.126796724274755" lon="42.76332467794418">
        <ele>1933.0</ele>
        <time>2025-06-27T09:03:38</time>
      </trkpt>
      <trkpt lat="41.126795718446374" lon="42.763346303254366">
        <ele>1933.0</ele>
        <time>2025-06-27T09:03:58</time>
      </trkpt>
      <trkpt lat="41.126790354028344" lon="42.76353372260928">
        <ele>1933.0</ele>
        <time>2025-06-27T09:04:04</time>
      </trkpt>
      <trkpt lat="41.12678834237158" lon="42.76396899484098">
        <ele>1932.4</ele>
        <time>2025-06-27T09:04:13</time>
      </trkpt>
      <trkpt lat="41.126784067600965" lon="42.764509711414576">
        <ele>1931.6</ele>
        <time>2025-06-27T09:04:21</time>
      </trkpt>
      <trkpt lat="41.126780631020665" lon="42.76510608382523">
        <ele>1930.8000000000002</ele>
        <time>2025-06-27T09:04:28</time>
      </trkpt>
      <trkpt lat="41.12677979283035" lon="42.76529995724559">
        <ele>1930.6</ele>
        <time>2025-06-27T09:04:30</time>
      </trkpt>
      <trkpt lat="41.12677560187876" lon="42.76582474820316">
        <ele>1929.6</ele>
        <time>2025-06-27T09:04:35</time>
      </trkpt>
      <trkpt lat="41.12677484750748" lon="42.765935976058245">
        <ele>1929.6</ele>
        <time>2025-06-27T09:04:36</time>
      </trkpt>
      <trkpt lat="41.12677250057459" lon="42.76651139371097">
        <ele>1928.1999999999998</ele>
        <time>2025-06-27T09:04:41</time>
      </trkpt>
      <trkpt lat="41.12676780670881" lon="42.76698371395469">
        <ele>1927.1999999999998</ele>
        <time>2025-06-27T09:04:45</time>
      </trkpt>
      <trkpt lat="41.12676277756691" lon="42.76733558624983">
        <ele>1926.1999999999998</ele>
        <time>2025-06-27T09:04:48</time>
      </trkpt>
      <trkpt lat="41.12675632350147" lon="42.768125077709556">
        <ele>1925.6</ele>
        <time>2025-06-27T09:04:55</time>
      </trkpt>
      <trkpt lat="41.126754730939865" lon="42.76834040880203">
        <ele>1925.4</ele>
        <time>2025-06-27T09:04:57</time>
      </trkpt>
      <trkpt lat="41.12674358300865" lon="42.76913610287011">
        <ele>1925.6</ele>
        <time>2025-06-27T09:05:05</time>
      </trkpt>
      <trkpt lat="41.12673880532384" lon="42.76969961822033">
        <ele>1926.0</ele>
        <time>2025-06-27T09:05:12</time>
      </trkpt>
      <trkpt lat="41.12673629075289" lon="42.77016255073249">
        <ele>1927.6</ele>
        <time>2025-06-27T09:05:19</time>
      </trkpt>
      <trkpt lat="41.12673629075289" lon="42.77028107084334">
        <ele>1927.8000000000002</ele>
        <time>2025-06-27T09:05:21</time>
      </trkpt>
      <trkpt lat="41.12673394382" lon="42.77051081880927">
        <ele>1928.4</ele>
        <time>2025-06-27T09:05:25</time>
      </trkpt>
      <trkpt lat="41.12673184834421" lon="42.7708890940994">
        <ele>1929.8000000000002</ele>
        <time>2025-06-27T09:05:32</time>
      </trkpt>
      <trkpt lat="41.12672723829746" lon="42.77125152759254">
        <ele>1930.6</ele>
        <time>2025-06-27T09:05:39</time>
      </trkpt>
      <trkpt lat="41.126727405935526" lon="42.77136049233377">
        <ele>1931.0</ele>
        <time>2025-06-27T09:05:41</time>
      </trkpt>
      <trkpt lat="41.126725478097796" lon="42.77147280983627">
        <ele>1931.6</ele>
        <time>2025-06-27T09:05:43</time>
      </trkpt>
      <trkpt lat="41.12672078423202" lon="42.77190984226763">
        <ele>1932.6</ele>
        <time>2025-06-27T09:05:51</time>
      </trkpt>
      <trkpt lat="41.126722460612655" lon="42.7724018599838">
        <ele>1933.8000000000002</ele>
        <time>2025-06-27T09:06:00</time>
      </trkpt>
      <trkpt lat="41.12672036513686" lon="42.77257243171334">
        <ele>1934.1999999999998</ele>
        <time>2025-06-27T09:06:03</time>
      </trkpt>
      <trkpt lat="41.126711731776595" lon="42.772898487746716">
        <ele>1935.0</ele>
        <time>2025-06-27T09:06:09</time>
      </trkpt>
      <trkpt lat="41.12670854665339" lon="42.77306042611599">
        <ele>1935.1999999999998</ele>
        <time>2025-06-27T09:06:12</time>
      </trkpt>
      <trkpt lat="41.12670209258795" lon="42.77361975051463">
        <ele>1935.8000000000002</ele>
        <time>2025-06-27T09:06:22</time>
      </trkpt>
      <trkpt lat="41.12669890746474" lon="42.77379669249058">
        <ele>1936.0</ele>
        <time>2025-06-27T09:06:25</time>
      </trkpt>
      <trkpt lat="41.12669647671282" lon="42.774275466799736">
        <ele>1936.1999999999998</ele>
        <time>2025-06-27T09:06:33</time>
      </trkpt>
      <trkpt lat="41.12668817862868" lon="42.77476823888719">
        <ele>1936.4</ele>
        <time>2025-06-27T09:06:42</time>
      </trkpt>
      <trkpt lat="41.12668180838227" lon="42.77540886774659">
        <ele>1936.1999999999998</ele>
        <time>2025-06-27T09:06:53</time>
      </trkpt>
      <trkpt lat="41.126678539440036" lon="42.77600289322436">
        <ele>1936.0</ele>
        <time>2025-06-27T09:07:02</time>
      </trkpt>
      <trkpt lat="41.12667007371783" lon="42.77669255621731">
        <ele>1935.4</ele>
        <time>2025-06-27T09:07:11</time>
      </trkpt>
      <trkpt lat="41.12664735876024" lon="42.77723545208573">
        <ele>1935.0</ele>
        <time>2025-06-27T09:07:17</time>
      </trkpt>
      <trkpt lat="41.1266422457993" lon="42.77733343653381">
        <ele>1934.8000000000002</ele>
        <time>2025-06-27T09:07:18</time>
      </trkpt>
      <trkpt lat="41.12660435959697" lon="42.77797121554613">
        <ele>1933.6</ele>
        <time>2025-06-27T09:07:24</time>
      </trkpt>
      <trkpt lat="41.126589020714164" lon="42.77819970622659">
        <ele>1933.0</ele>
        <time>2025-06-27T09:07:26</time>
      </trkpt>
      <trkpt lat="41.126572424545884" lon="42.77843582443893">
        <ele>1932.6</ele>
        <time>2025-06-27T09:07:28</time>
      </trkpt>
      <trkpt lat="41.12654099240899" lon="42.77893245220184">
        <ele>1931.4</ele>
        <time>2025-06-27T09:07:32</time>
      </trkpt>
      <trkpt lat="41.12653068266809" lon="42.77919128537178">
        <ele>1931.0</ele>
        <time>2025-06-27T09:07:34</time>
      </trkpt>
      <trkpt lat="41.126527581363916" lon="42.77945523150265">
        <ele>1930.4</ele>
        <time>2025-06-27T09:07:36</time>
      </trkpt>
      <trkpt lat="41.12654685974121" lon="42.77999762445688">
        <ele>1929.1999999999998</ele>
        <time>2025-06-27T09:07:40</time>
      </trkpt>
      <trkpt lat="41.12655415199697" lon="42.78013768605888">
        <ele>1929.0</ele>
        <time>2025-06-27T09:07:41</time>
      </trkpt>
      <trkpt lat="41.12657317891717" lon="42.780421916395426">
        <ele>1928.0</ele>
        <time>2025-06-27T09:07:43</time>
      </trkpt>
      <trkpt lat="41.12659924663603" lon="42.78085836209357">
        <ele>1926.8000000000002</ele>
        <time>2025-06-27T09:07:46</time>
      </trkpt>
      <trkpt lat="41.12660930491984" lon="42.781155752018094">
        <ele>1925.6</ele>
        <time>2025-06-27T09:07:48</time>
      </trkpt>
      <trkpt lat="41.12660888582468" lon="42.781306793913245">
        <ele>1925.1999999999998</ele>
        <time>2025-06-27T09:07:49</time>
      </trkpt>
      <trkpt lat="41.12660754472017" lon="42.781765619292855">
        <ele>1924.1999999999998</ele>
        <time>2025-06-27T09:07:52</time>
      </trkpt>
      <trkpt lat="41.126595977693796" lon="42.782229809090495">
        <ele>1923.0</ele>
        <time>2025-06-27T09:07:55</time>
      </trkpt>
      <trkpt lat="41.12658256664872" lon="42.78269877657294">
        <ele>1922.1999999999998</ele>
        <time>2025-06-27T09:07:58</time>
      </trkpt>
      <trkpt lat="41.12657745368779" lon="42.78285727836192">
        <ele>1921.8000000000002</ele>
        <time>2025-06-27T09:07:59</time>
      </trkpt>
      <trkpt lat="41.1265613604337" lon="42.783335046842694">
        <ele>1920.6</ele>
        <time>2025-06-27T09:08:02</time>
      </trkpt>
      <trkpt lat="41.126548955217004" lon="42.78365573845804">
        <ele>1919.6</ele>
        <time>2025-06-27T09:08:04</time>
      </trkpt>
      <trkpt lat="41.12652959302068" lon="42.78414214029908">
        <ele>1917.6</ele>
        <time>2025-06-27T09:08:07</time>
      </trkpt>
      <trkpt lat="41.12650788389146" lon="42.78463130816817">
        <ele>1916.4</ele>
        <time>2025-06-27T09:08:10</time>
      </trkpt>
      <trkpt lat="41.126483576372266" lon="42.78511796146631">
        <ele>1915.4</ele>
        <time>2025-06-27T09:08:13</time>
      </trkpt>
      <trkpt lat="41.12645147368312" lon="42.785596903413534">
        <ele>1914.0</ele>
        <time>2025-06-27T09:08:16</time>
      </trkpt>
      <trkpt lat="41.12643479369581" lon="42.78591122478247">
        <ele>1912.8000000000002</ele>
        <time>2025-06-27T09:08:18</time>
      </trkpt>
      <trkpt lat="41.12642624415457" lon="42.78606578707695">
        <ele>1912.4</ele>
        <time>2025-06-27T09:08:19</time>
      </trkpt>
      <trkpt lat="41.126396572217345" lon="42.78651924803853">
        <ele>1911.6</ele>
        <time>2025-06-27T09:08:22</time>
      </trkpt>
      <trkpt lat="41.12635667435825" lon="42.78709189966321">
        <ele>1910.6</ele>
        <time>2025-06-27T09:08:26</time>
      </trkpt>
      <trkpt lat="41.126319374889135" lon="42.78763135895133">
        <ele>1909.6</ele>
        <time>2025-06-27T09:08:30</time>
      </trkpt>
      <trkpt lat="41.12628065049648" lon="42.78813703916967">
        <ele>1908.8000000000002</ele>
        <time>2025-06-27T09:08:34</time>
      </trkpt>
      <trkpt lat="41.126251481473446" lon="42.78850567527115">
        <ele>1908.6</ele>
        <time>2025-06-27T09:08:37</time>
      </trkpt>
      <trkpt lat="41.12619414925575" lon="42.78920070268214">
        <ele>1908.0</ele>
        <time>2025-06-27T09:08:43</time>
      </trkpt>
      <trkpt lat="41.1261329613626" lon="42.78993654996157">
        <ele>1907.8000000000002</ele>
        <time>2025-06-27T09:08:50</time>
      </trkpt>
      <trkpt lat="41.12611284479499" lon="42.7901419904083">
        <ele>1907.8000000000002</ele>
        <time>2025-06-27T09:08:52</time>
      </trkpt>
      <trkpt lat="41.12610404379666" lon="42.79024315997958">
        <ele>1907.6</ele>
        <time>2025-06-27T09:08:53</time>
      </trkpt>
      <trkpt lat="41.126038916409016" lon="42.79102494008839">
        <ele>1907.1999999999998</ele>
        <time>2025-06-27T09:09:01</time>
      </trkpt>
      <trkpt lat="41.12596767023206" lon="42.791815185919404">
        <ele>1906.6</ele>
        <time>2025-06-27T09:09:09</time>
      </trkpt>
      <trkpt lat="41.125958198681474" lon="42.791912499815226">
        <ele>1906.6</ele>
        <time>2025-06-27T09:09:10</time>
      </trkpt>
      <trkpt lat="41.12594872713089" lon="42.792008304968476">
        <ele>1906.6</ele>
        <time>2025-06-27T09:09:11</time>
      </trkpt>
      <trkpt lat="41.12588846124709" lon="42.79274473898113">
        <ele>1906.6</ele>
        <time>2025-06-27T09:09:19</time>
      </trkpt>
      <trkpt lat="41.12583305686712" lon="42.793515706434846">
        <ele>1906.4</ele>
        <time>2025-06-27T09:09:27</time>
      </trkpt>
      <trkpt lat="41.12582668662071" lon="42.793613858520985">
        <ele>1906.4</ele>
        <time>2025-06-27T09:09:28</time>
      </trkpt>
      <trkpt lat="41.125782513991" lon="42.794390358030796">
        <ele>1906.1999999999998</ele>
        <time>2025-06-27T09:09:36</time>
      </trkpt>
      <trkpt lat="41.12576449289918" lon="42.79468322172761">
        <ele>1906.1999999999998</ele>
        <time>2025-06-27T09:09:39</time>
      </trkpt>
      <trkpt lat="41.12573222257197" lon="42.79544027522206">
        <ele>1906.0</ele>
        <time>2025-06-27T09:09:47</time>
      </trkpt>
      <trkpt lat="41.1257201526314" lon="42.795716961845756">
        <ele>1905.8000000000002</ele>
        <time>2025-06-27T09:09:50</time>
      </trkpt>
      <trkpt lat="41.12570104189217" lon="42.79628357850015">
        <ele>1905.6</ele>
        <time>2025-06-27T09:09:56</time>
      </trkpt>
      <trkpt lat="41.1256857868284" lon="42.79668037779629">
        <ele>1905.4</ele>
        <time>2025-06-27T09:10:00</time>
      </trkpt>
      <trkpt lat="41.125666592270136" lon="42.79741806909442">
        <ele>1904.6</ele>
        <time>2025-06-27T09:10:07</time>
      </trkpt>
      <trkpt lat="41.125663658604026" lon="42.7975277043879">
        <ele>1904.6</ele>
        <time>2025-06-27T09:10:08</time>
      </trkpt>
      <trkpt lat="41.125660138204694" lon="42.797638261690736">
        <ele>1904.4</ele>
        <time>2025-06-27T09:10:09</time>
      </trkpt>
      <trkpt lat="41.1256271135062" lon="42.79844652861357">
        <ele>1903.4</ele>
        <time>2025-06-27T09:10:16</time>
      </trkpt>
      <trkpt lat="41.12561739049852" lon="42.7986900229007">
        <ele>1902.8000000000002</ele>
        <time>2025-06-27T09:10:18</time>
      </trkpt>
      <trkpt lat="41.12559886649251" lon="42.799065448343754">
        <ele>1902.1999999999998</ele>
        <time>2025-06-27T09:10:21</time>
      </trkpt>
      <trkpt lat="41.125561064109206" lon="42.79971504583955">
        <ele>1901.0</ele>
        <time>2025-06-27T09:10:26</time>
      </trkpt>
      <trkpt lat="41.125553185120225" lon="42.799848234280944">
        <ele>1900.8000000000002</ele>
        <time>2025-06-27T09:10:27</time>
      </trkpt>
      <trkpt lat="41.125526279211044" lon="42.80025752261281">
        <ele>1899.6</ele>
        <time>2025-06-27T09:10:30</time>
      </trkpt>
      <trkpt lat="41.12548638135195" lon="42.80082933604717">
        <ele>1898.4</ele>
        <time>2025-06-27T09:10:34</time>
      </trkpt>
      <trkpt lat="41.12547531723976" lon="42.80097627080977">
        <ele>1898.0</ele>
        <time>2025-06-27T09:10:35</time>
      </trkpt>
      <trkpt lat="41.125453021377325" lon="42.80127533711493">
        <ele>1897.1999999999998</ele>
        <time>2025-06-27T09:10:37</time>
      </trkpt>
      <trkpt lat="41.12541656009853" lon="42.80173181556165">
        <ele>1896.1999999999998</ele>
        <time>2025-06-27T09:10:40</time>
      </trkpt>
      <trkpt lat="41.12537758424878" lon="42.80220187269151">
        <ele>1894.6</ele>
        <time>2025-06-27T09:10:43</time>
      </trkpt>
      <trkpt lat="41.125364089384675" lon="42.802361296489835">
        <ele>1894.0</ele>
        <time>2025-06-27T09:10:44</time>
      </trkpt>
      <trkpt lat="41.12533827312291" lon="42.802684335038066">
        <ele>1893.0</ele>
        <time>2025-06-27T09:10:46</time>
      </trkpt>
      <trkpt lat="41.12529443576932" lon="42.803176855668426">
        <ele>1891.6</ele>
        <time>2025-06-27T09:10:49</time>
      </trkpt>
      <trkpt lat="41.12526711076498" lon="42.80350869521499">
        <ele>1890.4</ele>
        <time>2025-06-27T09:10:51</time>
      </trkpt>
      <trkpt lat="41.125253699719906" lon="42.80367482453585">
        <ele>1890.0</ele>
        <time>2025-06-27T09:10:52</time>
      </trkpt>
      <trkpt lat="41.125240037217736" lon="42.80384112149477">
        <ele>1889.4</ele>
        <time>2025-06-27T09:10:53</time>
      </trkpt>
      <trkpt lat="41.12521220929921" lon="42.80417488887906">
        <ele>1888.1999999999998</ele>
        <time>2025-06-27T09:10:55</time>
      </trkpt>
      <trkpt lat="41.125185806304216" lon="42.80451016500592">
        <ele>1886.8000000000002</ele>
        <time>2025-06-27T09:10:57</time>
      </trkpt>
      <trkpt lat="41.12515781074762" lon="42.80484267510474">
        <ele>1885.6</ele>
        <time>2025-06-27T09:10:59</time>
      </trkpt>
      <trkpt lat="41.12514314241707" lon="42.80500779859722">
        <ele>1884.4</ele>
        <time>2025-06-27T09:11:00</time>
      </trkpt>
      <trkpt lat="41.125116404145956" lon="42.805337123572826">
        <ele>1883.1999999999998</ele>
        <time>2025-06-27T09:11:02</time>
      </trkpt>
      <trkpt lat="41.1250882409513" lon="42.80566552653909">
        <ele>1882.0</ele>
        <time>2025-06-27T09:11:04</time>
      </trkpt>
      <trkpt lat="41.12505655735731" lon="42.80599418096244">
        <ele>1880.8000000000002</ele>
        <time>2025-06-27T09:11:06</time>
      </trkpt>
      <trkpt lat="41.12502336502075" lon="42.80632392503321">
        <ele>1879.4</ele>
        <time>2025-06-27T09:11:08</time>
      </trkpt>
      <trkpt lat="41.12498229369521" lon="42.80665232799947">
        <ele>1878.1999999999998</ele>
        <time>2025-06-27T09:11:10</time>
      </trkpt>
      <trkpt lat="41.12493149936199" lon="42.80697871930897">
        <ele>1876.8000000000002</ele>
        <time>2025-06-27T09:11:12</time>
      </trkpt>
      <trkpt lat="41.12487634643912" lon="42.80730511061847">
        <ele>1875.8000000000002</ele>
        <time>2025-06-27T09:11:14</time>
      </trkpt>
      <trkpt lat="41.12481507472694" lon="42.807630160823464">
        <ele>1874.4</ele>
        <time>2025-06-27T09:11:16</time>
      </trkpt>
      <trkpt lat="41.12474491819739" lon="42.80795336700976">
        <ele>1873.0</ele>
        <time>2025-06-27T09:11:18</time>
      </trkpt>
      <trkpt lat="41.124670235440135" lon="42.80827791430056">
        <ele>1871.4</ele>
        <time>2025-06-27T09:11:20</time>
      </trkpt>
      <trkpt lat="41.12458691932261" lon="42.80860195867717">
        <ele>1870.0</ele>
        <time>2025-06-27T09:11:22</time>
      </trkpt>
      <trkpt lat="41.12449689768255" lon="42.80892667360604">
        <ele>1868.6</ele>
        <time>2025-06-27T09:11:24</time>
      </trkpt>
      <trkpt lat="41.12435189075768" lon="42.80941156670451">
        <ele>1867.1999999999998</ele>
        <time>2025-06-27T09:11:27</time>
      </trkpt>
      <trkpt lat="41.12430394627154" lon="42.80957283452153">
        <ele>1865.8000000000002</ele>
        <time>2025-06-27T09:11:28</time>
      </trkpt>
      <trkpt lat="41.124207973480225" lon="42.80989436432719">
        <ele>1864.4</ele>
        <time>2025-06-27T09:11:30</time>
      </trkpt>
      <trkpt lat="41.12411334179342" lon="42.81021438539028">
        <ele>1863.1999999999998</ele>
        <time>2025-06-27T09:11:32</time>
      </trkpt>
      <trkpt lat="41.124019380658865" lon="42.81052937731147">
        <ele>1861.8000000000002</ele>
        <time>2025-06-27T09:11:34</time>
      </trkpt>
      <trkpt lat="41.12392625771463" lon="42.810839507728815">
        <ele>1860.8000000000002</ele>
        <time>2025-06-27T09:11:36</time>
      </trkpt>
      <trkpt lat="41.12387998960912" lon="42.81099281273782">
        <ele>1860.0</ele>
        <time>2025-06-27T09:11:37</time>
      </trkpt>
      <trkpt lat="41.12383355386555" lon="42.81114611774683">
        <ele>1859.4</ele>
        <time>2025-06-27T09:11:38</time>
      </trkpt>
      <trkpt lat="41.12378762103617" lon="42.81129866838455">
        <ele>1858.8000000000002</ele>
        <time>2025-06-27T09:11:39</time>
      </trkpt>
      <trkpt lat="41.12374152056873" lon="42.81145105138421">
        <ele>1858.0</ele>
        <time>2025-06-27T09:11:40</time>
      </trkpt>
      <trkpt lat="41.12360623665154" lon="42.81190702691674">
        <ele>1856.6</ele>
        <time>2025-06-27T09:11:43</time>
      </trkpt>
      <trkpt lat="41.12351504154503" lon="42.81220902688801">
        <ele>1855.6</ele>
        <time>2025-06-27T09:11:45</time>
      </trkpt>
      <trkpt lat="41.123426193371415" lon="42.812510607764125">
        <ele>1854.4</ele>
        <time>2025-06-27T09:11:47</time>
      </trkpt>
      <trkpt lat="41.123335836455226" lon="42.81280808150768">
        <ele>1853.1999999999998</ele>
        <time>2025-06-27T09:11:49</time>
      </trkpt>
      <trkpt lat="41.12324791029096" lon="42.813103878870606">
        <ele>1852.0</ele>
        <time>2025-06-27T09:11:51</time>
      </trkpt>
      <trkpt lat="41.12316015176475" lon="42.81339523382485">
        <ele>1850.8000000000002</ele>
        <time>2025-06-27T09:11:53</time>
      </trkpt>
      <trkpt lat="41.12307348288596" lon="42.81368373893201">
        <ele>1849.4</ele>
        <time>2025-06-27T09:11:55</time>
      </trkpt>
      <trkpt lat="41.12298807129264" lon="42.81396889127791">
        <ele>1847.8000000000002</ele>
        <time>2025-06-27T09:11:57</time>
      </trkpt>
      <trkpt lat="41.12290265969932" lon="42.81424976885319">
        <ele>1846.6</ele>
        <time>2025-06-27T09:11:59</time>
      </trkpt>
      <trkpt lat="41.12281867302954" lon="42.814525701105595">
        <ele>1845.6</ele>
        <time>2025-06-27T09:12:01</time>
      </trkpt>
      <trkpt lat="41.122735776007175" lon="42.814797358587384">
        <ele>1844.4</ele>
        <time>2025-06-27T09:12:03</time>
      </trkpt>
      <trkpt lat="41.1226169206202" lon="42.81519390642643">
        <ele>1843.1999999999998</ele>
        <time>2025-06-27T09:12:06</time>
      </trkpt>
      <trkpt lat="41.12257777713239" lon="42.81532290391624">
        <ele>1842.6</ele>
        <time>2025-06-27T09:12:07</time>
      </trkpt>
      <trkpt lat="41.122500663623214" lon="42.81557762995362">
        <ele>1841.6</ele>
        <time>2025-06-27T09:12:09</time>
      </trkpt>
      <trkpt lat="41.12239262089133" lon="42.81595079228282">
        <ele>1840.6</ele>
        <time>2025-06-27T09:12:12</time>
      </trkpt>
      <trkpt lat="41.12228466197848" lon="42.81630945391953">
        <ele>1839.1999999999998</ele>
        <time>2025-06-27T09:12:15</time>
      </trkpt>
      <trkpt lat="41.12217930145562" lon="42.816655710339546">
        <ele>1838.1999999999998</ele>
        <time>2025-06-27T09:12:18</time>
      </trkpt>
      <trkpt lat="41.12211333587766" lon="42.816878417506814">
        <ele>1837.4</ele>
        <time>2025-06-27T09:12:20</time>
      </trkpt>
      <trkpt lat="41.122048208490014" lon="42.817096430808306">
        <ele>1836.8000000000002</ele>
        <time>2025-06-27T09:12:22</time>
      </trkpt>
      <trkpt lat="41.12201526761055" lon="42.81720422208309">
        <ele>1836.8000000000002</ele>
        <time>2025-06-27T09:12:23</time>
      </trkpt>
      <trkpt lat="41.121889874339104" lon="42.81761560589075">
        <ele>1835.8000000000002</ele>
        <time>2025-06-27T09:12:27</time>
      </trkpt>
      <trkpt lat="41.12177160568535" lon="42.818010644987226">
        <ele>1835.6</ele>
        <time>2025-06-27T09:12:31</time>
      </trkpt>
      <trkpt lat="41.12157077528536" lon="42.81867826357484">
        <ele>1835.1999999999998</ele>
        <time>2025-06-27T09:12:38</time>
      </trkpt>
      <trkpt lat="41.12151780165732" lon="42.81885805539787">
        <ele>1835.1999999999998</ele>
        <time>2025-06-27T09:12:40</time>
      </trkpt>
      <trkpt lat="41.121306493878365" lon="42.819562973454595">
        <ele>1835.1999999999998</ele>
        <time>2025-06-27T09:12:48</time>
      </trkpt>
      <trkpt lat="41.12125301733613" lon="42.81974360346794">
        <ele>1835.0</ele>
        <time>2025-06-27T09:12:50</time>
      </trkpt>
      <trkpt lat="41.12119979225099" lon="42.819929011166096">
        <ele>1835.0</ele>
        <time>2025-06-27T09:12:52</time>
      </trkpt>
      <trkpt lat="41.12103936262429" lon="42.820476768538356">
        <ele>1834.4</ele>
        <time>2025-06-27T09:12:58</time>
      </trkpt>
      <trkpt lat="41.120929224416614" lon="42.82084188424051">
        <ele>1834.1999999999998</ele>
        <time>2025-06-27T09:13:02</time>
      </trkpt>
      <trkpt lat="41.12087583169341" lon="42.82102469354868">
        <ele>1834.0</ele>
        <time>2025-06-27T09:13:04</time>
      </trkpt>
      <trkpt lat="41.12066561356187" lon="42.82173723913729">
        <ele>1833.6</ele>
        <time>2025-06-27T09:13:12</time>
      </trkpt>
      <trkpt lat="41.12064038403332" lon="42.82182449474931">
        <ele>1833.6</ele>
        <time>2025-06-27T09:13:13</time>
      </trkpt>
      <trkpt lat="41.12043745815754" lon="42.822495717555285">
        <ele>1833.1999999999998</ele>
        <time>2025-06-27T09:13:21</time>
      </trkpt>
      <trkpt lat="41.1203876696527" lon="42.822659416124225">
        <ele>1833.0</ele>
        <time>2025-06-27T09:13:23</time>
      </trkpt>
      <trkpt lat="41.12036386504769" lon="42.82274030148983">
        <ele>1833.1999999999998</ele>
        <time>2025-06-27T09:13:24</time>
      </trkpt>
      <trkpt lat="41.12017376348376" lon="42.82337539829314">
        <ele>1832.8000000000002</ele>
        <time>2025-06-27T09:13:32</time>
      </trkpt>
      <trkpt lat="41.120002353563905" lon="42.82396732829511">
        <ele>1832.4</ele>
        <time>2025-06-27T09:13:39</time>
      </trkpt>
      <trkpt lat="41.119943177327514" lon="42.82424292527139">
        <ele>1832.0</ele>
        <time>2025-06-27T09:13:42</time>
      </trkpt>
      <trkpt lat="41.119901267811656" lon="42.824540650472045">
        <ele>1831.6</ele>
        <time>2025-06-27T09:13:45</time>
      </trkpt>
      <trkpt lat="41.119820633903146" lon="42.824948597699404">
        <ele>1830.8000000000002</ele>
        <time>2025-06-27T09:13:49</time>
      </trkpt>
      <trkpt lat="41.11976129002869" lon="42.82515361905098">
        <ele>1830.6</ele>
        <time>2025-06-27T09:13:51</time>
      </trkpt>
      <trkpt lat="41.119632041081786" lon="42.825582856312394">
        <ele>1829.8000000000002</ele>
        <time>2025-06-27T09:13:55</time>
      </trkpt>
      <trkpt lat="41.11959985457361" lon="42.82569316215813">
        <ele>1829.6</ele>
        <time>2025-06-27T09:13:56</time>
      </trkpt>
      <trkpt lat="41.1194983497262" lon="42.82602936029434">
        <ele>1829.0</ele>
        <time>2025-06-27T09:13:59</time>
      </trkpt>
      <trkpt lat="41.11946415156126" lon="42.82614310272038">
        <ele>1828.4</ele>
        <time>2025-06-27T09:14:00</time>
      </trkpt>
      <trkpt lat="41.119359880685806" lon="42.8264838270843">
        <ele>1827.4</ele>
        <time>2025-06-27T09:14:03</time>
      </trkpt>
      <trkpt lat="41.119223004207015" lon="42.826941730454564">
        <ele>1826.1999999999998</ele>
        <time>2025-06-27T09:14:07</time>
      </trkpt>
      <trkpt lat="41.1190873850137" lon="42.82740097492933">
        <ele>1824.8000000000002</ele>
        <time>2025-06-27T09:14:11</time>
      </trkpt>
      <trkpt lat="41.11898579634726" lon="42.827743627130985">
        <ele>1823.6</ele>
        <time>2025-06-27T09:14:14</time>
      </trkpt>
      <trkpt lat="41.1188524402678" lon="42.828189795836806">
        <ele>1822.1999999999998</ele>
        <time>2025-06-27T09:14:18</time>
      </trkpt>
      <trkpt lat="41.118757389485836" lon="42.82850579358637">
        <ele>1821.0</ele>
        <time>2025-06-27T09:14:21</time>
      </trkpt>
      <trkpt lat="41.11872696317732" lon="42.828607466071844">
        <ele>1820.8000000000002</ele>
        <time>2025-06-27T09:14:22</time>
      </trkpt>
      <trkpt lat="41.11861037090421" lon="42.82899001613259">
        <ele>1820.0</ele>
        <time>2025-06-27T09:14:26</time>
      </trkpt>
      <trkpt lat="41.1185329221189" lon="42.82925186678767">
        <ele>1819.4</ele>
        <time>2025-06-27T09:14:29</time>
      </trkpt>
      <trkpt lat="41.11833888106048" lon="42.82988243736327">
        <ele>1819.1999999999998</ele>
        <time>2025-06-27T09:14:37</time>
      </trkpt>
      <trkpt lat="41.11829102039337" lon="42.83003414981067">
        <ele>1819.0</ele>
        <time>2025-06-27T09:14:39</time>
      </trkpt>
      <trkpt lat="41.1181703209877" lon="42.83037663437426">
        <ele>1818.8000000000002</ele>
        <time>2025-06-27T09:14:44</time>
      </trkpt>
      <trkpt lat="41.11800754442811" lon="42.83069011755288">
        <ele>1819.4</ele>
        <time>2025-06-27T09:14:50</time>
      </trkpt>
      <trkpt lat="41.11790587194264" lon="42.83101332373917">
        <ele>1820.4</ele>
        <time>2025-06-27T09:14:57</time>
      </trkpt>
      <trkpt lat="41.11783454194665" lon="42.83125950023532">
        <ele>1821.6</ele>
        <time>2025-06-27T09:15:03</time>
      </trkpt>
      <trkpt lat="41.11777536571026" lon="42.831456642597914">
        <ele>1822.1999999999998</ele>
        <time>2025-06-27T09:15:08</time>
      </trkpt>
      <trkpt lat="41.11772742122412" lon="42.83161413855851">
        <ele>1822.6</ele>
        <time>2025-06-27T09:15:12</time>
      </trkpt>
      <trkpt lat="41.11766690388322" lon="42.83180935308337">
        <ele>1823.1999999999998</ele>
        <time>2025-06-27T09:15:17</time>
      </trkpt>
      <trkpt lat="41.11762893386185" lon="42.83192024566233">
        <ele>1823.6</ele>
        <time>2025-06-27T09:15:20</time>
      </trkpt>
      <trkpt lat="41.11757369711995" lon="42.832096852362156">
        <ele>1824.1999999999998</ele>
        <time>2025-06-27T09:15:25</time>
      </trkpt>
      <trkpt lat="41.117553329095244" lon="42.83215912990272">
        <ele>1824.6</ele>
        <time>2025-06-27T09:15:27</time>
      </trkpt>
      <trkpt lat="41.1175212264061" lon="42.832245798781514">
        <ele>1825.1999999999998</ele>
        <time>2025-06-27T09:15:30</time>
      </trkpt>
      <trkpt lat="41.117489375174046" lon="42.832335736602545">
        <ele>1825.8000000000002</ele>
        <time>2025-06-27T09:15:33</time>
      </trkpt>
      <trkpt lat="41.117469845339656" lon="42.83239935524762">
        <ele>1825.8000000000002</ele>
        <time>2025-06-27T09:15:35</time>
      </trkpt>
      <trkpt lat="41.11739918589592" lon="42.832643603906035">
        <ele>1826.8000000000002</ele>
        <time>2025-06-27T09:15:42</time>
      </trkpt>
      <trkpt lat="41.117390217259526" lon="42.83267755061388">
        <ele>1827.0</ele>
        <time>2025-06-27T09:15:43</time>
      </trkpt>
      <trkpt lat="41.117309080436826" lon="42.83294334076345">
        <ele>1827.4</ele>
        <time>2025-06-27T09:15:51</time>
      </trkpt>
      <trkpt lat="41.117276810109615" lon="42.83304367214441">
        <ele>1827.8000000000002</ele>
        <time>2025-06-27T09:15:54</time>
      </trkpt>
      <trkpt lat="41.11721780151129" lon="42.833202593028545">
        <ele>1828.1999999999998</ele>
        <time>2025-06-27T09:15:59</time>
      </trkpt>
      <trkpt lat="41.11714110709727" lon="42.83338364213705">
        <ele>1828.8000000000002</ele>
        <time>2025-06-27T09:16:06</time>
      </trkpt>
      <trkpt lat="41.11712995916605" lon="42.83340803347528">
        <ele>1829.0</ele>
        <time>2025-06-27T09:16:07</time>
      </trkpt>
      <trkpt lat="41.117070531472564" lon="42.833560248836875">
        <ele>1830.0</ele>
        <time>2025-06-27T09:16:13</time>
      </trkpt>
      <trkpt lat="41.117037339136004" lon="42.83366493880749">
        <ele>1830.4</ele>
        <time>2025-06-27T09:16:17</time>
      </trkpt>
      <trkpt lat="41.1169736366719" lon="42.83386769704521">
        <ele>1831.1999999999998</ele>
        <time>2025-06-27T09:16:25</time>
      </trkpt>
      <trkpt lat="41.116964500397444" lon="42.833888651803136">
        <ele>1831.1999999999998</ele>
        <time>2025-06-27T09:16:26</time>
      </trkpt>
      <trkpt lat="41.11693407408893" lon="42.83395394682884">
        <ele>1831.8000000000002</ele>
        <time>2025-06-27T09:16:32</time>
      </trkpt>
      <trkpt lat="41.11693482846022" lon="42.83395327627659">
        <ele>1832.1999999999998</ele>
        <time>2025-06-27T09:16:36</time>
      </trkpt>
      <trkpt lat="41.116934241726995" lon="42.83395377919078">
        <ele>1832.8000000000002</ele>
        <time>2025-06-27T09:16:50</time>
      </trkpt>
      <trkpt lat="41.11691094003618" lon="42.8340132907033">
        <ele>1832.8000000000002</ele>
        <time>2025-06-27T09:16:54</time>
      </trkpt>
      <trkpt lat="41.116879507899284" lon="42.834126614034176">
        <ele>1832.8000000000002</ele>
        <time>2025-06-27T09:16:58</time>
      </trkpt>
      <trkpt lat="41.116833072155714" lon="42.83429894596338">
        <ele>1833.0</ele>
        <time>2025-06-27T09:17:04</time>
      </trkpt>
      <trkpt lat="41.11682846210897" lon="42.83432719297707">
        <ele>1833.1999999999998</ele>
        <time>2025-06-27T09:17:05</time>
      </trkpt>
      <trkpt lat="41.11678143963218" lon="42.83449659124017">
        <ele>1834.1999999999998</ele>
        <time>2025-06-27T09:17:11</time>
      </trkpt>
      <trkpt lat="41.116761825978756" lon="42.83454990014434">
        <ele>1834.1999999999998</ele>
        <time>2025-06-27T09:17:13</time>
      </trkpt>
      <trkpt lat="41.116715893149376" lon="42.834690464660525">
        <ele>1835.4</ele>
        <time>2025-06-27T09:17:18</time>
      </trkpt>
      <trkpt lat="41.116678258404136" lon="42.834803871810436">
        <ele>1835.8000000000002</ele>
        <time>2025-06-27T09:17:22</time>
      </trkpt>
      <trkpt lat="41.116646910086274" lon="42.83494368195534">
        <ele>1836.4</ele>
        <time>2025-06-27T09:17:27</time>
      </trkpt>
      <trkpt lat="41.11664582043886" lon="42.83500486984849">
        <ele>1836.4</ele>
        <time>2025-06-27T09:17:29</time>
      </trkpt>
      <trkpt lat="41.11670725978911" lon="42.83511710353196">
        <ele>1837.1999999999998</ele>
        <time>2025-06-27T09:17:33</time>
      </trkpt>
      <trkpt lat="41.11686802469194" lon="42.83518088981509">
        <ele>1837.4</ele>
        <time>2025-06-27T09:17:38</time>
      </trkpt>
      <trkpt lat="41.11713834106922" lon="42.835251381620765">
        <ele>1837.4</ele>
        <time>2025-06-27T09:17:44</time>
      </trkpt>
      <trkpt lat="41.11749608069658" lon="42.835404267534614">
        <ele>1837.0</ele>
        <time>2025-06-27T09:17:50</time>
      </trkpt>
      <trkpt lat="41.11793680116534" lon="42.835624208673835">
        <ele>1835.1999999999998</ele>
        <time>2025-06-27T09:17:56</time>
      </trkpt>
      <trkpt lat="41.118169063702226" lon="42.83573308959603">
        <ele>1833.6</ele>
        <time>2025-06-27T09:17:59</time>
      </trkpt>
      <trkpt lat="41.11824751831591" lon="42.835770305246115">
        <ele>1832.6</ele>
        <time>2025-06-27T09:18:00</time>
      </trkpt>
      <trkpt lat="41.11871019937098" lon="42.83602947369218">
        <ele>1831.6</ele>
        <time>2025-06-27T09:18:06</time>
      </trkpt>
      <trkpt lat="41.11893005669117" lon="42.836184706538916">
        <ele>1830.6</ele>
        <time>2025-06-27T09:18:09</time>
      </trkpt>
      <trkpt lat="41.11914153210819" lon="42.83635008148849">
        <ele>1829.4</ele>
        <time>2025-06-27T09:18:12</time>
      </trkpt>
      <trkpt lat="41.11927648074925" lon="42.836470948532224">
        <ele>1828.6</ele>
        <time>2025-06-27T09:18:14</time>
      </trkpt>
      <trkpt lat="41.11934345215559" lon="42.83653180114925">
        <ele>1828.4</ele>
        <time>2025-06-27T09:18:15</time>
      </trkpt>
      <trkpt lat="41.11961024813354" lon="42.836766578257084">
        <ele>1827.1999999999998</ele>
        <time>2025-06-27T09:18:19</time>
      </trkpt>
      <trkpt lat="41.11987117677927" lon="42.836994817480445">
        <ele>1826.0</ele>
        <time>2025-06-27T09:18:23</time>
      </trkpt>
      <trkpt lat="41.11993630416691" lon="42.83705114386976">
        <ele>1825.8000000000002</ele>
        <time>2025-06-27T09:18:24</time>
      </trkpt>
      <trkpt lat="41.120192371308804" lon="42.837282065302134">
        <ele>1824.8000000000002</ele>
        <time>2025-06-27T09:18:28</time>
      </trkpt>
      <trkpt lat="41.1204532161355" lon="42.8375082090497">
        <ele>1823.6</ele>
        <time>2025-06-27T09:18:32</time>
      </trkpt>
      <trkpt lat="41.12058263272047" lon="42.83762597478926">
        <ele>1822.8000000000002</ele>
        <time>2025-06-27T09:18:34</time>
      </trkpt>
      <trkpt lat="41.12064767628908" lon="42.83768489956856">
        <ele>1822.4</ele>
        <time>2025-06-27T09:18:35</time>
      </trkpt>
      <trkpt lat="41.12104933708906" lon="42.83804113045335">
        <ele>1821.4</ele>
        <time>2025-06-27T09:18:41</time>
      </trkpt>
      <trkpt lat="41.12132183276117" lon="42.83828646875918">
        <ele>1820.6</ele>
        <time>2025-06-27T09:18:45</time>
      </trkpt>
      <trkpt lat="41.12139123491943" lon="42.83834799192846">
        <ele>1820.1999999999998</ele>
        <time>2025-06-27T09:18:46</time>
      </trkpt>
      <trkpt lat="41.12160271033645" lon="42.838538344949484">
        <ele>1819.1999999999998</ele>
        <time>2025-06-27T09:18:49</time>
      </trkpt>
      <trkpt lat="41.121891466900706" lon="42.83880103379488">
        <ele>1817.6</ele>
        <time>2025-06-27T09:18:53</time>
      </trkpt>
      <trkpt lat="41.122039491310716" lon="42.838933216407895">
        <ele>1817.4</ele>
        <time>2025-06-27T09:18:55</time>
      </trkpt>
      <trkpt lat="41.122189946472645" lon="42.8390643093735">
        <ele>1816.1999999999998</ele>
        <time>2025-06-27T09:18:57</time>
      </trkpt>
      <trkpt lat="41.122496305033565" lon="42.83934007398784">
        <ele>1814.8000000000002</ele>
        <time>2025-06-27T09:19:01</time>
      </trkpt>
      <trkpt lat="41.122818840667605" lon="42.83962296321988">
        <ele>1814.1999999999998</ele>
        <time>2025-06-27T09:19:05</time>
      </trkpt>
      <trkpt lat="41.12290165387094" lon="42.83969521522522">
        <ele>1813.6</ele>
        <time>2025-06-27T09:19:06</time>
      </trkpt>
      <trkpt lat="41.1231542006135" lon="42.83992437645793">
        <ele>1812.1999999999998</ele>
        <time>2025-06-27T09:19:09</time>
      </trkpt>
      <trkpt lat="41.12341672182083" lon="42.84015496261418">
        <ele>1811.1999999999998</ele>
        <time>2025-06-27T09:19:12</time>
      </trkpt>
      <trkpt lat="41.123503809794784" lon="42.840233417227864">
        <ele>1810.8000000000002</ele>
        <time>2025-06-27T09:19:13</time>
      </trkpt>
      <trkpt lat="41.12376859411597" lon="42.84046878106892">
        <ele>1810.0</ele>
        <time>2025-06-27T09:19:16</time>
      </trkpt>
      <trkpt lat="41.12412675283849" lon="42.84078477881849">
        <ele>1808.6</ele>
        <time>2025-06-27T09:19:20</time>
      </trkpt>
      <trkpt lat="41.12439279444516" lon="42.8410260938108">
        <ele>1807.4</ele>
        <time>2025-06-27T09:19:23</time>
      </trkpt>
      <trkpt lat="41.12456789240241" lon="42.84118928946555">
        <ele>1806.4</ele>
        <time>2025-06-27T09:19:25</time>
      </trkpt>
      <trkpt lat="41.12465523183346" lon="42.84127168357372">
        <ele>1805.6</ele>
        <time>2025-06-27T09:19:26</time>
      </trkpt>
      <trkpt lat="41.124742990359664" lon="42.841353910043836">
        <ele>1805.1999999999998</ele>
        <time>2025-06-27T09:19:27</time>
      </trkpt>
      <trkpt lat="41.125012217089534" lon="42.8415940515697">
        <ele>1803.8000000000002</ele>
        <time>2025-06-27T09:19:30</time>
      </trkpt>
      <trkpt lat="41.12528094090521" lon="42.84183234907687">
        <ele>1802.4</ele>
        <time>2025-06-27T09:19:33</time>
      </trkpt>
      <trkpt lat="41.12554647959769" lon="42.84206570126116">
        <ele>1801.8000000000002</ele>
        <time>2025-06-27T09:19:36</time>
      </trkpt>
      <trkpt lat="41.125721242278814" lon="42.8422174975276">
        <ele>1801.1999999999998</ele>
        <time>2025-06-27T09:19:38</time>
      </trkpt>
      <trkpt lat="41.125893238931894" lon="42.84236753359437">
        <ele>1800.1999999999998</ele>
        <time>2025-06-27T09:19:40</time>
      </trkpt>
      <trkpt lat="41.12615291029215" lon="42.842593593522906">
        <ele>1798.8000000000002</ele>
        <time>2025-06-27T09:19:43</time>
      </trkpt>
      <trkpt lat="41.12632448785007" lon="42.842744970694184">
        <ele>1798.1999999999998</ele>
        <time>2025-06-27T09:19:45</time>
      </trkpt>
      <trkpt lat="41.12641006708145" lon="42.84282040782273">
        <ele>1798.0</ele>
        <time>2025-06-27T09:19:46</time>
      </trkpt>
      <trkpt lat="41.12649514339864" lon="42.84289626404643">
        <ele>1797.6</ele>
        <time>2025-06-27T09:19:47</time>
      </trkpt>
      <trkpt lat="41.12675121054053" lon="42.843125592917204">
        <ele>1796.4</ele>
        <time>2025-06-27T09:19:50</time>
      </trkpt>
      <trkpt lat="41.127008870244026" lon="42.8433520719409">
        <ele>1795.4</ele>
        <time>2025-06-27T09:19:53</time>
      </trkpt>
      <trkpt lat="41.127264853566885" lon="42.84357771277428">
        <ele>1794.1999999999998</ele>
        <time>2025-06-27T09:19:56</time>
      </trkpt>
      <trkpt lat="41.12743064761162" lon="42.8437284193933">
        <ele>1793.4</ele>
        <time>2025-06-27T09:19:58</time>
      </trkpt>
      <trkpt lat="41.12751346081495" lon="42.843802347779274">
        <ele>1792.8000000000002</ele>
        <time>2025-06-27T09:19:59</time>
      </trkpt>
      <trkpt lat="41.12767791375518" lon="42.84395104274154">
        <ele>1791.8000000000002</ele>
        <time>2025-06-27T09:20:01</time>
      </trkpt>
      <trkpt lat="41.12792467698455" lon="42.84417098388076">
        <ele>1790.8000000000002</ele>
        <time>2025-06-27T09:20:04</time>
      </trkpt>
      <trkpt lat="41.128166913986206" lon="42.84438933245838">
        <ele>1789.4</ele>
        <time>2025-06-27T09:20:07</time>
      </trkpt>
      <trkpt lat="41.128327678889036" lon="42.84453408792615">
        <ele>1788.4</ele>
        <time>2025-06-27T09:20:09</time>
      </trkpt>
      <trkpt lat="41.12840806134045" lon="42.84460642375052">
        <ele>1788.0</ele>
        <time>2025-06-27T09:20:10</time>
      </trkpt>
      <trkpt lat="41.12873160280287" lon="42.84489484503865">
        <ele>1787.0</ele>
        <time>2025-06-27T09:20:14</time>
      </trkpt>
      <trkpt lat="41.12897568382323" lon="42.84511025995016">
        <ele>1786.0</ele>
        <time>2025-06-27T09:20:17</time>
      </trkpt>
      <trkpt lat="41.12921423278749" lon="42.84532433375716">
        <ele>1785.0</ele>
        <time>2025-06-27T09:20:20</time>
      </trkpt>
      <trkpt lat="41.12945320084691" lon="42.84553790464997">
        <ele>1783.6</ele>
        <time>2025-06-27T09:20:23</time>
      </trkpt>
      <trkpt lat="41.12969459965825" lon="42.845753990113735">
        <ele>1782.1999999999998</ele>
        <time>2025-06-27T09:20:26</time>
      </trkpt>
      <trkpt lat="41.12993884831667" lon="42.84596286714077">
        <ele>1780.6</ele>
        <time>2025-06-27T09:20:29</time>
      </trkpt>
      <trkpt lat="41.13017974421382" lon="42.84618314355612">
        <ele>1779.4</ele>
        <time>2025-06-27T09:20:32</time>
      </trkpt>
      <trkpt lat="41.13050856627524" lon="42.846484975889325">
        <ele>1778.4</ele>
        <time>2025-06-27T09:20:36</time>
      </trkpt>
      <trkpt lat="41.13075440749526" lon="42.84672595560551">
        <ele>1777.0</ele>
        <time>2025-06-27T09:20:39</time>
      </trkpt>
      <trkpt lat="41.130914920940995" lon="42.846893761307">
        <ele>1776.1999999999998</ele>
        <time>2025-06-27T09:20:41</time>
      </trkpt>
      <trkpt lat="41.13099287264049" lon="42.84697934053838">
        <ele>1775.8000000000002</ele>
        <time>2025-06-27T09:20:42</time>
      </trkpt>
      <trkpt lat="41.13122404552996" lon="42.84723465330899">
        <ele>1774.6</ele>
        <time>2025-06-27T09:20:45</time>
      </trkpt>
      <trkpt lat="41.131448009982705" lon="42.84750153310597">
        <ele>1773.1999999999998</ele>
        <time>2025-06-27T09:20:48</time>
      </trkpt>
      <trkpt lat="41.131669795140624" lon="42.84777721390128">
        <ele>1772.0</ele>
        <time>2025-06-27T09:20:51</time>
      </trkpt>
      <trkpt lat="41.1318145506084" lon="42.84796580672264">
        <ele>1771.0</ele>
        <time>2025-06-27T09:20:53</time>
      </trkpt>
      <trkpt lat="41.13209358416498" lon="42.848348608240485">
        <ele>1769.6</ele>
        <time>2025-06-27T09:20:57</time>
      </trkpt>
      <trkpt lat="41.132223419845104" lon="42.848545582965016">
        <ele>1769.0</ele>
        <time>2025-06-27T09:20:59</time>
      </trkpt>
      <trkpt lat="41.13228863105178" lon="42.848642813041806">
        <ele>1768.6</ele>
        <time>2025-06-27T09:21:00</time>
      </trkpt>
      <trkpt lat="41.13247940316796" lon="42.84893768839538">
        <ele>1767.4</ele>
        <time>2025-06-27T09:21:03</time>
      </trkpt>
      <trkpt lat="41.13266154192388" lon="42.84923465922475">
        <ele>1766.0</ele>
        <time>2025-06-27T09:21:06</time>
      </trkpt>
      <trkpt lat="41.132778134197" lon="42.84943213686347">
        <ele>1765.1999999999998</ele>
        <time>2025-06-27T09:21:08</time>
      </trkpt>
      <trkpt lat="41.132836220785975" lon="42.84952928312123">
        <ele>1764.8000000000002</ele>
        <time>2025-06-27T09:21:09</time>
      </trkpt>
      <trkpt lat="41.13306228071451" lon="42.84991258755326">
        <ele>1763.6</ele>
        <time>2025-06-27T09:21:13</time>
      </trkpt>
      <trkpt lat="41.133171916007996" lon="42.8501024376601">
        <ele>1762.6</ele>
        <time>2025-06-27T09:21:15</time>
      </trkpt>
      <trkpt lat="41.13333536311984" lon="42.85038155503571">
        <ele>1761.6</ele>
        <time>2025-06-27T09:21:18</time>
      </trkpt>
      <trkpt lat="41.13338959403336" lon="42.85047342069447">
        <ele>1761.1999999999998</ele>
        <time>2025-06-27T09:21:19</time>
      </trkpt>
      <trkpt lat="41.13349755294621" lon="42.85065530799329">
        <ele>1760.4</ele>
        <time>2025-06-27T09:21:21</time>
      </trkpt>
      <trkpt lat="41.13365831784904" lon="42.850924115628004">
        <ele>1759.4</ele>
        <time>2025-06-27T09:21:24</time>
      </trkpt>
      <trkpt lat="41.133864261209965" lon="42.85128830932081">
        <ele>1758.1999999999998</ele>
        <time>2025-06-27T09:21:28</time>
      </trkpt>
      <trkpt lat="41.134007424116135" lon="42.85157396458089">
        <ele>1757.4</ele>
        <time>2025-06-27T09:21:31</time>
      </trkpt>
      <trkpt lat="41.1341405287385" lon="42.85187194123864">
        <ele>1756.1999999999998</ele>
        <time>2025-06-27T09:21:34</time>
      </trkpt>
      <trkpt lat="41.134221497923136" lon="42.852076292037964">
        <ele>1755.6</ele>
        <time>2025-06-27T09:21:36</time>
      </trkpt>
      <trkpt lat="41.13425930030644" lon="42.85217980854213">
        <ele>1755.1999999999998</ele>
        <time>2025-06-27T09:21:37</time>
      </trkpt>
      <trkpt lat="41.134395925328135" lon="42.85259194672108">
        <ele>1754.0</ele>
        <time>2025-06-27T09:21:41</time>
      </trkpt>
      <trkpt lat="41.134479911997914" lon="42.852893024683">
        <ele>1753.4</ele>
        <time>2025-06-27T09:21:44</time>
      </trkpt>
      <trkpt lat="41.13455157727003" lon="42.85318328998983">
        <ele>1752.8000000000002</ele>
        <time>2025-06-27T09:21:47</time>
      </trkpt>
      <trkpt lat="41.13461712375283" lon="42.853547064587474">
        <ele>1752.4</ele>
        <time>2025-06-27T09:21:51</time>
      </trkpt>
      <trkpt lat="41.13464092835784" lon="42.85372409038246">
        <ele>1751.8000000000002</ele>
        <time>2025-06-27T09:21:53</time>
      </trkpt>
      <trkpt lat="41.13469264470041" lon="42.85423689521849">
        <ele>1751.0</ele>
        <time>2025-06-27T09:21:59</time>
      </trkpt>
      <trkpt lat="41.13470630720258" lon="42.854552725329995">
        <ele>1750.8000000000002</ele>
        <time>2025-06-27T09:22:03</time>
      </trkpt>
      <trkpt lat="41.13471334800124" lon="42.85492295399308">
        <ele>1751.0</ele>
        <time>2025-06-27T09:22:08</time>
      </trkpt>
      <trkpt lat="41.134691471233964" lon="42.85545411519706">
        <ele>1751.0</ele>
        <time>2025-06-27T09:22:16</time>
      </trkpt>
      <trkpt lat="41.134654926136136" lon="42.85590464249253">
        <ele>1751.1999999999998</ele>
        <time>2025-06-27T09:22:24</time>
      </trkpt>
      <trkpt lat="41.134588373824954" lon="42.856317199766636">
        <ele>1752.1999999999998</ele>
        <time>2025-06-27T09:22:33</time>
      </trkpt>
      <trkpt lat="41.13458141684532" lon="42.856359109282494">
        <ele>1752.1999999999998</ele>
        <time>2025-06-27T09:22:34</time>
      </trkpt>
      <trkpt lat="41.134508326649666" lon="42.85670201294124">
        <ele>1753.6</ele>
        <time>2025-06-27T09:22:42</time>
      </trkpt>
      <trkpt lat="41.13449692726135" lon="42.856741826981306">
        <ele>1754.0</ele>
        <time>2025-06-27T09:22:43</time>
      </trkpt>
      <trkpt lat="41.13441218622029" lon="42.857027649879456">
        <ele>1754.6</ele>
        <time>2025-06-27T09:22:51</time>
      </trkpt>
      <trkpt lat="41.134322667494416" lon="42.85730349831283">
        <ele>1755.1999999999998</ele>
        <time>2025-06-27T09:22:59</time>
      </trkpt>
      <trkpt lat="41.13428411073983" lon="42.8574035782367">
        <ele>1756.0</ele>
        <time>2025-06-27T09:23:02</time>
      </trkpt>
      <trkpt lat="41.13421403802931" lon="42.85760398954153">
        <ele>1757.0</ele>
        <time>2025-06-27T09:23:08</time>
      </trkpt>
      <trkpt lat="41.13420205190778" lon="42.85763961263001">
        <ele>1757.1999999999998</ele>
        <time>2025-06-27T09:23:09</time>
      </trkpt>
      <trkpt lat="41.1341492459178" lon="42.85777556709945">
        <ele>1758.1999999999998</ele>
        <time>2025-06-27T09:23:13</time>
      </trkpt>
      <trkpt lat="41.13409476354718" lon="42.85791068337858">
        <ele>1758.6</ele>
        <time>2025-06-27T09:23:17</time>
      </trkpt>
      <trkpt lat="41.13403122872114" lon="42.85807731561363">
        <ele>1759.1999999999998</ele>
        <time>2025-06-27T09:23:22</time>
      </trkpt>
      <trkpt lat="41.133982026949525" lon="42.85820731893182">
        <ele>1760.0</ele>
        <time>2025-06-27T09:23:26</time>
      </trkpt>
      <trkpt lat="41.133892592042685" lon="42.858435809612274">
        <ele>1760.6</ele>
        <time>2025-06-27T09:23:33</time>
      </trkpt>
      <trkpt lat="41.13376082852483" lon="42.858759770169854">
        <ele>1761.6</ele>
        <time>2025-06-27T09:23:43</time>
      </trkpt>
      <trkpt lat="41.13374775275588" lon="42.858793046325445">
        <ele>1761.6</ele>
        <time>2025-06-27T09:23:44</time>
      </trkpt>
      <trkpt lat="41.133631244301796" lon="42.85907912068069">
        <ele>1762.4</ele>
        <time>2025-06-27T09:23:53</time>
      </trkpt>
      <trkpt lat="41.13357827067375" lon="42.85920820198953">
        <ele>1762.8000000000002</ele>
        <time>2025-06-27T09:23:57</time>
      </trkpt>
      <trkpt lat="41.133518256247044" lon="42.85936460830271">
        <ele>1763.4</ele>
        <time>2025-06-27T09:24:02</time>
      </trkpt>
      <trkpt lat="41.13348280079663" lon="42.85946108400822">
        <ele>1764.0</ele>
        <time>2025-06-27T09:24:05</time>
      </trkpt>
      <trkpt lat="41.133396131917834" lon="42.85967658273876">
        <ele>1765.0</ele>
        <time>2025-06-27T09:24:12</time>
      </trkpt>
      <trkpt lat="41.133258333429694" lon="42.860023844987154">
        <ele>1766.4</ele>
        <time>2025-06-27T09:24:23</time>
      </trkpt>
      <trkpt lat="41.13313319161534" lon="42.86033204756677">
        <ele>1767.4</ele>
        <time>2025-06-27T09:24:33</time>
      </trkpt>
      <trkpt lat="41.133120534941554" lon="42.86036339588463">
        <ele>1767.6</ele>
        <time>2025-06-27T09:24:34</time>
      </trkpt>
      <trkpt lat="41.133043840527534" lon="42.86055316217244">
        <ele>1768.6</ele>
        <time>2025-06-27T09:24:40</time>
      </trkpt>
      <trkpt lat="41.13300788216293" lon="42.86065072752535">
        <ele>1768.8000000000002</ele>
        <time>2025-06-27T09:24:43</time>
      </trkpt>
      <trkpt lat="41.13289648666978" lon="42.860936215147376">
        <ele>1769.6</ele>
        <time>2025-06-27T09:24:52</time>
      </trkpt>
      <trkpt lat="41.13287125714123" lon="42.860996816307306">
        <ele>1769.8000000000002</ele>
        <time>2025-06-27T09:24:54</time>
      </trkpt>
      <trkpt lat="41.13278576172888" lon="42.861213656142354">
        <ele>1770.6</ele>
        <time>2025-06-27T09:25:01</time>
      </trkpt>
      <trkpt lat="41.13277302123606" lon="42.86124458536506">
        <ele>1770.8000000000002</ele>
        <time>2025-06-27T09:25:02</time>
      </trkpt>
      <trkpt lat="41.13266950473189" lon="42.86150970496237">
        <ele>1771.6</ele>
        <time>2025-06-27T09:25:10</time>
      </trkpt>
      <trkpt lat="41.132631031796336" lon="42.861612467095256">
        <ele>1771.8000000000002</ele>
        <time>2025-06-27T09:25:13</time>
      </trkpt>
      <trkpt lat="41.132552744820714" lon="42.86181455478072">
        <ele>1772.6</ele>
        <time>2025-06-27T09:25:19</time>
      </trkpt>
      <trkpt lat="41.13251402042806" lon="42.86191136576235">
        <ele>1773.1999999999998</ele>
        <time>2025-06-27T09:25:22</time>
      </trkpt>
      <trkpt lat="41.132451659068465" lon="42.862078081816435">
        <ele>1774.0</ele>
        <time>2025-06-27T09:25:27</time>
      </trkpt>
      <trkpt lat="41.13238351419568" lon="42.862245133146644">
        <ele>1774.8000000000002</ele>
        <time>2025-06-27T09:25:32</time>
      </trkpt>
      <trkpt lat="41.13232978619635" lon="42.86237949505448">
        <ele>1775.4</ele>
        <time>2025-06-27T09:25:36</time>
      </trkpt>
      <trkpt lat="41.13225267268717" lon="42.86257772706449">
        <ele>1776.4</ele>
        <time>2025-06-27T09:25:42</time>
      </trkpt>
      <trkpt lat="41.13222903572023" lon="42.86264520138502">
        <ele>1776.6</ele>
        <time>2025-06-27T09:25:44</time>
      </trkpt>
      <trkpt lat="41.13211168907583" lon="42.862933706492186">
        <ele>1777.6</ele>
        <time>2025-06-27T09:25:53</time>
      </trkpt>
      <trkpt lat="41.13198042847216" lon="42.86326386965811">
        <ele>1778.6</ele>
        <time>2025-06-27T09:26:03</time>
      </trkpt>
      <trkpt lat="41.13196668215096" lon="42.8632973972708">
        <ele>1778.8000000000002</ele>
        <time>2025-06-27T09:26:04</time>
      </trkpt>
      <trkpt lat="41.13186023198068" lon="42.863567881286144">
        <ele>1779.8000000000002</ele>
        <time>2025-06-27T09:26:12</time>
      </trkpt>
      <trkpt lat="41.13184665329754" lon="42.86360073834658">
        <ele>1780.0</ele>
        <time>2025-06-27T09:26:13</time>
      </trkpt>
      <trkpt lat="41.13174380734563" lon="42.863864935934544">
        <ele>1780.8000000000002</ele>
        <time>2025-06-27T09:26:21</time>
      </trkpt>
      <trkpt lat="41.13171715289354" lon="42.8639329969883">
        <ele>1781.0</ele>
        <time>2025-06-27T09:26:23</time>
      </trkpt>
      <trkpt lat="41.1316623352468" lon="42.86406786181033">
        <ele>1782.0</ele>
        <time>2025-06-27T09:26:27</time>
      </trkpt>
      <trkpt lat="41.13159812986851" lon="42.86423910409212">
        <ele>1783.0</ele>
        <time>2025-06-27T09:26:32</time>
      </trkpt>
      <trkpt lat="41.1315846350044" lon="42.864273469895124">
        <ele>1783.1999999999998</ele>
        <time>2025-06-27T09:26:33</time>
      </trkpt>
      <trkpt lat="41.131438286975026" lon="42.86464068107307">
        <ele>1784.1999999999998</ele>
        <time>2025-06-27T09:26:44</time>
      </trkpt>
      <trkpt lat="41.13131431862712" lon="42.86493698135018">
        <ele>1785.1999999999998</ele>
        <time>2025-06-27T09:26:53</time>
      </trkpt>
      <trkpt lat="41.131298057734966" lon="42.86496992222965">
        <ele>1785.4</ele>
        <time>2025-06-27T09:26:54</time>
      </trkpt>
      <trkpt lat="41.131198313087225" lon="42.8652021009475">
        <ele>1786.6</ele>
        <time>2025-06-27T09:27:01</time>
      </trkpt>
      <trkpt lat="41.13118356093764" lon="42.86523428745568">
        <ele>1786.8000000000002</ele>
        <time>2025-06-27T09:27:02</time>
      </trkpt>
      <trkpt lat="41.13104014657438" lon="42.865520445629954">
        <ele>1787.8000000000002</ele>
        <time>2025-06-27T09:27:11</time>
      </trkpt>
      <trkpt lat="41.131023885682225" lon="42.86555313505232">
        <ele>1788.0</ele>
        <time>2025-06-27T09:27:12</time>
      </trkpt>
      <trkpt lat="41.13091332837939" lon="42.86578983999789">
        <ele>1788.8000000000002</ele>
        <time>2025-06-27T09:27:19</time>
      </trkpt>
      <trkpt lat="41.130806375294924" lon="42.866021851077676">
        <ele>1789.4</ele>
        <time>2025-06-27T09:27:26</time>
      </trkpt>
      <trkpt lat="41.13079003058374" lon="42.866054121404886">
        <ele>1789.4</ele>
        <time>2025-06-27T09:27:27</time>
      </trkpt>
      <trkpt lat="41.13075734116137" lon="42.86611723713577">
        <ele>1790.0</ele>
        <time>2025-06-27T09:27:29</time>
      </trkpt>
      <trkpt lat="41.130659775808454" lon="42.86634765565395">
        <ele>1790.8000000000002</ele>
        <time>2025-06-27T09:27:36</time>
      </trkpt>
      <trkpt lat="41.13063077442348" lon="42.866413202136755">
        <ele>1791.1999999999998</ele>
        <time>2025-06-27T09:27:38</time>
      </trkpt>
      <trkpt lat="41.130543015897274" lon="42.86664831452072">
        <ele>1792.1999999999998</ele>
        <time>2025-06-27T09:27:45</time>
      </trkpt>
      <trkpt lat="41.1304225679487" lon="42.867001444101334">
        <ele>1793.4</ele>
        <time>2025-06-27T09:27:55</time>
      </trkpt>
      <trkpt lat="41.13041024655104" lon="42.86703807301819">
        <ele>1793.6</ele>
        <time>2025-06-27T09:27:56</time>
      </trkpt>
      <trkpt lat="41.13031754270196" lon="42.86732917651534">
        <ele>1794.6</ele>
        <time>2025-06-27T09:28:04</time>
      </trkpt>
      <trkpt lat="41.130295749753714" lon="42.867402266711">
        <ele>1794.6</ele>
        <time>2025-06-27T09:28:06</time>
      </trkpt>
      <trkpt lat="41.13018904812634" lon="42.86774190142751">
        <ele>1795.4</ele>
        <time>2025-06-27T09:28:15</time>
      </trkpt>
      <trkpt lat="41.130176559090614" lon="42.867779955267906">
        <ele>1795.6</ele>
        <time>2025-06-27T09:28:16</time>
      </trkpt>
      <trkpt lat="41.130082262679935" lon="42.86804499104619">
        <ele>1796.4</ele>
        <time>2025-06-27T09:28:23</time>
      </trkpt>
      <trkpt lat="41.13003892824054" lon="42.868160577490926">
        <ele>1796.6</ele>
        <time>2025-06-27T09:28:26</time>
      </trkpt>
      <trkpt lat="41.12993490882218" lon="42.86843332462013">
        <ele>1797.4</ele>
        <time>2025-06-27T09:28:33</time>
      </trkpt>
      <trkpt lat="41.12979266792536" lon="42.86879542283714">
        <ele>1797.8000000000002</ele>
        <time>2025-06-27T09:28:42</time>
      </trkpt>
      <trkpt lat="41.129762241616845" lon="42.868875889107585">
        <ele>1798.0</ele>
        <time>2025-06-27T09:28:44</time>
      </trkpt>
      <trkpt lat="41.129640033468604" lon="42.86919130012393">
        <ele>1798.8000000000002</ele>
        <time>2025-06-27T09:28:52</time>
      </trkpt>
      <trkpt lat="41.129624946042895" lon="42.86922994069755">
        <ele>1799.0</ele>
        <time>2025-06-27T09:28:53</time>
      </trkpt>
      <trkpt lat="41.129512544721365" lon="42.86950495094061">
        <ele>1799.1999999999998</ele>
        <time>2025-06-27T09:29:00</time>
      </trkpt>
      <trkpt lat="41.12939997576177" lon="42.86978482268751">
        <ele>1800.0</ele>
        <time>2025-06-27T09:29:07</time>
      </trkpt>
      <trkpt lat="41.12933970987797" lon="42.86993787623942">
        <ele>1800.4</ele>
        <time>2025-06-27T09:29:11</time>
      </trkpt>
      <trkpt lat="41.129215909168124" lon="42.87025781348348">
        <ele>1800.8000000000002</ele>
        <time>2025-06-27T09:29:19</time>
      </trkpt>
      <trkpt lat="41.12920140847564" lon="42.87029561586678">
        <ele>1801.0</ele>
        <time>2025-06-27T09:29:20</time>
      </trkpt>
      <trkpt lat="41.12907852977514" lon="42.87061873823404">
        <ele>1801.4</ele>
        <time>2025-06-27T09:29:28</time>
      </trkpt>
      <trkpt lat="41.12896009348333" lon="42.87099139764905">
        <ele>1801.8000000000002</ele>
        <time>2025-06-27T09:29:37</time>
      </trkpt>
      <trkpt lat="41.12887803465128" lon="42.87131234072149">
        <ele>1801.8000000000002</ele>
        <time>2025-06-27T09:29:45</time>
      </trkpt>
      <trkpt lat="41.12886772491038" lon="42.87135349586606">
        <ele>1802.0</ele>
        <time>2025-06-27T09:29:46</time>
      </trkpt>
      <trkpt lat="41.128801591694355" lon="42.871678126975894">
        <ele>1802.4</ele>
        <time>2025-06-27T09:29:54</time>
      </trkpt>
      <trkpt lat="41.128750294446945" lon="42.872059335932136">
        <ele>1802.8000000000002</ele>
        <time>2025-06-27T09:30:03</time>
      </trkpt>
      <trkpt lat="41.12871877849102" lon="42.87239176221192">
        <ele>1803.1999999999998</ele>
        <time>2025-06-27T09:30:11</time>
      </trkpt>
      <trkpt lat="41.12871274352074" lon="42.87277297116816">
        <ele>1803.1999999999998</ele>
        <time>2025-06-27T09:30:20</time>
      </trkpt>
      <trkpt lat="41.128716599196196" lon="42.87290280684829">
        <ele>1803.1999999999998</ele>
        <time>2025-06-27T09:30:23</time>
      </trkpt>
      <trkpt lat="41.12872900441289" lon="42.873146552592516">
        <ele>1803.4</ele>
        <time>2025-06-27T09:30:29</time>
      </trkpt>
      <trkpt lat="41.12877443432808" lon="42.873599929735065">
        <ele>1803.8000000000002</ele>
        <time>2025-06-27T09:30:40</time>
      </trkpt>
      <trkpt lat="41.12880687229335" lon="42.8738140873611">
        <ele>1803.8000000000002</ele>
        <time>2025-06-27T09:30:47</time>
      </trkpt>
      <trkpt lat="41.12885347567499" lon="42.8740593418479">
        <ele>1804.0</ele>
        <time>2025-06-27T09:30:55</time>
      </trkpt>
      <trkpt lat="41.128914412111044" lon="42.874326054006815">
        <ele>1804.4</ele>
        <time>2025-06-27T09:31:03</time>
      </trkpt>
      <trkpt lat="41.12898230552673" lon="42.874571392312646">
        <ele>1804.4</ele>
        <time>2025-06-27T09:31:10</time>
      </trkpt>
      <trkpt lat="41.129018096253276" lon="42.87467918358743">
        <ele>1804.6</ele>
        <time>2025-06-27T09:31:13</time>
      </trkpt>
      <trkpt lat="41.12910317257047" lon="42.87492720410228">
        <ele>1805.4</ele>
        <time>2025-06-27T09:31:20</time>
      </trkpt>
      <trkpt lat="41.12912739627063" lon="42.874995181337">
        <ele>1805.8000000000002</ele>
        <time>2025-06-27T09:31:22</time>
      </trkpt>
      <trkpt lat="41.12921121530235" lon="42.87523314356804">
        <ele>1806.6</ele>
        <time>2025-06-27T09:31:29</time>
      </trkpt>
      <trkpt lat="41.12923627719283" lon="42.87529869005084">
        <ele>1807.0</ele>
        <time>2025-06-27T09:31:31</time>
      </trkpt>
      <trkpt lat="41.12933920696378" lon="42.87559130229056">
        <ele>1807.4</ele>
        <time>2025-06-27T09:31:40</time>
      </trkpt>
      <trkpt lat="41.12937483005226" lon="42.875684509053826">
        <ele>1807.8000000000002</ele>
        <time>2025-06-27T09:31:43</time>
      </trkpt>
      <trkpt lat="41.129455799236894" lon="42.87591191008687">
        <ele>1808.4</ele>
        <time>2025-06-27T09:31:50</time>
      </trkpt>
      <trkpt lat="41.12949142232537" lon="42.87601157091558">
        <ele>1808.8000000000002</ele>
        <time>2025-06-27T09:31:53</time>
      </trkpt>
      <trkpt lat="41.12957490608096" lon="42.876233691349626">
        <ele>1809.6</ele>
        <time>2025-06-27T09:32:00</time>
      </trkpt>
      <trkpt lat="41.12960667349398" lon="42.87632865831256">
        <ele>1809.8000000000002</ele>
        <time>2025-06-27T09:32:03</time>
      </trkpt>
      <trkpt lat="41.12967062741518" lon="42.87650912068784">
        <ele>1810.1999999999998</ele>
        <time>2025-06-27T09:32:09</time>
      </trkpt>
      <trkpt lat="41.12970876507461" lon="42.87660802714527">
        <ele>1810.8000000000002</ele>
        <time>2025-06-27T09:32:13</time>
      </trkpt>
      <trkpt lat="41.12972678616643" lon="42.876655384898186">
        <ele>1811.4</ele>
        <time>2025-06-27T09:32:16</time>
      </trkpt>
      <trkpt lat="41.129759727045894" lon="42.87675336934626">
        <ele>1812.0</ele>
        <time>2025-06-27T09:32:23</time>
      </trkpt>
      <trkpt lat="41.12975377589464" lon="42.87678446620703">
        <ele>1812.4</ele>
        <time>2025-06-27T09:32:31</time>
      </trkpt>
      <trkpt lat="41.129747154191136" lon="42.8768205922097">
        <ele>1812.6</ele>
        <time>2025-06-27T09:32:38</time>
      </trkpt>
      <trkpt lat="41.129746567457914" lon="42.8768221847713">
        <ele>1812.4</ele>
        <time>2025-06-27T09:32:45</time>
      </trkpt>
      <trkpt lat="41.1297333240509" lon="42.876868871971965">
        <ele>1799.8000000000002</ele>
        <time>2025-06-27T10:24:08</time>
      </trkpt>
      <trkpt lat="41.129730977118015" lon="42.876871805638075">
        <ele>1799.8000000000002</ele>
        <time>2025-06-27T10:24:21</time>
      </trkpt>
      <trkpt lat="41.12972519360483" lon="42.876874320209026">
        <ele>1799.8000000000002</ele>
        <time>2025-06-27T10:24:37</time>
      </trkpt>
      <trkpt lat="41.12977062352002" lon="42.87689602933824">
        <ele>1799.8000000000002</ele>
        <time>2025-06-27T10:24:45</time>
      </trkpt>
      <trkpt lat="41.129796942695975" lon="42.87690617144108">
        <ele>1800.6</ele>
        <time>2025-06-27T10:24:55</time>
      </trkpt>
      <trkpt lat="41.129808677360415" lon="42.87690935656428">
        <ele>1801.0</ele>
        <time>2025-06-27T10:25:00</time>
      </trkpt>
      <trkpt lat="41.129818400368094" lon="42.87692301906645">
        <ele>1801.0</ele>
        <time>2025-06-27T10:25:03</time>
      </trkpt>
      <trkpt lat="41.12982108257711" lon="42.87692436017096">
        <ele>1801.1999999999998</ele>
        <time>2025-06-27T10:25:13</time>
      </trkpt>
      <trkpt lat="41.129834996536374" lon="42.87696895189583">
        <ele>1801.1999999999998</ele>
        <time>2025-06-27T10:25:24</time>
      </trkpt>
      <trkpt lat="41.12991378642619" lon="42.87718570791185">
        <ele>1801.6</ele>
        <time>2025-06-27T10:25:33</time>
      </trkpt>
      <trkpt lat="41.129973800852895" lon="42.87734806537628">
        <ele>1802.1999999999998</ele>
        <time>2025-06-27T10:25:39</time>
      </trkpt>
      <trkpt lat="41.13002727739513" lon="42.87748837843537">
        <ele>1802.6</ele>
        <time>2025-06-27T10:25:44</time>
      </trkpt>
      <trkpt lat="41.13009190186858" lon="42.8776578605175">
        <ele>1803.4</ele>
        <time>2025-06-27T10:25:50</time>
      </trkpt>
      <trkpt lat="41.13011285662651" lon="42.87771401926875">
        <ele>1803.6</ele>
        <time>2025-06-27T10:25:52</time>
      </trkpt>
      <trkpt lat="41.130165411159396" lon="42.877853997051716">
        <ele>1804.4</ele>
        <time>2025-06-27T10:25:57</time>
      </trkpt>
      <trkpt lat="41.13023112528026" lon="42.87801937200129">
        <ele>1805.1999999999998</ele>
        <time>2025-06-27T10:26:03</time>
      </trkpt>
      <trkpt lat="41.130263563245535" lon="42.87810495123267">
        <ele>1805.6</ele>
        <time>2025-06-27T10:26:06</time>
      </trkpt>
      <trkpt lat="41.13034822046757" lon="42.87833411246538">
        <ele>1806.6</ele>
        <time>2025-06-27T10:26:14</time>
      </trkpt>
      <trkpt lat="41.130445366725326" lon="42.87858917377889">
        <ele>1807.8000000000002</ele>
        <time>2025-06-27T10:26:23</time>
      </trkpt>
      <trkpt lat="41.130455592647195" lon="42.8786180075258">
        <ele>1807.8000000000002</ele>
        <time>2025-06-27T10:26:24</time>
      </trkpt>
      <trkpt lat="41.13051854074001" lon="42.87878690287471">
        <ele>1808.8000000000002</ele>
        <time>2025-06-27T10:26:30</time>
      </trkpt>
      <trkpt lat="41.130585093051195" lon="42.878955379128456">
        <ele>1809.4</ele>
        <time>2025-06-27T10:26:36</time>
      </trkpt>
      <trkpt lat="41.13062934949994" lon="42.8790688700974">
        <ele>1810.0</ele>
        <time>2025-06-27T10:26:40</time>
      </trkpt>
      <trkpt lat="41.130678970366716" lon="42.87920725531876">
        <ele>1810.8000000000002</ele>
        <time>2025-06-27T10:26:45</time>
      </trkpt>
      <trkpt lat="41.13069095648825" lon="42.8792329877615">
        <ele>1811.0</ele>
        <time>2025-06-27T10:26:46</time>
      </trkpt>
      <trkpt lat="41.130779050290585" lon="42.879480086266994">
        <ele>1811.4</ele>
        <time>2025-06-27T10:26:55</time>
      </trkpt>
      <trkpt lat="41.13081065006554" lon="42.87956197746098">
        <ele>1812.0</ele>
        <time>2025-06-27T10:26:58</time>
      </trkpt>
      <trkpt lat="41.13087066449225" lon="42.879728274419904">
        <ele>1813.0</ele>
        <time>2025-06-27T10:27:04</time>
      </trkpt>
      <trkpt lat="41.1308800522238" lon="42.87975677289069">
        <ele>1813.1999999999998</ele>
        <time>2025-06-27T10:27:05</time>
      </trkpt>
      <trkpt lat="41.13092162646353" lon="42.879868587478995">
        <ele>1813.8000000000002</ele>
        <time>2025-06-27T10:27:09</time>
      </trkpt>
      <trkpt lat="41.130939899012446" lon="42.879924746230245">
        <ele>1814.1999999999998</ele>
        <time>2025-06-27T10:27:11</time>
      </trkpt>
      <trkpt lat="41.130981389433146" lon="42.88003739900887">
        <ele>1814.8000000000002</ele>
        <time>2025-06-27T10:27:15</time>
      </trkpt>
      <trkpt lat="41.13102212548256" lon="42.88015030324459">
        <ele>1815.4</ele>
        <time>2025-06-27T10:27:19</time>
      </trkpt>
      <trkpt lat="41.13109588623047" lon="42.88034291937947">
        <ele>1816.1999999999998</ele>
        <time>2025-06-27T10:27:26</time>
      </trkpt>
      <trkpt lat="41.1311062797904" lon="42.8803709987551">
        <ele>1816.4</ele>
        <time>2025-06-27T10:27:27</time>
      </trkpt>
      <trkpt lat="41.13116738386452" lon="42.88053955882788">
        <ele>1817.4</ele>
        <time>2025-06-27T10:27:33</time>
      </trkpt>
      <trkpt lat="41.1312204413116" lon="42.88067702203989">
        <ele>1817.6</ele>
        <time>2025-06-27T10:27:38</time>
      </trkpt>
      <trkpt lat="41.13129227422178" lon="42.88087190128863">
        <ele>1818.6</ele>
        <time>2025-06-27T10:27:45</time>
      </trkpt>
      <trkpt lat="41.13135019317269" lon="42.881013890728354">
        <ele>1819.1999999999998</ele>
        <time>2025-06-27T10:27:50</time>
      </trkpt>
      <trkpt lat="41.1313948687166" lon="42.881124867126346">
        <ele>1819.6</ele>
        <time>2025-06-27T10:27:54</time>
      </trkpt>
      <trkpt lat="41.13147357478738" lon="42.88128035143018">
        <ele>1820.4</ele>
        <time>2025-06-27T10:28:00</time>
      </trkpt>
      <trkpt lat="41.13148882985115" lon="42.881305161863565">
        <ele>1820.8000000000002</ele>
        <time>2025-06-27T10:28:01</time>
      </trkpt>
      <trkpt lat="41.13158077932894" lon="42.88149383850396">
        <ele>1821.6</ele>
        <time>2025-06-27T10:28:08</time>
      </trkpt>
      <trkpt lat="41.13161698915064" lon="42.8815764002502">
        <ele>1822.0</ele>
        <time>2025-06-27T10:28:11</time>
      </trkpt>
      <trkpt lat="41.131694773212075" lon="42.88177446462214">
        <ele>1822.6</ele>
        <time>2025-06-27T10:28:18</time>
      </trkpt>
      <trkpt lat="41.131715308874846" lon="42.881830874830484">
        <ele>1823.0</ele>
        <time>2025-06-27T10:28:20</time>
      </trkpt>
      <trkpt lat="41.13180826418102" lon="42.88201720453799">
        <ele>1823.6</ele>
        <time>2025-06-27T10:28:27</time>
      </trkpt>
      <trkpt lat="41.131836427375674" lon="42.88206766359508">
        <ele>1824.0</ele>
        <time>2025-06-27T10:28:29</time>
      </trkpt>
      <trkpt lat="41.13193038851023" lon="42.882242761552334">
        <ele>1825.0</ele>
        <time>2025-06-27T10:28:36</time>
      </trkpt>
      <trkpt lat="41.131945392116904" lon="42.882266733795404">
        <ele>1825.1999999999998</ele>
        <time>2025-06-27T10:28:37</time>
      </trkpt>
      <trkpt lat="41.132075898349285" lon="42.88249044679105">
        <ele>1826.1999999999998</ele>
        <time>2025-06-27T10:28:46</time>
      </trkpt>
      <trkpt lat="41.13212057389319" lon="42.882564794272184">
        <ele>1826.8000000000002</ele>
        <time>2025-06-27T10:28:49</time>
      </trkpt>
      <trkpt lat="41.13215083256364" lon="42.88261550478637">
        <ele>1827.0</ele>
        <time>2025-06-27T10:28:51</time>
      </trkpt>
      <trkpt lat="41.13218151032925" lon="42.88266520947218">
        <ele>1827.4</ele>
        <time>2025-06-27T10:28:53</time>
      </trkpt>
      <trkpt lat="41.13228963688016" lon="42.882833015173674">
        <ele>1828.4</ele>
        <time>2025-06-27T10:29:00</time>
      </trkpt>
      <trkpt lat="41.13230497576296" lon="42.88285623304546">
        <ele>1828.4</ele>
        <time>2025-06-27T10:29:01</time>
      </trkpt>
      <trkpt lat="41.13241771236062" lon="42.883016327396035">
        <ele>1829.6</ele>
        <time>2025-06-27T10:29:08</time>
      </trkpt>
      <trkpt lat="41.13247965462506" lon="42.88310660049319">
        <ele>1830.0</ele>
        <time>2025-06-27T10:29:12</time>
      </trkpt>
      <trkpt lat="41.13254411146045" lon="42.88319385610521">
        <ele>1830.6</ele>
        <time>2025-06-27T10:29:16</time>
      </trkpt>
      <trkpt lat="41.13262482918799" lon="42.883306592702866">
        <ele>1831.0</ele>
        <time>2025-06-27T10:29:21</time>
      </trkpt>
      <trkpt lat="41.13274016417563" lon="42.88346107117832">
        <ele>1831.4</ele>
        <time>2025-06-27T10:29:28</time>
      </trkpt>
      <trkpt lat="41.13277402706444" lon="42.8835033159703">
        <ele>1831.8000000000002</ele>
        <time>2025-06-27T10:29:30</time>
      </trkpt>
      <trkpt lat="41.132790707051754" lon="42.88352519273758">
        <ele>1832.0</ele>
        <time>2025-06-27T10:29:31</time>
      </trkpt>
      <trkpt lat="41.13289112225175" lon="42.883662823587656">
        <ele>1832.8000000000002</ele>
        <time>2025-06-27T10:29:37</time>
      </trkpt>
      <trkpt lat="41.132959267124534" lon="42.88375292904675">
        <ele>1833.4</ele>
        <time>2025-06-27T10:29:41</time>
      </trkpt>
      <trkpt lat="41.13302489742637" lon="42.88384538143873">
        <ele>1834.0</ele>
        <time>2025-06-27T10:29:45</time>
      </trkpt>
      <trkpt lat="41.13315942697227" lon="42.88403355516493">
        <ele>1834.6</ele>
        <time>2025-06-27T10:29:53</time>
      </trkpt>
      <trkpt lat="41.133195720613" lon="42.884081583470106">
        <ele>1835.1999999999998</ele>
        <time>2025-06-27T10:29:55</time>
      </trkpt>
      <trkpt lat="41.13333452492952" lon="42.88426858372986">
        <ele>1836.4</ele>
        <time>2025-06-27T10:30:03</time>
      </trkpt>
      <trkpt lat="41.133422031998634" lon="42.88438651710749">
        <ele>1837.6</ele>
        <time>2025-06-27T10:30:08</time>
      </trkpt>
      <trkpt lat="41.13352772779763" lon="42.88453001528978">
        <ele>1838.0</ele>
        <time>2025-06-27T10:30:14</time>
      </trkpt>
      <trkpt lat="41.133613642305136" lon="42.8846482001245">
        <ele>1838.8000000000002</ele>
        <time>2025-06-27T10:30:19</time>
      </trkpt>
      <trkpt lat="41.13369746133685" lon="42.88476479239762">
        <ele>1839.4</ele>
        <time>2025-06-27T10:30:24</time>
      </trkpt>
      <trkpt lat="41.1337967030704" lon="42.88490208797157">
        <ele>1839.8000000000002</ele>
        <time>2025-06-27T10:30:30</time>
      </trkpt>
      <trkpt lat="41.133861830458045" lon="42.88499252870679">
        <ele>1840.6</ele>
        <time>2025-06-27T10:30:34</time>
      </trkpt>
      <trkpt lat="41.13402971997857" lon="42.88521992973983">
        <ele>1840.8000000000002</ele>
        <time>2025-06-27T10:30:44</time>
      </trkpt>
      <trkpt lat="41.13412845879793" lon="42.88535554893315">
        <ele>1842.0</ele>
        <time>2025-06-27T10:30:50</time>
      </trkpt>
      <trkpt lat="41.134192580357194" lon="42.88544163107872">
        <ele>1842.6</ele>
        <time>2025-06-27T10:30:54</time>
      </trkpt>
      <trkpt lat="41.13422418013215" lon="42.88548354059458">
        <ele>1843.0</ele>
        <time>2025-06-27T10:30:56</time>
      </trkpt>
      <trkpt lat="41.13438100554049" lon="42.88570046424866">
        <ele>1843.8000000000002</ele>
        <time>2025-06-27T10:31:06</time>
      </trkpt>
      <trkpt lat="41.134397350251675" lon="42.88572024554014">
        <ele>1844.1999999999998</ele>
        <time>2025-06-27T10:31:07</time>
      </trkpt>
      <trkpt lat="41.134528778493404" lon="42.88590431213379">
        <ele>1845.0</ele>
        <time>2025-06-27T10:31:16</time>
      </trkpt>
      <trkpt lat="41.13456976599991" lon="42.88596298545599">
        <ele>1845.0</ele>
        <time>2025-06-27T10:31:19</time>
      </trkpt>
      <trkpt lat="41.13469214178622" lon="42.88612215779722">
        <ele>1845.8000000000002</ele>
        <time>2025-06-27T10:31:27</time>
      </trkpt>
      <trkpt lat="41.13473522476852" lon="42.88618426769972">
        <ele>1846.1999999999998</ele>
        <time>2025-06-27T10:31:30</time>
      </trkpt>
      <trkpt lat="41.13484385423362" lon="42.88632944226265">
        <ele>1846.8000000000002</ele>
        <time>2025-06-27T10:31:37</time>
      </trkpt>
      <trkpt lat="41.13494988530874" lon="42.886474365368485">
        <ele>1847.1999999999998</ele>
        <time>2025-06-27T10:31:44</time>
      </trkpt>
      <trkpt lat="41.13497955724597" lon="42.88651367649436">
        <ele>1847.1999999999998</ele>
        <time>2025-06-27T10:31:46</time>
      </trkpt>
      <trkpt lat="41.13515046425164" lon="42.88675021380186">
        <ele>1847.6</ele>
        <time>2025-06-27T10:31:57</time>
      </trkpt>
      <trkpt lat="41.13521399907768" lon="42.886835876852274">
        <ele>1848.1999999999998</ele>
        <time>2025-06-27T10:32:01</time>
      </trkpt>
      <trkpt lat="41.13529480062425" lon="42.88694676943123">
        <ele>1849.4</ele>
        <time>2025-06-27T10:32:06</time>
      </trkpt>
      <trkpt lat="41.13535682670772" lon="42.887037210166454">
        <ele>1850.1999999999998</ele>
        <time>2025-06-27T10:32:10</time>
      </trkpt>
      <trkpt lat="41.1353752668947" lon="42.887059757485986">
        <ele>1850.4</ele>
        <time>2025-06-27T10:32:11</time>
      </trkpt>
      <trkpt lat="41.13551113754511" lon="42.88724918849766">
        <ele>1851.4</ele>
        <time>2025-06-27T10:32:19</time>
      </trkpt>
      <trkpt lat="41.135544665157795" lon="42.88729612715542">
        <ele>1851.6</ele>
        <time>2025-06-27T10:32:21</time>
      </trkpt>
      <trkpt lat="41.13564357161522" lon="42.88743727840483">
        <ele>1852.4</ele>
        <time>2025-06-27T10:32:27</time>
      </trkpt>
      <trkpt lat="41.13572956994176" lon="42.88755093701184">
        <ele>1853.1999999999998</ele>
        <time>2025-06-27T10:32:32</time>
      </trkpt>
      <trkpt lat="41.135764103382826" lon="42.88759804330766">
        <ele>1853.6</ele>
        <time>2025-06-27T10:32:34</time>
      </trkpt>
      <trkpt lat="41.13589955493808" lon="42.88778814487159">
        <ele>1854.6</ele>
        <time>2025-06-27T10:32:42</time>
      </trkpt>
      <trkpt lat="41.135934088379145" lon="42.88783491589129">
        <ele>1855.1999999999998</ele>
        <time>2025-06-27T10:32:44</time>
      </trkpt>
      <trkpt lat="41.13600566983223" lon="42.88792963139713">
        <ele>1855.6</ele>
        <time>2025-06-27T10:32:48</time>
      </trkpt>
      <trkpt lat="41.13611279055476" lon="42.88807648234069">
        <ele>1856.8000000000002</ele>
        <time>2025-06-27T10:32:54</time>
      </trkpt>
      <trkpt lat="41.13613014109433" lon="42.888101460412145">
        <ele>1856.8000000000002</ele>
        <time>2025-06-27T10:32:55</time>
      </trkpt>
      <trkpt lat="41.1361990403384" lon="42.888198690488935">
        <ele>1857.4</ele>
        <time>2025-06-27T10:32:59</time>
      </trkpt>
      <trkpt lat="41.13625327125192" lon="42.88826926611364">
        <ele>1857.6</ele>
        <time>2025-06-27T10:33:02</time>
      </trkpt>
      <trkpt lat="41.13632518798113" lon="42.8883611317724">
        <ele>1858.0</ele>
        <time>2025-06-27T10:33:06</time>
      </trkpt>
      <trkpt lat="41.136448569595814" lon="42.888531954959035">
        <ele>1858.6</ele>
        <time>2025-06-27T10:33:13</time>
      </trkpt>
      <trkpt lat="41.13649819046259" lon="42.88860755972564">
        <ele>1859.1999999999998</ele>
        <time>2025-06-27T10:33:16</time>
      </trkpt>
      <trkpt lat="41.136581506580114" lon="42.88873043842614">
        <ele>1859.8000000000002</ele>
        <time>2025-06-27T10:33:21</time>
      </trkpt>
      <trkpt lat="41.13667907193303" lon="42.88888164795935">
        <ele>1860.6</ele>
        <time>2025-06-27T10:33:27</time>
      </trkpt>
      <trkpt lat="41.13669524900615" lon="42.88890738040209">
        <ele>1860.8000000000002</ele>
        <time>2025-06-27T10:33:28</time>
      </trkpt>
      <trkpt lat="41.13685232587159" lon="42.889161352068186">
        <ele>1861.8000000000002</ele>
        <time>2025-06-27T10:33:38</time>
      </trkpt>
      <trkpt lat="41.13694427534938" lon="42.889321530237794">
        <ele>1862.8000000000002</ele>
        <time>2025-06-27T10:33:44</time>
      </trkpt>
      <trkpt lat="41.13701853901148" lon="42.88945874199271">
        <ele>1863.1999999999998</ele>
        <time>2025-06-27T10:33:49</time>
      </trkpt>
      <trkpt lat="41.13709447905421" lon="42.88959603756666">
        <ele>1863.8000000000002</ele>
        <time>2025-06-27T10:33:54</time>
      </trkpt>
      <trkpt lat="41.13716664724052" lon="42.889737356454134">
        <ele>1864.6</ele>
        <time>2025-06-27T10:33:59</time>
      </trkpt>
      <trkpt lat="41.13719548098743" lon="42.88979477249086">
        <ele>1865.0</ele>
        <time>2025-06-27T10:34:01</time>
      </trkpt>
      <trkpt lat="41.13729698583484" lon="42.89000381715596">
        <ele>1865.8000000000002</ele>
        <time>2025-06-27T10:34:08</time>
      </trkpt>
      <trkpt lat="41.13738055340946" lon="42.89018830284476">
        <ele>1867.0</ele>
        <time>2025-06-27T10:34:14</time>
      </trkpt>
      <trkpt lat="41.13744559697807" lon="42.89034730754793">
        <ele>1867.8000000000002</ele>
        <time>2025-06-27T10:34:19</time>
      </trkpt>
      <trkpt lat="41.137458169832826" lon="42.89037865586579">
        <ele>1868.0</ele>
        <time>2025-06-27T10:34:20</time>
      </trkpt>
      <trkpt lat="41.13755757920444" lon="42.89062977768481">
        <ele>1868.8000000000002</ele>
        <time>2025-06-27T10:34:28</time>
      </trkpt>
      <trkpt lat="41.13760652951896" lon="42.89075843989849">
        <ele>1869.0</ele>
        <time>2025-06-27T10:34:32</time>
      </trkpt>
      <trkpt lat="41.13764047622681" lon="42.89085315540433">
        <ele>1869.8000000000002</ele>
        <time>2025-06-27T10:34:35</time>
      </trkpt>
      <trkpt lat="41.13769764080644" lon="42.89101157337427">
        <ele>1871.0</ele>
        <time>2025-06-27T10:34:40</time>
      </trkpt>
      <trkpt lat="41.13771976903081" lon="42.89107510820031">
        <ele>1871.4</ele>
        <time>2025-06-27T10:34:42</time>
      </trkpt>
      <trkpt lat="41.13773150369525" lon="42.89110595360398">
        <ele>1871.4</ele>
        <time>2025-06-27T10:34:43</time>
      </trkpt>
      <trkpt lat="41.13777073100209" lon="42.89122849702835">
        <ele>1872.0</ele>
        <time>2025-06-27T10:34:47</time>
      </trkpt>
      <trkpt lat="41.13782839849591" lon="42.89142211899161">
        <ele>1873.0</ele>
        <time>2025-06-27T10:34:53</time>
      </trkpt>
      <trkpt lat="41.137888664379716" lon="42.89161674678326">
        <ele>1874.0</ele>
        <time>2025-06-27T10:34:59</time>
      </trkpt>
      <trkpt lat="41.13791766576469" lon="42.89171607233584">
        <ele>1874.4</ele>
        <time>2025-06-27T10:35:02</time>
      </trkpt>
      <trkpt lat="41.13796468824148" lon="42.891879603266716">
        <ele>1875.0</ele>
        <time>2025-06-27T10:35:07</time>
      </trkpt>
      <trkpt lat="41.13802813924849" lon="42.89211387746036">
        <ele>1876.0</ele>
        <time>2025-06-27T10:35:14</time>
      </trkpt>
      <trkpt lat="41.13812327384949" lon="42.892451751977205">
        <ele>1877.1999999999998</ele>
        <time>2025-06-27T10:35:24</time>
      </trkpt>
      <trkpt lat="41.13813274540007" lon="42.8924847766757">
        <ele>1877.1999999999998</ele>
        <time>2025-06-27T10:35:25</time>
      </trkpt>
      <trkpt lat="41.13819661550224" lon="42.89271821267903">
        <ele>1878.0</ele>
        <time>2025-06-27T10:35:32</time>
      </trkpt>
      <trkpt lat="41.13823148421943" lon="42.892846120521426">
        <ele>1878.4</ele>
        <time>2025-06-27T10:35:36</time>
      </trkpt>
      <trkpt lat="41.138257468119264" lon="42.8929406683892">
        <ele>1879.0</ele>
        <time>2025-06-27T10:35:39</time>
      </trkpt>
      <trkpt lat="41.13832946866751" lon="42.89320092648268">
        <ele>1879.6</ele>
        <time>2025-06-27T10:35:47</time>
      </trkpt>
      <trkpt lat="41.13838638179004" lon="42.893426064401865">
        <ele>1880.0</ele>
        <time>2025-06-27T10:35:54</time>
      </trkpt>
      <trkpt lat="41.13842619583011" lon="42.89355531334877">
        <ele>1880.6</ele>
        <time>2025-06-27T10:35:58</time>
      </trkpt>
      <trkpt lat="41.13847682252526" lon="42.89375765249133">
        <ele>1881.0</ele>
        <time>2025-06-27T10:36:04</time>
      </trkpt>
      <trkpt lat="41.138515546917915" lon="42.893892684951425">
        <ele>1881.4</ele>
        <time>2025-06-27T10:36:08</time>
      </trkpt>
      <trkpt lat="41.13855971954763" lon="42.89405956864357">
        <ele>1882.1999999999998</ele>
        <time>2025-06-27T10:36:13</time>
      </trkpt>
      <trkpt lat="41.138613782823086" lon="42.894270960241556">
        <ele>1882.4</ele>
        <time>2025-06-27T10:36:19</time>
      </trkpt>
      <trkpt lat="41.1387184727937" lon="42.89469122886658">
        <ele>1882.6</ele>
        <time>2025-06-27T10:36:30</time>
      </trkpt>
      <trkpt lat="41.138754431158304" lon="42.89484495297074">
        <ele>1883.0</ele>
        <time>2025-06-27T10:36:34</time>
      </trkpt>
      <trkpt lat="41.138788713142276" lon="42.89504209533334">
        <ele>1883.4</ele>
        <time>2025-06-27T10:36:39</time>
      </trkpt>
      <trkpt lat="41.13883531652391" lon="42.89540151134133">
        <ele>1883.6</ele>
        <time>2025-06-27T10:36:48</time>
      </trkpt>
      <trkpt lat="41.13885769620538" lon="42.895700158551335">
        <ele>1883.8000000000002</ele>
        <time>2025-06-27T10:36:55</time>
      </trkpt>
      <trkpt lat="41.13886415027082" lon="42.89579126983881">
        <ele>1884.0</ele>
        <time>2025-06-27T10:36:57</time>
      </trkpt>
      <trkpt lat="41.13885895349085" lon="42.896279096603394">
        <ele>1884.6</ele>
        <time>2025-06-27T10:37:07</time>
      </trkpt>
      <trkpt lat="41.13885283470154" lon="42.89637674577534">
        <ele>1884.8000000000002</ele>
        <time>2025-06-27T10:37:09</time>
      </trkpt>
      <trkpt lat="41.13882517442107" lon="42.89672610349953">
        <ele>1885.8000000000002</ele>
        <time>2025-06-27T10:37:16</time>
      </trkpt>
      <trkpt lat="41.13881343975663" lon="42.89682945236564">
        <ele>1886.0</ele>
        <time>2025-06-27T10:37:18</time>
      </trkpt>
      <trkpt lat="41.13874001428485" lon="42.89722063578665">
        <ele>1886.8000000000002</ele>
        <time>2025-06-27T10:37:26</time>
      </trkpt>
      <trkpt lat="41.13871696405113" lon="42.89731577038765">
        <ele>1887.0</ele>
        <time>2025-06-27T10:37:28</time>
      </trkpt>
      <trkpt lat="41.13862426020205" lon="42.89767602458596">
        <ele>1887.8000000000002</ele>
        <time>2025-06-27T10:37:35</time>
      </trkpt>
      <trkpt lat="41.13860967569053" lon="42.89772782474756">
        <ele>1888.0</ele>
        <time>2025-06-27T10:37:36</time>
      </trkpt>
      <trkpt lat="41.13851269707084" lon="42.898059748113155">
        <ele>1888.8000000000002</ele>
        <time>2025-06-27T10:37:43</time>
      </trkpt>
      <trkpt lat="41.13848411478102" lon="42.89815429598093">
        <ele>1889.0</ele>
        <time>2025-06-27T10:37:45</time>
      </trkpt>
      <trkpt lat="41.13837598823011" lon="42.898487308993936">
        <ele>1889.6</ele>
        <time>2025-06-27T10:37:52</time>
      </trkpt>
      <trkpt lat="41.13828110508621" lon="42.89877447299659">
        <ele>1890.1999999999998</ele>
        <time>2025-06-27T10:37:58</time>
      </trkpt>
      <trkpt lat="41.138243302702904" lon="42.89892140775919">
        <ele>1890.1999999999998</ele>
        <time>2025-06-27T10:38:01</time>
      </trkpt>
      <trkpt lat="41.13808488473296" lon="42.899467404931784">
        <ele>1891.0</ele>
        <time>2025-06-27T10:38:12</time>
      </trkpt>
      <trkpt lat="41.13805311731994" lon="42.899570502340794">
        <ele>1891.1999999999998</ele>
        <time>2025-06-27T10:38:14</time>
      </trkpt>
      <trkpt lat="41.13790936768055" lon="42.89996252395213">
        <ele>1891.6</ele>
        <time>2025-06-27T10:38:22</time>
      </trkpt>
      <trkpt lat="41.13768699578941" lon="42.90043911896646">
        <ele>1891.8000000000002</ele>
        <time>2025-06-27T10:38:33</time>
      </trkpt>
      <trkpt lat="41.137625221163034" lon="42.90055193938315">
        <ele>1892.1999999999998</ele>
        <time>2025-06-27T10:38:36</time>
      </trkpt>
      <trkpt lat="41.137540228664875" lon="42.9006979521364">
        <ele>1893.4</ele>
        <time>2025-06-27T10:38:40</time>
      </trkpt>
      <trkpt lat="41.137470323592424" lon="42.9008013010025">
        <ele>1893.8000000000002</ele>
        <time>2025-06-27T10:38:43</time>
      </trkpt>
      <trkpt lat="41.137333530932665" lon="42.90100481361151">
        <ele>1894.4</ele>
        <time>2025-06-27T10:38:49</time>
      </trkpt>
      <trkpt lat="41.13723948597908" lon="42.90112861432135">
        <ele>1895.0</ele>
        <time>2025-06-27T10:38:53</time>
      </trkpt>
      <trkpt lat="41.13704435527325" lon="42.90135685354471">
        <ele>1895.6</ele>
        <time>2025-06-27T10:39:01</time>
      </trkpt>
      <trkpt lat="41.136994902044535" lon="42.90141393430531">
        <ele>1895.8000000000002</ele>
        <time>2025-06-27T10:39:03</time>
      </trkpt>
      <trkpt lat="41.13689213991165" lon="42.90151887573302">
        <ele>1896.0</ele>
        <time>2025-06-27T10:39:07</time>
      </trkpt>
      <trkpt lat="41.136820474639535" lon="42.90159699507058">
        <ele>1896.6</ele>
        <time>2025-06-27T10:39:10</time>
      </trkpt>
      <trkpt lat="41.13679524511099" lon="42.90161996148527">
        <ele>1896.8000000000002</ele>
        <time>2025-06-27T10:39:11</time>
      </trkpt>
      <trkpt lat="41.13662140443921" lon="42.9017717577517">
        <ele>1897.8000000000002</ele>
        <time>2025-06-27T10:39:18</time>
      </trkpt>
      <trkpt lat="41.136597180739045" lon="42.9017942212522">
        <ele>1898.0</ele>
        <time>2025-06-27T10:39:19</time>
      </trkpt>
      <trkpt lat="41.13642007112503" lon="42.90193151682615">
        <ele>1899.0</ele>
        <time>2025-06-27T10:39:26</time>
      </trkpt>
      <trkpt lat="41.136372461915016" lon="42.90196957066655">
        <ele>1899.1999999999998</ele>
        <time>2025-06-27T10:39:28</time>
      </trkpt>
      <trkpt lat="41.136133493855596" lon="42.90213419124484">
        <ele>1900.0</ele>
        <time>2025-06-27T10:39:38</time>
      </trkpt>
      <trkpt lat="41.13596267066896" lon="42.9022382106632">
        <ele>1900.8000000000002</ele>
        <time>2025-06-27T10:39:45</time>
      </trkpt>
      <trkpt lat="41.13594054244459" lon="42.90225287899375">
        <ele>1901.0</ele>
        <time>2025-06-27T10:39:46</time>
      </trkpt>
      <trkpt lat="41.13579226657748" lon="42.90232655592263">
        <ele>1901.8000000000002</ele>
        <time>2025-06-27T10:39:52</time>
      </trkpt>
      <trkpt lat="41.135744070634246" lon="42.902349941432476">
        <ele>1902.0</ele>
        <time>2025-06-27T10:39:54</time>
      </trkpt>
      <trkpt lat="41.135641895234585" lon="42.90239847265184">
        <ele>1902.6</ele>
        <time>2025-06-27T10:39:58</time>
      </trkpt>
      <trkpt lat="41.135506527498364" lon="42.90246561169624">
        <ele>1903.1999999999998</ele>
        <time>2025-06-27T10:40:03</time>
      </trkpt>
      <trkpt lat="41.13545003347099" lon="42.90248698554933">
        <ele>1903.4</ele>
        <time>2025-06-27T10:40:05</time>
      </trkpt>
      <trkpt lat="41.13534106872976" lon="42.902521351352334">
        <ele>1904.1999999999998</ele>
        <time>2025-06-27T10:40:09</time>
      </trkpt>
      <trkpt lat="41.13529119640589" lon="42.9025455750525">
        <ele>1904.8000000000002</ele>
        <time>2025-06-27T10:40:11</time>
      </trkpt>
      <trkpt lat="41.13517594523728" lon="42.90261221118271">
        <ele>1905.1999999999998</ele>
        <time>2025-06-27T10:40:16</time>
      </trkpt>
      <trkpt lat="41.13514761440456" lon="42.902619587257504">
        <ele>1905.4</ele>
        <time>2025-06-27T10:40:17</time>
      </trkpt>
      <trkpt lat="41.134995399042964" lon="42.90264783427119">
        <ele>1906.4</ele>
        <time>2025-06-27T10:40:23</time>
      </trkpt>
      <trkpt lat="41.13491619005799" lon="42.90265168994665">
        <ele>1906.6</ele>
        <time>2025-06-27T10:40:26</time>
      </trkpt>
      <trkpt lat="41.134720388799906" lon="42.902659233659506">
        <ele>1907.4</ele>
        <time>2025-06-27T10:40:33</time>
      </trkpt>
      <trkpt lat="41.13466406241059" lon="42.902666945010424">
        <ele>1907.6</ele>
        <time>2025-06-27T10:40:35</time>
      </trkpt>
      <trkpt lat="41.13446641713381" lon="42.902672812342644">
        <ele>1908.4</ele>
        <time>2025-06-27T10:40:42</time>
      </trkpt>
      <trkpt lat="41.134379832074046" lon="42.90267457254231">
        <ele>1908.8000000000002</ele>
        <time>2025-06-27T10:40:45</time>
      </trkpt>
      <trkpt lat="41.13435108214617" lon="42.90267373435199">
        <ele>1909.0</ele>
        <time>2025-06-27T10:40:46</time>
      </trkpt>
      <trkpt lat="41.134241446852684" lon="42.90267306379974">
        <ele>1909.6</ele>
        <time>2025-06-27T10:40:50</time>
      </trkpt>
      <trkpt lat="41.134187802672386" lon="42.902666525915265">
        <ele>1909.8000000000002</ele>
        <time>2025-06-27T10:40:52</time>
      </trkpt>
      <trkpt lat="41.133969789370894" lon="42.90265118703246">
        <ele>1910.8000000000002</ele>
        <time>2025-06-27T10:41:00</time>
      </trkpt>
      <trkpt lat="41.13394229672849" lon="42.902650851756334">
        <ele>1910.8000000000002</ele>
        <time>2025-06-27T10:41:01</time>
      </trkpt>
      <trkpt lat="41.13375605084002" lon="42.90264121256769">
        <ele>1911.8000000000002</ele>
        <time>2025-06-27T10:41:08</time>
      </trkpt>
      <trkpt lat="41.13367692567408" lon="42.90263609960675">
        <ele>1912.1999999999998</ele>
        <time>2025-06-27T10:41:11</time>
      </trkpt>
      <trkpt lat="41.13357081077993" lon="42.902629394084215">
        <ele>1912.8000000000002</ele>
        <time>2025-06-27T10:41:15</time>
      </trkpt>
      <trkpt lat="41.133445501327515" lon="42.902623945847154">
        <ele>1913.1999999999998</ele>
        <time>2025-06-27T10:41:20</time>
      </trkpt>
      <trkpt lat="41.13331709057093" lon="42.90261355228722">
        <ele>1914.0</ele>
        <time>2025-06-27T10:41:25</time>
      </trkpt>
      <trkpt lat="41.13318549469113" lon="42.902601985260844">
        <ele>1914.6</ele>
        <time>2025-06-27T10:41:30</time>
      </trkpt>
      <trkpt lat="41.13310167565942" lon="42.90259636938572">
        <ele>1915.0</ele>
        <time>2025-06-27T10:41:33</time>
      </trkpt>
      <trkpt lat="41.13296354189515" lon="42.902588322758675">
        <ele>1916.1999999999998</ele>
        <time>2025-06-27T10:41:38</time>
      </trkpt>
      <trkpt lat="41.132824905216694" lon="42.902585892006755">
        <ele>1917.0</ele>
        <time>2025-06-27T10:41:43</time>
      </trkpt>
      <trkpt lat="41.132743852213025" lon="42.90258471854031">
        <ele>1917.4</ele>
        <time>2025-06-27T10:41:46</time>
      </trkpt>
      <trkpt lat="41.13251988776028" lon="42.90258823893964">
        <ele>1918.4</ele>
        <time>2025-06-27T10:41:54</time>
      </trkpt>
      <trkpt lat="41.13226759247482" lon="42.90262185037136">
        <ele>1919.1999999999998</ele>
        <time>2025-06-27T10:42:03</time>
      </trkpt>
      <trkpt lat="41.13224169239402" lon="42.90262570604682">
        <ele>1919.4</ele>
        <time>2025-06-27T10:42:04</time>
      </trkpt>
      <trkpt lat="41.13207807764411" lon="42.902676248922944">
        <ele>1919.8000000000002</ele>
        <time>2025-06-27T10:42:10</time>
      </trkpt>
      <trkpt lat="41.13196508958936" lon="42.902721678838134">
        <ele>1920.1999999999998</ele>
        <time>2025-06-27T10:42:14</time>
      </trkpt>
      <trkpt lat="41.13185478374362" lon="42.90276903659105">
        <ele>1920.8000000000002</ele>
        <time>2025-06-27T10:42:18</time>
      </trkpt>
      <trkpt lat="41.13174146041274" lon="42.90282494388521">
        <ele>1921.1999999999998</ele>
        <time>2025-06-27T10:42:22</time>
      </trkpt>
      <trkpt lat="41.13160500302911" lon="42.9029081761837">
        <ele>1921.6</ele>
        <time>2025-06-27T10:42:27</time>
      </trkpt>
      <trkpt lat="41.13157834857702" lon="42.90292619727552">
        <ele>1921.8000000000002</ele>
        <time>2025-06-27T10:42:28</time>
      </trkpt>
      <trkpt lat="41.13143937662244" lon="42.90302845649421">
        <ele>1922.1999999999998</ele>
        <time>2025-06-27T10:42:33</time>
      </trkpt>
      <trkpt lat="41.131411883980036" lon="42.903051506727934">
        <ele>1922.4</ele>
        <time>2025-06-27T10:42:34</time>
      </trkpt>
      <trkpt lat="41.13120191730559" lon="42.9032467212528">
        <ele>1923.1999999999998</ele>
        <time>2025-06-27T10:42:42</time>
      </trkpt>
      <trkpt lat="41.13102983683348" lon="42.903439505025744">
        <ele>1923.6</ele>
        <time>2025-06-27T10:42:49</time>
      </trkpt>
      <trkpt lat="41.13087619654834" lon="42.90367252193391">
        <ele>1923.8000000000002</ele>
        <time>2025-06-27T10:42:56</time>
      </trkpt>
      <trkpt lat="41.13080813549459" lon="42.90377997793257">
        <ele>1924.1999999999998</ele>
        <time>2025-06-27T10:42:59</time>
      </trkpt>
      <trkpt lat="41.130711659789085" lon="42.9039769526571">
        <ele>1924.6</ele>
        <time>2025-06-27T10:43:04</time>
      </trkpt>
      <trkpt lat="41.130632031708956" lon="42.90414324961603">
        <ele>1924.8000000000002</ele>
        <time>2025-06-27T10:43:08</time>
      </trkpt>
      <trkpt lat="41.13053932785988" lon="42.904363106936216">
        <ele>1925.0</ele>
        <time>2025-06-27T10:43:13</time>
      </trkpt>
      <trkpt lat="41.13044754602015" lon="42.90465555153787">
        <ele>1925.4</ele>
        <time>2025-06-27T10:43:19</time>
      </trkpt>
      <trkpt lat="41.130409156903625" lon="42.90480265393853">
        <ele>1925.8000000000002</ele>
        <time>2025-06-27T10:43:22</time>
      </trkpt>
      <trkpt lat="41.13033648580313" lon="42.90522468276322">
        <ele>1926.1999999999998</ele>
        <time>2025-06-27T10:43:31</time>
      </trkpt>
      <trkpt lat="41.13031175918877" lon="42.90550924837589">
        <ele>1926.4</ele>
        <time>2025-06-27T10:43:36</time>
      </trkpt>
      <trkpt lat="41.130286110565066" lon="42.90574419312179">
        <ele>1926.6</ele>
        <time>2025-06-27T10:43:40</time>
      </trkpt>
      <trkpt lat="41.13022274337709" lon="42.90644156746566">
        <ele>1926.8000000000002</ele>
        <time>2025-06-27T10:43:52</time>
      </trkpt>
      <trkpt lat="41.13017873838544" lon="42.90698949247599">
        <ele>1926.4</ele>
        <time>2025-06-27T10:44:01</time>
      </trkpt>
      <trkpt lat="41.13012836314738" lon="42.9075897205621">
        <ele>1925.8000000000002</ele>
        <time>2025-06-27T10:44:10</time>
      </trkpt>
      <trkpt lat="41.13007471896708" lon="42.90818776935339">
        <ele>1925.8000000000002</ele>
        <time>2025-06-27T10:44:19</time>
      </trkpt>
      <trkpt lat="41.13002618774772" lon="42.90875799022615">
        <ele>1926.0</ele>
        <time>2025-06-27T10:44:27</time>
      </trkpt>
      <trkpt lat="41.12996491603553" lon="42.90938478894532">
        <ele>1926.0</ele>
        <time>2025-06-27T10:44:36</time>
      </trkpt>
      <trkpt lat="41.12989182583988" lon="42.90991838090122">
        <ele>1925.6</ele>
        <time>2025-06-27T10:44:44</time>
      </trkpt>
      <trkpt lat="41.12987204454839" lon="42.910058442503214">
        <ele>1925.4</ele>
        <time>2025-06-27T10:44:46</time>
      </trkpt>
      <trkpt lat="41.12978336401284" lon="42.9106998257339">
        <ele>1925.1999999999998</ele>
        <time>2025-06-27T10:44:55</time>
      </trkpt>
      <trkpt lat="41.12971999682486" lon="42.91141354478896">
        <ele>1925.0</ele>
        <time>2025-06-27T10:45:05</time>
      </trkpt>
      <trkpt lat="41.1297161411494" lon="42.91148521006107">
        <ele>1925.0</ele>
        <time>2025-06-27T10:45:06</time>
      </trkpt>
      <trkpt lat="41.12969853915274" lon="42.91206012479961">
        <ele>1925.0</ele>
        <time>2025-06-27T10:45:14</time>
      </trkpt>
      <trkpt lat="41.12966635264456" lon="42.91278474032879">
        <ele>1925.0</ele>
        <time>2025-06-27T10:45:24</time>
      </trkpt>
      <trkpt lat="41.12959988415241" lon="42.913496447727084">
        <ele>1925.1999999999998</ele>
        <time>2025-06-27T10:45:34</time>
      </trkpt>
      <trkpt lat="41.12959301099181" lon="42.91356610134244">
        <ele>1925.1999999999998</ele>
        <time>2025-06-27T10:45:35</time>
      </trkpt>
      <trkpt lat="41.129528637975454" lon="42.91421318426728">
        <ele>1925.1999999999998</ele>
        <time>2025-06-27T10:45:45</time>
      </trkpt>
      <trkpt lat="41.12946736626327" lon="42.9149238858372">
        <ele>1926.1999999999998</ele>
        <time>2025-06-27T10:45:56</time>
      </trkpt>
      <trkpt lat="41.1294053401798" lon="42.91564481332898">
        <ele>1926.4</ele>
        <time>2025-06-27T10:46:07</time>
      </trkpt>
      <trkpt lat="41.129399724304676" lon="42.9157093539834">
        <ele>1926.4</ele>
        <time>2025-06-27T10:46:08</time>
      </trkpt>
      <trkpt lat="41.12937164492905" lon="42.91602719575167">
        <ele>1926.8000000000002</ele>
        <time>2025-06-27T10:46:13</time>
      </trkpt>
      <trkpt lat="41.12934599630535" lon="42.91633380576968">
        <ele>1927.1999999999998</ele>
        <time>2025-06-27T10:46:18</time>
      </trkpt>
      <trkpt lat="41.129308277741075" lon="42.91668618097901">
        <ele>1927.8000000000002</ele>
        <time>2025-06-27T10:46:24</time>
      </trkpt>
      <trkpt lat="41.129285814240575" lon="42.91691115126014">
        <ele>1928.4</ele>
        <time>2025-06-27T10:46:28</time>
      </trkpt>
      <trkpt lat="41.12924097105861" lon="42.91741297580302">
        <ele>1929.1999999999998</ele>
        <time>2025-06-27T10:46:37</time>
      </trkpt>
      <trkpt lat="41.12923728302121" lon="42.9174692183733">
        <ele>1929.1999999999998</ele>
        <time>2025-06-27T10:46:38</time>
      </trkpt>
      <trkpt lat="41.12919872626662" lon="42.91791647672653">
        <ele>1930.1999999999998</ele>
        <time>2025-06-27T10:46:46</time>
      </trkpt>
      <trkpt lat="41.12917659804225" lon="42.91814647614956">
        <ele>1930.8000000000002</ele>
        <time>2025-06-27T10:46:50</time>
      </trkpt>
      <trkpt lat="41.129154385998845" lon="42.9183773137629">
        <ele>1931.1999999999998</ele>
        <time>2025-06-27T10:46:54</time>
      </trkpt>
      <trkpt lat="41.12912823446095" lon="42.91866632178426">
        <ele>1931.6</ele>
        <time>2025-06-27T10:46:59</time>
      </trkpt>
      <trkpt lat="41.12909076735377" lon="42.919062953442335">
        <ele>1932.1999999999998</ele>
        <time>2025-06-27T10:47:06</time>
      </trkpt>
      <trkpt lat="41.12906998023391" lon="42.91928557679057">
        <ele>1932.6</ele>
        <time>2025-06-27T10:47:10</time>
      </trkpt>
      <trkpt lat="41.12904625944793" lon="42.91956117376685">
        <ele>1933.4</ele>
        <time>2025-06-27T10:47:15</time>
      </trkpt>
      <trkpt lat="41.12900619395077" lon="42.91994749568403">
        <ele>1934.0</ele>
        <time>2025-06-27T10:47:22</time>
      </trkpt>
      <trkpt lat="41.12898599356413" lon="42.920170705765486">
        <ele>1934.4</ele>
        <time>2025-06-27T10:47:26</time>
      </trkpt>
      <trkpt lat="41.12895665690303" lon="42.920458456501365">
        <ele>1934.6</ele>
        <time>2025-06-27T10:47:31</time>
      </trkpt>
      <trkpt lat="41.12891432829201" lon="42.920913845300674">
        <ele>1935.4</ele>
        <time>2025-06-27T10:47:39</time>
      </trkpt>
      <trkpt lat="41.12890192307532" lon="42.9210833273828">
        <ele>1935.6</ele>
        <time>2025-06-27T10:47:42</time>
      </trkpt>
      <trkpt lat="41.128844087943435" lon="42.9216861538589">
        <ele>1936.1999999999998</ele>
        <time>2025-06-27T10:47:52</time>
      </trkpt>
      <trkpt lat="41.128816260024905" lon="42.92200759984553">
        <ele>1936.4</ele>
        <time>2025-06-27T10:47:57</time>
      </trkpt>
      <trkpt lat="41.12878080457449" lon="42.92240356095135">
        <ele>1937.0</ele>
        <time>2025-06-27T10:48:03</time>
      </trkpt>
      <trkpt lat="41.12872037105262" lon="42.92304066941142">
        <ele>1937.1999999999998</ele>
        <time>2025-06-27T10:48:13</time>
      </trkpt>
      <trkpt lat="41.12866781651974" lon="42.923641903325915">
        <ele>1937.0</ele>
        <time>2025-06-27T10:48:22</time>
      </trkpt>
      <trkpt lat="41.12860721535981" lon="42.924298541620374">
        <ele>1937.1999999999998</ele>
        <time>2025-06-27T10:48:31</time>
      </trkpt>
      <trkpt lat="41.12859506160021" lon="42.92444539256394">
        <ele>1937.4</ele>
        <time>2025-06-27T10:48:33</time>
      </trkpt>
      <trkpt lat="41.128541165962815" lon="42.92503606528044">
        <ele>1937.4</ele>
        <time>2025-06-27T10:48:41</time>
      </trkpt>
      <trkpt lat="41.128484001383185" lon="42.92572086676955">
        <ele>1936.6</ele>
        <time>2025-06-27T10:48:50</time>
      </trkpt>
      <trkpt lat="41.12843086011708" lon="42.92626476846635">
        <ele>1936.1999999999998</ele>
        <time>2025-06-27T10:48:57</time>
      </trkpt>
      <trkpt lat="41.128409653902054" lon="42.92650340124965">
        <ele>1936.0</ele>
        <time>2025-06-27T10:49:00</time>
      </trkpt>
      <trkpt lat="41.128335390239954" lon="42.92729155160487">
        <ele>1936.0</ele>
        <time>2025-06-27T10:49:10</time>
      </trkpt>
      <trkpt lat="41.12828518263996" lon="42.92787317186594">
        <ele>1935.1999999999998</ele>
        <time>2025-06-27T10:49:17</time>
      </trkpt>
      <trkpt lat="41.12826665863395" lon="42.928110379725695">
        <ele>1934.6</ele>
        <time>2025-06-27T10:49:20</time>
      </trkpt>
      <trkpt lat="41.128199603408575" lon="42.92883465997875">
        <ele>1934.1999999999998</ele>
        <time>2025-06-27T10:49:29</time>
      </trkpt>
      <trkpt lat="41.12818426452577" lon="42.9289976041764">
        <ele>1934.1999999999998</ele>
        <time>2025-06-27T10:49:31</time>
      </trkpt>
      <trkpt lat="41.128123831003904" lon="42.92964921332896">
        <ele>1934.4</ele>
        <time>2025-06-27T10:49:39</time>
      </trkpt>
      <trkpt lat="41.12811679020524" lon="42.92972666211426">
        <ele>1934.1999999999998</ele>
        <time>2025-06-27T10:49:40</time>
      </trkpt>
      <trkpt lat="41.12804646603763" lon="42.93050257489085">
        <ele>1934.1999999999998</ele>
        <time>2025-06-27T10:49:50</time>
      </trkpt>
      <trkpt lat="41.12802534364164" lon="42.93072570115328">
        <ele>1934.1999999999998</ele>
        <time>2025-06-27T10:49:53</time>
      </trkpt>
      <trkpt lat="41.127982176840305" lon="42.931156028062105">
        <ele>1932.8000000000002</ele>
        <time>2025-06-27T10:49:59</time>
      </trkpt>
      <trkpt lat="41.12795392982662" lon="42.93151485733688">
        <ele>1932.0</ele>
        <time>2025-06-27T10:50:04</time>
      </trkpt>
      <trkpt lat="41.127884443849325" lon="42.93223754502833">
        <ele>1932.6</ele>
        <time>2025-06-27T10:50:14</time>
      </trkpt>
      <trkpt lat="41.12787086516619" lon="42.93237961828709">
        <ele>1932.6</ele>
        <time>2025-06-27T10:50:16</time>
      </trkpt>
      <trkpt lat="41.127815963700414" lon="42.93304589577019">
        <ele>1933.4</ele>
        <time>2025-06-27T10:50:26</time>
      </trkpt>
      <trkpt lat="41.127753937616944" lon="42.93378157541156">
        <ele>1933.6</ele>
        <time>2025-06-27T10:50:37</time>
      </trkpt>
      <trkpt lat="41.12773993983865" lon="42.93391644023359">
        <ele>1933.6</ele>
        <time>2025-06-27T10:50:39</time>
      </trkpt>
      <trkpt lat="41.12768520601094" lon="42.934503592550755">
        <ele>1933.8000000000002</ele>
        <time>2025-06-27T10:50:48</time>
      </trkpt>
      <trkpt lat="41.127666933462024" lon="42.9346929397434">
        <ele>1934.0</ele>
        <time>2025-06-27T10:50:51</time>
      </trkpt>
      <trkpt lat="41.12762133590877" lon="42.93524572625756">
        <ele>1934.8000000000002</ele>
        <time>2025-06-27T10:51:00</time>
      </trkpt>
      <trkpt lat="41.127613205462694" lon="42.9353058245033">
        <ele>1935.1999999999998</ele>
        <time>2025-06-27T10:51:01</time>
      </trkpt>
      <trkpt lat="41.12755394540727" lon="42.93593547306955">
        <ele>1935.6</ele>
        <time>2025-06-27T10:51:11</time>
      </trkpt>
      <trkpt lat="41.12754422239959" lon="42.936124820262194">
        <ele>1935.6</ele>
        <time>2025-06-27T10:51:14</time>
      </trkpt>
      <trkpt lat="41.127507174387574" lon="42.93657559901476">
        <ele>1936.0</ele>
        <time>2025-06-27T10:51:21</time>
      </trkpt>
      <trkpt lat="41.12748068757355" lon="42.93684775941074">
        <ele>1936.4</ele>
        <time>2025-06-27T10:51:25</time>
      </trkpt>
      <trkpt lat="41.12744213081896" lon="42.93724833056331">
        <ele>1936.6</ele>
        <time>2025-06-27T10:51:31</time>
      </trkpt>
      <trkpt lat="41.127377171069384" lon="42.93795886449516">
        <ele>1937.0</ele>
        <time>2025-06-27T10:51:42</time>
      </trkpt>
      <trkpt lat="41.12737004645169" lon="42.93801954947412">
        <ele>1937.0</ele>
        <time>2025-06-27T10:51:43</time>
      </trkpt>
      <trkpt lat="41.12734758295119" lon="42.93826287612319">
        <ele>1937.1999999999998</ele>
        <time>2025-06-27T10:51:47</time>
      </trkpt>
      <trkpt lat="41.127342050895095" lon="42.938321297988296">
        <ele>1937.4</ele>
        <time>2025-06-27T10:51:48</time>
      </trkpt>
      <trkpt lat="41.127310786396265" lon="42.93866738677025">
        <ele>1938.4</ele>
        <time>2025-06-27T10:51:54</time>
      </trkpt>
      <trkpt lat="41.127286395058036" lon="42.938904175534844">
        <ele>1939.4</ele>
        <time>2025-06-27T10:51:58</time>
      </trkpt>
      <trkpt lat="41.127245239913464" lon="42.93934531509876">
        <ele>1939.8000000000002</ele>
        <time>2025-06-27T10:52:05</time>
      </trkpt>
      <trkpt lat="41.12717432901263" lon="42.94011510908604">
        <ele>1940.0</ele>
        <time>2025-06-27T10:52:17</time>
      </trkpt>
      <trkpt lat="41.1271689645946" lon="42.94017671607435">
        <ele>1940.0</ele>
        <time>2025-06-27T10:52:18</time>
      </trkpt>
      <trkpt lat="41.12713208422065" lon="42.940584160387516">
        <ele>1940.6</ele>
        <time>2025-06-27T10:52:25</time>
      </trkpt>
      <trkpt lat="41.127120684832335" lon="42.94069245457649">
        <ele>1940.6</ele>
        <time>2025-06-27T10:52:27</time>
      </trkpt>
      <trkpt lat="41.12708447501063" lon="42.94108187779784">
        <ele>1941.0</ele>
        <time>2025-06-27T10:52:34</time>
      </trkpt>
      <trkpt lat="41.12706569954753" lon="42.94130408205092">
        <ele>1941.1999999999998</ele>
        <time>2025-06-27T10:52:38</time>
      </trkpt>
      <trkpt lat="41.12703334540129" lon="42.94179811142385">
        <ele>1941.6</ele>
        <time>2025-06-27T10:52:47</time>
      </trkpt>
      <trkpt lat="41.127028902992606" lon="42.94185393489897">
        <ele>1941.8000000000002</ele>
        <time>2025-06-27T10:52:48</time>
      </trkpt>
      <trkpt lat="41.126999063417315" lon="42.942478973418474">
        <ele>1942.4</ele>
        <time>2025-06-27T10:52:59</time>
      </trkpt>
      <trkpt lat="41.126990765333176" lon="42.94281014241278">
        <ele>1942.8000000000002</ele>
        <time>2025-06-27T10:53:05</time>
      </trkpt>
      <trkpt lat="41.12698255106807" lon="42.94301952235401">
        <ele>1942.8000000000002</ele>
        <time>2025-06-27T10:53:09</time>
      </trkpt>
      <trkpt lat="41.12698037177324" lon="42.94342520646751">
        <ele>1943.0</ele>
        <time>2025-06-27T10:53:17</time>
      </trkpt>
      <trkpt lat="41.126988250762224" lon="42.943932730704546">
        <ele>1943.4</ele>
        <time>2025-06-27T10:53:27</time>
      </trkpt>
      <trkpt lat="41.12699504010379" lon="42.94414018280804">
        <ele>1943.8000000000002</ele>
        <time>2025-06-27T10:53:31</time>
      </trkpt>
      <trkpt lat="41.127007361501455" lon="42.94444972649217">
        <ele>1944.4</ele>
        <time>2025-06-27T10:53:37</time>
      </trkpt>
      <trkpt lat="41.12703854218125" lon="42.94504358433187">
        <ele>1944.6</ele>
        <time>2025-06-27T10:53:48</time>
      </trkpt>
      <trkpt lat="41.12707785330713" lon="42.94560399837792">
        <ele>1944.8000000000002</ele>
        <time>2025-06-27T10:53:58</time>
      </trkpt>
      <trkpt lat="41.127126635983586" lon="42.94623339548707">
        <ele>1945.6</ele>
        <time>2025-06-27T10:54:09</time>
      </trkpt>
      <trkpt lat="41.1271589063108" lon="42.94670504517853">
        <ele>1945.8000000000002</ele>
        <time>2025-06-27T10:54:17</time>
      </trkpt>
      <trkpt lat="41.12719813361764" lon="42.94725984334946">
        <ele>1945.4</ele>
        <time>2025-06-27T10:54:27</time>
      </trkpt>
      <trkpt lat="41.12724029459059" lon="42.947848001495004">
        <ele>1945.6</ele>
        <time>2025-06-27T10:54:38</time>
      </trkpt>
      <trkpt lat="41.127274660393596" lon="42.948388550430536">
        <ele>1946.0</ele>
        <time>2025-06-27T10:54:48</time>
      </trkpt>
      <trkpt lat="41.12728698179126" lon="42.948556020855904">
        <ele>1946.1999999999998</ele>
        <time>2025-06-27T10:54:51</time>
      </trkpt>
      <trkpt lat="41.127332746982574" lon="42.94922816567123">
        <ele>1946.8000000000002</ele>
        <time>2025-06-27T10:55:03</time>
      </trkpt>
      <trkpt lat="41.12737013027072" lon="42.949777599424124">
        <ele>1946.8000000000002</ele>
        <time>2025-06-27T10:55:13</time>
      </trkpt>
      <trkpt lat="41.127382116392255" lon="42.94994121417403">
        <ele>1947.0</ele>
        <time>2025-06-27T10:55:16</time>
      </trkpt>
      <trkpt lat="41.12741086632013" lon="42.95033038593829">
        <ele>1947.1999999999998</ele>
        <time>2025-06-27T10:55:23</time>
      </trkpt>
      <trkpt lat="41.12744774669409" lon="42.95087344944477">
        <ele>1947.4</ele>
        <time>2025-06-27T10:55:33</time>
      </trkpt>
      <trkpt lat="41.12749175168574" lon="42.95154442079365">
        <ele>1947.8000000000002</ele>
        <time>2025-06-27T10:55:45</time>
      </trkpt>
      <trkpt lat="41.12753986380994" lon="42.952151857316494">
        <ele>1948.0</ele>
        <time>2025-06-27T10:55:56</time>
      </trkpt>
      <trkpt lat="41.12758420407772" lon="42.952822241932154">
        <ele>1948.4</ele>
        <time>2025-06-27T10:56:08</time>
      </trkpt>
      <trkpt lat="41.12761706113815" lon="42.953291879966855">
        <ele>1948.6</ele>
        <time>2025-06-27T10:56:17</time>
      </trkpt>
      <trkpt lat="41.12764187157154" lon="42.953716507181525">
        <ele>1948.8000000000002</ele>
        <time>2025-06-27T10:56:25</time>
      </trkpt>
      <trkpt lat="41.12764472141862" lon="42.95377090573311">
        <ele>1948.8000000000002</ele>
        <time>2025-06-27T10:56:26</time>
      </trkpt>
      <trkpt lat="41.12768135033548" lon="42.954261330887675">
        <ele>1948.4</ele>
        <time>2025-06-27T10:56:35</time>
      </trkpt>
      <trkpt lat="41.12773071974516" lon="42.95461839996278">
        <ele>1948.1999999999998</ele>
        <time>2025-06-27T10:56:42</time>
      </trkpt>
      <trkpt lat="41.12781177274883" lon="42.95505308546126">
        <ele>1948.4</ele>
        <time>2025-06-27T10:56:50</time>
      </trkpt>
      <trkpt lat="41.12791017629206" lon="42.95552062802017">
        <ele>1948.4</ele>
        <time>2025-06-27T10:56:58</time>
      </trkpt>
      <trkpt lat="41.128026181831956" lon="42.95598297379911">
        <ele>1947.0</ele>
        <time>2025-06-27T10:57:06</time>
      </trkpt>
      <trkpt lat="41.128043280914426" lon="42.95604315586388">
        <ele>1947.0</ele>
        <time>2025-06-27T10:57:07</time>
      </trkpt>
      <trkpt lat="41.12821452319622" lon="42.95658462680876">
        <ele>1945.8000000000002</ele>
        <time>2025-06-27T10:57:16</time>
      </trkpt>
      <trkpt lat="41.12825618125498" lon="42.95670817606151">
        <ele>1945.6</ele>
        <time>2025-06-27T10:57:18</time>
      </trkpt>
      <trkpt lat="41.12839230336249" lon="42.957100784406066">
        <ele>1945.1999999999998</ele>
        <time>2025-06-27T10:57:24</time>
      </trkpt>
      <trkpt lat="41.1284658126533" lon="42.957308404147625">
        <ele>1944.8000000000002</ele>
        <time>2025-06-27T10:57:27</time>
      </trkpt>
      <trkpt lat="41.128599839285016" lon="42.95768433250487">
        <ele>1943.6</ele>
        <time>2025-06-27T10:57:32</time>
      </trkpt>
      <trkpt lat="41.1287887673825" lon="42.9581802058965">
        <ele>1942.4</ele>
        <time>2025-06-27T10:57:38</time>
      </trkpt>
      <trkpt lat="41.12882371991873" lon="42.95826863497496">
        <ele>1942.1999999999998</ele>
        <time>2025-06-27T10:57:39</time>
      </trkpt>
      <trkpt lat="41.128933522850275" lon="42.95854205265641">
        <ele>1941.1999999999998</ele>
        <time>2025-06-27T10:57:42</time>
      </trkpt>
      <trkpt lat="41.129095209762454" lon="42.958916053175926">
        <ele>1940.1999999999998</ele>
        <time>2025-06-27T10:57:46</time>
      </trkpt>
      <trkpt lat="41.129181291908026" lon="42.95910690911114">
        <ele>1939.0</ele>
        <time>2025-06-27T10:57:48</time>
      </trkpt>
      <trkpt lat="41.12926796078682" lon="42.95929826796055">
        <ele>1938.0</ele>
        <time>2025-06-27T10:57:50</time>
      </trkpt>
      <trkpt lat="41.12940106540918" lon="42.95958777889609">
        <ele>1936.8000000000002</ele>
        <time>2025-06-27T10:57:53</time>
      </trkpt>
      <trkpt lat="41.129582449793816" lon="42.959978710860014">
        <ele>1935.6</ele>
        <time>2025-06-27T10:57:57</time>
      </trkpt>
      <trkpt lat="41.129626873880625" lon="42.96007610857487">
        <ele>1935.1999999999998</ele>
        <time>2025-06-27T10:57:58</time>
      </trkpt>
      <trkpt lat="41.12971521914005" lon="42.96026285737753">
        <ele>1934.1999999999998</ele>
        <time>2025-06-27T10:58:00</time>
      </trkpt>
      <trkpt lat="41.12979769706726" lon="42.96044273301959">
        <ele>1933.1999999999998</ele>
        <time>2025-06-27T10:58:02</time>
      </trkpt>
      <trkpt lat="41.12987766042352" lon="42.96061992645264">
        <ele>1931.8000000000002</ele>
        <time>2025-06-27T10:58:04</time>
      </trkpt>
      <trkpt lat="41.12991705536842" lon="42.960710702463984">
        <ele>1931.4</ele>
        <time>2025-06-27T10:58:05</time>
      </trkpt>
      <trkpt lat="41.130000203847885" lon="42.96089611016214">
        <ele>1930.4</ele>
        <time>2025-06-27T10:58:07</time>
      </trkpt>
      <trkpt lat="41.130087627097964" lon="42.96108327805996">
        <ele>1929.0</ele>
        <time>2025-06-27T10:58:09</time>
      </trkpt>
      <trkpt lat="41.130173122510314" lon="42.96126843430102">
        <ele>1927.1999999999998</ele>
        <time>2025-06-27T10:58:11</time>
      </trkpt>
      <trkpt lat="41.130298264324665" lon="42.961537493392825">
        <ele>1926.8000000000002</ele>
        <time>2025-06-27T10:58:14</time>
      </trkpt>
      <trkpt lat="41.13037914969027" lon="42.96171301044524">
        <ele>1926.1999999999998</ele>
        <time>2025-06-27T10:58:16</time>
      </trkpt>
      <trkpt lat="41.130536226555705" lon="42.96204820275307">
        <ele>1925.0</ele>
        <time>2025-06-27T10:58:20</time>
      </trkpt>
      <trkpt lat="41.13061334006488" lon="42.962215170264244">
        <ele>1924.0</ele>
        <time>2025-06-27T10:58:22</time>
      </trkpt>
      <trkpt lat="41.13065131008625" lon="42.9622985702008">
        <ele>1923.8000000000002</ele>
        <time>2025-06-27T10:58:23</time>
      </trkpt>
      <trkpt lat="41.13072565756738" lon="42.96246511861682">
        <ele>1922.8000000000002</ele>
        <time>2025-06-27T10:58:25</time>
      </trkpt>
      <trkpt lat="41.13080000504851" lon="42.96262403950095">
        <ele>1921.6</ele>
        <time>2025-06-27T10:58:27</time>
      </trkpt>
      <trkpt lat="41.13087368197739" lon="42.962777176871896">
        <ele>1920.4</ele>
        <time>2025-06-27T10:58:29</time>
      </trkpt>
      <trkpt lat="41.13094626925886" lon="42.962930062785745">
        <ele>1919.6</ele>
        <time>2025-06-27T10:58:31</time>
      </trkpt>
      <trkpt lat="41.130981305614114" lon="42.963007343932986">
        <ele>1919.1999999999998</ele>
        <time>2025-06-27T10:58:32</time>
      </trkpt>
      <trkpt lat="41.13111700862646" lon="42.963313953951">
        <ele>1918.1999999999998</ele>
        <time>2025-06-27T10:58:36</time>
      </trkpt>
      <trkpt lat="41.13121080212295" lon="42.96352660283446">
        <ele>1917.8000000000002</ele>
        <time>2025-06-27T10:58:39</time>
      </trkpt>
      <trkpt lat="41.13136704079807" lon="42.96391476877034">
        <ele>1917.1999999999998</ele>
        <time>2025-06-27T10:58:45</time>
      </trkpt>
      <trkpt lat="41.13141657784581" lon="42.96403764747083">
        <ele>1916.8000000000002</ele>
        <time>2025-06-27T10:58:47</time>
      </trkpt>
      <trkpt lat="41.13161011599004" lon="42.96455061994493">
        <ele>1916.6</ele>
        <time>2025-06-27T10:58:56</time>
      </trkpt>
      <trkpt lat="41.13173207268119" lon="42.96489184722304">
        <ele>1917.1999999999998</ele>
        <time>2025-06-27T10:59:03</time>
      </trkpt>
      <trkpt lat="41.13183366134763" lon="42.965200217440724">
        <ele>1918.4</ele>
        <time>2025-06-27T10:59:10</time>
      </trkpt>
      <trkpt lat="41.13184648565948" lon="42.96524162404239">
        <ele>1918.4</ele>
        <time>2025-06-27T10:59:11</time>
      </trkpt>
      <trkpt lat="41.131933238357306" lon="42.96552727930248">
        <ele>1919.1999999999998</ele>
        <time>2025-06-27T10:59:19</time>
      </trkpt>
      <trkpt lat="41.13194128498435" lon="42.965558459982276">
        <ele>1919.4</ele>
        <time>2025-06-27T10:59:20</time>
      </trkpt>
      <trkpt lat="41.13199459388852" lon="42.965761721134186">
        <ele>1920.1999999999998</ele>
        <time>2025-06-27T10:59:27</time>
      </trkpt>
      <trkpt lat="41.132016303017735" lon="42.96581603586674">
        <ele>1920.4</ele>
        <time>2025-06-27T10:59:29</time>
      </trkpt>
      <trkpt lat="41.13206676207483" lon="42.965979650616646">
        <ele>1920.8000000000002</ele>
        <time>2025-06-27T10:59:35</time>
      </trkpt>
      <trkpt lat="41.13210406154394" lon="42.96612004749477">
        <ele>1921.6</ele>
        <time>2025-06-27T10:59:40</time>
      </trkpt>
      <trkpt lat="41.13213784061372" lon="42.96623253263533">
        <ele>1922.1999999999998</ele>
        <time>2025-06-27T10:59:44</time>
      </trkpt>
      <trkpt lat="41.13215141929686" lon="42.96628969721496">
        <ele>1922.6</ele>
        <time>2025-06-27T10:59:46</time>
      </trkpt>
      <trkpt lat="41.13218888640404" lon="42.96642271801829">
        <ele>1923.4</ele>
        <time>2025-06-27T10:59:51</time>
      </trkpt>
      <trkpt lat="41.1322220787406" lon="42.96655758284032">
        <ele>1923.8000000000002</ele>
        <time>2025-06-27T10:59:56</time>
      </trkpt>
      <trkpt lat="41.132234148681164" lon="42.966610472649336">
        <ele>1923.8000000000002</ele>
        <time>2025-06-27T10:59:58</time>
      </trkpt>
      <trkpt lat="41.13228770904243" lon="42.96681163832545">
        <ele>1924.8000000000002</ele>
        <time>2025-06-27T11:00:06</time>
      </trkpt>
      <trkpt lat="41.13232593052089" lon="42.96700023114681">
        <ele>1925.8000000000002</ele>
        <time>2025-06-27T11:00:13</time>
      </trkpt>
      <trkpt lat="41.1323359888047" lon="42.967025712132454">
        <ele>1925.8000000000002</ele>
        <time>2025-06-27T11:00:14</time>
      </trkpt>
      <trkpt lat="41.13238099962473" lon="42.96719963662326">
        <ele>1926.8000000000002</ele>
        <time>2025-06-27T11:00:21</time>
      </trkpt>
      <trkpt lat="41.132413102313876" lon="42.96732754446566">
        <ele>1928.0</ele>
        <time>2025-06-27T11:00:26</time>
      </trkpt>
      <trkpt lat="41.13243053667247" lon="42.9674013890326">
        <ele>1928.4</ele>
        <time>2025-06-27T11:00:29</time>
      </trkpt>
      <trkpt lat="41.13243875093758" lon="42.96745075844228">
        <ele>1928.4</ele>
        <time>2025-06-27T11:00:31</time>
      </trkpt>
      <trkpt lat="41.13245476037264" lon="42.96755117364228">
        <ele>1928.8000000000002</ele>
        <time>2025-06-27T11:00:35</time>
      </trkpt>
      <trkpt lat="41.132460376247764" lon="42.96757481060922">
        <ele>1929.0</ele>
        <time>2025-06-27T11:00:36</time>
      </trkpt>
      <trkpt lat="41.13248468376696" lon="42.96769752167165">
        <ele>1930.0</ele>
        <time>2025-06-27T11:00:41</time>
      </trkpt>
      <trkpt lat="41.13250278867781" lon="42.96778980642557">
        <ele>1930.6</ele>
        <time>2025-06-27T11:00:45</time>
      </trkpt>
      <trkpt lat="41.13251167349517" lon="42.96783858910203">
        <ele>1931.0</ele>
        <time>2025-06-27T11:00:47</time>
      </trkpt>
      <trkpt lat="41.13254528492689" lon="42.967998683452606">
        <ele>1932.1999999999998</ele>
        <time>2025-06-27T11:00:53</time>
      </trkpt>
      <trkpt lat="41.13254872150719" lon="42.96802575699985">
        <ele>1932.1999999999998</ele>
        <time>2025-06-27T11:00:54</time>
      </trkpt>
      <trkpt lat="41.13257789053023" lon="42.968191634863615">
        <ele>1933.4</ele>
        <time>2025-06-27T11:01:00</time>
      </trkpt>
      <trkpt lat="41.13258174620569" lon="42.96821912750602">
        <ele>1933.4</ele>
        <time>2025-06-27T11:01:01</time>
      </trkpt>
      <trkpt lat="41.13260764628649" lon="42.96835558488965">
        <ele>1934.1999999999998</ele>
        <time>2025-06-27T11:01:06</time>
      </trkpt>
      <trkpt lat="41.13262030296028" lon="42.968441750854254">
        <ele>1934.8000000000002</ele>
        <time>2025-06-27T11:01:09</time>
      </trkpt>
      <trkpt lat="41.132625164464116" lon="42.968470165506005">
        <ele>1935.1999999999998</ele>
        <time>2025-06-27T11:01:10</time>
      </trkpt>
      <trkpt lat="41.132649555802345" lon="42.9686136636883">
        <ele>1936.4</ele>
        <time>2025-06-27T11:01:15</time>
      </trkpt>
      <trkpt lat="41.13266095519066" lon="42.968701254576445">
        <ele>1936.6</ele>
        <time>2025-06-27T11:01:18</time>
      </trkpt>
      <trkpt lat="41.13269800320268" lon="42.968935780227184">
        <ele>1937.4</ele>
        <time>2025-06-27T11:01:26</time>
      </trkpt>
      <trkpt lat="41.13270261324942" lon="42.9689659550786">
        <ele>1937.8000000000002</ele>
        <time>2025-06-27T11:01:27</time>
      </trkpt>
      <trkpt lat="41.132725244387984" lon="42.96915119513869">
        <ele>1938.6</ele>
        <time>2025-06-27T11:01:33</time>
      </trkpt>
      <trkpt lat="41.13274393603206" lon="42.96931028366089">
        <ele>1939.6</ele>
        <time>2025-06-27T11:01:38</time>
      </trkpt>
      <trkpt lat="41.132757514715195" lon="42.96940458007157">
        <ele>1939.8000000000002</ele>
        <time>2025-06-27T11:01:41</time>
      </trkpt>
      <trkpt lat="41.13277846947312" lon="42.969569619745016">
        <ele>1941.0</ele>
        <time>2025-06-27T11:01:46</time>
      </trkpt>
      <trkpt lat="41.1327815707773" lon="42.969603231176734">
        <ele>1941.1999999999998</ele>
        <time>2025-06-27T11:01:47</time>
      </trkpt>
      <trkpt lat="41.132808392867446" lon="42.96986977569759">
        <ele>1942.1999999999998</ele>
        <time>2025-06-27T11:01:55</time>
      </trkpt>
      <trkpt lat="41.1328212171793" lon="42.96997237019241">
        <ele>1943.0</ele>
        <time>2025-06-27T11:01:58</time>
      </trkpt>
      <trkpt lat="41.132827838882804" lon="42.97004168853164">
        <ele>1943.4</ele>
        <time>2025-06-27T11:02:00</time>
      </trkpt>
      <trkpt lat="41.13284678198397" lon="42.970293732360005">
        <ele>1944.1999999999998</ele>
        <time>2025-06-27T11:02:07</time>
      </trkpt>
      <trkpt lat="41.132850889116526" lon="42.97033119946718">
        <ele>1944.6</ele>
        <time>2025-06-27T11:02:08</time>
      </trkpt>
      <trkpt lat="41.13287217915058" lon="42.970626913011074">
        <ele>1945.6</ele>
        <time>2025-06-27T11:02:16</time>
      </trkpt>
      <trkpt lat="41.132878214120865" lon="42.97069950029254">
        <ele>1945.8000000000002</ele>
        <time>2025-06-27T11:02:18</time>
      </trkpt>
      <trkpt lat="41.13289305008948" lon="42.970917681232095">
        <ele>1946.6</ele>
        <time>2025-06-27T11:02:24</time>
      </trkpt>
      <trkpt lat="41.13289598375559" lon="42.97105765901506">
        <ele>1946.8000000000002</ele>
        <time>2025-06-27T11:02:28</time>
      </trkpt>
      <trkpt lat="41.13291006535292" lon="42.97133652493358">
        <ele>1947.4</ele>
        <time>2025-06-27T11:02:36</time>
      </trkpt>
      <trkpt lat="41.1329110711813" lon="42.97137323766947">
        <ele>1948.0</ele>
        <time>2025-06-27T11:02:37</time>
      </trkpt>
      <trkpt lat="41.13291936926544" lon="42.97162075527012">
        <ele>1949.0</ele>
        <time>2025-06-27T11:02:44</time>
      </trkpt>
      <trkpt lat="41.13292054273188" lon="42.971655959263444">
        <ele>1949.0</ele>
        <time>2025-06-27T11:02:45</time>
      </trkpt>
      <trkpt lat="41.1329248175025" lon="42.97189258038998">
        <ele>1950.0</ele>
        <time>2025-06-27T11:02:52</time>
      </trkpt>
      <trkpt lat="41.13292448222637" lon="42.97199827618897">
        <ele>1950.4</ele>
        <time>2025-06-27T11:02:55</time>
      </trkpt>
      <trkpt lat="41.13292280584574" lon="42.97228259034455">
        <ele>1951.0</ele>
        <time>2025-06-27T11:03:03</time>
      </trkpt>
      <trkpt lat="41.13292498514056" lon="42.972389459609985">
        <ele>1951.4</ele>
        <time>2025-06-27T11:03:06</time>
      </trkpt>
      <trkpt lat="41.1329229734838" lon="42.97245995141566">
        <ele>1952.1999999999998</ele>
        <time>2025-06-27T11:03:08</time>
      </trkpt>
      <trkpt lat="41.13292230293155" lon="42.972566569224">
        <ele>1952.8000000000002</ele>
        <time>2025-06-27T11:03:11</time>
      </trkpt>
      <trkpt lat="41.132923644036055" lon="42.97267452813685">
        <ele>1953.1999999999998</ele>
        <time>2025-06-27T11:03:14</time>
      </trkpt>
      <trkpt lat="41.13292247056961" lon="42.97278315760195">
        <ele>1953.6</ele>
        <time>2025-06-27T11:03:17</time>
      </trkpt>
      <trkpt lat="41.13291651941836" lon="42.973000248894095">
        <ele>1954.4</ele>
        <time>2025-06-27T11:03:23</time>
      </trkpt>
      <trkpt lat="41.13291299901903" lon="42.97317719087005">
        <ele>1955.1999999999998</ele>
        <time>2025-06-27T11:03:28</time>
      </trkpt>
      <trkpt lat="41.132912915199995" lon="42.97328867018223">
        <ele>1955.4</ele>
        <time>2025-06-27T11:03:31</time>
      </trkpt>
      <trkpt lat="41.13290520384908" lon="42.97359720803797">
        <ele>1956.6</ele>
        <time>2025-06-27T11:03:39</time>
      </trkpt>
      <trkpt lat="41.132903695106506" lon="42.97393717803061">
        <ele>1957.4</ele>
        <time>2025-06-27T11:03:48</time>
      </trkpt>
      <trkpt lat="41.132903611287475" lon="42.973976489156485">
        <ele>1957.4</ele>
        <time>2025-06-27T11:03:49</time>
      </trkpt>
      <trkpt lat="41.13289833068848" lon="42.974291648715734">
        <ele>1958.6</ele>
        <time>2025-06-27T11:03:57</time>
      </trkpt>
      <trkpt lat="41.1328902002424" lon="42.974606808274984">
        <ele>1959.6</ele>
        <time>2025-06-27T11:04:05</time>
      </trkpt>
      <trkpt lat="41.13288961350918" lon="42.974646370857954">
        <ele>1960.0</ele>
        <time>2025-06-27T11:04:06</time>
      </trkpt>
      <trkpt lat="41.132882153615355" lon="42.974957255646586">
        <ele>1960.6</ele>
        <time>2025-06-27T11:04:14</time>
      </trkpt>
      <trkpt lat="41.132882069796324" lon="42.97499522566795">
        <ele>1960.8000000000002</ele>
        <time>2025-06-27T11:04:15</time>
      </trkpt>
      <trkpt lat="41.1328814830631" lon="42.97503319568932">
        <ele>1961.0</ele>
        <time>2025-06-27T11:04:16</time>
      </trkpt>
      <trkpt lat="41.132877711206675" lon="42.97530594281852">
        <ele>1961.8000000000002</ele>
        <time>2025-06-27T11:04:23</time>
      </trkpt>
      <trkpt lat="41.132873268797994" lon="42.975625628605485">
        <ele>1963.0</ele>
        <time>2025-06-27T11:04:31</time>
      </trkpt>
      <trkpt lat="41.13287025131285" lon="42.97570307739079">
        <ele>1963.1999999999998</ele>
        <time>2025-06-27T11:04:33</time>
      </trkpt>
      <trkpt lat="41.13286924548447" lon="42.97594313509762">
        <ele>1964.0</ele>
        <time>2025-06-27T11:04:39</time>
      </trkpt>
      <trkpt lat="41.13286438398063" lon="42.97606433741748">
        <ele>1964.6</ele>
        <time>2025-06-27T11:04:42</time>
      </trkpt>
      <trkpt lat="41.132859103381634" lon="42.976226191967726">
        <ele>1965.1999999999998</ele>
        <time>2025-06-27T11:04:46</time>
      </trkpt>
      <trkpt lat="41.132857678458095" lon="42.97650774009526">
        <ele>1966.0</ele>
        <time>2025-06-27T11:04:53</time>
      </trkpt>
      <trkpt lat="41.13285860046744" lon="42.976547637954354">
        <ele>1966.1999999999998</ele>
        <time>2025-06-27T11:04:54</time>
      </trkpt>
      <trkpt lat="41.13285164348781" lon="42.97682189382613">
        <ele>1967.0</ele>
        <time>2025-06-27T11:05:01</time>
      </trkpt>
      <trkpt lat="41.13285072147846" lon="42.97698190435767">
        <ele>1967.1999999999998</ele>
        <time>2025-06-27T11:05:05</time>
      </trkpt>
      <trkpt lat="41.13284485414624" lon="42.97726219519973">
        <ele>1968.4</ele>
        <time>2025-06-27T11:05:12</time>
      </trkpt>
      <trkpt lat="41.132843513041735" lon="42.977302093058825">
        <ele>1968.4</ele>
        <time>2025-06-27T11:05:13</time>
      </trkpt>
      <trkpt lat="41.1328436806798" lon="42.977384235709906">
        <ele>1968.8000000000002</ele>
        <time>2025-06-27T11:05:15</time>
      </trkpt>
      <trkpt lat="41.13284099847078" lon="42.97754223458469">
        <ele>1969.4</ele>
        <time>2025-06-27T11:05:19</time>
      </trkpt>
      <trkpt lat="41.1328418366611" lon="42.97764231450856">
        <ele>1969.6</ele>
        <time>2025-06-27T11:05:22</time>
      </trkpt>
      <trkpt lat="41.13284124992788" lon="42.97789787873626">
        <ele>1970.1999999999998</ele>
        <time>2025-06-27T11:05:30</time>
      </trkpt>
      <trkpt lat="41.13283974118531" lon="42.978018913418055">
        <ele>1970.4</ele>
        <time>2025-06-27T11:05:34</time>
      </trkpt>
      <trkpt lat="41.132838148623705" lon="42.978126872330904">
        <ele>1971.4</ele>
        <time>2025-06-27T11:05:37</time>
      </trkpt>
      <trkpt lat="41.132836639881134" lon="42.978166015818715">
        <ele>1971.6</ele>
        <time>2025-06-27T11:05:38</time>
      </trkpt>
      <trkpt lat="41.132831778377295" lon="42.97841152176261">
        <ele>1971.8000000000002</ele>
        <time>2025-06-27T11:05:45</time>
      </trkpt>
      <trkpt lat="41.132826413959265" lon="42.97869290225208">
        <ele>1972.0</ele>
        <time>2025-06-27T11:05:53</time>
      </trkpt>
      <trkpt lat="41.13282079808414" lon="42.978790048509836">
        <ele>1972.1999999999998</ele>
        <time>2025-06-27T11:05:58</time>
      </trkpt>
      <trkpt lat="41.132818115875125" lon="42.97878921031952">
        <ele>1972.1999999999998</ele>
        <time>2025-06-27T11:06:00</time>
      </trkpt>
      <trkpt lat="41.132816690951586" lon="42.978788455948234">
        <ele>1973.0</ele>
        <time>2025-06-27T11:06:09</time>
      </trkpt>
      <trkpt lat="41.13281543366611" lon="42.978788539767265">
        <ele>1973.0</ele>
        <time>2025-06-27T11:06:25</time>
      </trkpt>
      <trkpt lat="41.13281551748514" lon="42.97878728248179">
        <ele>1972.8000000000002</ele>
        <time>2025-06-27T11:06:41</time>
      </trkpt>
      <trkpt lat="41.132805962115526" lon="42.97886833548546">
        <ele>1972.8000000000002</ele>
        <time>2025-06-27T11:06:47</time>
      </trkpt>
      <trkpt lat="41.13280629739165" lon="42.979113422334194">
        <ele>1972.8000000000002</ele>
        <time>2025-06-27T11:06:54</time>
      </trkpt>
      <trkpt lat="41.13280671648681" lon="42.97924937680364">
        <ele>1973.0</ele>
        <time>2025-06-27T11:06:59</time>
      </trkpt>
      <trkpt lat="41.13280470483005" lon="42.979278629645705">
        <ele>1973.1999999999998</ele>
        <time>2025-06-27T11:07:00</time>
      </trkpt>
      <trkpt lat="41.13280126824975" lon="42.979478454217315">
        <ele>1973.6</ele>
        <time>2025-06-27T11:07:07</time>
      </trkpt>
      <trkpt lat="41.1328021902591" lon="42.979596555233">
        <ele>1973.8000000000002</ele>
        <time>2025-06-27T11:07:14</time>
      </trkpt>
      <trkpt lat="41.132803950458765" lon="42.979595717042685">
        <ele>1973.8000000000002</ele>
        <time>2025-06-27T11:07:28</time>
      </trkpt>
      <trkpt lat="41.1328040342778" lon="42.97959487885237">
        <ele>1974.0</ele>
        <time>2025-06-27T11:07:57</time>
      </trkpt>
      <trkpt lat="41.1328037828207" lon="42.9795949626714">
        <ele>1974.0</ele>
        <time>2025-06-27T11:08:06</time>
      </trkpt>
      <trkpt lat="41.132803950458765" lon="42.97959513030946">
        <ele>1974.1999999999998</ele>
        <time>2025-06-27T11:08:19</time>
      </trkpt>
      <trkpt lat="41.132801519706845" lon="42.97959160991013">
        <ele>1974.4</ele>
        <time>2025-06-27T11:08:31</time>
      </trkpt>
      <trkpt lat="41.132801938802004" lon="42.97959437593818">
        <ele>1974.4</ele>
        <time>2025-06-27T11:08:48</time>
      </trkpt>
      <trkpt lat="41.13279825076461" lon="42.97959261573851">
        <ele>1974.4</ele>
        <time>2025-06-27T11:09:03</time>
      </trkpt>
      <trkpt lat="41.13279833458364" lon="42.979591861367226">
        <ele>1974.8000000000002</ele>
        <time>2025-06-27T11:09:15</time>
      </trkpt>
      <trkpt lat="41.1327953170985" lon="42.97958574257791">
        <ele>1974.1999999999998</ele>
        <time>2025-06-27T11:09:35</time>
      </trkpt>
      <trkpt lat="41.13279431127012" lon="42.97958331182599">
        <ele>1974.1999999999998</ele>
        <time>2025-06-27T11:09:52</time>
      </trkpt>
      <trkpt lat="41.13279431127012" lon="42.97958582639694">
        <ele>1974.1999999999998</ele>
        <time>2025-06-27T11:10:06</time>
      </trkpt>
      <trkpt lat="41.13279389217496" lon="42.979585910215974">
        <ele>1974.1999999999998</ele>
        <time>2025-06-27T11:11:09</time>
      </trkpt>
      <trkpt lat="41.132793640717864" lon="42.979586496949196">
        <ele>1974.0</ele>
        <time>2025-06-27T11:11:28</time>
      </trkpt>
      <trkpt lat="41.1327953170985" lon="42.9796501994133">
        <ele>1974.0</ele>
        <time>2025-06-27T11:11:48</time>
      </trkpt>
      <trkpt lat="41.13279305398464" lon="42.979860082268715">
        <ele>1973.8000000000002</ele>
        <time>2025-06-27T11:11:56</time>
      </trkpt>
      <trkpt lat="41.13279037177563" lon="42.98008941113949">
        <ele>1974.0</ele>
        <time>2025-06-27T11:12:05</time>
      </trkpt>
      <trkpt lat="41.132790204137564" lon="42.980359895154834">
        <ele>1974.0</ele>
        <time>2025-06-27T11:12:14</time>
      </trkpt>
      <trkpt lat="41.13278701901436" lon="42.98057522624731">
        <ele>1974.0</ele>
        <time>2025-06-27T11:12:20</time>
      </trkpt>
      <trkpt lat="41.13277821801603" lon="42.98109850846231">
        <ele>1973.8000000000002</ele>
        <time>2025-06-27T11:12:33</time>
      </trkpt>
      <trkpt lat="41.132771763950586" lon="42.98149539157748">
        <ele>1973.8000000000002</ele>
        <time>2025-06-27T11:12:41</time>
      </trkpt>
      <trkpt lat="41.13276380114257" lon="42.98194005154073">
        <ele>1973.6</ele>
        <time>2025-06-27T11:12:48</time>
      </trkpt>
      <trkpt lat="41.13275424577296" lon="42.98244631849229">
        <ele>1972.4</ele>
        <time>2025-06-27T11:12:55</time>
      </trkpt>
      <trkpt lat="41.13275282084942" lon="42.98259216360748">
        <ele>1972.1999999999998</ele>
        <time>2025-06-27T11:12:57</time>
      </trkpt>
      <trkpt lat="41.13274083472788" lon="42.983310744166374">
        <ele>1971.4</ele>
        <time>2025-06-27T11:13:06</time>
      </trkpt>
      <trkpt lat="41.132725328207016" lon="42.98399705439806">
        <ele>1970.4</ele>
        <time>2025-06-27T11:13:14</time>
      </trkpt>
      <trkpt lat="41.13271141424775" lon="42.9847186524421">
        <ele>1969.8000000000002</ele>
        <time>2025-06-27T11:13:22</time>
      </trkpt>
      <trkpt lat="41.13270957022905" lon="42.9848066624254">
        <ele>1969.6</ele>
        <time>2025-06-27T11:13:23</time>
      </trkpt>
      <trkpt lat="41.13270789384842" lon="42.98489366658032">
        <ele>1969.1999999999998</ele>
        <time>2025-06-27T11:13:24</time>
      </trkpt>
      <trkpt lat="41.13270604982972" lon="42.985152415931225">
        <ele>1968.1999999999998</ele>
        <time>2025-06-27T11:13:27</time>
      </trkpt>
      <trkpt lat="41.13269733265042" lon="42.985643008723855">
        <ele>1967.1999999999998</ele>
        <time>2025-06-27T11:13:33</time>
      </trkpt>
      <trkpt lat="41.13269582390785" lon="42.985723139718175">
        <ele>1967.1999999999998</ele>
        <time>2025-06-27T11:13:34</time>
      </trkpt>
      <trkpt lat="41.13268392160535" lon="42.98630107194185">
        <ele>1967.0</ele>
        <time>2025-06-27T11:13:41</time>
      </trkpt>
      <trkpt lat="41.132673528045416" lon="42.98699383623898">
        <ele>1967.1999999999998</ele>
        <time>2025-06-27T11:13:50</time>
      </trkpt>
      <trkpt lat="41.132661793380976" lon="42.98767386004329">
        <ele>1967.0</ele>
        <time>2025-06-27T11:13:59</time>
      </trkpt>
      <trkpt lat="41.13264603540301" lon="42.98838263377547">
        <ele>1966.1999999999998</ele>
        <time>2025-06-27T11:14:08</time>
      </trkpt>
      <trkpt lat="41.13264536485076" lon="42.98853627406061">
        <ele>1965.6</ele>
        <time>2025-06-27T11:14:10</time>
      </trkpt>
      <trkpt lat="41.13263698294759" lon="42.98897121101618">
        <ele>1965.0</ele>
        <time>2025-06-27T11:14:16</time>
      </trkpt>
      <trkpt lat="41.13263430073857" lon="42.98926097340882">
        <ele>1964.8000000000002</ele>
        <time>2025-06-27T11:14:20</time>
      </trkpt>
      <trkpt lat="41.13262105733156" lon="42.990007381886244">
        <ele>1964.4</ele>
        <time>2025-06-27T11:14:30</time>
      </trkpt>
      <trkpt lat="41.13261770457029" lon="42.99015523865819">
        <ele>1964.4</ele>
        <time>2025-06-27T11:14:32</time>
      </trkpt>
      <trkpt lat="41.132606472820044" lon="42.99087063409388">
        <ele>1964.0</ele>
        <time>2025-06-27T11:14:42</time>
      </trkpt>
      <trkpt lat="41.1326052993536" lon="42.99100826494396">
        <ele>1964.0</ele>
        <time>2025-06-27T11:14:44</time>
      </trkpt>
      <trkpt lat="41.13259750418365" lon="42.99160304479301">
        <ele>1964.0</ele>
        <time>2025-06-27T11:14:53</time>
      </trkpt>
      <trkpt lat="41.1325862724334" lon="42.99233201891184">
        <ele>1964.0</ele>
        <time>2025-06-27T11:15:04</time>
      </trkpt>
      <trkpt lat="41.132585015147924" lon="42.99240058287978">
        <ele>1964.0</ele>
        <time>2025-06-27T11:15:05</time>
      </trkpt>
      <trkpt lat="41.132581662386656" lon="42.993139028549194">
        <ele>1964.1999999999998</ele>
        <time>2025-06-27T11:15:16</time>
      </trkpt>
      <trkpt lat="41.132579650729895" lon="42.99320465885103">
        <ele>1964.1999999999998</ele>
        <time>2025-06-27T11:15:17</time>
      </trkpt>
      <trkpt lat="41.132564060389996" lon="42.99385727383196">
        <ele>1964.4</ele>
        <time>2025-06-27T11:15:27</time>
      </trkpt>
      <trkpt lat="41.13255056552589" lon="42.994592785835266">
        <ele>1964.4</ele>
        <time>2025-06-27T11:15:38</time>
      </trkpt>
      <trkpt lat="41.1325466260314" lon="42.994792023673654">
        <ele>1964.1999999999998</ele>
        <time>2025-06-27T11:15:41</time>
      </trkpt>
      <trkpt lat="41.13254017196596" lon="42.995316395536065">
        <ele>1964.0</ele>
        <time>2025-06-27T11:15:49</time>
      </trkpt>
      <trkpt lat="41.132523911073804" lon="42.996024833992124">
        <ele>1964.1999999999998</ele>
        <time>2025-06-27T11:16:00</time>
      </trkpt>
      <trkpt lat="41.132508572191" lon="42.99676923081279">
        <ele>1964.0</ele>
        <time>2025-06-27T11:16:11</time>
      </trkpt>
      <trkpt lat="41.13249205984175" lon="42.997537180781364">
        <ele>1964.1999999999998</ele>
        <time>2025-06-27T11:16:22</time>
      </trkpt>
      <trkpt lat="41.132490215823054" lon="42.99760767258704">
        <ele>1964.1999999999998</ele>
        <time>2025-06-27T11:16:23</time>
      </trkpt>
      <trkpt lat="41.13247621804476" lon="42.99822919070721">
        <ele>1964.1999999999998</ele>
        <time>2025-06-27T11:16:32</time>
      </trkpt>
      <trkpt lat="41.13244931213558" lon="42.998960595577955">
        <ele>1964.4</ele>
        <time>2025-06-27T11:16:43</time>
      </trkpt>
      <trkpt lat="41.13244688138366" lon="42.99902681261301">
        <ele>1964.4</ele>
        <time>2025-06-27T11:16:44</time>
      </trkpt>
      <trkpt lat="41.13240824081004" lon="42.99976659938693">
        <ele>1964.6</ele>
        <time>2025-06-27T11:16:55</time>
      </trkpt>
      <trkpt lat="41.132400278002024" lon="42.99990205094218">
        <ele>1964.6</ele>
        <time>2025-06-27T11:16:57</time>
      </trkpt>
      <trkpt lat="41.13234546035528" lon="43.000649297609925">
        <ele>1965.0</ele>
        <time>2025-06-27T11:17:08</time>
      </trkpt>
      <trkpt lat="41.13233624026179" lon="43.00078541971743">
        <ele>1965.0</ele>
        <time>2025-06-27T11:17:10</time>
      </trkpt>
      <trkpt lat="41.1322807520628" lon="43.001466700807214">
        <ele>1965.0</ele>
        <time>2025-06-27T11:17:20</time>
      </trkpt>
      <trkpt lat="41.13226373679936" lon="43.001670464873314">
        <ele>1965.0</ele>
        <time>2025-06-27T11:17:23</time>
      </trkpt>
      <trkpt lat="41.132191149517894" lon="43.00236264243722">
        <ele>1965.6</ele>
        <time>2025-06-27T11:17:33</time>
      </trkpt>
      <trkpt lat="41.132106157019734" lon="43.003135873004794">
        <ele>1965.6</ele>
        <time>2025-06-27T11:17:44</time>
      </trkpt>
      <trkpt lat="41.13201856613159" lon="43.003909857943654">
        <ele>1965.8000000000002</ele>
        <time>2025-06-27T11:17:55</time>
      </trkpt>
      <trkpt lat="41.13201051950455" lon="43.003979343920946">
        <ele>1965.8000000000002</ele>
        <time>2025-06-27T11:17:56</time>
      </trkpt>
      <trkpt lat="41.13198637962341" lon="43.00419014878571">
        <ele>1966.0</ele>
        <time>2025-06-27T11:17:59</time>
      </trkpt>
      <trkpt lat="41.13191052339971" lon="43.00481007434428">
        <ele>1966.8000000000002</ele>
        <time>2025-06-27T11:18:08</time>
      </trkpt>
      <trkpt lat="41.13184355199337" lon="43.005410050973296">
        <ele>1967.0</ele>
        <time>2025-06-27T11:18:17</time>
      </trkpt>
      <trkpt lat="41.13182787783444" lon="43.00554005429149">
        <ele>1967.1999999999998</ele>
        <time>2025-06-27T11:18:19</time>
      </trkpt>
      <trkpt lat="41.13174581900239" lon="43.00623650662601">
        <ele>1968.0</ele>
        <time>2025-06-27T11:18:30</time>
      </trkpt>
      <trkpt lat="41.13167406991124" lon="43.006857270374894">
        <ele>1968.8000000000002</ele>
        <time>2025-06-27T11:18:40</time>
      </trkpt>
      <trkpt lat="41.13165529444814" lon="43.00703731365502">
        <ele>1969.1999999999998</ele>
        <time>2025-06-27T11:18:43</time>
      </trkpt>
      <trkpt lat="41.13162009045482" lon="43.00730461254716">
        <ele>1969.6</ele>
        <time>2025-06-27T11:18:48</time>
      </trkpt>
      <trkpt lat="41.13159041851759" lon="43.00756017677486">
        <ele>1970.4</ele>
        <time>2025-06-27T11:18:53</time>
      </trkpt>
      <trkpt lat="41.131547167897224" lon="43.00791540183127">
        <ele>1971.1999999999998</ele>
        <time>2025-06-27T11:19:00</time>
      </trkpt>
      <trkpt lat="41.13153560087085" lon="43.00801816396415">
        <ele>1971.4</ele>
        <time>2025-06-27T11:19:02</time>
      </trkpt>
      <trkpt lat="41.131474832072854" lon="43.00852979533374">
        <ele>1971.8000000000002</ele>
        <time>2025-06-27T11:19:12</time>
      </trkpt>
      <trkpt lat="41.131440130993724" lon="43.008824503049254">
        <ele>1972.4</ele>
        <time>2025-06-27T11:19:18</time>
      </trkpt>
      <trkpt lat="41.13141272217035" lon="43.009067913517356">
        <ele>1973.4</ele>
        <time>2025-06-27T11:19:23</time>
      </trkpt>
      <trkpt lat="41.131394198164344" lon="43.009211579337716">
        <ele>1973.6</ele>
        <time>2025-06-27T11:19:26</time>
      </trkpt>
      <trkpt lat="41.13135555759072" lon="43.00955490209162">
        <ele>1974.1999999999998</ele>
        <time>2025-06-27T11:19:33</time>
      </trkpt>
      <trkpt lat="41.13131825812161" lon="43.00985882990062">
        <ele>1974.6</ele>
        <time>2025-06-27T11:19:39</time>
      </trkpt>
      <trkpt lat="41.131286323070526" lon="43.01011338829994">
        <ele>1975.1999999999998</ele>
        <time>2025-06-27T11:19:44</time>
      </trkpt>
      <trkpt lat="41.131249610334635" lon="43.01041069440544">
        <ele>1975.4</ele>
        <time>2025-06-27T11:19:50</time>
      </trkpt>
      <trkpt lat="41.13122966140509" lon="43.010601215064526">
        <ele>1976.0</ele>
        <time>2025-06-27T11:19:54</time>
      </trkpt>
      <trkpt lat="41.131217340007424" lon="43.01069467328489">
        <ele>1976.6</ele>
        <time>2025-06-27T11:19:56</time>
      </trkpt>
      <trkpt lat="41.13118599168956" lon="43.01097471266985">
        <ele>1977.4</ele>
        <time>2025-06-27T11:20:02</time>
      </trkpt>
      <trkpt lat="41.131165539845824" lon="43.011153833940625">
        <ele>1977.6</ele>
        <time>2025-06-27T11:20:06</time>
      </trkpt>
      <trkpt lat="41.13113201223314" lon="43.01141635514796">
        <ele>1978.6</ele>
        <time>2025-06-27T11:20:12</time>
      </trkpt>
      <trkpt lat="41.13112572580576" lon="43.01146103069186">
        <ele>1978.8000000000002</ele>
        <time>2025-06-27T11:20:13</time>
      </trkpt>
      <trkpt lat="41.13108239136636" lon="43.011872079223394">
        <ele>1979.8000000000002</ele>
        <time>2025-06-27T11:20:22</time>
      </trkpt>
      <trkpt lat="41.131079122424126" lon="43.01191792823374">
        <ele>1979.8000000000002</ele>
        <time>2025-06-27T11:20:23</time>
      </trkpt>
      <trkpt lat="41.13102572970092" lon="43.01236376166344">
        <ele>1980.8000000000002</ele>
        <time>2025-06-27T11:20:33</time>
      </trkpt>
      <trkpt lat="41.13102036528289" lon="43.012408185750246">
        <ele>1980.8000000000002</ele>
        <time>2025-06-27T11:20:34</time>
      </trkpt>
      <trkpt lat="41.13097627647221" lon="43.012772714719176">
        <ele>1981.4</ele>
        <time>2025-06-27T11:20:42</time>
      </trkpt>
      <trkpt lat="41.130956914275885" lon="43.01290330477059">
        <ele>1982.0</ele>
        <time>2025-06-27T11:20:45</time>
      </trkpt>
      <trkpt lat="41.1309025157243" lon="43.0132550932467">
        <ele>1983.0</ele>
        <time>2025-06-27T11:20:53</time>
      </trkpt>
      <trkpt lat="41.130827916786075" lon="43.013697071000934">
        <ele>1984.0</ele>
        <time>2025-06-27T11:21:03</time>
      </trkpt>
      <trkpt lat="41.13081073388457" lon="43.01378482952714">
        <ele>1984.1999999999998</ele>
        <time>2025-06-27T11:21:05</time>
      </trkpt>
      <trkpt lat="41.13072255626321" lon="43.01418012008071">
        <ele>1985.0</ele>
        <time>2025-06-27T11:21:14</time>
      </trkpt>
      <trkpt lat="41.13068173639476" lon="43.014350021258">
        <ele>1985.4</ele>
        <time>2025-06-27T11:21:18</time>
      </trkpt>
      <trkpt lat="41.130615854635835" lon="43.01460969261825">
        <ele>1986.0</ele>
        <time>2025-06-27T11:21:24</time>
      </trkpt>
      <trkpt lat="41.13057017326355" lon="43.01478118635714">
        <ele>1987.1999999999998</ele>
        <time>2025-06-27T11:21:28</time>
      </trkpt>
      <trkpt lat="41.130533711984754" lon="43.014906914904714">
        <ele>1987.4</ele>
        <time>2025-06-27T11:21:31</time>
      </trkpt>
      <trkpt lat="41.13042734563351" lon="43.015280328691006">
        <ele>1988.4</ele>
        <time>2025-06-27T11:21:40</time>
      </trkpt>
      <trkpt lat="41.13039029762149" lon="43.01540572196245">
        <ele>1988.8000000000002</ele>
        <time>2025-06-27T11:21:43</time>
      </trkpt>
      <trkpt lat="41.130324583500624" lon="43.015615940093994">
        <ele>1989.4</ele>
        <time>2025-06-27T11:21:48</time>
      </trkpt>
      <trkpt lat="41.13023950718343" lon="43.01585943438113">
        <ele>1990.0</ele>
        <time>2025-06-27T11:21:54</time>
      </trkpt>
      <trkpt lat="41.13018133677542" lon="43.01602313295007">
        <ele>1990.1999999999998</ele>
        <time>2025-06-27T11:21:58</time>
      </trkpt>
      <trkpt lat="41.13010288216174" lon="43.01622404716909">
        <ele>1990.8000000000002</ele>
        <time>2025-06-27T11:22:03</time>
      </trkpt>
      <trkpt lat="41.130020739510655" lon="43.01642789505422">
        <ele>1991.4</ele>
        <time>2025-06-27T11:22:08</time>
      </trkpt>
      <trkpt lat="41.12997405230999" lon="43.01654607988894">
        <ele>1992.0</ele>
        <time>2025-06-27T11:22:11</time>
      </trkpt>
      <trkpt lat="41.129857460036874" lon="43.01682595163584">
        <ele>1992.4</ele>
        <time>2025-06-27T11:22:18</time>
      </trkpt>
      <trkpt lat="41.12984195351601" lon="43.016864927485585">
        <ele>1992.6</ele>
        <time>2025-06-27T11:22:19</time>
      </trkpt>
      <trkpt lat="41.1297232657671" lon="43.0171662569046">
        <ele>1993.0</ele>
        <time>2025-06-27T11:22:26</time>
      </trkpt>
      <trkpt lat="41.12956208176911" lon="43.01756154745817">
        <ele>1993.6</ele>
        <time>2025-06-27T11:22:35</time>
      </trkpt>
      <trkpt lat="41.12952092662454" lon="43.01764737814665">
        <ele>1994.0</ele>
        <time>2025-06-27T11:22:37</time>
      </trkpt>
      <trkpt lat="41.129403579980135" lon="43.017921885475516">
        <ele>1994.6</ele>
        <time>2025-06-27T11:22:43</time>
      </trkpt>
      <trkpt lat="41.12938363105059" lon="43.01796815358102">
        <ele>1994.8000000000002</ele>
        <time>2025-06-27T11:22:44</time>
      </trkpt>
      <trkpt lat="41.12924985587597" lon="43.01828792318702">
        <ele>1995.1999999999998</ele>
        <time>2025-06-27T11:22:52</time>
      </trkpt>
      <trkpt lat="41.129225213080645" lon="43.01836377941072">
        <ele>1995.4</ele>
        <time>2025-06-27T11:22:57</time>
      </trkpt>
      <trkpt lat="41.1292258836329" lon="43.01835858263075">
        <ele>1995.6</ele>
        <time>2025-06-27T11:23:05</time>
      </trkpt>
      <trkpt lat="41.1292274761945" lon="43.01835799589753">
        <ele>1996.1999999999998</ele>
        <time>2025-06-27T11:23:19</time>
      </trkpt>
      <trkpt lat="41.12922739237547" lon="43.0183597560972">
        <ele>1996.1999999999998</ele>
        <time>2025-06-27T11:23:27</time>
      </trkpt>
      <trkpt lat="41.12922680564225" lon="43.018359169363976">
        <ele>1996.1999999999998</ele>
        <time>2025-06-27T11:23:49</time>
      </trkpt>
      <trkpt lat="41.12922739237547" lon="43.018357660621405">
        <ele>1996.0</ele>
        <time>2025-06-27T11:24:14</time>
      </trkpt>
      <trkpt lat="41.12921859137714" lon="43.01837207749486">
        <ele>1996.1999999999998</ele>
        <time>2025-06-27T11:24:31</time>
      </trkpt>
      <trkpt lat="41.129173496738076" lon="43.018487663939595">
        <ele>1996.1999999999998</ele>
        <time>2025-06-27T11:24:35</time>
      </trkpt>
      <trkpt lat="41.12901675514877" lon="43.01887130364776">
        <ele>1996.4</ele>
        <time>2025-06-27T11:24:44</time>
      </trkpt>
      <trkpt lat="41.12885917536914" lon="43.01926936022937">
        <ele>1996.4</ele>
        <time>2025-06-27T11:24:52</time>
      </trkpt>
      <trkpt lat="41.12869665026665" lon="43.01966121420264">
        <ele>1996.1999999999998</ele>
        <time>2025-06-27T11:25:00</time>
      </trkpt>
      <trkpt lat="41.128585170954466" lon="43.01994795911014">
        <ele>1995.8000000000002</ele>
        <time>2025-06-27T11:25:06</time>
      </trkpt>
      <trkpt lat="41.128410156816244" lon="43.02035045810044">
        <ele>1995.6</ele>
        <time>2025-06-27T11:25:14</time>
      </trkpt>
      <trkpt lat="41.1282432731241" lon="43.020765110850334">
        <ele>1995.4</ele>
        <time>2025-06-27T11:25:22</time>
      </trkpt>
      <trkpt lat="41.128051495179534" lon="43.02122728899121">
        <ele>1994.8000000000002</ele>
        <time>2025-06-27T11:25:31</time>
      </trkpt>
      <trkpt lat="41.12802869640291" lon="43.021282609552145">
        <ele>1994.8000000000002</ele>
        <time>2025-06-27T11:25:32</time>
      </trkpt>
      <trkpt lat="41.12784127704799" lon="43.02172559313476">
        <ele>1994.6</ele>
        <time>2025-06-27T11:25:40</time>
      </trkpt>
      <trkpt lat="41.12760163843632" lon="43.02230075933039">
        <ele>1993.8000000000002</ele>
        <time>2025-06-27T11:25:49</time>
      </trkpt>
      <trkpt lat="41.127545312047005" lon="43.02243461832404">
        <ele>1993.8000000000002</ele>
        <time>2025-06-27T11:25:51</time>
      </trkpt>
      <trkpt lat="41.127311792224646" lon="43.02299888804555">
        <ele>1993.0</ele>
        <time>2025-06-27T11:25:59</time>
      </trkpt>
      <trkpt lat="41.127153960987926" lon="43.02337842062116">
        <ele>1992.4</ele>
        <time>2025-06-27T11:26:04</time>
      </trkpt>
      <trkpt lat="41.126991184428334" lon="43.02377589046955">
        <ele>1991.8000000000002</ele>
        <time>2025-06-27T11:26:09</time>
      </trkpt>
      <trkpt lat="41.1269237101078" lon="43.0239406786859">
        <ele>1991.4</ele>
        <time>2025-06-27T11:26:11</time>
      </trkpt>
      <trkpt lat="41.12667577341199" lon="43.024543169885874">
        <ele>1990.4</ele>
        <time>2025-06-27T11:26:18</time>
      </trkpt>
      <trkpt lat="41.12660218030214" lon="43.024719608947635">
        <ele>1990.1999999999998</ele>
        <time>2025-06-27T11:26:20</time>
      </trkpt>
      <trkpt lat="41.126348627731204" lon="43.02534154616296">
        <ele>1989.0</ele>
        <time>2025-06-27T11:26:27</time>
      </trkpt>
      <trkpt lat="41.12627813592553" lon="43.02551480010152">
        <ele>1988.8000000000002</ele>
        <time>2025-06-27T11:26:29</time>
      </trkpt>
      <trkpt lat="41.12603480927646" lon="43.026108238846064">
        <ele>1988.0</ele>
        <time>2025-06-27T11:26:36</time>
      </trkpt>
      <trkpt lat="41.125836158171296" lon="43.02663001231849">
        <ele>1987.0</ele>
        <time>2025-06-27T11:26:42</time>
      </trkpt>
      <trkpt lat="41.12580606713891" lon="43.026719614863396">
        <ele>1986.6</ele>
        <time>2025-06-27T11:26:43</time>
      </trkpt>
      <trkpt lat="41.125625520944595" lon="43.02738279104233">
        <ele>1985.8000000000002</ele>
        <time>2025-06-27T11:26:50</time>
      </trkpt>
      <trkpt lat="41.12558520399034" lon="43.02757783792913">
        <ele>1985.6</ele>
        <time>2025-06-27T11:26:52</time>
      </trkpt>
      <trkpt lat="41.12547975964844" lon="43.028272865340114">
        <ele>1984.6</ele>
        <time>2025-06-27T11:26:59</time>
      </trkpt>
      <trkpt lat="41.12544187344611" lon="43.02889463491738">
        <ele>1983.6</ele>
        <time>2025-06-27T11:27:05</time>
      </trkpt>
      <trkpt lat="41.12543952651322" lon="43.029099656268954">
        <ele>1983.4</ele>
        <time>2025-06-27T11:27:07</time>
      </trkpt>
      <trkpt lat="41.12545830197632" lon="43.02960215136409">
        <ele>1982.4</ele>
        <time>2025-06-27T11:27:12</time>
      </trkpt>
      <trkpt lat="41.12548311240971" lon="43.02990230731666">
        <ele>1982.0</ele>
        <time>2025-06-27T11:27:15</time>
      </trkpt>
      <trkpt lat="41.125592328608036" lon="43.03059909492731">
        <ele>1981.6</ele>
        <time>2025-06-27T11:27:22</time>
      </trkpt>
      <trkpt lat="41.125655779615045" lon="43.03090000525117">
        <ele>1981.4</ele>
        <time>2025-06-27T11:27:25</time>
      </trkpt>
      <trkpt lat="41.12578310072422" lon="43.03138221614063">
        <ele>1980.8000000000002</ele>
        <time>2025-06-27T11:27:30</time>
      </trkpt>
      <trkpt lat="41.126038413494825" lon="43.03209635429084">
        <ele>1980.4</ele>
        <time>2025-06-27T11:27:38</time>
      </trkpt>
      <trkpt lat="41.12607479095459" lon="43.03217698819935">
        <ele>1980.4</ele>
        <time>2025-06-27T11:27:39</time>
      </trkpt>
      <trkpt lat="41.126188449561596" lon="43.0324110109359">
        <ele>1980.1999999999998</ele>
        <time>2025-06-27T11:27:42</time>
      </trkpt>
      <trkpt lat="41.12639137543738" lon="43.03279649466276">
        <ele>1980.0</ele>
        <time>2025-06-27T11:27:47</time>
      </trkpt>
      <trkpt lat="41.12675246782601" lon="43.03335162810981">
        <ele>1979.4</ele>
        <time>2025-06-27T11:27:55</time>
      </trkpt>
      <trkpt lat="41.12690200097859" lon="43.0335405562073">
        <ele>1979.1999999999998</ele>
        <time>2025-06-27T11:27:58</time>
      </trkpt>
      <trkpt lat="41.12721364013851" lon="43.033895026892424">
        <ele>1979.0</ele>
        <time>2025-06-27T11:28:04</time>
      </trkpt>
      <trkpt lat="41.12764514051378" lon="43.03429258055985">
        <ele>1978.4</ele>
        <time>2025-06-27T11:28:12</time>
      </trkpt>
      <trkpt lat="41.127855107188225" lon="43.034457033500075">
        <ele>1978.1999999999998</ele>
        <time>2025-06-27T11:28:16</time>
      </trkpt>
      <trkpt lat="41.1281103361398" lon="43.0346542596817">
        <ele>1978.0</ele>
        <time>2025-06-27T11:28:21</time>
      </trkpt>
      <trkpt lat="41.12860989756882" lon="43.03503194823861">
        <ele>1977.4</ele>
        <time>2025-06-27T11:28:31</time>
      </trkpt>
      <trkpt lat="41.1287110671401" lon="43.035109397023916">
        <ele>1977.1999999999998</ele>
        <time>2025-06-27T11:28:33</time>
      </trkpt>
      <trkpt lat="41.12904852256179" lon="43.0353641230613">
        <ele>1976.4</ele>
        <time>2025-06-27T11:28:40</time>
      </trkpt>
      <trkpt lat="41.12952000461519" lon="43.0357232876122">
        <ele>1976.4</ele>
        <time>2025-06-27T11:28:50</time>
      </trkpt>
      <trkpt lat="41.129612708464265" lon="43.035793444141746">
        <ele>1976.4</ele>
        <time>2025-06-27T11:28:52</time>
      </trkpt>
      <trkpt lat="41.130075389519334" lon="43.036146657541394">
        <ele>1976.6</ele>
        <time>2025-06-27T11:29:02</time>
      </trkpt>
      <trkpt lat="41.13048912025988" lon="43.03646743297577">
        <ele>1976.0</ele>
        <time>2025-06-27T11:29:11</time>
      </trkpt>
      <trkpt lat="41.1308195348829" lon="43.03672735579312">
        <ele>1975.0</ele>
        <time>2025-06-27T11:29:18</time>
      </trkpt>
      <trkpt lat="41.131010726094246" lon="43.03688418120146">
        <ele>1974.6</ele>
        <time>2025-06-27T11:29:22</time>
      </trkpt>
      <trkpt lat="41.13119705580175" lon="43.037051567807794">
        <ele>1974.0</ele>
        <time>2025-06-27T11:29:26</time>
      </trkpt>
      <trkpt lat="41.131459744647145" lon="43.03732942789793">
        <ele>1973.6</ele>
        <time>2025-06-27T11:29:32</time>
      </trkpt>
      <trkpt lat="41.13180289976299" lon="43.03779906593263">
        <ele>1973.1999999999998</ele>
        <time>2025-06-27T11:29:41</time>
      </trkpt>
      <trkpt lat="41.13198587670922" lon="43.03810919634998">
        <ele>1973.0</ele>
        <time>2025-06-27T11:29:46</time>
      </trkpt>
      <trkpt lat="41.13208746537566" lon="43.03831463679671">
        <ele>1972.8000000000002</ele>
        <time>2025-06-27T11:29:49</time>
      </trkpt>
      <trkpt lat="41.13230003044009" lon="43.03883749991655">
        <ele>1972.1999999999998</ele>
        <time>2025-06-27T11:29:56</time>
      </trkpt>
      <trkpt lat="41.132325595244765" lon="43.03891779854894">
        <ele>1972.0</ele>
        <time>2025-06-27T11:29:57</time>
      </trkpt>
      <trkpt lat="41.1324483063072" lon="43.03933538496494">
        <ele>1970.8000000000002</ele>
        <time>2025-06-27T11:30:02</time>
      </trkpt>
      <trkpt lat="41.13255978561938" lon="43.039882807061076">
        <ele>1969.8000000000002</ele>
        <time>2025-06-27T11:30:08</time>
      </trkpt>
      <trkpt lat="41.132569927722216" lon="43.0399801209569">
        <ele>1969.6</ele>
        <time>2025-06-27T11:30:09</time>
      </trkpt>
      <trkpt lat="41.13260203041136" lon="43.04038563743234">
        <ele>1968.6</ele>
        <time>2025-06-27T11:30:13</time>
      </trkpt>
      <trkpt lat="41.13261267542839" lon="43.04081001318991">
        <ele>1967.8000000000002</ele>
        <time>2025-06-27T11:30:17</time>
      </trkpt>
      <trkpt lat="41.1326068919152" lon="43.04102819412947">
        <ele>1967.6</ele>
        <time>2025-06-27T11:30:19</time>
      </trkpt>
      <trkpt lat="41.13257160410285" lon="43.041473273187876">
        <ele>1966.4</ele>
        <time>2025-06-27T11:30:23</time>
      </trkpt>
      <trkpt lat="41.13255777396262" lon="43.04158525541425">
        <ele>1966.0</ele>
        <time>2025-06-27T11:30:24</time>
      </trkpt>
      <trkpt lat="41.132524916902184" lon="43.04180972278118">
        <ele>1965.1999999999998</ele>
        <time>2025-06-27T11:30:26</time>
      </trkpt>
      <trkpt lat="41.13244076259434" lon="43.04225488565862">
        <ele>1964.1999999999998</ele>
        <time>2025-06-27T11:30:30</time>
      </trkpt>
      <trkpt lat="41.13239508122206" lon="43.04247424006462">
        <ele>1963.8000000000002</ele>
        <time>2025-06-27T11:30:32</time>
      </trkpt>
      <trkpt lat="41.13235090859234" lon="43.04269359447062">
        <ele>1963.1999999999998</ele>
        <time>2025-06-27T11:30:34</time>
      </trkpt>
      <trkpt lat="41.1322358250618" lon="43.04324956610799">
        <ele>1962.1999999999998</ele>
        <time>2025-06-27T11:30:39</time>
      </trkpt>
      <trkpt lat="41.13221134990454" lon="43.04336305707693">
        <ele>1961.6</ele>
        <time>2025-06-27T11:30:40</time>
      </trkpt>
      <trkpt lat="41.132163824513555" lon="43.04359070956707">
        <ele>1960.8000000000002</ele>
        <time>2025-06-27T11:30:42</time>
      </trkpt>
      <trkpt lat="41.132059721276164" lon="43.04404811002314">
        <ele>1959.8000000000002</ele>
        <time>2025-06-27T11:30:46</time>
      </trkpt>
      <trkpt lat="41.132002137601376" lon="43.04427534341812">
        <ele>1959.0</ele>
        <time>2025-06-27T11:30:48</time>
      </trkpt>
      <trkpt lat="41.13194329664111" lon="43.04450299590826">
        <ele>1958.1999999999998</ele>
        <time>2025-06-27T11:30:50</time>
      </trkpt>
      <trkpt lat="41.131853107362986" lon="43.0448464024812">
        <ele>1957.1999999999998</ele>
        <time>2025-06-27T11:30:53</time>
      </trkpt>
      <trkpt lat="41.13176601938903" lon="43.04519391618669">
        <ele>1956.1999999999998</ele>
        <time>2025-06-27T11:30:56</time>
      </trkpt>
      <trkpt lat="41.13171053119004" lon="43.04542944766581">
        <ele>1955.1999999999998</ele>
        <time>2025-06-27T11:30:58</time>
      </trkpt>
      <trkpt lat="41.13166183233261" lon="43.04567143321037">
        <ele>1955.0</ele>
        <time>2025-06-27T11:31:00</time>
      </trkpt>
      <trkpt lat="41.13157784566283" lon="43.046167474240065">
        <ele>1953.8000000000002</ele>
        <time>2025-06-27T11:31:04</time>
      </trkpt>
      <trkpt lat="41.13155722618103" lon="43.04629370570183">
        <ele>1953.6</ele>
        <time>2025-06-27T11:31:05</time>
      </trkpt>
      <trkpt lat="41.13145111128688" lon="43.0469271261245">
        <ele>1952.0</ele>
        <time>2025-06-27T11:31:10</time>
      </trkpt>
      <trkpt lat="41.13136092200875" lon="43.04743775166571">
        <ele>1951.0</ele>
        <time>2025-06-27T11:31:14</time>
      </trkpt>
      <trkpt lat="41.13133644685149" lon="43.04756666533649">
        <ele>1950.4</ele>
        <time>2025-06-27T11:31:15</time>
      </trkpt>
      <trkpt lat="41.13128221593797" lon="43.04782549850643">
        <ele>1949.8000000000002</ele>
        <time>2025-06-27T11:31:17</time>
      </trkpt>
      <trkpt lat="41.131199318915606" lon="43.04821793921292">
        <ele>1948.8000000000002</ele>
        <time>2025-06-27T11:31:20</time>
      </trkpt>
      <trkpt lat="41.13111776299775" lon="43.04861566051841">
        <ele>1947.8000000000002</ele>
        <time>2025-06-27T11:31:23</time>
      </trkpt>
      <trkpt lat="41.13108968362212" lon="43.048748010769486">
        <ele>1947.1999999999998</ele>
        <time>2025-06-27T11:31:24</time>
      </trkpt>
      <trkpt lat="41.13103821873665" lon="43.04901589639485">
        <ele>1946.6</ele>
        <time>2025-06-27T11:31:26</time>
      </trkpt>
      <trkpt lat="41.13094601780176" lon="43.04954999126494">
        <ele>1945.6</ele>
        <time>2025-06-27T11:31:30</time>
      </trkpt>
      <trkpt lat="41.13091433420777" lon="43.04981536231935">
        <ele>1945.0</ele>
        <time>2025-06-27T11:31:32</time>
      </trkpt>
      <trkpt lat="41.13088868558407" lon="43.050206461921334">
        <ele>1944.1999999999998</ele>
        <time>2025-06-27T11:31:35</time>
      </trkpt>
      <trkpt lat="41.130888517946005" lon="43.050581803545356">
        <ele>1943.0</ele>
        <time>2025-06-27T11:31:38</time>
      </trkpt>
      <trkpt lat="41.13090000115335" lon="43.050820268690586">
        <ele>1941.6</ele>
        <time>2025-06-27T11:31:40</time>
      </trkpt>
      <trkpt lat="41.13096110522747" lon="43.05137070827186">
        <ele>1940.8000000000002</ele>
        <time>2025-06-27T11:31:45</time>
      </trkpt>
      <trkpt lat="41.13106185570359" lon="43.051836574450135">
        <ele>1940.1999999999998</ele>
        <time>2025-06-27T11:31:50</time>
      </trkpt>
      <trkpt lat="41.13108943216503" lon="43.051907401531935">
        <ele>1940.1999999999998</ele>
        <time>2025-06-27T11:31:51</time>
      </trkpt>
      <trkpt lat="41.13122312352061" lon="43.05217679589987">
        <ele>1940.1999999999998</ele>
        <time>2025-06-27T11:31:56</time>
      </trkpt>
      <trkpt lat="41.1312841437757" lon="43.052296824753284">
        <ele>1940.0</ele>
        <time>2025-06-27T11:32:00</time>
      </trkpt>
      <trkpt lat="41.131330663338304" lon="43.052305206656456">
        <ele>1940.0</ele>
        <time>2025-06-27T11:32:04</time>
      </trkpt>
      <trkpt lat="41.13139000721276" lon="43.05228014476597">
        <ele>1939.8000000000002</ele>
        <time>2025-06-27T11:32:09</time>
      </trkpt>
      <trkpt lat="41.13141096197069" lon="43.0522527359426">
        <ele>1939.8000000000002</ele>
        <time>2025-06-27T11:32:13</time>
      </trkpt>
      <trkpt lat="41.131412805989385" lon="43.05224888026714">
        <ele>1939.8000000000002</ele>
        <time>2025-06-27T11:32:18</time>
      </trkpt>
      <trkpt lat="41.13141121342778" lon="43.05224737152457">
        <ele>1939.8000000000002</ele>
        <time>2025-06-27T11:32:30</time>
      </trkpt>
      <trkpt lat="41.13141272217035" lon="43.05224594660103">
        <ele>1939.6</ele>
        <time>2025-06-27T11:32:49</time>
      </trkpt>
      <trkpt lat="41.13141163252294" lon="43.052244102582335">
        <ele>1939.8000000000002</ele>
        <time>2025-06-27T11:33:23</time>
      </trkpt>
      <trkpt lat="41.13141112960875" lon="43.05224284529686">
        <ele>1941.0</ele>
        <time>2025-06-27T11:34:01</time>
      </trkpt>
      <trkpt lat="41.13141029141843" lon="43.05224435403943">
        <ele>1940.6</ele>
        <time>2025-06-27T11:34:08</time>
      </trkpt>
      <trkpt lat="41.13140802830458" lon="43.05224594660103">
        <ele>1940.6</ele>
        <time>2025-06-27T11:34:22</time>
      </trkpt>
      <trkpt lat="41.13140559755266" lon="43.05223463103175">
        <ele>1940.1999999999998</ele>
        <time>2025-06-27T11:34:45</time>
      </trkpt>
      <trkpt lat="41.131359999999404" lon="43.052173778414726">
        <ele>1940.6</ele>
        <time>2025-06-27T11:34:49</time>
      </trkpt>
      <trkpt lat="41.13122144713998" lon="43.052106304094195">
        <ele>1940.8000000000002</ele>
        <time>2025-06-27T11:34:57</time>
      </trkpt>
      <trkpt lat="41.13120091147721" lon="43.05210814811289">
        <ele>1940.8000000000002</ele>
        <time>2025-06-27T11:34:58</time>
      </trkpt>
      <trkpt lat="41.131174927577376" lon="43.052172185853124">
        <ele>1940.6</ele>
        <time>2025-06-27T11:35:01</time>
      </trkpt>
      <trkpt lat="41.131188506260514" lon="43.052239241078496">
        <ele>1940.6</ele>
        <time>2025-06-27T11:35:03</time>
      </trkpt>
      <trkpt lat="41.13124407827854" lon="43.052414087578654">
        <ele>1940.6</ele>
        <time>2025-06-27T11:35:08</time>
      </trkpt>
      <trkpt lat="41.13136813044548" lon="43.052709717303514">
        <ele>1940.8000000000002</ele>
        <time>2025-06-27T11:35:16</time>
      </trkpt>
      <trkpt lat="41.13154415041208" lon="43.05310542695224">
        <ele>1941.0</ele>
        <time>2025-06-27T11:35:26</time>
      </trkpt>
      <trkpt lat="41.13176836632192" lon="43.05350264534354">
        <ele>1941.0</ele>
        <time>2025-06-27T11:35:36</time>
      </trkpt>
      <trkpt lat="41.13203742541373" lon="43.05388410575688">
        <ele>1941.1999999999998</ele>
        <time>2025-06-27T11:35:46</time>
      </trkpt>
      <trkpt lat="41.13237513229251" lon="43.05425584316254">
        <ele>1941.4</ele>
        <time>2025-06-27T11:35:56</time>
      </trkpt>
      <trkpt lat="41.132520558312535" lon="43.05439783260226">
        <ele>1941.8000000000002</ele>
        <time>2025-06-27T11:36:00</time>
      </trkpt>
      <trkpt lat="41.13277201540768" lon="43.054639818146825">
        <ele>1942.1999999999998</ele>
        <time>2025-06-27T11:36:07</time>
      </trkpt>
      <trkpt lat="41.13319563679397" lon="43.05505497381091">
        <ele>1942.1999999999998</ele>
        <time>2025-06-27T11:36:19</time>
      </trkpt>
      <trkpt lat="41.133522279560566" lon="43.05537256412208">
        <ele>1942.8000000000002</ele>
        <time>2025-06-27T11:36:28</time>
      </trkpt>
      <trkpt lat="41.13358933478594" lon="43.055437272414565">
        <ele>1943.0</ele>
        <time>2025-06-27T11:36:30</time>
      </trkpt>
      <trkpt lat="41.1339972820133" lon="43.05583423934877">
        <ele>1943.6</ele>
        <time>2025-06-27T11:36:42</time>
      </trkpt>
      <trkpt lat="41.13403173163533" lon="43.055867766961455">
        <ele>1943.6</ele>
        <time>2025-06-27T11:36:43</time>
      </trkpt>
      <trkpt lat="41.134408665820956" lon="43.05623942054808">
        <ele>1944.6</ele>
        <time>2025-06-27T11:36:54</time>
      </trkpt>
      <trkpt lat="41.134478487074375" lon="43.05630429647863">
        <ele>1944.6</ele>
        <time>2025-06-27T11:36:56</time>
      </trkpt>
      <trkpt lat="41.13475517369807" lon="43.056576289236546">
        <ele>1945.0</ele>
        <time>2025-06-27T11:37:04</time>
      </trkpt>
      <trkpt lat="41.13489355891943" lon="43.0567098967731">
        <ele>1945.4</ele>
        <time>2025-06-27T11:37:08</time>
      </trkpt>
      <trkpt lat="41.13517024554312" lon="43.05698012933135">
        <ele>1946.0</ele>
        <time>2025-06-27T11:37:16</time>
      </trkpt>
      <trkpt lat="41.135339476168156" lon="43.05714684538543">
        <ele>1946.1999999999998</ele>
        <time>2025-06-27T11:37:21</time>
      </trkpt>
      <trkpt lat="41.13547643646598" lon="43.05727978236973">
        <ele>1946.4</ele>
        <time>2025-06-27T11:37:25</time>
      </trkpt>
      <trkpt lat="41.135785980150104" lon="43.05758111178875">
        <ele>1946.8000000000002</ele>
        <time>2025-06-27T11:37:34</time>
      </trkpt>
      <trkpt lat="41.135992761701345" lon="43.05778403766453">
        <ele>1947.4</ele>
        <time>2025-06-27T11:37:40</time>
      </trkpt>
      <trkpt lat="41.13612670451403" lon="43.05791990831494">
        <ele>1947.8000000000002</ele>
        <time>2025-06-27T11:37:44</time>
      </trkpt>
      <trkpt lat="41.13641914911568" lon="43.05821008980274">
        <ele>1948.4</ele>
        <time>2025-06-27T11:37:53</time>
      </trkpt>
      <trkpt lat="41.1364509165287" lon="43.05824177339673">
        <ele>1948.6</ele>
        <time>2025-06-27T11:37:54</time>
      </trkpt>
      <trkpt lat="41.136742774397135" lon="43.058523992076516">
        <ele>1949.1999999999998</ele>
        <time>2025-06-27T11:38:03</time>
      </trkpt>
      <trkpt lat="41.13680647686124" lon="43.058589370921254">
        <ele>1949.4</ele>
        <time>2025-06-27T11:38:05</time>
      </trkpt>
      <trkpt lat="41.137140998616815" lon="43.058922216296196">
        <ele>1950.1999999999998</ele>
        <time>2025-06-27T11:38:15</time>
      </trkpt>
      <trkpt lat="41.1372437607497" lon="43.05902891792357">
        <ele>1950.4</ele>
        <time>2025-06-27T11:38:18</time>
      </trkpt>
      <trkpt lat="41.137487422674894" lon="43.05928842164576">
        <ele>1950.6</ele>
        <time>2025-06-27T11:38:25</time>
      </trkpt>
      <trkpt lat="41.13762153312564" lon="43.05944725871086">
        <ele>1950.6</ele>
        <time>2025-06-27T11:38:29</time>
      </trkpt>
      <trkpt lat="41.13781834021211" lon="43.059700978919864">
        <ele>1951.4</ele>
        <time>2025-06-27T11:38:35</time>
      </trkpt>
      <trkpt lat="41.13798069767654" lon="43.05993273854256">
        <ele>1951.6</ele>
        <time>2025-06-27T11:38:40</time>
      </trkpt>
      <trkpt lat="41.13832477480173" lon="43.06050798855722">
        <ele>1952.4</ele>
        <time>2025-06-27T11:38:51</time>
      </trkpt>
      <trkpt lat="41.138355704024434" lon="43.06056381203234">
        <ele>1952.4</ele>
        <time>2025-06-27T11:38:52</time>
      </trkpt>
      <trkpt lat="41.138647394254804" lon="43.061163453385234">
        <ele>1953.4</ele>
        <time>2025-06-27T11:39:02</time>
      </trkpt>
      <trkpt lat="41.13885015249252" lon="43.061718083918095">
        <ele>1953.8000000000002</ele>
        <time>2025-06-27T11:39:10</time>
      </trkpt>
      <trkpt lat="41.13905022852123" lon="43.06240648962557">
        <ele>1954.0</ele>
        <time>2025-06-27T11:39:19</time>
      </trkpt>
      <trkpt lat="41.139090629294515" lon="43.062568260356784">
        <ele>1954.0</ele>
        <time>2025-06-27T11:39:21</time>
      </trkpt>
      <trkpt lat="41.139233373105526" lon="43.06333478540182">
        <ele>1954.0</ele>
        <time>2025-06-27T11:39:30</time>
      </trkpt>
      <trkpt lat="41.13935239613056" lon="43.06406090967357">
        <ele>1954.0</ele>
        <time>2025-06-27T11:39:38</time>
      </trkpt>
      <trkpt lat="41.139367735013366" lon="43.06415361352265">
        <ele>1954.0</ele>
        <time>2025-06-27T11:39:39</time>
      </trkpt>
      <trkpt lat="41.13949061371386" lon="43.0649037938565">
        <ele>1953.8000000000002</ele>
        <time>2025-06-27T11:39:47</time>
      </trkpt>
      <trkpt lat="41.13955423235893" lon="43.06528978049755">
        <ele>1953.1999999999998</ele>
        <time>2025-06-27T11:39:51</time>
      </trkpt>
      <trkpt lat="41.13962095230818" lon="43.06567836552858">
        <ele>1952.4</ele>
        <time>2025-06-27T11:39:55</time>
      </trkpt>
      <trkpt lat="41.13973829895258" lon="43.06638428941369">
        <ele>1951.4</ele>
        <time>2025-06-27T11:40:02</time>
      </trkpt>
      <trkpt lat="41.13975548185408" lon="43.06648428551853">
        <ele>1951.4</ele>
        <time>2025-06-27T11:40:03</time>
      </trkpt>
      <trkpt lat="41.13988540135324" lon="43.067266484722495">
        <ele>1950.4</ele>
        <time>2025-06-27T11:40:11</time>
      </trkpt>
      <trkpt lat="41.14001037552953" lon="43.068038960918784">
        <ele>1949.4</ele>
        <time>2025-06-27T11:40:19</time>
      </trkpt>
      <trkpt lat="41.14002663642168" lon="43.0681349337101">
        <ele>1949.1999999999998</ele>
        <time>2025-06-27T11:40:20</time>
      </trkpt>
      <trkpt lat="41.14004373550415" lon="43.068230990320444">
        <ele>1949.1999999999998</ele>
        <time>2025-06-27T11:40:21</time>
      </trkpt>
      <trkpt lat="41.140171056613326" lon="43.068964909762144">
        <ele>1948.6</ele>
        <time>2025-06-27T11:40:29</time>
      </trkpt>
      <trkpt lat="41.14020885899663" lon="43.06914713233709">
        <ele>1948.4</ele>
        <time>2025-06-27T11:40:31</time>
      </trkpt>
      <trkpt lat="41.14027566276491" lon="43.069426752626896">
        <ele>1948.1999999999998</ele>
        <time>2025-06-27T11:40:34</time>
      </trkpt>
      <trkpt lat="41.14040960557759" lon="43.0699030123651">
        <ele>1947.4</ele>
        <time>2025-06-27T11:40:39</time>
      </trkpt>
      <trkpt lat="41.140471966937184" lon="43.070086324587464">
        <ele>1947.1999999999998</ele>
        <time>2025-06-27T11:40:41</time>
      </trkpt>
      <trkpt lat="41.14068335853517" lon="43.0706094391644">
        <ele>1947.0</ele>
        <time>2025-06-27T11:40:47</time>
      </trkpt>
      <trkpt lat="41.140999188646674" lon="43.07121058925986">
        <ele>1946.6</ele>
        <time>2025-06-27T11:40:55</time>
      </trkpt>
      <trkpt lat="41.14137578755617" lon="43.071805369108915">
        <ele>1946.4</ele>
        <time>2025-06-27T11:41:04</time>
      </trkpt>
      <trkpt lat="41.141417026519775" lon="43.071868903934956">
        <ele>1946.4</ele>
        <time>2025-06-27T11:41:05</time>
      </trkpt>
      <trkpt lat="41.141773760318756" lon="43.072422025725245">
        <ele>1946.4</ele>
        <time>2025-06-27T11:41:14</time>
      </trkpt>
      <trkpt lat="41.14181055687368" lon="43.07248187251389">
        <ele>1946.4</ele>
        <time>2025-06-27T11:41:15</time>
      </trkpt>
      <trkpt lat="41.14188423380256" lon="43.07259913533926">
        <ele>1946.4</ele>
        <time>2025-06-27T11:41:17</time>
      </trkpt>
      <trkpt lat="41.14225102588534" lon="43.07316097430885">
        <ele>1946.4</ele>
        <time>2025-06-27T11:41:27</time>
      </trkpt>
      <trkpt lat="41.14254288375378" lon="43.07364771142602">
        <ele>1947.4</ele>
        <time>2025-06-27T11:41:36</time>
      </trkpt>
      <trkpt lat="41.14260231144726" lon="43.073760783299804">
        <ele>1947.6</ele>
        <time>2025-06-27T11:41:38</time>
      </trkpt>
      <trkpt lat="41.14271395839751" lon="43.07399371638894">
        <ele>1948.4</ele>
        <time>2025-06-27T11:41:42</time>
      </trkpt>
      <trkpt lat="41.14285376854241" lon="43.07435321621597">
        <ele>1949.1999999999998</ele>
        <time>2025-06-27T11:41:48</time>
      </trkpt>
      <trkpt lat="41.14287380129099" lon="43.07441289536655">
        <ele>1949.6</ele>
        <time>2025-06-27T11:41:49</time>
      </trkpt>
      <trkpt lat="41.14302392117679" lon="43.074954617768526">
        <ele>1950.6</ele>
        <time>2025-06-27T11:41:58</time>
      </trkpt>
      <trkpt lat="41.143049988895655" lon="43.075077161192894">
        <ele>1950.8000000000002</ele>
        <time>2025-06-27T11:42:00</time>
      </trkpt>
      <trkpt lat="41.14311964251101" lon="43.075517965480685">
        <ele>1951.8000000000002</ele>
        <time>2025-06-27T11:42:07</time>
      </trkpt>
      <trkpt lat="41.14313271827996" lon="43.075647968798876">
        <ele>1952.0</ele>
        <time>2025-06-27T11:42:09</time>
      </trkpt>
      <trkpt lat="41.14316155202687" lon="43.07612121105194">
        <ele>1952.8000000000002</ele>
        <time>2025-06-27T11:42:16</time>
      </trkpt>
      <trkpt lat="41.14316230639815" lon="43.076401334255934">
        <ele>1953.0</ele>
        <time>2025-06-27T11:42:20</time>
      </trkpt>
      <trkpt lat="41.14310338161886" lon="43.07716065086424">
        <ele>1953.8000000000002</ele>
        <time>2025-06-27T11:42:31</time>
      </trkpt>
      <trkpt lat="41.143000200390816" lon="43.07770078070462">
        <ele>1954.1999999999998</ele>
        <time>2025-06-27T11:42:39</time>
      </trkpt>
      <trkpt lat="41.142823761329055" lon="43.0783199518919">
        <ele>1954.6</ele>
        <time>2025-06-27T11:42:48</time>
      </trkpt>
      <trkpt lat="41.14267976023257" lon="43.078721864148974">
        <ele>1954.8000000000002</ele>
        <time>2025-06-27T11:42:54</time>
      </trkpt>
      <trkpt lat="41.142497370019555" lon="43.07920943945646">
        <ele>1955.4</ele>
        <time>2025-06-27T11:43:01</time>
      </trkpt>
      <trkpt lat="41.14225588738918" lon="43.079859372228384">
        <ele>1956.0</ele>
        <time>2025-06-27T11:43:10</time>
      </trkpt>
      <trkpt lat="41.14217206835747" lon="43.08007906191051">
        <ele>1956.0</ele>
        <time>2025-06-27T11:43:13</time>
      </trkpt>
      <trkpt lat="41.14192262291908" lon="43.08074416592717">
        <ele>1956.4</ele>
        <time>2025-06-27T11:43:22</time>
      </trkpt>
      <trkpt lat="41.14181005395949" lon="43.081044321879745">
        <ele>1956.6</ele>
        <time>2025-06-27T11:43:26</time>
      </trkpt>
      <trkpt lat="41.1415833234787" lon="43.08165326714516">
        <ele>1957.0</ele>
        <time>2025-06-27T11:43:34</time>
      </trkpt>
      <trkpt lat="41.14144544117153" lon="43.08203254826367">
        <ele>1957.1999999999998</ele>
        <time>2025-06-27T11:43:39</time>
      </trkpt>
      <trkpt lat="41.141197588294744" lon="43.082695975899696">
        <ele>1957.6</ele>
        <time>2025-06-27T11:43:48</time>
      </trkpt>
      <trkpt lat="41.14111837930977" lon="43.082919688895345">
        <ele>1957.6</ele>
        <time>2025-06-27T11:43:51</time>
      </trkpt>
      <trkpt lat="41.14091168157756" lon="43.083527041599154">
        <ele>1958.0</ele>
        <time>2025-06-27T11:43:59</time>
      </trkpt>
      <trkpt lat="41.140781342983246" lon="43.083916464820504">
        <ele>1958.1999999999998</ele>
        <time>2025-06-27T11:44:04</time>
      </trkpt>
      <trkpt lat="41.140560396015644" lon="43.08461300097406">
        <ele>1958.4</ele>
        <time>2025-06-27T11:44:13</time>
      </trkpt>
      <trkpt lat="41.140489066019654" lon="43.084845431149006">
        <ele>1958.6</ele>
        <time>2025-06-27T11:44:16</time>
      </trkpt>
      <trkpt lat="41.1402743216604" lon="43.085556300356984">
        <ele>1959.0</ele>
        <time>2025-06-27T11:44:25</time>
      </trkpt>
      <trkpt lat="41.140178767964244" lon="43.0858716275543">
        <ele>1959.0</ele>
        <time>2025-06-27T11:44:29</time>
      </trkpt>
      <trkpt lat="41.13996704109013" lon="43.08659062720835">
        <ele>1959.8000000000002</ele>
        <time>2025-06-27T11:44:38</time>
      </trkpt>
      <trkpt lat="41.13987064920366" lon="43.08691743761301">
        <ele>1960.0</ele>
        <time>2025-06-27T11:44:42</time>
      </trkpt>
      <trkpt lat="41.13979680463672" lon="43.08716512285173">
        <ele>1960.1999999999998</ele>
        <time>2025-06-27T11:44:45</time>
      </trkpt>
      <trkpt lat="41.13957107998431" lon="43.08791161514819">
        <ele>1960.4</ele>
        <time>2025-06-27T11:44:54</time>
      </trkpt>
      <trkpt lat="41.1395454313606" lon="43.08799576945603">
        <ele>1960.4</ele>
        <time>2025-06-27T11:44:55</time>
      </trkpt>
      <trkpt lat="41.13934049382806" lon="43.08867562562227">
        <ele>1960.1999999999998</ele>
        <time>2025-06-27T11:45:03</time>
      </trkpt>
      <trkpt lat="41.139314426109195" lon="43.088761707767844">
        <ele>1960.1999999999998</ele>
        <time>2025-06-27T11:45:04</time>
      </trkpt>
      <trkpt lat="41.13910563290119" lon="43.08945883065462">
        <ele>1959.8000000000002</ele>
        <time>2025-06-27T11:45:12</time>
      </trkpt>
      <trkpt lat="41.138887871056795" lon="43.09019551612437">
        <ele>1959.4</ele>
        <time>2025-06-27T11:45:20</time>
      </trkpt>
      <trkpt lat="41.13877236843109" lon="43.090575970709324">
        <ele>1959.0</ele>
        <time>2025-06-27T11:45:24</time>
      </trkpt>
      <trkpt lat="41.1385490745306" lon="43.09132380411029">
        <ele>1957.8000000000002</ele>
        <time>2025-06-27T11:45:32</time>
      </trkpt>
      <trkpt lat="41.13852099515498" lon="43.091416927054524">
        <ele>1957.6</ele>
        <time>2025-06-27T11:45:33</time>
      </trkpt>
      <trkpt lat="41.138323936611414" lon="43.092075660824776">
        <ele>1956.8000000000002</ele>
        <time>2025-06-27T11:45:40</time>
      </trkpt>
      <trkpt lat="41.138237938284874" lon="43.09236559085548">
        <ele>1956.6</ele>
        <time>2025-06-27T11:45:43</time>
      </trkpt>
      <trkpt lat="41.13803300075233" lon="43.09304838068783">
        <ele>1955.8000000000002</ele>
        <time>2025-06-27T11:45:50</time>
      </trkpt>
      <trkpt lat="41.13800316117704" lon="43.093147706240416">
        <ele>1955.6</ele>
        <time>2025-06-27T11:45:51</time>
      </trkpt>
      <trkpt lat="41.1379430629313" lon="43.09334727935493">
        <ele>1955.1999999999998</ele>
        <time>2025-06-27T11:45:53</time>
      </trkpt>
      <trkpt lat="41.13781959749758" lon="43.09375229291618">
        <ele>1954.6</ele>
        <time>2025-06-27T11:45:57</time>
      </trkpt>
      <trkpt lat="41.137667801231146" lon="43.094283202663064">
        <ele>1953.8000000000002</ele>
        <time>2025-06-27T11:46:02</time>
      </trkpt>
      <trkpt lat="41.1376061104238" lon="43.094490906223655">
        <ele>1953.6</ele>
        <time>2025-06-27T11:46:04</time>
      </trkpt>
      <trkpt lat="41.13743704743683" lon="43.094998095184565">
        <ele>1953.0</ele>
        <time>2025-06-27T11:46:09</time>
      </trkpt>
      <trkpt lat="41.137291537597775" lon="43.09539598412812">
        <ele>1952.8000000000002</ele>
        <time>2025-06-27T11:46:13</time>
      </trkpt>
      <trkpt lat="41.13708458840847" lon="43.09597458690405">
        <ele>1952.8000000000002</ele>
        <time>2025-06-27T11:46:19</time>
      </trkpt>
      <trkpt lat="41.136862048879266" lon="43.09671923518181">
        <ele>1952.8000000000002</ele>
        <time>2025-06-27T11:46:27</time>
      </trkpt>
      <trkpt lat="41.13684109412134" lon="43.096811855211854">
        <ele>1952.8000000000002</ele>
        <time>2025-06-27T11:46:28</time>
      </trkpt>
      <trkpt lat="41.13667127676308" lon="43.09751769527793">
        <ele>1953.1999999999998</ele>
        <time>2025-06-27T11:46:36</time>
      </trkpt>
      <trkpt lat="41.136628864333034" lon="43.09768524952233">
        <ele>1953.4</ele>
        <time>2025-06-27T11:46:38</time>
      </trkpt>
      <trkpt lat="41.13643658347428" lon="43.09838647954166">
        <ele>1954.6</ele>
        <time>2025-06-27T11:46:47</time>
      </trkpt>
      <trkpt lat="41.136243464425206" lon="43.09903834015131">
        <ele>1955.6</ele>
        <time>2025-06-27T11:46:56</time>
      </trkpt>
      <trkpt lat="41.136182276532054" lon="43.0992476362735">
        <ele>1956.0</ele>
        <time>2025-06-27T11:46:59</time>
      </trkpt>
      <trkpt lat="41.1361176520586" lon="43.09945332817733">
        <ele>1956.6</ele>
        <time>2025-06-27T11:47:02</time>
      </trkpt>
      <trkpt lat="41.13594993017614" lon="43.10000636614859">
        <ele>1957.8000000000002</ele>
        <time>2025-06-27T11:47:10</time>
      </trkpt>
      <trkpt lat="41.135928723961115" lon="43.10007518157363">
        <ele>1958.0</ele>
        <time>2025-06-27T11:47:11</time>
      </trkpt>
      <trkpt lat="41.13572428934276" lon="43.10076660476625">
        <ele>1958.6</ele>
        <time>2025-06-27T11:47:21</time>
      </trkpt>
      <trkpt lat="41.13568305037916" lon="43.100904235616326">
        <ele>1959.0</ele>
        <time>2025-06-27T11:47:23</time>
      </trkpt>
      <trkpt lat="41.1356620118022" lon="43.10097296722233">
        <ele>1959.0</ele>
        <time>2025-06-27T11:47:24</time>
      </trkpt>
      <trkpt lat="41.13547836430371" lon="43.101591635495424">
        <ele>1960.0</ele>
        <time>2025-06-27T11:47:33</time>
      </trkpt>
      <trkpt lat="41.135375602170825" lon="43.10193655081093">
        <ele>1960.8000000000002</ele>
        <time>2025-06-27T11:47:38</time>
      </trkpt>
      <trkpt lat="41.13531240262091" lon="43.10214593075216">
        <ele>1961.0</ele>
        <time>2025-06-27T11:47:41</time>
      </trkpt>
      <trkpt lat="41.13515884615481" lon="43.10263819992542">
        <ele>1961.6</ele>
        <time>2025-06-27T11:47:48</time>
      </trkpt>
      <trkpt lat="41.134935803711414" lon="43.103371281176805">
        <ele>1962.0</ele>
        <time>2025-06-27T11:47:58</time>
      </trkpt>
      <trkpt lat="41.13486673682928" lon="43.10359734110534">
        <ele>1962.1999999999998</ele>
        <time>2025-06-27T11:48:01</time>
      </trkpt>
      <trkpt lat="41.13479892723262" lon="43.103824658319354">
        <ele>1962.1999999999998</ele>
        <time>2025-06-27T11:48:04</time>
      </trkpt>
      <trkpt lat="41.13470010459423" lon="43.104158425703645">
        <ele>1962.6</ele>
        <time>2025-06-27T11:48:09</time>
      </trkpt>
      <trkpt lat="41.134647550061345" lon="43.10433620586991">
        <ele>1962.8000000000002</ele>
        <time>2025-06-27T11:48:12</time>
      </trkpt>
      <trkpt lat="41.13456733524799" lon="43.10460392385721">
        <ele>1963.4</ele>
        <time>2025-06-27T11:48:17</time>
      </trkpt>
      <trkpt lat="41.13444537855685" lon="43.10504422523081">
        <ele>1963.6</ele>
        <time>2025-06-27T11:48:25</time>
      </trkpt>
      <trkpt lat="41.13443020731211" lon="43.10510608367622">
        <ele>1963.6</ele>
        <time>2025-06-27T11:48:26</time>
      </trkpt>
      <trkpt lat="41.13434353843331" lon="43.1054004561156">
        <ele>1963.6</ele>
        <time>2025-06-27T11:48:31</time>
      </trkpt>
      <trkpt lat="41.134210685268044" lon="43.10597017407417">
        <ele>1963.4</ele>
        <time>2025-06-27T11:48:40</time>
      </trkpt>
      <trkpt lat="41.13410230726004" lon="43.10649546794593">
        <ele>1963.0</ele>
        <time>2025-06-27T11:48:48</time>
      </trkpt>
      <trkpt lat="41.13400490954518" lon="43.10708312317729">
        <ele>1962.6</ele>
        <time>2025-06-27T11:48:56</time>
      </trkpt>
      <trkpt lat="41.13392653875053" lon="43.10769349336624">
        <ele>1962.6</ele>
        <time>2025-06-27T11:49:04</time>
      </trkpt>
      <trkpt lat="41.13388110883534" lon="43.10820076614618">
        <ele>1962.8000000000002</ele>
        <time>2025-06-27T11:49:11</time>
      </trkpt>
      <trkpt lat="41.133853783831" lon="43.108716337010264">
        <ele>1962.8000000000002</ele>
        <time>2025-06-27T11:49:18</time>
      </trkpt>
      <trkpt lat="41.13385227508843" lon="43.108796048909426">
        <ele>1962.8000000000002</ele>
        <time>2025-06-27T11:49:19</time>
      </trkpt>
      <trkpt lat="41.13384020514786" lon="43.10947976075113">
        <ele>1962.1999999999998</ele>
        <time>2025-06-27T11:49:28</time>
      </trkpt>
      <trkpt lat="41.13382880575955" lon="43.11009356752038">
        <ele>1962.0</ele>
        <time>2025-06-27T11:49:36</time>
      </trkpt>
      <trkpt lat="41.133828051388264" lon="43.11073763296008">
        <ele>1961.8000000000002</ele>
        <time>2025-06-27T11:49:44</time>
      </trkpt>
      <trkpt lat="41.1338262911886" lon="43.11089487746358">
        <ele>1961.6</ele>
        <time>2025-06-27T11:49:46</time>
      </trkpt>
      <trkpt lat="41.13382293842733" lon="43.11148211359978">
        <ele>1961.4</ele>
        <time>2025-06-27T11:49:54</time>
      </trkpt>
      <trkpt lat="41.13381304778159" lon="43.112133387476206">
        <ele>1961.1999999999998</ele>
        <time>2025-06-27T11:50:03</time>
      </trkpt>
      <trkpt lat="41.13381011411548" lon="43.112863367423415">
        <ele>1960.8000000000002</ele>
        <time>2025-06-27T11:50:12</time>
      </trkpt>
      <trkpt lat="41.1337985470891" lon="43.11361849308014">
        <ele>1960.6</ele>
        <time>2025-06-27T11:50:22</time>
      </trkpt>
      <trkpt lat="41.13379452377558" lon="43.114386862143874">
        <ele>1960.6</ele>
        <time>2025-06-27T11:50:32</time>
      </trkpt>
      <trkpt lat="41.13378748297691" lon="43.114971332252026">
        <ele>1960.4</ele>
        <time>2025-06-27T11:50:40</time>
      </trkpt>
      <trkpt lat="41.13377591595054" lon="43.115642135962844">
        <ele>1960.4</ele>
        <time>2025-06-27T11:50:49</time>
      </trkpt>
      <trkpt lat="41.13375839777291" lon="43.11621109955013">
        <ele>1960.6</ele>
        <time>2025-06-27T11:50:57</time>
      </trkpt>
      <trkpt lat="41.13373098894954" lon="43.11676204204559">
        <ele>1960.6</ele>
        <time>2025-06-27T11:51:05</time>
      </trkpt>
      <trkpt lat="41.13369938917458" lon="43.11723779886961">
        <ele>1960.6</ele>
        <time>2025-06-27T11:51:13</time>
      </trkpt>
      <trkpt lat="41.13365261815488" lon="43.117780610919">
        <ele>1961.0</ele>
        <time>2025-06-27T11:51:22</time>
      </trkpt>
      <trkpt lat="41.13361833617091" lon="43.1181397754699">
        <ele>1961.6</ele>
        <time>2025-06-27T11:51:30</time>
      </trkpt>
      <trkpt lat="41.13359712995589" lon="43.11843364499509">
        <ele>1961.8000000000002</ele>
        <time>2025-06-27T11:51:37</time>
      </trkpt>
      <trkpt lat="41.133554968982935" lon="43.11877587810159">
        <ele>1962.1999999999998</ele>
        <time>2025-06-27T11:51:44</time>
      </trkpt>
      <trkpt lat="41.133543234318495" lon="43.11888651922345">
        <ele>1962.1999999999998</ele>
        <time>2025-06-27T11:51:46</time>
      </trkpt>
      <trkpt lat="41.13352353684604" lon="43.11905256472528">
        <ele>1962.4</ele>
        <time>2025-06-27T11:51:49</time>
      </trkpt>
      <trkpt lat="41.133498726412654" lon="43.119216011837125">
        <ele>1962.4</ele>
        <time>2025-06-27T11:51:52</time>
      </trkpt>
      <trkpt lat="41.13345648162067" lon="43.119535110890865">
        <ele>1962.6</ele>
        <time>2025-06-27T11:51:59</time>
      </trkpt>
      <trkpt lat="41.133416751399636" lon="43.11973669566214">
        <ele>1962.8000000000002</ele>
        <time>2025-06-27T11:52:05</time>
      </trkpt>
      <trkpt lat="41.133412308990955" lon="43.11979662626982">
        <ele>1963.0</ele>
        <time>2025-06-27T11:52:09</time>
      </trkpt>
      <trkpt lat="41.13341499119997" lon="43.119802325963974">
        <ele>1963.4</ele>
        <time>2025-06-27T11:52:14</time>
      </trkpt>
      <trkpt lat="41.13341482356191" lon="43.11980199068785">
        <ele>1963.6</ele>
        <time>2025-06-27T11:52:19</time>
      </trkpt>
      <trkpt lat="41.13340853713453" lon="43.11984624713659">
        <ele>1963.6</ele>
        <time>2025-06-27T11:52:38</time>
      </trkpt>
      <trkpt lat="41.133401999250054" lon="43.11991690658033">
        <ele>1963.6</ele>
        <time>2025-06-27T11:52:45</time>
      </trkpt>
      <trkpt lat="41.13340359181166" lon="43.119934760034084">
        <ele>1963.6</ele>
        <time>2025-06-27T11:52:54</time>
      </trkpt>
      <trkpt lat="41.13342085853219" lon="43.11997717246413">
        <ele>1963.6</ele>
        <time>2025-06-27T11:52:56</time>
      </trkpt>
      <trkpt lat="41.133502162992954" lon="43.12005814164877">
        <ele>1963.6</ele>
        <time>2025-06-27T11:53:01</time>
      </trkpt>
      <trkpt lat="41.13364909775555" lon="43.12012938782573">
        <ele>1964.0</ele>
        <time>2025-06-27T11:53:08</time>
      </trkpt>
      <trkpt lat="41.13382486626506" lon="43.12019853852689">
        <ele>1963.8000000000002</ele>
        <time>2025-06-27T11:53:13</time>
      </trkpt>
      <trkpt lat="41.134109012782574" lon="43.12033658847213">
        <ele>1963.6</ele>
        <time>2025-06-27T11:53:18</time>
      </trkpt>
      <trkpt lat="41.134327026084065" lon="43.120588548481464">
        <ele>1963.0</ele>
        <time>2025-06-27T11:53:22</time>
      </trkpt>
      <trkpt lat="41.134381256997585" lon="43.120670188218355">
        <ele>1962.6</ele>
        <time>2025-06-27T11:53:23</time>
      </trkpt>
      <trkpt lat="41.134496591985226" lon="43.12084930948913">
        <ele>1961.4</ele>
        <time>2025-06-27T11:53:25</time>
      </trkpt>
      <trkpt lat="41.13461460918188" lon="43.12103874050081">
        <ele>1960.4</ele>
        <time>2025-06-27T11:53:27</time>
      </trkpt>
      <trkpt lat="41.13473572768271" lon="43.12122339382768">
        <ele>1959.1999999999998</ele>
        <time>2025-06-27T11:53:29</time>
      </trkpt>
      <trkpt lat="41.13486925140023" lon="43.121382566168904">
        <ele>1958.0</ele>
        <time>2025-06-27T11:53:31</time>
      </trkpt>
      <trkpt lat="41.134942173957825" lon="43.12145272269845">
        <ele>1957.4</ele>
        <time>2025-06-27T11:53:32</time>
      </trkpt>
      <trkpt lat="41.135017862543464" lon="43.121513994410634">
        <ele>1956.4</ele>
        <time>2025-06-27T11:53:33</time>
      </trkpt>
      <trkpt lat="41.1351643782109" lon="43.12162019312382">
        <ele>1954.8000000000002</ele>
        <time>2025-06-27T11:53:35</time>
      </trkpt>
      <trkpt lat="41.13529178313911" lon="43.12171499244869">
        <ele>1953.1999999999998</ele>
        <time>2025-06-27T11:53:37</time>
      </trkpt>
      <trkpt lat="41.13540795631707" lon="43.12180149368942">
        <ele>1951.6</ele>
        <time>2025-06-27T11:53:39</time>
      </trkpt>
      <trkpt lat="41.13552748225629" lon="43.12188221141696">
        <ele>1950.0</ele>
        <time>2025-06-27T11:53:41</time>
      </trkpt>
      <trkpt lat="41.13563812337816" lon="43.12194817699492">
        <ele>1948.6</ele>
        <time>2025-06-27T11:53:43</time>
      </trkpt>
      <trkpt lat="41.13579981029034" lon="43.12194708734751">
        <ele>1948.1999999999998</ele>
        <time>2025-06-27T11:53:46</time>
      </trkpt>
      <trkpt lat="41.13589628599584" lon="43.121840972453356">
        <ele>1947.6</ele>
        <time>2025-06-27T11:53:48</time>
      </trkpt>
      <trkpt lat="41.13592687994242" lon="43.121754387393594">
        <ele>1947.1999999999998</ele>
        <time>2025-06-27T11:53:49</time>
      </trkpt>
      <trkpt lat="41.13594314083457" lon="43.12165363691747">
        <ele>1946.4</ele>
        <time>2025-06-27T11:53:50</time>
      </trkpt>
      <trkpt lat="41.135954204946756" lon="43.12154601328075">
        <ele>1945.8000000000002</ele>
        <time>2025-06-27T11:53:51</time>
      </trkpt>
      <trkpt lat="41.135964849963784" lon="43.12143520452082">
        <ele>1945.0</ele>
        <time>2025-06-27T11:53:52</time>
      </trkpt>
      <trkpt lat="41.135975578799844" lon="43.12132263556123">
        <ele>1944.0</ele>
        <time>2025-06-27T11:53:53</time>
      </trkpt>
      <trkpt lat="41.13598647527397" lon="43.12120897695422">
        <ele>1943.4</ele>
        <time>2025-06-27T11:53:54</time>
      </trkpt>
      <trkpt lat="41.1360296420753" lon="43.1208716891706">
        <ele>1942.1999999999998</ele>
        <time>2025-06-27T11:53:57</time>
      </trkpt>
      <trkpt lat="41.13606492988765" lon="43.12065225094557">
        <ele>1940.8000000000002</ele>
        <time>2025-06-27T11:53:59</time>
      </trkpt>
      <trkpt lat="41.13610130734742" lon="43.120432225987315">
        <ele>1939.4</ele>
        <time>2025-06-27T11:54:01</time>
      </trkpt>
      <trkpt lat="41.13615956157446" lon="43.12011539004743">
        <ele>1938.4</ele>
        <time>2025-06-27T11:54:04</time>
      </trkpt>
      <trkpt lat="41.13620105199516" lon="43.11991062015295">
        <ele>1937.1999999999998</ele>
        <time>2025-06-27T11:54:06</time>
      </trkpt>
      <trkpt lat="41.13624162040651" lon="43.1197215244174">
        <ele>1936.4</ele>
        <time>2025-06-27T11:54:08</time>
      </trkpt>
      <trkpt lat="41.13626140169799" lon="43.119636280462146">
        <ele>1936.1999999999998</ele>
        <time>2025-06-27T11:54:09</time>
      </trkpt>
      <trkpt lat="41.13630339503288" lon="43.119481885805726">
        <ele>1934.8000000000002</ele>
        <time>2025-06-27T11:54:11</time>
      </trkpt>
      <trkpt lat="41.13634639419615" lon="43.11934224329889">
        <ele>1933.8000000000002</ele>
        <time>2025-06-27T11:54:13</time>
      </trkpt>
      <trkpt lat="41.13636869005859" lon="43.11928222887218">
        <ele>1933.4</ele>
        <time>2025-06-27T11:54:14</time>
      </trkpt>
      <trkpt lat="41.13642535172403" lon="43.11917770653963">
        <ele>1932.6</ele>
        <time>2025-06-27T11:54:16</time>
      </trkpt>
      <trkpt lat="41.13646097481251" lon="43.119125654920936">
        <ele>1931.8000000000002</ele>
        <time>2025-06-27T11:54:17</time>
      </trkpt>
      <trkpt lat="41.136501459404826" lon="43.11907343566418">
        <ele>1930.8000000000002</ele>
        <time>2025-06-27T11:54:18</time>
      </trkpt>
      <trkpt lat="41.13659676164389" lon="43.118973607197404">
        <ele>1930.1999999999998</ele>
        <time>2025-06-27T11:54:20</time>
      </trkpt>
      <trkpt lat="41.13665350712836" lon="43.11893094331026">
        <ele>1929.8000000000002</ele>
        <time>2025-06-27T11:54:21</time>
      </trkpt>
      <trkpt lat="41.13671385683119" lon="43.1188927218318">
        <ele>1929.6</ele>
        <time>2025-06-27T11:54:22</time>
      </trkpt>
      <trkpt lat="41.13689255900681" lon="43.11881761997938">
        <ele>1928.6</ele>
        <time>2025-06-27T11:54:25</time>
      </trkpt>
      <trkpt lat="41.13694528117776" lon="43.11880932189524">
        <ele>1928.1999999999998</ele>
        <time>2025-06-27T11:54:26</time>
      </trkpt>
      <trkpt lat="41.13702658563852" lon="43.11882390640676">
        <ele>1927.6</ele>
        <time>2025-06-27T11:54:28</time>
      </trkpt>
      <trkpt lat="41.137051563709974" lon="43.11883513815701">
        <ele>1927.1999999999998</ele>
        <time>2025-06-27T11:54:29</time>
      </trkpt>
      <trkpt lat="41.137070590630174" lon="43.11884553171694">
        <ele>1926.4</ele>
        <time>2025-06-27T11:54:31</time>
      </trkpt>
      <trkpt lat="41.13707050681114" lon="43.11884821392596">
        <ele>1925.1999999999998</ele>
        <time>2025-06-27T11:54:33</time>
      </trkpt>
      <trkpt lat="41.1370812356472" lon="43.1188493873924">
        <ele>1924.0</ele>
        <time>2025-06-27T11:54:38</time>
      </trkpt>
      <trkpt lat="41.137095568701625" lon="43.1188459508121">
        <ele>1924.0</ele>
        <time>2025-06-27T11:54:39</time>
      </trkpt>
      <trkpt lat="41.13711040467024" lon="43.11883429996669">
        <ele>1924.0</ele>
        <time>2025-06-27T11:54:40</time>
      </trkpt>
      <trkpt lat="41.13714795559645" lon="43.11871242709458">
        <ele>1923.8000000000002</ele>
        <time>2025-06-27T11:54:44</time>
      </trkpt>
      <trkpt lat="41.13723990507424" lon="43.118433393538">
        <ele>1923.4</ele>
        <time>2025-06-27T11:54:51</time>
      </trkpt>
      <trkpt lat="41.1373626999557" lon="43.11836357228458">
        <ele>1923.4</ele>
        <time>2025-06-27T11:54:55</time>
      </trkpt>
      <trkpt lat="41.137532936409116" lon="43.11843699775636">
        <ele>1923.4</ele>
        <time>2025-06-27T11:55:00</time>
      </trkpt>
      <trkpt lat="41.137625304982066" lon="43.11856800690293">
        <ele>1923.6</ele>
        <time>2025-06-27T11:55:05</time>
      </trkpt>
      <trkpt lat="41.13772563636303" lon="43.11870899051428">
        <ele>1924.4</ele>
        <time>2025-06-27T11:55:12</time>
      </trkpt>
      <trkpt lat="41.13782010041177" lon="43.118860786780715">
        <ele>1925.4</ele>
        <time>2025-06-27T11:55:19</time>
      </trkpt>
      <trkpt lat="41.13783409819007" lon="43.118885681033134">
        <ele>1925.6</ele>
        <time>2025-06-27T11:55:20</time>
      </trkpt>
      <trkpt lat="41.13794658333063" lon="43.11910000629723">
        <ele>1926.4</ele>
        <time>2025-06-27T11:55:29</time>
      </trkpt>
      <trkpt lat="41.13795890472829" lon="43.11912179924548">
        <ele>1926.6</ele>
        <time>2025-06-27T11:55:30</time>
      </trkpt>
      <trkpt lat="41.13804716616869" lon="43.11929672956467">
        <ele>1927.4</ele>
        <time>2025-06-27T11:55:38</time>
      </trkpt>
      <trkpt lat="41.13806636072695" lon="43.11934073455632">
        <ele>1927.6</ele>
        <time>2025-06-27T11:55:40</time>
      </trkpt>
      <trkpt lat="41.138126123696566" lon="43.11947132460773">
        <ele>1928.4</ele>
        <time>2025-06-27T11:55:46</time>
      </trkpt>
      <trkpt lat="41.13813702017069" lon="43.11949420720339">
        <ele>1928.6</ele>
        <time>2025-06-27T11:55:47</time>
      </trkpt>
      <trkpt lat="41.13821027800441" lon="43.119663605466485">
        <ele>1929.4</ele>
        <time>2025-06-27T11:55:54</time>
      </trkpt>
      <trkpt lat="41.13822905346751" lon="43.11971456743777">
        <ele>1929.6</ele>
        <time>2025-06-27T11:55:56</time>
      </trkpt>
      <trkpt lat="41.13825679756701" lon="43.11986016109586">
        <ele>1929.8000000000002</ele>
        <time>2025-06-27T11:56:01</time>
      </trkpt>
      <trkpt lat="41.13833114504814" lon="43.12005612999201">
        <ele>1930.6</ele>
        <time>2025-06-27T11:56:08</time>
      </trkpt>
      <trkpt lat="41.138346483930945" lon="43.120075576007366">
        <ele>1930.8000000000002</ele>
        <time>2025-06-27T11:56:09</time>
      </trkpt>
      <trkpt lat="41.1384594719857" lon="43.120175236836076">
        <ele>1931.8000000000002</ele>
        <time>2025-06-27T11:56:16</time>
      </trkpt>
      <trkpt lat="41.13847430795431" lon="43.12019074335694">
        <ele>1932.0</ele>
        <time>2025-06-27T11:56:17</time>
      </trkpt>
      <trkpt lat="41.13855158910155" lon="43.120279340073466">
        <ele>1933.0</ele>
        <time>2025-06-27T11:56:22</time>
      </trkpt>
      <trkpt lat="41.138622500002384" lon="43.12034647911787">
        <ele>1933.4</ele>
        <time>2025-06-27T11:56:26</time>
      </trkpt>
      <trkpt lat="41.13878209143877" lon="43.12047497369349">
        <ele>1934.1999999999998</ele>
        <time>2025-06-27T11:56:34</time>
      </trkpt>
      <trkpt lat="41.138803884387016" lon="43.12049291096628">
        <ele>1934.1999999999998</ele>
        <time>2025-06-27T11:56:35</time>
      </trkpt>
      <trkpt lat="41.139004630967975" lon="43.120612017810345">
        <ele>1934.6</ele>
        <time>2025-06-27T11:56:43</time>
      </trkpt>
      <trkpt lat="41.13921443000436" lon="43.1207593716681">
        <ele>1935.1999999999998</ele>
        <time>2025-06-27T11:56:51</time>
      </trkpt>
      <trkpt lat="41.13940360955894" lon="43.12087621539831">
        <ele>1935.4</ele>
        <time>2025-06-27T11:56:58</time>
      </trkpt>
      <trkpt lat="41.13957325927913" lon="43.12100429087877">
        <ele>1935.6</ele>
        <time>2025-06-27T11:57:05</time>
      </trkpt>
      <trkpt lat="41.139767384156585" lon="43.12118609435856">
        <ele>1936.1999999999998</ele>
        <time>2025-06-27T11:57:12</time>
      </trkpt>
      <trkpt lat="41.13994499668479" lon="43.121414836496115">
        <ele>1936.6</ele>
        <time>2025-06-27T11:57:19</time>
      </trkpt>
      <trkpt lat="41.14012001082301" lon="43.121677273884416">
        <ele>1936.6</ele>
        <time>2025-06-27T11:57:27</time>
      </trkpt>
      <trkpt lat="41.140329306945205" lon="43.121950859203935">
        <ele>1936.1999999999998</ele>
        <time>2025-06-27T11:57:34</time>
      </trkpt>
      <trkpt lat="41.140486635267735" lon="43.12211883254349">
        <ele>1936.0</ele>
        <time>2025-06-27T11:57:40</time>
      </trkpt>
      <trkpt lat="41.1407024692744" lon="43.1223239377141">
        <ele>1935.8000000000002</ele>
        <time>2025-06-27T11:57:48</time>
      </trkpt>
      <trkpt lat="41.14092811010778" lon="43.12254178337753">
        <ele>1935.1999999999998</ele>
        <time>2025-06-27T11:57:54</time>
      </trkpt>
      <trkpt lat="41.141082253307104" lon="43.122769268229604">
        <ele>1934.1999999999998</ele>
        <time>2025-06-27T11:57:59</time>
      </trkpt>
      <trkpt lat="41.14115048199892" lon="43.122926177456975">
        <ele>1933.8000000000002</ele>
        <time>2025-06-27T11:58:04</time>
      </trkpt>
      <trkpt lat="41.141245448961854" lon="43.12314444221556">
        <ele>1934.1999999999998</ele>
        <time>2025-06-27T11:58:11</time>
      </trkpt>
      <trkpt lat="41.141405291855335" lon="43.12337745912373">
        <ele>1934.6</ele>
        <time>2025-06-27T11:58:18</time>
      </trkpt>
      <trkpt lat="41.14157418720424" lon="43.123590694740415">
        <ele>1934.8000000000002</ele>
        <time>2025-06-27T11:58:26</time>
      </trkpt>
      <trkpt lat="41.141679883003235" lon="43.12370527535677">
        <ele>1935.1999999999998</ele>
        <time>2025-06-27T11:58:31</time>
      </trkpt>
      <trkpt lat="41.14176940172911" lon="43.12378155067563">
        <ele>1935.4</ele>
        <time>2025-06-27T11:58:35</time>
      </trkpt>
      <trkpt lat="41.1418803781271" lon="43.12386377714574">
        <ele>1936.1999999999998</ele>
        <time>2025-06-27T11:58:40</time>
      </trkpt>
      <trkpt lat="41.141983810812235" lon="43.12393854372203">
        <ele>1937.0</ele>
        <time>2025-06-27T11:58:45</time>
      </trkpt>
      <trkpt lat="41.14200258627534" lon="43.1239558942616">
        <ele>1937.1999999999998</ele>
        <time>2025-06-27T11:58:46</time>
      </trkpt>
      <trkpt lat="41.14212529733777" lon="43.12405513599515">
        <ele>1938.0</ele>
        <time>2025-06-27T11:58:52</time>
      </trkpt>
      <trkpt lat="41.14216226153076" lon="43.124096877872944">
        <ele>1938.6</ele>
        <time>2025-06-27T11:58:54</time>
      </trkpt>
      <trkpt lat="41.142229568213224" lon="43.12421925365925">
        <ele>1939.0</ele>
        <time>2025-06-27T11:58:58</time>
      </trkpt>
      <trkpt lat="41.14229964092374" lon="43.12445294111967">
        <ele>1939.0</ele>
        <time>2025-06-27T11:59:04</time>
      </trkpt>
      <trkpt lat="41.14230123348534" lon="43.12471780925989">
        <ele>1938.8000000000002</ele>
        <time>2025-06-27T11:59:10</time>
      </trkpt>
      <trkpt lat="41.14225563593209" lon="43.12501913867891">
        <ele>1938.4</ele>
        <time>2025-06-27T11:59:15</time>
      </trkpt>
      <trkpt lat="41.142207188531756" lon="43.12527076341212">
        <ele>1937.4</ele>
        <time>2025-06-27T11:59:19</time>
      </trkpt>
      <trkpt lat="41.14217625930905" lon="43.12538894824684">
        <ele>1936.0</ele>
        <time>2025-06-27T11:59:21</time>
      </trkpt>
      <trkpt lat="41.14215941168368" lon="43.125451393425465">
        <ele>1935.6</ele>
        <time>2025-06-27T11:59:22</time>
      </trkpt>
      <trkpt lat="41.14212630316615" lon="43.12560947611928">
        <ele>1934.6</ele>
        <time>2025-06-27T11:59:25</time>
      </trkpt>
      <trkpt lat="41.142126973718405" lon="43.12564719468355">
        <ele>1934.0</ele>
        <time>2025-06-27T11:59:26</time>
      </trkpt>
      <trkpt lat="41.14212923683226" lon="43.12567996792495">
        <ele>1933.6</ele>
        <time>2025-06-27T11:59:27</time>
      </trkpt>
      <trkpt lat="41.142127979546785" lon="43.12571701593697">
        <ele>1932.4</ele>
        <time>2025-06-27T11:59:30</time>
      </trkpt>
      <trkpt lat="41.14212588407099" lon="43.12573025934398">
        <ele>1931.4</ele>
        <time>2025-06-27T11:59:34</time>
      </trkpt>
      <trkpt lat="41.142130410298705" lon="43.12576177529991">
        <ele>1931.1999999999998</ele>
        <time>2025-06-27T11:59:36</time>
      </trkpt>
      <trkpt lat="41.142154969275" lon="43.12594483606517">
        <ele>1931.1999999999998</ele>
        <time>2025-06-27T11:59:42</time>
      </trkpt>
      <trkpt lat="41.14221657626331" lon="43.126223450526595">
        <ele>1931.1999999999998</ele>
        <time>2025-06-27T11:59:49</time>
      </trkpt>
      <trkpt lat="41.14235387183726" lon="43.12651053071022">
        <ele>1931.1999999999998</ele>
        <time>2025-06-27T11:59:55</time>
      </trkpt>
      <trkpt lat="41.14243031479418" lon="43.1266653444618">
        <ele>1930.6</ele>
        <time>2025-06-27T11:59:58</time>
      </trkpt>
      <trkpt lat="41.142461663112044" lon="43.126757461577654">
        <ele>1930.1999999999998</ele>
        <time>2025-06-27T12:00:00</time>
      </trkpt>
      <trkpt lat="41.142475828528404" lon="43.12679744325578">
        <ele>1930.1999999999998</ele>
        <time>2025-06-27T12:00:01</time>
      </trkpt>
      <trkpt lat="41.142559479922056" lon="43.12691269442439">
        <ele>1930.1999999999998</ele>
        <time>2025-06-27T12:00:06</time>
      </trkpt>
      <trkpt lat="41.14266945049167" lon="43.12695225700736">
        <ele>1930.6</ele>
        <time>2025-06-27T12:00:13</time>
      </trkpt>
      <trkpt lat="41.14271538332105" lon="43.12697187066078">
        <ele>1930.8000000000002</ele>
        <time>2025-06-27T12:00:19</time>
      </trkpt>
      <trkpt lat="41.14274245686829" lon="43.12698402442038">
        <ele>1930.6</ele>
        <time>2025-06-27T12:00:27</time>
      </trkpt>
      <trkpt lat="41.14290464669466" lon="43.12709449790418">
        <ele>1930.1999999999998</ele>
        <time>2025-06-27T12:00:34</time>
      </trkpt>
      <trkpt lat="41.142988381907344" lon="43.12714923173189">
        <ele>1930.0</ele>
        <time>2025-06-27T12:00:36</time>
      </trkpt>
      <trkpt lat="41.14307236857712" lon="43.1272142753005">
        <ele>1930.0</ele>
        <time>2025-06-27T12:00:38</time>
      </trkpt>
      <trkpt lat="41.14316297695041" lon="43.12726800329983">
        <ele>1929.8000000000002</ele>
        <time>2025-06-27T12:00:40</time>
      </trkpt>
      <trkpt lat="41.14320522174239" lon="43.127284767106175">
        <ele>1929.6</ele>
        <time>2025-06-27T12:00:41</time>
      </trkpt>
      <trkpt lat="41.143308486789465" lon="43.12731267884374">
        <ele>1928.4</ele>
        <time>2025-06-27T12:00:44</time>
      </trkpt>
      <trkpt lat="41.143455589190125" lon="43.12739021144807">
        <ele>1927.8000000000002</ele>
        <time>2025-06-27T12:00:50</time>
      </trkpt>
      <trkpt lat="41.14363512955606" lon="43.12750495970249">
        <ele>1928.8000000000002</ele>
        <time>2025-06-27T12:00:59</time>
      </trkpt>
      <trkpt lat="41.1436952278018" lon="43.127539744600654">
        <ele>1929.8000000000002</ele>
        <time>2025-06-27T12:01:02</time>
      </trkpt>
      <trkpt lat="41.14380846731365" lon="43.127596154809">
        <ele>1930.8000000000002</ele>
        <time>2025-06-27T12:01:07</time>
      </trkpt>
      <trkpt lat="41.143862111493945" lon="43.12762222252786">
        <ele>1931.0</ele>
        <time>2025-06-27T12:01:09</time>
      </trkpt>
      <trkpt lat="41.14406503736973" lon="43.1277325283736">
        <ele>1931.6</ele>
        <time>2025-06-27T12:01:16</time>
      </trkpt>
      <trkpt lat="41.14431146532297" lon="43.12784702517092">
        <ele>1931.6</ele>
        <time>2025-06-27T12:01:24</time>
      </trkpt>
      <trkpt lat="41.14436578005552" lon="43.127882396802306">
        <ele>1931.8000000000002</ele>
        <time>2025-06-27T12:01:26</time>
      </trkpt>
      <trkpt lat="41.14446938037872" lon="43.127980129793286">
        <ele>1932.1999999999998</ele>
        <time>2025-06-27T12:01:30</time>
      </trkpt>
      <trkpt lat="41.144578931853175" lon="43.128094458952546">
        <ele>1933.0</ele>
        <time>2025-06-27T12:01:34</time>
      </trkpt>
      <trkpt lat="41.14470021799207" lon="43.128239046782255">
        <ele>1933.1999999999998</ele>
        <time>2025-06-27T12:01:39</time>
      </trkpt>
      <trkpt lat="41.144926361739635" lon="43.12852109782398">
        <ele>1933.4</ele>
        <time>2025-06-27T12:01:49</time>
      </trkpt>
      <trkpt lat="41.145001044496894" lon="43.128626877442">
        <ele>1933.6</ele>
        <time>2025-06-27T12:01:54</time>
      </trkpt>
      <trkpt lat="41.1450266931206" lon="43.12866928987205">
        <ele>1934.0</ele>
        <time>2025-06-27T12:01:57</time>
      </trkpt>
      <trkpt lat="41.14506784826517" lon="43.12873567454517">
        <ele>1934.1999999999998</ele>
        <time>2025-06-27T12:02:00</time>
      </trkpt>
      <trkpt lat="41.145204892382026" lon="43.1289310567081">
        <ele>1934.8000000000002</ele>
        <time>2025-06-27T12:02:09</time>
      </trkpt>
      <trkpt lat="41.14522601477802" lon="43.1289741396904">
        <ele>1935.0</ele>
        <time>2025-06-27T12:02:11</time>
      </trkpt>
      <trkpt lat="41.14529340527952" lon="43.12907564453781">
        <ele>1935.8000000000002</ele>
        <time>2025-06-27T12:02:16</time>
      </trkpt>
      <trkpt lat="41.14531695842743" lon="43.129103975370526">
        <ele>1936.1999999999998</ele>
        <time>2025-06-27T12:02:18</time>
      </trkpt>
      <trkpt lat="41.14532961510122" lon="43.129117134958506">
        <ele>1936.8000000000002</ele>
        <time>2025-06-27T12:02:23</time>
      </trkpt>
      <trkpt lat="41.145367082208395" lon="43.12914873473346">
        <ele>1937.1999999999998</ele>
        <time>2025-06-27T12:02:31</time>
      </trkpt>
      <trkpt lat="41.14549012854695" lon="43.129193326458335">
        <ele>1937.1999999999998</ele>
        <time>2025-06-27T12:02:38</time>
      </trkpt>
      <trkpt lat="41.14562792703509" lon="43.12919366173446">
        <ele>1936.8000000000002</ele>
        <time>2025-06-27T12:02:45</time>
      </trkpt>
      <trkpt lat="41.14575181156397" lon="43.129197768867016">
        <ele>1936.4</ele>
        <time>2025-06-27T12:02:51</time>
      </trkpt>
      <trkpt lat="41.14590344019234" lon="43.12920372001827">
        <ele>1935.8000000000002</ele>
        <time>2025-06-27T12:02:58</time>
      </trkpt>
      <trkpt lat="41.14594652317464" lon="43.12920439057052">
        <ele>1935.4</ele>
        <time>2025-06-27T12:03:00</time>
      </trkpt>
      <trkpt lat="41.1460523866117" lon="43.12919592484832">
        <ele>1934.1999999999998</ele>
        <time>2025-06-27T12:03:03</time>
      </trkpt>
      <trkpt lat="41.14625170826912" lon="43.12925451435149">
        <ele>1933.0</ele>
        <time>2025-06-27T12:03:07</time>
      </trkpt>
      <trkpt lat="41.14636008627713" lon="43.12929474748671">
        <ele>1931.6</ele>
        <time>2025-06-27T12:03:10</time>
      </trkpt>
      <trkpt lat="41.14637433551252" lon="43.1292986869812">
        <ele>1931.1999999999998</ele>
        <time>2025-06-27T12:03:11</time>
      </trkpt>
      <trkpt lat="41.14638414233923" lon="43.12930120155215">
        <ele>1930.6</ele>
        <time>2025-06-27T12:03:13</time>
      </trkpt>
      <trkpt lat="41.14638464525342" lon="43.129301788285375">
        <ele>1930.4</ele>
        <time>2025-06-27T12:03:17</time>
      </trkpt>
      <trkpt lat="41.14639688283205" lon="43.12929650768638">
        <ele>1930.4</ele>
        <time>2025-06-27T12:03:33</time>
      </trkpt>
      <trkpt lat="41.14639637991786" lon="43.12929566949606">
        <ele>1930.0</ele>
        <time>2025-06-27T12:03:48</time>
      </trkpt>
      <trkpt lat="41.14639285951853" lon="43.12929918989539">
        <ele>1929.8000000000002</ele>
        <time>2025-06-27T12:04:00</time>
      </trkpt>
      <trkpt lat="41.14640166051686" lon="43.12930061481893">
        <ele>1930.0</ele>
        <time>2025-06-27T12:04:11</time>
      </trkpt>
      <trkpt lat="41.146412724629045" lon="43.12931478023529">
        <ele>1930.1999999999998</ele>
        <time>2025-06-27T12:04:23</time>
      </trkpt>
      <trkpt lat="41.14641590975225" lon="43.12931880354881">
        <ele>1930.0</ele>
        <time>2025-06-27T12:04:25</time>
      </trkpt>
      <trkpt lat="41.14643988199532" lon="43.12933246605098">
        <ele>1930.0</ele>
        <time>2025-06-27T12:04:28</time>
      </trkpt>
      <trkpt lat="41.146557312458754" lon="43.129346212372184">
        <ele>1930.1999999999998</ele>
        <time>2025-06-27T12:04:36</time>
      </trkpt>
      <trkpt lat="41.146566113457084" lon="43.129343278706074">
        <ele>1930.1999999999998</ele>
        <time>2025-06-27T12:04:42</time>
      </trkpt>
      <trkpt lat="41.146606262773275" lon="43.12930949963629">
        <ele>1930.1999999999998</ele>
        <time>2025-06-27T12:04:50</time>
      </trkpt>
      <trkpt lat="41.14669930189848" lon="43.12922643497586">
        <ele>1930.0</ele>
        <time>2025-06-27T12:04:58</time>
      </trkpt>
      <trkpt lat="41.146720089018345" lon="43.12920824624598">
        <ele>1930.1999999999998</ele>
        <time>2025-06-27T12:05:00</time>
      </trkpt>
      <trkpt lat="41.14680432714522" lon="43.12914278358221">
        <ele>1929.8000000000002</ele>
        <time>2025-06-27T12:05:07</time>
      </trkpt>
      <trkpt lat="41.1469451431185" lon="43.129047648981214">
        <ele>1929.1999999999998</ele>
        <time>2025-06-27T12:05:14</time>
      </trkpt>
      <trkpt lat="41.146971294656396" lon="43.12902342528105">
        <ele>1929.1999999999998</ele>
        <time>2025-06-27T12:05:15</time>
      </trkpt>
      <trkpt lat="41.14710163325071" lon="43.1288686953485">
        <ele>1928.8000000000002</ele>
        <time>2025-06-27T12:05:20</time>
      </trkpt>
      <trkpt lat="41.147238593548536" lon="43.128758389502764">
        <ele>1928.1999999999998</ele>
        <time>2025-06-27T12:05:25</time>
      </trkpt>
      <trkpt lat="41.14748175255954" lon="43.12867943197489">
        <ele>1927.0</ele>
        <time>2025-06-27T12:05:32</time>
      </trkpt>
      <trkpt lat="41.14771560765803" lon="43.128670044243336">
        <ele>1926.8000000000002</ele>
        <time>2025-06-27T12:05:39</time>
      </trkpt>
      <trkpt lat="41.14792440086603" lon="43.128729639574885">
        <ele>1926.8000000000002</ele>
        <time>2025-06-27T12:05:46</time>
      </trkpt>
      <trkpt lat="41.14803244359791" lon="43.128697369247675">
        <ele>1927.1999999999998</ele>
        <time>2025-06-27T12:05:51</time>
      </trkpt>
      <trkpt lat="41.14812950603664" lon="43.12862419523299">
        <ele>1928.1999999999998</ele>
        <time>2025-06-27T12:05:58</time>
      </trkpt>
      <trkpt lat="41.14820494316518" lon="43.12856485135853">
        <ele>1929.1999999999998</ele>
        <time>2025-06-27T12:06:04</time>
      </trkpt>
      <trkpt lat="41.148233525455" lon="43.12855185940862">
        <ele>1929.6</ele>
        <time>2025-06-27T12:06:06</time>
      </trkpt>
      <trkpt lat="41.148288091644645" lon="43.128539035096765">
        <ele>1930.4</ele>
        <time>2025-06-27T12:06:10</time>
      </trkpt>
      <trkpt lat="41.14833419211209" lon="43.128542304039">
        <ele>1931.1999999999998</ele>
        <time>2025-06-27T12:06:13</time>
      </trkpt>
      <trkpt lat="41.148359421640635" lon="43.128544902428985">
        <ele>1931.6</ele>
        <time>2025-06-27T12:06:15</time>
      </trkpt>
      <trkpt lat="41.14842664450407" lon="43.12854649499059">
        <ele>1932.8000000000002</ele>
        <time>2025-06-27T12:06:20</time>
      </trkpt>
      <trkpt lat="41.148440055549145" lon="43.12854867428541">
        <ele>1933.0</ele>
        <time>2025-06-27T12:06:21</time>
      </trkpt>
      <trkpt lat="41.14851448684931" lon="43.12859804369509">
        <ele>1934.0</ele>
        <time>2025-06-27T12:06:27</time>
      </trkpt>
      <trkpt lat="41.148526892066" lon="43.12860374338925">
        <ele>1934.0</ele>
        <time>2025-06-27T12:06:28</time>
      </trkpt>
      <trkpt lat="41.1485755071044" lon="43.128642719239">
        <ele>1934.8000000000002</ele>
        <time>2025-06-27T12:06:32</time>
      </trkpt>
      <trkpt lat="41.148634515702724" lon="43.12867901287973">
        <ele>1935.8000000000002</ele>
        <time>2025-06-27T12:06:37</time>
      </trkpt>
      <trkpt lat="41.14870567806065" lon="43.12871027737856">
        <ele>1937.0</ele>
        <time>2025-06-27T12:06:42</time>
      </trkpt>
      <trkpt lat="41.14873317070305" lon="43.128726202994585">
        <ele>1937.4</ele>
        <time>2025-06-27T12:06:44</time>
      </trkpt>
      <trkpt lat="41.14877801388502" lon="43.12873802147806">
        <ele>1938.1999999999998</ele>
        <time>2025-06-27T12:06:47</time>
      </trkpt>
      <trkpt lat="41.14886820316315" lon="43.12876065261662">
        <ele>1939.1999999999998</ele>
        <time>2025-06-27T12:06:53</time>
      </trkpt>
      <trkpt lat="41.14894942380488" lon="43.12877154909074">
        <ele>1940.4</ele>
        <time>2025-06-27T12:06:58</time>
      </trkpt>
      <trkpt lat="41.14899376407266" lon="43.128772219643">
        <ele>1941.1999999999998</ele>
        <time>2025-06-27T12:07:01</time>
      </trkpt>
      <trkpt lat="41.1490414571017" lon="43.12876995652914">
        <ele>1941.6</ele>
        <time>2025-06-27T12:07:04</time>
      </trkpt>
      <trkpt lat="41.1491210013628" lon="43.12877490185201">
        <ele>1942.1999999999998</ele>
        <time>2025-06-27T12:07:08</time>
      </trkpt>
      <trkpt lat="41.149203814566135" lon="43.12881086021662">
        <ele>1942.6</ele>
        <time>2025-06-27T12:07:12</time>
      </trkpt>
      <trkpt lat="41.14926315844059" lon="43.12886048108339">
        <ele>1942.8000000000002</ele>
        <time>2025-06-27T12:07:15</time>
      </trkpt>
      <trkpt lat="41.1493577901274" lon="43.128940192982554">
        <ele>1943.6</ele>
        <time>2025-06-27T12:07:21</time>
      </trkpt>
      <trkpt lat="41.14940841682255" lon="43.128981264308095">
        <ele>1943.6</ele>
        <time>2025-06-27T12:07:24</time>
      </trkpt>
      <trkpt lat="41.14952802658081" lon="43.12908352352679">
        <ele>1944.0</ele>
        <time>2025-06-27T12:07:31</time>
      </trkpt>
      <trkpt lat="41.14954713732004" lon="43.129091737791896">
        <ele>1944.1999999999998</ele>
        <time>2025-06-27T12:07:37</time>
      </trkpt>
      <trkpt lat="41.149552669376135" lon="43.12909936532378">
        <ele>1943.6</ele>
        <time>2025-06-27T12:07:42</time>
      </trkpt>
      <trkpt lat="41.14956113509834" lon="43.12910816632211">
        <ele>1943.4</ele>
        <time>2025-06-27T12:07:45</time>
      </trkpt>
      <trkpt lat="41.14955828525126" lon="43.12911428511143">
        <ele>1943.6</ele>
        <time>2025-06-27T12:07:55</time>
      </trkpt>
      <trkpt lat="41.1495560221374" lon="43.129120571538806">
        <ele>1943.4</ele>
        <time>2025-06-27T12:08:06</time>
      </trkpt>
      <trkpt lat="41.14955618977547" lon="43.12912073917687">
        <ele>1943.4</ele>
        <time>2025-06-27T12:08:12</time>
      </trkpt>
      <trkpt lat="41.14955635741353" lon="43.129121493548155">
        <ele>1943.1999999999998</ele>
        <time>2025-06-27T12:08:57</time>
      </trkpt>
      <trkpt lat="41.149556525051594" lon="43.129121493548155">
        <ele>1943.1999999999998</ele>
        <time>2025-06-27T12:09:07</time>
      </trkpt>
      <trkpt lat="41.14955677650869" lon="43.12912216410041">
        <ele>1943.1999999999998</ele>
        <time>2025-06-27T12:09:31</time>
      </trkpt>
      <trkpt lat="41.149558033794165" lon="43.129122918471694">
        <ele>1943.1999999999998</ele>
        <time>2025-06-27T12:10:06</time>
      </trkpt>
      <trkpt lat="41.149558536708355" lon="43.12912325374782">
        <ele>1943.1999999999998</ele>
        <time>2025-06-27T12:10:14</time>
      </trkpt>
      <trkpt lat="41.149559039622545" lon="43.12912367284298">
        <ele>1943.4</ele>
        <time>2025-06-27T12:10:56</time>
      </trkpt>
      <trkpt lat="41.14955920726061" lon="43.129124427214265">
        <ele>1943.4</ele>
        <time>2025-06-27T12:11:26</time>
      </trkpt>
      <trkpt lat="41.149559542536736" lon="43.12912484630942">
        <ele>1943.4</ele>
        <time>2025-06-27T12:11:48</time>
      </trkpt>
      <trkpt lat="41.1495597101748" lon="43.12912484630942">
        <ele>1943.4</ele>
        <time>2025-06-27T12:11:52</time>
      </trkpt>
      <trkpt lat="41.149588376283646" lon="43.12914580106735">
        <ele>1943.6</ele>
        <time>2025-06-27T12:12:00</time>
      </trkpt>
      <trkpt lat="41.14959918893874" lon="43.129165498539805">
        <ele>1943.6</ele>
        <time>2025-06-27T12:12:08</time>
      </trkpt>
      <trkpt lat="41.14959927275777" lon="43.129164073616266">
        <ele>1943.6</ele>
        <time>2025-06-27T12:12:24</time>
      </trkpt>
      <trkpt lat="41.149599524214864" lon="43.129163989797235">
        <ele>1943.4</ele>
        <time>2025-06-27T12:12:29</time>
      </trkpt>
      <trkpt lat="41.1495975125581" lon="43.129160050302744">
        <ele>1943.6</ele>
        <time>2025-06-27T12:12:41</time>
      </trkpt>
      <trkpt lat="41.14959700964391" lon="43.1291588768363">
        <ele>1943.4</ele>
        <time>2025-06-27T12:12:57</time>
      </trkpt>
      <trkpt lat="41.14957739599049" lon="43.12916784547269">
        <ele>1943.6</ele>
        <time>2025-06-27T12:13:18</time>
      </trkpt>
      <trkpt lat="41.149581084027886" lon="43.1291451305151">
        <ele>1943.6</ele>
        <time>2025-06-27T12:13:27</time>
      </trkpt>
      <trkpt lat="41.14957245066762" lon="43.129102969542146">
        <ele>1943.6</ele>
        <time>2025-06-27T12:13:31</time>
      </trkpt>
      <trkpt lat="41.149562476202846" lon="43.12909157015383">
        <ele>1943.6</ele>
        <time>2025-06-27T12:13:32</time>
      </trkpt>
      <trkpt lat="41.149523835629225" lon="43.12907882966101">
        <ele>1944.1999999999998</ele>
        <time>2025-06-27T12:13:39</time>
      </trkpt>
      <trkpt lat="41.14952442236245" lon="43.12908603809774">
        <ele>1944.4</ele>
        <time>2025-06-27T12:13:45</time>
      </trkpt>
      <trkpt lat="41.14952299743891" lon="43.12908452935517">
        <ele>1944.6</ele>
        <time>2025-06-27T12:14:10</time>
      </trkpt>
      <trkpt lat="41.14952249452472" lon="43.12908469699323">
        <ele>1944.4</ele>
        <time>2025-06-27T12:14:50</time>
      </trkpt>
      <trkpt lat="41.149522410705686" lon="43.12908478081226">
        <ele>1944.4</ele>
        <time>2025-06-27T12:14:54</time>
      </trkpt>
      <trkpt lat="41.149536995217204" lon="43.12908553518355">
        <ele>1944.1999999999998</ele>
        <time>2025-06-27T12:15:12</time>
      </trkpt>
      <trkpt lat="41.149534564465284" lon="43.1290862057358">
        <ele>1944.4</ele>
        <time>2025-06-27T12:15:23</time>
      </trkpt>
      <trkpt lat="41.149552250280976" lon="43.12910028733313">
        <ele>1944.1999999999998</ele>
        <time>2025-06-27T12:15:32</time>
      </trkpt>
      <trkpt lat="41.14958963356912" lon="43.12910607084632">
        <ele>1944.0</ele>
        <time>2025-06-27T12:15:34</time>
      </trkpt>
      <trkpt lat="41.14961218088865" lon="43.1291036400944">
        <ele>1944.0</ele>
        <time>2025-06-27T12:15:35</time>
      </trkpt>
      <trkpt lat="41.14967881701887" lon="43.129074554890394">
        <ele>1943.8000000000002</ele>
        <time>2025-06-27T12:15:38</time>
      </trkpt>
      <trkpt lat="41.14971812814474" lon="43.12904647551477">
        <ele>1943.6</ele>
        <time>2025-06-27T12:15:40</time>
      </trkpt>
      <trkpt lat="41.149811670184135" lon="43.129003811627626">
        <ele>1943.1999999999998</ele>
        <time>2025-06-27T12:15:45</time>
      </trkpt>
      <trkpt lat="41.14984209649265" lon="43.12899576500058">
        <ele>1942.6</ele>
        <time>2025-06-27T12:15:47</time>
      </trkpt>
      <trkpt lat="41.14984603598714" lon="43.12899216078222">
        <ele>1942.0</ele>
        <time>2025-06-27T12:15:49</time>
      </trkpt>
      <trkpt lat="41.14984788000584" lon="43.12899568118155">
        <ele>1941.0</ele>
        <time>2025-06-27T12:15:53</time>
      </trkpt>
      <trkpt lat="41.14984771236777" lon="43.12899576500058">
        <ele>1940.8000000000002</ele>
        <time>2025-06-27T12:15:54</time>
      </trkpt>
      <trkpt lat="41.149886436760426" lon="43.12899534590542">
        <ele>1940.4</ele>
        <time>2025-06-27T12:16:03</time>
      </trkpt>
      <trkpt lat="41.14999305456877" lon="43.128947485238314">
        <ele>1940.1999999999998</ele>
        <time>2025-06-27T12:16:07</time>
      </trkpt>
      <trkpt lat="41.15001962520182" lon="43.128909934312105">
        <ele>1940.1999999999998</ele>
        <time>2025-06-27T12:16:08</time>
      </trkpt>
      <trkpt lat="41.15007787942886" lon="43.12875101342797">
        <ele>1940.0</ele>
        <time>2025-06-27T12:16:11</time>
      </trkpt>
      <trkpt lat="41.15011769346893" lon="43.128646072000265">
        <ele>1939.8000000000002</ele>
        <time>2025-06-27T12:16:13</time>
      </trkpt>
      <trkpt lat="41.15021266043186" lon="43.12847348861396">
        <ele>1938.8000000000002</ele>
        <time>2025-06-27T12:16:17</time>
      </trkpt>
      <trkpt lat="41.15039739757776" lon="43.12824659049511">
        <ele>1938.4</ele>
        <time>2025-06-27T12:16:24</time>
      </trkpt>
      <trkpt lat="41.1505420692265" lon="43.12821968458593">
        <ele>1938.1999999999998</ele>
        <time>2025-06-27T12:16:28</time>
      </trkpt>
      <trkpt lat="41.15077894181013" lon="43.128282548859715">
        <ele>1938.0</ele>
        <time>2025-06-27T12:16:34</time>
      </trkpt>
      <trkpt lat="41.15100617520511" lon="43.128431579098105">
        <ele>1937.6</ele>
        <time>2025-06-27T12:16:39</time>
      </trkpt>
      <trkpt lat="41.15114875137806" lon="43.12855211086571">
        <ele>1936.6</ele>
        <time>2025-06-27T12:16:43</time>
      </trkpt>
      <trkpt lat="41.15119032561779" lon="43.1285856384784">
        <ele>1936.6</ele>
        <time>2025-06-27T12:16:45</time>
      </trkpt>
      <trkpt lat="41.151314210146666" lon="43.12868546694517">
        <ele>1936.4</ele>
        <time>2025-06-27T12:16:51</time>
      </trkpt>
      <trkpt lat="41.15138637833297" lon="43.128801891580224">
        <ele>1937.8000000000002</ele>
        <time>2025-06-27T12:16:57</time>
      </trkpt>
      <trkpt lat="41.15140322595835" lon="43.12884321436286">
        <ele>1938.1999999999998</ele>
        <time>2025-06-27T12:16:59</time>
      </trkpt>
      <trkpt lat="41.15142208524048" lon="43.12890540808439">
        <ele>1938.8000000000002</ele>
        <time>2025-06-27T12:17:03</time>
      </trkpt>
      <trkpt lat="41.151426611468196" lon="43.12891806475818">
        <ele>1939.0</ele>
        <time>2025-06-27T12:17:05</time>
      </trkpt>
      <trkpt lat="41.15144798532128" lon="43.12895410694182">
        <ele>1939.6</ele>
        <time>2025-06-27T12:17:14</time>
      </trkpt>
      <trkpt lat="41.15148444660008" lon="43.12903080135584">
        <ele>1939.4</ele>
        <time>2025-06-27T12:17:21</time>
      </trkpt>
      <trkpt lat="41.15149333141744" lon="43.129046224057674">
        <ele>1939.0</ele>
        <time>2025-06-27T12:17:28</time>
      </trkpt>
      <trkpt lat="41.15149224177003" lon="43.129047732800245">
        <ele>1938.4</ele>
        <time>2025-06-27T12:17:46</time>
      </trkpt>
      <trkpt lat="41.15149358287454" lon="43.12904882244766">
        <ele>1938.1999999999998</ele>
        <time>2025-06-27T12:18:00</time>
      </trkpt>
      <trkpt lat="41.15149291232228" lon="43.129049157723784">
        <ele>1938.4</ele>
        <time>2025-06-27T12:18:04</time>
      </trkpt>
      <trkpt lat="41.15150799974799" lon="43.129065334796906">
        <ele>1938.1999999999998</ele>
        <time>2025-06-27T12:18:10</time>
      </trkpt>
      <trkpt lat="41.151524763554335" lon="43.12907380051911">
        <ele>1937.6</ele>
        <time>2025-06-27T12:18:21</time>
      </trkpt>
      <trkpt lat="41.151552591472864" lon="43.12907765619457">
        <ele>1937.6</ele>
        <time>2025-06-27T12:18:26</time>
      </trkpt>
      <trkpt lat="41.15157086402178" lon="43.12908494845033">
        <ele>1937.4</ele>
        <time>2025-06-27T12:18:29</time>
      </trkpt>
      <trkpt lat="41.15159332752228" lon="43.12909081578255">
        <ele>1937.0</ele>
        <time>2025-06-27T12:18:37</time>
      </trkpt>
      <trkpt lat="41.151593243703246" lon="43.12909031286836">
        <ele>1936.6</ele>
        <time>2025-06-27T12:18:42</time>
      </trkpt>
      <trkpt lat="41.15158963948488" lon="43.12909726984799">
        <ele>1936.1999999999998</ele>
        <time>2025-06-27T12:18:57</time>
      </trkpt>
      <trkpt lat="41.15157882682979" lon="43.12910037115216">
        <ele>1936.1999999999998</ele>
        <time>2025-06-27T12:19:06</time>
      </trkpt>
      <trkpt lat="41.15150950849056" lon="43.12911487184465">
        <ele>1936.6</ele>
        <time>2025-06-27T12:19:15</time>
      </trkpt>
      <trkpt lat="41.15151671692729" lon="43.12911780551076">
        <ele>1937.1999999999998</ele>
        <time>2025-06-27T12:19:21</time>
      </trkpt>
      <trkpt lat="41.1514852847904" lon="43.12909056432545">
        <ele>1937.4</ele>
        <time>2025-06-27T12:19:28</time>
      </trkpt>
      <trkpt lat="41.15147941745818" lon="43.1290830206126">
        <ele>1937.8000000000002</ele>
        <time>2025-06-27T12:19:34</time>
      </trkpt>
      <trkpt lat="41.151477908715606" lon="43.12908771447837">
        <ele>1937.8000000000002</ele>
        <time>2025-06-27T12:19:42</time>
      </trkpt>
      <trkpt lat="41.15147774107754" lon="43.12908813357353">
        <ele>1938.1999999999998</ele>
        <time>2025-06-27T12:19:54</time>
      </trkpt>
      <trkpt lat="41.151477824896574" lon="43.129088301211596">
        <ele>1938.4</ele>
        <time>2025-06-27T12:20:01</time>
      </trkpt>
      <trkpt lat="41.151478327810764" lon="43.129088217392564">
        <ele>1937.8000000000002</ele>
        <time>2025-06-27T12:20:46</time>
      </trkpt>
      <trkpt lat="41.151478327810764" lon="43.1290880497545">
        <ele>1937.8000000000002</ele>
        <time>2025-06-27T12:21:04</time>
      </trkpt>
      <trkpt lat="41.15147966891527" lon="43.129088301211596">
        <ele>1937.8000000000002</ele>
        <time>2025-06-27T12:21:40</time>
      </trkpt>
      <trkpt lat="41.15147992037237" lon="43.12908846884966">
        <ele>1937.8000000000002</ele>
        <time>2025-06-27T12:21:47</time>
      </trkpt>
      <trkpt lat="41.1514797527343" lon="43.129088301211596">
        <ele>1937.8000000000002</ele>
        <time>2025-06-27T12:22:12</time>
      </trkpt>
      <trkpt lat="41.151480255648494" lon="43.1290898937732">
        <ele>1938.4</ele>
        <time>2025-06-27T12:23:16</time>
      </trkpt>
      <trkpt lat="41.15147908218205" lon="43.12909056432545">
        <ele>1939.0</ele>
        <time>2025-06-27T12:24:23</time>
      </trkpt>
      <trkpt lat="41.151478914543986" lon="43.129090648144484">
        <ele>1938.8000000000002</ele>
        <time>2025-06-27T12:24:31</time>
      </trkpt>
      <trkpt lat="41.15147849544883" lon="43.12908997759223">
        <ele>1938.0</ele>
        <time>2025-06-27T12:24:55</time>
      </trkpt>
      <trkpt lat="41.151477824896574" lon="43.12909081578255">
        <ele>1938.4</ele>
        <time>2025-06-27T12:26:23</time>
      </trkpt>
      <trkpt lat="41.151477824896574" lon="43.12909274362028">
        <ele>1938.1999999999998</ele>
        <time>2025-06-27T12:27:17</time>
      </trkpt>
      <trkpt lat="41.151477824896574" lon="43.12909324653447">
        <ele>1938.0</ele>
        <time>2025-06-27T12:27:26</time>
      </trkpt>
      <trkpt lat="41.15151998586953" lon="43.129103975370526">
        <ele>1911.4</ele>
        <time>2025-06-27T13:04:46</time>
      </trkpt>
      <trkpt lat="41.151458881795406" lon="43.12906860373914">
        <ele>1911.4</ele>
        <time>2025-06-27T13:04:58</time>
      </trkpt>
      <trkpt lat="41.151457289233804" lon="43.12906315550208">
        <ele>1911.1999999999998</ele>
        <time>2025-06-27T13:05:11</time>
      </trkpt>
      <trkpt lat="41.151455445215106" lon="43.12905041500926">
        <ele>1911.1999999999998</ele>
        <time>2025-06-27T13:05:18</time>
      </trkpt>
      <trkpt lat="41.15145804360509" lon="43.129049660637975">
        <ele>1911.6</ele>
        <time>2025-06-27T13:05:30</time>
      </trkpt>
      <trkpt lat="41.15146231837571" lon="43.129045302048326">
        <ele>1911.1999999999998</ele>
        <time>2025-06-27T13:06:10</time>
      </trkpt>
      <trkpt lat="41.1514625698328" lon="43.129021329805255">
        <ele>1911.1999999999998</ele>
        <time>2025-06-27T13:06:19</time>
      </trkpt>
      <trkpt lat="41.15145267918706" lon="43.128991574048996">
        <ele>1911.1999999999998</ele>
        <time>2025-06-27T13:06:21</time>
      </trkpt>
      <trkpt lat="41.151377744972706" lon="43.1288134586066">
        <ele>1911.4</ele>
        <time>2025-06-27T13:06:30</time>
      </trkpt>
      <trkpt lat="41.151254028081894" lon="43.12863978557289">
        <ele>1911.6</ele>
        <time>2025-06-27T13:06:38</time>
      </trkpt>
      <trkpt lat="41.15105261094868" lon="43.128473069518805">
        <ele>1911.4</ele>
        <time>2025-06-27T13:06:44</time>
      </trkpt>
      <trkpt lat="41.150955967605114" lon="43.12839671038091">
        <ele>1911.1999999999998</ele>
        <time>2025-06-27T13:06:46</time>
      </trkpt>
      <trkpt lat="41.15091581828892" lon="43.12837265431881">
        <ele>1911.1999999999998</ele>
        <time>2025-06-27T13:06:47</time>
      </trkpt>
      <trkpt lat="41.150887655094266" lon="43.12835622578859">
        <ele>1911.0</ele>
        <time>2025-06-27T13:06:48</time>
      </trkpt>
      <trkpt lat="41.15084909833968" lon="43.12833401374519">
        <ele>1909.8000000000002</ele>
        <time>2025-06-27T13:06:50</time>
      </trkpt>
      <trkpt lat="41.15083116106689" lon="43.12832102179527">
        <ele>1909.4</ele>
        <time>2025-06-27T13:06:51</time>
      </trkpt>
      <trkpt lat="41.15078967064619" lon="43.128294283524156">
        <ele>1909.1999999999998</ele>
        <time>2025-06-27T13:06:53</time>
      </trkpt>
      <trkpt lat="41.15065321326256" lon="43.1282193493098">
        <ele>1909.0</ele>
        <time>2025-06-27T13:07:00</time>
      </trkpt>
      <trkpt lat="41.15050854161382" lon="43.128210213035345">
        <ele>1909.8000000000002</ele>
        <time>2025-06-27T13:07:07</time>
      </trkpt>
      <trkpt lat="41.15036454051733" lon="43.1282452493906">
        <ele>1910.8000000000002</ele>
        <time>2025-06-27T13:07:14</time>
      </trkpt>
      <trkpt lat="41.15034484304488" lon="43.12826285138726">
        <ele>1911.0</ele>
        <time>2025-06-27T13:07:15</time>
      </trkpt>
      <trkpt lat="41.150197656825185" lon="43.128462340682745">
        <ele>1911.4</ele>
        <time>2025-06-27T13:07:23</time>
      </trkpt>
      <trkpt lat="41.15007963962853" lon="43.12869259156287">
        <ele>1911.8000000000002</ele>
        <time>2025-06-27T13:07:31</time>
      </trkpt>
      <trkpt lat="41.15007041953504" lon="43.12872159294784">
        <ele>1911.8000000000002</ele>
        <time>2025-06-27T13:07:32</time>
      </trkpt>
      <trkpt lat="41.14996480755508" lon="43.12895318493247">
        <ele>1912.0</ele>
        <time>2025-06-27T13:07:40</time>
      </trkpt>
      <trkpt lat="41.14989590831101" lon="43.12898118048906">
        <ele>1912.1999999999998</ele>
        <time>2025-06-27T13:07:43</time>
      </trkpt>
      <trkpt lat="41.14982801489532" lon="43.12898998148739">
        <ele>1912.1999999999998</ele>
        <time>2025-06-27T13:07:46</time>
      </trkpt>
      <trkpt lat="41.14976204931736" lon="43.12900993041694">
        <ele>1912.6</ele>
        <time>2025-06-27T13:07:49</time>
      </trkpt>
      <trkpt lat="41.14966046065092" lon="43.12907732091844">
        <ele>1913.4</ele>
        <time>2025-06-27T13:07:54</time>
      </trkpt>
      <trkpt lat="41.14964176900685" lon="43.129090731963515">
        <ele>1913.6</ele>
        <time>2025-06-27T13:07:55</time>
      </trkpt>
      <trkpt lat="41.14956574514508" lon="43.129118140786886">
        <ele>1914.6</ele>
        <time>2025-06-27T13:07:59</time>
      </trkpt>
      <trkpt lat="41.14953330717981" lon="43.12910472974181">
        <ele>1915.0</ele>
        <time>2025-06-27T13:08:01</time>
      </trkpt>
      <trkpt lat="41.14950112067163" lon="43.12908997759223">
        <ele>1915.8000000000002</ele>
        <time>2025-06-27T13:08:04</time>
      </trkpt>
      <trkpt lat="41.14946977235377" lon="43.12906650826335">
        <ele>1916.6</ele>
        <time>2025-06-27T13:08:07</time>
      </trkpt>
      <trkpt lat="41.1494542658329" lon="43.12905577942729">
        <ele>1917.0</ele>
        <time>2025-06-27T13:08:10</time>
      </trkpt>
      <trkpt lat="41.14944655448198" lon="43.129050582647324">
        <ele>1917.1999999999998</ele>
        <time>2025-06-27T13:08:13</time>
      </trkpt>
      <trkpt lat="41.14940254949033" lon="43.1290000397712">
        <ele>1917.8000000000002</ele>
        <time>2025-06-27T13:08:19</time>
      </trkpt>
      <trkpt lat="41.14920507185161" lon="43.12883114442229">
        <ele>1917.8000000000002</ele>
        <time>2025-06-27T13:08:27</time>
      </trkpt>
      <trkpt lat="41.14904338493943" lon="43.128779008984566">
        <ele>1917.8000000000002</ele>
        <time>2025-06-27T13:08:32</time>
      </trkpt>
      <trkpt lat="41.14892452955246" lon="43.12877582386136">
        <ele>1917.8000000000002</ele>
        <time>2025-06-27T13:08:35</time>
      </trkpt>
      <trkpt lat="41.1487998906523" lon="43.12874489463866">
        <ele>1917.6</ele>
        <time>2025-06-27T13:08:38</time>
      </trkpt>
      <trkpt lat="41.14860685542226" lon="43.128669457510114">
        <ele>1916.4</ele>
        <time>2025-06-27T13:08:43</time>
      </trkpt>
      <trkpt lat="41.14853552542627" lon="43.128612879663706">
        <ele>1916.0</ele>
        <time>2025-06-27T13:08:45</time>
      </trkpt>
      <trkpt lat="41.148400912061334" lon="43.128538113087416">
        <ele>1914.6</ele>
        <time>2025-06-27T13:08:49</time>
      </trkpt>
      <trkpt lat="41.14836503751576" lon="43.1285354308784">
        <ele>1914.1999999999998</ele>
        <time>2025-06-27T13:08:50</time>
      </trkpt>
      <trkpt lat="41.148295886814594" lon="43.128535682335496">
        <ele>1913.4</ele>
        <time>2025-06-27T13:08:52</time>
      </trkpt>
      <trkpt lat="41.14822765812278" lon="43.128543393686414">
        <ele>1912.0</ele>
        <time>2025-06-27T13:08:54</time>
      </trkpt>
      <trkpt lat="41.14815607666969" lon="43.128576166927814">
        <ele>1911.0</ele>
        <time>2025-06-27T13:08:56</time>
      </trkpt>
      <trkpt lat="41.148118525743484" lon="43.12860148027539">
        <ele>1910.6</ele>
        <time>2025-06-27T13:08:57</time>
      </trkpt>
      <trkpt lat="41.148041328415275" lon="43.128662165254354">
        <ele>1909.4</ele>
        <time>2025-06-27T13:08:59</time>
      </trkpt>
      <trkpt lat="41.147958347573876" lon="43.12871237285435">
        <ele>1908.4</ele>
        <time>2025-06-27T13:09:01</time>
      </trkpt>
      <trkpt lat="41.14791199564934" lon="43.12872092239559">
        <ele>1908.1999999999998</ele>
        <time>2025-06-27T13:09:02</time>
      </trkpt>
      <trkpt lat="41.147863548249006" lon="43.12871622852981">
        <ele>1908.0</ele>
        <time>2025-06-27T13:09:03</time>
      </trkpt>
      <trkpt lat="41.14776313304901" lon="43.12868605367839">
        <ele>1906.8000000000002</ele>
        <time>2025-06-27T13:09:05</time>
      </trkpt>
      <trkpt lat="41.14771326072514" lon="43.12867515720427">
        <ele>1906.0</ele>
        <time>2025-06-27T13:09:06</time>
      </trkpt>
      <trkpt lat="41.14766296930611" lon="43.12867264263332">
        <ele>1905.4</ele>
        <time>2025-06-27T13:09:07</time>
      </trkpt>
      <trkpt lat="41.14761209115386" lon="43.128676414489746">
        <ele>1904.6</ele>
        <time>2025-06-27T13:09:08</time>
      </trkpt>
      <trkpt lat="41.147561045363545" lon="43.12867574393749">
        <ele>1903.6</ele>
        <time>2025-06-27T13:09:09</time>
      </trkpt>
      <trkpt lat="41.147510753944516" lon="43.128676330670714">
        <ele>1902.8000000000002</ele>
        <time>2025-06-27T13:09:10</time>
      </trkpt>
      <trkpt lat="41.14746046252549" lon="43.1286839582026">
        <ele>1902.4</ele>
        <time>2025-06-27T13:09:11</time>
      </trkpt>
      <trkpt lat="41.14741092547774" lon="43.12869560904801">
        <ele>1902.1999999999998</ele>
        <time>2025-06-27T13:09:12</time>
      </trkpt>
      <trkpt lat="41.147363148629665" lon="43.12870969064534">
        <ele>1901.8000000000002</ele>
        <time>2025-06-27T13:09:13</time>
      </trkpt>
      <trkpt lat="41.14724110811949" lon="43.12874707393348">
        <ele>1901.1999999999998</ele>
        <time>2025-06-27T13:09:16</time>
      </trkpt>
      <trkpt lat="41.147178495302796" lon="43.12877431511879">
        <ele>1900.8000000000002</ele>
        <time>2025-06-27T13:09:18</time>
      </trkpt>
      <trkpt lat="41.14702376537025" lon="43.12893122434616">
        <ele>1900.4</ele>
        <time>2025-06-27T13:09:24</time>
      </trkpt>
      <trkpt lat="41.14684925414622" lon="43.12909098342061">
        <ele>1900.6</ele>
        <time>2025-06-27T13:09:31</time>
      </trkpt>
      <trkpt lat="41.146728470921516" lon="43.12915988266468">
        <ele>1901.4</ele>
        <time>2025-06-27T13:09:37</time>
      </trkpt>
      <trkpt lat="41.14665831439197" lon="43.12922433950007">
        <ele>1902.0</ele>
        <time>2025-06-27T13:09:41</time>
      </trkpt>
      <trkpt lat="41.146586649119854" lon="43.12928871251643">
        <ele>1902.4</ele>
        <time>2025-06-27T13:09:45</time>
      </trkpt>
      <trkpt lat="41.14641448482871" lon="43.12933615408838">
        <ele>1902.8000000000002</ele>
        <time>2025-06-27T13:09:52</time>
      </trkpt>
      <trkpt lat="41.146317506209016" lon="43.12929726205766">
        <ele>1903.1999999999998</ele>
        <time>2025-06-27T13:09:55</time>
      </trkpt>
      <trkpt lat="41.14617836661637" lon="43.12924202531576">
        <ele>1903.1999999999998</ele>
        <time>2025-06-27T13:09:59</time>
      </trkpt>
      <trkpt lat="41.14597426727414" lon="43.12920765951276">
        <ele>1903.4</ele>
        <time>2025-06-27T13:10:05</time>
      </trkpt>
      <trkpt lat="41.14588416181505" lon="43.12921159900725">
        <ele>1903.6</ele>
        <time>2025-06-27T13:10:10</time>
      </trkpt>
      <trkpt lat="41.145878210663795" lon="43.129215287044644">
        <ele>1904.1999999999998</ele>
        <time>2025-06-27T13:10:14</time>
      </trkpt>
      <trkpt lat="41.145879132673144" lon="43.129215370863676">
        <ele>1904.4</ele>
        <time>2025-06-27T13:10:15</time>
      </trkpt>
      <trkpt lat="41.14587485790253" lon="43.129215873777866">
        <ele>1905.1999999999998</ele>
        <time>2025-06-27T13:10:18</time>
      </trkpt>
      <trkpt lat="41.14586672745645" lon="43.12921453267336">
        <ele>1905.4</ele>
        <time>2025-06-27T13:10:19</time>
      </trkpt>
      <trkpt lat="41.14582573994994" lon="43.12920640222728">
        <ele>1905.8000000000002</ele>
        <time>2025-06-27T13:10:22</time>
      </trkpt>
      <trkpt lat="41.145739909261465" lon="43.12919341027737">
        <ele>1906.1999999999998</ele>
        <time>2025-06-27T13:10:28</time>
      </trkpt>
      <trkpt lat="41.145727168768644" lon="43.129198774695396">
        <ele>1906.1999999999998</ele>
        <time>2025-06-27T13:10:29</time>
      </trkpt>
      <trkpt lat="41.145700262859464" lon="43.12919978052378">
        <ele>1906.4</ele>
        <time>2025-06-27T13:10:31</time>
      </trkpt>
      <trkpt lat="41.14562474191189" lon="43.129197265952826">
        <ele>1907.4</ele>
        <time>2025-06-27T13:10:36</time>
      </trkpt>
      <trkpt lat="41.145608481019735" lon="43.129197265952826">
        <ele>1907.4</ele>
        <time>2025-06-27T13:10:37</time>
      </trkpt>
      <trkpt lat="41.145491134375334" lon="43.129178239032626">
        <ele>1908.6</ele>
        <time>2025-06-27T13:10:45</time>
      </trkpt>
      <trkpt lat="41.14547713659704" lon="43.129178658127785">
        <ele>1908.8000000000002</ele>
        <time>2025-06-27T13:10:46</time>
      </trkpt>
      <trkpt lat="41.145360795781016" lon="43.12916281633079">
        <ele>1909.6</ele>
        <time>2025-06-27T13:10:54</time>
      </trkpt>
      <trkpt lat="41.14531125873327" lon="43.12911545857787">
        <ele>1909.6</ele>
        <time>2025-06-27T13:10:57</time>
      </trkpt>
      <trkpt lat="41.145265912637115" lon="43.12903432175517">
        <ele>1909.8000000000002</ele>
        <time>2025-06-27T13:11:00</time>
      </trkpt>
      <trkpt lat="41.145138926804066" lon="43.12884137034416">
        <ele>1909.8000000000002</ele>
        <time>2025-06-27T13:11:08</time>
      </trkpt>
      <trkpt lat="41.145014287903905" lon="43.1286546215415">
        <ele>1909.4</ele>
        <time>2025-06-27T13:11:15</time>
      </trkpt>
      <trkpt lat="41.144946813583374" lon="43.12855051830411">
        <ele>1908.8000000000002</ele>
        <time>2025-06-27T13:11:20</time>
      </trkpt>
      <trkpt lat="41.14491395652294" lon="43.128505339846015">
        <ele>1908.6</ele>
        <time>2025-06-27T13:11:22</time>
      </trkpt>
      <trkpt lat="41.14480775780976" lon="43.12836837954819">
        <ele>1908.1999999999998</ele>
        <time>2025-06-27T13:11:27</time>
      </trkpt>
      <trkpt lat="41.14463014528155" lon="43.12815849669278">
        <ele>1907.6</ele>
        <time>2025-06-27T13:11:34</time>
      </trkpt>
      <trkpt lat="41.14460441283882" lon="43.12812748365104">
        <ele>1907.6</ele>
        <time>2025-06-27T13:11:35</time>
      </trkpt>
      <trkpt lat="41.1443929374218" lon="43.12790402211249">
        <ele>1906.8000000000002</ele>
        <time>2025-06-27T13:11:43</time>
      </trkpt>
      <trkpt lat="41.14419202320278" lon="43.12778399325907">
        <ele>1906.6</ele>
        <time>2025-06-27T13:11:49</time>
      </trkpt>
      <trkpt lat="41.14399077370763" lon="43.127682069316506">
        <ele>1906.4</ele>
        <time>2025-06-27T13:11:54</time>
      </trkpt>
      <trkpt lat="41.14387569017708" lon="43.12762104906142">
        <ele>1906.0</ele>
        <time>2025-06-27T13:11:57</time>
      </trkpt>
      <trkpt lat="41.1436124984175" lon="43.12749112956226">
        <ele>1905.4</ele>
        <time>2025-06-27T13:12:05</time>
      </trkpt>
      <trkpt lat="41.14349003881216" lon="43.127415692433715">
        <ele>1905.1999999999998</ele>
        <time>2025-06-27T13:12:09</time>
      </trkpt>
      <trkpt lat="41.14340269938111" lon="43.127369256690145">
        <ele>1905.0</ele>
        <time>2025-06-27T13:12:12</time>
      </trkpt>
      <trkpt lat="41.14322969689965" lon="43.12729633413255">
        <ele>1904.0</ele>
        <time>2025-06-27T13:12:17</time>
      </trkpt>
      <trkpt lat="41.14319038577378" lon="43.12728384509683">
        <ele>1903.8000000000002</ele>
        <time>2025-06-27T13:12:18</time>
      </trkpt>
      <trkpt lat="41.143111595883965" lon="43.12724528834224">
        <ele>1903.1999999999998</ele>
        <time>2025-06-27T13:12:20</time>
      </trkpt>
      <trkpt lat="41.14307320676744" lon="43.12722064554691">
        <ele>1902.8000000000002</ele>
        <time>2025-06-27T13:12:21</time>
      </trkpt>
      <trkpt lat="41.14296759478748" lon="43.12715518288314">
        <ele>1902.0</ele>
        <time>2025-06-27T13:12:24</time>
      </trkpt>
      <trkpt lat="41.142908250913024" lon="43.12711888924241">
        <ele>1901.6</ele>
        <time>2025-06-27T13:12:26</time>
      </trkpt>
      <trkpt lat="41.14284404553473" lon="43.12707739882171">
        <ele>1901.4</ele>
        <time>2025-06-27T13:12:29</time>
      </trkpt>
      <trkpt lat="41.14269786514342" lon="43.1269761454314">
        <ele>1902.0</ele>
        <time>2025-06-27T13:12:38</time>
      </trkpt>
      <trkpt lat="41.14266115240753" lon="43.12696281820536">
        <ele>1902.8000000000002</ele>
        <time>2025-06-27T13:12:40</time>
      </trkpt>
      <trkpt lat="41.14259099587798" lon="43.12694035470486">
        <ele>1903.6</ele>
        <time>2025-06-27T13:12:44</time>
      </trkpt>
      <trkpt lat="41.14256341941655" lon="43.12694965861738">
        <ele>1903.6</ele>
        <time>2025-06-27T13:12:46</time>
      </trkpt>
      <trkpt lat="41.142534501850605" lon="43.12694504857063">
        <ele>1904.0</ele>
        <time>2025-06-27T13:12:48</time>
      </trkpt>
      <trkpt lat="41.14251178689301" lon="43.12692769803107">
        <ele>1904.0</ele>
        <time>2025-06-27T13:12:50</time>
      </trkpt>
      <trkpt lat="41.14250550046563" lon="43.1269103474915">
        <ele>1904.1999999999998</ele>
        <time>2025-06-27T13:12:51</time>
      </trkpt>
      <trkpt lat="41.14247716963291" lon="43.126819068565965">
        <ele>1904.4</ele>
        <time>2025-06-27T13:12:55</time>
      </trkpt>
      <trkpt lat="41.14245596341789" lon="43.12675620429218">
        <ele>1904.4</ele>
        <time>2025-06-27T13:12:57</time>
      </trkpt>
      <trkpt lat="41.142358649522066" lon="43.1265133805573">
        <ele>1904.1999999999998</ele>
        <time>2025-06-27T13:13:03</time>
      </trkpt>
      <trkpt lat="41.142266197130084" lon="43.12633752822876">
        <ele>1903.6</ele>
        <time>2025-06-27T13:13:09</time>
      </trkpt>
      <trkpt lat="41.1421652790159" lon="43.12604097649455">
        <ele>1903.6</ele>
        <time>2025-06-27T13:13:19</time>
      </trkpt>
      <trkpt lat="41.14212806336582" lon="43.12589596956968">
        <ele>1904.4</ele>
        <time>2025-06-27T13:13:26</time>
      </trkpt>
      <trkpt lat="41.14212982356548" lon="43.12582480721176">
        <ele>1904.6</ele>
        <time>2025-06-27T13:13:29</time>
      </trkpt>
      <trkpt lat="41.142126051709056" lon="43.125772420316935">
        <ele>1904.8000000000002</ele>
        <time>2025-06-27T13:13:31</time>
      </trkpt>
      <trkpt lat="41.142121106386185" lon="43.12555432319641">
        <ele>1904.8000000000002</ele>
        <time>2025-06-27T13:13:39</time>
      </trkpt>
      <trkpt lat="41.14212806336582" lon="43.125493386760354">
        <ele>1904.8000000000002</ele>
        <time>2025-06-27T13:13:41</time>
      </trkpt>
      <trkpt lat="41.142163099721074" lon="43.125325413420796">
        <ele>1905.0</ele>
        <time>2025-06-27T13:13:47</time>
      </trkpt>
      <trkpt lat="41.142204673960805" lon="43.12520245090127">
        <ele>1905.4</ele>
        <time>2025-06-27T13:13:53</time>
      </trkpt>
      <trkpt lat="41.14221557043493" lon="43.125105891376734">
        <ele>1906.0</ele>
        <time>2025-06-27T13:13:57</time>
      </trkpt>
      <trkpt lat="41.14222143776715" lon="43.125057024881244">
        <ele>1906.6</ele>
        <time>2025-06-27T13:13:59</time>
      </trkpt>
      <trkpt lat="41.14223417825997" lon="43.1249799951911">
        <ele>1907.0</ele>
        <time>2025-06-27T13:14:02</time>
      </trkpt>
      <trkpt lat="41.14225563593209" lon="43.124856697395444">
        <ele>1908.0</ele>
        <time>2025-06-27T13:14:07</time>
      </trkpt>
      <trkpt lat="41.14226452074945" lon="43.12480665743351">
        <ele>1908.1999999999998</ele>
        <time>2025-06-27T13:14:09</time>
      </trkpt>
      <trkpt lat="41.142277931794524" lon="43.12468696385622">
        <ele>1908.8000000000002</ele>
        <time>2025-06-27T13:14:14</time>
      </trkpt>
      <trkpt lat="41.14228170365095" lon="43.12460985034704">
        <ele>1909.1999999999998</ele>
        <time>2025-06-27T13:14:17</time>
      </trkpt>
      <trkpt lat="41.142280949279666" lon="43.1244857981801">
        <ele>1910.0</ele>
        <time>2025-06-27T13:14:22</time>
      </trkpt>
      <trkpt lat="41.14226980134845" lon="43.12443642877042">
        <ele>1910.4</ele>
        <time>2025-06-27T13:14:24</time>
      </trkpt>
      <trkpt lat="41.14223459735513" lon="43.124309023842216">
        <ele>1911.1999999999998</ele>
        <time>2025-06-27T13:14:29</time>
      </trkpt>
      <trkpt lat="41.142208026722074" lon="43.124234760180116">
        <ele>1911.4</ele>
        <time>2025-06-27T13:14:32</time>
      </trkpt>
      <trkpt lat="41.14216142334044" lon="43.124116491526365">
        <ele>1912.0</ele>
        <time>2025-06-27T13:14:37</time>
      </trkpt>
      <trkpt lat="41.14214030094445" lon="43.12407600693405">
        <ele>1912.1999999999998</ele>
        <time>2025-06-27T13:14:39</time>
      </trkpt>
      <trkpt lat="41.14206947386265" lon="43.1240076944232">
        <ele>1912.6</ele>
        <time>2025-06-27T13:14:43</time>
      </trkpt>
      <trkpt lat="41.14186059683561" lon="43.12386360950768">
        <ele>1912.8000000000002</ele>
        <time>2025-06-27T13:14:50</time>
      </trkpt>
      <trkpt lat="41.14178189076483" lon="43.12381180934608">
        <ele>1912.8000000000002</ele>
        <time>2025-06-27T13:14:52</time>
      </trkpt>
      <trkpt lat="41.14170125685632" lon="43.12373109161854">
        <ele>1912.6</ele>
        <time>2025-06-27T13:14:54</time>
      </trkpt>
      <trkpt lat="41.14140789024532" lon="43.123419201001525">
        <ele>1911.0</ele>
        <time>2025-06-27T13:15:01</time>
      </trkpt>
      <trkpt lat="41.141366148367524" lon="43.12336731702089">
        <ele>1910.8000000000002</ele>
        <time>2025-06-27T13:15:02</time>
      </trkpt>
      <trkpt lat="41.14125198684633" lon="43.12320152297616">
        <ele>1909.8000000000002</ele>
        <time>2025-06-27T13:15:05</time>
      </trkpt>
      <trkpt lat="41.14119892939925" lon="43.1230887863785">
        <ele>1909.4</ele>
        <time>2025-06-27T13:15:07</time>
      </trkpt>
      <trkpt lat="41.141117457300425" lon="43.122874377295375">
        <ele>1908.6</ele>
        <time>2025-06-27T13:15:11</time>
      </trkpt>
      <trkpt lat="41.14104654639959" lon="43.1227142829448">
        <ele>1908.0</ele>
        <time>2025-06-27T13:15:14</time>
      </trkpt>
      <trkpt lat="41.14090858027339" lon="43.12251353636384">
        <ele>1907.8000000000002</ele>
        <time>2025-06-27T13:15:18</time>
      </trkpt>
      <trkpt lat="41.14086910150945" lon="43.12247866764665">
        <ele>1907.6</ele>
        <time>2025-06-27T13:15:19</time>
      </trkpt>
      <trkpt lat="41.14083054475486" lon="43.122448241338134">
        <ele>1907.6</ele>
        <time>2025-06-27T13:15:20</time>
      </trkpt>
      <trkpt lat="41.14063432440162" lon="43.1222581397742">
        <ele>1907.1999999999998</ele>
        <time>2025-06-27T13:15:26</time>
      </trkpt>
      <trkpt lat="41.140497950837016" lon="43.122104834765196">
        <ele>1907.1999999999998</ele>
        <time>2025-06-27T13:15:32</time>
      </trkpt>
      <trkpt lat="41.14038881845772" lon="43.12202017754316">
        <ele>1908.6</ele>
        <time>2025-06-27T13:15:38</time>
      </trkpt>
      <trkpt lat="41.1402534507215" lon="43.121877517551184">
        <ele>1909.0</ele>
        <time>2025-06-27T13:15:47</time>
      </trkpt>
      <trkpt lat="41.14013811573386" lon="43.1217282358557">
        <ele>1909.0</ele>
        <time>2025-06-27T13:15:54</time>
      </trkpt>
      <trkpt lat="41.13997668027878" lon="43.12148675322533">
        <ele>1909.1999999999998</ele>
        <time>2025-06-27T13:16:03</time>
      </trkpt>
      <trkpt lat="41.13982806913555" lon="43.121290281414986">
        <ele>1909.6</ele>
        <time>2025-06-27T13:16:10</time>
      </trkpt>
      <trkpt lat="41.13978230394423" lon="43.1212377268821">
        <ele>1909.6</ele>
        <time>2025-06-27T13:16:12</time>
      </trkpt>
      <trkpt lat="41.13958138972521" lon="43.12104921787977">
        <ele>1910.0</ele>
        <time>2025-06-27T13:16:20</time>
      </trkpt>
      <trkpt lat="41.139391204342246" lon="43.12089272774756">
        <ele>1910.0</ele>
        <time>2025-06-27T13:16:27</time>
      </trkpt>
      <trkpt lat="41.13907805643976" lon="43.120670691132545">
        <ele>1909.8000000000002</ele>
        <time>2025-06-27T13:16:36</time>
      </trkpt>
      <trkpt lat="41.13872727379203" lon="43.120432728901505">
        <ele>1909.0</ele>
        <time>2025-06-27T13:16:46</time>
      </trkpt>
      <trkpt lat="41.1384663451463" lon="43.120195772498846">
        <ele>1908.6</ele>
        <time>2025-06-27T13:16:55</time>
      </trkpt>
      <trkpt lat="41.138439355418086" lon="43.120168782770634">
        <ele>1908.4</ele>
        <time>2025-06-27T13:16:56</time>
      </trkpt>
      <trkpt lat="41.138318572193384" lon="43.120045652613044">
        <ele>1908.1999999999998</ele>
        <time>2025-06-27T13:17:00</time>
      </trkpt>
      <trkpt lat="41.138288481161" lon="43.11999913305044">
        <ele>1908.0</ele>
        <time>2025-06-27T13:17:01</time>
      </trkpt>
      <trkpt lat="41.13821530714631" lon="43.1197614222765">
        <ele>1907.1999999999998</ele>
        <time>2025-06-27T13:17:05</time>
      </trkpt>
      <trkpt lat="41.13819954916835" lon="43.11970425769687">
        <ele>1907.0</ele>
        <time>2025-06-27T13:17:06</time>
      </trkpt>
      <trkpt lat="41.13810885697603" lon="43.119451543316245">
        <ele>1906.0</ele>
        <time>2025-06-27T13:17:11</time>
      </trkpt>
      <trkpt lat="41.13808932714164" lon="43.119410052895546">
        <ele>1905.6</ele>
        <time>2025-06-27T13:17:12</time>
      </trkpt>
      <trkpt lat="41.13807030022144" lon="43.11936839483678">
        <ele>1904.6</ele>
        <time>2025-06-27T13:17:13</time>
      </trkpt>
      <trkpt lat="41.13802897743881" lon="43.11928214505315">
        <ele>1904.0</ele>
        <time>2025-06-27T13:17:15</time>
      </trkpt>
      <trkpt lat="41.13798497244716" lon="43.11919438652694">
        <ele>1903.4</ele>
        <time>2025-06-27T13:17:17</time>
      </trkpt>
      <trkpt lat="41.13794566132128" lon="43.119110483676195">
        <ele>1902.8000000000002</ele>
        <time>2025-06-27T13:17:19</time>
      </trkpt>
      <trkpt lat="41.137905260547996" lon="43.119031274691224">
        <ele>1902.1999999999998</ele>
        <time>2025-06-27T13:17:21</time>
      </trkpt>
      <trkpt lat="41.13780618645251" lon="43.118832958862185">
        <ele>1901.1999999999998</ele>
        <time>2025-06-27T13:17:26</time>
      </trkpt>
      <trkpt lat="41.13776226527989" lon="43.11875877901912">
        <ele>1900.8000000000002</ele>
        <time>2025-06-27T13:17:28</time>
      </trkpt>
      <trkpt lat="41.13766327500343" lon="43.11861217953265">
        <ele>1900.1999999999998</ele>
        <time>2025-06-27T13:17:32</time>
      </trkpt>
      <trkpt lat="41.13755724392831" lon="43.11846130527556">
        <ele>1899.6</ele>
        <time>2025-06-27T13:17:36</time>
      </trkpt>
      <trkpt lat="41.13749111071229" lon="43.11840455979109">
        <ele>1899.4</ele>
        <time>2025-06-27T13:17:38</time>
      </trkpt>
      <trkpt lat="41.137409722432494" lon="43.118365248665214">
        <ele>1899.1999999999998</ele>
        <time>2025-06-27T13:17:40</time>
      </trkpt>
      <trkpt lat="41.13725457340479" lon="43.11838964000344">
        <ele>1898.4</ele>
        <time>2025-06-27T13:17:44</time>
      </trkpt>
      <trkpt lat="41.13720134831965" lon="43.11844320036471">
        <ele>1897.6</ele>
        <time>2025-06-27T13:17:46</time>
      </trkpt>
      <trkpt lat="41.13714795559645" lon="43.118551997467875">
        <ele>1897.0</ele>
        <time>2025-06-27T13:17:49</time>
      </trkpt>
      <trkpt lat="41.13702046684921" lon="43.11877646483481">
        <ele>1896.6</ele>
        <time>2025-06-27T13:17:55</time>
      </trkpt>
      <trkpt lat="41.136902030557394" lon="43.11879063025117">
        <ele>1896.6</ele>
        <time>2025-06-27T13:17:59</time>
      </trkpt>
      <trkpt lat="41.136762388050556" lon="43.11885424889624">
        <ele>1897.1999999999998</ele>
        <time>2025-06-27T13:18:05</time>
      </trkpt>
      <trkpt lat="41.136633809655905" lon="43.11893513426185">
        <ele>1898.1999999999998</ele>
        <time>2025-06-27T13:18:11</time>
      </trkpt>
      <trkpt lat="41.13655778579414" lon="43.118988275527954">
        <ele>1898.8000000000002</ele>
        <time>2025-06-27T13:18:15</time>
      </trkpt>
      <trkpt lat="41.136506237089634" lon="43.119033789262176">
        <ele>1899.1999999999998</ele>
        <time>2025-06-27T13:18:18</time>
      </trkpt>
      <trkpt lat="41.13642384298146" lon="43.119126660749316">
        <ele>1900.0</ele>
        <time>2025-06-27T13:18:23</time>
      </trkpt>
      <trkpt lat="41.13633910194039" lon="43.1192603521049">
        <ele>1900.6</ele>
        <time>2025-06-27T13:18:29</time>
      </trkpt>
      <trkpt lat="41.136315716430545" lon="43.11930611729622">
        <ele>1900.8000000000002</ele>
        <time>2025-06-27T13:18:31</time>
      </trkpt>
      <trkpt lat="41.13627850078046" lon="43.11941667459905">
        <ele>1901.6</ele>
        <time>2025-06-27T13:18:35</time>
      </trkpt>
      <trkpt lat="41.136268861591816" lon="43.11944358050823">
        <ele>1901.8000000000002</ele>
        <time>2025-06-27T13:18:36</time>
      </trkpt>
      <trkpt lat="41.136202812194824" lon="43.1196972168982">
        <ele>1903.0</ele>
        <time>2025-06-27T13:18:45</time>
      </trkpt>
      <trkpt lat="41.13615662790835" lon="43.119896203279495">
        <ele>1904.0</ele>
        <time>2025-06-27T13:18:52</time>
      </trkpt>
      <trkpt lat="41.13614439032972" lon="43.11995219439268">
        <ele>1904.1999999999998</ele>
        <time>2025-06-27T13:18:54</time>
      </trkpt>
      <trkpt lat="41.13611664623022" lon="43.12006358988583">
        <ele>1905.1999999999998</ele>
        <time>2025-06-27T13:18:58</time>
      </trkpt>
      <trkpt lat="41.13608152605593" lon="43.1202603969723">
        <ele>1906.4</ele>
        <time>2025-06-27T13:19:05</time>
      </trkpt>
      <trkpt lat="41.13604665733874" lon="43.12046114355326">
        <ele>1907.4</ele>
        <time>2025-06-27T13:19:12</time>
      </trkpt>
      <trkpt lat="41.136033833026886" lon="43.12054647132754">
        <ele>1907.8000000000002</ele>
        <time>2025-06-27T13:19:15</time>
      </trkpt>
      <trkpt lat="41.1360090225935" lon="43.12068846076727">
        <ele>1908.6</ele>
        <time>2025-06-27T13:19:20</time>
      </trkpt>
      <trkpt lat="41.135989828035235" lon="43.12080186791718">
        <ele>1909.0</ele>
        <time>2025-06-27T13:19:24</time>
      </trkpt>
      <trkpt lat="41.135972226038575" lon="43.120954083278775">
        <ele>1909.6</ele>
        <time>2025-06-27T13:19:29</time>
      </trkpt>
      <trkpt lat="41.135947834700346" lon="43.12116581015289">
        <ele>1910.4</ele>
        <time>2025-06-27T13:19:36</time>
      </trkpt>
      <trkpt lat="41.135940961539745" lon="43.12122649513185">
        <ele>1910.8000000000002</ele>
        <time>2025-06-27T13:19:38</time>
      </trkpt>
      <trkpt lat="41.13592511974275" lon="43.12142841517925">
        <ele>1911.6</ele>
        <time>2025-06-27T13:19:45</time>
      </trkpt>
      <trkpt lat="41.1359226051718" lon="43.121457919478416">
        <ele>1911.8000000000002</ele>
        <time>2025-06-27T13:19:46</time>
      </trkpt>
      <trkpt lat="41.13590257242322" lon="43.121689008548856">
        <ele>1912.6</ele>
        <time>2025-06-27T13:19:54</time>
      </trkpt>
      <trkpt lat="41.135899471119046" lon="43.12171893194318">
        <ele>1912.8000000000002</ele>
        <time>2025-06-27T13:19:55</time>
      </trkpt>
      <trkpt lat="41.1358533706516" lon="43.12188564799726">
        <ele>1914.0</ele>
        <time>2025-06-27T13:20:02</time>
      </trkpt>
      <trkpt lat="41.1357706412673" lon="43.12197072431445">
        <ele>1915.0</ele>
        <time>2025-06-27T13:20:08</time>
      </trkpt>
      <trkpt lat="41.13571682944894" lon="43.121974747627974">
        <ele>1915.6</ele>
        <time>2025-06-27T13:20:11</time>
      </trkpt>
      <trkpt lat="41.13568162545562" lon="43.12195689417422">
        <ele>1916.1999999999998</ele>
        <time>2025-06-27T13:20:13</time>
      </trkpt>
      <trkpt lat="41.1356480140239" lon="43.12193593941629">
        <ele>1916.8000000000002</ele>
        <time>2025-06-27T13:20:15</time>
      </trkpt>
      <trkpt lat="41.135613145306706" lon="43.12191708013415">
        <ele>1917.4</ele>
        <time>2025-06-27T13:20:17</time>
      </trkpt>
      <trkpt lat="41.135529996827245" lon="43.121859077364206">
        <ele>1918.0</ele>
        <time>2025-06-27T13:20:22</time>
      </trkpt>
      <trkpt lat="41.13546461798251" lon="43.121811551973224">
        <ele>1918.4</ele>
        <time>2025-06-27T13:20:26</time>
      </trkpt>
      <trkpt lat="41.13539672456682" lon="43.121752962470055">
        <ele>1919.0</ele>
        <time>2025-06-27T13:20:30</time>
      </trkpt>
      <trkpt lat="41.13531231880188" lon="43.1217057723552">
        <ele>1919.8000000000002</ele>
        <time>2025-06-27T13:20:34</time>
      </trkpt>
      <trkpt lat="41.135243251919746" lon="43.12166126444936">
        <ele>1920.8000000000002</ele>
        <time>2025-06-27T13:20:37</time>
      </trkpt>
      <trkpt lat="41.13509288057685" lon="43.12155447900295">
        <ele>1922.0</ele>
        <time>2025-06-27T13:20:44</time>
      </trkpt>
      <trkpt lat="41.13504745066166" lon="43.12152681872249">
        <ele>1922.0</ele>
        <time>2025-06-27T13:20:46</time>
      </trkpt>
      <trkpt lat="41.13484175875783" lon="43.12134861946106">
        <ele>1922.6</ele>
        <time>2025-06-27T13:20:56</time>
      </trkpt>
      <trkpt lat="41.1348295211792" lon="43.121329843997955">
        <ele>1922.8000000000002</ele>
        <time>2025-06-27T13:20:57</time>
      </trkpt>
      <trkpt lat="41.13475349731743" lon="43.121218448504806">
        <ele>1924.0</ele>
        <time>2025-06-27T13:21:03</time>
      </trkpt>
      <trkpt lat="41.134739415720105" lon="43.121201265603304">
        <ele>1924.4</ele>
        <time>2025-06-27T13:21:04</time>
      </trkpt>
      <trkpt lat="41.13464738242328" lon="43.12103999778628">
        <ele>1925.0</ele>
        <time>2025-06-27T13:21:12</time>
      </trkpt>
      <trkpt lat="41.134633803740144" lon="43.121019545942545">
        <ele>1925.1999999999998</ele>
        <time>2025-06-27T13:21:13</time>
      </trkpt>
      <trkpt lat="41.13457412458956" lon="43.12090798281133">
        <ele>1926.1999999999998</ele>
        <time>2025-06-27T13:21:18</time>
      </trkpt>
      <trkpt lat="41.134531712159514" lon="43.120853416621685">
        <ele>1927.0</ele>
        <time>2025-06-27T13:21:21</time>
      </trkpt>
      <trkpt lat="41.134508829563856" lon="43.120810836553574">
        <ele>1927.4</ele>
        <time>2025-06-27T13:21:23</time>
      </trkpt>
      <trkpt lat="41.13446976989508" lon="43.120714109390974">
        <ele>1928.6</ele>
        <time>2025-06-27T13:21:27</time>
      </trkpt>
      <trkpt lat="41.13445619121194" lon="43.12069399282336">
        <ele>1929.1999999999998</ele>
        <time>2025-06-27T13:21:28</time>
      </trkpt>
      <trkpt lat="41.13443196751177" lon="43.12065283767879">
        <ele>1929.6</ele>
        <time>2025-06-27T13:21:30</time>
      </trkpt>
      <trkpt lat="41.13438435830176" lon="43.12057823874056">
        <ele>1930.8000000000002</ele>
        <time>2025-06-27T13:21:34</time>
      </trkpt>
      <trkpt lat="41.13437136635184" lon="43.120560888201">
        <ele>1931.1999999999998</ele>
        <time>2025-06-27T13:21:35</time>
      </trkpt>
      <trkpt lat="41.1342787463218" lon="43.12044027261436">
        <ele>1932.0</ele>
        <time>2025-06-27T13:21:42</time>
      </trkpt>
      <trkpt lat="41.13426432944834" lon="43.12042367644608">
        <ele>1932.0</ele>
        <time>2025-06-27T13:21:43</time>
      </trkpt>
      <trkpt lat="41.134143797680736" lon="43.12029669061303">
        <ele>1932.6</ele>
        <time>2025-06-27T13:21:51</time>
      </trkpt>
      <trkpt lat="41.134061655029655" lon="43.12022125348449">
        <ele>1933.0</ele>
        <time>2025-06-27T13:21:56</time>
      </trkpt>
      <trkpt lat="41.133986385539174" lon="43.12017205171287">
        <ele>1934.0</ele>
        <time>2025-06-27T13:22:00</time>
      </trkpt>
      <trkpt lat="41.13396844826639" lon="43.12016216106713">
        <ele>1934.1999999999998</ele>
        <time>2025-06-27T13:22:01</time>
      </trkpt>
      <trkpt lat="41.13386845216155" lon="43.12012846581638">
        <ele>1935.1999999999998</ele>
        <time>2025-06-27T13:22:06</time>
      </trkpt>
      <trkpt lat="41.133829141035676" lon="43.120115054771304">
        <ele>1935.4</ele>
        <time>2025-06-27T13:22:08</time>
      </trkpt>
      <trkpt lat="41.13367575220764" lon="43.120077503845096">
        <ele>1936.1999999999998</ele>
        <time>2025-06-27T13:22:16</time>
      </trkpt>
      <trkpt lat="41.133626801893115" lon="43.120062332600355">
        <ele>1936.8000000000002</ele>
        <time>2025-06-27T13:22:21</time>
      </trkpt>
      <trkpt lat="41.13362546078861" lon="43.12006467953324">
        <ele>1937.1999999999998</ele>
        <time>2025-06-27T13:22:30</time>
      </trkpt>
      <trkpt lat="41.133625293150544" lon="43.120064344257116">
        <ele>1937.4</ele>
        <time>2025-06-27T13:22:37</time>
      </trkpt>
      <trkpt lat="41.1336275562644" lon="43.12006543390453">
        <ele>1937.8000000000002</ele>
        <time>2025-06-27T13:22:50</time>
      </trkpt>
      <trkpt lat="41.13357223570347" lon="43.12004162929952">
        <ele>1938.0</ele>
        <time>2025-06-27T13:22:55</time>
      </trkpt>
      <trkpt lat="41.133396634832025" lon="43.12006786465645">
        <ele>1938.0</ele>
        <time>2025-06-27T13:23:02</time>
      </trkpt>
      <trkpt lat="41.133328741416335" lon="43.120244052261114">
        <ele>1937.8000000000002</ele>
        <time>2025-06-27T13:23:07</time>
      </trkpt>
      <trkpt lat="41.13332061097026" lon="43.120289063081145">
        <ele>1937.8000000000002</ele>
        <time>2025-06-27T13:23:08</time>
      </trkpt>
      <trkpt lat="41.133249616250396" lon="43.120671613141894">
        <ele>1937.1999999999998</ele>
        <time>2025-06-27T13:23:16</time>
      </trkpt>
      <trkpt lat="41.13314869813621" lon="43.121180729940534">
        <ele>1937.6</ele>
        <time>2025-06-27T13:23:26</time>
      </trkpt>
      <trkpt lat="41.13307066261768" lon="43.12155095860362">
        <ele>1938.1999999999998</ele>
        <time>2025-06-27T13:23:33</time>
      </trkpt>
      <trkpt lat="41.133020371198654" lon="43.121774001047015">
        <ele>1938.4</ele>
        <time>2025-06-27T13:23:37</time>
      </trkpt>
      <trkpt lat="41.13287444226444" lon="43.12239468097687">
        <ele>1939.0</ele>
        <time>2025-06-27T13:23:48</time>
      </trkpt>
      <trkpt lat="41.132848374545574" lon="43.12250171788037">
        <ele>1939.1999999999998</ele>
        <time>2025-06-27T13:23:50</time>
      </trkpt>
      <trkpt lat="41.13278450444341" lon="43.12274613417685">
        <ele>1939.4</ele>
        <time>2025-06-27T13:23:55</time>
      </trkpt>
      <trkpt lat="41.132665229961276" lon="43.123206719756126">
        <ele>1940.0</ele>
        <time>2025-06-27T13:24:04</time>
      </trkpt>
      <trkpt lat="41.13253237679601" lon="43.12371181324124">
        <ele>1940.6</ele>
        <time>2025-06-27T13:24:13</time>
      </trkpt>
      <trkpt lat="41.13245618529618" lon="43.12401515431702">
        <ele>1941.0</ele>
        <time>2025-06-27T13:24:19</time>
      </trkpt>
      <trkpt lat="41.132418718189" lon="43.12416510656476">
        <ele>1941.0</ele>
        <time>2025-06-27T13:24:22</time>
      </trkpt>
      <trkpt lat="41.13229030743241" lon="43.12466156668961">
        <ele>1941.0</ele>
        <time>2025-06-27T13:24:31</time>
      </trkpt>
      <trkpt lat="41.13211655057967" lon="43.125301944091916">
        <ele>1940.6</ele>
        <time>2025-06-27T13:24:42</time>
      </trkpt>
      <trkpt lat="41.13194824196398" lon="43.125945422798395">
        <ele>1940.1999999999998</ele>
        <time>2025-06-27T13:24:52</time>
      </trkpt>
      <trkpt lat="41.13187087699771" lon="43.1262353528291">
        <ele>1939.8000000000002</ele>
        <time>2025-06-27T13:24:56</time>
      </trkpt>
      <trkpt lat="41.13178504630923" lon="43.1265445612371">
        <ele>1939.1999999999998</ele>
        <time>2025-06-27T13:25:00</time>
      </trkpt>
      <trkpt lat="41.13166962750256" lon="43.12697329558432">
        <ele>1938.6</ele>
        <time>2025-06-27T13:25:05</time>
      </trkpt>
      <trkpt lat="41.131621934473515" lon="43.12715945765376">
        <ele>1938.4</ele>
        <time>2025-06-27T13:25:07</time>
      </trkpt>
      <trkpt lat="41.13143300637603" lon="43.12787435017526">
        <ele>1937.4</ele>
        <time>2025-06-27T13:25:14</time>
      </trkpt>
      <trkpt lat="41.13124173134565" lon="43.12840006314218">
        <ele>1936.4</ele>
        <time>2025-06-27T13:25:19</time>
      </trkpt>
      <trkpt lat="41.13119135610759" lon="43.128501484170556">
        <ele>1936.1999999999998</ele>
        <time>2025-06-27T13:25:20</time>
      </trkpt>
      <trkpt lat="41.13095163367689" lon="43.12887975946069">
        <ele>1935.0</ele>
        <time>2025-06-27T13:25:24</time>
      </trkpt>
      <trkpt lat="41.13080805167556" lon="43.1290449667722">
        <ele>1934.0</ele>
        <time>2025-06-27T13:25:26</time>
      </trkpt>
      <trkpt lat="41.13064586184919" lon="43.12919835560024">
        <ele>1932.8000000000002</ele>
        <time>2025-06-27T13:25:28</time>
      </trkpt>
      <trkpt lat="41.13055810332298" lon="43.12926742248237">
        <ele>1932.1999999999998</ele>
        <time>2025-06-27T13:25:29</time>
      </trkpt>
      <trkpt lat="41.130372025072575" lon="43.129381500184536">
        <ele>1931.4</ele>
        <time>2025-06-27T13:25:31</time>
      </trkpt>
      <trkpt lat="41.13017622381449" lon="43.129473282024264">
        <ele>1930.0</ele>
        <time>2025-06-27T13:25:33</time>
      </trkpt>
      <trkpt lat="41.13007220439613" lon="43.12950739637017">
        <ele>1929.4</ele>
        <time>2025-06-27T13:25:34</time>
      </trkpt>
      <trkpt lat="41.12996583804488" lon="43.12953430227935">
        <ele>1929.0</ele>
        <time>2025-06-27T13:25:35</time>
      </trkpt>
      <trkpt lat="41.12963827326894" lon="43.129570009186864">
        <ele>1927.6</ele>
        <time>2025-06-27T13:25:38</time>
      </trkpt>
      <trkpt lat="41.129524782299995" lon="43.12956355512142">
        <ele>1926.8000000000002</ele>
        <time>2025-06-27T13:25:39</time>
      </trkpt>
      <trkpt lat="41.12940911203623" lon="43.129547629505396">
        <ele>1926.1999999999998</ele>
        <time>2025-06-27T13:25:40</time>
      </trkpt>
      <trkpt lat="41.129174921661615" lon="43.129497254267335">
        <ele>1924.6</ele>
        <time>2025-06-27T13:25:42</time>
      </trkpt>
      <trkpt lat="41.128937965258956" lon="43.12944327481091">
        <ele>1923.1999999999998</ele>
        <time>2025-06-27T13:25:44</time>
      </trkpt>
      <trkpt lat="41.12870251759887" lon="43.12938652932644">
        <ele>1922.0</ele>
        <time>2025-06-27T13:25:46</time>
      </trkpt>
      <trkpt lat="41.12846958450973" lon="43.129330202937126">
        <ele>1920.4</ele>
        <time>2025-06-27T13:25:48</time>
      </trkpt>
      <trkpt lat="41.128237154334784" lon="43.129290221259">
        <ele>1918.8000000000002</ele>
        <time>2025-06-27T13:25:50</time>
      </trkpt>
      <trkpt lat="41.128120394423604" lon="43.12927572056651">
        <ele>1918.0</ele>
        <time>2025-06-27T13:25:51</time>
      </trkpt>
      <trkpt lat="41.128002628684044" lon="43.12926574610174">
        <ele>1917.1999999999998</ele>
        <time>2025-06-27T13:25:52</time>
      </trkpt>
      <trkpt lat="41.12776659429073" lon="43.129260716959834">
        <ele>1915.4</ele>
        <time>2025-06-27T13:25:54</time>
      </trkpt>
      <trkpt lat="41.127531649544835" lon="43.12927714549005">
        <ele>1914.0</ele>
        <time>2025-06-27T13:25:56</time>
      </trkpt>
      <trkpt lat="41.12729779444635" lon="43.12931276857853">
        <ele>1912.6</ele>
        <time>2025-06-27T13:25:58</time>
      </trkpt>
      <trkpt lat="41.12718304619193" lon="43.12933883629739">
        <ele>1910.8000000000002</ele>
        <time>2025-06-27T13:25:59</time>
      </trkpt>
      <trkpt lat="41.126954639330506" lon="43.129404969513416">
        <ele>1909.6</ele>
        <time>2025-06-27T13:26:01</time>
      </trkpt>
      <trkpt lat="41.1267289146781" lon="43.12948283739388">
        <ele>1907.8000000000002</ele>
        <time>2025-06-27T13:26:03</time>
      </trkpt>
      <trkpt lat="41.126504112035036" lon="43.12957235611975">
        <ele>1906.6</ele>
        <time>2025-06-27T13:26:05</time>
      </trkpt>
      <trkpt lat="41.1262814886868" lon="43.129667239263654">
        <ele>1905.0</ele>
        <time>2025-06-27T13:26:07</time>
      </trkpt>
      <trkpt lat="41.126171350479126" lon="43.12971945852041">
        <ele>1904.1999999999998</ele>
        <time>2025-06-27T13:26:08</time>
      </trkpt>
      <trkpt lat="41.1260621342808" lon="43.129776204004884">
        <ele>1903.6</ele>
        <time>2025-06-27T13:26:09</time>
      </trkpt>
      <trkpt lat="41.12584554590285" lon="43.129900423809886">
        <ele>1902.4</ele>
        <time>2025-06-27T13:26:11</time>
      </trkpt>
      <trkpt lat="41.12563222646713" lon="43.1300397310406">
        <ele>1900.6</ele>
        <time>2025-06-27T13:26:13</time>
      </trkpt>
      <trkpt lat="41.12552661448717" lon="43.13011357560754">
        <ele>1900.0</ele>
        <time>2025-06-27T13:26:14</time>
      </trkpt>
      <trkpt lat="41.125422259792686" lon="43.13019043765962">
        <ele>1899.4</ele>
        <time>2025-06-27T13:26:15</time>
      </trkpt>
      <trkpt lat="41.125216567888856" lon="43.13034625723958">
        <ele>1898.1999999999998</ele>
        <time>2025-06-27T13:26:17</time>
      </trkpt>
      <trkpt lat="41.1250121332705" lon="43.13049813732505">
        <ele>1896.8000000000002</ele>
        <time>2025-06-27T13:26:19</time>
      </trkpt>
      <trkpt lat="41.124808955937624" lon="43.130646999925375">
        <ele>1895.6</ele>
        <time>2025-06-27T13:26:21</time>
      </trkpt>
      <trkpt lat="41.12470778636634" lon="43.13071967102587">
        <ele>1895.0</ele>
        <time>2025-06-27T13:26:22</time>
      </trkpt>
      <trkpt lat="41.124509051442146" lon="43.13086182810366">
        <ele>1894.0</ele>
        <time>2025-06-27T13:26:24</time>
      </trkpt>
      <trkpt lat="41.12431199289858" lon="43.13099409453571">
        <ele>1893.0</ele>
        <time>2025-06-27T13:26:26</time>
      </trkpt>
      <trkpt lat="41.124118119478226" lon="43.13112661242485">
        <ele>1891.8000000000002</ele>
        <time>2025-06-27T13:26:28</time>
      </trkpt>
      <trkpt lat="41.124022314324975" lon="43.13119299709797">
        <ele>1891.1999999999998</ele>
        <time>2025-06-27T13:26:29</time>
      </trkpt>
      <trkpt lat="41.12383196130395" lon="43.13132157549262">
        <ele>1889.8000000000002</ele>
        <time>2025-06-27T13:26:31</time>
      </trkpt>
      <trkpt lat="41.123644541949034" lon="43.13144713640213">
        <ele>1888.6</ele>
        <time>2025-06-27T13:26:33</time>
      </trkpt>
      <trkpt lat="41.12337020225823" lon="43.13163137063384">
        <ele>1887.4</ele>
        <time>2025-06-27T13:26:36</time>
      </trkpt>
      <trkpt lat="41.12318831495941" lon="43.131740000098944">
        <ele>1886.8000000000002</ele>
        <time>2025-06-27T13:26:38</time>
      </trkpt>
      <trkpt lat="41.123007852584124" lon="43.13184343278408">
        <ele>1886.1999999999998</ele>
        <time>2025-06-27T13:26:40</time>
      </trkpt>
      <trkpt lat="41.12249211408198" lon="43.132167141884565">
        <ele>1884.8000000000002</ele>
        <time>2025-06-27T13:26:46</time>
      </trkpt>
      <trkpt lat="41.122410390526056" lon="43.1322222109884">
        <ele>1884.4</ele>
        <time>2025-06-27T13:26:47</time>
      </trkpt>
      <trkpt lat="41.12216714769602" lon="43.132375348359346">
        <ele>1883.6</ele>
        <time>2025-06-27T13:26:50</time>
      </trkpt>
      <trkpt lat="41.1217915546149" lon="43.132617585361004">
        <ele>1882.8000000000002</ele>
        <time>2025-06-27T13:26:55</time>
      </trkpt>
      <trkpt lat="41.121653420850635" lon="43.132713893428445">
        <ele>1882.4</ele>
        <time>2025-06-27T13:26:57</time>
      </trkpt>
      <trkpt lat="41.12139919772744" lon="43.13287675380707">
        <ele>1882.0</ele>
        <time>2025-06-27T13:27:01</time>
      </trkpt>
      <trkpt lat="41.12113734707236" lon="43.133063251152635">
        <ele>1881.4</ele>
        <time>2025-06-27T13:27:05</time>
      </trkpt>
      <trkpt lat="41.12101840786636" lon="43.133158972486854">
        <ele>1880.8000000000002</ele>
        <time>2025-06-27T13:27:07</time>
      </trkpt>
      <trkpt lat="41.120827132835984" lon="43.13332845456898">
        <ele>1880.0</ele>
        <time>2025-06-27T13:27:11</time>
      </trkpt>
      <trkpt lat="41.12074960023165" lon="43.13340062275529">
        <ele>1879.0</ele>
        <time>2025-06-27T13:27:13</time>
      </trkpt>
      <trkpt lat="41.12069780007005" lon="43.13345116563141">
        <ele>1877.8000000000002</ele>
        <time>2025-06-27T13:27:15</time>
      </trkpt>
      <trkpt lat="41.12063141539693" lon="43.133528949692845">
        <ele>1877.1999999999998</ele>
        <time>2025-06-27T13:27:18</time>
      </trkpt>
      <trkpt lat="41.120606856420636" lon="43.13372164964676">
        <ele>1876.8000000000002</ele>
        <time>2025-06-27T13:27:23</time>
      </trkpt>
      <trkpt lat="41.12069746479392" lon="43.133928598836064">
        <ele>1876.6</ele>
        <time>2025-06-27T13:27:28</time>
      </trkpt>
      <trkpt lat="41.12079997546971" lon="43.13407653942704">
        <ele>1875.4</ele>
        <time>2025-06-27T13:27:33</time>
      </trkpt>
      <trkpt lat="41.12087147310376" lon="43.13409875147045">
        <ele>1874.1999999999998</ele>
        <time>2025-06-27T13:27:37</time>
      </trkpt>
      <trkpt lat="41.12089485861361" lon="43.13409741036594">
        <ele>1874.1999999999998</ele>
        <time>2025-06-27T13:27:38</time>
      </trkpt>
      <trkpt lat="41.12097976729274" lon="43.134052651003">
        <ele>1873.1999999999998</ele>
        <time>2025-06-27T13:27:43</time>
      </trkpt>
      <trkpt lat="41.120991418138146" lon="43.13404435291886">
        <ele>1873.0</ele>
        <time>2025-06-27T13:27:44</time>
      </trkpt>
      <trkpt lat="41.12103064544499" lon="43.13404083251953">
        <ele>1872.6</ele>
        <time>2025-06-27T13:27:50</time>
      </trkpt>
      <trkpt lat="41.12104246392846" lon="43.13404510729015">
        <ele>1872.6</ele>
        <time>2025-06-27T13:27:54</time>
      </trkpt>
      <trkpt lat="41.12108915112913" lon="43.134069330990314">
        <ele>1872.1999999999998</ele>
        <time>2025-06-27T13:27:57</time>
      </trkpt>
      <trkpt lat="41.12119451165199" lon="43.13410026021302">
        <ele>1872.4</ele>
        <time>2025-06-27T13:28:03</time>
      </trkpt>
      <trkpt lat="41.12121001817286" lon="43.134096739813685">
        <ele>1872.4</ele>
        <time>2025-06-27T13:28:09</time>
      </trkpt>
      <trkpt lat="41.12121965736151" lon="43.13408047892153">
        <ele>1872.8000000000002</ele>
        <time>2025-06-27T13:28:19</time>
      </trkpt>
      <trkpt lat="41.12122225575149" lon="43.13408274203539">
        <ele>1872.8000000000002</ele>
        <time>2025-06-27T13:28:28</time>
      </trkpt>
      <trkpt lat="41.12123776227236" lon="43.134073689579964">
        <ele>1872.8000000000002</ele>
        <time>2025-06-27T13:28:37</time>
      </trkpt>
      <trkpt lat="41.12125058658421" lon="43.1340735219419">
        <ele>1872.8000000000002</ele>
        <time>2025-06-27T13:28:47</time>
      </trkpt>
      <trkpt lat="41.12125352025032" lon="43.13406975008547">
        <ele>1873.0</ele>
        <time>2025-06-27T13:28:57</time>
      </trkpt>
      <trkpt lat="41.12126181833446" lon="43.1340560875833">
        <ele>1873.0</ele>
        <time>2025-06-27T13:29:06</time>
      </trkpt>
      <trkpt lat="41.12126818858087" lon="43.13404569402337">
        <ele>1873.0</ele>
        <time>2025-06-27T13:29:18</time>
      </trkpt>
      <trkpt lat="41.12127439118922" lon="43.134044017642736">
        <ele>1873.0</ele>
        <time>2025-06-27T13:29:31</time>
      </trkpt>
      <trkpt lat="41.12128428183496" lon="43.13403152860701">
        <ele>1872.8000000000002</ele>
        <time>2025-06-27T13:29:43</time>
      </trkpt>
      <trkpt lat="41.12128562293947" lon="43.134029349312186">
        <ele>1872.8000000000002</ele>
        <time>2025-06-27T13:29:53</time>
      </trkpt>
      <trkpt lat="41.12128956243396" lon="43.13401895575225">
        <ele>1873.0</ele>
        <time>2025-06-27T13:30:05</time>
      </trkpt>
      <trkpt lat="41.12128855660558" lon="43.13401836901903">
        <ele>1873.1999999999998</ele>
        <time>2025-06-27T13:30:20</time>
      </trkpt>
      <trkpt lat="41.12129149027169" lon="43.13401476480067">
        <ele>1873.1999999999998</ele>
        <time>2025-06-27T13:30:35</time>
      </trkpt>
      <trkpt lat="41.121292412281036" lon="43.13401233404875">
        <ele>1873.0</ele>
        <time>2025-06-27T13:30:50</time>
      </trkpt>
      <trkpt lat="41.12129392102361" lon="43.13400914892554">
        <ele>1872.8000000000002</ele>
        <time>2025-06-27T13:31:06</time>
      </trkpt>
      <trkpt lat="41.12129492685199" lon="43.13400713726878">
        <ele>1872.8000000000002</ele>
        <time>2025-06-27T13:31:16</time>
      </trkpt>
      <trkpt lat="41.12129542976618" lon="43.13400671817362">
        <ele>1873.0</ele>
        <time>2025-06-27T13:31:29</time>
      </trkpt>
      <trkpt lat="41.12129660323262" lon="43.1340045388788">
        <ele>1872.8000000000002</ele>
        <time>2025-06-27T13:31:46</time>
      </trkpt>
      <trkpt lat="41.12129685468972" lon="43.13400395214558">
        <ele>1872.6</ele>
        <time>2025-06-27T13:32:01</time>
      </trkpt>
      <trkpt lat="41.12129685468972" lon="43.13400445505977">
        <ele>1872.6</ele>
        <time>2025-06-27T13:32:16</time>
      </trkpt>
      <trkpt lat="41.12129651941359" lon="43.13400520943105">
        <ele>1872.8000000000002</ele>
        <time>2025-06-27T13:32:32</time>
      </trkpt>
      <trkpt lat="41.12129509449005" lon="43.1340079754591">
        <ele>1872.8000000000002</ele>
        <time>2025-06-27T13:32:44</time>
      </trkpt>
      <trkpt lat="41.121294340118766" lon="43.13400889746845">
        <ele>1873.0</ele>
        <time>2025-06-27T13:32:55</time>
      </trkpt>
      <trkpt lat="41.121292412281036" lon="43.1340114120394">
        <ele>1872.6</ele>
        <time>2025-06-27T13:33:05</time>
      </trkpt>
      <trkpt lat="41.12128587439656" lon="43.13401375897229">
        <ele>1872.4</ele>
        <time>2025-06-27T13:33:15</time>
      </trkpt>
      <trkpt lat="41.12127975560725" lon="43.134019542485476">
        <ele>1872.4</ele>
        <time>2025-06-27T13:33:23</time>
      </trkpt>
      <trkpt lat="41.12128118053079" lon="43.13403446227312">
        <ele>1872.6</ele>
        <time>2025-06-27T13:33:34</time>
      </trkpt>
      <trkpt lat="41.12128034234047" lon="43.13403965905309">
        <ele>1872.6</ele>
        <time>2025-06-27T13:33:47</time>
      </trkpt>
      <trkpt lat="41.12127564847469" lon="43.13404552638531">
        <ele>1872.6</ele>
        <time>2025-06-27T13:33:58</time>
      </trkpt>
      <trkpt lat="41.12127053551376" lon="43.134053740650415">
        <ele>1873.0</ele>
        <time>2025-06-27T13:34:09</time>
      </trkpt>
      <trkpt lat="41.121268523857" lon="43.134058183059096">
        <ele>1873.1999999999998</ele>
        <time>2025-06-27T13:34:23</time>
      </trkpt>
      <trkpt lat="41.12127020023763" lon="43.13405826687813">
        <ele>1873.4</ele>
        <time>2025-06-27T13:34:33</time>
      </trkpt>
      <trkpt lat="41.12127154134214" lon="43.13406195491552">
        <ele>1873.4</ele>
        <time>2025-06-27T13:34:44</time>
      </trkpt>
      <trkpt lat="41.12127154134214" lon="43.13406287692487">
        <ele>1873.6</ele>
        <time>2025-06-27T13:34:49</time>
      </trkpt>
      <trkpt lat="41.12127145752311" lon="43.13406463712454">
        <ele>1873.4</ele>
        <time>2025-06-27T13:35:00</time>
      </trkpt>
      <trkpt lat="41.121271876618266" lon="43.134067906066775">
        <ele>1873.1999999999998</ele>
        <time>2025-06-27T13:35:16</time>
      </trkpt>
      <trkpt lat="41.121274726465344" lon="43.13406555913389">
        <ele>1873.1999999999998</ele>
        <time>2025-06-27T13:35:28</time>
      </trkpt>
      <trkpt lat="41.12127053551376" lon="43.13406715169549">
        <ele>1872.8000000000002</ele>
        <time>2025-06-27T13:35:39</time>
      </trkpt>
      <trkpt lat="41.12127497792244" lon="43.1340648047626">
        <ele>1873.1999999999998</ele>
        <time>2025-06-27T13:35:57</time>
      </trkpt>
      <trkpt lat="41.1212753970176" lon="43.134064888581634">
        <ele>1873.4</ele>
        <time>2025-06-27T13:36:14</time>
      </trkpt>
      <trkpt lat="41.12127589993179" lon="43.13406606204808">
        <ele>1873.4</ele>
        <time>2025-06-27T13:36:34</time>
      </trkpt>
      <trkpt lat="41.12127598375082" lon="43.13406472094357">
        <ele>1873.6</ele>
        <time>2025-06-27T13:36:55</time>
      </trkpt>
      <trkpt lat="41.12127648666501" lon="43.13406421802938">
        <ele>1873.4</ele>
        <time>2025-06-27T13:37:17</time>
      </trkpt>
      <trkpt lat="41.121275732293725" lon="43.134065475314856">
        <ele>1873.4</ele>
        <time>2025-06-27T13:37:35</time>
      </trkpt>
      <trkpt lat="41.12127648666501" lon="43.134065475314856">
        <ele>1873.6</ele>
        <time>2025-06-27T13:37:53</time>
      </trkpt>
      <trkpt lat="41.12127690576017" lon="43.13406581059098">
        <ele>1873.4</ele>
        <time>2025-06-27T13:38:11</time>
      </trkpt>
      <trkpt lat="41.12127799540758" lon="43.1340666487813">
        <ele>1873.4</ele>
        <time>2025-06-27T13:38:31</time>
      </trkpt>
      <trkpt lat="41.121278665959835" lon="43.13406606204808">
        <ele>1873.1999999999998</ele>
        <time>2025-06-27T13:38:47</time>
      </trkpt>
      <trkpt lat="41.121276151388884" lon="43.13406170345843">
        <ele>1873.1999999999998</ele>
        <time>2025-06-27T13:38:59</time>
      </trkpt>
      <trkpt lat="41.12128151580691" lon="43.134051309898496">
        <ele>1873.4</ele>
        <time>2025-06-27T13:39:08</time>
      </trkpt>
      <trkpt lat="41.12128235399723" lon="43.13404996879399">
        <ele>1873.4</ele>
        <time>2025-06-27T13:39:17</time>
      </trkpt>
      <trkpt lat="41.12128034234047" lon="43.134049298241735">
        <ele>1873.1999999999998</ele>
        <time>2025-06-27T13:39:26</time>
      </trkpt>
      <trkpt lat="41.12128025852144" lon="43.134049801155925">
        <ele>1873.1999999999998</ele>
        <time>2025-06-27T13:39:38</time>
      </trkpt>
      <trkpt lat="41.121277660131454" lon="43.134053237736225">
        <ele>1873.1999999999998</ele>
        <time>2025-06-27T13:39:48</time>
      </trkpt>
      <trkpt lat="41.121279168874025" lon="43.13405256718397">
        <ele>1873.0</ele>
        <time>2025-06-27T13:40:05</time>
      </trkpt>
      <trkpt lat="41.12128101289272" lon="43.134046448394656">
        <ele>1873.0</ele>
        <time>2025-06-27T13:40:18</time>
      </trkpt>
      <trkpt lat="41.12128118053079" lon="43.134040497243404">
        <ele>1873.0</ele>
        <time>2025-06-27T13:40:29</time>
      </trkpt>
      <trkpt lat="41.12128629349172" lon="43.1340391561389">
        <ele>1873.1999999999998</ele>
        <time>2025-06-27T13:40:39</time>
      </trkpt>
      <trkpt lat="41.121284533292055" lon="43.13405751250684">
        <ele>1873.1999999999998</ele>
        <time>2025-06-27T13:40:49</time>
      </trkpt>
      <trkpt lat="41.12127388827503" lon="43.13405457884073">
        <ele>1873.0</ele>
        <time>2025-06-27T13:40:59</time>
      </trkpt>
      <trkpt lat="41.12126123160124" lon="43.13404812477529">
        <ele>1873.1999999999998</ele>
        <time>2025-06-27T13:41:09</time>
      </trkpt>
      <trkpt lat="41.121256705373526" lon="43.134048795327544">
        <ele>1873.4</ele>
        <time>2025-06-27T13:41:21</time>
      </trkpt>
      <trkpt lat="41.12124916166067" lon="43.13405047170818">
        <ele>1873.1999999999998</ele>
        <time>2025-06-27T13:41:29</time>
      </trkpt>
      <trkpt lat="41.12124312669039" lon="43.13405742868781">
        <ele>1873.1999999999998</ele>
        <time>2025-06-27T13:41:38</time>
      </trkpt>
      <trkpt lat="41.121242037042975" lon="43.1340613681823">
        <ele>1873.1999999999998</ele>
        <time>2025-06-27T13:41:41</time>
      </trkpt>
      <trkpt lat="41.12124027684331" lon="43.13407578505576">
        <ele>1873.1999999999998</ele>
        <time>2025-06-27T13:41:48</time>
      </trkpt>
      <trkpt lat="41.12123583443463" lon="43.13408919610083">
        <ele>1873.1999999999998</ele>
        <time>2025-06-27T13:41:58</time>
      </trkpt>
      <trkpt lat="41.121228374540806" lon="43.13409388996661">
        <ele>1873.1999999999998</ele>
        <time>2025-06-27T13:42:11</time>
      </trkpt>
      <trkpt lat="41.121230721473694" lon="43.13409221358597">
        <ele>1873.0</ele>
        <time>2025-06-27T13:42:21</time>
      </trkpt>
      <trkpt lat="41.12122946418822" lon="43.134098248556256">
        <ele>1873.1999999999998</ele>
        <time>2025-06-27T13:42:31</time>
      </trkpt>
      <trkpt lat="41.12123063765466" lon="43.13410487025976">
        <ele>1873.0</ele>
        <time>2025-06-27T13:42:41</time>
      </trkpt>
      <trkpt lat="41.121237678453326" lon="43.13406966626644">
        <ele>1872.8000000000002</ele>
        <time>2025-06-27T13:42:51</time>
      </trkpt>
      <trkpt lat="41.1212389357388" lon="43.134063212201">
        <ele>1872.8000000000002</ele>
        <time>2025-06-27T13:43:02</time>
      </trkpt>
      <trkpt lat="41.1212423723191" lon="43.13404410146177">
        <ele>1872.8000000000002</ele>
        <time>2025-06-27T13:43:13</time>
      </trkpt>
      <trkpt lat="41.121246395632625" lon="43.134044855833054">
        <ele>1872.8000000000002</ele>
        <time>2025-06-27T13:43:23</time>
      </trkpt>
      <trkpt lat="41.121244886890054" lon="43.13405114226043">
        <ele>1872.6</ele>
        <time>2025-06-27T13:43:34</time>
      </trkpt>
      <trkpt lat="41.12124388106167" lon="43.13404820859432">
        <ele>1872.8000000000002</ele>
        <time>2025-06-27T13:43:44</time>
      </trkpt>
      <trkpt lat="41.121237091720104" lon="43.13405357301235">
        <ele>1872.8000000000002</ele>
        <time>2025-06-27T13:43:55</time>
      </trkpt>
      <trkpt lat="41.12123357132077" lon="43.13406564295292">
        <ele>1872.6</ele>
        <time>2025-06-27T13:44:05</time>
      </trkpt>
      <trkpt lat="41.12123348750174" lon="43.13406715169549">
        <ele>1872.6</ele>
        <time>2025-06-27T13:44:16</time>
      </trkpt>
      <trkpt lat="41.121232314035296" lon="43.13406564295292">
        <ele>1872.8000000000002</ele>
        <time>2025-06-27T13:44:26</time>
      </trkpt>
      <trkpt lat="41.12123038619757" lon="43.13407117500901">
        <ele>1872.8000000000002</ele>
        <time>2025-06-27T13:44:34</time>
      </trkpt>
      <trkpt lat="41.12123055383563" lon="43.1340769585222">
        <ele>1872.6</ele>
        <time>2025-06-27T13:44:44</time>
      </trkpt>
      <trkpt lat="41.12123197875917" lon="43.13408173620701">
        <ele>1872.6</ele>
        <time>2025-06-27T13:44:53</time>
      </trkpt>
      <trkpt lat="41.12123994156718" lon="43.134084502235055">
        <ele>1872.6</ele>
        <time>2025-06-27T13:45:03</time>
      </trkpt>
      <trkpt lat="41.12124329432845" lon="43.134089447557926">
        <ele>1872.8000000000002</ele>
        <time>2025-06-27T13:45:12</time>
      </trkpt>
      <trkpt lat="41.121244886890054" lon="43.13409263268113">
        <ele>1872.8000000000002</ele>
        <time>2025-06-27T13:45:23</time>
      </trkpt>
      <trkpt lat="41.12124706618488" lon="43.134093722328544">
        <ele>1872.8000000000002</ele>
        <time>2025-06-27T13:45:36</time>
      </trkpt>
      <trkpt lat="41.121248323470354" lon="43.13409749418497">
        <ele>1872.8000000000002</ele>
        <time>2025-06-27T13:45:51</time>
      </trkpt>
      <trkpt lat="41.12125192768872" lon="43.134097578004">
        <ele>1872.8000000000002</ele>
        <time>2025-06-27T13:46:07</time>
      </trkpt>
      <trkpt lat="41.12125209532678" lon="43.13409506343305">
        <ele>1872.6</ele>
        <time>2025-06-27T13:46:23</time>
      </trkpt>
      <trkpt lat="41.12124849110842" lon="43.13409246504307">
        <ele>1872.4</ele>
        <time>2025-06-27T13:46:38</time>
      </trkpt>
      <trkpt lat="41.12125494517386" lon="43.13407578505576">
        <ele>1872.4</ele>
        <time>2025-06-27T13:46:50</time>
      </trkpt>
      <trkpt lat="41.12125595100224" lon="43.134072348475456">
        <ele>1872.4</ele>
        <time>2025-06-27T13:47:01</time>
      </trkpt>
      <trkpt lat="41.12125159241259" lon="43.13407025299966">
        <ele>1872.6</ele>
        <time>2025-06-27T13:47:11</time>
      </trkpt>
      <trkpt lat="41.12125259824097" lon="43.134059524163604">
        <ele>1872.8000000000002</ele>
        <time>2025-06-27T13:47:24</time>
      </trkpt>
      <trkpt lat="41.1212613992393" lon="43.13405315391719">
        <ele>1872.4</ele>
        <time>2025-06-27T13:47:36</time>
      </trkpt>
      <trkpt lat="41.12125595100224" lon="43.134057931602">
        <ele>1872.6</ele>
        <time>2025-06-27T13:47:51</time>
      </trkpt>
      <trkpt lat="41.12125687301159" lon="43.13405550085008">
        <ele>1872.6</ele>
        <time>2025-06-27T13:48:07</time>
      </trkpt>
      <trkpt lat="41.12125829793513" lon="43.13405147753656">
        <ele>1872.8000000000002</ele>
        <time>2025-06-27T13:48:27</time>
      </trkpt>
      <trkpt lat="41.12125804647803" lon="43.13404971733689">
        <ele>1872.8000000000002</ele>
        <time>2025-06-27T13:48:52</time>
      </trkpt>
      <trkpt lat="41.12125804647803" lon="43.13404804095626">
        <ele>1872.8000000000002</ele>
        <time>2025-06-27T13:49:16</time>
      </trkpt>
      <trkpt lat="41.121257962659" lon="43.13404703512788">
        <ele>1872.8000000000002</ele>
        <time>2025-06-27T13:49:44</time>
      </trkpt>
      <trkpt lat="41.12126391381025" lon="43.13404192216694">
        <ele>1872.8000000000002</ele>
        <time>2025-06-27T13:50:02</time>
      </trkpt>
      <trkpt lat="41.12126223742962" lon="43.13403940759599">
        <ele>1872.8000000000002</ele>
        <time>2025-06-27T13:50:13</time>
      </trkpt>
      <trkpt lat="41.121263578534126" lon="43.13403672538698">
        <ele>1872.8000000000002</ele>
        <time>2025-06-27T13:50:22</time>
      </trkpt>
      <trkpt lat="41.121266009286046" lon="43.13402432017028">
        <ele>1872.8000000000002</ele>
        <time>2025-06-27T13:50:33</time>
      </trkpt>
      <trkpt lat="41.12127690576017" lon="43.13400018028915">
        <ele>1873.0</ele>
        <time>2025-06-27T13:50:49</time>
      </trkpt>
      <trkpt lat="41.121270367875695" lon="43.13398559577763">
        <ele>1873.1999999999998</ele>
        <time>2025-06-27T13:51:02</time>
      </trkpt>
      <trkpt lat="41.121268859133124" lon="43.13398358412087">
        <ele>1873.0</ele>
        <time>2025-06-27T13:51:17</time>
      </trkpt>
      <trkpt lat="41.121265003457665" lon="43.133985344320536">
        <ele>1873.0</ele>
        <time>2025-06-27T13:51:25</time>
      </trkpt>
      <trkpt lat="41.12126533873379" lon="43.133978974074125">
        <ele>1873.0</ele>
        <time>2025-06-27T13:51:37</time>
      </trkpt>
      <trkpt lat="41.12124999985099" lon="43.13398601487279">
        <ele>1873.0</ele>
        <time>2025-06-27T13:51:55</time>
      </trkpt>
      <trkpt lat="41.12123776227236" lon="43.134005796164274">
        <ele>1873.0</ele>
        <time>2025-06-27T13:52:09</time>
      </trkpt>
      <trkpt lat="41.121233738958836" lon="43.13400378450751">
        <ele>1873.0</ele>
        <time>2025-06-27T13:52:22</time>
      </trkpt>
      <trkpt lat="41.121229296550155" lon="43.134008310735226">
        <ele>1873.0</ele>
        <time>2025-06-27T13:52:36</time>
      </trkpt>
      <trkpt lat="41.12122602760792" lon="43.13401895575225">
        <ele>1873.0</ele>
        <time>2025-06-27T13:52:48</time>
      </trkpt>
      <trkpt lat="41.12123105674982" lon="43.1340233143419">
        <ele>1873.0</ele>
        <time>2025-06-27T13:52:58</time>
      </trkpt>
      <trkpt lat="41.12123038619757" lon="43.13403186388314">
        <ele>1873.0</ele>
        <time>2025-06-27T13:53:09</time>
      </trkpt>
      <trkpt lat="41.12124337814748" lon="43.134002443403006">
        <ele>1873.0</ele>
        <time>2025-06-27T13:53:28</time>
      </trkpt>
      <trkpt lat="41.12124723382294" lon="43.134013591334224">
        <ele>1873.1999999999998</ele>
        <time>2025-06-27T13:53:50</time>
      </trkpt>
      <trkpt lat="41.12125578336418" lon="43.134031696245074">
        <ele>1873.1999999999998</ele>
        <time>2025-06-27T13:53:59</time>
      </trkpt>
      <trkpt lat="41.121266512200236" lon="43.1340114120394">
        <ele>1873.1999999999998</ele>
        <time>2025-06-27T13:54:13</time>
      </trkpt>
      <trkpt lat="41.121254274621606" lon="43.133993642404675">
        <ele>1873.0</ele>
        <time>2025-06-27T13:54:19</time>
      </trkpt>
      <trkpt lat="41.121280677616596" lon="43.133926670998335">
        <ele>1873.6</ele>
        <time>2025-06-27T13:54:26</time>
      </trkpt>
      <trkpt lat="41.121259136125445" lon="43.133966317400336">
        <ele>1873.4</ele>
        <time>2025-06-27T13:54:32</time>
      </trkpt>
      <trkpt lat="41.12126760184765" lon="43.13397612422705">
        <ele>1873.1999999999998</ele>
        <time>2025-06-27T13:54:40</time>
      </trkpt>
      <trkpt lat="41.121278665959835" lon="43.13398400321603">
        <ele>1873.1999999999998</ele>
        <time>2025-06-27T13:54:51</time>
      </trkpt>
      <trkpt lat="41.12127447500825" lon="43.1339942291379">
        <ele>1873.6</ele>
        <time>2025-06-27T13:55:01</time>
      </trkpt>
      <trkpt lat="41.1212735529989" lon="43.133994061499834">
        <ele>1873.4</ele>
        <time>2025-06-27T13:55:12</time>
      </trkpt>
      <trkpt lat="41.12127363681793" lon="43.133994061499834">
        <ele>1873.4</ele>
        <time>2025-06-27T13:55:34</time>
      </trkpt>
      <trkpt lat="41.12127413973212" lon="43.13399598933756">
        <ele>1873.6</ele>
        <time>2025-06-27T13:56:08</time>
      </trkpt>
      <trkpt lat="41.12127405591309" lon="43.133995151147246">
        <ele>1873.8000000000002</ele>
        <time>2025-06-27T13:56:24</time>
      </trkpt>
      <trkpt lat="41.1212719604373" lon="43.133997078984976">
        <ele>1873.8000000000002</ele>
        <time>2025-06-27T13:56:33</time>
      </trkpt>
      <trkpt lat="41.121269864961505" lon="43.13399531878531">
        <ele>1873.8000000000002</ele>
        <time>2025-06-27T13:56:45</time>
      </trkpt>
      <trkpt lat="41.12126994878054" lon="43.134000934660435">
        <ele>1873.8000000000002</ele>
        <time>2025-06-27T13:56:58</time>
      </trkpt>
      <trkpt lat="41.12125100567937" lon="43.133994648233056">
        <ele>1873.8000000000002</ele>
        <time>2025-06-27T13:57:09</time>
      </trkpt>
      <trkpt lat="41.1212357506156" lon="43.133985763415694">
        <ele>1874.0</ele>
        <time>2025-06-27T13:57:18</time>
      </trkpt>
      <trkpt lat="41.12122166901827" lon="43.13398517668247">
        <ele>1873.8000000000002</ele>
        <time>2025-06-27T13:57:34</time>
      </trkpt>
      <trkpt lat="41.12116408534348" lon="43.13397025689483">
        <ele>1873.8000000000002</ele>
        <time>2025-06-27T13:57:40</time>
      </trkpt>
      <trkpt lat="41.12112628296018" lon="43.13396757468581">
        <ele>1873.6</ele>
        <time>2025-06-27T13:57:52</time>
      </trkpt>
      <trkpt lat="41.12101178616285" lon="43.13393949531019">
        <ele>1873.8000000000002</ele>
        <time>2025-06-27T13:58:00</time>
      </trkpt>
      <trkpt lat="41.12095545977354" lon="43.13403136096895">
        <ele>1873.8000000000002</ele>
        <time>2025-06-27T13:58:05</time>
      </trkpt>
      <trkpt lat="41.120923440903425" lon="43.1340788025409">
        <ele>1873.8000000000002</ele>
        <time>2025-06-27T13:58:08</time>
      </trkpt>
      <trkpt lat="41.12091774120927" lon="43.1340838316828">
        <ele>1873.8000000000002</ele>
        <time>2025-06-27T13:58:10</time>
      </trkpt>
      <trkpt lat="41.12090332433581" lon="43.13411207869649">
        <ele>1873.8000000000002</ele>
        <time>2025-06-27T13:58:26</time>
      </trkpt>
      <trkpt lat="41.120901480317116" lon="43.13413169234991">
        <ele>1873.8000000000002</ele>
        <time>2025-06-27T13:58:27</time>
      </trkpt>
      <trkpt lat="41.12094967626035" lon="43.13423478975892">
        <ele>1873.8000000000002</ele>
        <time>2025-06-27T13:58:31</time>
      </trkpt>
      <trkpt lat="41.12111966125667" lon="43.13447962515056">
        <ele>1873.8000000000002</ele>
        <time>2025-06-27T13:58:38</time>
      </trkpt>
      <trkpt lat="41.12129149027169" lon="43.1347350217402">
        <ele>1873.1999999999998</ele>
        <time>2025-06-27T13:58:46</time>
      </trkpt>
      <trkpt lat="41.12143632955849" lon="43.13494674861431">
        <ele>1873.0</ele>
        <time>2025-06-27T13:58:52</time>
      </trkpt>
      <trkpt lat="41.12164847552776" lon="43.13524522818625">
        <ele>1873.0</ele>
        <time>2025-06-27T13:59:00</time>
      </trkpt>
      <trkpt lat="41.12192206084728" lon="43.13562920317054">
        <ele>1872.8000000000002</ele>
        <time>2025-06-27T13:59:09</time>
      </trkpt>
      <trkpt lat="41.122149461880326" lon="43.13594109378755">
        <ele>1872.6</ele>
        <time>2025-06-27T13:59:17</time>
      </trkpt>
      <trkpt lat="41.12217653542757" lon="43.135978477075696">
        <ele>1872.4</ele>
        <time>2025-06-27T13:59:18</time>
      </trkpt>
      <trkpt lat="41.12237770110369" lon="43.13624585978687">
        <ele>1871.8000000000002</ele>
        <time>2025-06-27T13:59:25</time>
      </trkpt>
      <trkpt lat="41.12265530973673" lon="43.136613154783845">
        <ele>1871.4</ele>
        <time>2025-06-27T13:59:35</time>
      </trkpt>
      <trkpt lat="41.122682970017195" lon="43.13665087334812">
        <ele>1871.4</ele>
        <time>2025-06-27T13:59:36</time>
      </trkpt>
      <trkpt lat="41.122985472902656" lon="43.137065107002854">
        <ele>1871.4</ele>
        <time>2025-06-27T13:59:47</time>
      </trkpt>
      <trkpt lat="41.12320021726191" lon="43.13735076226294">
        <ele>1871.4</ele>
        <time>2025-06-27T13:59:55</time>
      </trkpt>
      <trkpt lat="41.12346248701215" lon="43.13763574697077">
        <ele>1871.4</ele>
        <time>2025-06-27T14:00:04</time>
      </trkpt>
      <trkpt lat="41.12361411564052" lon="43.13779843971133">
        <ele>1871.4</ele>
        <time>2025-06-27T14:00:10</time>
      </trkpt>
      <trkpt lat="41.123702209442854" lon="43.13786080107093">
        <ele>1871.1999999999998</ele>
        <time>2025-06-27T14:00:15</time>
      </trkpt>
      <trkpt lat="41.12370044924319" lon="43.13785845413804">
        <ele>1870.8000000000002</ele>
        <time>2025-06-27T14:00:24</time>
      </trkpt>
      <trkpt lat="41.12372542731464" lon="43.13787345774472">
        <ele>1871.0</ele>
        <time>2025-06-27T14:00:45</time>
      </trkpt>
      <trkpt lat="41.12374395132065" lon="43.137888042256236">
        <ele>1871.0</ele>
        <time>2025-06-27T14:00:52</time>
      </trkpt>
      <trkpt lat="41.12379675731063" lon="43.13791654072702">
        <ele>1871.0</ele>
        <time>2025-06-27T14:01:00</time>
      </trkpt>
      <trkpt lat="41.123994486406446" lon="43.1379780638963">
        <ele>1870.8000000000002</ele>
        <time>2025-06-27T14:01:07</time>
      </trkpt>
      <trkpt lat="41.12417017109692" lon="43.13803682103753">
        <ele>1870.6</ele>
        <time>2025-06-27T14:01:13</time>
      </trkpt>
      <trkpt lat="41.124462028965354" lon="43.13820580020547">
        <ele>1870.1999999999998</ele>
        <time>2025-06-27T14:01:21</time>
      </trkpt>
      <trkpt lat="41.12479261122644" lon="43.138343347236514">
        <ele>1870.1999999999998</ele>
        <time>2025-06-27T14:01:29</time>
      </trkpt>
      <trkpt lat="41.12502965144813" lon="43.13844024203718">
        <ele>1870.4</ele>
        <time>2025-06-27T14:01:35</time>
      </trkpt>
      <trkpt lat="41.12533265724778" lon="43.13856923952699">
        <ele>1870.4</ele>
        <time>2025-06-27T14:01:43</time>
      </trkpt>
      <trkpt lat="41.125591741874814" lon="43.13867527060211">
        <ele>1870.4</ele>
        <time>2025-06-27T14:01:50</time>
      </trkpt>
      <trkpt lat="41.12587245181203" lon="43.13879622146487">
        <ele>1871.1999999999998</ele>
        <time>2025-06-27T14:01:57</time>
      </trkpt>
      <trkpt lat="41.12629313953221" lon="43.13895983621478">
        <ele>1871.1999999999998</ele>
        <time>2025-06-27T14:02:07</time>
      </trkpt>
      <trkpt lat="41.12659874372184" lon="43.13908522948623">
        <ele>1871.8000000000002</ele>
        <time>2025-06-27T14:02:15</time>
      </trkpt>
      <trkpt lat="41.1270740814507" lon="43.139279605820775">
        <ele>1872.0</ele>
        <time>2025-06-27T14:02:27</time>
      </trkpt>
      <trkpt lat="41.12743039615452" lon="43.13942779786885">
        <ele>1872.0</ele>
        <time>2025-06-27T14:02:36</time>
      </trkpt>
      <trkpt lat="41.1279773991555" lon="43.13965670764446">
        <ele>1872.1999999999998</ele>
        <time>2025-06-27T14:02:50</time>
      </trkpt>
      <trkpt lat="41.12819071859121" lon="43.13974002376199">
        <ele>1872.4</ele>
        <time>2025-06-27T14:02:56</time>
      </trkpt>
      <trkpt lat="41.12830672413111" lon="43.139792159199715">
        <ele>1872.4</ele>
        <time>2025-06-27T14:03:00</time>
      </trkpt>
      <trkpt lat="41.12850235775113" lon="43.13987111672759">
        <ele>1873.4</ele>
        <time>2025-06-27T14:03:08</time>
      </trkpt>
      <trkpt lat="41.12864267081022" lon="43.139927526935935">
        <ele>1874.6</ele>
        <time>2025-06-27T14:03:14</time>
      </trkpt>
      <trkpt lat="41.12870754674077" lon="43.1399517506361">
        <ele>1875.8000000000002</ele>
        <time>2025-06-27T14:03:17</time>
      </trkpt>
      <trkpt lat="41.12874987535179" lon="43.13996876589954">
        <ele>1876.1999999999998</ele>
        <time>2025-06-27T14:03:19</time>
      </trkpt>
      <trkpt lat="41.1288476921618" lon="43.14000631682575">
        <ele>1876.8000000000002</ele>
        <time>2025-06-27T14:03:24</time>
      </trkpt>
      <trkpt lat="41.12890091724694" lon="43.14002534374595">
        <ele>1877.1999999999998</ele>
        <time>2025-06-27T14:03:27</time>
      </trkpt>
      <trkpt lat="41.12895221449435" lon="43.14004654996097">
        <ele>1877.8000000000002</ele>
        <time>2025-06-27T14:03:30</time>
      </trkpt>
      <trkpt lat="41.12905606627464" lon="43.1400883756578">
        <ele>1879.0</ele>
        <time>2025-06-27T14:03:36</time>
      </trkpt>
      <trkpt lat="41.129191098734736" lon="43.140213433653116">
        <ele>1879.8000000000002</ele>
        <time>2025-06-27T14:03:45</time>
      </trkpt>
      <trkpt lat="41.129202330484986" lon="43.14023463986814">
        <ele>1880.0</ele>
        <time>2025-06-27T14:03:46</time>
      </trkpt>
      <trkpt lat="41.129232505336404" lon="43.140359949320555">
        <ele>1880.6</ele>
        <time>2025-06-27T14:03:51</time>
      </trkpt>
      <trkpt lat="41.12924256362021" lon="43.14044125378132">
        <ele>1881.1999999999998</ele>
        <time>2025-06-27T14:03:54</time>
      </trkpt>
      <trkpt lat="41.12924365326762" lon="43.140591038390994">
        <ele>1882.0</ele>
        <time>2025-06-27T14:03:59</time>
      </trkpt>
      <trkpt lat="41.12924298271537" lon="43.14062406308949">
        <ele>1882.4</ele>
        <time>2025-06-27T14:04:00</time>
      </trkpt>
      <trkpt lat="41.12923267297447" lon="43.140901420265436">
        <ele>1883.0</ele>
        <time>2025-06-27T14:04:09</time>
      </trkpt>
      <trkpt lat="41.12922554835677" lon="43.14103058539331">
        <ele>1883.4</ele>
        <time>2025-06-27T14:04:13</time>
      </trkpt>
      <trkpt lat="41.129213478416204" lon="43.14120325259864">
        <ele>1883.8000000000002</ele>
        <time>2025-06-27T14:04:18</time>
      </trkpt>
      <trkpt lat="41.12917609512806" lon="43.14149930141866">
        <ele>1884.4</ele>
        <time>2025-06-27T14:04:26</time>
      </trkpt>
      <trkpt lat="41.12912144511938" lon="43.141888892278075">
        <ele>1885.1999999999998</ele>
        <time>2025-06-27T14:04:36</time>
      </trkpt>
      <trkpt lat="41.12910476513207" lon="43.14201068133116">
        <ele>1885.4</ele>
        <time>2025-06-27T14:04:39</time>
      </trkpt>
      <trkpt lat="41.12907350063324" lon="43.14228284172714">
        <ele>1886.0</ele>
        <time>2025-06-27T14:04:46</time>
      </trkpt>
      <trkpt lat="41.12905950285494" lon="43.14240965992212">
        <ele>1886.6</ele>
        <time>2025-06-27T14:04:49</time>
      </trkpt>
      <trkpt lat="41.12903209403157" lon="43.14271358773112">
        <ele>1887.0</ele>
        <time>2025-06-27T14:04:56</time>
      </trkpt>
      <trkpt lat="41.12902178429067" lon="43.143011815845966">
        <ele>1887.6</ele>
        <time>2025-06-27T14:05:03</time>
      </trkpt>
      <trkpt lat="41.129021449014544" lon="43.143096305429935">
        <ele>1888.0</ele>
        <time>2025-06-27T14:05:05</time>
      </trkpt>
      <trkpt lat="41.1290271487087" lon="43.14331892877817">
        <ele>1888.6</ele>
        <time>2025-06-27T14:05:10</time>
      </trkpt>
      <trkpt lat="41.12903787754476" lon="43.143495032563806">
        <ele>1889.0</ele>
        <time>2025-06-27T14:05:14</time>
      </trkpt>
      <trkpt lat="41.12910954281688" lon="43.14398227259517">
        <ele>1889.4</ele>
        <time>2025-06-27T14:05:25</time>
      </trkpt>
      <trkpt lat="41.12913158722222" lon="43.14407170750201">
        <ele>1889.6</ele>
        <time>2025-06-27T14:05:27</time>
      </trkpt>
      <trkpt lat="41.12923669628799" lon="43.144404804334044">
        <ele>1890.1999999999998</ele>
        <time>2025-06-27T14:05:35</time>
      </trkpt>
      <trkpt lat="41.12930609844625" lon="43.14456942491233">
        <ele>1890.8000000000002</ele>
        <time>2025-06-27T14:05:39</time>
      </trkpt>
      <trkpt lat="41.12939058803022" lon="43.14478274434805">
        <ele>1891.4</ele>
        <time>2025-06-27T14:05:44</time>
      </trkpt>
      <trkpt lat="41.129456888884306" lon="43.1449562497437">
        <ele>1891.8000000000002</ele>
        <time>2025-06-27T14:05:48</time>
      </trkpt>
      <trkpt lat="41.12953333184123" lon="43.14517476595938">
        <ele>1892.4</ele>
        <time>2025-06-27T14:05:53</time>
      </trkpt>
      <trkpt lat="41.1296386923641" lon="43.14552680589259">
        <ele>1892.8000000000002</ele>
        <time>2025-06-27T14:06:01</time>
      </trkpt>
      <trkpt lat="41.12973256967962" lon="43.145901476964355">
        <ele>1894.0</ele>
        <time>2025-06-27T14:06:10</time>
      </trkpt>
      <trkpt lat="41.12981437705457" lon="43.14627933315933">
        <ele>1895.0</ele>
        <time>2025-06-27T14:06:19</time>
      </trkpt>
      <trkpt lat="41.12982267513871" lon="43.14632426016033">
        <ele>1895.0</ele>
        <time>2025-06-27T14:06:20</time>
      </trkpt>
      <trkpt lat="41.129880007356405" lon="43.14669474028051">
        <ele>1896.1999999999998</ele>
        <time>2025-06-27T14:06:28</time>
      </trkpt>
      <trkpt lat="41.129900040104985" lon="43.14683681353927">
        <ele>1896.4</ele>
        <time>2025-06-27T14:06:31</time>
      </trkpt>
      <trkpt lat="41.12993482500315" lon="43.14711635001004">
        <ele>1897.0</ele>
        <time>2025-06-27T14:06:37</time>
      </trkpt>
      <trkpt lat="41.12997639924288" lon="43.147447099909186">
        <ele>1897.6</ele>
        <time>2025-06-27T14:06:44</time>
      </trkpt>
      <trkpt lat="41.130023673176765" lon="43.14777265302837">
        <ele>1898.1999999999998</ele>
        <time>2025-06-27T14:06:51</time>
      </trkpt>
      <trkpt lat="41.130041275173426" lon="43.147907769307494">
        <ele>1898.6</ele>
        <time>2025-06-27T14:06:54</time>
      </trkpt>
      <trkpt lat="41.130077820271254" lon="43.14813625998795">
        <ele>1899.1999999999998</ele>
        <time>2025-06-27T14:06:59</time>
      </trkpt>
      <trkpt lat="41.13011042587459" lon="43.14830389805138">
        <ele>1900.0</ele>
        <time>2025-06-27T14:07:03</time>
      </trkpt>
      <trkpt lat="41.13011377863586" lon="43.1483684387058">
        <ele>1900.4</ele>
        <time>2025-06-27T14:07:06</time>
      </trkpt>
      <trkpt lat="41.13011805340648" lon="43.14838008955121">
        <ele>1900.4</ele>
        <time>2025-06-27T14:07:07</time>
      </trkpt>
      <trkpt lat="41.13011780194938" lon="43.148383274674416">
        <ele>1900.6</ele>
        <time>2025-06-27T14:07:13</time>
      </trkpt>
      <trkpt lat="41.130141858011484" lon="43.14845443703234">
        <ele>1900.8000000000002</ele>
        <time>2025-06-27T14:07:23</time>
      </trkpt>
      <trkpt lat="41.130204387009144" lon="43.14868301153183">
        <ele>1900.8000000000002</ele>
        <time>2025-06-27T14:07:29</time>
      </trkpt>
      <trkpt lat="41.13034377805889" lon="43.1491404119879">
        <ele>1901.1999999999998</ele>
        <time>2025-06-27T14:07:40</time>
      </trkpt>
      <trkpt lat="41.130369091406465" lon="43.149222219362855">
        <ele>1901.4</ele>
        <time>2025-06-27T14:07:42</time>
      </trkpt>
      <trkpt lat="41.13049088045955" lon="43.149553975090384">
        <ele>1902.1999999999998</ele>
        <time>2025-06-27T14:07:50</time>
      </trkpt>
      <trkpt lat="41.130541088059545" lon="43.14967827871442">
        <ele>1902.6</ele>
        <time>2025-06-27T14:07:53</time>
      </trkpt>
      <trkpt lat="41.13069707527757" lon="43.15004766918719">
        <ele>1903.4</ele>
        <time>2025-06-27T14:08:02</time>
      </trkpt>
      <trkpt lat="41.13073001615703" lon="43.150129057466984">
        <ele>1903.6</ele>
        <time>2025-06-27T14:08:04</time>
      </trkpt>
      <trkpt lat="41.13085792399943" lon="43.15040239132941">
        <ele>1904.6</ele>
        <time>2025-06-27T14:08:11</time>
      </trkpt>
      <trkpt lat="41.130912993103266" lon="43.15052116289735">
        <ele>1905.1999999999998</ele>
        <time>2025-06-27T14:08:14</time>
      </trkpt>
      <trkpt lat="41.13098658621311" lon="43.15067647956312">
        <ele>1905.6</ele>
        <time>2025-06-27T14:08:18</time>
      </trkpt>
      <trkpt lat="41.13109974190593" lon="43.15090488642454">
        <ele>1905.8000000000002</ele>
        <time>2025-06-27T14:08:24</time>
      </trkpt>
      <trkpt lat="41.131225135177374" lon="43.15117604099214">
        <ele>1906.6</ele>
        <time>2025-06-27T14:08:31</time>
      </trkpt>
      <trkpt lat="41.131296046078205" lon="43.15132951363921">
        <ele>1906.8000000000002</ele>
        <time>2025-06-27T14:08:35</time>
      </trkpt>
      <trkpt lat="41.13144096918404" lon="43.15164165571332">
        <ele>1907.8000000000002</ele>
        <time>2025-06-27T14:08:43</time>
      </trkpt>
      <trkpt lat="41.131458822637796" lon="43.15167895518243">
        <ele>1907.8000000000002</ele>
        <time>2025-06-27T14:08:44</time>
      </trkpt>
      <trkpt lat="41.13159720785916" lon="43.15196427516639">
        <ele>1908.4</ele>
        <time>2025-06-27T14:08:52</time>
      </trkpt>
      <trkpt lat="41.131665939465165" lon="43.152102157473564">
        <ele>1908.8000000000002</ele>
        <time>2025-06-27T14:08:56</time>
      </trkpt>
      <trkpt lat="41.13177607767284" lon="43.152316734194756">
        <ele>1909.8000000000002</ele>
        <time>2025-06-27T14:09:02</time>
      </trkpt>
      <trkpt lat="41.13179518841207" lon="43.15235202200711">
        <ele>1909.8000000000002</ele>
        <time>2025-06-27T14:09:03</time>
      </trkpt>
      <trkpt lat="41.13195310346782" lon="43.15268478356302">
        <ele>1911.0</ele>
        <time>2025-06-27T14:09:12</time>
      </trkpt>
      <trkpt lat="41.13206542097032" lon="43.15295124426484">
        <ele>1912.0</ele>
        <time>2025-06-27T14:09:19</time>
      </trkpt>
      <trkpt lat="41.13213733769953" lon="43.15314947627485">
        <ele>1912.6</ele>
        <time>2025-06-27T14:09:24</time>
      </trkpt>
      <trkpt lat="41.13226315006614" lon="43.153526494279504">
        <ele>1913.0</ele>
        <time>2025-06-27T14:09:33</time>
      </trkpt>
      <trkpt lat="41.13228871487081" lon="43.15361391752958">
        <ele>1913.0</ele>
        <time>2025-06-27T14:09:35</time>
      </trkpt>
      <trkpt lat="41.132412599399686" lon="43.15406042151153">
        <ele>1914.1999999999998</ele>
        <time>2025-06-27T14:09:45</time>
      </trkpt>
      <trkpt lat="41.132521564140916" lon="43.154501896351576">
        <ele>1915.0</ele>
        <time>2025-06-27T14:09:55</time>
      </trkpt>
      <trkpt lat="41.13254469819367" lon="43.15458965487778">
        <ele>1915.4</ele>
        <time>2025-06-27T14:09:57</time>
      </trkpt>
      <trkpt lat="41.132604544982314" lon="43.15481236204505">
        <ele>1916.1999999999998</ele>
        <time>2025-06-27T14:10:02</time>
      </trkpt>
      <trkpt lat="41.132678305730224" lon="43.15508653409779">
        <ele>1917.0</ele>
        <time>2025-06-27T14:10:08</time>
      </trkpt>
      <trkpt lat="41.132729686796665" lon="43.15526816993952">
        <ele>1917.1999999999998</ele>
        <time>2025-06-27T14:10:12</time>
      </trkpt>
      <trkpt lat="41.13278903067112" lon="43.155494229868054">
        <ele>1917.6</ele>
        <time>2025-06-27T14:10:17</time>
      </trkpt>
      <trkpt lat="41.132850805297494" lon="43.15571769140661">
        <ele>1918.4</ele>
        <time>2025-06-27T14:10:22</time>
      </trkpt>
      <trkpt lat="41.13292196765542" lon="43.155987840145826">
        <ele>1919.1999999999998</ele>
        <time>2025-06-27T14:10:28</time>
      </trkpt>
      <trkpt lat="41.13295524381101" lon="43.156128991395235">
        <ele>1919.4</ele>
        <time>2025-06-27T14:10:31</time>
      </trkpt>
      <trkpt lat="41.13301182165742" lon="43.15640626475215">
        <ele>1920.1999999999998</ele>
        <time>2025-06-27T14:10:37</time>
      </trkpt>
      <trkpt lat="41.13302070647478" lon="43.1564521137625">
        <ele>1920.4</ele>
        <time>2025-06-27T14:10:38</time>
      </trkpt>
      <trkpt lat="41.13309631124139" lon="43.15681639127433">
        <ele>1921.1999999999998</ele>
        <time>2025-06-27T14:10:46</time>
      </trkpt>
      <trkpt lat="41.13310310058296" lon="43.15686299465597">
        <ele>1921.4</ele>
        <time>2025-06-27T14:10:47</time>
      </trkpt>
      <trkpt lat="41.133177783340216" lon="43.15723800100386">
        <ele>1922.4</ele>
        <time>2025-06-27T14:10:55</time>
      </trkpt>
      <trkpt lat="41.13328297622502" lon="43.15765667706728">
        <ele>1923.6</ele>
        <time>2025-06-27T14:11:04</time>
      </trkpt>
      <trkpt lat="41.133390767499804" lon="43.15806873142719">
        <ele>1924.6</ele>
        <time>2025-06-27T14:11:13</time>
      </trkpt>
      <trkpt lat="41.13341658376157" lon="43.158159172162414">
        <ele>1925.0</ele>
        <time>2025-06-27T14:11:15</time>
      </trkpt>
      <trkpt lat="41.13348355516791" lon="43.1583843100816">
        <ele>1925.6</ele>
        <time>2025-06-27T14:11:20</time>
      </trkpt>
      <trkpt lat="41.13355723209679" lon="43.15860668197274">
        <ele>1926.1999999999998</ele>
        <time>2025-06-27T14:11:25</time>
      </trkpt>
      <trkpt lat="41.13363635726273" lon="43.15882687456906">
        <ele>1926.6</ele>
        <time>2025-06-27T14:11:30</time>
      </trkpt>
      <trkpt lat="41.13373752683401" lon="43.159088557586074">
        <ele>1927.6</ele>
        <time>2025-06-27T14:11:36</time>
      </trkpt>
      <trkpt lat="41.13377206027508" lon="43.15917665138841">
        <ele>1927.6</ele>
        <time>2025-06-27T14:11:38</time>
      </trkpt>
      <trkpt lat="41.13390164449811" lon="43.15948560833931">
        <ele>1928.4</ele>
        <time>2025-06-27T14:11:45</time>
      </trkpt>
      <trkpt lat="41.1339782550931" lon="43.159659365192056">
        <ele>1928.8000000000002</ele>
        <time>2025-06-27T14:11:49</time>
      </trkpt>
      <trkpt lat="41.134110521525145" lon="43.15995323471725">
        <ele>1929.4</ele>
        <time>2025-06-27T14:11:56</time>
      </trkpt>
      <trkpt lat="41.134231723845005" lon="43.16019111312926">
        <ele>1929.8000000000002</ele>
        <time>2025-06-27T14:12:02</time>
      </trkpt>
      <trkpt lat="41.134293749928474" lon="43.16030217334628">
        <ele>1930.1999999999998</ele>
        <time>2025-06-27T14:12:05</time>
      </trkpt>
      <trkpt lat="41.134387040510774" lon="43.160483138635755">
        <ele>1931.0</ele>
        <time>2025-06-27T14:12:10</time>
      </trkpt>
      <trkpt lat="41.13442291505635" lon="43.16056092269719">
        <ele>1931.1999999999998</ele>
        <time>2025-06-27T14:12:12</time>
      </trkpt>
      <trkpt lat="41.13454478792846" lon="43.16078471951187">
        <ele>1932.0</ele>
        <time>2025-06-27T14:12:18</time>
      </trkpt>
      <trkpt lat="41.134649477899075" lon="43.160983454436064">
        <ele>1933.1999999999998</ele>
        <time>2025-06-27T14:12:23</time>
      </trkpt>
      <trkpt lat="41.134882578626275" lon="43.16144026815891">
        <ele>1934.1999999999998</ele>
        <time>2025-06-27T14:12:34</time>
      </trkpt>
      <trkpt lat="41.135049629956484" lon="43.161887526512146">
        <ele>1934.6</ele>
        <time>2025-06-27T14:12:43</time>
      </trkpt>
      <trkpt lat="41.135153733193874" lon="43.16228734329343">
        <ele>1934.6</ele>
        <time>2025-06-27T14:12:51</time>
      </trkpt>
      <trkpt lat="41.13523763604462" lon="43.16274080425501">
        <ele>1935.0</ele>
        <time>2025-06-27T14:13:00</time>
      </trkpt>
      <trkpt lat="41.135245095938444" lon="43.16279067657888">
        <ele>1935.0</ele>
        <time>2025-06-27T14:13:01</time>
      </trkpt>
      <trkpt lat="41.1353044398129" lon="43.16316744312644">
        <ele>1935.6</ele>
        <time>2025-06-27T14:13:09</time>
      </trkpt>
      <trkpt lat="41.13532371819019" lon="43.16331831738353">
        <ele>1936.0</ele>
        <time>2025-06-27T14:13:12</time>
      </trkpt>
      <trkpt lat="41.135364370420575" lon="43.163609923794866">
        <ele>1936.8000000000002</ele>
        <time>2025-06-27T14:13:18</time>
      </trkpt>
      <trkpt lat="41.135385911911726" lon="43.16375442780554">
        <ele>1937.1999999999998</ele>
        <time>2025-06-27T14:13:21</time>
      </trkpt>
      <trkpt lat="41.13542312756181" lon="43.16399917937815">
        <ele>1938.1999999999998</ele>
        <time>2025-06-27T14:13:26</time>
      </trkpt>
      <trkpt lat="41.13544575870037" lon="43.16414653323591">
        <ele>1938.6</ele>
        <time>2025-06-27T14:13:29</time>
      </trkpt>
      <trkpt lat="41.13547987304628" lon="43.16450829617679">
        <ele>1939.1999999999998</ele>
        <time>2025-06-27T14:13:37</time>
      </trkpt>
      <trkpt lat="41.13547392189503" lon="43.16467635333538">
        <ele>1939.4</ele>
        <time>2025-06-27T14:13:41</time>
      </trkpt>
      <trkpt lat="41.135459588840604" lon="43.16477458924055">
        <ele>1939.6</ele>
        <time>2025-06-27T14:13:44</time>
      </trkpt>
      <trkpt lat="41.13545732572675" lon="43.164886152371764">
        <ele>1939.8000000000002</ele>
        <time>2025-06-27T14:13:49</time>
      </trkpt>
      <trkpt lat="41.13546612672508" lon="43.16508052870631">
        <ele>1939.8000000000002</ele>
        <time>2025-06-27T14:13:55</time>
      </trkpt>
      <trkpt lat="41.13547610118985" lon="43.165202317759395">
        <ele>1939.8000000000002</ele>
        <time>2025-06-27T14:14:00</time>
      </trkpt>
      <trkpt lat="41.13547467626631" lon="43.16519913263619">
        <ele>1940.0</ele>
        <time>2025-06-27T14:14:15</time>
      </trkpt>
      <trkpt lat="41.135483141988516" lon="43.16528068855405">
        <ele>1940.0</ele>
        <time>2025-06-27T14:14:22</time>
      </trkpt>
      <trkpt lat="41.13552253693342" lon="43.1655387673527">
        <ele>1939.8000000000002</ele>
        <time>2025-06-27T14:14:27</time>
      </trkpt>
      <trkpt lat="41.13558632321656" lon="43.165952833369374">
        <ele>1938.6</ele>
        <time>2025-06-27T14:14:32</time>
      </trkpt>
      <trkpt lat="41.13561825826764" lon="43.16616514697671">
        <ele>1938.1999999999998</ele>
        <time>2025-06-27T14:14:34</time>
      </trkpt>
      <trkpt lat="41.13567307591438" lon="43.16651601344347">
        <ele>1937.1999999999998</ele>
        <time>2025-06-27T14:14:37</time>
      </trkpt>
      <trkpt lat="41.13569403067231" lon="43.16664006561041">
        <ele>1936.8000000000002</ele>
        <time>2025-06-27T14:14:38</time>
      </trkpt>
      <trkpt lat="41.13575748167932" lon="43.16701800562441">
        <ele>1935.6</ele>
        <time>2025-06-27T14:14:41</time>
      </trkpt>
      <trkpt lat="41.13580442033708" lon="43.16727424040437">
        <ele>1934.1999999999998</ele>
        <time>2025-06-27T14:14:43</time>
      </trkpt>
      <trkpt lat="41.13582680001855" lon="43.16739996895194">
        <ele>1933.6</ele>
        <time>2025-06-27T14:14:44</time>
      </trkpt>
      <trkpt lat="41.13584884442389" lon="43.16752293147147">
        <ele>1933.0</ele>
        <time>2025-06-27T14:14:45</time>
      </trkpt>
      <trkpt lat="41.13588949665427" lon="43.16776877269149">
        <ele>1931.8000000000002</ele>
        <time>2025-06-27T14:14:47</time>
      </trkpt>
      <trkpt lat="41.135921431705356" lon="43.1680066511035">
        <ele>1930.4</ele>
        <time>2025-06-27T14:14:49</time>
      </trkpt>
      <trkpt lat="41.13593735732138" lon="43.16824813373387">
        <ele>1929.0</ele>
        <time>2025-06-27T14:14:51</time>
      </trkpt>
      <trkpt lat="41.13593786023557" lon="43.16851509734988">
        <ele>1928.0</ele>
        <time>2025-06-27T14:14:53</time>
      </trkpt>
      <trkpt lat="41.1359244491905" lon="43.168804021552205">
        <ele>1926.6</ele>
        <time>2025-06-27T14:14:55</time>
      </trkpt>
      <trkpt lat="41.13586854189634" lon="43.16925924271345">
        <ele>1924.8000000000002</ele>
        <time>2025-06-27T14:14:58</time>
      </trkpt>
      <trkpt lat="41.13580911420286" lon="43.169547161087394">
        <ele>1923.6</ele>
        <time>2025-06-27T14:15:00</time>
      </trkpt>
      <trkpt lat="41.13575153052807" lon="43.16977967508137">
        <ele>1922.0</ele>
        <time>2025-06-27T14:15:02</time>
      </trkpt>
      <trkpt lat="41.13573342561722" lon="43.16988260485232">
        <ele>1921.4</ele>
        <time>2025-06-27T14:15:03</time>
      </trkpt>
      <trkpt lat="41.13572973757982" lon="43.16998184658587">
        <ele>1920.8000000000002</ele>
        <time>2025-06-27T14:15:04</time>
      </trkpt>
      <trkpt lat="41.13577114418149" lon="43.17015727981925">
        <ele>1919.1999999999998</ele>
        <time>2025-06-27T14:15:06</time>
      </trkpt>
      <trkpt lat="41.13585672341287" lon="43.170275297015905">
        <ele>1917.8000000000002</ele>
        <time>2025-06-27T14:15:08</time>
      </trkpt>
      <trkpt lat="41.135906763374805" lon="43.170319721102715">
        <ele>1917.6</ele>
        <time>2025-06-27T14:15:09</time>
      </trkpt>
      <trkpt lat="41.13595789298415" lon="43.17036045715213">
        <ele>1917.4</ele>
        <time>2025-06-27T14:15:10</time>
      </trkpt>
      <trkpt lat="41.13637816160917" lon="43.170644687488675">
        <ele>1917.8000000000002</ele>
        <time>2025-06-27T14:15:18</time>
      </trkpt>
      <trkpt lat="41.1366081610322" lon="43.1707694940269">
        <ele>1918.8000000000002</ele>
        <time>2025-06-27T14:15:23</time>
      </trkpt>
      <trkpt lat="41.1366911418736" lon="43.17081064917147">
        <ele>1919.0</ele>
        <time>2025-06-27T14:15:25</time>
      </trkpt>
      <trkpt lat="41.13705022260547" lon="43.17097979597747">
        <ele>1919.8000000000002</ele>
        <time>2025-06-27T14:15:34</time>
      </trkpt>
      <trkpt lat="41.137127336114645" lon="43.17101759836078">
        <ele>1919.8000000000002</ele>
        <time>2025-06-27T14:15:36</time>
      </trkpt>
      <trkpt lat="41.13739195279777" lon="43.17113100551069">
        <ele>1920.8000000000002</ele>
        <time>2025-06-27T14:15:43</time>
      </trkpt>
      <trkpt lat="41.137466384097934" lon="43.17116009071469">
        <ele>1921.0</ele>
        <time>2025-06-27T14:15:45</time>
      </trkpt>
      <trkpt lat="41.13774525001645" lon="43.17126754671335">
        <ele>1921.8000000000002</ele>
        <time>2025-06-27T14:15:53</time>
      </trkpt>
      <trkpt lat="41.13777852617204" lon="43.17127827554941">
        <ele>1922.0</ele>
        <time>2025-06-27T14:15:54</time>
      </trkpt>
      <trkpt lat="41.13799436017871" lon="43.17135589197278">
        <ele>1923.1999999999998</ele>
        <time>2025-06-27T14:16:01</time>
      </trkpt>
      <trkpt lat="41.13805688917637" lon="43.17136896774173">
        <ele>1923.4</ele>
        <time>2025-06-27T14:16:03</time>
      </trkpt>
      <trkpt lat="41.13821128383279" lon="43.17140241153538">
        <ele>1924.1999999999998</ele>
        <time>2025-06-27T14:16:08</time>
      </trkpt>
      <trkpt lat="41.13833349198103" lon="43.171428898349404">
        <ele>1924.6</ele>
        <time>2025-06-27T14:16:12</time>
      </trkpt>
      <trkpt lat="41.13851722329855" lon="43.17145815119147">
        <ele>1925.6</ele>
        <time>2025-06-27T14:16:18</time>
      </trkpt>
      <trkpt lat="41.13860866986215" lon="43.17147005349398">
        <ele>1926.0</ele>
        <time>2025-06-27T14:16:21</time>
      </trkpt>
      <trkpt lat="41.1387287825346" lon="43.17148597911">
        <ele>1926.6</ele>
        <time>2025-06-27T14:16:25</time>
      </trkpt>
      <trkpt lat="41.13890756852925" lon="43.17151045426726">
        <ele>1926.8000000000002</ele>
        <time>2025-06-27T14:16:31</time>
      </trkpt>
      <trkpt lat="41.13908895291388" lon="43.171503162011504">
        <ele>1927.6</ele>
        <time>2025-06-27T14:16:37</time>
      </trkpt>
      <trkpt lat="41.139150727540255" lon="43.17150106653571">
        <ele>1927.8000000000002</ele>
        <time>2025-06-27T14:16:39</time>
      </trkpt>
      <trkpt lat="41.13939573056996" lon="43.171493941918015">
        <ele>1928.6</ele>
        <time>2025-06-27T14:16:47</time>
      </trkpt>
      <trkpt lat="41.1394262406975" lon="43.171491930261254">
        <ele>1928.8000000000002</ele>
        <time>2025-06-27T14:16:48</time>
      </trkpt>
      <trkpt lat="41.13960200920701" lon="43.17148128524423">
        <ele>1930.0</ele>
        <time>2025-06-27T14:16:54</time>
      </trkpt>
      <trkpt lat="41.139662275090814" lon="43.1714706402272">
        <ele>1930.4</ele>
        <time>2025-06-27T14:16:56</time>
      </trkpt>
      <trkpt lat="41.139817675575614" lon="43.17145253531635">
        <ele>1931.1999999999998</ele>
        <time>2025-06-27T14:17:01</time>
      </trkpt>
      <trkpt lat="41.13987576216459" lon="43.17144465632737">
        <ele>1931.4</ele>
        <time>2025-06-27T14:17:03</time>
      </trkpt>
      <trkpt lat="41.14012956619263" lon="43.17138070240617">
        <ele>1932.1999999999998</ele>
        <time>2025-06-27T14:17:12</time>
      </trkpt>
      <trkpt lat="41.140159741044044" lon="43.17137089557946">
        <ele>1932.4</ele>
        <time>2025-06-27T14:17:13</time>
      </trkpt>
      <trkpt lat="41.1403573025018" lon="43.171315994113684">
        <ele>1933.1999999999998</ele>
        <time>2025-06-27T14:17:20</time>
      </trkpt>
      <trkpt lat="41.1405055783689" lon="43.17127676680684">
        <ele>1933.4</ele>
        <time>2025-06-27T14:17:25</time>
      </trkpt>
      <trkpt lat="41.14068914204836" lon="43.17120552062988">
        <ele>1934.1999999999998</ele>
        <time>2025-06-27T14:17:31</time>
      </trkpt>
      <trkpt lat="41.14077530801296" lon="43.17116838879883">
        <ele>1934.8000000000002</ele>
        <time>2025-06-27T14:17:34</time>
      </trkpt>
      <trkpt lat="41.140890307724476" lon="43.17111063748598">
        <ele>1935.1999999999998</ele>
        <time>2025-06-27T14:17:38</time>
      </trkpt>
      <trkpt lat="41.14097798243165" lon="43.17106219008565">
        <ele>1935.6</ele>
        <time>2025-06-27T14:17:41</time>
      </trkpt>
      <trkpt lat="41.14118023775518" lon="43.170959847047925">
        <ele>1936.1999999999998</ele>
        <time>2025-06-27T14:17:48</time>
      </trkpt>
      <trkpt lat="41.141263050958514" lon="43.170906119048595">
        <ele>1936.8000000000002</ele>
        <time>2025-06-27T14:17:51</time>
      </trkpt>
      <trkpt lat="41.141375033184886" lon="43.170835794880986">
        <ele>1937.4</ele>
        <time>2025-06-27T14:17:55</time>
      </trkpt>
      <trkpt lat="41.141485422849655" lon="43.17076773382723">
        <ele>1937.8000000000002</ele>
        <time>2025-06-27T14:17:59</time>
      </trkpt>
      <trkpt lat="41.14162255078554" lon="43.170676957815886">
        <ele>1938.4</ele>
        <time>2025-06-27T14:18:04</time>
      </trkpt>
      <trkpt lat="41.141750207170844" lon="43.170587019994855">
        <ele>1938.8000000000002</ele>
        <time>2025-06-27T14:18:09</time>
      </trkpt>
      <trkpt lat="41.141831343993545" lon="43.17053094506264">
        <ele>1939.1999999999998</ele>
        <time>2025-06-27T14:18:12</time>
      </trkpt>
      <trkpt lat="41.14204214885831" lon="43.17035894840956">
        <ele>1940.0</ele>
        <time>2025-06-27T14:18:20</time>
      </trkpt>
      <trkpt lat="41.142093278467655" lon="43.17031108774245">
        <ele>1940.1999999999998</ele>
        <time>2025-06-27T14:18:22</time>
      </trkpt>
      <trkpt lat="41.14231405779719" lon="43.170106401667">
        <ele>1941.0</ele>
        <time>2025-06-27T14:18:30</time>
      </trkpt>
      <trkpt lat="41.142369797453284" lon="43.17004873417318">
        <ele>1941.0</ele>
        <time>2025-06-27T14:18:32</time>
      </trkpt>
      <trkpt lat="41.14261572249234" lon="43.16980314441025">
        <ele>1941.4</ele>
        <time>2025-06-27T14:18:41</time>
      </trkpt>
      <trkpt lat="41.14277548156679" lon="43.16963382996619">
        <ele>1941.8000000000002</ele>
        <time>2025-06-27T14:18:47</time>
      </trkpt>
      <trkpt lat="41.14290372468531" lon="43.16948630847037">
        <ele>1942.1999999999998</ele>
        <time>2025-06-27T14:18:52</time>
      </trkpt>
      <trkpt lat="41.14310882985592" lon="43.16926879808307">
        <ele>1943.0</ele>
        <time>2025-06-27T14:19:00</time>
      </trkpt>
      <trkpt lat="41.143162390217185" lon="43.169216914102435">
        <ele>1943.1999999999998</ele>
        <time>2025-06-27T14:19:02</time>
      </trkpt>
      <trkpt lat="41.143403705209494" lon="43.16898448392749">
        <ele>1943.6</ele>
        <time>2025-06-27T14:19:11</time>
      </trkpt>
      <trkpt lat="41.143594812601805" lon="43.16881902515888">
        <ele>1943.8000000000002</ele>
        <time>2025-06-27T14:19:18</time>
      </trkpt>
      <trkpt lat="41.1437073815614" lon="43.16872322000563">
        <ele>1944.0</ele>
        <time>2025-06-27T14:19:22</time>
      </trkpt>
      <trkpt lat="41.14384417422116" lon="43.16860780119896">
        <ele>1944.0</ele>
        <time>2025-06-27T14:19:27</time>
      </trkpt>
      <trkpt lat="41.14404022693634" lon="43.1684570107609">
        <ele>1944.4</ele>
        <time>2025-06-27T14:19:34</time>
      </trkpt>
      <trkpt lat="41.14434038288891" lon="43.16825173795223">
        <ele>1944.8000000000002</ele>
        <time>2025-06-27T14:19:44</time>
      </trkpt>
      <trkpt lat="41.1445636767894" lon="43.16811486147344">
        <ele>1945.1999999999998</ele>
        <time>2025-06-27T14:19:51</time>
      </trkpt>
      <trkpt lat="41.1448382679373" lon="43.167962059378624">
        <ele>1945.4</ele>
        <time>2025-06-27T14:19:59</time>
      </trkpt>
      <trkpt lat="41.14513725042343" lon="43.16781730391085">
        <ele>1945.6</ele>
        <time>2025-06-27T14:20:08</time>
      </trkpt>
      <trkpt lat="41.14523163065314" lon="43.16779777407646">
        <ele>1945.6</ele>
        <time>2025-06-27T14:20:13</time>
      </trkpt>
      <trkpt lat="41.145233139395714" lon="43.16780003719032">
        <ele>1945.6</ele>
        <time>2025-06-27T14:20:22</time>
      </trkpt>
      <trkpt lat="41.145233893767" lon="43.16779953427613">
        <ele>1945.4</ele>
        <time>2025-06-27T14:20:38</time>
      </trkpt>
      <trkpt lat="41.14524403586984" lon="43.167788134887815">
        <ele>1945.4</ele>
        <time>2025-06-27T14:20:56</time>
      </trkpt>
      <trkpt lat="41.14529063925147" lon="43.167766174301505">
        <ele>1945.4</ele>
        <time>2025-06-27T14:21:00</time>
      </trkpt>
      <trkpt lat="41.14544151350856" lon="43.16768855787814">
        <ele>1945.1999999999998</ele>
        <time>2025-06-27T14:21:07</time>
      </trkpt>
      <trkpt lat="41.14545375108719" lon="43.167682187631726">
        <ele>1945.1999999999998</ele>
        <time>2025-06-27T14:21:08</time>
      </trkpt>
      <trkpt lat="41.145503371953964" lon="43.16767422482371">
        <ele>1945.0</ele>
        <time>2025-06-27T14:21:12</time>
      </trkpt>
      <trkpt lat="41.145526925101876" lon="43.16766634583473">
        <ele>1945.0</ele>
        <time>2025-06-27T14:21:14</time>
      </trkpt>
      <trkpt lat="41.145641170442104" lon="43.16763047128916">
        <ele>1945.0</ele>
        <time>2025-06-27T14:21:23</time>
      </trkpt>
      <trkpt lat="41.14570068195462" lon="43.16760515794158">
        <ele>1945.4</ele>
        <time>2025-06-27T14:21:29</time>
      </trkpt>
      <trkpt lat="41.14585541188717" lon="43.16755838692188">
        <ele>1945.4</ele>
        <time>2025-06-27T14:21:34</time>
      </trkpt>
      <trkpt lat="41.14608851261437" lon="43.16748487763107">
        <ele>1945.1999999999998</ele>
        <time>2025-06-27T14:21:41</time>
      </trkpt>
      <trkpt lat="41.146333599463105" lon="43.16739862784743">
        <ele>1945.1999999999998</ele>
        <time>2025-06-27T14:21:48</time>
      </trkpt>
      <trkpt lat="41.146679604426026" lon="43.16728614270687">
        <ele>1945.0</ele>
        <time>2025-06-27T14:21:57</time>
      </trkpt>
      <trkpt lat="41.14700700156391" lon="43.16717726178467">
        <ele>1945.0</ele>
        <time>2025-06-27T14:22:06</time>
      </trkpt>
      <trkpt lat="41.1473267711699" lon="43.16707299090922">
        <ele>1944.8000000000002</ele>
        <time>2025-06-27T14:22:14</time>
      </trkpt>
      <trkpt lat="41.14758241921663" lon="43.166986824944615">
        <ele>1944.4</ele>
        <time>2025-06-27T14:22:20</time>
      </trkpt>
      <trkpt lat="41.14776950329542" lon="43.166927229613066">
        <ele>1944.1999999999998</ele>
        <time>2025-06-27T14:22:24</time>
      </trkpt>
      <trkpt lat="41.148214833810925" lon="43.1667787861079">
        <ele>1943.8000000000002</ele>
        <time>2025-06-27T14:22:34</time>
      </trkpt>
      <trkpt lat="41.1484129820019" lon="43.166721956804395">
        <ele>1943.1999999999998</ele>
        <time>2025-06-27T14:22:38</time>
      </trkpt>
      <trkpt lat="41.14861180074513" lon="43.16668214276433">
        <ele>1942.8000000000002</ele>
        <time>2025-06-27T14:22:42</time>
      </trkpt>
      <trkpt lat="41.16906381212175" lon="43.16052454523742">
        <ele>1876.6</ele>
        <time>2025-06-27T14:26:19</time>
      </trkpt>
      <trkpt lat="41.16916758008301" lon="43.16046972759068">
        <ele>1876.0</ele>
        <time>2025-06-27T14:26:20</time>
      </trkpt>
      <trkpt lat="41.16928366944194" lon="43.160447431728244">
        <ele>1875.4</ele>
        <time>2025-06-27T14:26:21</time>
      </trkpt>
      <trkpt lat="41.16952213458717" lon="43.160405941307545">
        <ele>1873.4</ele>
        <time>2025-06-27T14:26:23</time>
      </trkpt>
      <trkpt lat="41.16975959390402" lon="43.160367887467146">
        <ele>1872.4</ele>
        <time>2025-06-27T14:26:25</time>
      </trkpt>
      <trkpt lat="41.170109789818525" lon="43.16032296046615">
        <ele>1871.0</ele>
        <time>2025-06-27T14:26:28</time>
      </trkpt>
      <trkpt lat="41.170339370146394" lon="43.160287672653794">
        <ele>1869.6</ele>
        <time>2025-06-27T14:26:30</time>
      </trkpt>
      <trkpt lat="41.17056492716074" lon="43.16026026383042">
        <ele>1868.4</ele>
        <time>2025-06-27T14:26:32</time>
      </trkpt>
      <trkpt lat="41.17078981362283" lon="43.160235369578004">
        <ele>1867.1999999999998</ele>
        <time>2025-06-27T14:26:34</time>
      </trkpt>
      <trkpt lat="41.17101352661848" lon="43.16021424718201">
        <ele>1865.6</ele>
        <time>2025-06-27T14:26:36</time>
      </trkpt>
      <trkpt lat="41.17112492211163" lon="43.16020485945046">
        <ele>1864.8000000000002</ele>
        <time>2025-06-27T14:26:37</time>
      </trkpt>
      <trkpt lat="41.171236066147685" lon="43.1601975671947">
        <ele>1864.0</ele>
        <time>2025-06-27T14:26:38</time>
      </trkpt>
      <trkpt lat="41.171456007286906" lon="43.16018189303577">
        <ele>1863.0</ele>
        <time>2025-06-27T14:26:40</time>
      </trkpt>
      <trkpt lat="41.17167519405484" lon="43.160165548324585">
        <ele>1861.6</ele>
        <time>2025-06-27T14:26:42</time>
      </trkpt>
      <trkpt lat="41.17189488373697" lon="43.16015498712659">
        <ele>1860.1999999999998</ele>
        <time>2025-06-27T14:26:44</time>
      </trkpt>
      <trkpt lat="41.17200401611626" lon="43.160150796175">
        <ele>1859.6</ele>
        <time>2025-06-27T14:26:45</time>
      </trkpt>
      <trkpt lat="41.17211289703846" lon="43.16014626994729">
        <ele>1859.0</ele>
        <time>2025-06-27T14:26:46</time>
      </trkpt>
      <trkpt lat="41.1723302397877" lon="43.16013998351991">
        <ele>1858.0</ele>
        <time>2025-06-27T14:26:48</time>
      </trkpt>
      <trkpt lat="41.172547079622746" lon="43.16013830713928">
        <ele>1856.8000000000002</ele>
        <time>2025-06-27T14:26:50</time>
      </trkpt>
      <trkpt lat="41.17276190780103" lon="43.160135708749294">
        <ele>1854.8000000000002</ele>
        <time>2025-06-27T14:26:52</time>
      </trkpt>
      <trkpt lat="41.1729761492461" lon="43.16013461910188">
        <ele>1853.4</ele>
        <time>2025-06-27T14:26:54</time>
      </trkpt>
      <trkpt lat="41.173190139234066" lon="43.1601285841316">
        <ele>1852.1999999999998</ele>
        <time>2025-06-27T14:26:56</time>
      </trkpt>
      <trkpt lat="41.17340379394591" lon="43.16011953167617">
        <ele>1851.0</ele>
        <time>2025-06-27T14:26:58</time>
      </trkpt>
      <trkpt lat="41.17361686192453" lon="43.16011165268719">
        <ele>1849.8000000000002</ele>
        <time>2025-06-27T14:27:00</time>
      </trkpt>
      <trkpt lat="41.17382959462702" lon="43.16011006012559">
        <ele>1848.8000000000002</ele>
        <time>2025-06-27T14:27:02</time>
      </trkpt>
      <trkpt lat="41.174041824415326" lon="43.16011441871524">
        <ele>1847.6</ele>
        <time>2025-06-27T14:27:04</time>
      </trkpt>
      <trkpt lat="41.17425262928009" lon="43.16012472845614">
        <ele>1846.4</ele>
        <time>2025-06-27T14:27:06</time>
      </trkpt>
      <trkpt lat="41.174357905983925" lon="43.16013109870255">
        <ele>1845.8000000000002</ele>
        <time>2025-06-27T14:27:07</time>
      </trkpt>
      <trkpt lat="41.17446267977357" lon="43.1601388938725">
        <ele>1845.4</ele>
        <time>2025-06-27T14:27:08</time>
      </trkpt>
      <trkpt lat="41.17467239499092" lon="43.16015733405948">
        <ele>1844.0</ele>
        <time>2025-06-27T14:27:10</time>
      </trkpt>
      <trkpt lat="41.174882194027305" lon="43.160182144492865">
        <ele>1842.4</ele>
        <time>2025-06-27T14:27:12</time>
      </trkpt>
      <trkpt lat="41.175089897587895" lon="43.160206116735935">
        <ele>1841.4</ele>
        <time>2025-06-27T14:27:14</time>
      </trkpt>
      <trkpt lat="41.17529667913914" lon="43.160230088979006">
        <ele>1840.1999999999998</ele>
        <time>2025-06-27T14:27:16</time>
      </trkpt>
      <trkpt lat="41.175400195643306" lon="43.16024358384311">
        <ele>1839.4</ele>
        <time>2025-06-27T14:27:17</time>
      </trkpt>
      <trkpt lat="41.17550387978554" lon="43.16025674343109">
        <ele>1838.8000000000002</ele>
        <time>2025-06-27T14:27:18</time>
      </trkpt>
      <trkpt lat="41.175710493698716" lon="43.16028163768351">
        <ele>1837.6</ele>
        <time>2025-06-27T14:27:20</time>
      </trkpt>
      <trkpt lat="41.17591635324061" lon="43.160307286307216">
        <ele>1836.1999999999998</ele>
        <time>2025-06-27T14:27:22</time>
      </trkpt>
      <trkpt lat="41.17612254805863" lon="43.16032941453159">
        <ele>1835.0</ele>
        <time>2025-06-27T14:27:24</time>
      </trkpt>
      <trkpt lat="41.17632765322924" lon="43.160355649888515">
        <ele>1833.8000000000002</ele>
        <time>2025-06-27T14:27:26</time>
      </trkpt>
      <trkpt lat="41.176533177495" lon="43.1603823043406">
        <ele>1832.8000000000002</ele>
        <time>2025-06-27T14:27:28</time>
      </trkpt>
      <trkpt lat="41.17673920467496" lon="43.16040677949786">
        <ele>1831.6</ele>
        <time>2025-06-27T14:27:30</time>
      </trkpt>
      <trkpt lat="41.176945650950074" lon="43.160431422293186">
        <ele>1830.4</ele>
        <time>2025-06-27T14:27:32</time>
      </trkpt>
      <trkpt lat="41.17715251632035" lon="43.160457322373986">
        <ele>1829.0</ele>
        <time>2025-06-27T14:27:34</time>
      </trkpt>
      <trkpt lat="41.177358627319336" lon="43.16048129461706">
        <ele>1827.8000000000002</ele>
        <time>2025-06-27T14:27:36</time>
      </trkpt>
      <trkpt lat="41.17756498977542" lon="43.160505183041096">
        <ele>1826.6</ele>
        <time>2025-06-27T14:27:38</time>
      </trkpt>
      <trkpt lat="41.177772022783756" lon="43.16052890382707">
        <ele>1825.4</ele>
        <time>2025-06-27T14:27:40</time>
      </trkpt>
      <trkpt lat="41.17787562310696" lon="43.16053845919669">
        <ele>1824.8000000000002</ele>
        <time>2025-06-27T14:27:41</time>
      </trkpt>
      <trkpt lat="41.177979139611125" lon="43.16054876893759">
        <ele>1824.0</ele>
        <time>2025-06-27T14:27:42</time>
      </trkpt>
      <trkpt lat="41.17818407714367" lon="43.160573579370975">
        <ele>1823.0</ele>
        <time>2025-06-27T14:27:44</time>
      </trkpt>
      <trkpt lat="41.1783879250288" lon="43.16059763543308">
        <ele>1821.8000000000002</ele>
        <time>2025-06-27T14:27:46</time>
      </trkpt>
      <trkpt lat="41.178590431809425" lon="43.16062127240002">
        <ele>1820.6</ele>
        <time>2025-06-27T14:27:48</time>
      </trkpt>
      <trkpt lat="41.178691517561674" lon="43.16063275560737">
        <ele>1819.6</ele>
        <time>2025-06-27T14:27:49</time>
      </trkpt>
      <trkpt lat="41.17889310233295" lon="43.16065639257431">
        <ele>1818.1999999999998</ele>
        <time>2025-06-27T14:27:51</time>
      </trkpt>
      <trkpt lat="41.179092172533274" lon="43.160679526627064">
        <ele>1817.0</ele>
        <time>2025-06-27T14:27:53</time>
      </trkpt>
      <trkpt lat="41.17928897961974" lon="43.160704085603356">
        <ele>1815.8000000000002</ele>
        <time>2025-06-27T14:27:55</time>
      </trkpt>
      <trkpt lat="41.1794844456017" lon="43.16072763875127">
        <ele>1814.6</ele>
        <time>2025-06-27T14:27:57</time>
      </trkpt>
      <trkpt lat="41.17968116886914" lon="43.16074809059501">
        <ele>1813.6</ele>
        <time>2025-06-27T14:27:59</time>
      </trkpt>
      <trkpt lat="41.17987906560302" lon="43.160767536610365">
        <ele>1812.4</ele>
        <time>2025-06-27T14:28:01</time>
      </trkpt>
      <trkpt lat="41.18007838726044" lon="43.16078815609217">
        <ele>1811.4</ele>
        <time>2025-06-27T14:28:03</time>
      </trkpt>
      <trkpt lat="41.180277625098825" lon="43.16080994904041">
        <ele>1810.1999999999998</ele>
        <time>2025-06-27T14:28:05</time>
      </trkpt>
      <trkpt lat="41.18047468364239" lon="43.16083685494959">
        <ele>1809.0</ele>
        <time>2025-06-27T14:28:07</time>
      </trkpt>
      <trkpt lat="41.18066880851984" lon="43.160861413925886">
        <ele>1808.0</ele>
        <time>2025-06-27T14:28:09</time>
      </trkpt>
      <trkpt lat="41.18086033500731" lon="43.160883290693164">
        <ele>1807.0</ele>
        <time>2025-06-27T14:28:11</time>
      </trkpt>
      <trkpt lat="41.18095605634153" lon="43.1608936842531">
        <ele>1806.4</ele>
        <time>2025-06-27T14:28:12</time>
      </trkpt>
      <trkpt lat="41.18105177767575" lon="43.16090474836528">
        <ele>1805.8000000000002</ele>
        <time>2025-06-27T14:28:13</time>
      </trkpt>
      <trkpt lat="41.181341456249356" lon="43.16093777306378">
        <ele>1804.6</ele>
        <time>2025-06-27T14:28:16</time>
      </trkpt>
      <trkpt lat="41.181536838412285" lon="43.16095730289817">
        <ele>1803.0</ele>
        <time>2025-06-27T14:28:18</time>
      </trkpt>
      <trkpt lat="41.18163490667939" lon="43.160968869924545">
        <ele>1802.0</ele>
        <time>2025-06-27T14:28:19</time>
      </trkpt>
      <trkpt lat="41.1817329749465" lon="43.16098186187446">
        <ele>1801.4</ele>
        <time>2025-06-27T14:28:20</time>
      </trkpt>
      <trkpt lat="41.18183121085167" lon="43.160993345081806">
        <ele>1800.8000000000002</ele>
        <time>2025-06-27T14:28:21</time>
      </trkpt>
      <trkpt lat="41.181929698213935" lon="43.1610041577369">
        <ele>1800.1999999999998</ele>
        <time>2025-06-27T14:28:22</time>
      </trkpt>
      <trkpt lat="41.18202759884298" lon="43.16101664677262">
        <ele>1799.8000000000002</ele>
        <time>2025-06-27T14:28:23</time>
      </trkpt>
      <trkpt lat="41.18222172372043" lon="43.16104095429182">
        <ele>1798.6</ele>
        <time>2025-06-27T14:28:25</time>
      </trkpt>
      <trkpt lat="41.18241266347468" lon="43.161062579602">
        <ele>1797.6</ele>
        <time>2025-06-27T14:28:27</time>
      </trkpt>
      <trkpt lat="41.18260041810572" lon="43.16108244471252">
        <ele>1796.4</ele>
        <time>2025-06-27T14:28:29</time>
      </trkpt>
      <trkpt lat="41.18278389796615" lon="43.16110306419432">
        <ele>1795.0</ele>
        <time>2025-06-27T14:28:31</time>
      </trkpt>
      <trkpt lat="41.18296293541789" lon="43.16112435422838">
        <ele>1794.0</ele>
        <time>2025-06-27T14:28:33</time>
      </trkpt>
      <trkpt lat="41.18322185240686" lon="43.16115779802203">
        <ele>1792.6</ele>
        <time>2025-06-27T14:28:36</time>
      </trkpt>
      <trkpt lat="41.18346928618848" lon="43.161182356998324">
        <ele>1791.1999999999998</ele>
        <time>2025-06-27T14:28:39</time>
      </trkpt>
      <trkpt lat="41.183789893984795" lon="43.16121890209615">
        <ele>1790.1999999999998</ele>
        <time>2025-06-27T14:28:43</time>
      </trkpt>
      <trkpt lat="41.18410144932568" lon="43.161252848804">
        <ele>1789.0</ele>
        <time>2025-06-27T14:28:47</time>
      </trkpt>
      <trkpt lat="41.18425131775439" lon="43.16127254627645">
        <ele>1788.4</ele>
        <time>2025-06-27T14:28:49</time>
      </trkpt>
      <trkpt lat="41.184396827593446" lon="43.161288471892476">
        <ele>1788.0</ele>
        <time>2025-06-27T14:28:51</time>
      </trkpt>
      <trkpt lat="41.184955732896924" lon="43.16134823486209">
        <ele>1787.0</ele>
        <time>2025-06-27T14:28:59</time>
      </trkpt>
      <trkpt lat="41.18502404540777" lon="43.161356784403324">
        <ele>1786.8000000000002</ele>
        <time>2025-06-27T14:29:00</time>
      </trkpt>
      <trkpt lat="41.185611030086875" lon="43.16142828203738">
        <ele>1786.4</ele>
        <time>2025-06-27T14:29:09</time>
      </trkpt>
      <trkpt lat="41.18594219908118" lon="43.161465246230364">
        <ele>1786.1999999999998</ele>
        <time>2025-06-27T14:29:15</time>
      </trkpt>
      <trkpt lat="41.18604856543243" lon="43.161480417475104">
        <ele>1786.1999999999998</ele>
        <time>2025-06-27T14:29:19</time>
      </trkpt>
      <trkpt lat="41.186051331460476" lon="43.16148184239864">
        <ele>1786.0</ele>
        <time>2025-06-27T14:29:21</time>
      </trkpt>
      <trkpt lat="41.18604990653694" lon="43.16148083657026">
        <ele>1785.8000000000002</ele>
        <time>2025-06-27T14:29:26</time>
      </trkpt>
      <trkpt lat="41.186048313975334" lon="43.161479998379946">
        <ele>1785.8000000000002</ele>
        <time>2025-06-27T14:29:42</time>
      </trkpt>
      <trkpt lat="41.18604764342308" lon="43.16148167476058">
        <ele>1785.8000000000002</ele>
        <time>2025-06-27T14:29:49</time>
      </trkpt>
      <trkpt lat="41.1860466375947" lon="43.161481926217675">
        <ele>1785.6</ele>
        <time>2025-06-27T14:30:07</time>
      </trkpt>
      <trkpt lat="41.18604470975697" lon="43.16148016601801">
        <ele>1785.8000000000002</ele>
        <time>2025-06-27T14:30:26</time>
      </trkpt>
      <trkpt lat="41.18608636781573" lon="43.16148368641734">
        <ele>1785.6</ele>
        <time>2025-06-27T14:30:37</time>
      </trkpt>
      <trkpt lat="41.18626054376364" lon="43.16150221042335">
        <ele>1785.6</ele>
        <time>2025-06-27T14:30:43</time>
      </trkpt>
      <trkpt lat="41.18660554289818" lon="43.161548897624016">
        <ele>1785.1999999999998</ele>
        <time>2025-06-27T14:30:52</time>
      </trkpt>
      <trkpt lat="41.18695565499365" lon="43.1616154499352">
        <ele>1785.1999999999998</ele>
        <time>2025-06-27T14:31:00</time>
      </trkpt>
      <trkpt lat="41.18709119036794" lon="43.161645624786615">
        <ele>1785.0</ele>
        <time>2025-06-27T14:31:03</time>
      </trkpt>
      <trkpt lat="41.187551356852055" lon="43.161752661690116">
        <ele>1784.8000000000002</ele>
        <time>2025-06-27T14:31:13</time>
      </trkpt>
      <trkpt lat="41.187645653262734" lon="43.161776047199965">
        <ele>1784.8000000000002</ele>
        <time>2025-06-27T14:31:15</time>
      </trkpt>
      <trkpt lat="41.188203217461705" lon="43.16192591562867">
        <ele>1784.8000000000002</ele>
        <time>2025-06-27T14:31:27</time>
      </trkpt>
      <trkpt lat="41.188665898516774" lon="43.162066815420985">
        <ele>1784.8000000000002</ele>
        <time>2025-06-27T14:31:37</time>
      </trkpt>
      <trkpt lat="41.18906839750707" lon="43.162191957235336">
        <ele>1784.8000000000002</ele>
        <time>2025-06-27T14:31:46</time>
      </trkpt>
      <trkpt lat="41.189545495435596" lon="43.16239622421563">
        <ele>1784.8000000000002</ele>
        <time>2025-06-27T14:31:57</time>
      </trkpt>
      <trkpt lat="41.19006659835577" lon="43.162666289135814">
        <ele>1785.4</ele>
        <time>2025-06-27T14:32:09</time>
      </trkpt>
      <trkpt lat="41.19011110626161" lon="43.16268959082663">
        <ele>1785.4</ele>
        <time>2025-06-27T14:32:10</time>
      </trkpt>
      <trkpt lat="41.1906523257494" lon="43.1629569735378">
        <ele>1785.8000000000002</ele>
        <time>2025-06-27T14:32:22</time>
      </trkpt>
      <trkpt lat="41.19109941646457" lon="43.16314003430307">
        <ele>1785.8000000000002</ele>
        <time>2025-06-27T14:32:32</time>
      </trkpt>
      <trkpt lat="41.19150007143617" lon="43.163289399817586">
        <ele>1785.8000000000002</ele>
        <time>2025-06-27T14:32:41</time>
      </trkpt>
      <trkpt lat="41.191989574581385" lon="43.163469191640615">
        <ele>1785.8000000000002</ele>
        <time>2025-06-27T14:32:52</time>
      </trkpt>
      <trkpt lat="41.192523166537285" lon="43.16370162181556">
        <ele>1786.1999999999998</ele>
        <time>2025-06-27T14:33:04</time>
      </trkpt>
      <trkpt lat="41.19256700389087" lon="43.163720816373825">
        <ele>1786.1999999999998</ele>
        <time>2025-06-27T14:33:05</time>
      </trkpt>
      <trkpt lat="41.19309414178133" lon="43.16395157016814">
        <ele>1786.1999999999998</ele>
        <time>2025-06-27T14:33:17</time>
      </trkpt>
      <trkpt lat="41.19351550005376" lon="43.16413739696145">
        <ele>1786.1999999999998</ele>
        <time>2025-06-27T14:33:27</time>
      </trkpt>
      <trkpt lat="41.193929398432374" lon="43.16433026455343">
        <ele>1786.4</ele>
        <time>2025-06-27T14:33:37</time>
      </trkpt>
      <trkpt lat="41.19443507865071" lon="43.16457258537412">
        <ele>1786.4</ele>
        <time>2025-06-27T14:33:49</time>
      </trkpt>
      <trkpt lat="41.19496154598892" lon="43.164803590625525">
        <ele>1786.4</ele>
        <time>2025-06-27T14:34:01</time>
      </trkpt>
      <trkpt lat="41.19500454515219" lon="43.1648238748312">
        <ele>1786.4</ele>
        <time>2025-06-27T14:34:02</time>
      </trkpt>
      <trkpt lat="41.19544484652579" lon="43.16502177156508">
        <ele>1786.6</ele>
        <time>2025-06-27T14:34:12</time>
      </trkpt>
      <trkpt lat="41.195670487359166" lon="43.16512302495539">
        <ele>1786.6</ele>
        <time>2025-06-27T14:34:17</time>
      </trkpt>
      <trkpt lat="41.1960865650326" lon="43.16530851647258">
        <ele>1786.8000000000002</ele>
        <time>2025-06-27T14:34:26</time>
      </trkpt>
      <trkpt lat="41.19660339318216" lon="43.16554941236973">
        <ele>1787.0</ele>
        <time>2025-06-27T14:34:37</time>
      </trkpt>
      <trkpt lat="41.19665217585862" lon="43.16557011567056">
        <ele>1787.0</ele>
        <time>2025-06-27T14:34:38</time>
      </trkpt>
      <trkpt lat="41.19713857769966" lon="43.1657893024385">
        <ele>1787.0</ele>
        <time>2025-06-27T14:34:48</time>
      </trkpt>
      <trkpt lat="41.197660686448216" lon="43.166025169193745">
        <ele>1787.1999999999998</ele>
        <time>2025-06-27T14:34:59</time>
      </trkpt>
      <trkpt lat="41.19775665923953" lon="43.16606598906219">
        <ele>1787.1999999999998</ele>
        <time>2025-06-27T14:35:01</time>
      </trkpt>
      <trkpt lat="41.198096042498946" lon="43.166228430345654">
        <ele>1787.1999999999998</ele>
        <time>2025-06-27T14:35:08</time>
      </trkpt>
      <trkpt lat="41.19824121706188" lon="43.16630353219807">
        <ele>1787.1999999999998</ele>
        <time>2025-06-27T14:35:11</time>
      </trkpt>
      <trkpt lat="41.198760559782386" lon="43.16660989075899">
        <ele>1787.0</ele>
        <time>2025-06-27T14:35:22</time>
      </trkpt>
      <trkpt lat="41.19880565442145" lon="43.166639897972345">
        <ele>1787.0</ele>
        <time>2025-06-27T14:35:23</time>
      </trkpt>
      <trkpt lat="41.19930085726082" lon="43.166983891278505">
        <ele>1787.0</ele>
        <time>2025-06-27T14:35:34</time>
      </trkpt>
      <trkpt lat="41.199343604967" lon="43.167016915977">
        <ele>1787.0</ele>
        <time>2025-06-27T14:35:35</time>
      </trkpt>
      <trkpt lat="41.1998010892421" lon="43.16737063229084">
        <ele>1788.0</ele>
        <time>2025-06-27T14:35:46</time>
      </trkpt>
      <trkpt lat="41.20017567649484" lon="43.167712362483144">
        <ele>1788.1999999999998</ele>
        <time>2025-06-27T14:35:56</time>
      </trkpt>
      <trkpt lat="41.20055252686143" lon="43.16810899414122">
        <ele>1788.1999999999998</ele>
        <time>2025-06-27T14:36:06</time>
      </trkpt>
      <trkpt lat="41.200961815193295" lon="43.16858030855656">
        <ele>1788.4</ele>
        <time>2025-06-27T14:36:17</time>
      </trkpt>
      <trkpt lat="41.20136657729745" lon="43.16908582113683">
        <ele>1788.6</ele>
        <time>2025-06-27T14:36:28</time>
      </trkpt>
      <trkpt lat="41.20140463113785" lon="43.16913208924234">
        <ele>1788.6</ele>
        <time>2025-06-27T14:36:29</time>
      </trkpt>
      <trkpt lat="41.201729429885745" lon="43.16953584551811">
        <ele>1788.8000000000002</ele>
        <time>2025-06-27T14:36:38</time>
      </trkpt>
      <trkpt lat="41.201910227537155" lon="43.16979484632611">
        <ele>1789.0</ele>
        <time>2025-06-27T14:36:45</time>
      </trkpt>
      <trkpt lat="41.20195683091879" lon="43.169856956228614">
        <ele>1789.0</ele>
        <time>2025-06-27T14:36:47</time>
      </trkpt>
      <trkpt lat="41.202077781781554" lon="43.17002400755882">
        <ele>1789.0</ele>
        <time>2025-06-27T14:36:53</time>
      </trkpt>
      <trkpt lat="41.20227794162929" lon="43.17031594924629">
        <ele>1789.1999999999998</ele>
        <time>2025-06-27T14:37:01</time>
      </trkpt>
      <trkpt lat="41.202491261065006" lon="43.170652063563466">
        <ele>1789.1999999999998</ele>
        <time>2025-06-27T14:37:09</time>
      </trkpt>
      <trkpt lat="41.202743807807565" lon="43.17111985757947">
        <ele>1789.1999999999998</ele>
        <time>2025-06-27T14:37:19</time>
      </trkpt>
      <trkpt lat="41.20298461988568" lon="43.1716831214726">
        <ele>1789.6</ele>
        <time>2025-06-27T14:37:31</time>
      </trkpt>
      <trkpt lat="41.20314337313175" lon="43.172131553292274">
        <ele>1789.8000000000002</ele>
        <time>2025-06-27T14:37:41</time>
      </trkpt>
      <trkpt lat="41.20321017690003" lon="43.17235166206956">
        <ele>1790.1999999999998</ele>
        <time>2025-06-27T14:37:46</time>
      </trkpt>
      <trkpt lat="41.20328293181956" lon="43.172616362571716">
        <ele>1790.6</ele>
        <time>2025-06-27T14:37:52</time>
      </trkpt>
      <trkpt lat="41.20336817577481" lon="43.173000840470195">
        <ele>1791.0</ele>
        <time>2025-06-27T14:38:01</time>
      </trkpt>
      <trkpt lat="41.20337865315378" lon="43.17304199561477">
        <ele>1791.4</ele>
        <time>2025-06-27T14:38:02</time>
      </trkpt>
      <trkpt lat="41.20343640446663" lon="43.1733391340822">
        <ele>1792.0</ele>
        <time>2025-06-27T14:38:09</time>
      </trkpt>
      <trkpt lat="41.20345124043524" lon="43.173423958942294">
        <ele>1792.4</ele>
        <time>2025-06-27T14:38:11</time>
      </trkpt>
      <trkpt lat="41.203470937907696" lon="43.17361976020038">
        <ele>1793.1999999999998</ele>
        <time>2025-06-27T14:38:16</time>
      </trkpt>
      <trkpt lat="41.203489964827895" lon="43.17373174242675">
        <ele>1793.4</ele>
        <time>2025-06-27T14:38:19</time>
      </trkpt>
      <trkpt lat="41.20352525264025" lon="43.1739987898618">
        <ele>1794.1999999999998</ele>
        <time>2025-06-27T14:38:26</time>
      </trkpt>
      <trkpt lat="41.20353237725794" lon="43.174036256968975">
        <ele>1794.4</ele>
        <time>2025-06-27T14:38:27</time>
      </trkpt>
      <trkpt lat="41.20356883853674" lon="43.17434663884342">
        <ele>1795.6</ele>
        <time>2025-06-27T14:38:35</time>
      </trkpt>
      <trkpt lat="41.20361317880452" lon="43.17468484863639">
        <ele>1796.6</ele>
        <time>2025-06-27T14:38:44</time>
      </trkpt>
      <trkpt lat="41.203619381412864" lon="43.17471946589649">
        <ele>1796.8000000000002</ele>
        <time>2025-06-27T14:38:45</time>
      </trkpt>
      <trkpt lat="41.20366849936545" lon="43.17500336095691">
        <ele>1797.8000000000002</ele>
        <time>2025-06-27T14:38:53</time>
      </trkpt>
      <trkpt lat="41.20372029952705" lon="43.17529421299696">
        <ele>1798.4</ele>
        <time>2025-06-27T14:39:01</time>
      </trkpt>
      <trkpt lat="41.20374284684658" lon="43.175438130274415">
        <ele>1798.8000000000002</ele>
        <time>2025-06-27T14:39:05</time>
      </trkpt>
      <trkpt lat="41.20378584600985" lon="43.17562052048743">
        <ele>1799.1999999999998</ele>
        <time>2025-06-27T14:39:10</time>
      </trkpt>
      <trkpt lat="41.203848626464605" lon="43.175832498818636">
        <ele>1800.0</ele>
        <time>2025-06-27T14:39:16</time>
      </trkpt>
      <trkpt lat="41.20387511327863" lon="43.17593182437122">
        <ele>1800.1999999999998</ele>
        <time>2025-06-27T14:39:19</time>
      </trkpt>
      <trkpt lat="41.2039664760232" lon="43.17623591981828">
        <ele>1800.6</ele>
        <time>2025-06-27T14:39:28</time>
      </trkpt>
      <trkpt lat="41.20397879742086" lon="43.17627011798322">
        <ele>1801.0</ele>
        <time>2025-06-27T14:39:29</time>
      </trkpt>
      <trkpt lat="41.204072423279285" lon="43.17653280682862">
        <ele>1801.8000000000002</ele>
        <time>2025-06-27T14:39:37</time>
      </trkpt>
      <trkpt lat="41.20409807190299" lon="43.17659583874047">
        <ele>1802.0</ele>
        <time>2025-06-27T14:39:39</time>
      </trkpt>
      <trkpt lat="41.20416755788028" lon="43.1767529156059">
        <ele>1802.1999999999998</ele>
        <time>2025-06-27T14:39:44</time>
      </trkpt>
      <trkpt lat="41.20419572107494" lon="43.17681888118386">
        <ele>1802.4</ele>
        <time>2025-06-27T14:39:46</time>
      </trkpt>
      <trkpt lat="41.20425011962652" lon="43.176947543397546">
        <ele>1803.0</ele>
        <time>2025-06-27T14:39:50</time>
      </trkpt>
      <trkpt lat="41.20433175936341" lon="43.177134208381176">
        <ele>1803.4</ele>
        <time>2025-06-27T14:39:56</time>
      </trkpt>
      <trkpt lat="41.204420775175095" lon="43.17731190472841">
        <ele>1804.0</ele>
        <time>2025-06-27T14:40:02</time>
      </trkpt>
      <trkpt lat="41.2045032531023" lon="43.17746034823358">
        <ele>1804.1999999999998</ele>
        <time>2025-06-27T14:40:07</time>
      </trkpt>
      <trkpt lat="41.20458321645856" lon="43.17761180922389">
        <ele>1805.1999999999998</ele>
        <time>2025-06-27T14:40:12</time>
      </trkpt>
      <trkpt lat="41.20467474684119" lon="43.177755642682314">
        <ele>1805.4</ele>
        <time>2025-06-27T14:40:17</time>
      </trkpt>
      <trkpt lat="41.20480324141681" lon="43.17795538343489">
        <ele>1806.4</ele>
        <time>2025-06-27T14:40:24</time>
      </trkpt>
      <trkpt lat="41.204861579462886" lon="43.17803886719048">
        <ele>1806.8000000000002</ele>
        <time>2025-06-27T14:40:27</time>
      </trkpt>
      <trkpt lat="41.20494388975203" lon="43.1781517714262">
        <ele>1807.4</ele>
        <time>2025-06-27T14:40:31</time>
      </trkpt>
      <trkpt lat="41.20509350672364" lon="43.17834564484656">
        <ele>1807.8000000000002</ele>
        <time>2025-06-27T14:40:38</time>
      </trkpt>
      <trkpt lat="41.20517355389893" lon="43.178444718942046">
        <ele>1808.1999999999998</ele>
        <time>2025-06-27T14:40:42</time>
      </trkpt>
      <trkpt lat="41.20527572929859" lon="43.178573716431856">
        <ele>1808.6</ele>
        <time>2025-06-27T14:40:47</time>
      </trkpt>
      <trkpt lat="41.20542769320309" lon="43.178742779418826">
        <ele>1809.0</ele>
        <time>2025-06-27T14:40:54</time>
      </trkpt>
      <trkpt lat="41.205527102574706" lon="43.178834142163396">
        <ele>1809.4</ele>
        <time>2025-06-27T14:40:58</time>
      </trkpt>
      <trkpt lat="41.20564520359039" lon="43.1789581105113">
        <ele>1810.0</ele>
        <time>2025-06-27T14:41:03</time>
      </trkpt>
      <trkpt lat="41.20584737509489" lon="43.179141925647855">
        <ele>1810.4</ele>
        <time>2025-06-27T14:41:11</time>
      </trkpt>
      <trkpt lat="41.20603638701141" lon="43.1793053727597">
        <ele>1811.1999999999998</ele>
        <time>2025-06-27T14:41:19</time>
      </trkpt>
      <trkpt lat="41.206245850771666" lon="43.17947091534734">
        <ele>1811.6</ele>
        <time>2025-06-27T14:41:28</time>
      </trkpt>
      <trkpt lat="41.20640988461673" lon="43.17959010601044">
        <ele>1811.8000000000002</ele>
        <time>2025-06-27T14:41:36</time>
      </trkpt>
      <trkpt lat="41.2065046839416" lon="43.17966906353831">
        <ele>1812.0</ele>
        <time>2025-06-27T14:41:42</time>
      </trkpt>
      <trkpt lat="41.20646143332124" lon="43.179736118763685">
        <ele>1812.1999999999998</ele>
        <time>2025-06-27T14:41:48</time>
      </trkpt>
      <trkpt lat="41.20642002671957" lon="43.17973628640175">
        <ele>1812.1999999999998</ele>
        <time>2025-06-27T14:41:50</time>
      </trkpt>
      <trkpt lat="41.20636378414929" lon="43.17971256561577">
        <ele>1812.1999999999998</ele>
        <time>2025-06-27T14:41:53</time>
      </trkpt>
      <trkpt lat="41.206298656761646" lon="43.179688761010766">
        <ele>1812.0</ele>
        <time>2025-06-27T14:41:57</time>
      </trkpt>
      <trkpt lat="41.206274181604385" lon="43.179709296673536">
        <ele>1811.8000000000002</ele>
        <time>2025-06-27T14:41:59</time>
      </trkpt>
      <trkpt lat="41.20619430206716" lon="43.17982815206051">
        <ele>1811.4</ele>
        <time>2025-06-27T14:42:06</time>
      </trkpt>
      <trkpt lat="41.20612406171858" lon="43.179952036589384">
        <ele>1810.8000000000002</ele>
        <time>2025-06-27T14:42:12</time>
      </trkpt>
      <trkpt lat="41.20609606616199" lon="43.180007273331285">
        <ele>1810.4</ele>
        <time>2025-06-27T14:42:14</time>
      </trkpt>
      <trkpt lat="41.20606102980673" lon="43.180078184232116">
        <ele>1809.6</ele>
        <time>2025-06-27T14:42:18</time>
      </trkpt>
      <trkpt lat="41.20604711584747" lon="43.180111795663834">
        <ele>1809.4</ele>
        <time>2025-06-27T14:42:20</time>
      </trkpt>
      <trkpt lat="41.20602071285248" lon="43.18020248785615">
        <ele>1808.4</ele>
        <time>2025-06-27T14:42:24</time>
      </trkpt>
      <trkpt lat="41.206014174968004" lon="43.18022998049855">
        <ele>1808.1999999999998</ele>
        <time>2025-06-27T14:42:26</time>
      </trkpt>
      <trkpt lat="41.20601333677769" lon="43.180230567231774">
        <ele>1808.0</ele>
        <time>2025-06-27T14:42:28</time>
      </trkpt>
      <trkpt lat="41.2060144264251" lon="43.18023039959371">
        <ele>1807.8000000000002</ele>
        <time>2025-06-27T14:42:42</time>
      </trkpt>
      <trkpt lat="41.20601249858737" lon="43.18022947758436">
        <ele>1807.6</ele>
        <time>2025-06-27T14:42:55</time>
      </trkpt>
      <trkpt lat="41.20599598623812" lon="43.18028597161174">
        <ele>1807.8000000000002</ele>
        <time>2025-06-27T14:43:03</time>
      </trkpt>
      <trkpt lat="41.20590931735933" lon="43.1804365105927">
        <ele>1807.6</ele>
        <time>2025-06-27T14:43:10</time>
      </trkpt>
      <trkpt lat="41.20582549832761" lon="43.180517898872495">
        <ele>1807.1999999999998</ele>
        <time>2025-06-27T14:43:14</time>
      </trkpt>
      <trkpt lat="41.20571536011994" lon="43.18060859106481">
        <ele>1806.4</ele>
        <time>2025-06-27T14:43:19</time>
      </trkpt>
      <trkpt lat="41.20569230988622" lon="43.180628791451454">
        <ele>1806.1999999999998</ele>
        <time>2025-06-27T14:43:20</time>
      </trkpt>
      <trkpt lat="41.205530958250165" lon="43.18076726049185">
        <ele>1805.0</ele>
        <time>2025-06-27T14:43:27</time>
      </trkpt>
      <trkpt lat="41.20543557219207" lon="43.18084998987615">
        <ele>1803.8000000000002</ele>
        <time>2025-06-27T14:43:31</time>
      </trkpt>
      <trkpt lat="41.205365248024464" lon="43.1809164583683">
        <ele>1803.0</ele>
        <time>2025-06-27T14:43:34</time>
      </trkpt>
      <trkpt lat="41.20531948283315" lon="43.180958200246096">
        <ele>1802.6</ele>
        <time>2025-06-27T14:43:36</time>
      </trkpt>
      <trkpt lat="41.205162992700934" lon="43.181100357323885">
        <ele>1801.6</ele>
        <time>2025-06-27T14:43:43</time>
      </trkpt>
      <trkpt lat="41.205017901957035" lon="43.18123203702271">
        <ele>1800.6</ele>
        <time>2025-06-27T14:43:49</time>
      </trkpt>
      <trkpt lat="41.20494632050395" lon="43.18130034953356">
        <ele>1800.1999999999998</ele>
        <time>2025-06-27T14:43:52</time>
      </trkpt>
      <trkpt lat="41.204831236973405" lon="43.181410152465105">
        <ele>1799.6</ele>
        <time>2025-06-27T14:43:57</time>
      </trkpt>
      <trkpt lat="41.2047157343477" lon="43.18152481690049">
        <ele>1798.6</ele>
        <time>2025-06-27T14:44:02</time>
      </trkpt>
      <trkpt lat="41.20469218119979" lon="43.18154635839164">
        <ele>1798.4</ele>
        <time>2025-06-27T14:44:03</time>
      </trkpt>
      <trkpt lat="41.20451473630965" lon="43.181709134951234">
        <ele>1797.6</ele>
        <time>2025-06-27T14:44:11</time>
      </trkpt>
      <trkpt lat="41.20446997694671" lon="43.181740902364254">
        <ele>1797.4</ele>
        <time>2025-06-27T14:44:13</time>
      </trkpt>
      <trkpt lat="41.204405687749386" lon="43.181784404441714">
        <ele>1797.0</ele>
        <time>2025-06-27T14:44:17</time>
      </trkpt>
      <trkpt lat="41.204403759911656" lon="43.18178624846041">
        <ele>1796.4</ele>
        <time>2025-06-27T14:44:22</time>
      </trkpt>
      <trkpt lat="41.20440359227359" lon="43.181786416098475">
        <ele>1796.1999999999998</ele>
        <time>2025-06-27T14:44:24</time>
      </trkpt>
      <trkpt lat="41.20440434664488" lon="43.181794630363584">
        <ele>1795.8000000000002</ele>
        <time>2025-06-27T14:44:33</time>
      </trkpt>
      <trkpt lat="41.20440593920648" lon="43.181801503524184">
        <ele>1796.0</ele>
        <time>2025-06-27T14:44:40</time>
      </trkpt>
      <trkpt lat="41.2044065259397" lon="43.1818007491529">
        <ele>1795.8000000000002</ele>
        <time>2025-06-27T14:44:54</time>
      </trkpt>
      <trkpt lat="41.20440686121583" lon="43.18180083297193">
        <ele>1795.8000000000002</ele>
        <time>2025-06-27T14:45:11</time>
      </trkpt>
    </trkseg>
  </trk>
</gpx>